####
#
# OBJ File Generated by Meshlab
#
####
# Object border.obj
#
# Vertices: 932
# Faces: 516
#
####
mtllib ./border.obj.mtl

vn 0.665900 -0.202199 0.628181
v 26.934481 -4.566423 13.946136
vn 0.390508 -0.523821 0.162072
v 27.028725 -4.603801 13.834202
vn 0.750349 -0.554186 0.650844
v 26.845881 -4.619848 14.044350
vn 0.548050 -1.071680 -0.530370
v 26.821033 -4.736547 13.973629
vn 1.711362 -0.766819 1.571252
v 26.943523 -4.643309 13.911803
vn 0.592433 0.327441 -1.009657
v 26.784447 -4.824932 13.978312
vn -0.239495 -1.767139 -1.572585
v 26.943523 -4.643309 13.911803
vn -0.067126 -0.830536 -0.496542
v 26.890772 -4.620051 13.880032
vn 1.044370 0.742291 -0.372455
v 26.846035 -4.871454 14.270856
vn -0.167422 -0.418958 -0.963516
v 26.762764 -4.624460 13.935016
vn 0.859195 0.881181 -0.433221
v 26.915867 -4.895926 14.444280
vn 0.559014 4.085028 -0.804020
v 26.788565 -4.876945 13.963860
vn 1.150695 0.920668 -0.398462
v 26.870686 -4.915429 14.252337
vn 0.129202 0.365082 -1.017283
v 26.645863 -4.872595 13.881538
vn -0.343203 1.540792 0.241512
v 26.840839 -4.893597 14.093210
vn 1.251336 1.214209 -0.598531
v 26.946045 -4.935319 14.424005
vn -0.254405 0.282731 -0.716150
v 26.591825 -4.648605 13.945436
vn -0.307338 0.575938 -1.459432
v 26.513832 -4.775804 13.922925
vn 0.517404 2.240694 -0.689374
v 27.147720 -4.383492 16.531898
vn 0.113255 2.267985 -0.573264
v 27.191170 -4.446833 16.333853
vn 0.429372 1.134914 -0.296700
v 27.097935 -4.922513 14.764989
vn 0.272295 0.431994 -0.154932
v 27.042400 -4.946783 14.591785
vn -0.156911 2.440317 0.354278
v 26.800137 -4.875307 13.957603
vn -0.391030 3.565617 0.797752
v 26.645863 -4.872595 13.881538
vn -0.316862 1.486399 0.231193
v 26.855949 -4.889544 14.088825
vn -0.882389 1.401538 0.553789
v 26.946045 -4.935319 14.424005
vn -0.694826 1.121841 0.434996
v 26.959618 -4.925703 14.420886
vn 0.209048 0.177891 -0.017849
v 26.885471 -4.908130 14.249352
vn -0.091325 1.188718 -3.148548
v 26.528725 -4.840039 13.897227
vn -0.523637 0.162916 -0.820106
v 26.526028 -4.539678 13.969800
vn 1.012372 2.039143 -0.715482
v 27.119877 -4.213394 16.936838
vn 1.068456 1.959748 -0.801511
v 27.130112 -4.297220 16.732018
vn 0.272267 0.641779 -0.237451
v 27.175625 -4.347595 16.669519
vn -0.032376 0.767540 -0.179356
v 27.262049 -4.466635 16.269514
vn -0.399077 2.256365 -0.464291
v 27.255857 -4.495721 16.133484
vn -0.285361 2.548480 0.562304
v 26.647118 -4.870782 13.873958
vn -1.071805 1.203915 0.697465
v 27.042400 -4.946783 14.591785
vn -0.836445 0.966423 0.546399
v 27.053446 -4.935129 14.588082
vn -0.891795 0.629079 -1.945447
v 26.477247 -4.683430 13.972390
vn -0.048934 0.470137 -1.340927
v 26.528070 -4.889205 13.880013
vn -1.672124 -0.620932 0.243204
v 26.513832 -4.775804 13.922925
vn -2.673116 -0.475658 0.347271
v 26.528725 -4.840039 13.897227
vn -0.492462 -0.132949 0.046919
v 26.551662 -4.885901 14.008020
vn 1.575555 1.730246 -0.746055
v 27.136696 -4.030092 17.356403
vn 1.547706 1.671672 -0.825269
v 27.128151 -4.121722 17.145182
vn 0.118527 0.762886 -0.217228
v 27.189407 -4.413116 16.466898
vn -0.454644 2.145777 -0.720871
v 27.319271 -4.543311 15.931369
vn -0.020777 1.218977 -0.415187
v 27.190672 -4.911639 14.902793
vn -0.651454 2.255017 0.357105
v 27.135193 -4.943332 14.739272
vn 2.278806 0.792736 -1.890308
v 26.800137 -4.875307 13.957603
vn 1.887332 0.635887 -0.336486
v 26.855949 -4.889544 14.088825
vn 1.661144 0.636708 -1.557258
v 26.803341 -4.917648 13.943709
vn 0.100419 0.236924 -0.775385
v 26.647118 -4.870782 13.873958
vn -0.158793 1.339700 0.600889
v 26.518623 -4.887227 13.873277
vn 1.073696 0.383838 -0.153019
v 26.868050 -4.929208 14.074240
vn -0.746891 2.225492 0.161535
v 27.142056 -4.929273 14.735559
vn -1.997418 -1.101315 0.531804
v 26.477247 -4.683430 13.972390
vn -0.650142 -0.332177 0.139474
v 26.518312 -4.719882 14.076994
vn -0.531302 4.369994 2.028364
v 26.528070 -4.889205 13.880013
vn -1.591990 -0.078226 0.284001
v 26.528070 -4.889205 13.880013
vn -0.450047 -0.033607 0.103202
v 26.550510 -4.935430 13.993070
vn -1.933856 -0.586057 -0.603575
v 26.427483 -4.574276 14.025848
vn 0.396625 0.533945 -0.231095
v 27.159178 -4.182789 17.079672
vn 0.339025 0.659170 -0.245318
v 27.154253 -4.253692 16.870628
vn 1.849312 1.478596 -0.748637
v 27.171600 -3.839377 17.790197
vn 1.802745 1.445778 -0.814180
v 27.152739 -3.935438 17.570696
vn -1.945832 -1.302464 0.288821
v 27.157829 -4.338695 16.589760
vn -0.665168 -0.381370 -0.065418
v 27.189407 -4.413116 16.466898
vn -0.653805 -0.313390 0.052647
v 27.175625 -4.347595 16.669519
vn -2.063840 -1.080755 -0.466504
v 27.198812 -4.397124 16.388241
vn -0.729344 -0.273891 -0.169912
v 27.262049 -4.466635 16.269514
vn -0.150648 0.787659 -0.204229
v 27.320648 -4.498713 16.063253
vn -0.395251 0.378001 -0.239069
v 27.392628 -4.551459 15.860850
vn -0.252407 1.230936 -0.432614
v 27.294975 -4.872483 15.033391
vn 0.324849 -2.388108 -0.624237
v 26.645573 -4.957091 13.851993
vn -1.622868 0.078686 -0.766974
v 26.525902 -4.972156 13.849162
vn -0.047636 0.436459 -1.551515
v 26.518623 -4.887227 13.873277
vn -0.665960 -0.429444 0.256926
v 26.484911 -4.601308 14.129520
vn -0.308340 3.179092 1.370716
v 26.550510 -4.935430 13.993070
vn -2.594603 -0.573605 1.352351
v 26.646112 -4.981104 14.157118
vn -2.370465 -0.335461 -0.095276
v 27.156616 -4.248451 16.793383
vn -0.771127 -0.105525 -0.002173
v 27.154253 -4.253692 16.870628
vn 0.474481 0.427881 -0.217790
v 27.176268 -4.002971 17.502872
vn 2.037677 1.106777 -0.734920
v 27.234299 -3.638640 18.240641
vn 0.455185 0.496704 -0.226009
v 27.159986 -4.081512 17.286335
vn -2.122061 -0.655103 -0.500998
v 27.271900 -4.433922 16.185013
vn -0.822509 -0.218559 -0.223685
v 27.320648 -4.498713 16.063253
vn -0.292610 1.673718 -0.585312
v 27.334536 -4.875190 15.002607
vn -2.388480 2.183821 1.029196
v 27.230545 -4.920843 14.873775
vn 0.133294 -1.293895 -0.208589
v 26.795637 -4.961977 13.936790
vn -1.431090 -0.148287 0.138678
v 26.518623 -4.887227 13.873277
vn -1.522953 -0.149909 0.157689
v 26.540701 -5.010353 13.969454
vn 0.329024 -1.324470 -0.246166
v 26.865532 -4.973180 14.064567
vn 0.303514 1.138465 -0.411121
v 27.173000 -4.945503 14.713460
vn 0.648329 -1.454159 -0.456012
v 26.913616 -4.986894 14.220315
vn -0.249291 2.564673 1.102596
v 26.536388 -4.935899 13.990968
vn -0.080399 0.079711 0.078560
v 26.734869 -5.050131 14.298128
vn -2.316575 -0.296793 0.155243
v 27.151701 -4.166560 16.999125
vn -0.584630 -0.037412 0.020787
v 27.159178 -4.182789 17.079672
vn 0.515989 0.294965 -0.192263
v 27.213444 -3.814457 17.942780
vn 2.168956 0.981215 -0.771617
v 27.205479 -3.740943 18.013874
vn 0.507158 0.405968 -0.214397
v 27.187248 -3.895401 17.718201
vn -0.068113 0.390980 -0.124326
v 27.282364 -3.623006 18.397453
vn -2.474987 0.237401 0.088299
v 27.173344 -3.990999 17.417402
vn -2.867855 1.297866 -0.604004
v 27.159986 -4.081512 17.286335
vn -2.118785 -0.509733 -0.620661
v 27.339035 -4.471914 15.978475
vn -0.602511 0.436857 0.007085
v 27.474457 -4.746915 15.287774
vn -0.185079 0.367758 -0.094907
v 27.425022 -4.812507 15.128168
vn -2.666568 0.804391 1.733208
v 27.233013 -4.904909 14.870177
vn 0.020754 -0.175860 -0.062504
v 26.535110 -4.974394 13.856301
vn 0.181242 -1.750712 -0.286915
v 26.785288 -4.964273 13.944419
vn 0.157412 -1.639416 -0.702821
v 26.547192 -5.020801 13.967257
vn -1.859356 -0.177986 0.283618
v 26.536388 -4.935899 13.990968
vn -0.014838 1.738063 -0.565997
v 27.233013 -4.904909 14.870177
vn 1.929255 -2.143792 -1.144711
v 27.099499 -4.999313 14.553144
vn -1.732201 2.539486 1.921942
v 26.628090 -4.998935 14.157166
vn -0.673943 0.195552 -0.038244
v 27.187248 -3.895401 17.718201
vn -2.357025 0.675889 -0.217459
v 27.194416 -3.897338 17.634487
vn -0.697392 0.100296 0.002629
v 27.176268 -4.002971 17.502872
vn 0.586288 0.298916 -0.210397
v 27.242304 -3.704174 18.164143
vn -2.733710 -0.350318 1.660763
v 27.421165 -4.799568 15.124704
vn -2.464299 0.300468 1.737196
v 27.334536 -4.875190 15.002607
vn -2.509569 -0.368194 1.588245
v 27.425022 -4.812507 15.128168
vn -2.640203 0.343498 1.822768
v 27.333923 -4.858815 14.998759
vn 0.402510 -1.671359 -0.308487
v 26.851345 -4.977705 14.069951
vn 0.468019 -3.516633 -0.920037
v 26.644897 -4.959438 13.860620
vn 0.314053 -1.510396 -0.721332
v 26.644339 -5.081318 14.133272
vn -1.099412 -0.154076 0.548177
v 26.628941 -5.042322 14.146678
vn 0.570150 -1.319521 -0.402047
v 26.899202 -4.994407 14.223780
vn -0.060086 1.241983 -0.398070
v 27.265968 -4.911314 14.845219
vn 1.304208 -0.822503 -0.793794
v 27.197361 -4.975797 14.695294
vn 0.084401 -0.133385 -0.056392
v 26.985014 -5.009058 14.392502
vn -2.326564 0.689920 0.022717
v 27.215374 -3.805043 17.854536
vn -0.623707 0.246487 -0.029260
v 27.213444 -3.814457 17.942780
vn -1.838283 1.705386 -0.277661
v 27.292828 -3.626909 18.304203
vn -0.496313 0.367720 -0.089589
v 27.242304 -3.704174 18.164143
vn -2.276259 0.394076 0.768112
v 27.479839 -4.738926 15.252865
vn -0.701065 -1.394726 1.148221
v 27.471161 -4.735745 15.251387
vn -0.350124 1.767241 -0.562239
v 27.333923 -4.858815 14.998759
vn 0.123472 -1.206122 -0.520414
v 26.560850 -5.020341 13.969243
vn 1.046390 -0.686916 -0.633755
v 27.191025 -4.989873 14.699469
vn 1.860187 -2.074308 -1.124157
v 27.088911 -5.011075 14.557327
vn -2.087774 1.361486 -0.406101
v 27.252281 -3.715204 18.075872
vn 0.541637 -0.960916 0.619054
v 27.481777 -4.651814 15.372379
vn -2.387969 0.551331 -0.329694
v 27.471161 -4.735745 15.251387
vn -0.377003 0.845709 -0.277283
v 27.447910 -4.797298 15.095264
vn -0.814694 1.947003 -0.635984
v 27.421165 -4.799568 15.124704
vn -0.254491 1.155021 -0.367059
v 27.367771 -4.860051 14.971402
vn 0.530643 -1.238329 -0.818709
v 26.752209 -5.131998 14.274196
vn 0.280906 -1.277066 -0.622688
v 26.658598 -5.076823 14.130068
vn 1.315432 -0.406087 -0.970670
v 27.296715 -4.933612 14.824050
vn 1.134401 -0.372687 -0.828057
v 27.294796 -4.949442 14.828072
vn -1.380889 0.363309 -0.238240
v 27.475899 -4.728640 15.220047
vn 0.067960 -1.859047 1.072703
v 27.469116 -4.658604 15.372917
vn -0.135867 0.021190 -0.015736
v 27.469116 -4.658604 15.372917
vn 1.434285 -0.122043 -0.868135
v 27.402437 -4.877610 14.948028
vn 1.605013 0.535038 -0.510970
v 27.478605 -4.807926 15.069356
vn 0.543043 -1.215613 -0.825299
v 26.764879 -5.123384 14.269379
vn 1.231756 -0.121207 -0.755275
v 27.403629 -4.893769 14.952269
vn 1.375712 -1.677171 -1.774127
v 26.873837 -5.167061 14.396810
vn -1.619261 -1.178788 0.468203
v 27.451935 -4.647870 15.340522
vn -1.851078 1.255263 -0.721971
v 27.489338 -4.724692 15.190224
vn 1.218110 0.292331 -0.359975
v 27.483013 -4.820666 15.073146
vn 0.083324 0.022101 -0.022619
v 27.489338 -4.724692 15.190224
vn 1.617229 -1.974279 -2.093677
v 26.883585 -5.154781 14.392760
vn 1.978908 -0.510904 -2.426873
v 27.152334 -5.196582 14.616206
vn -1.088889 1.954371 -2.309552
v 27.447445 -4.630359 15.307598
vn 0.100493 -0.066756 -0.130249
v 27.018642 -5.165769 14.505789
vn -0.976781 1.754997 -2.053856
v 27.460415 -4.623915 15.306936
vn 1.848498 -0.477247 -2.267730
v 27.156296 -5.180053 14.615957
vn -1.141176 1.228486 -2.339433
v 27.269154 -4.414794 15.524721
vn -0.078031 0.101970 -0.170242
v 27.379427 -4.516892 15.417316
vn 0.093549 -0.024818 -0.108767
v 27.406326 -5.266369 14.847896
vn 0.929141 -0.250122 -1.075199
v 27.531670 -5.308729 14.966067
vn 0.899329 1.785970 0.874608
v 24.584608 -3.444292 20.066631
vn 1.130424 1.141402 1.414685
v 24.754219 -3.590815 20.077120
vn -0.369161 0.752566 -1.155103
v 27.182522 -4.291652 15.628163
vn 1.878254 -0.259179 -2.056961
v 27.664343 -5.311057 15.083212
vn -1.088414 -0.141058 1.224528
v 27.607838 -5.283584 15.134559
vn 0.350701 -0.295719 0.977661
v 24.886604 -3.806269 20.016514
vn 0.832190 0.570830 -1.343241
v 24.403122 -3.339949 20.040176
vn 0.175792 0.511070 0.147862
v 27.929638 -3.476242 18.786907
vn 0.867188 -0.093660 0.383100
v 27.948999 -3.546455 19.006573
vn 0.074083 1.658014 -2.142657
v 27.090591 -4.013313 15.839653
vn -0.471924 0.911461 -1.419904
v 27.197289 -4.283759 15.628586
vn 1.095034 -0.286516 -1.264606
v 27.535133 -5.291867 14.965137
vn -0.950508 0.137057 1.051637
v 27.606674 -5.300419 15.135701
vn 0.443467 0.768963 0.463200
v 24.596275 -3.468964 20.105015
vn 0.502465 0.343804 0.764409
v 24.763325 -3.641353 20.110619
vn 0.208287 1.063402 0.291058
v 28.036915 -3.446302 18.547205
vn 0.177974 1.661815 0.378040
v 27.985708 -3.478730 18.666229
vn -0.021581 0.105412 -0.148609
v 27.134995 -4.153792 15.733170
vn 2.213471 -0.305180 -2.420774
v 27.665234 -5.294235 15.081906
vn -0.025638 -1.338304 0.119837
v 27.700596 -5.271571 15.288561
vn 0.647557 -0.445929 1.574090
v 24.828159 -3.819371 20.033516
vn 0.634743 0.364124 -1.166352
v 24.410900 -3.318529 20.051096
vn 0.693168 2.348378 0.649514
v 28.005932 -3.529922 18.881741
vn 0.195012 0.763242 -0.994952
v 27.107483 -3.869786 15.949342
vn 0.092602 2.072549 -2.678272
v 27.107452 -4.013123 15.840383
vn 0.121542 0.018931 -0.140590
v 27.792662 -5.269869 15.197660
vn -1.147762 -0.145067 1.257059
v 27.738800 -5.275587 15.251885
vn -0.961771 -0.136811 1.052727
v 27.741920 -5.291757 15.252634
vn 0.048961 -1.791743 0.146508
v 27.738800 -5.275587 15.251885
vn 0.819674 0.735737 -1.310873
v 24.596275 -3.468964 20.105015
vn 1.178574 0.796379 -0.861051
v 24.763325 -3.641353 20.110619
vn 0.690032 0.633116 -1.093432
v 24.607412 -3.456476 20.119274
vn 1.059426 0.706036 -0.739274
v 24.774971 -3.643367 20.125385
vn 0.517087 1.319732 0.415091
v 28.162487 -3.460476 18.509129
vn 0.295660 1.917901 0.483290
v 28.114214 -3.484975 18.633183
vn 1.668888 -1.599267 0.501445
v 28.005932 -3.529922 18.881741
vn 0.586723 -0.489964 0.202699
v 27.913441 -3.653294 18.851246
vn 1.263894 1.112132 -2.321708
v 27.284760 -3.624939 16.169342
vn 0.276757 1.130278 -1.472308
v 27.123692 -3.873715 15.949505
vn 0.841176 0.408476 -1.053347
v 27.918758 -5.231018 15.313423
vn 0.329299 -1.268247 0.054414
v 27.823595 -5.246909 15.407135
vn 0.588497 -1.257757 0.663208
v 24.837948 -3.835505 20.046309
vn 1.401319 0.028681 -0.900196
v 24.714638 -3.965270 19.850220
vn 0.341513 0.422648 0.169584
v 28.135618 -3.360675 18.314508
vn 0.945938 -1.101859 0.212839
v 27.949257 -3.607800 18.730455
vn 1.474781 -2.023974 0.204182
v 28.114214 -3.484975 18.633183
vn 0.053377 0.088000 -0.141749
v 27.192745 -3.747531 16.059837
vn 1.027644 0.512288 -1.296641
v 27.910900 -5.216195 15.312896
vn 0.318684 -1.480180 0.132414
v 27.861496 -5.238714 15.368772
vn 1.216396 -0.082238 -1.088165
v 24.511292 -4.062438 19.630342
vn -0.151326 -0.155377 1.473693
v 22.355442 -3.242762 19.811960
vn -0.196751 -0.136715 1.354230
v 23.174305 -3.244458 19.904110
vn -0.285723 -0.315541 2.828908
v 21.753723 -3.241964 19.734869
vn 1.690058 1.858047 0.774371
v 28.204775 -3.445344 18.386255
vn 0.350825 -0.513987 0.035010
v 27.992336 -3.569870 18.608130
vn 0.854086 -1.443783 0.090692
v 28.162487 -3.460476 18.509129
vn 0.682440 0.608057 -1.213321
v 27.526783 -3.442367 16.387203
vn 0.743804 0.559555 -1.077882
v 28.024567 -5.143444 15.429100
vn 0.457057 -1.135326 0.645042
v 24.786171 -3.838391 20.077917
vn 1.224478 0.019383 -0.802853
v 24.720694 -3.989195 19.858885
vn -1.019554 -0.270393 2.447024
v 23.528439 -3.248201 20.013386
vn -0.587497 -0.141610 1.104459
v 23.686256 -3.251133 20.087915
vn 0.098464 -0.394368 2.804663
v 20.725191 -3.250657 19.718260
vn -0.338916 -0.132046 1.317410
v 23.358219 -3.245965 19.951109
vn -0.074407 -0.143128 1.357619
v 21.550177 -3.242707 19.717319
vn -0.020679 -0.141891 1.358536
v 21.346897 -3.244084 19.706015
vn 0.744903 0.416344 0.252226
v 28.241226 -3.317648 18.080133
vn 1.145178 0.869327 0.416491
v 28.187000 -3.332047 18.198648
vn 0.374623 -0.706941 0.041869
v 28.073345 -3.516244 18.365107
vn 1.020791 -2.086774 0.162773
v 28.204775 -3.445344 18.386255
vn 0.432113 0.788426 -1.107275
v 27.805302 -3.112423 16.721127
vn 1.445337 1.271739 -2.655953
v 27.296591 -3.637063 16.169975
vn 0.706355 0.629135 -1.257230
v 27.538181 -3.455289 16.387138
vn 0.886352 0.683979 -1.297716
v 28.013500 -5.130638 15.428111
vn -0.680277 -0.634548 0.781946
v 24.336630 -3.640633 20.327599
vn 0.382810 -1.485423 0.403257
v 24.720694 -3.989195 19.858885
vn 1.100488 -0.252260 -0.904584
v 24.513386 -4.089871 19.634756
vn 0.595847 -0.123857 1.222436
v 20.011215 -3.246676 19.819790
vn -0.882825 0.189277 -1.316944
v 19.255266 -3.219539 19.839663
vn 0.427622 -0.113712 1.235315
v 20.159420 -3.253523 19.768003
vn 0.091380 -0.133196 1.337059
v 20.516943 -3.252722 19.723507
vn -0.037443 -0.028352 0.277805
v 22.976345 -3.286746 19.871080
vn -0.278014 -0.176171 1.746618
v 23.175488 -3.287516 19.899935
vn -0.102941 -0.185770 1.761052
v 21.550968 -3.285717 19.712828
vn -0.308990 -0.330270 3.108676
v 21.754625 -3.284976 19.730389
vn -0.170218 -0.180176 1.634982
v 22.356352 -3.285779 19.807518
vn 0.563405 -1.299533 0.134676
v 28.109724 -3.501214 18.244785
vn 1.832064 1.178176 0.639665
v 28.286655 -3.435341 18.140240
vn 0.502155 0.628423 -0.968830
v 27.905651 -3.009837 16.831112
vn 0.501723 0.909710 -1.281087
v 27.819166 -3.122489 16.719370
vn 0.053302 0.052075 -0.098870
v 27.642971 -3.353070 16.497305
vn 1.161724 1.396431 -1.995646
v 28.100422 -5.029600 15.544057
vn -0.937663 -0.548254 0.453251
v 24.393282 -3.814429 20.259449
vn 0.356036 -1.500317 0.344609
v 24.669373 -3.993953 19.891193
vn -0.464722 -0.173668 1.713634
v 23.359785 -3.289054 19.947193
vn -0.873359 -0.210270 1.667636
v 23.685978 -3.293757 20.082302
vn -0.206379 -0.064743 0.373095
v 23.841801 -3.319208 20.161926
vn -1.191712 -0.514538 2.178800
v 24.019215 -3.353109 20.256895
vn -0.840349 0.404602 -1.108186
v 19.253214 -3.192046 19.844990
vn 0.252208 -0.121868 1.285243
v 20.323645 -3.253879 19.736259
vn 0.114048 -0.184320 1.767059
v 20.516680 -3.295776 19.719236
vn 0.000440 -0.035996 0.309231
v 21.142605 -3.289002 19.698214
vn -0.410684 -0.641855 3.046029
v 21.956871 -3.284825 19.753227
vn -0.035122 -0.184721 1.766662
v 21.347517 -3.287097 19.701532
vn 1.110064 -0.223439 0.380341
v 28.328821 -3.435995 18.016790
vn 0.972919 -2.294806 0.310266
v 28.286655 -3.435341 18.140240
vn 0.354145 1.008174 0.104298
v 28.343473 -3.008545 17.196806
vn 0.745048 0.948994 -1.455793
v 27.917143 -3.021667 16.829395
vn 1.138642 1.486982 -2.447449
v 27.735376 -3.241138 16.608301
vn 1.467587 1.765918 -2.508149
v 28.087013 -5.020324 15.542742
vn -1.131782 -1.010254 1.213961
v 24.318836 -3.649537 20.304893
vn -1.199938 -0.317872 2.876268
v 23.529774 -3.291190 20.009192
vn 1.326728 -0.261974 2.057773
v 19.723560 -3.220050 19.979666
vn 0.242837 -0.050648 0.448700
v 19.862370 -3.271458 19.889830
vn 0.747219 -0.160378 1.605900
v 20.007349 -3.289781 19.817307
vn -0.803327 0.242573 -1.293292
v 19.085945 -3.258501 19.947569
vn -0.838463 0.260759 -1.360083
v 19.091658 -3.283527 19.939249
vn 0.557104 -0.158574 1.715317
v 20.156773 -3.296622 19.764952
vn 0.316965 -0.167608 1.756655
v 20.322575 -3.296960 19.732384
vn 0.243131 -0.579066 0.086112
v 28.150240 -3.495083 18.123659
vn 0.082239 0.049971 -0.138198
v 28.052128 -2.963219 16.937271
vn 0.654110 0.820867 0.175297
v 28.480087 -3.133555 17.282909
vn 0.028497 0.106759 -0.135618
v 28.118040 -4.892379 15.656250
vn -0.156367 -0.110002 0.244164
v 24.175356 -3.501616 20.300106
vn -1.561747 -0.846154 0.774400
v 24.375393 -3.802660 20.236677
vn -1.569486 -0.688450 2.899217
v 24.010639 -3.390001 20.243492
vn 0.653852 -0.132801 0.950372
v 19.583851 -3.243215 20.073763
vn -0.419847 1.625963 0.368750
v 19.128069 -3.254507 19.977919
vn -0.363326 1.301674 0.337540
v 19.085945 -3.258501 19.947569
vn 0.024489 -0.127861 -1.572667
v 26.812178 -3.511709 1.259262
vn 0.034775 -0.031988 -1.461607
v 25.317238 -3.063769 1.279279
vn 1.572882 0.475029 -2.215432
v 28.205189 -2.943864 17.041126
vn 0.757230 1.880743 0.218431
v 28.363728 -3.009283 17.135164
vn 1.305679 0.166921 0.160131
v 28.120333 -4.836134 15.872711
vn -0.001849 0.179641 -1.401558
v 27.745405 -3.455487 0.974000
vn 0.011230 0.152871 -1.352481
v 27.850224 -3.333131 0.988946
vn -2.090611 -0.010352 1.526349
v 24.291115 -3.958159 20.090208
vn 1.128170 -0.226828 1.638671
v 19.586235 -3.284778 20.066315
vn 1.791302 -0.353262 2.774012
v 19.721958 -3.262756 19.975262
vn -0.621727 1.560691 0.694205
v 18.948616 -3.366851 20.068167
vn 0.599871 -0.172889 0.976992
v 19.439720 -3.301984 20.165623
vn -0.744215 0.411950 -1.312301
v 18.904758 -3.370788 20.037739
vn -0.751961 0.432362 -1.335348
v 18.914427 -3.390836 20.025803
vn -0.003431 -0.119463 -1.601769
v 26.748537 -3.653358 1.270233
vn 0.062812 -0.149292 -1.615885
v 26.853573 -3.359736 1.247189
vn 0.041586 -0.025996 -1.380451
v 25.271984 -2.909608 1.275113
vn 0.022635 -0.035349 -1.374169
v 25.111166 -2.628101 1.265232
vn 1.925575 0.274565 -2.918069
v 28.205315 -2.959850 17.039705
vn 2.196638 0.823414 -2.150342
v 28.497467 -3.134222 17.221180
vn -0.168056 0.899605 -1.082583
v 28.127529 -4.755165 15.768799
vn 0.167535 -0.891726 1.069596
v 28.137619 -4.800431 15.829406
vn 1.684274 -0.856425 1.437820
v 28.121349 -4.802960 15.829846
vn 0.026203 0.138937 -1.343863
v 27.932564 -3.197417 1.004791
vn -2.722338 0.019504 2.046125
v 24.279346 -3.929884 20.074280
vn 1.050102 -0.291872 1.688085
v 19.447052 -3.341022 20.154213
vn 0.514568 -0.277152 1.005739
v 19.284025 -3.400486 20.245937
vn -0.466215 1.088089 0.540391
v 18.904758 -3.370788 20.037739
vn 0.014801 -0.134344 -1.644645
v 26.658016 -3.779000 1.279495
vn 0.058928 -0.144009 -1.569402
v 26.867533 -3.363041 1.248037
vn 0.022685 -0.126078 -1.558099
v 26.825523 -3.516742 1.259879
vn -0.033763 -0.053169 -1.490411
v 25.391209 -3.376134 1.287182
vn 0.041538 -0.037423 -1.722283
v 25.303425 -3.068002 1.279043
vn 0.025319 -0.032457 -1.390508
v 25.204132 -2.763235 1.270278
vn 1.358428 -0.259108 -2.452034
v 28.363728 -3.009283 17.135164
vn 1.686970 -0.296686 -3.007757
v 28.357929 -3.024261 17.133465
vn 1.396779 -0.709093 -3.098569
v 28.486839 -3.145184 17.218954
vn -0.216529 1.092014 -1.319546
v 28.111237 -4.757667 15.769249
vn 1.197984 0.427257 0.189938
v 28.096615 -4.708144 15.986094
vn 1.747706 0.554648 0.266320
v 28.090809 -4.672779 15.943162
vn -0.013734 0.159393 -1.383265
v 28.000809 -2.887505 1.039344
vn -0.001045 0.154741 -1.381178
v 27.981852 -3.046423 1.021357
vn 0.027498 0.146118 -1.386530
v 27.499596 -3.661422 0.947660
vn 0.014746 0.169146 -1.412861
v 27.628691 -3.566402 0.960138
vn -0.001425 0.218343 -1.713780
v 27.734848 -3.445968 0.975234
vn 0.015685 0.199247 -1.770286
v 27.838329 -3.325321 0.989730
vn -0.207647 0.016217 0.199763
v 24.106115 -4.015381 19.879179
vn 0.469001 -0.489561 0.999509
v 19.123941 -3.540464 20.293886
vn -0.830692 1.332789 1.108963
v 18.765785 -3.526845 20.121193
vn 0.898942 -0.458616 1.723741
v 19.296274 -3.434989 20.230162
vn -0.483802 0.726965 0.497007
v 18.719776 -3.529892 20.090391
vn -0.002303 -0.114684 -1.529382
v 26.760597 -3.660690 1.270754
vn -0.004585 -0.163251 -1.618323
v 26.940744 -2.891230 1.207292
vn -0.013200 0.004964 -1.560235
v 26.084068 -3.923479 1.296382
vn -0.009892 -0.022307 -1.570813
v 25.929649 -3.892001 1.296665
vn -0.054468 -0.070718 -1.576310
v 25.447186 -3.521654 1.290894
vn -0.034229 -0.056550 -1.602430
v 25.377768 -3.381138 1.287665
vn 0.051934 -0.033520 -1.758843
v 25.258678 -2.915016 1.274814
vn 0.031668 -0.040991 -1.747380
v 25.191772 -2.770392 1.270220
vn 0.059521 0.000932 -1.321106
v 24.990562 -2.507654 1.260433
vn 0.077886 -0.000655 -1.422147
v 24.504128 -2.398524 1.235890
vn 0.082958 0.040926 -1.304777
v 24.846004 -2.421217 1.254451
vn 0.038518 -0.041927 -0.142802
v 28.568918 -3.311348 17.296612
vn -0.345618 0.848328 -1.101810
v 28.087273 -4.620915 15.882057
vn 0.411763 -1.033739 1.344358
v 28.090809 -4.672779 15.943162
vn 0.032933 0.184882 -1.780858
v 27.919527 -3.191718 1.005126
vn 0.016769 0.204915 -1.705442
v 27.619503 -3.555494 0.961348
vn 0.771691 -0.765960 1.630755
v 19.140369 -3.565275 20.274025
vn -0.988368 0.701936 -0.604819
v 18.552607 -3.732714 20.066429
vn 0.012036 -0.143199 -1.639534
v 26.541042 -3.873014 1.286808
vn 0.013253 -0.122152 -1.489163
v 26.667786 -3.788868 1.280389
vn -0.005231 -0.146172 -1.446728
v 26.927088 -2.887010 1.206915
vn -0.024637 0.008057 -1.527641
v 26.241589 -3.932260 1.295055
vn -0.006801 -0.019155 -1.586068
v 25.782457 -3.836406 1.296662
vn -0.003643 -0.021232 -1.596115
v 25.648819 -3.755876 1.295893
vn -0.027409 -0.054119 -1.597791
v 25.535061 -3.649597 1.293885
vn -0.052853 -0.069188 -1.560752
v 25.434731 -3.528511 1.291632
vn 0.031315 -0.043161 -1.760902
v 25.100464 -2.637325 1.265293
vn 0.076367 0.026919 -1.393440
v 24.681141 -2.388111 1.245855
vn 0.217440 -0.557216 -1.776522
v 28.573750 -3.463075 17.348305
vn -0.418591 1.007492 -1.313064
v 28.071262 -4.627051 15.882355
vn 0.338118 -0.822553 1.074743
v 28.106768 -4.666556 15.942904
vn 0.303660 0.045084 0.116588
v 28.028183 -4.548295 16.058138
vn -0.002121 0.195233 -1.740108
v 27.968018 -3.043321 1.021715
vn 0.059335 0.169201 -1.367295
v 27.992180 -2.728019 1.059458
vn 0.005139 0.025118 -0.238976
v 27.351212 -3.723341 0.938192
vn 0.033623 0.184357 -1.737346
v 27.491795 -3.649440 0.948768
vn 0.144028 0.198192 -1.341118
v 27.950855 -2.574958 1.078581
vn 0.161552 0.223399 -1.259552
v 27.871712 -2.435321 1.093605
vn -0.921531 0.079225 0.956322
v 23.930820 -4.086331 19.716139
vn -1.918433 -0.138749 2.112946
v 23.596106 -4.074134 19.409708
vn 0.177766 -0.143262 0.171638
v 18.985804 -3.730476 20.265636
vn -0.058205 -0.155605 -1.746531
v 26.990955 -2.743783 1.192213
vn -0.025376 -0.068268 -1.536807
v 26.398071 -3.919769 1.291928
vn -0.025352 0.008327 -1.614481
v 26.242107 -3.946414 1.294972
vn -0.013184 0.003476 -1.581200
v 26.082161 -3.937664 1.296353
vn -0.009709 -0.022108 -1.570137
v 25.925552 -3.905676 1.296885
vn -0.028030 -0.053241 -1.542649
v 25.524284 -3.658694 1.294378
vn 0.083429 0.003788 -1.818175
v 24.982483 -2.519009 1.260061
vn 0.095325 0.032017 -1.739424
v 24.679680 -2.402032 1.245506
vn 0.115671 0.056419 -1.830834
v 24.841131 -2.434294 1.253731
vn 0.074438 0.024961 -1.409742
v 24.323076 -2.442644 1.225807
vn -0.603747 0.135904 1.550542
v 28.194344 -3.514569 17.367659
vn -0.892726 1.588238 -2.152483
v 28.019257 -4.496706 15.997571
vn -0.012615 0.200854 -1.736663
v 27.986641 -2.887129 1.039528
vn 0.065156 0.304099 -2.897741
v 27.207731 -3.796007 0.927340
vn 0.089712 0.280047 -1.218894
v 27.757339 -2.337218 1.107619
vn -1.190159 0.088629 1.239743
v 23.931101 -4.043325 19.712847
vn 1.541841 -0.756428 0.810513
v 18.891171 -3.896717 20.215549
vn -1.383840 0.849467 -0.544148
v 18.541128 -3.736796 20.080450
vn -1.358281 0.117000 -0.845532
v 18.465204 -3.910680 19.984222
vn -0.048305 -0.122244 -1.382192
v 26.978222 -2.737406 1.192094
vn 0.008779 -0.126307 -1.490712
v 26.547876 -3.885114 1.287915
vn -0.026369 -0.066634 -1.599008
v 26.401670 -3.933263 1.292468
vn -0.006491 -0.018896 -1.555493
v 25.776058 -3.849121 1.296843
vn -0.004848 -0.022379 -1.544752
v 25.640150 -3.767093 1.296062
vn 0.093557 0.000600 -1.711029
v 24.505909 -2.412544 1.235994
vn 0.064489 0.057491 -1.418197
v 24.147949 -2.517783 1.215139
vn -0.849132 -1.455183 1.524787
v 28.194395 -3.531091 17.369127
vn 0.509750 -1.231001 -4.048875
v 28.560808 -3.458363 17.345243
vn 0.203011 -0.091817 -0.954934
v 28.425709 -3.533138 17.346136
vn -1.038070 1.846768 -2.499262
v 28.004364 -4.505233 15.997456
vn 0.081151 0.218017 -1.745363
v 27.978264 -2.730137 1.058592
vn 0.041528 0.154162 -1.684159
v 26.895603 -3.873094 0.912232
vn 0.189000 0.260147 -1.744412
v 27.938183 -2.579824 1.076501
vn 0.228036 0.326068 -1.813638
v 27.861746 -2.443664 1.090847
vn -0.085435 0.341592 -1.338425
v 27.610304 -2.308759 1.123714
vn -0.766767 0.056494 1.122108
v 23.264835 -4.082990 19.153177
vn -0.240923 -0.000307 0.306888
v 23.436443 -4.027209 19.267633
vn 3.242133 -1.428358 1.799860
v 18.909470 -3.883488 20.193085
vn -0.966902 -0.242318 1.517247
v 18.507267 -3.931239 20.027817
vn -1.273311 0.146193 -0.792020
v 18.456432 -3.929011 19.995777
vn -1.185268 -0.085858 -1.077551
v 18.558556 -4.018767 19.816452
vn -0.056944 -0.113959 -1.369758
v 27.062313 -2.602924 1.177381
vn -0.072561 -0.146863 -1.759645
v 27.073532 -2.611571 1.177634
vn 0.090566 0.032267 -1.725598
v 24.327587 -2.456153 1.225806
vn 0.070435 0.057571 -1.470329
v 23.988655 -2.621254 1.203423
vn -0.803083 0.071783 1.360372
v 28.015615 -3.502351 17.296995
vn -0.258752 -1.167896 0.175988
v 28.218723 -3.545047 17.312281
vn 0.443899 -0.213304 -2.109054
v 28.419132 -3.521835 17.343651
vn -0.051629 0.073127 -0.104877
v 27.916790 -4.396914 16.116432
vn 0.123378 0.424396 -1.837599
v 27.751202 -2.348588 1.104555
vn -2.089243 -0.323477 2.340281
v 23.759993 -4.039777 19.560764
vn 1.553475 0.070600 1.340791
v 18.988256 -3.977210 20.044426
vn -0.652257 -0.365741 0.992696
v 18.456432 -3.929011 19.995777
vn -1.155061 -0.069895 -1.025191
v 18.553303 -4.044042 19.824244
vn -0.107336 -0.101297 -1.747874
v 27.182386 -2.498312 1.163686
vn 0.078328 0.069559 -1.718475
v 24.154585 -2.530481 1.214926
vn -0.798135 0.067040 1.324292
v 28.016094 -3.485132 17.296412
vn -0.294693 -1.750057 0.199177
v 28.015615 -3.502351 17.296995
vn 0.456471 -0.106825 -1.167344
v 28.222092 -3.540285 17.303511
vn 0.666612 -0.158481 -1.729124
v 28.221825 -3.524641 17.301975
vn 0.035407 0.130001 -1.430000
v 26.898838 -3.887087 0.911040
vn 0.053807 0.148542 -1.732556
v 26.737991 -3.901513 0.905746
vn -0.181629 0.240796 -1.361052
v 27.452276 -2.333640 1.139299
vn -0.114111 0.426520 -1.696764
v 27.608841 -2.321526 1.120549
vn -0.942528 0.058316 1.396928
v 23.263927 -4.039818 19.150383
vn -1.359544 -0.183547 2.438482
v 22.932701 -4.143446 18.957912
vn 0.814553 0.052598 0.713423
v 18.976549 -4.006270 20.059935
vn -0.431020 -1.137649 0.519501
v 18.604071 -4.048409 19.856802
vn -0.545336 -1.526356 0.635880
v 18.553303 -4.044042 19.824244
vn -0.408425 -1.696101 0.154080
v 18.748793 -4.110172 19.614481
vn -0.086396 -0.078317 -1.383242
v 27.173241 -2.487623 1.163652
vn 0.083954 0.062152 -1.693555
v 23.996775 -2.633155 1.203346
vn 0.224658 -0.002227 -2.994970
v 23.837898 -2.742963 1.191510
vn -0.202721 -1.287477 0.136765
v 28.042545 -3.512700 17.239489
vn -1.114399 -0.197300 1.440554
v 27.862658 -3.488136 17.204090
vn 0.668608 -0.055109 -1.150978
v 28.046528 -3.506818 17.230997
vn -0.484906 2.552404 -2.617512
v 27.728210 -4.186994 16.356853
vn 0.045691 0.124362 -1.455276
v 26.740417 -3.915686 0.904611
vn 1.241936 0.101183 1.230039
v 19.152481 -4.033124 19.861044
vn 0.958768 0.079412 0.958393
v 19.148062 -4.072519 19.868729
vn -0.237494 -1.179033 0.150368
v 18.797821 -4.115777 19.647968
vn -0.196293 0.067977 -1.743254
v 27.311430 -2.407723 1.150497
vn 0.003278 0.001134 -0.069443
v 23.397099 -3.147923 1.158746
vn 0.702297 -0.803414 0.065656
v 27.710926 -3.532558 17.147015
vn -0.803273 -0.151979 1.024662
v 27.860168 -3.472002 17.204531
vn 0.290813 -1.637688 0.177234
v 27.862658 -3.488136 17.204090
vn 0.890545 -0.077684 -1.556648
v 28.046799 -3.489662 17.230333
vn -1.464330 1.382086 -2.314129
v 27.715755 -4.199026 16.357601
vn 0.061400 0.070469 -1.668850
v 26.258461 -3.943060 0.887140
vn -0.158540 0.060573 -1.375704
v 27.304909 -2.395561 1.151784
vn -0.226493 0.290897 -1.709007
v 27.455357 -2.346549 1.136604
vn -0.207765 -0.000499 0.409512
v 22.768995 -4.128697 18.867750
vn 0.538975 -1.906742 1.166484
v 27.729061 -3.520504 17.100533
vn 0.363857 -1.358767 0.147779
v 27.890949 -3.486850 17.146257
vn -0.779042 -1.062247 1.438838
v 27.737171 -3.533165 17.099037
vn 0.085548 0.031092 -0.143659
v 27.890533 -3.463837 17.138321
vn 0.815099 0.892942 -0.181765
v 27.766798 -4.211631 16.408863
vn -1.440192 1.695442 -2.487448
v 27.641529 -4.083707 16.475554
vn 0.053598 0.060216 -1.452941
v 26.258461 -3.957489 0.886542
vn -1.003268 0.175911 2.444529
v 22.598080 -4.177071 18.793037
vn 0.231847 0.031956 0.231090
v 19.332455 -4.072715 19.684280
vn 0.033702 0.051524 -1.594046
v 23.073320 -3.385698 1.144215
vn 0.449741 -0.306807 -0.004483
v 27.630007 -3.616124 16.990000
vn 1.428618 1.138028 -0.380177
v 27.641529 -4.083707 16.475554
vn -1.248760 1.506659 -2.199086
v 27.628048 -4.093849 16.476397
vn 0.057834 0.051562 -1.663182
v 25.938412 -3.919837 0.876296
vn 1.943668 0.363707 1.932318
v 19.506136 -4.145879 19.523350
vn 0.033332 0.049480 -1.580878
v 23.081589 -3.397542 1.144007
vn -0.049418 -0.092507 0.137943
v 27.630007 -3.616124 16.990000
vn 1.891657 1.209629 -2.779034
v 27.758274 -3.506335 17.034370
vn 0.992158 0.728248 -0.272986
v 27.676113 -4.111393 16.527390
vn -0.553985 2.169414 -2.560692
v 27.586391 -3.965007 16.591814
vn -1.204983 0.211859 2.944330
v 22.598316 -4.133883 18.790026
vn 1.180144 0.120857 1.261617
v 19.654310 -4.130192 19.371353
vn 0.030625 0.014968 -1.542633
v 22.906216 -3.497453 1.139556
vn 1.193143 -0.481281 -0.086419
v 27.560364 -3.776758 16.923069
vn 1.056727 -0.750037 -0.507973
v 27.649876 -3.621871 16.979464
vn 1.326060 1.164820 -2.186458
v 27.749481 -3.494108 17.035551
vn -0.748008 1.751319 -2.219625
v 27.571148 -3.970956 16.592257
vn 0.051719 0.045758 -1.489826
v 25.936733 -3.934186 0.875797
vn 0.002454 -0.002945 -0.086019
v 25.462854 -3.839653 0.862250
vn -0.127544 0.027483 0.400025
v 22.414461 -4.128607 18.722778
vn -0.673587 0.178600 2.744911
v 22.213036 -4.168768 18.670395
vn 0.946950 0.085948 1.022072
v 19.654343 -4.173354 19.374952
vn 0.032011 0.015038 -1.598173
v 22.913712 -3.509801 1.139585
vn 0.036385 0.004804 -1.528069
v 22.730618 -3.595145 1.134957
vn -0.144403 -0.997966 1.225460
v 27.586422 -3.748245 16.877270
vn 1.300375 -1.497330 1.024856
v 27.570213 -3.744345 16.878536
vn 0.691237 1.708640 -2.098566
v 27.638594 -3.573694 16.926851
vn -0.016666 0.112404 -0.143309
v 27.550823 -3.836296 16.705648
vn 0.076284 -0.207668 -3.021118
v 25.302574 -3.832657 0.857722
vn 1.064040 0.124416 1.431240
v 19.800312 -4.149468 19.237703
vn 0.795785 0.096378 1.104211
v 19.801056 -4.192675 19.240938
vn 0.670586 0.100217 1.170444
v 19.971737 -4.198433 19.118574
vn 0.037645 0.003903 -1.576836
v 22.737267 -3.607970 1.135075
vn 1.159137 -0.310310 -0.337832
v 27.592882 -3.743520 16.869160
vn 1.383429 -0.821497 -0.596341
v 27.652676 -3.581175 16.925200
vn 0.836373 2.174258 -2.580149
v 27.652676 -3.581175 16.925200
vn 0.056528 -0.012794 -1.595561
v 25.143345 -3.807643 0.851982
vn -0.748724 0.198079 3.043703
v 22.213940 -4.125522 18.667803
vn 1.115573 0.006082 2.520739
v 20.360750 -4.185105 18.918100
vn 0.042745 -0.042392 -1.608053
v 22.362566 -3.754974 1.128990
vn 0.241724 1.811893 -2.223012
v 27.572838 -3.695816 16.817028
vn 1.664503 1.720097 -2.951804
v 27.589285 -3.699113 16.816029
vn 0.054043 -0.008777 -1.509672
v 25.143810 -3.821980 0.852082
vn 0.051790 0.013745 -1.573178
v 24.984901 -3.817609 0.846368
vn -0.049557 0.021456 0.321417
v 21.804028 -4.117916 18.577326
vn -0.172078 0.093573 1.380909
v 21.613926 -4.157378 18.556311
vn 0.908667 0.132426 1.543410
v 19.970303 -4.155202 19.115694
vn 0.565179 0.100234 1.215324
v 20.566204 -4.175030 18.830585
vn 0.176239 0.014959 0.348243
v 20.158615 -4.151361 19.007475
vn 0.041253 -0.042545 -1.567357
v 22.367306 -3.768592 1.129475
vn 0.051299 0.015074 -1.566589
v 24.987337 -3.831719 0.846312
vn -0.171705 0.119608 1.757548
v 21.613087 -4.114161 18.553278
vn 0.304590 0.198260 2.753870
v 21.444448 -4.157309 18.567280
vn 0.517718 0.114839 1.252593
v 20.769869 -4.169413 18.735905
vn 0.752937 0.120333 1.627455
v 20.565319 -4.131883 18.827438
vn 0.032125 -0.066932 -1.540245
v 22.171982 -3.815442 1.127437
vn 0.057623 -0.002689 -1.565818
v 24.831371 -3.858095 0.840951
vn 0.294706 0.106705 1.240870
v 21.129089 -4.162560 18.616688
vn 0.678844 0.147034 1.620975
v 20.767944 -4.126300 18.732748
vn 0.033143 -0.069020 -1.597708
v 22.175739 -3.829356 1.128120
vn 0.058358 -0.003797 -1.575164
v 24.835915 -3.871642 0.841152
vn 0.341798 0.222373 3.088680
v 21.442387 -4.114139 18.564400
vn 0.393071 0.144702 1.700967
v 21.125404 -4.119461 18.613857
vn 0.134931 0.037790 0.426831
v 20.957840 -4.122910 18.653950
vn 0.027817 -0.057270 -1.516877
v 21.976669 -3.858507 1.125570
vn 0.069464 -0.015961 -1.593782
v 24.684055 -3.923585 0.835651
vn 0.067975 -0.016174 -1.545972
v 24.690662 -3.936249 0.836074
vn 0.028590 -0.059434 -1.586083
v 21.979500 -3.872653 1.126156
vn 0.050680 0.017403 -1.540889
v 24.552710 -4.020041 0.830541
vn 0.007146 -0.039985 -1.584294
v 21.578949 -3.912183 1.125347
vn 0.053556 0.016159 -1.598928
v 24.544207 -4.008560 0.830391
vn 0.023756 0.047905 -1.562554
v 24.418449 -4.113644 0.825068
vn 0.006509 -0.040626 -1.587912
v 21.580166 -3.926586 1.125716
vn 0.022324 0.050143 -1.576728
v 24.428551 -4.123833 0.824887
vn -0.005989 -0.021668 -1.583591
v 21.178020 -3.925428 1.127756
vn 0.001584 0.003633 -0.115610
v 24.313433 -4.239457 0.819580
vn -0.015799 -0.101198 -3.076597
v 21.379189 -3.939596 1.127189
vn -0.006161 -0.020293 -1.589351
v 21.177792 -3.939885 1.127942
vn 0.033573 0.085495 -2.938318
v 24.047888 -4.678499 0.803043
vn 0.036955 0.094056 -3.230624
v 24.036335 -4.669838 0.803163
vn -0.016935 -0.017664 -1.593999
v 20.778467 -3.899228 1.131734
vn -0.007428 0.065611 -1.698558
v 23.929993 -4.806106 0.798230
vn -0.017485 -0.017766 -1.583472
v 20.776669 -3.913567 1.131912
vn -0.007420 0.056530 -1.442946
v 23.940651 -4.815734 0.797798
vn -0.030585 -0.021794 -1.544942
v 20.581440 -3.870755 1.135173
vn -0.013694 0.068837 -1.697348
v 23.805702 -4.931413 0.793960
vn -0.031424 -0.021519 -1.595636
v 20.578711 -3.884931 1.135427
vn -0.011880 0.058755 -1.446298
v 23.814812 -4.942322 0.793442
vn -0.026922 -0.000579 -1.536873
v 20.387684 -3.825602 1.138751
vn 0.028340 0.016646 -1.705904
v 23.657663 -5.043464 0.790624
vn -0.028025 0.000637 -1.604066
v 20.383873 -3.839515 1.138823
vn 0.025514 0.011943 -1.435720
v 23.664303 -5.055846 0.790639
vn -0.025391 0.026004 -1.540720
v 20.198059 -3.764638 1.143149
vn 0.003701 -0.001569 -0.150352
v 23.489904 -5.120979 0.786998
vn -0.026757 0.027472 -1.599756
v 20.193066 -3.778164 1.143003
vn 0.076051 -0.080672 -2.746053
v 23.306778 -5.156723 0.782277
vn 0.093312 -0.099491 -3.386296
v 23.306477 -5.142676 0.781856
vn 0.000781 0.106648 -1.601788
v 19.383747 -3.221942 1.181045
vn -0.034145 0.036487 -1.555051
v 20.013418 -3.688734 1.149046
vn 0.025737 -0.037567 -1.748783
v 23.114300 -5.117561 0.776553
vn -0.014226 0.077411 -1.529559
v 19.673649 -3.481703 1.163623
vn -0.013199 0.095135 -1.519772
v 19.256634 -3.081394 1.190812
vn -0.034839 0.037745 -1.584982
v 20.007185 -3.701727 1.148878
vn 0.019990 -0.029482 -1.394264
v 23.111408 -5.131392 0.776804
vn -0.034902 0.048472 -1.553384
v 19.837402 -3.595289 1.156014
vn -0.014270 0.080196 -1.573000
v 19.665054 -3.493241 1.163119
vn 0.000073 0.104349 -1.571788
v 19.373365 -3.231944 1.180374
vn -0.415373 0.027057 1.119227
v 15.444879 -3.886665 17.224087
vn 0.003234 -0.080373 -1.722775
v 22.920292 -5.054639 0.772441
vn -0.034686 0.050871 -1.585740
v 19.829943 -3.607614 1.155797
vn -0.013762 0.097528 -1.559804
v 19.245640 -3.090763 1.190321
vn -0.028666 0.083681 -1.470104
v 18.825665 -2.505034 1.231851
vn 0.001931 -0.067563 -1.416260
v 22.914650 -5.067629 0.773053
vn -1.430952 2.182738 0.148720
v 15.256122 -3.983782 17.207659
vn -0.022350 -0.129461 -1.743999
v 22.736961 -4.955803 0.767476
vn -0.018582 -0.104540 -1.388390
v 22.729115 -4.967676 0.768475
vn -0.035354 0.097291 -1.729961
v 18.814814 -2.514531 1.231522
vn -0.055241 0.061028 -1.423961
v 18.709002 -2.380829 1.241357
vn -0.507352 -0.299780 1.820747
v 15.432846 -3.876267 17.222446
vn -1.777850 2.621529 0.168466
v 15.264418 -3.975045 17.159250
vn -1.026828 0.533782 0.226756
v 15.115193 -4.115843 17.130358
vn -0.037532 -0.088151 -1.447352
v 22.567413 -4.833773 0.760519
vn -0.067036 0.072426 -1.712466
v 18.699125 -2.391286 1.241292
vn 0.032702 -0.882330 0.270920
v 16.186131 -5.570908 14.134356
vn 0.128000 -1.114105 -0.187140
v 16.232048 -5.569665 13.841928
vn -0.544912 -0.268823 1.519836
v 15.264418 -3.975045 17.159250
vn -1.642509 0.952116 0.337201
v 15.114269 -4.097552 17.083117
vn -0.044096 -0.106517 -1.733013
v 22.576811 -4.822948 0.759616
vn -0.064040 0.043697 -1.393196
v 18.581108 -2.271049 1.250488
vn 0.278628 -2.046393 0.050748
v 16.213909 -5.578704 13.986304
vn -0.503463 -0.246608 1.389747
v 15.254577 -3.962314 17.157944
vn -0.027166 -0.051097 0.138514
v 15.114269 -4.097552 17.083117
vn -0.238123 -0.786868 1.606201
v 15.018924 -4.244400 16.997042
vn 0.031583 -0.007003 -1.548033
v 22.124718 -4.346047 0.742294
vn -0.078798 0.056085 -1.743494
v 18.572838 -2.282659 1.250504
vn -0.398811 -0.299338 -0.029054
v 16.059492 -5.533739 14.270694
vn 0.120864 -2.119757 0.572009
v 16.101479 -5.575869 14.128417
vn -0.356100 -0.325747 -0.087240
v 16.162851 -5.554511 13.704382
vn 0.235961 -1.949585 -0.269578
v 16.151390 -5.579122 13.843060
vn 0.452439 0.461773 -3.945588
v 15.563819 -3.775987 17.194792
vn -0.019025 -0.630641 1.096978
v 15.003819 -4.240488 16.999029
vn 0.032636 -0.005772 -1.549764
v 22.115456 -4.357069 0.742140
vn -0.039722 0.063655 -1.325192
v 18.443060 -2.180275 1.259312
vn 0.433470 -3.191949 0.135949
v 16.135431 -5.589428 13.984740
vn 0.369433 -0.472085 -3.346592
v 15.398659 -3.482924 17.170082
vn 0.358203 0.151738 -1.211204
v 15.273283 -3.959309 17.090918
vn 0.019619 -0.004678 -1.569899
v 21.948292 -4.210536 0.738074
vn -0.029822 0.085194 -1.308480
v 18.294601 -2.124469 1.266590
vn -0.053756 0.088627 -1.814195
v 18.437241 -2.193108 1.258870
vn -1.101849 0.360218 -0.431829
v 16.125305 -5.506601 14.125404
vn -1.628717 0.688255 -0.609694
v 16.101479 -5.575869 14.128417
vn -1.801955 1.362059 -0.333528
v 16.176281 -5.533209 13.993626
vn -2.423400 1.829348 -0.433065
v 16.135431 -5.589428 13.984740
vn -0.961770 0.487587 0.007046
v 16.183456 -5.516097 13.858663
vn -1.788547 0.990589 -0.011222
v 16.151390 -5.579122 13.843060
vn 0.287710 -0.395118 -1.658673
v 15.212496 -3.401369 17.130432
vn 0.012896 -0.006698 -0.161841
v 15.544030 -3.622493 17.196096
vn 0.032771 0.026714 -0.152544
v 15.463285 -3.884623 17.156466
vn 0.263051 0.375356 -1.113915
v 15.109488 -4.070541 17.018028
vn -0.004389 -0.511342 -1.309911
v 14.906966 -3.156581 17.020409
vn -0.034144 0.010503 -1.549244
v 20.692230 -4.069382 0.744898
vn 0.019061 -0.004632 -1.571502
v 21.940432 -4.222523 0.738014
vn -0.040580 0.051327 -1.371989
v 18.135471 -2.119601 1.271081
vn 0.257050 -0.905663 1.017632
v 15.728044 -3.328858 15.790178
vn 0.189874 -0.903826 1.150342
v 15.700699 -3.188756 15.903887
vn 0.150508 -0.413539 -1.370410
v 15.029581 -3.314952 17.079584
vn 0.235308 0.239153 -2.056182
v 15.578191 -3.780550 17.195906
vn 0.231482 -0.316186 -1.347940
v 15.223572 -3.388237 17.129225
vn 0.282557 -0.365690 -2.686034
v 15.409565 -3.471405 17.169661
vn 0.520809 0.235748 -1.773894
v 15.283160 -3.971985 17.092251
vn -0.026964 0.000010 -1.562657
v 20.899042 -4.021954 0.741442
vn -0.041212 -0.015815 -1.444509
v 19.750288 -4.436784 0.766797
vn -0.004943 -0.003442 -1.567244
v 21.755280 -4.101323 0.735411
vn -0.042217 0.116484 -1.826280
v 18.291943 -2.138178 1.265758
vn -0.031833 0.014100 -1.367197
v 17.978069 -2.158248 1.273966
vn 1.813022 -0.733442 1.325278
v 15.717588 -3.185390 15.903744
vn 0.318995 -1.139047 1.288553
v 15.744291 -3.323686 15.790677
vn 0.183333 -0.484853 -1.623412
v 15.042215 -3.304538 17.077829
vn 0.409020 0.621355 -1.790000
v 15.121674 -4.079906 17.017750
vn -0.239530 0.643459 -1.009946
v 14.967331 -4.371563 16.841581
vn -0.236416 -0.572675 -1.232929
v 14.857739 -2.968834 16.950024
vn 0.003226 -0.626226 -1.621575
v 14.921668 -3.151863 17.018518
vn -0.006000 -0.003406 -1.574238
v 21.749268 -4.114304 0.735462
vn -0.141597 0.172930 -2.970108
v 19.929304 -4.373512 0.760912
vn -0.003334 0.002695 -0.106699
v 20.487537 -4.119864 0.749067
vn -0.034731 0.010327 -1.590505
v 20.688484 -4.055452 0.745075
vn -0.017816 0.022915 -1.600802
v 21.114428 -3.992789 0.739274
vn -0.048743 0.010581 -1.434989
v 19.564699 -4.478870 0.772280
vn -0.051655 0.063686 -1.764781
v 18.136551 -2.133422 1.270532
vn -1.609039 -0.255052 -2.132082
v 15.121447 -2.559666 16.663534
vn 1.143316 0.162736 0.070968
v 15.714180 -3.139381 15.853145
vn 1.822890 0.500065 0.277021
v 15.744291 -3.323686 15.790677
vn 0.016226 0.592968 -0.944547
v 14.995612 -4.207891 16.935238
vn -1.058196 1.214422 -2.068533
v 15.007483 -4.526615 16.738890
vn -0.288307 -0.725711 -1.573819
v 14.873141 -2.971020 16.948086
vn -0.010392 0.021307 -1.580847
v 21.544971 -4.036041 0.735867
vn -0.026802 0.000945 -1.576472
v 20.896671 -4.007770 0.741483
vn -0.010567 0.042107 -1.611053
v 21.331902 -3.993587 0.737660
vn -0.057455 0.011174 -1.703626
v 19.562298 -4.464705 0.772466
vn -0.052140 -0.010498 -1.744167
v 19.746399 -4.422905 0.766756
vn -0.010077 0.020015 -1.560135
v 21.548805 -4.022300 0.736027
vn -0.041891 0.019913 -1.772822
v 17.982948 -2.171280 1.273718
vn -0.040520 0.039050 -1.330954
v 17.834795 -2.232985 1.276418
vn -0.535826 -0.487550 -1.213096
v 14.894989 -2.794284 16.865553
vn 0.390946 0.047912 0.138567
v 15.797646 -3.434596 15.678493
vn 1.119037 0.342115 0.193987
v 15.738614 -3.276633 15.740443
vn 0.012529 1.080611 -1.720325
v 15.010884 -4.211122 16.933472
vn -0.392103 1.004841 -1.584667
v 14.982849 -4.368373 16.839933
vn -0.638865 -0.602153 -1.487052
v 14.907844 -2.802821 16.863306
vn -0.016841 0.022814 -1.539986
v 21.113880 -3.978475 0.739485
vn -0.056535 0.034504 -1.444960
v 19.378662 -4.499394 0.778209
vn -0.065744 0.039099 -1.690461
v 19.378141 -4.485088 0.778571
vn -0.056432 0.054432 -1.810225
v 17.843014 -2.244191 1.275839
vn -0.903468 0.060787 -1.091450
v 15.266951 -2.519610 16.551407
vn -0.081263 -0.035752 -0.136519
v 15.000506 -2.665092 16.767023
vn -0.328403 0.817664 -1.059564
v 15.673223 -2.841610 16.079710
vn -0.848574 0.420132 -1.072955
v 15.411531 -2.532775 16.436056
vn -0.190952 0.886752 -1.132462
v 15.706459 -3.134333 15.845939
vn -0.267332 0.934536 -1.128736
v 15.730837 -3.272175 15.733026
vn -1.406953 1.613256 -2.761330
v 15.020090 -4.517592 16.737738
vn -0.050075 0.043999 -1.374076
v 18.866240 -4.397248 0.800790
vn -0.010032 0.039148 -1.529330
v 21.333475 -3.979380 0.738021
vn -0.060859 0.059365 -1.338986
v 17.718437 -2.340958 1.277211
vn -1.095088 0.061461 -1.329044
v 15.266518 -2.535885 16.550859
vn -2.053379 -0.325387 -2.721965
v 15.125865 -2.575659 16.662113
vn -0.877775 1.552927 -2.061297
v 15.621974 -2.704746 16.199051
vn -1.545262 -1.042355 -2.010993
v 15.481159 -4.632333 16.267094
vn -0.829866 -1.722964 -2.081958
v 15.667522 -4.430262 16.022575
vn -0.098744 0.032058 -0.125753
v 15.105122 -4.624713 16.627510
vn -0.034498 0.075880 -1.409004
v 18.719952 -4.302592 0.808798
vn -0.062399 0.012253 -1.367344
v 19.026550 -4.466603 0.793205
vn -0.059862 0.021133 -1.425546
v 19.198318 -4.497978 0.785432
vn -0.071608 0.026082 -1.710701
v 19.200010 -4.483809 0.785571
vn -0.080043 0.078208 -1.798849
v 17.729321 -2.349784 1.276325
vn -0.452609 -0.011849 -0.763213
v 16.346344 -4.756843 13.912369
vn -1.019156 0.480257 -1.285437
v 15.405055 -2.547132 16.435556
vn -0.437872 1.069790 -1.389887
v 15.657038 -2.847228 16.080391
vn -0.082372 0.079426 -0.134926
v 15.524320 -2.606977 16.317799
vn -0.291105 1.031903 -1.250335
v 15.714598 -3.277516 15.732450
vn -0.220774 1.002189 -1.280385
v 15.689596 -3.137940 15.845958
vn -0.071411 0.094352 -0.139667
v 15.761904 -3.399352 15.620372
vn -0.878698 -0.131179 -0.807879
v 15.221253 -4.695587 16.512707
vn -0.850679 -0.357966 -0.921489
v 15.354187 -4.688631 16.390995
vn -0.043169 0.091047 -1.723528
v 18.728258 -4.290924 0.809223
vn -0.065021 0.054607 -1.763753
v 18.872585 -4.384499 0.800967
vn -0.038245 0.039383 -1.443316
v 17.641788 -2.479316 1.275110
vn 0.168423 -0.556548 -0.246432
v 16.523449 -4.702906 13.910614
vn -1.086693 1.922542 -2.551487
v 15.607150 -2.712999 16.199146
vn -1.914591 1.146158 -2.344044
v 15.848976 -3.479763 15.507968
vn -1.189059 -0.513214 -1.299044
v 15.348491 -4.672845 16.390121
vn -0.078441 -0.091081 -0.134729
v 15.572998 -4.530896 16.144030
vn -0.409576 -0.980851 -1.162736
v 15.836390 -4.070585 15.660165
vn -1.417344 -0.227902 -1.312955
v 15.220428 -4.679782 16.511038
vn -0.007566 0.010530 -0.227197
v 18.599876 -4.184604 0.818092
vn -0.080555 0.016358 -1.771746
v 19.030594 -4.452928 0.793143
vn -0.113547 0.123396 -2.946178
v 18.473726 -4.077614 0.827435
vn -0.041949 0.044347 -1.635333
v 17.654427 -2.485696 1.274601
vn 1.268471 -4.007236 -1.871776
v 16.434202 -4.707280 13.859497
vn 0.010448 0.038315 -1.562527
v 17.465172 -3.096799 1.259717
vn -0.019363 0.107661 -0.027116
v 15.976265 -3.523829 15.421654
vn -1.694170 1.014109 -2.077341
v 15.840954 -3.492380 15.508351
vn -1.893825 -1.277478 -2.464577
v 15.471837 -4.618388 16.267029
vn -0.959626 -1.992356 -2.407312
v 15.652496 -4.422226 16.021914
vn -0.040265 -0.087614 -0.105453
v 15.710855 -4.304238 15.901488
vn -0.468025 -0.921536 -1.116519
v 15.904987 -3.958827 15.537992
vn 0.049981 -1.029614 0.349515
v 16.238880 -3.701742 15.265627
vn 1.003464 -1.564064 1.509012
v 16.217093 -3.714839 15.230161
vn -0.052313 0.064006 -1.501180
v 18.156668 -3.705297 0.855205
vn -2.850000 -1.328734 1.173856
v 16.418743 -4.609793 13.952777
vn 0.657777 -1.018394 0.166287
v 16.559500 -4.693220 13.886240
vn -0.937461 0.707397 -0.894664
v 16.434202 -4.707280 13.859497
vn 0.205736 -1.140355 -0.205523
v 16.428902 -4.704675 13.850621
vn 1.137476 0.271096 0.307570
v 16.783516 -3.973454 14.636444
vn 0.031495 0.028852 -1.594349
v 17.516644 -2.946288 1.263544
vn 0.005913 0.043077 -1.585389
v 17.395958 -3.237977 1.255677
vn -0.227621 3.034937 -0.745719
v 16.244364 -3.533080 15.193477
vn 0.002667 0.151022 -0.036287
v 16.384613 -3.562369 15.081887
vn -1.024456 0.064315 -1.177834
v 15.947425 -3.549098 15.395812
vn -0.423996 -1.002898 -1.190381
v 15.820854 -4.063039 15.659272
vn 1.224719 0.216283 1.229093
v 16.218899 -3.728606 15.230784
vn -0.055691 0.067887 -1.593046
v 18.166271 -3.694634 0.855325
vn -0.077233 -0.019802 -1.564250
v 17.750950 -3.485870 0.880317
vn -0.609928 -1.077044 -0.026384
v 16.490238 -3.832045 15.040655
vn 1.012725 -0.402879 0.042871
v 16.655222 -4.612848 14.007837
vn -2.037981 -1.427516 1.375180
v 16.408878 -4.602427 13.945916
vn -1.542333 -0.923166 0.668124
v 16.434202 -4.707280 13.859497
vn -1.011785 -0.597721 0.428729
v 16.428902 -4.704675 13.850621
vn 1.098130 -0.212109 0.432584
v 16.787338 -4.119411 14.516996
vn -0.446234 0.757088 -1.162741
v 16.620996 -3.693477 14.832025
vn -0.051035 0.945621 -1.149866
v 16.721413 -3.809194 14.721337
vn 0.030550 0.029633 -1.605713
v 17.530357 -2.950758 1.263734
vn 0.010286 0.038930 -1.577912
v 17.478329 -3.102548 1.259664
vn -1.033438 0.034600 -1.182632
v 15.949718 -3.533077 15.394277
vn -0.545476 -0.895758 -1.124205
v 15.987654 -3.858071 15.416376
vn -0.761604 -0.791220 -1.126139
v 16.081358 -3.780457 15.294932
vn -0.119660 -0.445423 0.067571
v 16.338839 -3.748122 15.114705
vn 0.861049 -0.411710 1.207186
v 16.338839 -3.748122 15.114705
vn -0.053606 0.071712 -1.555773
v 18.046371 -3.591702 0.863892
vn -0.054434 0.073208 -1.580919
v 18.038452 -3.603572 0.863615
vn -0.070668 -0.006713 -1.559409
v 17.595755 -3.465495 0.887601
vn -0.074102 0.027084 -1.593413
v 17.900864 -3.531162 0.872155
vn -0.884865 -0.936713 -0.055801
v 16.583885 -3.925838 14.928059
vn -0.979845 -0.757464 0.876448
v 16.451845 -4.479165 14.111145
vn 0.285076 -2.757523 0.124058
v 16.466763 -4.702115 13.833703
vn 1.809893 -0.809453 0.099510
v 16.668303 -4.581995 13.988770
vn 1.592797 1.575333 -1.999780
v 16.704807 -4.478375 14.100216
vn -1.038897 -0.797473 0.921809
v 16.440306 -4.468280 14.107652
vn -0.883375 1.597861 -2.039993
v 16.466763 -4.702115 13.833703
vn -0.698903 1.157599 -1.388919
v 16.428902 -4.704675 13.850621
vn -0.915547 1.309409 -0.979037
v 16.408878 -4.602427 13.945916
vn 2.822863 1.379827 -1.230377
v 16.801952 -4.090112 14.494264
vn 1.824052 0.355979 0.515763
v 16.783384 -3.945510 14.612302
vn -1.260763 1.226148 -2.122939
v 16.495682 -3.607889 14.943499
vn 0.008048 0.040888 -1.554051
v 17.408012 -3.245557 1.255516
vn 0.047337 0.019531 -1.621265
v 17.305099 -3.365443 1.251067
vn -2.567239 2.519906 -3.372414
v 16.217245 -3.544628 15.166992
vn -0.484370 2.530041 -1.143530
v 16.224125 -3.537574 15.173286
vn -0.020741 0.050627 -0.034068
v 16.359011 -3.561956 15.054934
vn -0.119763 -0.002081 -0.141891
v 16.076986 -3.562006 15.282218
vn -0.502741 -0.978879 -1.188399
v 15.890324 -3.949891 15.536763
vn -2.276824 -0.423993 -2.271184
v 16.183067 -3.738126 15.173286
vn 0.871239 -0.456320 1.245653
v 16.332590 -3.762488 15.113813
vn -0.071885 -0.007540 -1.578269
v 17.596191 -3.451269 0.887520
vn -0.077406 -0.017276 -1.572930
v 17.753973 -3.471987 0.879992
vn -0.985513 -1.614495 -0.046152
v 16.461805 -3.815050 15.004182
vn -0.220564 0.102843 0.016541
v 16.496063 -4.372095 14.253114
vn 1.275898 -1.723069 0.333823
v 16.585546 -4.674598 13.872066
vn -1.187195 1.116165 -0.322049
v 16.440306 -4.468280 14.107652
vn -0.745277 1.087383 -0.845830
v 16.442118 -4.591810 13.927079
vn 0.877697 0.736687 -0.975774
v 16.772160 -4.230685 14.356565
vn -0.526149 0.865698 -1.341357
v 16.607859 -3.703963 14.830239
vn -0.295004 0.999549 -1.346237
v 16.706646 -3.815685 14.719582
vn 0.398511 1.872828 -2.178589
v 16.783384 -3.945510 14.612302
vn 0.464389 2.186992 -2.538877
v 16.768410 -3.945539 14.609538
vn -0.579156 -0.924694 -1.168162
v 15.974310 -3.847548 15.414466
vn -0.774557 -0.754520 -1.115874
v 16.071585 -3.768263 15.292974
vn 0.747408 -0.679201 1.224904
v 16.461805 -3.815050 15.004182
vn -0.070790 0.028914 -1.545609
v 17.906483 -3.518142 0.872115
vn -0.072858 0.013302 -1.544079
v 17.438141 -3.459080 0.894716
vn -0.075374 0.015000 -1.593520
v 17.440079 -3.473244 0.894491
vn -1.047135 -1.199175 0.006290
v 16.562767 -3.903795 14.892909
vn 0.443577 -2.270540 0.255168
v 16.507076 -4.695474 13.822717
vn 1.064730 1.728862 -2.018558
v 16.668303 -4.581995 13.988770
vn 1.268120 2.064966 -2.397973
v 16.655090 -4.573228 13.989413
vn 1.182609 1.220553 -2.034485
v 16.585546 -4.674598 13.872066
vn 1.604069 1.705340 -2.740863
v 16.577988 -4.662995 13.874783
vn -1.046613 0.943114 -0.222446
v 16.465994 -4.444811 14.086292
vn -0.688266 0.685260 -0.977556
v 16.507076 -4.695474 13.822717
vn 0.940219 0.806521 -1.059934
v 16.759176 -4.221151 14.352084
vn 0.095614 0.096003 -0.119876
v 16.715927 -4.351490 14.214779
vn -1.538772 1.493402 -2.566823
v 16.485825 -3.620933 14.941819
vn -0.102354 0.036797 -0.137227
v 16.354328 -3.577157 15.054646
vn 0.046172 0.016474 -1.520413
v 17.315311 -3.375169 1.251248
vn 0.079503 -0.013635 -1.623880
v 17.191364 -3.468101 1.245960
vn -2.014503 -0.375222 -2.012017
v 16.180920 -3.724288 15.172855
vn 0.718897 -0.672434 1.188576
v 16.451130 -3.828262 15.003164
vn -0.110236 -0.039318 -2.999926
v 16.995729 -3.637616 0.914350
vn -0.067466 -0.005175 -1.580205
v 17.288738 -3.512317 0.901475
vn 0.536646 0.333949 -0.994592
v 16.507076 -4.695474 13.822717
vn 0.900205 0.590716 -1.674663
v 16.507179 -4.683923 13.826651
vn 1.532257 1.810615 -2.192630
v 16.691153 -4.469121 14.098316
vn 0.621038 1.929316 -2.004137
v 16.486744 -4.582608 13.915142
vn 1.521302 2.053782 -2.241856
v 16.787727 -4.083901 14.490301
vn -2.053793 -0.145559 -2.493601
v 16.216877 -3.561295 15.168268
vn -0.105742 0.031543 -0.133354
v 16.299549 -3.724328 15.056382
vn -0.780474 0.703725 -1.219817
v 16.414568 -3.790672 14.944515
vn -0.066992 -0.003962 -1.559375
v 17.284821 -3.498506 0.901597
vn -2.509133 0.360146 -0.991765
v 16.507179 -4.683923 13.826651
vn 0.809800 0.774368 -0.840909
v 16.502918 -4.430781 14.068253
vn 0.073519 -0.012181 -1.514039
v 17.199175 -3.479842 1.246441
vn 0.066093 -0.003929 -1.564602
v 17.053514 -3.534859 1.240426
vn -0.562133 0.881913 -1.265423
v 16.526911 -3.870617 14.835277
vn -0.212176 0.107737 -2.963648
v 16.430031 -3.940974 0.939942
vn -0.006374 -0.001205 -0.158987
v 17.135519 -3.557636 0.908165
vn 0.923268 0.854188 -0.929949
v 16.611900 -4.242085 14.346980
vn 0.085913 -0.100575 -1.589786
v 16.594952 -3.557786 1.214878
vn 0.078499 -0.091020 -1.503075
v 16.452538 -3.499413 1.203936
vn 0.265146 -0.032261 -3.044211
v 16.316427 -3.419274 1.192088
vn 0.118442 -0.236036 -2.873803
v 15.910935 -3.162928 1.153368
vn 0.068598 0.007979 -1.565378
v 16.901909 -3.570501 1.233693
vn 0.087805 -0.044292 -1.604228
v 16.746899 -3.579812 1.224986
vn 0.741064 2.342207 -2.343222
v 16.489996 -4.581515 13.917263
vn 0.006303 0.017660 -0.018764
v 16.507179 -4.683923 13.826651
vn 0.965541 0.930412 -1.009227
v 16.513885 -4.438739 14.071486
vn -0.725610 0.674499 -1.154949
v 16.424719 -3.777086 14.945858
vn -0.004602 0.000214 -0.099445
v 16.846220 -3.697366 0.920627
vn 0.917388 1.043633 -0.901213
v 16.652489 -4.145905 14.477549
vn 0.883063 0.755106 -0.857783
v 16.553894 -4.326941 14.211670
vn 1.020041 0.876648 -0.993763
v 16.566303 -4.338564 14.214213
vn 0.066582 -0.003273 -1.572842
v 17.058554 -3.548038 1.240672
vn -0.484694 0.820983 -1.140779
v 16.539316 -3.860783 14.836620
vn -0.054836 2.455797 -2.075446
v 16.612362 -3.955984 14.721617
vn -0.230875 0.117211 -3.224532
v 16.423790 -3.927985 0.940861
vn 0.825187 0.926014 -0.812127
v 16.666147 -4.155385 14.480474
vn 0.932517 0.858439 -0.937062
v 16.624605 -4.253332 14.349263
vn 0.083848 -0.045560 -1.533078
v 16.745945 -3.593909 1.225323
vn 0.083138 -0.097274 -1.541503
v 16.591263 -3.571512 1.215547
vn 0.085239 -0.093699 -1.594191
v 16.446718 -3.512491 1.204424
vn 0.007716 -0.010728 -0.155460
v 16.042099 -3.256643 1.166471
vn 0.011766 -0.007711 -0.215429
v 15.761040 -3.105763 1.142495
vn 0.069916 0.005107 -1.573271
v 16.903969 -3.584484 1.233712
vn -0.140315 0.119352 -1.684178
v 16.131691 -4.053862 0.958280
vn -0.120236 0.103404 -1.439062
v 16.136097 -4.067471 0.956934
vn 0.056071 0.132415 -0.113349
v 16.672749 -4.052795 14.605997
vn 0.104322 0.044519 -1.407647
v 15.615149 -3.037461 1.133843
vn -0.049100 2.211810 -1.870904
v 16.626236 -3.953640 14.724024
vn -0.077795 0.134183 -1.416429
v 15.357006 -4.069087 1.017287
vn -0.095309 0.110984 -1.375092
v 15.507759 -4.124584 1.002626
vn -0.106393 0.083616 -1.380527
v 15.664645 -4.151534 0.989207
vn 0.128423 0.062622 -1.721015
v 15.611278 -3.051124 1.133124
vn -0.088313 0.104582 -1.410451
v 15.216359 -3.991189 1.032687
vn -0.109090 0.106039 -1.439197
v 15.823708 -4.143794 0.977533
vn -0.124648 0.120745 -1.639895
v 15.822610 -4.129614 0.978661
vn 0.114669 0.173899 -1.358222
v 15.457930 -3.002875 1.126355
vn -0.103819 0.085256 -1.339312
v 15.098566 -3.886966 1.048046
vn -0.106685 0.128948 -1.714664
v 15.225016 -3.980062 1.032970
vn -0.094971 0.160405 -1.706195
v 15.363182 -4.056386 1.018151
vn -0.121988 0.139461 -1.750083
v 15.511369 -4.110878 1.003482
vn -0.134510 0.106977 -1.746837
v 15.665776 -4.137349 0.989979
vn 0.145934 0.229072 -1.741479
v 15.456551 -3.016579 1.124484
vn -0.071134 0.103736 -1.340536
v 15.016380 -3.752488 1.062585
vn -0.137266 0.114761 -1.788040
v 15.109442 -3.878042 1.047771
vn 0.086937 0.252056 -1.230006
v 15.295989 -2.993846 1.117794
vn -0.053078 0.111158 -1.377407
v 14.968102 -3.599404 1.076784
vn -0.097099 0.137244 -1.789204
v 15.029034 -3.746460 1.062380
vn 0.123758 0.381104 -1.844225
v 15.298444 -3.006912 1.115290
vn -0.068737 0.141038 -1.751220
v 14.981839 -3.596562 1.076484
vn -0.164681 0.138526 -1.758855
v 14.965916 -3.439594 1.089765
vn -0.009950 0.287077 -1.180949
v 15.150312 -3.031438 1.110576
vn -0.131068 0.106846 -1.358357
v 14.952032 -3.439361 1.091123
vn -0.027337 0.450348 -1.873492
v 15.156971 -3.042668 1.107790
vn -0.217466 0.140873 -1.312332
v 14.974510 -3.281938 1.102327
vn -0.287870 0.187888 -1.773597
v 14.987323 -3.285541 1.099817
vn -0.187179 0.238401 -1.299428
v 15.041878 -3.136717 1.107114
vn -0.255061 0.316221 -1.758156
v 15.052136 -3.144388 1.104229
# 932 vertices, 0 vertices normals


usemtl material_0
vt 0.691469 0.641596
vt 0.691985 0.640298
vt 0.694855 0.637363
f 1/1/1 5/2/5 2/3/2
vt 0.688516 0.645308
vt 0.687952 0.642636
vt 0.691985 0.640297
f 3/4/3 4/5/4 5/6/5
vt 0.691985 0.640342
vt 0.690084 0.639140
vt 0.694855 0.637406
f 7/7/7 8/8/8 2/9/2
vt 0.691985 0.640323
vt 0.687952 0.642662
vt 0.685628 0.641200
f 7/10/7 4/11/4 10/12/10
vt 0.687184 0.642275
vt 0.682193 0.639162
vt 0.686905 0.642821
f 12/13/12 14/14/14 6/15/6
vt 0.689175 0.653904
vt 0.692831 0.659696
vt 0.690149 0.653204
f 9/16/9 16/17/16 13/18/13
vt 0.687184 0.642310
vt 0.687584 0.642074
vt 0.682193 0.639197
f 12/19/12 23/20/23 24/21/24
vt 0.696223 0.666044
vt 0.692831 0.659699
vt 0.691676 0.660465
f 22/22/22 16/23/16 11/24/11
vt 0.692831 0.659693
vt 0.693279 0.659576
vt 0.690149 0.653202
f 26/25/26 27/26/27 13/27/13
vt 0.682193 0.639156
vt 0.678021 0.639749
vt 0.677335 0.640720
f 14/28/14 29/29/29 18/30/18
vt 0.689568 0.647035
vt 0.687584 0.642073
f 25/31/25 23/32/23 12/19/12
vt 0.682232 0.638910
f 23/32/23 36/33/36 24/21/24
vt 0.690647 0.653101
vt 0.689568 0.647030
vt 0.689051 0.647196
f 28/34/28 25/35/25 15/36/15
vt 0.696223 0.666033
vt 0.696578 0.665892
vt 0.692831 0.659688
f 37/37/37 38/38/38 26/39/26
vt 0.679726 0.641568
vt 0.677335 0.640718
vt 0.675818 0.642587
f 17/40/17 18/41/18 39/42/39
vt 0.678126 0.639099
f 14/28/14 40/43/40 29/29/29
vt 0.677335 0.640736
vt 0.678021 0.639765
vt 0.678941 0.643955
f 41/44/41 42/45/42 43/46/43
vt 0.699316 0.744609
vt 0.699967 0.736948
vt 0.698436 0.739405
f 33/47/33 46/48/46 19/49/19
vt 0.699967 0.736946
vt 0.702641 0.729483
vt 0.700116 0.731916
f 46/50/46 34/51/34 20/52/20
vt 0.698098 0.672601
vt 0.699452 0.671629
vt 0.696223 0.666052
f 21/53/21 49/54/49 22/55/22
vt 0.687584 0.642044
vt 0.689568 0.647007
vt 0.687805 0.641519
f 50/56/50 51/57/51 52/58/52
vt 0.687805 0.641514
vt 0.682232 0.638876
vt 0.687584 0.642039
f 52/59/52 53/60/53 50/61/50
vt 0.682193 0.639196
vt 0.682232 0.638909
vt 0.677791 0.638884
f 24/62/24 36/63/36 54/64/54
vt 0.689568 0.647014
vt 0.690647 0.653084
vt 0.690093 0.646463
f 51/65/51 28/66/28 55/67/55
vt 0.675818 0.642612
vt 0.677335 0.640743
vt 0.677346 0.646568
f 57/68/57 41/69/41 58/70/58
vt 0.677791 0.638883
vt 0.678126 0.639138
f 24/62/24 54/71/54 59/72/59
vt 0.678021 0.639758
vt 0.678126 0.639108
vt 0.679029 0.643384
f 42/73/42 60/74/60 61/75/61
vt 0.677147 0.642491
vt 0.675818 0.642591
vt 0.673798 0.644611
f 30/76/30 39/77/39 62/78/62
vt 0.698327 0.752211
vt 0.699316 0.744607
vt 0.697597 0.746969
f 64/79/64 33/80/33 32/81/32
vt 0.698672 0.741586
vt 0.699967 0.736941
vt 0.699316 0.744602
f 67/82/67 68/83/68 69/84/69
vt 0.700254 0.733966
vt 0.702641 0.729478
f 70/85/70 71/86/71 68/83/68
vt 0.702641 0.729479
vt 0.704769 0.721679
vt 0.702500 0.724335
f 34/87/34 72/88/72 35/89/35
vt 0.699655 0.671461
vt 0.696223 0.666025
vt 0.699452 0.671602
f 56/90/56 37/91/37 49/92/49
vt 0.682232 0.638870
vt 0.678266 0.637934
vt 0.677791 0.638844
f 53/93/53 76/94/76 77/95/77
vt 0.679029 0.643416
vt 0.678126 0.639140
vt 0.677791 0.638885
f 79/96/79 59/97/59 54/98/54
vt 0.673798 0.644633
vt 0.675818 0.642613
vt 0.675873 0.648553
f 62/99/62 57/100/57 78/101/78
vt 0.698314 0.760116
vt 0.698327 0.752213
vt 0.697022 0.754716
f 63/102/63 64/103/64 31/104/31
vt 0.698395 0.749269
vt 0.699316 0.744587
vt 0.698327 0.752190
f 81/105/81 69/106/69 82/107/82
vt 0.698080 0.767924
vt 0.698314 0.760110
vt 0.697073 0.762587
f 85/108/85 63/109/63 45/110/45
vt 0.702900 0.726274
vt 0.704769 0.721670
vt 0.702641 0.729470
f 86/111/86 87/112/87 71/113/71
vt 0.704769 0.721674
vt 0.707418 0.714021
vt 0.704837 0.716687
f 72/114/72 73/115/73 47/116/47
vt 0.677791 0.638855
vt 0.678266 0.637945
vt 0.678881 0.642494
f 91/117/91 76/118/76 92/119/92
vt 0.678538 0.643336
f 79/96/79 54/98/54 96/120/96
vt 0.679029 0.643386
vt 0.685760 0.654923
vt 0.682484 0.649589
f 61/121/61 97/122/97 80/123/80
vt 0.698011 0.757047
vt 0.698327 0.752189
vt 0.698314 0.760093
f 98/124/98 82/125/82 99/126/99
vt 0.698548 0.784249
vt 0.698444 0.776107
vt 0.697448 0.778671
f 102/127/102 83/128/83 66/129/66
vt 0.698444 0.776112
vt 0.698080 0.767925
vt 0.697134 0.770574
f 83/130/83 85/131/85 44/132/44
vt 0.698311 0.772852
vt 0.698314 0.760083
vt 0.698080 0.767896
f 104/133/104 99/134/99 105/135/105
vt 0.705341 0.718462
vt 0.707418 0.714015
vt 0.704769 0.721668
f 106/136/106 73/137/73 87/138/87
vt 0.709226 0.686318
vt 0.706231 0.681571
vt 0.704843 0.682735
f 108/139/108 88/140/88 74/141/74
vt 0.706231 0.681577
vt 0.702721 0.676706
vt 0.701306 0.677803
f 88/142/88 89/143/89 48/144/48
vt 0.702766 0.676547
vt 0.699655 0.671457
vt 0.702721 0.676683
f 109/145/109 56/146/56 89/147/89
vt 0.677791 0.638854
vt 0.678881 0.642493
vt 0.678538 0.643305
f 91/148/91 92/149/92 113/150/113
vt 0.702766 0.676574
vt 0.700777 0.670649
vt 0.699655 0.671484
f 114/151/114 94/152/94 56/153/56
vt 0.681901 0.649622
f 116/154/116 79/96/79 96/120/96
vt 0.685760 0.654953
vt 0.679029 0.643417
f 97/155/97 79/156/79 116/154/116
vt 0.699252 0.792740
vt 0.697856 0.786971
f 100/157/100 102/127/102 65/158/65
vt 0.698548 0.784226
vt 0.698803 0.781060
vt 0.698444 0.776085
f 117/159/117 118/160/118 119/161/119
vt 0.701160 0.809925
vt 0.699973 0.801104
vt 0.699523 0.803996
f 103/162/103 120/163/120 84/164/84
vt 0.698311 0.772856
vt 0.698080 0.767901
vt 0.698444 0.776088
f 104/165/104 105/166/105 119/167/119
vt 0.709058 0.686171
vt 0.706231 0.681556
vt 0.709226 0.686302
f 121/168/121 122/169/122 123/170/123
vt 0.706167 0.681409
vt 0.706231 0.681554
f 124/171/124 89/147/89 122/172/122
vt 0.702721 0.676684
f 124/171/124 109/145/109 89/173/89
vt 0.682385 0.638406
vt 0.678593 0.638243
vt 0.682402 0.638080
f 126/174/126 110/175/110 75/176/75
vt 0.689636 0.646322
vt 0.687296 0.641575
vt 0.687651 0.641286
f 125/177/125 111/178/111 90/179/90
vt 0.682385 0.638407
f 111/178/111 126/180/126 75/176/75
vt 0.682043 0.649194
vt 0.681901 0.649590
f 113/150/113 128/181/128 116/182/116
vt 0.699295 0.789380
vt 0.699252 0.792717
f 133/183/133 117/159/117 134/184/134
vt 0.699973 0.801102
vt 0.699252 0.792732
vt 0.698783 0.795420
f 120/185/120 100/186/100 101/187/101
vt 0.701160 0.809912
vt 0.701535 0.806386
vt 0.699973 0.801091
f 103/188/103 135/189/135 136/190/136
vt 0.710947 0.691016
vt 0.710780 0.692336
f 137/191/137 108/170/108 107/192/107
vt 0.710636 0.690964
vt 0.709058 0.686174
vt 0.709226 0.686305
f 138/193/138 121/194/121 123/195/123
vt 0.709058 0.686170
f 121/196/121 124/171/124 122/172/122
vt 0.706167 0.681431
vt 0.703932 0.675626
vt 0.702766 0.676569
f 139/197/139 130/198/130 114/199/114
vt 0.691350 0.652134
vt 0.689636 0.646317
vt 0.690119 0.646114
f 129/200/129 125/201/125 93/202/93
vt 0.679610 0.642516
vt 0.679135 0.642441
vt 0.678593 0.638245
f 140/203/140 112/204/112 110/205/110
vt 0.694382 0.658508
vt 0.691350 0.652128
vt 0.691833 0.651997
f 132/206/132 129/207/129 95/208/95
vt 0.698013 0.664730
vt 0.694382 0.658497
vt 0.698352 0.664572
f 142/209/142 132/210/132 115/211/115
vt 0.699973 0.801087
vt 0.700349 0.797749
f 136/212/136 143/213/143 134/184/134
vt 0.710947 0.691030
vt 0.710636 0.690974
vt 0.709226 0.686316
f 137/214/137 138/215/138 123/216/123
vt 0.710636 0.690970
vt 0.709985 0.685068
vt 0.709058 0.686181
f 145/217/145 146/218/146 147/219/147
vt 0.709058 0.686188
vt 0.707351 0.680392
vt 0.706167 0.681426
f 147/220/147 148/221/148 139/222/139
vt 0.682682 0.648716
vt 0.679610 0.642513
vt 0.683168 0.648595
f 127/223/127 140/224/140 150/225/150
vt 0.705037 0.674959
vt 0.701521 0.670097
vt 0.701706 0.669939
f 152/226/152 141/227/141 131/228/131
vt 0.701521 0.670104
vt 0.698013 0.664729
vt 0.698352 0.664571
f 141/229/141 142/230/142 115/231/115
vt 0.710365 0.695555
vt 0.710636 0.690961
vt 0.710789 0.695535
f 154/232/154 138/233/138 144/234/144
vt 0.710365 0.695552
vt 0.710783 0.689773
vt 0.710636 0.690958
f 155/235/155 153/236/153 145/237/145
vt 0.686577 0.654038
vt 0.683168 0.648587
vt 0.686997 0.653856
f 149/238/149 150/239/150 158/240/158
vt 0.708690 0.679651
vt 0.705037 0.674956
vt 0.705063 0.674804
f 159/241/159 152/242/152 151/243/151
vt 0.709737 0.694350
vt 0.710783 0.689796
vt 0.710365 0.695575
f 161/244/161 153/245/153 154/246/154
vt 0.711242 0.688642
vt 0.711084 0.684073
vt 0.710783 0.689770
f 162/247/162 157/248/157 153/249/153
vt 0.711242 0.688655
vt 0.711271 0.684229
vt 0.711084 0.684086
f 164/250/164 163/251/163 157/252/157
vt 0.711271 0.684221
vt 0.708606 0.679490
f 163/253/163 159/241/159 156/254/156
vt 0.690913 0.658665
vt 0.686997 0.653845
vt 0.691221 0.658511
f 160/255/160 158/256/158 165/257/165
vt 0.695962 0.662786
f 168/258/168 160/255/160 165/257/165
vt 0.709535 0.693080
vt 0.709971 0.693055
vt 0.711242 0.688643
f 167/259/167 169/260/169 162/261/162
vt 0.700803 0.666939
vt 0.700707 0.666949
vt 0.695962 0.662773
f 170/262/170 166/263/166 168/264/168
vt 0.709971 0.693051
vt 0.709535 0.693076
vt 0.706867 0.697224
f 169/265/169 167/266/167 172/267/172
vt 0.709751 0.675711
f 173/268/173 166/263/166 170/262/170
vt 0.706867 0.697222
vt 0.702754 0.701282
vt 0.699906 0.705208
f 172/269/172 171/270/171 185/271/185
vt 0.714312 0.680144
vt 0.714235 0.680180
f 186/272/186 174/273/174 173/268/173
vt 0.699906 0.705209
vt 0.699411 0.705194
vt 0.697395 0.709162
f 185/274/185 177/275/177 192/276/192
vt 0.718858 0.684559
vt 0.718871 0.684609
vt 0.714312 0.680143
f 193/277/193 178/278/178 186/279/186
vt 0.607030 0.874524
vt 0.606559 0.873072
vt 0.599955 0.872071
f 188/280/188 175/281/175 181/282/181
vt 0.613307 0.874727
vt 0.612857 0.873460
vt 0.607030 0.874513
f 189/283/189 176/284/176 188/285/188
vt 0.618036 0.871131
vt 0.613307 0.874687
vt 0.616031 0.871774
f 180/286/180 189/287/189 195/288/195
vt 0.724223 0.832986
vt 0.726167 0.828265
vt 0.723365 0.824678
f 183/289/183 197/290/197 182/291/182
vt 0.697395 0.709168
vt 0.695481 0.713193
vt 0.696069 0.713221
f 192/292/192 184/293/184 199/294/199
vt 0.723241 0.688936
f 200/295/200 178/278/178 193/277/193
vt 0.721377 0.690986
vt 0.716828 0.686550
vt 0.716831 0.686593
f 201/296/201 179/297/179 187/298/187
vt 0.720034 0.692405
vt 0.716828 0.686581
vt 0.721377 0.691018
f 194/299/194 179/300/179 203/301/203
vt 0.607030 0.874479
vt 0.599955 0.872025
vt 0.600171 0.872438
f 204/302/204 181/303/181 196/304/196
vt 0.613307 0.874697
vt 0.607030 0.874483
vt 0.607386 0.875022
f 205/305/205 204/306/204 206/307/206
vt 0.613307 0.874706
vt 0.613718 0.875265
vt 0.616031 0.871793
f 205/308/205 207/309/207 195/310/195
vt 0.726167 0.828263
vt 0.729828 0.818863
vt 0.725328 0.820112
f 197/311/197 209/312/209 191/313/191
vt 0.726167 0.828219
vt 0.724223 0.832940
vt 0.723259 0.827068
f 210/314/210 183/315/183 211/316/211
vt 0.696274 0.717345
f 213/317/213 199/294/199 184/293/184
vt 0.729828 0.818864
vt 0.731449 0.814173
vt 0.727031 0.815613
f 209/318/209 208/319/208 190/320/190
vt 0.726167 0.828226
vt 0.724391 0.822506
vt 0.729828 0.818826
f 210/321/210 219/322/219 220/323/220
vt 0.698356 0.721518
vt 0.696274 0.717348
vt 0.695698 0.717341
f 221/324/221 213/325/213 198/326/198
vt 0.727541 0.693314
vt 0.723241 0.688937
vt 0.727228 0.693294
f 214/327/214 200/328/200 222/329/222
vt 0.725563 0.695406
vt 0.721528 0.691015
f 223/330/223 201/296/201 202/331/202
vt 0.724261 0.696880
vt 0.721377 0.691010
vt 0.725563 0.695429
f 215/332/215 203/333/203 223/334/223
vt 0.731449 0.814169
vt 0.732886 0.809522
vt 0.730253 0.806808
f 208/335/208 228/336/228 218/337/218
vt 0.729828 0.818832
vt 0.725796 0.817886
vt 0.731449 0.814140
f 220/338/220 229/339/229 230/340/230
vt 0.616414 0.872267
vt 0.612722 0.865182
vt 0.612449 0.864854
f 216/341/216 234/342/234 217/343/217
vt 0.731449 0.814145
vt 0.728484 0.808700
vt 0.732886 0.809498
f 230/344/230 243/345/243 244/346/244
vt 0.701693 0.725681
vt 0.701248 0.725657
f 246/347/246 221/324/221 212/348/212
vt 0.731005 0.697688
vt 0.727228 0.693295
vt 0.730586 0.697650
f 232/349/232 222/350/222 248/351/248
vt 0.614615 0.873467
vt 0.612722 0.865187
vt 0.616414 0.872272
f 233/352/233 250/353/250 216/354/216
vt 0.605749 0.856708
vt 0.605605 0.856541
f 234/342/234 251/355/251 224/356/224
vt 0.507251 0.860481
vt 0.500289 0.859648
vt 0.507394 0.860312
f 227/357/227 258/358/258 259/359/259
vt 0.731971 0.802418
vt 0.732886 0.809514
vt 0.735717 0.800211
f 242/360/242 228/361/228 262/362/262
vt 0.709651 0.733890
f 247/363/247 246/347/246 212/348/212
vt 0.713042 0.738055
vt 0.709220 0.733893
f 265/364/265 247/363/247 231/365/231
vt 0.610943 0.866423
vt 0.605749 0.856728
vt 0.612722 0.865202
f 268/366/268 251/367/251 250/368/250
vt 0.550030 0.865631
vt 0.528250 0.863395
vt 0.528393 0.863228
f 256/369/256 225/370/225 260/371/260
vt 0.556981 0.866722
vt 0.556828 0.866879
f 257/372/257 226/373/226 256/369/256
vt 0.563416 0.868509
vt 0.563249 0.868657
f 269/374/269 238/375/238 257/372/257
vt 0.514451 0.861175
f 277/376/277 227/357/227 259/359/259
vt 0.500150 0.859817
vt 0.493194 0.859221
f 239/377/239 278/378/278 258/358/258
vt 0.528393 0.863226
vt 0.507251 0.860478
vt 0.514451 0.861173
f 260/379/260 227/380/227 277/381/277
vt 0.493060 0.859390
vt 0.486048 0.859096
f 240/382/240 276/383/276 278/378/278
vt 0.732886 0.809501
vt 0.729714 0.804152
vt 0.735717 0.800197
f 244/384/244 261/385/261 280/386/280
vt 0.721749 0.750609
vt 0.718592 0.746450
vt 0.718082 0.746516
f 282/387/282 264/388/264 245/389/245
vt 0.718592 0.746449
vt 0.715976 0.742251
f 265/364/265 264/390/264 283/391/283
vt 0.733357 0.702034
vt 0.730586 0.697652
vt 0.732865 0.701985
f 266/392/266 248/393/248 284/394/284
vt 0.569353 0.870854
vt 0.569195 0.871011
f 286/395/286 235/396/235 269/374/269
vt 0.574811 0.873619
vt 0.569195 0.871012
f 270/397/270 235/398/235 286/395/286
vt 0.580314 0.876630
vt 0.574709 0.873831
f 271/399/271 236/400/236 270/397/270
vt 0.420010 0.864447
vt 0.414203 0.868528
vt 0.419867 0.864648
f 253/401/253 290/402/290 273/403/273
vt 0.464122 0.860053
vt 0.457454 0.860389
vt 0.464224 0.859892
f 255/404/255 293/405/293 275/406/275
vt 0.486048 0.859095
vt 0.471383 0.859853
vt 0.464224 0.859891
f 276/407/276 237/408/237 275/409/275
vt 0.733826 0.797930
vt 0.735717 0.800205
vt 0.737190 0.795536
f 241/410/241 262/411/262 279/412/279
vt 0.726307 0.754687
vt 0.721317 0.750674
f 295/413/295 282/387/282 263/414/263
vt 0.733616 0.706277
vt 0.733357 0.702036
vt 0.732865 0.701987
f 297/415/297 266/416/266 284/417/284
vt 0.598415 0.882908
vt 0.592427 0.881866
vt 0.597817 0.882049
f 249/418/249 298/419/298 285/420/285
vt 0.597817 0.882055
vt 0.600188 0.879478
vt 0.600843 0.880339
f 285/421/285 299/422/299 267/423/267
vt 0.586593 0.880221
vt 0.586389 0.879715
f 272/424/272 271/399/271 300/425/300
vt 0.446459 0.863696
vt 0.441329 0.866345
vt 0.446436 0.863602
f 252/426/252 288/427/288 289/428/289
vt 0.451648 0.861737
vt 0.451668 0.861622
f 254/429/254 289/428/289 292/430/292
vt 0.415662 0.869710
vt 0.419867 0.864682
vt 0.414203 0.868563
f 302/431/302 273/432/273 303/433/303
vt 0.457380 0.860536
vt 0.451668 0.861621
vt 0.457454 0.860390
f 274/434/274 292/435/292 293/436/293
vt 0.731112 0.799571
vt 0.737190 0.795528
f 280/386/280 294/437/294 279/438/279
vt 0.592427 0.881857
vt 0.586389 0.879714
f 298/439/298 272/424/272 300/440/300
vt 0.441329 0.866344
vt 0.436352 0.869741
vt 0.436407 0.869575
f 288/441/288 287/442/287 313/443/313
vt 0.414467 0.868212
vt 0.408172 0.871938
vt 0.414203 0.868526
f 291/444/291 316/445/316 290/446/290
vt 0.736592 0.764541
vt 0.737300 0.762210
vt 0.731598 0.758653
f 281/447/281 307/448/307 306/449/306
vt 0.731644 0.758557
vt 0.726307 0.754683
vt 0.731598 0.758610
f 322/450/322 295/451/295 306/452/306
vt 0.741683 0.767795
vt 0.742292 0.765460
vt 0.737300 0.762206
f 296/453/296 323/454/323 307/455/307
vt 0.600188 0.879466
vt 0.597167 0.873327
vt 0.597651 0.873930
f 299/456/299 328/457/328 311/458/311
vt 0.431728 0.873018
vt 0.431537 0.873299
vt 0.427017 0.876343
f 312/459/312 301/460/301 329/461/329
vt 0.431728 0.873019
f 287/442/287 312/462/312 313/443/313
vt 0.409692 0.873122
vt 0.414203 0.868560
vt 0.408172 0.871971
f 314/463/314 303/464/303 331/465/331
vt 0.737300 0.762169
vt 0.737137 0.762105
vt 0.731598 0.758612
f 338/466/338 339/467/339 306/468/306
vt 0.737137 0.762103
f 339/469/339 322/450/322 306/452/306
vt 0.742292 0.765426
vt 0.741949 0.765343
vt 0.737300 0.762172
f 323/470/323 340/471/340 338/472/338
vt 0.733590 0.710522
vt 0.733616 0.706268
vt 0.733029 0.710539
f 324/473/324 297/474/297 341/475/341
vt 0.732095 0.717124
vt 0.733549 0.714462
vt 0.733499 0.712840
f 343/476/343 308/477/308 326/478/326
vt 0.591344 0.865950
vt 0.597651 0.873929
f 328/457/328 350/479/350 311/480/311
vt 0.427017 0.876341
vt 0.426660 0.876773
vt 0.422000 0.879215
f 329/481/329 315/482/315 353/483/353
vt 0.408561 0.871484
vt 0.402130 0.873928
vt 0.408172 0.871935
f 317/484/317 354/485/354 316/486/316
vt 0.687339 0.159866
vt 0.686010 0.161414
vt 0.685514 0.161381
f 356/487/356 333/488/333 319/489/319
vt 0.684942 0.161864
vt 0.684464 0.161840
f 333/488/333 334/490/334 304/491/304
vt 0.683051 0.162277
vt 0.682611 0.162257
f 334/490/334 355/492/355 318/493/318
vt 0.634072 0.162913
vt 0.630665 0.162582
vt 0.631136 0.162591
f 360/494/360 336/495/336 305/496/305
vt 0.628706 0.162420
vt 0.629156 0.162431
f 361/497/361 320/498/320 336/495/336
vt 0.741949 0.765339
f 340/499/340 339/467/339 338/466/338
vt 0.745245 0.768282
vt 0.742292 0.765427
f 366/500/366 340/471/340 323/501/323
vt 0.734060 0.712814
vt 0.732095 0.717114
vt 0.733499 0.712831
f 325/502/325 368/503/368 326/504/326
vt 0.722274 0.152222
vt 0.722743 0.152209
vt 0.719787 0.151642
f 369/505/369 327/506/327 349/507/349
vt 0.716883 0.151049
vt 0.712749 0.150572
vt 0.716489 0.151095
f 309/508/309 370/509/370 348/510/348
vt 0.720223 0.151612
f 310/511/310 348/510/348 349/507/349
vt 0.422000 0.879212
vt 0.421483 0.879808
vt 0.416898 0.880873
f 353/512/353 330/513/330 371/514/371
vt 0.403727 0.875123
vt 0.408172 0.871965
vt 0.402130 0.873959
f 352/515/352 331/516/331 354/517/354
vt 0.680145 0.162643
vt 0.679778 0.162609
f 355/492/355 374/518/374 332/519/332
vt 0.636442 0.163065
vt 0.634528 0.162895
f 380/520/380 360/494/360 335/521/335
vt 0.625996 0.162244
vt 0.626409 0.162246
f 361/497/361 362/522/362 337/523/337
vt 0.622464 0.162056
vt 0.622814 0.162054
f 362/522/362 381/524/381 321/525/321
vt 0.733029 0.710536
vt 0.731295 0.714811
vt 0.731837 0.714800
f 341/526/341 384/527/384 367/528/367
vt 0.729587 0.721479
vt 0.732390 0.718757
vt 0.732095 0.717133
f 386/529/386 342/530/342 343/531/343
vt 0.724071 0.152833
vt 0.723580 0.152847
f 345/532/345 369/505/369 387/533/387
vt 0.708536 0.150098
vt 0.708840 0.150056
vt 0.703823 0.149699
f 390/534/390 346/535/346 389/536/389
vt 0.713098 0.150526
f 347/537/347 390/534/390 370/509/370
vt 0.416898 0.880870
vt 0.416260 0.881621
vt 0.411933 0.880556
f 371/538/371 351/539/351 395/540/395
vt 0.688709 0.159294
vt 0.686852 0.159852
f 396/541/396 356/487/356 375/542/375
vt 0.639905 0.163171
vt 0.636859 0.163037
f 401/543/401 380/520/380 359/544/359
vt 0.618040 0.161857
vt 0.618293 0.161870
f 381/524/381 402/545/402 363/546/363
vt 0.607171 0.161305
vt 0.607185 0.161317
vt 0.612888 0.161616
f 403/547/403 382/548/382 404/549/404
vt 0.732636 0.717101
vt 0.729587 0.721457
vt 0.732095 0.717111
f 385/550/385 386/551/386 368/552/368
vt 0.724320 0.153511
vt 0.723825 0.153518
f 344/553/344 387/533/387 408/554/408
vt 0.591344 0.865951
vt 0.585310 0.859661
vt 0.585412 0.859786
f 350/555/350 411/556/411 393/557/393
vt 0.676211 0.162930
vt 0.675941 0.162887
f 374/518/374 416/558/416 373/559/373
vt 0.671234 0.163102
vt 0.671073 0.163081
vt 0.676211 0.162929
f 417/560/417 397/561/397 416/562/416
vt 0.671234 0.163101
vt 0.665700 0.163196
vt 0.665645 0.163199
f 417/563/417 398/564/398 376/565/376
vt 0.660096 0.163248
vt 0.660126 0.163249
f 398/564/398 399/566/399 357/567/357
vt 0.654548 0.163268
vt 0.654656 0.163260
f 399/566/399 400/568/400 358/569/358
vt 0.649185 0.163266
vt 0.649375 0.163259
f 400/568/400 418/570/418 377/571/377
vt 0.644503 0.163229
vt 0.644229 0.163236
f 378/572/378 418/570/418 419/573/419
vt 0.640257 0.163152
f 419/573/419 401/543/401 379/574/379
vt 0.618040 0.161856
vt 0.613024 0.161643
f 402/575/402 404/549/404 365/576/365
vt 0.601134 0.160945
vt 0.601035 0.160941
f 403/547/403 420/577/420 364/578/364
vt 0.745807 0.770247
vt 0.745343 0.770131
vt 0.745245 0.768290
f 383/579/383 423/580/423 366/581/366
vt 0.731295 0.714810
vt 0.728644 0.719160
vt 0.729141 0.719165
f 384/582/384 425/583/425 407/584/407
vt 0.723605 0.154270
vt 0.723125 0.154237
f 388/585/388 408/554/408 426/586/426
vt 0.699004 0.149290
vt 0.688313 0.148720
f 389/536/389 409/587/409 427/588/427
vt 0.411933 0.880563
vt 0.409063 0.878671
vt 0.409667 0.877822
f 395/589/395 412/590/412 433/591/433
vt 0.396823 0.873029
vt 0.393977 0.870360
vt 0.396433 0.873559
f 372/592/372 435/593/435 413/594/413
vt 0.691247 0.158741
vt 0.688248 0.159289
f 438/595/438 396/541/396 415/596/415
vt 0.595025 0.160561
vt 0.594832 0.160561
f 439/597/439 405/598/405 420/577/420
vt 0.732746 0.771024
vt 0.732701 0.770968
vt 0.726433 0.768296
f 422/599/422 406/600/406 441/601/441
vt 0.745807 0.770244
vt 0.740564 0.770069
vt 0.745343 0.770128
f 383/602/383 443/603/443 423/604/423
vt 0.728644 0.719161
vt 0.725307 0.723658
f 407/584/407 425/605/425 444/606/444
vt 0.721336 0.154912
vt 0.721766 0.154991
f 426/586/426 428/607/428 391/608/391
vt 0.718315 0.155453
vt 0.718642 0.155557
f 428/607/428 429/609/429 392/610/392
vt 0.714211 0.155970
vt 0.714396 0.156086
f 429/609/429 445/611/445 410/612/410
vt 0.579330 0.853909
vt 0.573700 0.848198
f 411/556/411 446/613/446 394/614/394
vt 0.579330 0.853910
vt 0.568007 0.842825
f 446/615/446 432/616/432 394/614/394
vt 0.409667 0.877821
vt 0.409063 0.878670
vt 0.412659 0.872201
f 433/617/433 412/618/412 447/619/447
vt 0.396433 0.873561
vt 0.393977 0.870362
vt 0.395756 0.871573
f 413/620/413 448/621/448 434/622/434
vt 0.394235 0.869927
vt 0.397655 0.863879
vt 0.393977 0.870364
f 414/623/414 449/624/449 435/625/435
vt 0.691247 0.158740
vt 0.690833 0.158731
vt 0.694751 0.158211
f 438/626/438 437/627/437 450/628/450
vt 0.589181 0.160150
vt 0.588916 0.160158
f 439/597/439 451/629/451 421/630/421
vt 0.732746 0.771057
vt 0.726433 0.768330
vt 0.733631 0.768908
f 422/631/422 453/632/453 442/633/442
vt 0.740823 0.770156
vt 0.733687 0.768486
vt 0.740564 0.770061
f 424/634/424 455/635/455 443/636/443
vt 0.688462 0.148675
vt 0.682887 0.148475
f 427/588/427 456/637/456 457/638/457
vt 0.714211 0.155969
vt 0.709173 0.156574
vt 0.709191 0.156693
f 445/639/445 459/640/459 430/641/430
vt 0.568007 0.842826
vt 0.562020 0.838393
vt 0.562164 0.838499
f 432/642/432 460/643/460 431/644/431
vt 0.393977 0.870386
vt 0.397655 0.863901
vt 0.399438 0.865132
f 448/645/448 464/646/464 463/647/463
vt 0.397773 0.863589
vt 0.404649 0.855952
vt 0.397655 0.863884
f 436/648/436 465/649/465 449/650/449
vt 0.583941 0.159714
vt 0.583627 0.159717
f 467/651/467 440/652/440 451/629/451
vt 0.726405 0.768272
vt 0.721059 0.764782
vt 0.726433 0.768295
f 452/653/452 470/654/470 441/655/441
vt 0.412659 0.872208
vt 0.412326 0.872795
vt 0.418535 0.865274
f 447/656/447 462/657/462 474/658/474
vt 0.397655 0.863913
vt 0.404649 0.855981
vt 0.406374 0.857247
f 464/659/464 465/660/465 476/661/476
vt 0.699019 0.157710
vt 0.694404 0.158209
f 477/662/477 450/628/450 466/663/466
vt 0.583941 0.159715
vt 0.564352 0.158036
vt 0.578682 0.159269
f 467/664/467 478/665/478 468/666/468
vt 0.721059 0.764817
vt 0.727400 0.766155
f 453/632/453 481/667/481 469/668/469
vt 0.733736 0.768543
vt 0.727488 0.765775
vt 0.733687 0.768485
f 454/669/454 482/670/482 455/671/455
vt 0.725307 0.723656
vt 0.717778 0.732773
vt 0.718181 0.732745
f 444/672/444 483/673/483 472/674/472
vt 0.683008 0.148433
vt 0.666262 0.147773
f 473/675/473 484/676/484 457/638/457
vt 0.709173 0.156573
vt 0.703883 0.157181
vt 0.703741 0.157283
f 459/677/459 486/678/486 458/679/458
vt 0.562020 0.838391
vt 0.544980 0.827705
vt 0.550731 0.831114
f 460/680/460 487/681/487 461/682/461
vt 0.721059 0.764781
vt 0.720930 0.764798
vt 0.716797 0.760810
f 470/683/470 480/684/480 490/685/490
vt 0.727488 0.765774
vt 0.727523 0.765799
vt 0.721968 0.762294
f 482/686/482 471/687/471 491/688/491
vt 0.714889 0.737232
f 472/674/472 483/673/483 493/689/493
vt 0.418483 0.865566
vt 0.424918 0.858591
f 474/658/474 475/690/475 496/691/496
vt 0.703883 0.157182
vt 0.699019 0.157709
vt 0.698760 0.157757
f 486/692/486 477/693/477 485/694/485
vt 0.715879 0.762630
vt 0.713273 0.756694
vt 0.716481 0.760872
f 479/695/479 498/696/498 488/697/488
vt 0.721059 0.764805
vt 0.716797 0.760833
vt 0.722042 0.762618
f 481/698/481 490/699/490 489/700/489
vt 0.714889 0.737271
vt 0.719592 0.734751
vt 0.718181 0.732783
f 499/701/499 492/702/492 472/703/472
vt 0.717778 0.732774
vt 0.714445 0.737264
vt 0.714889 0.737233
f 483/704/483 500/705/500 493/706/493
vt 0.666299 0.147751
vt 0.655034 0.147363
vt 0.666262 0.147774
f 494/707/494 501/708/501 484/709/484
vt 0.553990 0.157482
vt 0.553671 0.157490
f 478/665/478 503/710/503 497/711/497
vt 0.716797 0.760812
vt 0.716481 0.760868
vt 0.713273 0.756690
f 490/712/490 488/713/488 504/714/504
vt 0.714445 0.737265
vt 0.712656 0.741628
f 493/706/493 500/715/500 507/716/507
vt 0.544980 0.827708
vt 0.539038 0.824769
vt 0.539142 0.824883
f 487/717/487 508/718/508 495/719/495
vt 0.424918 0.858594
vt 0.431169 0.852510
vt 0.436298 0.846762
f 496/720/496 502/721/502 509/722/509
vt 0.721968 0.762296
vt 0.717464 0.758366
vt 0.717125 0.758411
f 491/723/491 505/724/505 513/725/513
vt 0.712656 0.741658
vt 0.716167 0.739223
vt 0.714889 0.737263
f 507/726/507 506/727/506 499/728/499
vt 0.714445 0.737267
vt 0.712140 0.741647
vt 0.712656 0.741630
f 500/729/500 514/730/514 507/731/507
vt 0.655012 0.147345
vt 0.638231 0.146832
f 501/708/501 515/732/515 516/733/516
vt 0.532609 0.822227
vt 0.539142 0.824884
f 508/718/508 517/734/517 495/735/495
vt 0.548423 0.157317
vt 0.548130 0.157316
vt 0.553990 0.157483
f 520/736/520 510/737/510 503/738/503
vt 0.713273 0.756685
vt 0.711260 0.754157
vt 0.711519 0.752472
f 498/739/498 511/740/511 523/741/523
vt 0.713462 0.754301
f 505/724/505 524/742/524 513/725/513
vt 0.711081 0.745933
f 507/731/507 514/730/514 525/743/525
vt 0.436298 0.846758
vt 0.436411 0.846895
vt 0.441443 0.841705
f 509/744/509 519/745/519 527/746/527
vt 0.542521 0.157148
vt 0.542256 0.157144
f 520/736/520 530/747/530 521/748/521
vt 0.711519 0.752475
vt 0.712095 0.752427
vt 0.713273 0.756688
f 523/749/523 522/750/522 504/751/504
vt 0.717464 0.758368
vt 0.713981 0.756294
vt 0.713973 0.754242
f 505/752/505 512/753/512 532/754/532
vt 0.717464 0.758371
vt 0.713973 0.754244
vt 0.713462 0.754306
f 505/755/505 533/756/533 524/757/524
vt 0.638231 0.146833
vt 0.632620 0.146662
vt 0.626999 0.146445
f 516/758/516 526/759/526 534/760/534
vt 0.525603 0.820148
vt 0.525684 0.820247
f 517/734/517 535/761/535 518/762/518
vt 0.713973 0.754239
vt 0.711485 0.750150
f 533/763/533 538/764/538 524/742/524
vt 0.626999 0.146444
vt 0.627052 0.146448
vt 0.621496 0.146232
f 534/765/534 540/766/540 541/767/541
vt 0.511280 0.816727
f 535/761/535 542/768/542 518/762/518
vt 0.447390 0.837091
vt 0.441581 0.841828
f 544/769/544 527/746/527 528/770/528
vt 0.447552 0.837201
vt 0.453951 0.832999
f 529/771/529 546/772/546 544/769/544
vt 0.542521 0.157149
vt 0.530029 0.156940
vt 0.529828 0.156921
f 530/773/530 547/774/547 537/775/537
vt 0.713973 0.754236
vt 0.712308 0.752119
vt 0.712067 0.750109
f 532/776/532 531/777/531 539/778/539
vt 0.712067 0.750112
f 533/763/533 539/779/539 538/764/538
vt 0.712067 0.750110
vt 0.711081 0.745938
vt 0.711485 0.750148
f 539/780/539 525/781/525 538/782/538
vt 0.504749 0.815934
vt 0.511280 0.816728
vt 0.504607 0.815818
f 543/783/543 542/784/542 549/785/549
vt 0.621617 0.146230
vt 0.616244 0.146028
f 548/786/548 554/787/554 541/767/541
vt 0.475148 0.822609
vt 0.468092 0.826190
vt 0.468235 0.826310
f 556/788/556 552/789/552 545/790/545
vt 0.468092 0.826186
vt 0.453951 0.832995
vt 0.461092 0.829616
f 552/791/552 546/792/546 536/793/536
vt 0.523502 0.156890
vt 0.523335 0.156864
f 547/774/547 557/794/557 553/795/553
vt 0.504607 0.815820
vt 0.498651 0.816240
vt 0.498835 0.816350
f 549/796/549 559/797/559 550/798/550
vt 0.481766 0.819629
vt 0.475327 0.822729
f 561/799/561 556/788/556 551/800/551
vt 0.616437 0.146036
vt 0.611273 0.145828
f 558/801/558 563/802/563 554/787/554
vt 0.498651 0.816241
vt 0.487604 0.818111
f 550/798/550 559/803/559 560/804/560
vt 0.487844 0.818220
vt 0.487604 0.818112
f 555/805/555 560/806/560 561/799/561
vt 0.516766 0.156816
vt 0.516631 0.156794
f 557/794/557 565/807/565 562/808/562
vt 0.611536 0.145845
vt 0.606614 0.145631
vt 0.611273 0.145829
f 564/809/564 568/810/568 563/811/563
vt 0.606940 0.145636
vt 0.602498 0.145431
f 568/810/568 566/812/566 569/813/569
vt 0.502972 0.156801
vt 0.502892 0.156787
f 565/807/565 570/814/570 567/815/567
vt 0.602877 0.145424
vt 0.599160 0.145225
f 571/816/571 573/817/573 569/813/569
vt 0.495993 0.156857
vt 0.488936 0.156879
f 570/814/570 574/818/574 572/819/572
vt 0.488966 0.156885
vt 0.488936 0.156878
f 574/818/574 575/820/575 572/821/572
vt 0.591034 0.144607
vt 0.590608 0.144611
f 573/817/573 576/822/576 577/823/577
vt 0.587251 0.144426
f 576/822/576 579/824/579 577/823/577
vt 0.474900 0.157036
vt 0.474926 0.157029
f 575/820/575 580/825/580 578/826/578
vt 0.587648 0.144410
vt 0.583239 0.144267
f 581/827/581 583/828/583 579/824/579
vt 0.467918 0.157168
vt 0.467977 0.157159
f 580/825/580 584/829/584 582/830/582
vt 0.583586 0.144247
vt 0.578365 0.144142
f 585/831/585 587/832/587 583/828/583
vt 0.461002 0.157296
vt 0.461098 0.157293
f 584/829/584 588/833/588 586/834/586
vt 0.578628 0.144144
vt 0.572712 0.144007
vt 0.578365 0.144143
f 589/835/589 591/836/591 587/837/587
vt 0.454184 0.157453
vt 0.454323 0.157458
f 588/833/588 592/838/592 590/839/590
vt 0.572712 0.144008
vt 0.566415 0.143830
vt 0.566368 0.143814
f 591/840/591 593/841/593 594/842/594
vt 0.559597 0.143613
f 593/841/593 597/843/597 594/842/594
vt 0.447500 0.157674
vt 0.447683 0.157681
f 592/838/592 600/844/600 596/845/596
vt 0.559532 0.143623
vt 0.552663 0.143457
f 597/843/597 601/846/601 606/847/606
vt 0.441070 0.157935
vt 0.435020 0.158210
vt 0.435290 0.158229
f 607/848/607 603/849/603 598/850/598
vt 0.424163 0.158859
vt 0.424499 0.158884
f 603/849/603 604/851/604 595/852/595
vt 0.419340 0.159233
vt 0.419699 0.159251
f 604/851/604 608/853/608 599/854/599
vt 0.441299 0.157943
f 600/844/600 607/848/607 602/855/602
vt 0.552500 0.143480
vt 0.546009 0.143268
f 606/847/606 610/856/610 612/857/612
vt 0.402810 0.160783
vt 0.403164 0.160795
f 614/858/614 609/859/609 608/853/608
vt 0.288780 0.765578
vt 0.282712 0.763128
vt 0.282445 0.764958
f 605/860/605 617/861/617 611/862/611
vt 0.398453 0.161151
vt 0.398771 0.161153
f 614/858/614 620/863/620 615/864/615
vt 0.288780 0.765553
vt 0.288333 0.765491
vt 0.282712 0.763102
f 605/865/605 616/866/616 623/867/623
vt 0.282445 0.764949
vt 0.282712 0.763119
vt 0.277791 0.760242
f 611/868/611 617/869/617 624/870/624
vt 0.546009 0.143269
vt 0.545767 0.143307
vt 0.540076 0.142970
f 612/871/612 613/872/613 625/873/625
vt 0.282335 0.763053
vt 0.277791 0.760225
f 623/867/623 628/874/628 629/875/629
vt 0.277791 0.760232
vt 0.274845 0.756980
vt 0.277870 0.762019
f 624/876/624 630/877/630 618/878/618
vt 0.539776 0.143004
vt 0.523063 0.142308
f 625/873/625 619/879/619 631/880/631
vt 0.393765 0.161498
vt 0.394023 0.161498
f 620/863/620 632/881/632 626/882/626
vt 0.277791 0.760224
vt 0.274307 0.757046
vt 0.274845 0.756971
f 629/883/629 638/884/638 630/885/630
vt 0.314502 0.653922
vt 0.316077 0.648543
vt 0.319018 0.648767
f 633/886/633 634/887/634 621/888/621
vt 0.316077 0.648547
vt 0.317297 0.643114
vt 0.320007 0.643172
f 634/889/634 641/890/641 627/891/627
vt 0.317827 0.637762
vt 0.318163 0.632518
vt 0.320617 0.637720
f 636/892/636 635/893/635 622/894/622
vt 0.320007 0.643177
vt 0.317297 0.643118
vt 0.317827 0.637760
f 627/895/627 641/896/641 636/897/636
vt 0.523063 0.142307
vt 0.522768 0.142301
vt 0.516554 0.142146
f 631/898/631 639/899/639 644/900/644
vt 0.388801 0.161813
vt 0.388970 0.161830
f 632/881/632 646/901/646 640/902/640
vt 0.316728 0.648402
vt 0.316077 0.648516
vt 0.314502 0.653896
f 647/903/647 648/904/648 633/905/633
vt 0.318576 0.643423
vt 0.317297 0.643088
vt 0.316077 0.648520
f 649/906/649 650/907/650 648/908/648
vt 0.318782 0.638318
vt 0.318163 0.632485
vt 0.317827 0.637729
f 651/909/651 635/910/635 652/911/652
vt 0.318576 0.643425
vt 0.317827 0.637732
vt 0.317297 0.643090
f 649/912/649 652/913/652 650/914/650
vt 0.293156 0.764489
vt 0.292643 0.764446
vt 0.291554 0.764494
f 664/915/664 637/916/637 654/917/654
vt 0.291554 0.764499
vt 0.286119 0.763513
vt 0.286469 0.763497
f 654/918/654 642/919/642 666/920/666
vt 0.293156 0.764484
vt 0.289417 0.762994
vt 0.292643 0.764442
f 664/921/664 655/922/655 637/923/637
vt 0.289417 0.762996
vt 0.283358 0.760570
vt 0.282981 0.760519
f 655/924/655 667/925/667 643/926/643
vt 0.516311 0.142144
vt 0.509536 0.142044
f 644/900/644 659/927/659 670/928/670
vt 0.383588 0.162073
vt 0.383645 0.162104
f 646/901/646 671/929/671 645/930/645
vt 0.296475 0.715616
vt 0.295895 0.715621
vt 0.297766 0.711342
f 673/931/673 662/932/662 674/933/674
vt 0.279763 0.761972
vt 0.279411 0.762017
vt 0.273218 0.760027
f 665/934/665 653/935/653 675/936/675
vt 0.286469 0.763499
vt 0.286119 0.763515
vt 0.279763 0.761969
f 666/937/666 642/938/642 665/939/665
vt 0.283358 0.760567
vt 0.278003 0.757752
vt 0.277554 0.757762
f 667/940/667 676/941/676 656/942/656
vt 0.378153 0.162254
vt 0.378080 0.162274
f 671/929/671 686/943/686 660/944/660
vt 0.296237 0.713709
vt 0.296475 0.715623
vt 0.297766 0.711350
f 688/945/688 673/946/673 689/947/689
vt 0.273218 0.760031
vt 0.272804 0.760097
vt 0.268615 0.757786
f 675/948/675 663/949/663 679/950/679
vt 0.268615 0.757791
vt 0.268114 0.757862
vt 0.266452 0.755125
f 679/951/679 657/952/657 692/953/692
vt 0.472358 0.142403
vt 0.465347 0.142561
vt 0.472192 0.142409
f 658/954/658 682/955/682 683/956/683
vt 0.479452 0.142272
vt 0.472192 0.142410
vt 0.479332 0.142273
f 668/957/668 683/958/683 694/959/694
vt 0.440272 0.143236
vt 0.440443 0.143238
vt 0.433956 0.143453
f 697/960/697 669/961/669 696/962/696
vt 0.509360 0.142046
vt 0.502126 0.142066
f 670/928/670 680/963/680 698/964/698
vt 0.372891 0.162375
vt 0.372687 0.162384
f 699/965/699 672/966/672 686/943/686
vt 0.299916 0.707103
vt 0.297766 0.711344
vt 0.297213 0.711325
f 702/967/702 674/968/674 661/969/661
vt 0.278003 0.757753
vt 0.274478 0.754568
vt 0.273937 0.754634
f 676/970/676 704/971/704 690/972/690
vt 0.267226 0.751920
vt 0.266452 0.755129
vt 0.265909 0.755202
f 706/973/706 692/974/692 678/975/678
vt 0.446526 0.143013
vt 0.440272 0.143235
f 682/955/682 681/976/681 697/977/697
vt 0.486892 0.142189
vt 0.486836 0.142196
f 684/978/684 694/959/694 707/979/707
vt 0.434076 0.143446
vt 0.427583 0.143684
vt 0.433956 0.143452
f 685/980/685 709/981/709 696/982/696
vt 0.368198 0.162456
vt 0.367882 0.162478
f 699/965/699 710/983/710 700/984/700
vt 0.297446 0.709455
vt 0.297766 0.711356
vt 0.299916 0.707115
f 703/985/703 689/986/689 702/987/702
vt 0.274478 0.754566
vt 0.273908 0.751031
vt 0.273375 0.751094
f 704/988/704 705/989/705 677/990/677
vt 0.275595 0.747168
vt 0.275178 0.747212
f 717/991/717 691/992/691 705/989/705
vt 0.502028 0.142060
vt 0.494501 0.142141
f 698/964/698 693/993/693 719/994/719
vt 0.494483 0.142127
f 719/994/719 695/995/695 707/979/707
vt 0.274244 0.744293
vt 0.270102 0.748262
vt 0.274049 0.744347
f 722/996/722 712/997/712 687/998/687
vt 0.278840 0.743002
vt 0.275595 0.747169
f 726/999/726 691/992/691 717/1000/717
vt 0.270102 0.748275
vt 0.267226 0.751917
vt 0.266756 0.752002
f 712/1001/712 706/1002/706 701/1003/701
vt 0.427638 0.143670
vt 0.421364 0.143948
vt 0.427583 0.143683
f 708/1004/708 730/1005/730 709/1006/709
vt 0.364505 0.162476
vt 0.364102 0.162510
f 710/983/710 731/1007/731 720/1008/720
vt 0.283913 0.735720
vt 0.279049 0.740080
vt 0.279022 0.740101
f 733/1009/733 721/1010/721 711/1011/711
vt 0.279049 0.740085
f 721/1012/721 722/996/722 687/998/687
vt 0.295375 0.713429
vt 0.293485 0.722290
vt 0.294035 0.722264
f 737/1013/737 734/1014/734 713/1015/713
vt 0.293485 0.722289
vt 0.291395 0.726778
vt 0.291891 0.726774
f 734/1016/734 745/1017/745 723/1018/723
vt 0.288230 0.731262
vt 0.283913 0.735714
vt 0.284101 0.735733
f 735/1019/735 733/1020/733 714/1021/714
vt 0.291891 0.726775
vt 0.288230 0.731263
f 723/1022/723 745/1017/745 735/1023/735
vt 0.298577 0.704904
vt 0.296610 0.709140
vt 0.297163 0.709162
f 738/1024/738 736/1025/736 716/1026/716
vt 0.295375 0.713430
vt 0.295954 0.713429
f 736/1025/736 737/1027/737 715/1028/715
vt 0.278840 0.743015
vt 0.283006 0.738611
vt 0.283076 0.738674
f 726/1029/726 750/1030/750 739/1031/739
vt 0.404401 0.144840
vt 0.404142 0.144824
vt 0.399646 0.145174
f 741/1032/741 727/1033/727 751/1034/751
vt 0.409680 0.144529
vt 0.409492 0.144523
f 742/1035/742 718/1036/718 741/1032/741
vt 0.415372 0.144235
vt 0.415266 0.144237
vt 0.409680 0.144530
f 752/1037/752 728/1038/728 742/1039/742
vt 0.421341 0.143943
vt 0.415372 0.144234
f 730/1005/730 729/1040/729 752/1041/752
vt 0.364505 0.162477
vt 0.362244 0.162413
vt 0.361787 0.162433
f 731/1042/731 754/1043/754 743/1044/743
vt 0.322495 0.640368
vt 0.325432 0.638368
vt 0.328535 0.640301
f 732/1045/732 755/1046/755 744/1047/744
vt 0.301824 0.700651
vt 0.301577 0.700665
vt 0.298577 0.704900
f 746/1048/746 758/1049/758 738/1050/738
vt 0.287697 0.734080
vt 0.283006 0.738619
vt 0.287457 0.734046
f 740/1051/740 750/1052/750 747/1053/747
vt 0.291620 0.729396
vt 0.291981 0.729399
vt 0.287457 0.734052
f 759/1054/759 724/1055/724 747/1056/747
vt 0.294923 0.724743
f 724/1055/724 759/1054/759 748/1057/748
vt 0.297960 0.720161
vt 0.294923 0.724755
vt 0.297415 0.720136
f 725/1058/725 748/1059/748 760/1060/760
vt 0.324639 0.641859
vt 0.325432 0.638333
vt 0.322495 0.640333
f 766/1061/766 768/1062/768 732/1063/732
vt 0.328535 0.640300
vt 0.325432 0.638367
vt 0.325240 0.638031
f 744/1064/744 755/1065/755 769/1066/769
vt 0.305440 0.696410
f 775/1067/775 758/1049/758 746/1048/746
vt 0.299145 0.715580
f 761/1068/761 725/1058/725 760/1060/760
vt 0.302919 0.706452
vt 0.299145 0.715581
vt 0.302357 0.706418
f 749/1069/749 761/1070/761 776/1071/776
vt 0.394966 0.145526
vt 0.383243 0.146575
f 751/1034/751 753/1072/753 778/1073/778
vt 0.324276 0.641616
vt 0.325432 0.638349
vt 0.324639 0.641876
f 782/1074/782 783/1075/783 766/1076/766
vt 0.325240 0.638014
f 782/1074/782 784/1077/784 783/1075/783
vt 0.359122 0.162009
vt 0.358632 0.162002
f 788/1078/788 771/1079/771 754/1043/754
vt 0.357701 0.161858
vt 0.357226 0.161860
f 789/1080/789 756/1081/756 788/1078/788
vt 0.316006 0.691518
vt 0.315280 0.690177
vt 0.319614 0.685811
f 763/1082/763 764/1083/764 793/1084/793
vt 0.315280 0.690161
vt 0.315378 0.690185
vt 0.319614 0.685795
f 764/1085/764 777/1086/777 794/1087/794
vt 0.382936 0.146571
vt 0.378792 0.146898
f 778/1073/778 765/1088/765 795/1089/795
vt 0.329768 0.639380
vt 0.325240 0.638033
vt 0.326555 0.637393
f 767/1090/767 769/1091/769 801/1092/801
vt 0.325025 0.647726
vt 0.324276 0.641612
vt 0.324639 0.641872
f 804/1093/804 782/1094/782 766/1095/766
vt 0.326555 0.637359
vt 0.325240 0.637999
vt 0.324276 0.641601
f 805/1096/805 806/1097/806 807/1098/807
vt 0.333123 0.670923
vt 0.335716 0.667715
vt 0.335639 0.666802
f 787/1099/787 770/1100/770 809/1101/809
vt 0.355618 0.161703
vt 0.355178 0.161709
f 789/1080/789 811/1102/811 772/1103/772
vt 0.306380 0.697416
vt 0.315760 0.688788
vt 0.314843 0.687786
f 757/1104/757 773/1105/773 813/1106/813
vt 0.315760 0.688792
vt 0.320729 0.684573
vt 0.315065 0.688029
f 773/1107/773 774/1108/774 814/1109/814
vt 0.309994 0.692122
vt 0.305440 0.696417
vt 0.305478 0.696359
f 816/1110/816 775/1111/775 790/1112/790
vt 0.305022 0.701830
vt 0.302357 0.706417
vt 0.304487 0.701783
f 762/1113/762 776/1114/776 817/1115/817
vt 0.334280 0.647436
vt 0.332899 0.643944
vt 0.333276 0.643223
f 803/1116/803 781/1117/781 802/1118/802
vt 0.333276 0.643232
vt 0.329768 0.639357
vt 0.330628 0.638820
f 802/1119/802 767/1120/767 824/1121/824
vt 0.325025 0.647720
vt 0.325408 0.640894
vt 0.324276 0.641606
f 825/1122/825 826/1123/826 807/1124/807
vt 0.335639 0.666791
vt 0.336228 0.663190
vt 0.336662 0.662330
f 809/1125/809 785/1126/785 808/1127/808
vt 0.335639 0.666796
vt 0.335117 0.666691
vt 0.333123 0.670917
f 830/1128/830 831/1129/831 787/1130/787
vt 0.307645 0.697228
vt 0.304487 0.701782
vt 0.307152 0.697156
f 791/1131/791 817/1132/817 832/1133/832
vt 0.324079 0.681604
vt 0.319614 0.685783
vt 0.319434 0.685749
f 834/1134/834 794/1135/794 819/1136/819
vt 0.378547 0.146888
vt 0.373720 0.147208
f 795/1089/795 796/1137/796 835/1138/835
vt 0.362719 0.147791
vt 0.362740 0.147794
vt 0.357224 0.148063
f 820/1139/820 797/1140/797 836/1141/836
vt 0.368278 0.147506
vt 0.368209 0.147519
f 821/1142/821 779/1143/779 820/1139/820
vt 0.373558 0.147210
f 835/1138/835 798/1144/798 821/1142/821
vt 0.319614 0.685824
vt 0.324079 0.681645
vt 0.325115 0.683025
f 793/1145/793 822/1146/822 780/1147/780
vt 0.324079 0.681639
vt 0.327832 0.677433
vt 0.328627 0.678762
f 822/1148/822 838/1149/838 799/1150/799
vt 0.326721 0.653225
vt 0.325455 0.647858
f 823/1151/823 804/1093/804 800/1152/800
vt 0.330628 0.638838
vt 0.326555 0.637388
vt 0.327944 0.636973
f 824/1153/824 801/1154/801 839/1155/839
vt 0.334280 0.647443
vt 0.333276 0.643230
vt 0.332792 0.643254
f 803/1156/803 840/1157/840 841/1158/841
vt 0.333276 0.643227
vt 0.330628 0.638815
vt 0.330334 0.638918
f 840/1159/840 842/1160/842 843/1161/843
vt 0.327944 0.636943
vt 0.326555 0.637358
vt 0.325408 0.640888
f 845/1162/845 805/1163/805 826/1164/826
vt 0.336662 0.662334
vt 0.335639 0.666795
f 808/1165/808 831/1129/831 830/1166/830
vt 0.332624 0.670842
vt 0.328887 0.675025
vt 0.329318 0.675093
f 829/1167/829 828/1168/828 786/1169/786
vt 0.328887 0.675024
vt 0.324413 0.679243
vt 0.324723 0.679306
f 828/1170/828 848/1171/848 810/1172/810
vt 0.335117 0.666685
vt 0.332624 0.670845
vt 0.333123 0.670911
f 831/1173/831 829/1174/829 787/1175/787
vt 0.352720 0.161544
vt 0.352338 0.161537
f 811/1102/811 850/1176/850 812/1177/812
vt 0.315065 0.688007
vt 0.319835 0.683532
vt 0.314843 0.687769
f 814/1178/814 815/1179/815 813/1180/813
vt 0.310714 0.692631
vt 0.307152 0.697152
vt 0.310341 0.692557
f 792/1181/792 832/1182/832 833/1183/833
vt 0.314042 0.687995
vt 0.314153 0.688011
vt 0.310341 0.692538
f 852/1184/852 818/1185/818 833/1186/833
vt 0.327832 0.677397
vt 0.323741 0.681566
f 838/1187/838 834/1134/834 853/1188/853
vt 0.326721 0.653221
vt 0.325860 0.646914
vt 0.325025 0.647722
f 823/1189/823 844/1190/844 825/1191/825
vt 0.330628 0.638810
vt 0.327944 0.636944
vt 0.327918 0.637093
f 842/1192/842 856/1193/856 857/1194/857
vt 0.333276 0.643229
vt 0.330334 0.638920
vt 0.332792 0.643253
f 840/1195/840 843/1196/843 841/1197/841
vt 0.334280 0.647442
vt 0.333780 0.647370
f 803/1198/803 841/1158/841 858/1199/858
vt 0.330628 0.638812
vt 0.327918 0.637095
vt 0.330334 0.638915
f 842/1200/842 857/1201/857 843/1202/843
vt 0.335117 0.666697
vt 0.336662 0.662340
vt 0.336150 0.662190
f 831/1203/831 808/1204/808 860/1205/860
vt 0.335988 0.657132
vt 0.334339 0.651773
vt 0.335510 0.656963
f 827/1206/827 847/1207/847 846/1208/846
vt 0.336662 0.662338
vt 0.336150 0.662188
f 808/1209/808 846/1208/846 860/1210/860
vt 0.333780 0.647371
f 847/1207/847 803/1156/803 858/1211/858
vt 0.324723 0.679307
vt 0.319711 0.683509
f 810/1212/810 848/1171/848 849/1213/849
vt 0.314843 0.687767
vt 0.314874 0.687815
vt 0.309994 0.692124
f 813/1214/813 861/1215/861 816/1216/816
vt 0.314042 0.687994
vt 0.318182 0.683590
f 852/1217/852 862/1218/862 818/1185/818
vt 0.357328 0.148055
vt 0.351976 0.148324
f 837/1219/837 864/1220/864 836/1141/836
vt 0.326942 0.640439
vt 0.327918 0.637094
vt 0.327944 0.636945
f 859/1221/859 865/1222/865 845/1223/845
vt 0.319711 0.683519
f 849/1224/849 861/1215/861 813/1214/813
vt 0.348939 0.161364
vt 0.348636 0.161345
f 850/1176/850 867/1225/867 851/1226/851
vt 0.327052 0.640525
vt 0.327918 0.637101
vt 0.326942 0.640445
f 879/1227/879 880/1228/880 859/1229/859
vt 0.322686 0.679398
vt 0.322367 0.679347
vt 0.318182 0.683577
f 882/1230/882 863/1231/863 862/1232/862
vt 0.346920 0.148574
vt 0.342250 0.148809
vt 0.337187 0.149047
f 871/1233/871 854/1234/854 883/1235/883
vt 0.352149 0.148320
vt 0.346920 0.148573
f 855/1236/855 871/1237/871 864/1220/864
vt 0.327515 0.646357
vt 0.327052 0.640527
vt 0.326942 0.640447
f 881/1238/881 879/1239/879 859/1240/859
vt 0.329084 0.651754
vt 0.327515 0.646358
vt 0.327112 0.646236
f 886/1241/886 881/1242/881 866/1243/866
vt 0.344209 0.161147
vt 0.343999 0.161137
f 867/1225/867 887/1244/887 868/1245/868
vt 0.326903 0.675269
vt 0.326495 0.675219
vt 0.322686 0.679399
f 888/1246/888 869/1247/869 882/1248/882
vt 0.337187 0.149046
vt 0.323297 0.149781
vt 0.323046 0.149815
f 883/1249/883 870/1250/870 890/1251/890
vt 0.330898 0.656859
vt 0.330425 0.656773
vt 0.332093 0.661820
f 892/1252/892 872/1253/872 891/1254/891
vt 0.322767 0.159777
vt 0.322936 0.159758
vt 0.327964 0.160198
f 895/1255/895 874/1256/874 894/1257/894
vt 0.313180 0.150476
f 870/1250/870 899/1258/899 890/1251/890
vt 0.332057 0.666568
vt 0.332093 0.661823
vt 0.331592 0.661713
f 901/1259/901 891/1260/891 884/1261/884
vt 0.329084 0.651753
vt 0.328621 0.651657
f 892/1252/892 886/1262/886 885/1263/885
vt 0.338910 0.160885
vt 0.333420 0.160568
vt 0.333417 0.160555
f 898/1264/898 893/1265/893 878/1266/878
vt 0.328057 0.160173
f 893/1265/893 894/1257/894 873/1267/873
vt 0.322767 0.159776
vt 0.307984 0.158338
vt 0.317979 0.159309
f 895/1268/895 896/1269/896 875/1270/875
vt 0.307984 0.158339
vt 0.297785 0.157431
vt 0.303164 0.157843
f 896/1271/896 897/1272/897 876/1273/876
vt 0.338910 0.160884
vt 0.338801 0.160883
f 887/1244/887 898/1274/898 877/1275/877
vt 0.326903 0.675282
vt 0.330177 0.671025
vt 0.329699 0.670934
f 888/1276/888 903/1277/903 889/1278/889
vt 0.332057 0.666563
f 903/1277/903 901/1279/901 889/1278/889
vt 0.297785 0.157429
vt 0.292417 0.157074
vt 0.292517 0.157101
f 897/1280/897 907/1281/907 902/1282/902
vt 0.313369 0.150425
vt 0.302591 0.151248
f 900/1283/900 910/1284/910 899/1258/899
vt 0.297139 0.151676
vt 0.297136 0.151647
vt 0.291682 0.152187
f 916/1285/916 906/1286/906 915/1287/915
vt 0.292417 0.157073
vt 0.286928 0.156746
vt 0.286941 0.156817
f 907/1288/907 917/1289/917 911/1290/911
vt 0.281350 0.153300
vt 0.281077 0.153289
vt 0.277052 0.153858
f 913/1291/913 908/1292/908 919/1293/919
vt 0.286370 0.152740
vt 0.286187 0.152708
f 914/1294/914 904/1295/904 913/1291/913
vt 0.291682 0.152186
vt 0.291591 0.152154
f 915/1296/915 905/1297/905 914/1294/914
vt 0.302666 0.151205
f 909/1298/909 916/1285/916 910/1284/910
vt 0.276696 0.153869
vt 0.273905 0.154409
f 919/1293/919 912/1299/912 922/1300/922
vt 0.281386 0.156398
vt 0.281267 0.156493
f 917/1289/917 923/1301/923 920/1302/920
vt 0.271869 0.154940
vt 0.271397 0.154951
vt 0.270906 0.155440
f 924/1303/924 921/1304/921 925/1305/925
vt 0.273479 0.154417
f 922/1300/922 918/1306/918 924/1303/924
vt 0.276542 0.156115
vt 0.276281 0.156220
f 923/1301/923 928/1307/928 926/1308/926
vt 0.271253 0.155818
vt 0.270421 0.155491
f 930/1309/930 925/1305/925 927/1310/927
vt 0.273148 0.155982
vt 0.272770 0.156091
f 928/1307/928 932/1311/932 931/1312/931
vt 0.270797 0.155913
f 932/1311/932 930/1309/930 929/1313/929
# 516 faces, 1313 coords texture

# End of File
