####
#
# OBJ File Generated by Meshlab
#
####
# Object border.obj
#
# Vertices: 1707
# Faces: 1190
#
####
mtllib ./border.obj.mtl

vn 0.410786 -1.273857 -0.440799
v 14.026146 9.068968 0.211449
vn 0.857898 -0.956364 -0.454759
v 13.728851 8.864626 0.189698
vn 0.528441 -1.344953 -2.157571
v 14.022631 9.080843 0.173856
vn 0.252254 0.011709 -3.342377
v 13.860764 8.995653 0.162999
vn 0.278194 -1.668547 -0.506062
v 14.199001 9.134127 0.184233
vn 2.141475 -1.778954 -0.554353
v 13.603260 8.725159 0.178816
vn 1.138342 -1.225583 -0.561967
v 13.721685 8.875978 0.152306
vn 0.191057 -1.305233 -0.388581
v 14.199194 9.122889 0.222076
vn 0.171017 -0.035046 -2.973467
v 14.195445 9.150459 0.183820
vn 0.190640 -0.041040 -3.298234
v 14.199001 9.134127 0.184233
vn 0.076460 0.031307 -1.545287
v 14.016021 9.096160 0.173806
vn 0.105463 0.143369 -2.911244
v 13.851446 9.009618 0.163351
vn 0.125980 0.154049 -3.290154
v 13.721685 8.875978 0.152306
vn 0.148498 -0.014280 -2.958140
v 14.381069 9.174833 0.193392
vn -0.021672 -1.696650 -0.548456
v 14.381584 9.158096 0.193494
vn 0.213536 -0.193278 -0.088324
v 13.348676 8.437958 0.117000
vn 0.115048 0.140011 -2.999397
v 13.710386 8.888521 0.152459
vn 0.166320 -0.013733 -3.317417
v 14.381584 9.158096 0.193494
vn -0.043917 -1.286338 -0.420231
v 14.379023 9.145849 0.231250
vn 0.126681 0.139482 -3.060999
v 13.348676 8.437958 0.117000
vn 0.146032 0.029053 -2.935718
v 14.567012 9.165645 0.202541
vn -0.347255 -1.624523 -0.603427
v 14.564732 9.148981 0.202255
vn 0.106086 0.178456 -3.289495
v 13.200263 8.312086 0.105121
vn 0.925957 -0.875968 -0.461726
v 13.219278 8.287823 0.142332
vn 0.165946 0.033271 -3.339968
v 14.564732 9.148981 0.202255
vn -0.299053 -1.249476 -0.472083
v 14.560019 9.135893 0.239881
vn 0.097039 0.165623 -3.036235
v 13.211596 8.299488 0.104796
vn 1.203958 -1.164558 -0.610841
v 13.211596 8.299488 0.104796
vn 0.143273 -0.010526 -3.012886
v 14.747387 9.119261 0.211289
vn -0.125134 -0.383595 -0.114756
v 14.742779 9.103012 0.211134
vn 0.827006 -0.955888 -0.483497
v 13.065952 8.160323 0.130810
vn 0.075126 0.171567 -3.019014
v 13.058998 8.173277 0.093305
vn 0.155981 -0.012696 -3.289175
v 14.742779 9.103012 0.211134
vn 1.072137 -1.272860 -0.631349
v 13.058998 8.173277 0.093305
vn 0.081947 0.183573 -3.251781
v 13.049227 8.187005 0.093845
vn 0.142098 -0.007862 -3.065468
v 14.923038 9.049696 0.219640
vn -1.031312 -2.471182 -0.535378
v 14.909323 9.023450 0.257556
vn 0.718067 -1.068423 -0.451980
v 12.892075 8.049423 0.120887
vn 0.111791 0.102408 -2.971911
v 12.886894 8.061916 0.083124
vn 0.128455 -0.045524 -3.226776
v 15.087496 8.955603 0.227503
vn -0.167336 -0.357817 -0.093089
v 15.087496 8.955603 0.227503
vn 0.909053 -1.407448 -0.583253
v 12.886894 8.061916 0.083124
vn 0.126946 0.110086 -3.303647
v 12.879430 8.076917 0.083348
vn 0.109867 -0.076718 -3.088948
v 15.263389 8.885308 0.235484
vn 0.536568 -1.190969 -0.416892
v 12.701193 7.968323 0.111489
vn 0.139455 0.029338 -2.910714
v 12.698296 7.980323 0.073479
vn 0.200343 0.057606 -3.016922
v 15.753023 8.598709 0.260041
vn -1.280930 -2.457316 -0.753196
v 15.246149 8.859077 0.272606
vn 0.653591 -1.550298 -0.542814
v 12.698296 7.980323 0.073479
vn 0.162310 0.032282 -3.365642
v 12.693539 7.996411 0.073401
vn 0.249345 0.126531 -3.222888
v 15.760365 8.613991 0.261209
vn 0.284512 -2.537149 -0.886321
v 12.496863 7.930229 0.101539
vn 0.131508 0.046443 -2.965628
v 12.496216 7.943411 0.063597
vn 0.151561 0.128903 -1.683408
v 16.104012 8.465900 0.283356
vn 0.325761 -2.989037 -1.044021
v 12.496216 7.943411 0.063597
vn 0.146466 0.053265 -3.310915
v 12.494225 7.960080 0.063773
vn 0.129719 0.111547 -1.436707
v 16.098829 8.449890 0.281645
vn -0.012615 -0.344284 -0.122131
v 12.284045 7.941746 0.054414
vn 0.120324 0.077388 -3.020364
v 12.284045 7.941746 0.054414
vn 0.134645 0.130425 -1.639251
v 16.467636 8.376781 0.309268
vn 0.129425 0.082889 -3.255432
v 12.284657 7.958575 0.054874
vn -0.129399 -1.322411 -0.478523
v 12.063306 7.952378 0.084723
vn 0.106797 0.026147 -3.026484
v 12.065178 7.965890 0.046876
vn 0.117706 0.114410 -1.436997
v 16.466345 8.360098 0.307834
vn -0.177391 -1.614189 -0.580506
v 12.065178 7.965890 0.046876
vn 0.114504 0.025082 -3.252466
v 12.068002 7.982556 0.047112
vn 0.145322 0.115504 -1.746174
v 16.652147 8.367681 0.323657
vn -0.286296 -1.325921 -0.450813
v 11.844309 8.003061 0.077816
vn 0.094141 -0.034421 -3.023259
v 11.846838 8.015405 0.039904
vn 0.442537 -1.426026 -2.106060
v 16.653477 8.350992 0.322676
vn 0.251836 0.286971 -3.301400
v 16.833801 8.398824 0.340825
vn -0.361785 -1.583225 -0.541147
v 11.846838 8.015405 0.039904
vn -0.437837 -1.285006 -0.459843
v 11.632294 8.077633 0.070288
vn 0.156008 0.186195 -3.068037
v 11.636230 8.089842 0.032423
vn 0.105184 -0.030000 -3.304592
v 11.851414 8.031732 0.039852
vn 0.223074 0.258945 -2.939900
v 16.838049 8.382699 0.339737
vn 0.089319 0.058696 -3.061909
v 10.979486 8.388252 0.017362
vn -0.487353 -1.419675 -0.510755
v 11.636230 8.089842 0.032423
vn 0.238738 -1.133922 -0.475416
v 16.648289 8.334560 0.359263
vn 0.637847 -1.626340 -0.729783
v 16.838049 8.382699 0.339737
vn 0.206021 0.338636 -3.268888
v 17.008139 8.462931 0.359476
vn 0.093861 0.060980 -3.232190
v 10.973943 8.372190 0.016898
vn -0.568702 -1.365099 -0.566109
v 10.970118 8.358323 0.054179
vn 0.441883 -1.063015 -0.481053
v 16.835508 8.365160 0.376160
vn 0.187219 0.307154 -2.967588
v 17.015406 8.447989 0.358377
vn -0.584915 -1.440002 -0.591784
v 10.973943 8.372190 0.016898
vn 0.070806 0.025962 -3.225557
v 10.738672 8.447641 0.012063
vn 0.174313 -0.341315 -0.156673
v 17.015406 8.447989 0.358377
vn 0.232347 0.275150 -3.339563
v 17.170689 8.552724 0.378317
vn -0.410068 -1.310365 -0.494594
v 10.735736 8.434404 0.049567
vn -0.460224 -1.512900 -0.566758
v 10.738672 8.447641 0.012063
vn 0.066755 0.023244 -3.055789
v 10.743076 8.464030 0.012287
vn 0.204163 0.236632 -2.907480
v 17.180874 8.539634 0.377957
vn -0.300268 -1.346234 -0.468938
v 10.493609 8.490698 0.045372
vn 0.048184 0.002592 -3.232025
v 10.495363 8.503440 0.007669
vn 1.486253 -1.970763 -0.928001
v 17.182178 8.523287 0.414761
vn 1.843677 -2.364649 -1.115614
v 17.180874 8.539634 0.377957
vn 0.282154 0.232636 -3.419537
v 17.306658 8.672748 0.397134
vn -0.333540 -1.555082 -0.543490
v 10.495363 8.503440 0.007669
vn 0.045245 0.002882 -3.050176
v 10.498153 8.520127 0.007721
vn 1.583117 -0.975806 -0.497359
v 17.319452 8.662250 0.397484
vn 0.232156 0.192707 -2.829212
v 17.319452 8.662250 0.397484
vn -0.180756 -1.374778 -0.495929
v 10.242041 8.524220 0.042395
vn 0.032836 0.050184 -3.279221
v 10.241968 8.537751 0.004912
vn 1.016739 -0.586122 -0.301863
v 17.322659 8.648570 0.434848
vn 0.194261 0.278045 -3.366931
v 17.401257 8.827550 0.415709
vn -0.184766 -1.558556 -0.564616
v 10.241968 8.537751 0.004912
vn 0.029862 0.047642 -3.002943
v 10.242611 8.554592 0.005181
vn 1.761516 -0.555304 -0.493811
v 17.416142 8.820457 0.415969
vn 0.163034 0.239529 -2.885107
v 17.416142 8.820457 0.415969
vn 0.009225 -1.378418 -0.519841
v 9.988194 8.522760 0.040159
vn 0.017819 0.092680 -3.333209
v 9.986116 8.536813 0.002859
vn 1.139427 -0.327517 -0.317411
v 17.423120 8.808470 0.453387
vn 0.140080 0.289857 -3.329151
v 17.456778 9.003901 0.433640
vn 0.038603 -1.559016 -0.585417
v 9.986116 8.536813 0.002859
vn 0.015873 0.081824 -2.947793
v 9.984264 8.553527 0.003318
vn 0.381062 -0.070315 -0.078114
v 17.472939 9.000557 0.434022
vn 0.127178 0.254716 -2.923369
v 17.472939 9.000557 0.434022
vn 0.343869 0.287197 -3.351078
v 17.475513 9.188568 0.450526
vn 0.272299 -1.344533 -0.483388
v 9.739244 8.474117 0.038180
vn 0.007390 0.044763 -3.310297
v 9.735447 8.486866 0.000580
vn 0.305997 0.247644 -2.872972
v 17.491846 9.188843 0.452252
vn 0.339285 -1.552665 -0.556640
v 9.735447 8.486866 0.000580
vn 0.007435 0.038539 -2.972620
v 9.730935 8.503032 0.000784
vn 2.649317 0.087089 -0.336020
v 17.496773 9.186098 0.490387
vn 3.142803 0.097673 -0.399016
v 17.491846 9.188843 0.452252
vn 0.601444 0.366622 -3.362449
v 17.450327 9.369808 0.463306
vn 0.493954 -1.286930 -0.447872
v 9.500651 8.383744 0.037940
vn -0.009309 -0.017411 -3.290781
v 9.495097 8.394793 0.000066
vn 1.546704 0.657466 -0.076148
v 17.465401 9.374046 0.466497
vn 0.505869 0.306076 -2.784543
v 17.465401 9.374046 0.466497
vn 0.595031 -1.492042 -0.524564
v 9.495097 8.394793 0.000066
vn -0.008136 -0.016233 -2.992004
v 9.488026 8.410065 0.000000
vn 1.311308 0.610134 -0.051235
v 17.465820 9.376407 0.505337
vn 0.613939 0.556354 -3.399570
v 17.374075 9.535870 0.468915
vn 0.668818 -1.193291 -0.465366
v 9.277860 8.257105 0.040915
vn -0.053595 -0.017968 -3.281276
v 9.270198 8.267476 0.003310
vn 1.248138 1.181956 -0.063794
v 17.386145 9.544895 0.472583
vn 0.486056 0.445785 -2.702954
v 17.386145 9.544895 0.472583
vn 0.800899 -1.388839 -0.548009
v 9.270198 8.267476 0.003310
vn -0.049372 -0.015843 -3.001118
v 9.260951 8.281578 0.003386
vn 0.971610 1.002575 -0.051722
v 17.386585 9.546488 0.511727
vn 0.269094 0.789959 -3.535700
v 17.250740 9.655540 0.473443
vn 0.816657 -1.078284 -0.480788
v 9.073516 8.099511 0.045932
vn -0.089969 -0.026164 -3.296678
v 9.064287 8.109187 0.008555
vn 0.552468 1.713848 -0.034093
v 17.258575 9.668752 0.476984
vn 0.197085 0.565842 -2.567418
v 17.258575 9.668752 0.476984
vn 0.932844 -1.214477 -0.543068
v 9.064287 8.109187 0.008555
vn -0.079717 -0.024153 -2.983425
v 9.053391 8.122153 0.008751
vn 0.328247 1.276442 -0.021313
v 17.262096 9.668498 0.515999
vn -0.133204 0.725355 -3.359134
v 17.084303 9.697606 0.482978
vn 0.059154 -0.218002 -3.013637
v 8.532574 7.548359 0.031923
vn -0.045219 1.931056 -0.054426
v 17.087191 9.712978 0.486161
vn -0.099432 0.586943 -2.776389
v 17.087191 9.712978 0.486161
vn 1.994066 -1.929030 -0.923635
v 8.716084 7.724813 0.059581
vn 0.195112 -0.213794 -0.078545
v 8.532574 7.548359 0.031923
vn 0.066603 -0.235457 -3.250642
v 8.521517 7.561094 0.030775
vn -0.070003 1.218654 -0.036045
v 17.095390 9.714586 0.524603
vn -0.256039 0.461190 -3.256007
v 16.898294 9.686234 0.494667
vn 0.045238 -0.236605 -2.933583
v 8.342336 7.390825 0.042038
vn -0.405387 1.949299 -0.163750
v 16.896673 9.702356 0.497046
vn -0.226637 0.402892 -2.945459
v 16.896673 9.702356 0.497046
vn 0.836402 -1.028268 -0.283908
v 8.346936 7.384027 0.080211
vn 1.077316 -1.370824 -0.381035
v 8.342336 7.390825 0.042038
vn 0.050236 -0.266783 -3.329071
v 8.333106 7.404793 0.040768
vn -0.249944 1.112736 -0.100176
v 16.906803 9.708033 0.534830
vn -0.231441 0.128922 -3.260170
v 16.716263 9.645593 0.505652
vn 1.033762 -2.466978 -0.700321
v 8.127911 7.264027 0.085973
vn -0.006209 -0.155864 -2.956772
v 8.124060 7.273233 0.047859
vn -0.638155 1.766343 -0.378969
v 16.711708 9.661666 0.506566
vn -0.207267 0.104215 -3.000947
v 16.711708 9.661666 0.506566
vn 1.196004 -2.833264 -0.805186
v 8.124060 7.273233 0.047859
vn -0.009157 -0.170737 -3.317951
v 8.117421 7.288515 0.047080
vn 0.114433 -0.850337 -0.187679
v 15.928476 6.720840 16.311583
vn -0.420714 1.114960 -0.255519
v 16.716671 9.672113 0.543980
vn -0.080029 -0.072787 -1.736629
v 16.540071 9.581310 0.517566
vn 0.066537 -0.307892 -0.083698
v 7.892580 7.198219 0.052628
vn -0.062115 -0.073329 -2.955824
v 7.892580 7.198219 0.052628
vn 1.690430 -1.877135 -0.616596
v 16.043270 6.734969 16.317560
vn -0.131627 -1.145684 -0.178074
v 15.985944 6.682603 16.663603
vn -0.134790 0.113665 -1.566437
v 16.533617 9.596901 0.517191
vn -0.070275 -0.080544 -3.323238
v 7.889175 7.214490 0.052308
vn 0.011265 -1.016485 -0.191501
v 16.067352 6.700431 16.488728
vn -0.287359 -2.110857 0.050099
v 16.007284 6.671968 16.847162
vn -0.034344 -0.926864 0.263344
v 16.039965 6.681140 17.035397
vn -0.127917 -0.254900 -2.871841
v 16.363724 9.514058 0.531390
vn 0.156100 -1.284946 -0.347079
v 7.662680 7.158097 0.097768
vn -0.086682 -0.091461 -2.891987
v 7.662732 7.168417 0.059585
vn 0.956714 0.119226 -0.093031
v 16.067352 6.700431 16.488728
vn 1.037062 -0.141019 -0.174361
v 16.062223 6.840983 16.344547
vn -0.232035 -1.922599 -0.248927
v 16.080837 6.671477 16.665043
vn -0.008331 -0.011581 -0.155304
v 16.209415 9.403806 0.548049
vn 0.169401 -1.733366 -0.466067
v 7.662732 7.168417 0.059585
vn -0.100829 -0.107462 -3.385802
v 7.663085 7.184942 0.059050
vn -0.117691 -2.087890 0.523656
v 16.139557 6.675304 17.027845
vn -0.432938 -3.187799 0.123497
v 16.099611 6.659352 16.845175
vn 1.790305 0.985551 -0.008790
v 16.080837 6.671477 16.665043
vn 0.964218 0.488834 0.006529
v 16.043112 6.745624 16.684879
vn 0.376276 -0.292589 -0.022573
v 16.188950 6.724869 17.208735
vn -1.080554 1.214983 -3.662256
v 15.886675 9.212475 0.580619
vn -0.158645 -1.253899 -0.322563
v 7.439398 7.185146 0.104396
vn -0.027538 0.012994 -1.435668
v 7.242115 7.287097 0.070217
vn -0.060317 -0.056716 -1.786142
v 7.447289 7.210468 0.065588
vn -0.251588 -1.648045 -1.839184
v 7.443062 7.194490 0.066271
vn 2.432599 1.835788 -0.399718
v 16.099611 6.659352 16.845175
vn 1.847819 1.397157 -0.319318
v 16.051554 6.725492 16.856472
vn -0.167979 -0.189821 -2.954951
v 15.733391 9.102807 0.596303
vn -0.030584 0.018093 -1.705865
v 7.249926 7.301662 0.070199
vn 1.634334 0.681648 -0.567636
v 16.139557 6.675304 17.027845
vn 1.125271 0.367897 -0.408068
v 16.111525 6.756796 17.024015
vn -0.678837 1.079898 -0.457292
v 15.882583 9.225782 0.618118
vn -0.164289 -0.196051 -2.886892
v 15.563338 9.033371 0.610445
vn -0.183424 -0.213734 -3.272234
v 15.726543 9.118193 0.595683
vn -0.101079 0.007681 -2.989554
v 7.065044 7.420654 0.073780
vn 1.081879 -0.092414 -1.040867
v 13.022484 8.432318 23.997231
vn 1.248971 -0.090497 -1.050679
v 13.248878 8.507189 24.259604
vn -0.697155 1.494131 -0.648432
v 15.726543 9.118193 0.595683
vn -0.269186 -0.037715 -3.363208
v 15.559000 9.049519 0.609594
vn 0.027188 0.145601 -3.279934
v 7.075762 7.433488 0.074440
vn 2.086798 -0.173248 -2.039606
v 12.536827 8.340272 23.511230
vn 1.432384 0.123292 -0.825016
v 13.358702 8.634351 24.472906
vn -0.515130 1.154914 -0.502759
v 15.723222 9.132944 0.632971
vn -0.090594 -0.049191 -1.532766
v 15.381361 9.007022 0.622874
vn -0.897010 -0.873719 -0.483457
v 6.906262 7.559825 0.116871
vn 0.014187 0.130797 -3.019512
v 6.916998 7.569581 0.079320
vn 0.137381 -0.011760 -0.135211
v 12.776648 8.346107 23.749363
vn 1.178848 -0.099821 -1.125987
v 13.025068 8.399653 24.002817
vn 1.169948 -0.071112 -0.961346
v 13.255055 8.477453 24.269508
vn 1.039051 0.737948 -0.588422
v 13.255875 8.843722 24.577425
vn -0.094849 -0.047807 -1.603538
v 15.380238 9.023606 0.622446
vn -1.220121 -1.158260 -0.643456
v 6.916998 7.569581 0.079320
vn 0.013803 0.139757 -3.257244
v 6.929540 7.580907 0.079868
vn 2.246726 -0.186169 -2.192338
v 12.537312 8.306475 23.514597
vn 1.258240 0.147005 -0.724114
v 13.369020 8.612784 24.487597
vn -0.075538 0.005528 -1.572909
v 15.195450 9.018110 0.633540
vn -0.999761 -0.763052 -0.440047
v 6.780016 7.723433 0.123752
vn -0.036259 0.097003 -3.048443
v 6.790837 7.731034 0.085987
vn 1.907989 -0.221093 -2.243483
v 12.134865 8.278939 23.111240
vn 0.039048 -0.348694 0.019925
v 12.537312 8.306475 23.514597
vn 0.478627 -3.085424 0.113309
v 12.776648 8.346107 23.749363
vn 0.418556 -2.724210 0.095180
v 12.722492 8.339357 23.794319
vn 0.167388 -0.015571 -0.166617
v 12.334595 8.270410 23.303988
vn 0.357428 -1.808070 0.200493
v 13.025068 8.399653 24.002817
vn 0.251971 -1.251006 0.147654
v 12.967389 8.393061 24.045395
vn 0.530785 -1.488828 0.571952
v 13.255055 8.477453 24.269508
vn 0.457214 -1.206754 0.509905
v 13.195330 8.472316 24.310904
vn 0.673300 -0.371724 0.948971
v 13.369020 8.612784 24.487597
vn 1.371834 0.832626 -0.479288
v 13.269380 8.838919 24.595249
vn 0.234033 1.437440 -2.143430
v 15.197872 9.034561 0.633516
vn -0.899191 -0.207736 -2.725343
v 8.560790 8.306323 22.380350
vn -0.336687 -0.102651 -1.474867
v 8.834436 8.310383 22.302382
vn -1.377599 -0.193241 -2.648349
v 8.075180 8.306228 22.586336
vn 0.450058 -0.013251 -2.771523
v 10.106448 8.315472 22.193569
vn 0.093625 -0.104403 -1.387272
v 9.888817 8.317515 22.155725
vn 0.346178 -0.127729 -1.407180
v 10.321306 8.307729 22.225815
vn -1.292501 -0.976155 -0.557959
v 6.790837 7.731034 0.085987
vn -0.039863 0.101691 -3.230373
v 6.804428 7.741222 0.086140
vn 0.183131 -1.519992 0.016058
v 12.090275 8.239522 23.166544
vn 0.216433 -3.072410 0.305738
v 12.334595 8.270410 23.303988
vn 1.028483 -0.257709 1.493285
v 13.309216 8.610163 24.528334
vn 0.515721 0.774713 0.489644
v 13.059204 9.082336 24.607889
vn -0.137124 -0.005988 -2.918473
v 15.013584 9.060988 0.642389
vn 1.197471 -0.269245 -2.636186
v 10.811234 8.297640 22.394773
vn 0.570653 -0.115836 -1.299987
v 11.089297 8.294846 22.529264
vn -0.188595 -0.105809 -1.450881
v 9.394451 8.314859 22.174147
vn -0.822476 -0.078247 -1.327492
v 7.854401 8.343440 22.709118
vn -0.006870 -0.020084 -0.270819
v 9.655299 8.282544 22.142597
vn -2.335139 -1.474047 -0.701342
v 6.563406 8.066667 0.137808
vn -0.044182 0.111245 -3.262292
v 6.465195 8.236988 0.106832
vn -0.041075 0.102936 -3.016139
v 6.478432 8.247553 0.107013
vn 1.369775 -0.229495 -2.574186
v 11.644945 8.275594 22.784500
vn 0.127049 -0.017791 -0.189656
v 11.900970 8.237488 22.940367
vn 0.205369 -1.729945 -0.011046
v 12.133981 8.245039 23.113829
vn 0.037400 -2.141059 1.022264
v 12.822678 8.507420 24.536459
vn 0.782865 0.450180 -1.286275
v 12.830205 9.245932 24.525770
vn -0.090801 -0.688566 -0.011916
v 16.342993 8.672993 22.524506
vn 0.280455 1.282728 -0.439808
v 15.201379 9.046694 0.671139
vn -0.158320 -0.008375 -3.357838
v 15.019513 9.076492 0.642075
vn -0.099704 -0.017757 -0.234272
v 8.309785 8.265485 22.478292
vn -0.987836 -0.227890 -2.988991
v 8.561968 8.272401 22.382547
vn -0.380252 -0.114556 -1.637640
v 8.835052 8.276466 22.304602
vn -0.211904 -0.115518 -1.586643
v 9.394133 8.280953 22.176661
vn -0.862235 -0.084138 -1.401500
v 7.852634 8.309658 22.712204
vn 0.134085 -0.120808 -1.757779
v 9.887709 8.283621 22.158201
vn 0.394312 -0.136306 -1.659455
v 10.318598 8.273916 22.228218
vn 0.080526 -0.023519 -0.247279
v 10.547720 8.266137 22.285290
vn -0.312005 -0.224140 -0.117682
v 6.465195 8.236988 0.106832
vn -0.055406 0.118750 -3.318477
v 6.343000 8.383582 0.113760
vn 1.467367 -0.245363 -2.750333
v 11.643506 8.241689 22.786757
vn 1.983945 -0.230723 -2.343648
v 12.133981 8.245039 23.113829
vn 0.092355 -1.343366 -0.065582
v 11.861000 8.232064 22.995184
vn -0.341572 -2.360128 0.700968
v 12.006556 8.305762 23.650127
vn 0.113485 -1.776195 -0.092761
v 11.900970 8.237488 22.940367
vn -1.692071 -1.031467 0.978000
v 12.857567 8.650777 24.767014
vn 0.829880 1.331515 1.025241
v 13.005075 9.085920 24.647049
vn 0.794321 0.439994 -1.296072
v 12.841579 9.269517 24.540947
vn 0.661970 1.523506 -0.600674
v 15.019513 9.076492 0.642075
vn -0.145291 -0.028875 -2.855898
v 14.848147 9.141218 0.649723
vn -0.107935 -0.766356 -0.076729
v 7.401674 8.426644 22.945311
vn 0.691218 -0.140894 -1.565256
v 11.088378 8.261005 22.531876
vn 0.091550 -0.017629 -0.200600
v 11.369532 8.251574 22.656134
vn -0.105223 -3.055759 -0.249292
v 8.309785 8.265485 22.478292
vn -0.041393 -3.040360 -0.306805
v 8.561968 8.272401 22.382547
vn -0.098789 -2.876230 -0.236740
v 8.333323 8.259704 22.539219
vn -0.949873 -0.071190 -1.344986
v 7.396889 8.389117 22.989887
vn -1.388410 -0.195641 -2.679982
v 8.074629 8.272358 22.589094
vn -1.213710 -2.293424 -1.491227
v 7.398043 8.422950 22.987314
vn 0.009050 -2.936583 -0.225716
v 9.655299 8.282544 22.142597
vn -0.001323 -3.021507 -0.376787
v 9.887709 8.283621 22.158201
vn 0.007208 -3.042701 -0.246582
v 9.655235 8.277523 22.207918
vn -0.985412 -0.799998 -0.452883
v 6.333094 8.374444 0.151456
vn -1.287846 -1.090606 -0.594734
v 6.343000 8.383582 0.113760
vn -0.051039 0.103716 -2.960275
v 6.354883 8.395569 0.113990
vn 0.049091 -2.780924 -0.233095
v 11.607769 8.236305 22.843464
vn 0.056809 -3.039130 -0.252746
v 11.643506 8.241689 22.786757
vn 1.528450 -1.712868 0.051494
v 16.303932 8.632183 22.326439
vn -0.316406 -1.879064 0.500836
v 11.830189 8.282689 23.477144
vn -0.221183 -1.261055 0.315528
v 11.625028 8.275813 23.319166
vn -0.400263 -2.476396 0.870720
v 12.395155 8.374682 24.055424
vn -0.044675 -0.424444 0.150181
v 12.555340 8.443952 24.326069
vn 0.047312 -3.056020 1.446953
v 12.757118 8.521891 24.569166
vn -0.731153 -0.659795 1.036163
v 12.768770 8.854372 24.859953
vn 0.496497 1.158736 0.532504
v 12.841579 9.269517 24.540947
vn 0.872048 0.271221 -1.308918
v 12.621697 9.372177 24.415726
vn 0.543254 1.163683 -0.467767
v 15.026268 9.088412 0.679574
vn -0.082724 0.151370 -3.404055
v 14.857336 9.155031 0.649111
vn 0.010073 -0.639492 -0.004001
v 7.167645 8.439780 23.111656
vn 1.294556 -0.291277 -2.852539
v 10.809377 8.263846 22.397381
vn -0.022300 -1.717874 -0.158464
v 8.835052 8.276466 22.304602
vn -0.241687 -1.360407 -0.023638
v 8.101735 8.266506 22.648741
vn -0.278844 -1.731220 -0.043391
v 8.074629 8.272358 22.589094
vn -0.002426 -0.361330 -0.029397
v 9.394133 8.280953 22.176661
vn -0.018745 -1.457250 -0.133020
v 8.849899 8.270521 22.367638
vn -0.073928 -0.491898 0.016429
v 7.852634 8.309658 22.712204
vn -0.321463 -2.637726 0.227186
v 7.665401 8.348878 22.902634
vn -0.053568 -0.464131 0.006631
v 7.396889 8.389117 22.989887
vn -0.053805 -2.878316 -0.176203
v 10.318598 8.273916 22.228218
vn -0.003877 -0.198729 -0.011521
v 10.095932 8.276389 22.260498
vn 0.021415 -1.605538 -0.098520
v 10.547720 8.266137 22.285290
vn -0.828280 -0.967299 -0.399347
v 6.189426 8.496475 0.158836
vn -0.115880 0.042611 -3.289606
v 6.196930 8.505691 0.120949
vn 0.002015 -0.431248 -0.036983
v 11.369532 8.251574 22.656134
vn 1.653019 -1.601232 -0.179792
v 16.318439 8.657660 22.029284
vn -0.421903 -2.398622 0.662711
v 10.911105 8.302858 22.947676
vn -0.319857 -1.838061 0.462078
v 11.586309 8.295816 23.372322
vn -0.074294 -0.486392 0.157057
v 12.134075 8.357645 23.886953
vn -2.782140 -0.016882 1.946729
v 12.743345 8.556079 24.549450
vn -2.371009 -0.055586 1.561126
v 12.757118 8.521891 24.569166
vn -1.171447 -1.026827 1.166275
v 12.746233 8.846354 24.830696
vn 0.623119 0.482355 1.704195
v 12.648106 9.078310 24.840689
vn 0.605732 1.520501 0.625801
v 12.789983 9.274149 24.579634
vn 0.858731 0.259555 -1.279552
v 12.628417 9.401620 24.426304
vn 0.587535 -0.622389 -0.013982
v 16.357161 8.676426 22.218166
vn -1.252618 -1.862828 -0.078808
v 16.406403 8.635159 22.410936
vn 0.022924 -0.545126 -0.698160
v 15.802811 7.512630 16.850128
vn -0.049884 0.017811 -1.520434
v 14.711515 9.264363 0.655835
vn -0.006502 -0.703322 -0.033408
v 6.944643 8.436823 23.307869
vn 0.023760 -2.519201 -0.025308
v 7.162924 8.439445 23.153309
vn 0.028764 -1.631537 -0.099964
v 10.531275 8.261921 22.348778
vn 0.051728 -3.091851 -0.173526
v 10.809377 8.263846 22.397381
vn 0.005551 -1.688092 -0.133059
v 11.088378 8.261005 22.531876
vn 0.002945 -1.364753 -0.110246
v 11.062314 8.256093 22.591986
vn -1.910573 -0.152228 -2.382237
v 7.162924 8.439445 23.153309
vn -1.098862 -1.329164 -0.534665
v 6.196930 8.505691 0.120949
vn -0.147833 -0.037989 -3.265112
v 6.034633 8.604269 0.127983
vn -0.107700 0.034671 -2.989477
v 6.206933 8.519197 0.120758
vn -0.052047 -0.293032 0.080683
v 11.128648 8.311497 23.117439
vn -0.560688 -3.079818 0.833717
v 11.364447 8.300339 23.234522
vn -0.196975 -1.221380 0.336728
v 11.832218 8.306235 23.566767
vn -2.413476 0.171442 2.095055
v 12.550140 8.490297 24.316298
vn -2.297679 0.170785 1.987671
v 12.555340 8.443952 24.326069
vn -3.280634 -1.420246 1.699357
v 12.836035 8.666340 24.738453
vn -1.394171 -1.080453 2.254220
v 12.583717 9.069898 24.866613
vn 0.402592 0.410803 1.138692
v 12.583717 9.069898 24.866613
vn 0.384285 1.378577 0.330021
v 12.628417 9.401620 24.426304
vn 0.919494 0.197027 -1.269284
v 12.429216 9.447457 24.289114
vn -0.514940 -0.709912 -0.080805
v 16.357161 8.676426 22.218166
vn 1.204926 -0.043628 -1.841794
v 15.946213 7.561114 16.816980
vn -0.051128 0.021112 -1.620961
v 14.723532 9.275806 0.655605
vn -0.149057 -0.665158 -0.046272
v 6.487986 8.421705 23.732635
vn -0.020752 -2.472395 -0.113971
v 6.941935 8.434716 23.352753
vn 0.128058 -1.153497 0.333072
v 8.473248 8.301312 22.899364
vn 0.144869 -1.252624 0.320739
v 7.672381 8.413622 23.363903
vn -0.154309 -1.413418 -0.077983
v 7.207103 8.397862 23.206926
vn -2.018716 -0.182811 -2.511611
v 7.163384 8.405493 23.155125
vn -0.113477 -2.436946 0.774905
v 9.857795 8.323908 22.608198
vn -0.688627 -1.107757 -0.364182
v 6.029912 8.594689 0.166050
vn -0.888424 -1.477449 -0.486704
v 6.034633 8.604269 0.127983
vn -0.136928 -0.035988 -3.010702
v 6.042404 8.619167 0.127446
vn 0.536823 -0.619266 -0.051260
v 16.365618 8.718262 21.923328
vn 1.258593 -1.923810 -0.086292
v 16.314577 8.693183 21.737997
vn -0.305608 -2.345245 0.732889
v 10.437282 8.312793 22.723892
vn -1.510149 0.244171 2.719706
v 11.364447 8.300339 23.234522
vn -1.766537 0.241272 2.537656
v 11.586309 8.295816 23.372322
vn -1.520658 0.232363 2.754602
v 11.366453 8.351196 23.231070
vn -1.805726 0.246340 2.597218
v 11.587999 8.346677 23.368662
vn -2.030453 0.221659 2.302245
v 11.787111 8.302591 23.527895
vn -2.246385 0.195811 2.144707
v 11.959717 8.325322 23.698280
vn -2.110926 0.228154 2.385626
v 11.787986 8.353422 23.523785
vn -2.279310 0.410033 2.095925
v 12.134075 8.357645 23.886953
vn -2.288263 0.212695 2.180215
v 11.959753 8.376101 23.693707
vn -2.307782 0.395989 2.133832
v 12.338406 8.443721 24.091560
vn -1.582004 -1.269707 2.713901
v 12.564388 9.040709 24.841360
vn 0.410696 0.978248 1.373798
v 12.454887 9.248849 24.777700
vn 0.403353 1.562024 0.327777
v 12.578861 9.406319 24.464893
vn 0.914960 0.194323 -1.263414
v 12.431632 9.479802 24.295885
vn -1.374854 -1.803523 -0.295346
v 16.411098 8.653566 22.106680
vn 0.475725 0.282260 -0.362306
v 15.971979 7.674663 16.939274
vn -0.131990 -1.178044 -1.047174
v 15.851479 7.638864 16.753162
vn -0.008676 0.044194 -1.553869
v 14.602456 9.416847 0.661261
vn -0.515303 -2.343935 -0.162035
v 6.486460 8.418373 23.785448
vn -2.084854 -0.640456 -2.239930
v 6.941935 8.434716 23.352753
vn -0.082556 -2.516351 0.590994
v 7.876848 8.383368 23.233828
vn 0.018545 -1.116674 0.370388
v 8.265719 8.307596 23.000380
vn 0.241631 -1.228660 0.227103
v 7.468331 8.428473 23.513683
vn -0.166705 -1.583797 -0.092317
v 7.163384 8.405493 23.155125
vn 0.070708 -1.112078 0.358297
v 9.654549 8.323704 22.594059
vn -0.548246 -1.198562 -0.400484
v 5.860856 8.668905 0.172435
vn -0.128660 -0.010914 -3.299702
v 5.863748 8.680278 0.134439
vn -0.572790 -0.637615 -0.061193
v 16.365618 8.718262 21.923328
vn 1.118149 -1.922517 -0.261016
v 16.311672 8.724483 21.451406
vn -0.091164 -0.534596 0.152579
v 10.747197 8.328439 22.935915
vn -1.353430 0.036364 2.832672
v 11.128648 8.311497 23.117439
vn -1.350837 0.234372 2.807417
v 10.887978 8.374111 23.002174
vn -1.357970 0.253685 2.839967
v 10.886938 8.323351 23.006174
vn -1.534470 -0.655165 2.385776
v 12.395382 9.234578 24.805651
vn 0.303688 0.852740 1.082935
v 12.395382 9.234578 24.805651
vn 0.191461 1.212638 1.032749
v 12.266464 9.368258 24.672586
vn 0.229296 1.517145 0.104209
v 12.431632 9.479802 24.295885
vn 1.676314 0.344501 -2.490071
v 12.241923 9.476906 24.158512
vn 0.027640 -0.729150 -0.105680
v 16.371422 8.773447 21.346720
vn 1.241990 0.838725 -1.022595
v 15.851479 7.638864 16.753162
vn 1.305755 0.706856 -2.135897
v 14.616638 9.425766 0.661466
vn -2.417317 -0.291340 -2.185962
v 6.245656 8.455811 24.022984
vn -2.107310 -0.554671 -2.242041
v 6.722872 8.389035 23.570362
vn -2.263839 -0.224649 -2.356844
v 6.486460 8.418373 23.785448
vn 0.290441 -2.415010 0.692567
v 8.695797 8.307546 22.811989
vn 0.056061 -1.864441 0.606999
v 8.293512 8.327129 23.057878
vn 0.644221 -2.527385 0.558055
v 7.081620 8.413561 23.891333
vn 0.335932 -1.813804 0.353523
v 7.511541 8.446311 23.564215
vn 0.166660 -1.777617 0.449609
v 7.712075 8.431633 23.416315
vn -0.084258 -1.527937 -0.149947
v 6.774685 8.381635 23.616652
vn -0.042444 -0.463446 0.147442
v 10.224718 8.338021 22.734224
vn 0.095766 -1.918396 0.617282
v 9.654324 8.344117 22.657461
vn -0.672673 -1.548090 -0.520147
v 5.863748 8.680278 0.134439
vn -0.115589 -0.007771 -2.978951
v 5.869092 8.696215 0.134183
vn 0.464020 -0.743852 -0.061689
v 16.366623 8.732018 21.631308
vn -0.415550 -3.137297 0.978777
v 10.422400 8.333966 22.785440
vn -1.331812 0.280315 2.816867
v 10.649596 8.380680 22.881784
vn -1.342576 0.286469 2.838817
v 10.647331 8.329958 22.885798
vn -1.723711 -0.746708 2.771627
v 12.380972 9.193987 24.785593
vn 0.004897 1.294334 0.759122
v 12.092009 9.439336 24.552782
vn 0.205834 1.573804 0.065889
v 12.383888 9.484419 24.334755
vn 1.647099 0.338496 -2.446668
v 12.240969 9.510323 24.162493
vn 2.903111 -1.336549 1.098112
v 15.766302 7.811864 16.804537
vn -0.172898 -0.576041 -0.236524
v 15.643119 7.702319 16.750931
vn -0.022000 0.081134 -3.013714
v 14.519731 9.585094 0.666535
vn -1.393911 0.028581 -0.828612
v 6.006427 8.570126 24.302536
vn -2.084251 -0.194691 -2.171682
v 6.486898 8.384596 23.788048
vn -0.095264 -1.700484 -0.164518
v 6.722872 8.389035 23.570362
vn 0.211451 -1.839311 0.529099
v 8.496494 8.320950 22.958437
vn -0.004709 -0.544461 0.153648
v 8.102822 8.360507 23.168056
vn 0.105990 -0.472257 0.095391
v 7.322347 8.442052 23.742470
vn 0.808441 -0.043740 3.001973
v 8.949489 8.330717 22.802509
vn -0.143887 -3.073915 0.977401
v 9.853707 8.344198 22.671408
vn 0.219934 -0.151089 1.595769
v 9.430058 8.339681 22.687950
vn -0.346164 -1.252000 -0.436699
v 5.684200 8.714413 0.178900
vn -0.124539 0.034686 -3.334537
v 5.685603 8.727245 0.140999
vn -1.585414 -1.602162 -0.080928
v 16.412960 8.677109 21.810600
vn -0.631443 -0.672918 -0.080914
v 16.366623 8.732018 21.631308
vn -1.024607 0.296203 2.930253
v 10.426189 8.384668 22.781599
vn -1.023883 0.300482 2.956403
v 10.422400 8.333966 22.785440
vn -1.698301 -0.438693 2.369103
v 12.212213 9.350464 24.703537
vn 0.151688 1.208215 0.961749
v 12.212213 9.350464 24.703537
vn -0.171628 1.347173 0.542691
v 11.923172 9.467344 24.430450
vn 0.016392 1.583987 -0.165362
v 12.195259 9.514925 24.202044
vn 0.047695 1.540032 -0.122206
v 12.240969 9.510323 24.162493
vn 0.143894 0.031057 -0.254651
v 12.046167 9.499443 24.038965
vn 0.475785 0.128803 -1.327470
v 11.646581 9.432629 23.859297
vn 0.619271 0.131605 -1.219658
v 11.850496 9.441607 23.933374
vn 0.933333 0.704293 -0.824217
v 15.748116 7.697173 16.685940
vn 1.186194 0.594382 -0.415599
v 14.627187 9.431183 0.699322
vn -0.064466 0.061527 -3.070775
v 14.458521 9.763670 0.671709
vn -0.025463 0.087129 -3.266569
v 14.535212 9.591857 0.666602
vn -0.369811 -0.311820 0.953933
v 5.804113 8.757186 24.513962
vn -1.289381 0.020775 -0.781470
v 5.999302 8.541980 24.313551
vn -2.177764 -0.178713 -1.983571
v 6.243192 8.423537 24.028597
vn -0.115536 -1.620116 -0.118138
v 6.486898 8.384596 23.788048
vn -0.092285 -1.491453 -0.130451
v 6.542250 8.377323 23.832043
vn 0.372259 -3.075540 0.881263
v 8.714306 8.327101 22.872416
vn 1.431067 0.179232 2.654086
v 8.293512 8.327129 23.057878
vn 1.548561 0.166076 2.861440
v 8.295417 8.377859 23.053425
vn 1.617239 -0.177059 2.682026
v 8.102822 8.360507 23.168056
vn 1.249910 0.217891 2.818632
v 8.496494 8.320950 22.958437
vn 0.153259 -1.360683 0.383575
v 6.873432 8.409668 24.090120
vn 0.217258 -1.645605 0.450192
v 6.928564 8.427702 24.132065
vn 2.060797 0.169969 2.465235
v 7.511541 8.446311 23.564215
vn 1.953260 0.140552 2.328255
v 7.510185 8.497257 23.561836
vn 2.201568 -0.128913 2.249187
v 7.322347 8.442052 23.742470
vn 1.835952 0.149308 2.661370
v 7.712075 8.431633 23.416315
vn 1.728569 0.125736 2.501967
v 7.713143 8.482423 23.412766
vn -0.646271 0.273554 3.070452
v 10.224718 8.338021 22.734224
vn -0.649935 0.271094 3.047667
v 10.229053 8.388725 22.730627
vn -0.368286 0.244432 3.131255
v 9.853707 8.344198 22.671408
vn 0.107225 0.236535 3.149007
v 9.654324 8.344117 22.657461
vn 0.237973 0.122644 1.692995
v 9.430674 8.390543 22.684179
vn 0.092164 0.231381 3.080850
v 9.655309 8.394959 22.653606
vn -0.408364 -1.624120 -0.560734
v 5.685603 8.727245 0.140999
vn -0.109667 0.030153 -2.944521
v 5.688470 8.743845 0.141071
vn -1.469806 -1.617784 -0.260295
v 16.419687 8.701547 21.521055
vn -1.901620 -0.488352 2.690847
v 12.203588 9.304536 24.689030
vn -0.031109 1.440692 0.793776
v 12.042646 9.419603 24.586746
vn -0.005726 0.488865 -0.063490
v 12.046167 9.499443 24.038965
vn 0.281083 0.139523 -1.401835
v 11.420471 9.432182 23.813450
vn 1.418137 0.323906 -0.032266
v 15.539892 8.272824 17.539391
vn 1.023721 -0.791186 0.847199
v 15.727360 7.965544 17.005886
vn 1.606190 -0.960984 0.643375
v 15.748116 7.697173 16.685940
vn 2.080925 -1.461734 1.295853
v 15.777909 7.820530 16.795815
vn -0.588369 -2.524653 -0.695935
v 15.750669 7.699300 16.679665
vn 1.577713 0.581844 -0.552252
v 14.535212 9.591857 0.666602
vn 0.045320 0.047906 -1.635029
v 14.312559 10.310802 0.685526
vn 0.120146 0.129268 -3.244968
v 14.474654 9.768929 0.671468
vn -2.490907 0.281281 1.178123
v 5.872873 8.741773 24.535580
vn -1.033743 0.404738 -0.252339
v 5.861357 8.722791 24.551842
vn -0.229024 -1.561960 0.072684
v 6.243192 8.423537 24.028597
vn -0.205036 -1.519348 0.038231
v 6.301484 8.416733 24.070822
vn 1.023888 0.229624 2.976979
v 8.714306 8.327101 22.872416
vn 1.010705 0.225853 2.943491
v 8.712517 8.377965 22.869108
vn 1.285141 0.226285 2.907387
v 8.496217 8.371758 22.954605
vn 0.004015 -1.292402 0.570009
v 6.656967 8.448298 24.311392
vn 2.127185 0.188547 2.098489
v 6.928564 8.427702 24.132065
vn 2.319144 0.190437 2.290090
v 6.928234 8.478296 24.127880
vn 2.176753 -0.337315 2.256335
v 7.129538 8.482471 23.934521
vn -0.368444 0.239828 3.082782
v 9.856135 8.394987 22.667747
vn -0.096083 -1.280982 -0.410263
v 5.501884 8.726500 0.186352
vn -0.125288 -0.018971 -3.268338
v 5.501517 8.738703 0.148336
vn -1.755857 -0.356979 2.342525
v 12.042646 9.419603 24.586746
vn -0.176291 1.364474 0.524622
v 11.878283 9.446856 24.467113
vn -0.398156 1.547577 0.383972
v 11.577139 9.435690 24.223577
vn 0.781984 0.169232 -1.583104
v 11.847234 9.475399 23.935364
vn 0.556230 0.157085 -1.615245
v 11.644171 9.466431 23.861713
vn 0.152817 0.310402 -2.945522
v 11.155407 9.433726 23.794989
vn 1.601435 0.292468 0.016964
v 15.536607 8.286255 17.529839
vn 1.046337 -0.803108 0.859107
v 15.740934 7.978351 17.001444
vn 0.969689 -0.572849 0.380205
v 15.754351 7.700238 16.674656
vn -0.707255 -1.106391 0.157021
v 15.600706 7.713715 16.719942
vn 1.229664 0.432367 -0.430371
v 14.547192 9.595419 0.704410
vn -0.532250 0.365281 0.748424
v 5.949147 8.951205 24.633608
vn -0.651389 -1.369148 0.874520
v 5.861357 8.722791 24.551842
vn -0.399083 -1.555560 0.387306
v 5.999302 8.541980 24.313551
vn -0.446577 -1.109277 0.583179
v 5.922271 8.719396 24.592030
vn -0.341902 -1.440672 0.306193
v 6.059679 8.536382 24.354630
vn 0.029573 -1.617747 0.677832
v 6.717467 8.465090 24.349039
vn 2.499881 0.194236 2.184292
v 6.722335 8.511172 24.339355
vn 0.804684 0.213004 3.027741
v 8.948423 8.381595 22.799213
vn -0.101419 -1.701613 -0.540027
v 5.501517 8.738703 0.148336
vn -0.001380 -1.734105 -3.554261
v 5.314735 8.726142 0.155507
vn -0.113536 -0.022496 -2.976813
v 5.502067 8.755569 0.148209
vn -1.982646 -0.397699 2.652097
v 12.039843 9.370706 24.577278
vn -1.685359 -0.332467 2.415837
v 11.878283 9.446856 24.467113
vn -0.031907 2.979413 -0.416349
v 11.807610 9.480589 23.977173
vn -0.067471 2.969820 -0.432607
v 11.847234 9.475399 23.935364
vn 0.313534 0.164670 -1.646802
v 11.419323 9.465983 23.816584
vn 0.323297 -0.010106 -0.008062
v 15.513143 8.405259 17.693197
vn 0.213333 0.098315 0.015511
v 15.675338 8.091509 17.186384
vn 1.581695 1.889355 -1.597183
v 15.777909 7.820530 16.795815
vn 1.733234 2.052599 -1.989000
v 15.738804 7.833020 16.771864
vn 1.238766 1.161594 -0.306672
v 15.740934 7.978351 17.001444
vn 0.725123 1.061013 -1.348255
v 15.751195 7.697849 16.672155
vn -1.077649 -0.428725 0.042224
v 15.488093 7.808270 16.874540
vn -0.310758 -2.610778 0.061115
v 15.709810 7.703250 16.653147
vn 1.398621 0.802731 -1.945838
v 14.327427 10.318308 0.686173
vn -1.150827 1.162012 1.332698
v 5.959860 9.010662 24.591017
vn -1.855179 1.365612 -1.140783
v 5.935448 8.948836 24.652380
vn -2.607587 2.034943 -1.686227
v 5.949147 8.951205 24.633608
vn -0.479252 -0.165036 0.724241
v 5.994739 8.948899 24.691629
vn 2.211021 0.172048 1.930147
v 6.717467 8.465090 24.349039
vn -0.183272 -1.501615 1.012392
v 6.504687 8.578491 24.607656
vn 0.072625 -1.299126 -0.383943
v 5.316748 8.714980 0.193656
vn -0.002651 -0.003186 -0.086003
v 5.126172 8.717911 0.161263
vn -1.884904 -0.371895 2.702571
v 11.880168 9.396614 24.461514
vn -0.515022 3.160265 0.484580
v 11.710741 9.437078 24.356520
vn 0.084872 2.946998 -0.481508
v 11.644171 9.466431 23.861713
vn -0.259761 1.479358 0.506884
v 11.399542 9.427522 24.156940
vn 0.019708 1.208912 -0.145725
v 11.419323 9.465983 23.816584
vn 0.162880 0.329610 -3.127729
v 11.155030 9.467504 23.798529
vn 0.002106 0.053453 -0.045079
v 10.300055 9.476346 23.769064
vn -0.128083 0.164509 -1.438323
v 9.741452 9.446913 23.786036
vn 1.106790 -0.129182 -0.028394
v 15.528333 8.491848 17.891350
vn 2.977652 -2.064311 1.311592
v 15.530048 8.411986 17.689365
vn 1.184539 -2.169834 1.589414
v 15.513143 8.405259 17.693197
vn 1.002977 0.903823 -0.197272
v 15.710713 8.005960 16.974287
vn -1.744292 -0.784743 0.089853
v 15.472703 7.844567 16.850298
vn -1.238143 -1.686609 0.300928
v 15.570063 7.735622 16.701921
vn 0.171790 0.158932 -3.452630
v 14.224447 10.470698 0.687717
vn -1.192463 -0.301176 1.792396
v 5.935448 8.948836 24.652380
vn -1.484402 1.222135 -2.023596
v 6.132574 9.168708 24.644611
vn -0.459472 0.791849 0.445392
v 6.145677 9.154016 24.626482
vn 0.701727 -0.654541 0.746450
v 6.451141 8.952052 24.909473
vn 1.769470 -0.882007 1.117753
v 6.384492 8.747586 24.822828
vn -0.145319 -1.037948 0.734506
v 6.438148 8.565283 24.575827
vn 2.364520 -0.020517 1.602891
v 6.504687 8.578491 24.607656
vn -0.055882 0.049407 -1.489769
v 4.568668 8.606695 0.178487
vn -1.603909 -0.330218 2.735258
v 11.714978 9.386375 24.352896
vn -1.560312 -0.319304 2.643105
v 11.710741 9.437078 24.356520
vn -0.373512 1.508541 0.410769
v 11.539865 9.415531 24.263847
vn 0.043991 3.086916 -0.354623
v 11.155030 9.467504 23.798529
vn 0.028144 2.091473 -0.234013
v 11.388036 9.471292 23.860407
vn -0.137816 3.183875 -1.665119
v 9.742030 9.480648 23.789843
vn -0.377388 0.334781 -2.915636
v 9.186430 9.448085 23.843351
vn 1.758675 -1.362172 0.846908
v 15.531296 8.526287 17.850163
vn -0.012039 -1.395488 1.081508
v 15.547863 8.524117 17.847551
vn 0.740864 0.648686 -0.896501
v 15.662381 7.711063 16.639177
vn -0.647507 2.006925 -1.930685
v 15.686301 7.843847 16.756689
vn -1.647591 1.636200 -1.919498
v 15.429756 7.966474 16.991989
vn -0.433496 -2.218996 0.230728
v 15.662381 7.711063 16.639177
vn 0.559660 -1.082980 1.135161
v 15.383253 8.370250 17.541843
vn 1.121807 0.627113 -0.343517
v 14.337225 10.321609 0.724196
vn 0.140592 0.129374 -2.817663
v 14.237251 10.481082 0.688844
vn -0.902782 1.792833 0.812463
v 6.159403 9.183043 24.577681
vn -0.405317 0.383402 0.566449
v 6.189268 9.171936 24.682993
vn -1.177808 1.188090 1.632173
v 6.132574 9.168708 24.644611
vn -1.836024 1.478085 -2.550911
v 6.145677 9.154016 24.626482
vn -0.148453 0.535904 0.594466
v 6.558781 9.157900 24.872580
vn 2.780413 0.025419 1.942819
v 6.518534 8.611757 24.587404
vn -0.062473 0.055662 -1.662672
v 4.566692 8.623577 0.179121
vn -1.310547 -0.300672 2.919885
v 11.539865 9.415531 24.263847
vn -0.227337 1.421665 0.506605
v 11.365507 9.407475 24.198006
vn -0.024664 0.027398 -0.239351
v 9.463663 9.481621 23.814743
vn -0.374573 0.324857 -2.933898
v 7.792297 9.445575 24.010515
vn 0.643068 -1.135548 -0.025749
v 15.682191 8.726862 18.187662
vn 0.931861 -0.986478 -0.054359
v 15.572018 8.616518 18.044508
vn 2.085449 0.873380 -0.717573
v 15.515641 8.445951 17.658085
vn 1.904314 -0.545830 -0.351113
v 15.547863 8.524117 17.847551
vn 0.850297 0.778021 -0.285723
v 15.550980 8.309479 17.518236
vn -0.819317 0.783574 -0.787322
v 15.667274 8.022467 16.951351
vn -1.311309 2.136257 -2.295313
v 15.488247 7.854881 16.851116
vn -1.108648 1.801228 -1.945720
v 15.472703 7.844567 16.850298
vn -1.670231 1.774751 -2.638857
v 15.578957 7.749273 16.705376
vn -1.239751 1.281137 -1.977581
v 15.570063 7.735622 16.701921
vn -0.958049 0.627925 -1.649046
v 15.662260 7.724652 16.644180
vn -0.558216 0.347489 -0.957341
v 15.662381 7.711063 16.639177
vn -1.313853 -0.392551 0.307447
v 15.391023 8.492835 17.731565
vn 1.250628 1.254475 -0.393066
v 14.237251 10.481082 0.688844
vn 0.117178 0.106706 -3.406268
v 14.090690 10.594926 0.687100
vn -0.334544 0.688995 0.397704
v 6.418055 9.335542 24.595726
vn -1.476670 0.786307 -2.367360
v 6.363765 9.330998 24.557930
vn -0.374952 0.941311 0.111872
v 6.372914 9.305799 24.544046
vn 0.420498 0.926403 2.750607
v 6.624527 9.147694 24.898199
vn 1.167129 -1.040355 1.155981
v 6.472075 8.941577 24.880608
vn 3.229318 -1.054139 1.829301
v 6.405538 8.761433 24.793877
vn -0.057926 0.065131 -1.452815
v 4.190164 8.579281 0.192148
vn -1.240900 -0.285118 2.777423
v 11.544415 9.364820 24.260691
vn -0.880566 -0.286664 3.049822
v 11.365507 9.407475 24.198006
vn -0.160200 2.338155 1.013311
v 11.202847 9.427094 24.116241
vn 0.000005 0.044884 -0.001703
v 10.288828 9.481498 23.813728
vn -0.002008 0.247611 -0.021537
v 9.463663 9.481621 23.814743
vn -0.399513 0.355378 -3.095223
v 9.187145 9.481820 23.847132
vn -0.012726 0.011296 -0.099824
v 8.640769 9.480571 23.924164
vn -0.047528 -0.979113 0.307548
v 15.977906 8.880159 18.473692
vn -0.079268 -2.829906 1.859185
v 15.596863 8.642450 17.999819
vn 2.082022 -0.335893 -0.576780
v 15.551391 8.551355 17.813379
vn -0.693771 1.197092 -1.028427
v 15.539061 8.244462 17.305725
vn -0.898422 0.768371 -0.807618
v 15.607302 8.144630 17.133694
vn 2.522922 0.362227 -0.922853
v 15.662260 7.724652 16.644180
vn -1.005752 0.968939 -0.972532
v 15.654369 8.013104 16.955462
vn -1.583599 1.871608 -2.097684
v 15.445822 7.977361 16.989574
vn 0.639252 -0.836764 0.891266
v 15.366571 8.362041 17.546101
vn 0.879626 0.945736 -0.277616
v 14.243986 10.486045 0.727091
vn 0.097089 0.086805 -2.871203
v 14.100359 10.608109 0.687836
vn -0.044617 0.722078 0.495680
v 6.764266 9.305995 24.791315
vn -0.865109 1.850326 1.015857
v 6.363765 9.330998 24.557930
vn -1.711354 0.890462 -2.767348
v 6.372914 9.305799 24.544046
vn -0.754661 1.987064 0.119083
v 6.384797 9.313238 24.495222
vn -0.141256 1.822102 1.307125
v 6.824571 9.290317 24.819582
vn 0.940637 -0.570361 1.388478
v 6.640875 9.115602 24.874519
vn -0.066337 0.076193 -1.668167
v 4.190164 8.596256 0.192909
vn -0.855556 -0.281073 2.943692
v 11.368622 9.356771 24.194124
vn -0.147699 2.972502 1.329511
v 11.172301 9.407057 24.157646
vn -0.045352 2.932068 -0.335591
v 9.195523 9.486900 23.890760
vn -0.048122 3.098359 -0.351529
v 9.187145 9.481820 23.847132
vn -0.075377 3.103878 -0.663732
v 8.640769 9.480571 23.924164
vn -0.363289 0.145903 -1.365379
v 7.268199 9.442565 24.118315
vn -0.509546 0.159946 -1.334580
v 7.035526 9.439682 24.206520
vn -0.051248 0.026751 -0.245370
v 7.521151 9.478354 24.054836
vn 0.124332 -0.450988 0.061565
v 15.860308 8.825596 18.281811
vn 0.953439 -1.553913 -0.041531
v 15.715642 8.746857 18.141291
vn -1.106945 -0.582448 0.282144
v 16.244055 8.816868 18.778034
vn -1.039999 -0.871857 0.348453
v 16.120592 8.889393 18.623703
vn -1.327950 -2.085073 2.289201
v 15.611958 8.631443 17.998550
vn 1.288328 1.136432 -0.455228
v 15.491308 8.357615 17.471729
vn 1.288010 -1.306361 -0.060432
v 15.611958 8.631443 17.998550
vn 1.482183 0.889919 -0.661339
v 15.484358 8.473381 17.630806
vn -1.055708 0.907206 -0.951654
v 15.592702 8.130957 17.136927
vn -0.006347 0.017801 -0.017503
v 15.662260 7.724652 16.644180
vn -0.764186 2.421841 -2.240259
v 15.682476 7.845133 16.759384
vn -0.095437 0.095898 -0.110780
v 15.416676 8.115750 17.137646
vn 0.256355 -1.200669 1.272114
v 15.372499 8.529055 17.698650
vn -1.656708 -0.386620 0.361635
v 15.372499 8.529055 17.698650
vn 0.860048 1.520086 -0.437309
v 14.100359 10.608109 0.687836
vn 0.084526 0.039789 -3.379039
v 13.926062 10.680703 0.684403
vn 0.065529 0.798557 0.359573
v 6.974630 9.397058 24.678162
vn -0.248331 0.864628 0.230487
v 6.653808 9.437168 24.472151
vn -1.455287 0.516073 -2.488367
v 6.601933 9.432295 24.434540
vn -1.650752 0.701977 -2.728201
v 6.606228 9.401497 24.425768
vn 1.449917 -0.625217 2.430773
v 6.824571 9.290317 24.819582
vn -0.049360 0.134336 -1.454787
v 3.623156 8.628460 0.215121
vn 0.010112 2.572897 1.242973
v 10.220799 9.436499 24.073151
vn -0.436803 -0.310009 3.109906
v 11.172301 9.407057 24.157646
vn -0.118858 0.002876 1.631455
v 10.944891 9.408419 24.141434
vn -0.396517 0.343201 -3.099399
v 7.793094 9.479332 24.014151
vn -0.004111 0.204160 -0.023959
v 7.793094 9.479332 24.014151
vn -0.664011 0.201696 -1.343097
v 6.820983 9.436059 24.311125
vn -1.052360 -1.631313 1.461987
v 16.003538 8.864751 18.428600
vn -1.602418 -1.518502 2.444515
v 15.728201 8.731313 18.139997
vn -1.462585 -1.346343 2.210132
v 15.715642 8.746857 18.141291
vn 1.859201 -1.515981 -0.335511
v 15.632902 8.650797 17.961792
vn 1.894969 -0.048409 -0.708265
v 15.538517 8.581051 17.782038
vn -1.845662 2.087261 -1.805394
v 15.491308 8.357615 17.471729
vn -1.657587 1.839509 -1.608245
v 15.475239 8.346462 17.475451
vn -0.966908 0.890390 -0.899218
v 15.524113 8.231230 17.308628
vn -0.888542 0.745746 -0.914043
v 15.350519 8.257874 17.317913
vn -1.167523 -0.225512 0.425570
v 15.332663 8.388784 17.521885
vn 0.008038 -0.966211 1.073889
v 15.354717 8.528089 17.701334
vn -2.531195 0.585182 0.603777
v 15.411134 8.641125 17.881149
vn 0.604079 1.146368 -0.329079
v 14.105370 10.616415 0.725969
vn 0.104816 0.135807 -3.409665
v 13.745353 10.725242 0.680352
vn 0.072330 0.035180 -2.900466
v 13.931802 10.696035 0.684718
vn 0.140460 2.019733 0.950944
v 7.029174 9.378366 24.709734
vn -0.572020 2.093160 0.514554
v 6.601933 9.432295 24.434540
vn 1.662888 -0.728694 2.840397
v 6.834661 9.246914 24.802540
vn -0.058090 0.160362 -1.730877
v 3.626011 8.645136 0.216564
vn 0.106626 2.345988 1.113234
v 9.731138 9.440409 24.092024
vn -0.111197 -0.349443 2.943900
v 10.699893 9.410848 24.134762
vn -0.069025 2.876945 -0.298722
v 7.558714 9.483494 24.095659
vn -0.435471 -0.310798 3.066505
v 11.173561 9.356374 24.152719
vn -0.454958 0.178523 -1.655408
v 7.269533 9.476366 24.121572
vn -0.617488 0.193207 -1.580757
v 7.036430 9.473326 24.210207
vn -0.087003 3.015664 -0.299645
v 7.521151 9.478354 24.054836
vn -2.016000 -1.054098 2.371228
v 15.867659 8.808693 18.280676
vn -1.844628 -0.908394 2.145199
v 15.860308 8.825596 18.281811
vn -0.732467 0.822871 1.121678
v 16.359932 8.650132 18.888454
vn -1.570861 -0.893860 0.417676
v 16.257153 8.770262 18.733210
vn -2.619543 0.637535 2.048100
v 16.138199 8.850813 18.579723
vn 0.904223 -1.577378 0.020460
v 15.728201 8.731313 18.139997
vn -1.391837 2.644344 -1.662466
v 15.484358 8.473381 17.630806
vn -1.139939 2.174611 -1.425249
v 15.467472 8.467155 17.635040
vn 0.056584 2.658597 -2.081656
v 15.538517 8.581051 17.782038
vn -0.987564 0.846146 -1.029413
v 15.365793 8.269090 17.312216
vn -2.822442 1.452833 -1.218955
v 15.315470 8.423254 17.492983
vn -1.205522 0.287332 0.301612
v 15.337157 8.560498 17.673750
vn -0.509530 -1.849968 2.105328
v 15.393850 8.688608 17.845465
vn -2.895053 0.687365 0.710348
v 15.411678 8.681857 17.843952
vn 0.139400 0.364540 -0.099506
v 13.931802 10.696035 0.684718
vn 0.088233 0.118979 -2.866271
v 13.746624 10.741502 0.681051
vn 1.710353 -0.501437 2.843884
v 7.033295 9.330199 24.698839
vn 1.490620 -0.433629 2.480906
v 7.029174 9.378366 24.709734
vn 0.320864 2.112765 0.759765
v 7.216289 9.410288 24.604740
vn 0.130058 0.814189 0.284466
v 7.166619 9.430166 24.570555
vn -0.228983 2.882560 -0.077387
v 6.869235 9.474262 24.354616
vn -0.718045 0.221389 -1.434299
v 6.820020 9.469187 24.316576
vn -0.038233 0.140560 -1.429480
v 3.436777 8.662107 0.223294
vn 0.024633 2.880118 1.395042
v 10.209339 9.416346 24.114960
vn 0.158001 2.577116 1.165864
v 9.244164 9.441475 24.144081
vn -0.123028 -0.198901 1.764067
v 10.945202 9.357767 24.136003
vn -0.010176 0.333682 -0.022514
v 7.269533 9.476366 24.121572
vn -1.374755 0.244235 1.281131
v 16.001415 8.848555 18.429394
vn 1.566868 -2.019484 -0.294506
v 15.755843 8.745535 18.101957
vn 0.546753 -1.912944 0.067068
v 15.867659 8.808693 18.280676
vn 1.611965 -0.954536 -0.502400
v 15.639048 8.681482 17.926546
vn 0.050775 2.287578 -1.790390
v 15.522195 8.583809 17.785099
vn -1.768671 0.340677 0.463934
v 15.337313 8.593373 17.643055
vn -2.219541 0.869338 0.311382
v 15.393228 8.724758 17.814501
vn -0.629681 -2.229280 2.527376
v 15.411678 8.681857 17.843952
vn -1.854449 0.270180 0.294491
v 15.393850 8.688608 17.845465
vn -0.274299 0.105915 0.108741
v 15.510883 8.817274 17.987339
vn 0.341024 3.073523 -0.793410
v 13.746624 10.741502 0.681051
vn 0.287085 2.534319 -0.654301
v 13.747164 10.751306 0.719262
vn 0.091918 0.242438 -3.462717
v 13.562538 10.719646 0.674282
vn 1.430859 -0.371803 2.627970
v 7.216289 9.410288 24.604740
vn -0.337541 3.083388 0.025339
v 6.820020 9.469187 24.316576
vn -0.044812 0.166557 -1.682334
v 3.440583 8.678570 0.224811
vn 0.016901 0.433450 0.207211
v 9.862577 9.419561 24.123369
vn -0.039243 -0.350685 3.124969
v 10.209339 9.416346 24.114960
vn -0.038604 -0.353793 3.115550
v 10.208819 9.365736 24.109274
vn 0.019141 0.356529 0.165084
v 9.489855 9.421075 24.155878
vn 0.051240 0.749722 0.346907
v 7.781759 9.438332 24.332851
vn -0.090490 3.044570 -0.124502
v 7.036430 9.473326 24.210207
vn 0.974822 -2.132815 -0.214401
v 15.894045 8.814059 18.242794
vn -0.542223 -1.985747 0.354167
v 16.001415 8.848555 18.429394
vn -0.495853 0.980636 1.087108
v 16.342617 8.639725 18.889944
vn -0.618502 0.990098 1.010097
v 16.257153 8.770262 18.733210
vn -0.860560 0.938966 1.154856
v 16.241476 8.757901 18.735626
vn -1.952260 1.910795 2.067038
v 16.126883 8.836441 18.582321
vn 1.103055 1.762422 -2.148050
v 15.624452 8.693052 17.928253
vn 1.244536 1.893108 -2.365663
v 15.639048 8.681482 17.926546
vn -1.567056 2.114614 -2.137965
v 15.332205 8.430561 17.487944
vn -0.416584 1.958658 -2.107602
v 15.337313 8.593373 17.643055
vn -0.483284 2.276011 -2.445740
v 15.354931 8.593340 17.639542
vn -1.542291 1.040727 0.222448
v 15.410221 8.753746 17.781683
vn -1.080935 -1.875959 2.531048
v 15.510883 8.817274 17.987339
vn -1.877951 1.476415 0.400329
v 15.503664 8.865357 17.956644
vn -1.252086 0.674701 0.649104
v 15.643184 8.915903 18.140022
vn -0.544479 1.685176 -0.406599
v 13.559410 10.735775 0.675341
vn 0.075004 0.196919 -2.804419
v 13.559410 10.735775 0.675341
vn 1.546173 -0.391144 2.846301
v 7.216614 9.360142 24.597605
vn 0.070587 0.474237 0.174983
v 7.401955 9.413736 24.509985
vn 0.305683 2.368209 0.940836
v 7.561094 9.436540 24.393387
vn -0.070348 0.328295 -2.894881
v 3.073376 8.769259 0.244019
vn 0.118103 -0.352782 3.116501
v 9.967745 9.367977 24.113495
vn 0.118140 -0.353122 3.121018
v 9.968475 9.418581 24.119194
vn 0.236516 -0.355492 3.111386
v 9.728392 9.369600 24.127855
vn 0.236332 -0.355547 3.112635
v 9.729322 9.420201 24.133566
vn 0.384538 -0.250086 3.068886
v 8.781951 9.420135 24.253893
vn 2.015090 0.577431 0.607394
v 16.765726 8.778802 21.030043
vn -0.270441 -2.035527 0.149062
v 16.021336 8.834864 18.393171
vn -1.360610 -1.186895 0.490358
v 16.126883 8.836441 18.582321
vn 1.258353 -1.218148 -0.421946
v 15.771215 8.775537 18.065432
vn 1.456878 1.343473 -2.213379
v 15.759273 8.791519 18.067139
vn 0.489604 1.826767 -2.222816
v 15.410221 8.753746 17.781683
vn -1.211816 1.417204 0.192477
v 15.528358 8.889883 17.922411
vn -0.973543 -1.639448 2.242587
v 15.494756 8.828875 17.988937
vn -1.651506 0.821750 0.419870
v 15.494756 8.828875 17.988937
vn -1.908201 -0.083459 1.886861
v 15.644880 8.928392 18.130312
vn -0.438096 1.206105 -0.288595
v 13.556442 10.743885 0.713740
vn 0.109587 0.176380 -3.357241
v 13.391600 10.655024 0.665526
vn 1.285012 -0.342978 2.849064
v 7.401955 9.413736 24.509985
vn -0.005552 0.027123 -0.238823
v 2.904575 8.854749 0.257816
vn 0.333231 -0.356192 3.102808
v 9.488794 9.370473 24.150183
vn 0.337187 -0.372096 3.100973
v 9.489855 9.421075 24.155878
vn 0.387069 -0.362454 3.099464
v 8.780880 9.369528 24.248245
vn 0.151979 2.117871 0.972261
v 7.818583 9.418140 24.371050
vn 0.948259 -0.718092 0.354902
v 16.797960 8.972568 21.030750
vn 0.932928 -1.549471 -0.351497
v 15.913298 8.836424 18.206182
vn -1.477690 -1.712758 0.431298
v 16.139318 8.804847 18.547880
vn 1.637915 1.466045 -2.454122
v 15.771215 8.775537 18.065432
vn 0.604566 2.086927 -2.559253
v 15.427593 8.746109 17.779451
vn 0.959990 1.638948 -2.250597
v 15.528358 8.889883 17.922411
vn -0.770055 1.622482 0.190843
v 15.675788 8.990575 18.064138
vn -1.487711 1.996025 0.432853
v 15.648172 8.974433 18.098921
vn -1.930539 -0.666169 2.382894
v 15.788427 9.008307 18.274357
vn -0.895153 1.490841 -0.475712
v 13.384754 10.670120 0.666087
vn 0.097173 0.150111 -2.914192
v 13.384754 10.670120 0.666087
vn 1.278502 -0.338979 2.838050
v 7.400384 9.363161 24.504652
vn 0.355433 2.982806 1.217508
v 7.602214 9.416367 24.430805
vn 0.441523 -0.690001 3.030345
v 9.250859 9.370649 24.179218
vn 0.250044 -0.181559 1.618938
v 8.051476 9.368391 24.329058
vn 0.250767 -0.011934 1.608811
v 8.052568 9.419021 24.334585
vn 1.482113 -1.075983 0.542073
v 16.802912 8.971335 21.015024
vn 0.170374 0.277661 0.042138
v 16.912025 8.662603 20.963675
vn 0.566738 -0.907470 0.514818
v 16.950239 9.161880 20.997383
vn -0.009798 -2.066916 -0.049889
v 16.043570 8.837355 18.356291
vn 1.882560 0.891546 -1.972099
v 15.906530 8.853588 18.207659
vn 2.234162 1.078674 -2.297598
v 15.913298 8.836424 18.206182
vn 1.110763 1.837477 -2.544188
v 15.543815 8.877546 17.920141
vn -0.718986 -0.698326 1.252331
v 15.632517 8.943201 18.131847
vn 1.405556 1.354266 -2.193202
v 15.675788 8.990575 18.064138
vn -1.357656 1.198925 0.396184
v 15.632517 8.943201 18.131847
vn -0.691603 1.089631 -0.360257
v 13.378069 10.678516 0.704315
vn 0.157469 0.110146 -3.262408
v 13.232073 10.549669 0.654888
vn 0.993489 -0.326935 2.949972
v 7.600370 9.365675 24.425827
vn 0.995379 -0.328165 2.964167
v 7.602214 9.416367 24.430805
vn -0.029732 0.157813 -1.386136
v 2.730005 8.927595 0.269854
vn 0.659640 -0.338942 3.055968
v 7.818583 9.418140 24.371050
vn 0.658927 -0.335616 3.039675
v 7.817192 9.367484 24.365744
vn 0.951173 -1.481329 0.837640
v 16.955391 9.156336 20.981939
vn 2.990624 0.984346 0.924943
v 16.769680 8.781737 21.014135
vn 2.473484 -0.459714 -2.288452
v 16.043570 8.837355 18.356291
vn 0.490408 -0.965402 -1.082382
v 16.370722 8.577705 18.819977
vn 0.859281 -3.293403 -1.932855
v 16.163227 8.787554 18.510950
vn 1.603921 1.556902 -2.478064
v 15.687384 8.975229 18.062002
vn 0.873257 0.554037 -1.190901
v 15.836576 9.044613 18.205816
vn -0.718792 1.286691 0.061120
v 15.806455 9.044127 18.240086
vn -1.831083 -0.631861 2.258466
v 15.782207 9.025896 18.274235
vn -1.063591 1.327222 -0.563198
v 13.222345 10.563328 0.654869
vn 0.145444 0.100871 -3.008938
v 13.222345 10.563328 0.654869
vn -0.015911 0.182769 -1.412395
v 2.578129 9.039383 0.285718
vn -0.036309 0.198879 -1.734758
v 2.739182 8.941691 0.271262
vn 0.178354 0.219467 3.483770
v 16.819347 8.966884 21.014463
vn 0.014619 0.024676 0.142107
v 16.955391 9.156336 20.981939
vn 0.122972 0.124688 2.613283
v 16.802912 8.971335 21.015024
vn 0.149949 -0.226511 1.036383
v 16.769680 8.781737 21.014135
vn 0.340530 -0.212797 1.169259
v 16.912025 8.662603 20.963675
vn 0.309719 -0.474793 1.994668
v 16.786985 8.786875 21.012671
vn 1.407163 2.161983 0.137927
v 17.134092 8.548347 20.942789
vn 0.262686 0.327475 1.770299
v 17.170797 9.261675 20.930490
vn 2.097328 -0.390660 -1.938429
v 16.046095 8.853635 18.355742
vn 0.428219 -1.025145 -1.124575
v 16.451424 8.446226 18.975307
vn 0.572761 -0.940337 -1.092125
v 16.273468 8.696242 18.665354
vn 1.585864 -1.560021 -1.925517
v 16.174725 8.801899 18.508461
vn 1.617018 -1.090906 -1.947334
v 16.869343 7.785347 19.746956
vn 0.867621 -1.801449 -2.014232
v 16.650093 8.023077 19.436075
vn 1.026810 0.345670 -1.293888
v 15.842087 9.026731 18.205450
vn -0.904044 1.554259 0.103275
v 15.782207 9.025896 18.274235
vn -0.435957 1.516530 -0.013494
v 15.940248 9.072602 18.417414
vn -0.813633 0.986674 -0.431592
v 13.212965 10.572226 0.692894
vn 0.132709 0.145552 -3.242082
v 13.083500 10.421873 0.643177
vn -0.018060 0.221068 -1.702158
v 2.588938 9.052217 0.287257
vn 0.544707 -0.321794 1.808772
v 16.926182 8.674836 20.961588
vn 1.788389 2.621175 0.154162
v 17.124332 8.558626 20.881241
vn 0.978273 0.508550 0.199899
v 17.299891 8.392982 20.844507
vn 0.162999 0.265459 1.225955
v 17.183947 9.246216 20.932089
vn 0.439655 -1.039996 -1.142267
v 16.469702 8.455105 18.974173
vn 0.520277 -1.013143 -1.138142
v 16.387974 8.588220 18.818415
vn 0.597412 -0.954447 -1.115580
v 16.289165 8.708623 18.662926
vn 0.927578 -0.138579 -0.789102
v 17.175114 7.710929 20.059229
vn 0.893417 -0.375926 -0.895515
v 17.018723 7.719113 19.904482
vn 2.673287 2.519754 -3.248959
v 16.003359 9.065000 18.348288
vn 0.475127 2.583662 -1.062292
v 15.995264 9.073298 18.356291
vn -0.082339 4.348386 -0.759612
v 15.971455 9.078586 18.381960
vn -1.208436 1.209214 -0.564182
v 13.071882 10.434175 0.643260
vn 0.121447 0.138078 -3.028836
v 13.071882 10.434175 0.643260
vn -0.144333 0.281406 -3.012183
v 2.440817 9.169872 0.303342
vn 1.115532 -0.243754 -0.210770
v 16.824343 8.965359 21.003399
vn 0.697302 0.863805 -0.143812
v 16.791586 8.789551 21.001337
vn 0.580260 -0.286284 1.497603
v 17.124332 8.558626 20.881241
vn 1.698249 0.985231 0.322416
v 17.300978 8.414500 20.784445
vn 0.040431 -0.087970 -0.097977
v 16.599112 8.171341 19.282125
vn 1.224129 -0.528010 -1.237244
v 17.025425 7.737685 19.903372
vn 0.078809 -0.091551 -0.125287
v 16.761297 7.904685 19.590490
vn 2.145572 -0.151936 -2.410655
v 16.003794 9.045392 18.349911
vn 0.019387 0.107792 -0.025122
v 16.286865 9.089469 18.672064
vn -0.912445 0.891761 -0.419614
v 13.062031 10.442028 0.681370
vn 0.071218 0.199557 -3.246196
v 12.947397 10.276878 0.630755
vn 0.007884 0.439363 -3.213446
v 2.453238 9.181070 0.304912
vn 0.539799 -0.264433 1.378827
v 17.135910 8.573605 20.879581
vn 0.028720 -0.053664 0.134948
v 17.300978 8.414500 20.784445
vn 0.245813 -0.829240 1.561072
v 17.413149 8.241738 20.675011
vn 0.099682 0.032560 -0.117610
v 17.311741 7.794311 20.205189
vn 1.446901 -0.232524 -1.240037
v 17.176086 7.729524 20.057106
vn 1.966830 -1.326904 -2.368573
v 16.880310 7.801753 19.746872
vn 0.997916 -2.071972 -2.316602
v 16.667770 8.032531 19.435234
vn 0.121004 -0.002121 -0.132666
v 16.168369 9.044555 18.494785
vn -0.180861 0.166551 -0.070978
v 12.934629 10.288051 0.631173
vn 0.030585 0.207616 -3.040998
v 12.440540 9.598958 0.578372
vn 0.064571 0.187283 -3.023267
v 12.934629 10.288051 0.631173
vn -1.025707 -0.799948 -0.596523
v 2.308912 9.297717 0.358707
vn -0.024340 0.360881 -2.957258
v 2.317501 9.313820 0.322344
vn 1.467074 -0.309486 -1.953504
v 16.810690 8.968428 20.927589
vn 1.404127 1.173544 -0.282871
v 16.772097 8.792812 20.926428
vn 0.361715 0.586354 -0.097606
v 16.904449 8.677518 20.875652
vn 0.020456 -0.675187 1.086876
v 17.430920 8.246341 20.677536
vn 0.255869 1.238456 0.636727
v 17.375559 10.102032 20.477701
vn 0.699789 1.067483 0.634020
v 17.496990 9.953115 20.602165
vn 1.114177 1.278991 -2.016359
v 17.426611 7.909720 20.346794
vn -0.236254 0.061101 0.137329
v 16.392967 9.116635 18.854246
vn 1.085162 0.036210 -1.149086
v 16.318098 9.078589 18.637257
vn 0.031678 0.221002 -3.227057
v 12.427608 9.609982 0.578996
vn -1.247795 -0.932868 -0.704012
v 2.317501 9.313820 0.322344
vn -0.029442 0.398170 -3.279565
v 2.331493 9.323008 0.323341
vn -0.397473 -0.508807 -3.336186
v 16.966402 9.137593 20.895014
vn 1.065231 2.191692 -0.414703
v 17.137499 8.579663 20.868307
vn 1.403888 2.825093 -0.544383
v 17.113903 8.577140 20.794363
vn 0.760122 1.244203 0.793137
v 17.509228 9.953360 20.588245
vn 1.470714 1.686943 -2.671207
v 17.411777 7.920336 20.345331
vn 1.988791 1.190634 -2.253311
v 16.436617 9.141312 18.781803
vn -1.250945 1.144506 -0.449224
v 12.427608 9.609982 0.578996
vn -2.285215 1.744699 -0.467145
v 12.555378 9.791058 0.630246
vn 0.002020 0.220262 -3.028510
v 12.290276 9.432862 0.565726
vn -1.163582 -0.638795 -0.532176
v 2.211361 9.459717 0.379288
vn -1.247086 -0.507880 -1.988911
v 2.220633 9.473484 0.342490
vn -0.308080 -0.423249 -1.643746
v 17.185417 9.233540 20.844603
vn -0.053180 0.010562 -1.546224
v 16.795378 8.973393 20.928087
vn -0.516288 0.511314 -4.121814
v 16.772097 8.792812 20.926428
vn -0.927912 0.515328 -3.228577
v 16.904449 8.677518 20.875652
vn -0.759726 0.421158 -2.732774
v 16.890371 8.665006 20.877701
vn -0.966625 0.437304 -2.808381
v 17.113903 8.577140 20.794363
vn 0.178649 0.281215 -0.061176
v 17.306604 8.446278 20.701693
vn 1.050581 1.015294 -0.221468
v 17.446091 8.281380 20.607424
vn 0.335882 1.496462 0.774123
v 17.388229 10.106352 20.464207
vn 1.365967 -0.247290 0.273601
v 17.591047 9.761503 20.691055
vn 0.330831 -0.631097 -1.293373
v 17.544865 9.521524 20.704720
vn 0.255621 0.686492 -0.997028
v 17.473846 8.092134 20.477358
vn 0.409227 1.049145 -1.530883
v 17.455589 8.095888 20.475262
vn 1.062083 0.065533 -1.129733
v 16.320795 9.059740 18.639210
vn -0.486189 -0.847650 0.807274
v 16.513069 9.184421 18.997755
vn -1.273229 0.784211 0.494895
v 16.501904 9.225188 18.962498
vn -0.972130 0.906745 -0.366802
v 12.418814 9.615974 0.617115
vn 0.001954 0.235401 -3.238076
v 12.278063 9.444630 0.566578
vn -1.615001 0.220665 -3.393999
v 2.162645 9.651123 0.363552
vn -0.035532 0.199571 -1.778668
v 2.235968 9.480187 0.342916
vn -1.313700 0.481729 0.370372
v 16.782471 10.111839 19.901886
vn -1.007218 0.904163 0.343723
v 16.910202 10.203155 20.053419
vn 0.021792 1.384823 0.353734
v 17.035137 10.232184 20.243303
vn -0.160881 -0.442164 -1.355762
v 17.400612 9.335206 20.779955
vn -0.253408 0.257094 -2.050139
v 16.755188 8.787445 20.927845
vn -0.249250 -0.340598 -1.343214
v 17.172388 9.248989 20.843067
vn -0.304469 -0.394720 -2.680685
v 16.953571 9.151144 20.894476
vn -1.033842 0.474704 -3.062440
v 17.102283 8.562226 20.796059
vn -0.721434 0.999277 -2.599460
v 17.306604 8.446278 20.701693
vn 0.019670 0.370264 0.113341
v 17.235546 10.206873 20.330046
vn -0.745399 0.309315 1.108655
v 17.399374 10.121267 20.467539
vn -0.701889 -1.257159 1.203070
v 16.497007 9.194448 18.998610
vn -1.450355 0.774006 0.475937
v 16.497007 9.194448 18.998610
vn 1.768285 1.058532 -2.006273
v 16.446056 9.126469 18.782291
vn 0.071692 0.094964 -0.129977
v 16.539055 9.235913 18.924713
vn -0.233200 0.238203 -0.053966
v 12.278063 9.444630 0.566578
vn 0.034832 0.169344 -3.012483
v 11.947114 9.125456 0.543787
vn 0.061839 0.365185 -0.107737
v 2.985573 8.972790 22.455490
vn -0.818137 -0.091363 0.334075
v 2.201296 9.062850 23.229923
vn -1.154659 -0.088972 -0.398556
v 2.150848 9.639320 0.400364
vn 0.003093 0.403475 -3.313001
v 2.178921 9.654772 0.364007
vn -1.450585 0.175507 0.324872
v 16.692995 9.978409 19.749556
vn -0.197040 -0.521364 -1.615091
v 17.385748 9.347458 20.777723
vn -0.817233 1.200367 -3.076574
v 17.292267 8.435261 20.701338
vn -0.970309 0.390811 1.432322
v 17.388229 10.106352 20.464207
vn -1.674009 0.318143 2.081259
v 17.241856 10.225238 20.332314
vn -2.130258 0.404973 2.647533
v 17.235546 10.206873 20.330046
vn 1.473686 0.420046 0.201836
v 17.549658 9.959515 20.551241
vn 1.540888 -0.191906 0.296807
v 17.602777 9.742405 20.615231
vn -0.003299 -0.671712 -1.609294
v 17.527567 9.527076 20.702314
vn 1.107275 1.769359 -1.245936
v 17.440575 8.284690 20.596432
vn -0.013232 1.131595 -1.666936
v 17.422607 8.280890 20.594187
vn -0.269617 -0.949457 0.987265
v 16.578890 9.318846 19.140606
vn -1.180771 0.360996 0.189384
v 16.566456 9.380287 19.077372
vn 0.279015 0.975170 -1.089877
v 16.575605 9.385532 19.067942
vn 0.039625 0.181446 -3.260523
v 11.937002 9.139030 0.544429
vn 0.030251 0.383074 -2.945061
v 2.140345 9.838085 0.386421
vn -0.386390 0.001453 -0.106092
v 2.140345 9.838085 0.386421
vn -1.521782 0.588414 0.432431
v 16.783499 10.124482 19.889088
vn -1.169547 1.326544 1.679008
v 17.071218 10.245749 20.187975
vn 0.633573 -1.516001 -3.173750
v 17.584660 9.739833 20.612766
vn 0.506881 -1.148328 -2.396794
v 17.602777 9.742405 20.615231
vn -0.330731 -1.180022 1.235155
v 16.559776 9.324932 19.141239
vn -1.768475 0.481158 0.246148
v 16.559776 9.324932 19.141239
vn 0.304381 1.078307 -1.208898
v 16.594709 9.379249 19.067211
vn -1.872915 2.099444 -0.126945
v 12.107871 9.294412 0.593211
vn -0.963885 1.385675 -0.424312
v 11.937002 9.139030 0.544429
vn 0.074890 0.104938 -3.020593
v 11.753126 8.990898 0.534479
vn 1.867466 1.732340 -0.260981
v 2.973263 8.968199 22.336931
vn -0.169208 0.491915 0.131694
v 2.224073 9.145453 22.950642
vn -0.602930 -0.503503 0.192745
v 2.243130 8.937157 23.032440
vn 0.029774 0.427166 -3.284492
v 2.157009 9.838529 0.386655
vn -1.589651 0.210288 0.360254
v 16.691654 9.991217 19.736649
vn -0.476591 -0.962272 1.184865
v 16.638052 9.830183 19.584307
vn -2.277717 0.549952 1.716507
v 16.915276 10.213806 20.040270
vn -1.335259 1.327463 1.170787
v 17.071781 10.264830 20.189159
vn 2.420586 -0.602322 -2.109584
v 17.558954 9.947758 20.507835
vn 1.373915 -1.265232 -2.941568
v 17.543833 9.937714 20.504980
vn -0.199111 -0.947460 1.115852
v 16.611061 9.483672 19.285175
vn -1.205226 0.171547 0.069235
v 16.595201 9.541761 19.220661
vn 0.200423 0.930715 -1.099868
v 16.604284 9.547700 19.211500
vn -0.751806 1.110332 -0.365697
v 11.930248 9.147011 0.582546
vn 0.082282 0.111178 -3.256995
v 11.744350 9.005399 0.534755
vn -2.082987 1.131409 -0.695170
v 3.042120 8.954397 22.256119
vn 0.468272 0.347413 -0.078140
v 3.032701 8.877298 22.158861
vn -0.711798 2.381405 0.611615
v 2.134317 9.082300 23.071213
vn -1.664196 -1.582724 0.466771
v 2.134317 9.082300 23.071213
vn -0.128127 0.407762 -2.902497
v 2.150494 10.025717 0.411993
vn -1.302256 0.107013 -0.268358
v 2.142405 10.022401 0.449924
vn -0.580759 -1.008002 1.235473
v 16.691654 9.991217 19.736649
vn -1.580732 -1.737184 2.472663
v 16.783499 10.124482 19.889088
vn -0.728064 -0.794332 1.136665
v 16.674599 10.001457 19.736855
vn -1.351295 -1.437635 2.081395
v 16.770164 10.138338 19.890198
vn -0.896455 -0.394874 1.072609
v 16.908556 10.230995 20.041367
vn -0.057648 2.828620 0.175064
v 17.096569 10.277425 20.149252
vn 1.804314 -0.060286 -2.140808
v 17.292534 10.223779 20.250988
vn -1.747648 -0.789720 1.275741
v 16.591192 9.487632 19.284992
vn 0.230668 1.047796 -1.238697
v 16.624123 9.543455 19.211523
vn -0.783886 1.477348 -0.508137
v 11.744350 9.005399 0.534755
vn 0.078590 0.081055 -3.041491
v 11.544607 8.880177 0.525681
vn -0.560305 0.285858 -0.186066
v 3.032701 8.877298 22.158861
vn -2.207859 0.998737 -0.726773
v 3.076023 8.834040 21.967808
vn 2.119186 1.381918 -0.381408
v 3.020964 8.864322 22.046633
vn -0.181423 1.693972 0.356593
v 2.158108 9.142527 22.797213
vn -0.988465 -1.151384 0.205801
v 2.200991 8.990680 22.878868
vn -1.758542 0.182478 -0.340335
v 2.150494 10.025717 0.411993
vn -0.157861 0.465925 -3.310743
v 2.166866 10.023224 0.410892
vn -0.376988 -0.917464 1.102455
v 16.619165 9.837123 19.583624
vn -0.971913 1.294553 0.188443
v 16.908556 10.230995 20.041367
vn 0.083778 -0.036988 -0.130381
v 17.434816 10.099748 20.382565
vn 0.345708 0.861036 -1.032448
v 16.643387 9.892079 19.508717
vn -0.609939 1.181793 -0.408186
v 11.738005 9.015279 0.572841
vn 0.084028 0.085464 -3.237394
v 11.537273 8.895464 0.525896
vn -0.496770 0.282502 -0.171083
v 3.066654 8.747553 21.877419
vn -1.888448 1.509920 -0.707399
v 3.115881 8.718235 21.683426
vn 0.586343 0.233339 -0.026319
v 3.066654 8.747553 21.877419
vn -0.286928 1.877435 0.436562
v 2.006926 9.135180 22.755198
vn -1.447148 -1.983941 0.186632
v 2.006926 9.135180 22.755198
vn 0.597655 -0.785458 0.152048
v 4.381777 7.192080 16.594210
vn 0.194162 -1.001445 0.249221
v 4.319800 7.192873 16.961794
vn -1.197599 0.337888 -0.107715
v 2.195807 10.206463 0.475169
vn -0.312584 0.477222 -2.833045
v 2.199112 10.205788 0.436306
vn -1.422098 0.868523 0.196486
v 16.770164 10.138338 19.890198
vn -1.966871 1.983165 0.221531
v 16.780554 10.166694 19.851595
vn -1.122287 2.646137 0.206872
v 16.926319 10.251733 20.002010
vn 0.357482 1.614905 0.011688
v 17.121353 10.270903 20.108433
vn 0.454520 1.111338 -1.335959
v 16.662428 9.885470 19.509581
vn -0.632059 1.540430 -0.518047
v 11.537273 8.895464 0.525896
vn 0.066667 0.060560 -3.061132
v 11.325924 8.790251 0.518213
vn -0.443205 -0.649380 0.041097
v 2.150311 9.035303 22.723343
vn -0.220042 1.123391 0.284511
v 2.097864 9.180677 22.645885
vn -1.799267 0.558766 -0.158762
v 2.199112 10.205788 0.436306
vn -0.376283 0.562285 -3.323339
v 2.214020 10.200064 0.433662
vn 2.238695 0.140427 -2.573954
v 17.121862 10.251756 20.107737
vn 1.877846 0.149409 -2.156803
v 17.121353 10.270903 20.108433
vn 2.148728 -0.340879 -2.635866
v 17.287336 10.204963 20.249184
vn 0.920884 1.629108 -2.001060
v 16.703678 10.053096 19.660446
vn -0.494565 1.237911 -0.415160
v 11.531818 8.906122 0.564174
vn 0.070718 0.062124 -3.219208
v 11.320049 8.806165 0.518398
vn -0.483683 0.387179 -0.189138
v 3.097471 8.652325 21.591890
vn -1.839828 1.475533 -0.768898
v 3.138071 8.605223 21.404352
vn 2.368622 0.702319 0.021411
v 3.064384 8.758629 21.765226
vn -0.498083 1.299347 0.376038
v 1.950134 9.164001 22.597475
vn 0.449546 -0.973572 0.216858
v 4.259179 7.130845 16.759775
vn 0.064334 -2.502371 0.175693
v 4.289021 7.119126 16.581936
vn -1.126065 -2.306444 0.164907
v 4.212039 7.166822 16.941067
vn -1.147950 0.660285 -0.083056
v 2.288952 10.369293 0.494436
vn -0.301581 0.607288 -2.720278
v 2.292221 10.370067 0.455407
vn -0.261265 1.603511 0.040128
v 16.951258 10.255415 19.961775
vn -0.070186 1.975905 -0.907792
v 16.804586 10.181437 19.812094
vn 2.103778 1.018703 -2.502471
v 16.958878 10.238525 19.961140
vn 1.131684 2.002034 -2.458690
v 16.721119 10.043387 19.660568
vn -0.508984 1.583517 -0.521070
v 11.320049 8.806165 0.518398
vn 0.066170 0.002476 -3.058815
v 11.101444 8.718073 0.512898
vn 0.635110 0.184292 -0.033046
v 3.097471 8.652325 21.591890
vn -1.537713 0.970016 -0.110993
v 2.292221 10.370067 0.455407
vn -0.380180 0.749712 -3.373687
v 2.303946 10.360251 0.451901
vn 1.741107 0.888698 -2.086261
v 16.951258 10.255415 19.961775
vn 0.877973 0.976140 -1.347688
v 16.818565 10.168119 19.811422
vn -0.398503 1.272072 -0.417748
v 11.315631 8.817403 0.556833
vn 0.070595 0.000279 -3.222866
v 11.096961 8.734442 0.512807
vn -0.456748 0.410769 -0.193925
v 3.110390 8.525773 21.318121
vn 2.394243 0.686468 -0.204343
v 3.089041 8.650045 21.485458
vn -1.610501 1.768714 -0.705695
v 3.156946 8.493865 21.131901
vn -0.337975 0.418266 0.155299
v 1.981743 9.281415 22.350035
vn -0.588271 -0.865088 -0.041707
v 4.200265 7.180257 16.565844
vn -0.765227 -0.720612 -0.087675
v 4.259179 7.130845 16.759775
vn -0.822194 -0.480269 -0.118481
v 4.156383 7.268230 16.916227
vn -0.918742 1.081095 -0.064774
v 2.420578 10.482534 0.511919
vn -0.033903 0.722259 -2.539739
v 2.426775 10.485482 0.473225
vn -0.376911 1.607387 -0.557353
v 11.096961 8.734442 0.512807
vn 0.068188 -0.045124 -3.055170
v 10.872223 8.664643 0.508581
vn 0.656189 0.095467 0.001604
v 3.110390 8.525773 21.318121
vn -1.697713 1.880839 0.723512
v 1.900383 9.181804 22.441254
vn -0.572644 -1.054136 0.076434
v 1.932573 9.172626 22.545040
vn -1.013350 1.363044 -0.073348
v 2.426775 10.485482 0.473225
vn -0.039870 0.990840 -3.491328
v 2.433998 10.472106 0.469329
vn -0.291786 1.290604 -0.450035
v 11.093363 8.746981 0.551099
vn 0.072252 -0.048431 -3.225816
v 10.869014 8.681320 0.508257
vn -0.433825 0.473433 -0.199247
v 3.129545 8.433372 21.042818
vn -1.581795 1.708460 -0.780472
v 3.166998 8.386065 20.863356
vn -1.194210 0.906561 0.401912
v 1.921293 9.315095 22.202730
vn -0.695635 -1.641958 0.132057
v 2.012207 9.116075 22.261389
vn -0.280616 1.469712 -0.032499
v 2.589415 10.517831 0.531820
vn 0.289261 0.756228 -2.684448
v 2.599760 10.518963 0.493688
vn -0.236573 1.617696 -0.589725
v 10.869014 8.681320 0.508257
vn 0.049116 -0.035201 -3.062945
v 10.639333 8.630954 0.504111
vn 2.517898 0.239588 0.084336
v 3.113831 8.539857 21.209457
vn 2.870860 1.303860 -0.562467
v 3.129545 8.433372 21.042818
vn -1.796456 1.156744 0.580556
v 1.804050 9.193573 22.128471
vn -0.950689 -2.258000 0.271552
v 1.804050 9.193573 22.128471
vn -0.233101 1.601924 -0.038263
v 2.599760 10.518963 0.493688
vn 0.371005 0.926600 -3.328977
v 2.601480 10.503943 0.489664
vn -0.179701 1.305960 -0.478323
v 10.866195 8.694909 0.546418
vn 0.051172 -0.036765 -3.218862
v 10.637215 8.647823 0.503885
vn -0.382160 0.511798 -0.205585
v 3.130497 8.314221 20.780066
vn 0.544932 -0.033985 0.017531
v 3.130497 8.314221 20.780066
vn -1.037182 2.089186 -0.678310
v 3.176735 8.278215 20.598467
vn -0.327266 -0.779374 0.106986
v 1.964542 9.123287 22.107388
vn -0.797212 0.445585 0.249765
v 1.857498 9.332034 22.052052
vn 0.247000 1.531591 -0.054922
v 2.774561 10.492832 0.551112
vn 0.426447 1.642343 -1.479447
v 2.785675 10.489691 0.513503
vn -0.031990 0.318356 -0.096209
v 10.637215 8.647823 0.503885
vn 0.023981 -0.042397 -3.074344
v 10.167420 8.599992 0.499064
vn -1.395863 0.612571 0.434731
v 1.754446 9.192802 21.971518
vn 0.244251 0.313785 -1.705338
v 2.782053 10.474504 0.510076
vn 0.274955 1.271870 -0.530805
v 9.231017 8.710680 0.533657
vn 0.025570 -0.046749 -3.239561
v 10.167152 8.617000 0.498827
vn -0.322506 0.627228 -0.215904
v 3.136292 8.230806 20.514288
vn -1.093134 2.004955 -0.758763
v 3.164692 8.179597 20.338058
vn 0.170948 0.065281 -1.372691
v 2.959049 10.416842 0.529376
vn -0.034853 0.005770 -3.220279
v 8.997785 8.746395 0.498421
vn 0.363502 2.696763 -0.746555
v 9.463256 8.674089 0.532633
vn 0.094674 2.769540 -0.490141
v 9.931796 8.631568 0.535683
vn -0.172338 2.734819 -0.649632
v 10.401843 8.641328 0.538983
vn -0.004410 0.319027 -0.066003
v 10.167152 8.617000 0.498827
vn 0.017068 -0.109261 -3.076288
v 9.930484 8.600330 0.498106
vn 0.724899 -0.099140 -0.001549
v 3.136292 8.230806 20.514288
vn 2.367168 -0.303190 0.146770
v 3.139292 8.333314 20.677658
vn -0.558733 0.151337 0.172563
v 1.727081 9.345928 21.748623
vn -0.338836 -0.908866 0.115798
v 1.728667 9.192483 21.889938
vn -0.475129 -0.771776 -0.255408
v 4.107289 7.987599 17.187860
vn -0.771179 -0.490944 0.268504
v 4.145231 7.920353 16.830742
vn 0.212018 0.073386 -1.742390
v 2.951376 10.402534 0.527740
vn 1.098578 2.550659 -0.517484
v 8.560250 8.917696 0.541235
vn 0.014729 0.097084 -1.672514
v 8.773570 8.817533 0.500397
vn 0.326793 1.569122 -0.633416
v 9.227567 8.695730 0.496048
vn 0.026132 0.313872 -0.070836
v 9.695471 8.632582 0.495765
vn 0.001220 -0.085635 -3.071035
v 9.694041 8.615637 0.496234
vn -0.263153 0.616104 -0.211459
v 3.111147 8.120333 20.258600
vn 2.412551 -0.341402 -0.089750
v 3.133511 8.236972 20.416077
vn -2.375166 0.568880 0.722966
v 1.705853 9.191543 21.815285
vn -0.585500 -1.876217 0.215181
v 1.774296 9.131783 21.484835
vn 0.093314 -0.084581 -1.382434
v 3.113953 10.308535 0.544465
vn -0.220524 2.556436 -0.721033
v 6.047138 10.436454 0.687030
vn -0.044561 -0.045930 -1.567324
v 8.767993 8.801513 0.501013
vn -0.042108 -0.136249 -3.220736
v 9.227567 8.695730 0.496048
vn -0.065981 -0.143461 -3.047444
v 8.993365 8.730025 0.499290
vn 0.001065 -0.090383 -3.241179
v 9.695471 8.632582 0.495765
vn 0.616546 -0.292715 0.045010
v 3.111147 8.120333 20.258600
vn -0.529638 2.293757 -0.653012
v 3.143976 8.078101 20.083630
vn -1.841239 0.273916 0.536670
v 1.664948 9.348892 21.594635
vn -0.629437 -1.924226 0.335457
v 1.570166 9.180632 21.355331
vn -0.740204 -0.703670 0.049280
v 4.113085 8.052691 16.980387
vn 0.052632 -2.410271 -0.102322
v 4.039688 8.044203 17.142574
vn -0.840732 -2.495828 0.717430
v 4.079888 8.018491 16.822508
vn 0.115927 -0.109397 -1.746810
v 3.103191 10.295959 0.544508
vn -0.683506 1.120759 -0.298679
v 5.849681 10.395502 0.698111
vn 0.643132 1.179777 -0.467496
v 8.347080 9.017113 0.546078
vn -0.066812 0.003189 -3.042811
v 8.332746 8.990479 0.508133
vn -0.040409 -0.128137 -3.056163
v 9.224235 8.679089 0.496793
vn -0.112937 0.723461 -0.190772
v 3.094934 8.043249 20.000986
vn -1.227478 0.149080 0.410517
v 1.570166 9.180632 21.355331
vn -0.537608 -3.078591 0.865660
v 1.704998 9.115567 21.260721
vn 0.061489 -0.123120 -1.369107
v 3.244456 10.172887 0.561920
vn -0.928478 0.913986 -0.364534
v 5.675794 10.293999 0.705473
vn 0.044691 0.345361 -0.107590
v 6.254086 10.413357 0.636309
vn -0.852807 1.517533 -0.406466
v 5.851877 10.386660 0.659907
vn 0.507216 1.244992 -0.409382
v 6.679440 10.283006 0.648027
vn 0.286947 1.284877 -0.434701
v 6.472381 10.373108 0.661439
vn 0.762002 1.427853 -0.538144
v 8.340567 9.005568 0.507983
vn -0.070126 0.004822 -3.238716
v 8.340567 9.005568 0.507983
vn 0.956339 1.130887 -0.427954
v 7.575606 9.552423 0.577281
vn 0.739431 1.126157 -0.454871
v 8.141259 9.131119 0.551948
vn 1.988777 -1.331131 0.273141
v 3.132082 8.130803 20.157194
vn -0.115450 2.311693 -0.540684
v 3.092859 8.003582 19.831833
vn 0.625883 -0.359179 -0.056118
v 3.094934 8.043249 20.000986
vn -0.414867 -1.181395 0.307164
v 1.512922 9.168024 21.203053
vn 0.741920 -0.791464 0.294332
v 3.977005 7.965708 17.089504
vn 0.525442 -0.911910 0.239014
v 4.113085 8.052691 16.980387
vn 0.211417 -0.838541 0.137192
v 3.979640 7.994136 16.828131
vn 0.078316 -0.158601 -1.758027
v 3.231256 10.162714 0.562242
vn 0.052118 -0.132065 -1.381369
v 3.343386 10.014672 0.580626
vn -0.263348 3.061646 -0.863552
v 6.045833 10.425609 0.648978
vn -1.193525 1.239546 -0.472973
v 5.681809 10.284969 0.667512
vn 0.883008 1.368690 -0.551757
v 8.133983 9.120500 0.513830
vn -0.067046 0.032225 -3.059019
v 8.125162 9.105972 0.513867
vn 1.714292 2.196979 -0.473755
v 7.756861 9.402852 0.566181
vn 0.029208 0.735425 -0.159366
v 3.009472 7.980285 19.750032
vn 2.108130 -1.103874 -0.440960
v 3.083868 8.062063 19.900984
vn -1.441874 0.521763 0.332850
v 2.538198 8.364773 20.102940
vn -0.624532 0.062682 0.229583
v 1.513617 9.340021 21.157984
vn -0.551758 -2.934802 0.985921
v 1.679575 9.099867 21.199759
vn -1.611166 0.175326 0.694611
v 1.512922 9.168024 21.203053
vn 0.953397 -0.352340 -0.313417
v 4.055367 7.988438 16.945374
vn 0.062785 -0.168054 -1.744987
v 3.328405 10.007170 0.580778
vn 0.709717 1.145684 -0.433798
v 6.868588 10.160735 0.633086
vn -0.292299 0.237882 -0.115073
v 5.539923 10.143267 0.673614
vn -0.229468 0.119944 -3.474393
v 5.857611 10.371274 0.658991
vn -0.171424 0.061330 -2.879277
v 6.045833 10.425609 0.648978
vn -0.201538 0.069087 -3.392184
v 6.047552 10.409229 0.648534
vn -0.176580 0.000470 -2.956365
v 6.254086 10.413357 0.636309
vn 0.389495 1.615501 -0.545077
v 6.467087 10.361451 0.623489
vn -0.182826 0.094869 -2.793245
v 5.851877 10.386660 0.659907
vn -0.162580 0.008045 -3.384528
v 5.691313 10.271610 0.667039
vn -0.134521 0.002568 -2.892639
v 5.681809 10.284969 0.667512
vn -0.053541 0.093884 -3.059512
v 7.927660 9.238042 0.519488
vn -0.069670 0.035716 -3.222368
v 8.133983 9.120500 0.513830
vn 0.818868 1.063361 -0.463760
v 7.047359 10.017407 0.617874
vn 1.052947 1.254617 -0.454790
v 7.567393 9.544765 0.538691
vn 0.183074 0.255838 -0.080366
v 7.937388 9.251976 0.519753
vn 0.688431 -0.259450 -0.148372
v 3.009472 7.980285 19.750032
vn -1.252109 -0.505081 -0.083895
v 2.658514 8.791904 20.580961
vn -2.435377 -0.053848 0.225123
v 2.670593 8.625786 20.436636
vn 0.075805 -0.544601 0.102553
v 1.912657 9.100363 21.146212
vn 0.101180 0.180103 1.392431
v 1.673817 9.082637 21.202406
vn 0.135569 0.216502 1.694687
v 1.679575 9.099867 21.199759
vn 1.111812 -0.684549 0.384995
v 3.923752 7.821846 17.029247
vn 0.933230 0.205759 -1.400786
v 3.875380 7.894352 16.826180
vn 0.005668 -0.157873 -1.445963
v 3.403543 9.838667 0.599470
vn 0.652112 1.525884 -0.508900
v 6.673120 10.273052 0.609925
vn -2.221050 1.237522 -0.825544
v 5.420704 9.991808 0.717796
vn -0.197759 0.000144 -3.314795
v 6.251988 10.396863 0.636441
vn -0.170473 0.055570 -2.970212
v 6.467087 10.361451 0.623489
vn -0.059715 -0.087962 -3.322376
v 5.552514 10.132416 0.673692
vn -0.051013 -0.080067 -2.956702
v 5.539923 10.143267 0.673614
vn -0.055761 0.100819 -3.219611
v 7.937388 9.251976 0.519753
vn 0.927252 1.200000 -0.520938
v 7.037884 10.008135 0.579884
vn 0.407500 2.304066 -0.438700
v 3.016756 7.946067 19.577084
vn -0.659619 -0.754618 0.057078
v 2.481382 9.079199 20.865685
vn -0.366378 0.057102 0.070306
v 2.623049 8.514158 20.236336
vn 0.276656 -1.224943 0.172143
v 2.147640 9.149042 21.114956
vn 1.208425 -1.256302 2.953222
v 1.912594 9.080925 21.148079
vn 1.024978 0.292263 3.116320
v 1.912657 9.100363 21.146212
vn 1.685101 0.305857 -2.566862
v 3.991316 7.853649 16.897440
vn 0.004970 -0.176218 -1.616536
v 3.387477 9.833703 0.599949
vn 0.877075 1.383982 -0.531562
v 6.860524 10.151321 0.595030
vn -2.647502 1.470736 -0.983177
v 5.430550 9.984285 0.680029
vn -0.188570 0.065234 -3.301198
v 6.461779 10.345558 0.623488
vn -0.148440 0.129020 -2.964576
v 6.673120 10.273052 0.609925
vn -0.065827 -0.085498 -3.307833
v 5.445092 9.975864 0.679956
vn -1.230737 0.350311 -0.375901
v 5.340672 9.817465 0.724108
vn -0.065639 0.160296 -3.096091
v 7.556472 9.531711 0.538229
vn -0.065261 0.167364 -3.186287
v 7.567393 9.544765 0.538691
vn -0.247143 0.002092 -3.091757
v 7.037884 10.008135 0.579884
vn 0.143396 0.750477 -0.179593
v 2.940531 7.942547 19.487793
vn 2.179692 -0.672840 -0.476201
v 2.997881 8.018771 19.642599
vn 0.126382 -1.412227 0.011718
v 2.332140 9.153294 20.998434
vn -0.459327 -0.309949 -0.004934
v 2.576580 8.980886 20.666056
vn -1.674074 -0.588829 -0.085704
v 2.646925 8.830038 20.524342
vn -1.390395 0.439727 0.380093
v 2.539284 8.376709 20.088934
vn -3.160047 -0.014033 0.332662
v 2.664577 8.666055 20.381187
vn 0.375528 -1.843269 0.219493
v 2.122360 9.134995 21.055628
vn 1.480897 0.148089 2.821822
v 2.122923 9.114738 21.056370
vn 0.910710 -0.473629 0.183576
v 3.884456 7.682347 16.962465
vn 1.984522 -1.111961 0.520887
v 3.949692 7.766472 16.855877
vn 0.071789 -0.888267 -0.491385
v 3.446268 7.799796 16.712048
vn 0.274346 0.304885 -0.714603
v 3.797970 7.766203 16.795202
vn 0.946221 0.664115 -1.905201
v 3.932768 7.725233 16.829473
vn 0.059351 -0.269934 -3.284469
v 3.490030 9.282519 0.650674
vn -0.156348 0.128134 -3.031972
v 6.860524 10.151321 0.595030
vn -0.164908 0.145720 -3.304982
v 6.665312 10.258114 0.609655
vn -1.656841 0.501166 -0.514064
v 5.350725 9.812082 0.686177
vn -0.060501 -0.076293 -2.971554
v 5.430550 9.984285 0.680029
vn -0.171607 0.133388 -3.266637
v 6.850971 10.137321 0.594932
vn 0.465831 2.198684 -0.683489
v 2.942152 7.890079 19.320116
vn 0.775936 -0.206345 -0.195136
v 2.940531 7.942547 19.487793
vn 0.923886 0.876064 0.487135
v 2.113344 9.708576 20.698093
vn -0.554361 -1.981364 1.126348
v 2.460045 9.093380 20.806589
vn -1.273408 0.465819 0.389576
v 2.202539 8.004667 19.645844
vn -1.517794 0.490983 0.520996
v 2.203016 8.017350 19.632238
vn -0.771431 -1.840323 2.152663
v 2.623049 8.514158 20.236336
vn -0.833167 -1.987583 2.325071
v 2.605066 8.520868 20.235628
vn -0.088958 -1.035609 1.179537
v 2.664577 8.666055 20.381187
vn 1.451292 0.125318 2.688236
v 2.122360 9.134995 21.055628
vn 0.266489 -1.202812 0.167702
v 1.883972 9.064507 21.075806
vn 0.289579 -1.709067 0.181146
v 2.122923 9.114738 21.056370
vn 0.180209 -0.450981 -0.959727
v 3.596866 7.794609 16.781954
vn -0.387683 -0.538606 0.140129
v 3.283972 7.818913 16.653780
vn -0.125080 -0.296161 -3.011529
v 3.473609 9.278631 0.651752
vn -0.082004 -0.072452 -3.191136
v 5.313735 9.625736 0.691173
vn -0.096992 -0.061277 -2.990867
v 5.350725 9.812082 0.686177
vn -0.106196 -0.067621 -3.287889
v 5.366378 9.805719 0.685796
vn -2.555595 0.750471 -1.048458
v 5.197004 9.269580 0.738873
vn -0.285999 0.075720 -0.096383
v 5.297484 9.630716 0.691474
vn 0.237696 0.720319 -0.222631
v 2.855850 7.880492 19.230457
vn 2.177613 -0.523911 -0.590244
v 2.918900 7.974074 19.380005
vn 2.200269 1.120943 0.595672
v 2.379074 9.469133 20.460413
vn 1.360384 0.595266 0.604358
v 2.588585 9.235609 20.133074
vn 0.336258 0.206669 0.113318
v 2.262247 9.637143 20.544153
vn 1.720978 -1.727012 2.165885
v 2.305799 9.150442 20.938812
vn 0.050099 -0.093814 0.129436
v 2.576580 8.980886 20.666056
vn 0.817016 -1.112638 1.395862
v 2.450504 9.078485 20.804686
vn -0.069018 -1.034211 1.176171
v 2.645096 8.666700 20.380611
vn 0.136174 -1.027543 1.167615
v 2.646925 8.830038 20.524342
vn 0.150194 -1.038269 1.179743
v 2.627855 8.825450 20.522732
vn 2.065462 -0.386003 2.783502
v 2.302874 9.131460 20.938251
vn 0.209769 -1.332285 0.130967
v 2.091238 9.102562 20.983257
vn -0.217675 -0.098598 -0.947513
v 1.640461 9.078517 21.118847
vn -0.232399 -0.595310 -1.757681
v 1.466293 9.160944 21.121605
vn -1.004726 0.401878 -0.186272
v 1.453922 9.344296 21.071644
vn -0.622567 0.781318 0.154405
v 1.576485 9.548615 21.038462
vn 0.347791 -1.151122 0.275727
v 2.801607 7.053654 18.200083
vn 1.714462 -0.633796 0.228712
v 3.889726 7.616557 16.766582
vn 0.484092 -0.130674 0.042691
v 3.845221 7.487031 16.874773
vn 0.245967 -1.766750 -1.487119
v 3.384207 7.772434 16.752443
vn 0.326150 0.611494 -1.433879
v 3.889726 7.616557 16.766582
vn -0.055730 -0.294091 -3.283925
v 3.538733 9.103727 0.666024
vn -0.076356 -0.070510 -3.086830
v 5.297484 9.630716 0.691474
vn 0.803455 -0.215241 -0.125937
v 2.855850 7.880492 19.230457
vn 1.252104 0.820715 0.534770
v 2.724260 9.124208 19.993313
vn 1.184631 1.046207 0.670660
v 2.109869 9.720354 20.683502
vn -1.218622 -0.326230 -0.328666
v 2.620256 8.831009 20.512421
vn -0.365182 0.130924 0.065448
v 2.108135 7.884215 19.481291
vn -1.044121 0.766378 -0.265829
v 2.522339 8.398217 20.077894
vn -0.270803 -1.594116 0.159572
v 2.302874 9.131460 20.938251
vn -0.708557 -0.058304 -1.128632
v 2.086555 9.109482 20.972460
vn -0.486741 -0.113725 -1.151734
v 1.880009 9.070108 21.064653
vn 0.024275 -1.267532 0.105016
v 2.493534 7.033301 18.502850
vn 2.639733 -0.583594 1.273129
v 3.734103 7.375028 17.064335
vn -0.587972 -1.136926 -0.508636
v 3.528314 7.662742 16.831047
vn -1.786405 -0.792667 1.518924
v 3.384207 7.772434 16.752443
vn -0.675252 -0.205029 0.589424
v 3.394846 7.862887 16.796095
vn 1.269506 0.301472 -0.516485
v 3.551763 9.112474 0.703157
vn 1.566270 0.405449 -0.637532
v 3.538733 9.103727 0.666024
vn -0.046708 -0.264660 -2.972913
v 3.523031 9.097807 0.666808
vn 1.014880 1.981274 -0.606888
v 2.881920 7.815904 19.063196
vn 0.073700 -0.108092 -3.003071
v 5.226274 9.257341 0.702135
vn -0.689343 1.139161 -0.465613
v 4.898923 8.826664 0.750067
vn -2.751633 0.823240 -1.131470
v 5.210462 9.263227 0.701522
vn 1.905299 2.294531 0.211801
v 2.872187 9.023186 19.855207
vn 2.700596 1.358493 0.718299
v 2.372950 9.511865 20.402620
vn 0.339611 0.156543 0.095978
v 2.471977 9.372772 20.260454
vn 1.298911 0.582542 0.575932
v 2.589279 9.248117 20.119192
vn 1.429752 -1.689481 2.594279
v 2.262247 9.637143 20.544153
vn 1.451114 -1.216654 2.200606
v 2.274679 9.651733 20.546803
vn -1.107128 -0.785793 -0.492467
v 2.553204 8.974125 20.652660
vn -0.570097 -1.022065 1.263637
v 2.108135 7.884215 19.481291
vn -0.475906 -0.840439 1.040407
v 2.090666 7.894362 19.481497
vn -0.858565 0.940541 -0.177122
v 2.415649 8.280290 19.927200
vn -0.377182 -1.408524 0.141752
v 2.269590 9.132973 20.864721
vn -0.478447 -0.230250 -2.103652
v 1.648197 9.091815 21.115686
vn -0.713537 -0.169387 -1.712589
v 1.880325 9.088514 21.062702
vn -2.197526 0.334317 -1.525329
v 1.455912 9.343628 21.059469
vn -1.175073 1.440031 0.273856
v 1.556036 9.547831 20.959978
vn -0.334717 0.952838 0.091206
v 1.737207 9.695686 20.928989
vn 0.543666 -0.932378 0.332112
v 3.401044 7.232450 17.592535
vn 0.088338 -0.566101 0.089809
v 2.602663 7.019169 18.307053
vn 2.572144 -0.932430 2.604021
v 2.757383 7.029959 18.156942
vn -0.852123 -2.372147 0.310075
v 2.348829 7.062315 18.653605
vn -0.786405 -1.010173 0.327772
v 2.222157 7.145528 18.803593
vn -1.023951 -0.513121 0.062072
v 2.036058 7.399569 19.099771
vn 2.684891 -0.464783 0.327300
v 3.872208 7.540987 16.733912
vn 0.437200 -0.032644 0.092715
v 3.846575 7.428761 16.855764
vn -0.742877 -0.548670 0.596267
v 3.499082 7.800035 16.920961
vn -0.132268 0.389388 -1.003090
v 3.734396 7.502686 16.713964
vn -0.616834 0.340910 -0.972749
v 3.571355 7.558759 16.837002
vn 1.225108 0.508532 -0.500445
v 3.624303 8.947876 0.717133
vn 1.303355 0.402781 -2.223266
v 3.613604 8.937082 0.679973
vn 0.084491 -0.118105 -3.272972
v 5.210462 9.263227 0.701522
vn -0.059998 -0.079886 -3.360296
v 5.144606 9.092028 0.706240
vn 0.547593 0.340862 -0.162832
v 2.813906 7.819950 18.962667
vn 2.170386 -0.614691 -0.200979
v 2.855154 7.915694 19.115276
vn 1.205789 0.817028 0.499635
v 2.722540 9.135998 19.979246
vn 1.026448 -1.802487 2.463878
v 2.372950 9.511865 20.402620
vn 0.923173 -1.730931 2.318317
v 2.471977 9.372772 20.260454
vn 0.965264 -1.717135 2.337509
v 2.388773 9.524131 20.405085
vn -1.617595 1.826696 -2.818941
v 2.624489 8.883252 20.444870
vn -1.260259 0.449467 0.184868
v 2.027628 7.696157 19.389692
vn -0.354630 -0.862504 1.042835
v 2.015684 7.745084 19.334780
vn -1.383437 1.107906 -0.339863
v 2.563025 8.430789 20.011992
vn 0.580005 2.260347 -2.470156
v 2.627893 8.570436 20.159803
vn -0.088083 0.031693 -0.136899
v 2.270079 9.160048 20.854631
vn -0.942605 -0.082080 -1.524512
v 2.086237 9.129665 20.971617
vn -0.546441 -1.320581 -4.020034
v 1.481520 9.166488 21.117714
vn -0.540577 -0.583987 -1.750442
v 1.471979 9.339446 21.055883
vn -0.780615 1.939315 0.208358
v 1.713381 9.694818 20.850618
vn 0.746398 -0.705772 0.533902
v 3.536024 7.286710 17.434288
vn -0.046022 -1.863598 0.141752
v 2.448589 7.028577 18.456221
vn -0.436301 -0.364469 0.092749
v 2.080076 7.287650 18.900717
vn -2.511280 0.079644 0.112150
v 1.999727 7.545581 19.245537
vn 0.097610 1.270426 -3.113614
v 3.872208 7.540987 16.733912
vn 0.565771 1.235951 0.801757
v 3.629683 7.293819 17.243616
vn 0.002525 -0.123838 -1.528314
v 3.599415 8.928456 0.680635
vn 0.111324 -0.132625 -2.902644
v 5.159259 9.083961 0.707179
vn -0.736484 1.199706 -2.186414
v 4.907390 8.816472 0.712596
vn 0.029698 -0.058562 -1.597421
v 5.041224 8.941506 0.710043
vn 0.830235 -0.622056 1.334887
v 3.008556 8.924038 19.702585
vn 0.992945 -1.845001 2.477615
v 2.488495 9.384167 20.262396
vn 1.176125 -1.561972 2.341478
v 2.589279 9.248117 20.119192
vn 0.054800 -0.063081 0.103758
v 2.722540 9.135998 19.979246
vn 2.579495 -0.598069 2.652310
v 2.604395 9.261192 20.120241
vn -1.359219 -0.797911 -0.538524
v 2.549910 9.022003 20.583670
vn -1.973548 1.264030 -2.684497
v 2.425678 9.110050 20.722469
vn -1.690214 0.531907 0.237651
v 2.034460 7.737763 19.335110
vn -0.429981 -1.078119 1.297623
v 2.034460 7.737763 19.335110
vn 0.598912 2.560721 -2.507645
v 2.461044 8.309276 19.861076
vn -1.182022 -0.619447 -2.471000
v 1.556036 9.547831 20.959978
vn -1.441934 -0.274667 -2.407774
v 1.713381 9.694818 20.850618
vn -1.482160 -0.752665 -3.043549
v 1.568542 9.534934 20.957148
vn -1.659511 0.491322 -2.169031
v 1.899893 9.771781 20.731058
vn 0.174948 -0.179528 0.138612
v 3.207393 7.159982 17.706093
vn 1.016412 -1.611874 0.638715
v 3.362919 7.198534 17.559729
vn 2.058389 0.550268 2.182462
v 2.761518 7.010072 18.158127
vn 2.229869 0.331864 2.320059
v 2.602663 7.019169 18.307053
vn 2.098764 0.287906 2.187361
v 2.604031 6.999363 18.308504
vn 2.275909 -0.302221 2.378761
v 2.448589 7.028577 18.456221
vn -1.024200 -2.896935 0.363646
v 2.304239 7.071957 18.604830
vn -1.022481 -1.424428 0.434778
v 2.178629 7.163081 18.753256
vn -1.822070 -0.791388 0.081664
v 2.016891 7.431365 19.046432
vn 0.052426 0.503695 -1.329307
v 3.872975 7.483145 16.712025
vn 1.545902 -0.076050 0.255156
v 3.872975 7.483145 16.712025
vn 0.261956 2.853176 1.142319
v 3.755306 7.354051 17.064398
vn 0.310093 3.199239 1.276309
v 3.846575 7.428761 16.855764
vn 2.688690 0.905680 2.771354
v 3.508976 7.238429 17.408278
vn -0.611095 4.116990 -0.827888
v 3.566512 7.497568 16.818628
vn -1.375990 0.954664 -0.117609
v 3.513613 7.491170 16.989538
vn -0.015945 -0.145116 -1.644393
v 3.720098 8.789268 0.691748
vn -0.614169 1.521272 -0.579730
v 4.750168 8.721732 0.713575
vn -0.466667 1.235501 -0.466417
v 4.743873 8.733511 0.751075
vn 0.030371 -0.057621 -1.542639
v 5.053900 8.930804 0.710671
vn 0.655207 -0.569498 1.113675
v 3.022282 8.938543 19.701927
vn 1.735203 1.014039 0.439318
v 2.388773 9.524131 20.405085
vn 0.905732 0.543186 0.240104
v 2.378733 9.571777 20.335169
vn 1.749426 0.956996 0.338680
v 2.488495 9.384167 20.262396
vn 0.973575 0.498326 0.191599
v 2.477858 9.431494 20.193354
vn -0.253203 1.900820 -2.157285
v 2.643839 8.887131 20.446140
vn -0.867669 2.256184 -2.480912
v 2.549910 9.022003 20.583670
vn 0.016799 0.113890 -0.134368
v 2.669739 8.721861 20.304535
vn -1.791040 -2.069658 2.035208
v 1.979389 7.587584 19.190479
vn 1.305626 1.574411 -2.126434
v 2.578884 8.418858 20.013063
vn 1.497909 1.763861 -2.394752
v 2.563025 8.430789 20.011992
vn 1.529572 1.443510 -2.236514
v 2.475698 8.295120 19.862026
vn -1.392445 1.223231 -2.124394
v 2.436024 9.124434 20.723970
vn -1.784210 -0.313670 -2.943636
v 1.720201 9.677196 20.848457
vn 0.171563 -0.329027 0.108448
v 2.915251 7.040338 18.006750
vn 2.042603 -0.307089 2.142558
v 2.444916 7.009554 18.457172
vn 2.105521 -1.007276 2.447407
v 2.304239 7.071957 18.604830
vn 1.621218 -1.218095 2.123246
v 2.165695 7.147929 18.754452
vn 1.848820 -1.387771 2.412320
v 2.178629 7.163081 18.753256
vn 1.475011 -1.728570 2.429803
v 2.080076 7.287650 18.900717
vn -3.112252 0.038735 0.096042
v 1.998531 7.584609 19.191040
vn 1.275930 -1.551024 2.159843
v 2.064362 7.276643 18.902315
vn 0.564575 -2.163993 2.503589
v 2.016891 7.431365 19.046432
vn 0.536372 4.420474 1.897269
v 3.872975 7.483145 16.712025
vn 0.162561 1.360316 0.565420
v 3.884090 7.485472 16.703461
vn 0.394576 3.608389 0.747699
v 3.734396 7.502686 16.713964
vn 0.253581 2.610831 1.038617
v 3.863192 7.428210 16.853092
vn 0.582855 1.332780 0.860662
v 3.645555 7.284008 17.248579
vn 0.157024 2.450265 0.330213
v 3.552896 7.499495 16.810673
vn -0.014264 -0.131838 -1.487692
v 3.708606 8.777658 0.692884
vn 0.011630 -0.045302 -3.322491
v 4.750168 8.721732 0.713575
vn 0.010215 -0.040202 -2.959888
v 4.757696 8.706772 0.713804
vn 0.005301 -0.024270 -1.544781
v 4.917588 8.803275 0.712812
vn 0.870360 0.643091 0.153288
v 2.585632 9.303080 20.051043
vn -0.532837 0.666796 -0.951269
v 2.252291 9.694166 20.464048
vn -0.723830 1.791158 -2.033152
v 2.566477 9.030804 20.585770
vn -2.739138 0.367439 -0.165194
v 1.975740 7.615672 19.151659
vn 0.171882 1.032647 -1.163363
v 2.038620 7.798779 19.257420
vn -0.429310 -2.298076 2.461803
v 1.998531 7.584609 19.191040
vn 0.936248 1.665418 -2.088576
v 2.118641 7.944908 19.404284
vn 0.783169 1.833106 -2.149854
v 2.645826 8.563437 20.160368
vn 0.052137 0.073851 -0.098003
v 2.239189 8.062309 19.555405
vn -2.024958 0.288288 -2.839538
v 1.899748 9.752974 20.729252
vn 2.742628 -0.321207 2.700659
v 3.371531 7.181215 17.561255
vn 1.881747 1.162519 2.266993
v 3.362919 7.198534 17.559729
vn 1.494311 1.810378 1.854881
v 3.521688 7.224318 17.412060
vn 0.545581 -1.760823 0.230553
v 2.761518 7.010072 18.158127
vn 0.339257 -1.078228 0.128958
v 2.702446 6.984706 18.101444
vn 0.144696 -2.522333 0.321793
v 2.570711 6.983206 18.275917
vn 0.430532 -1.743155 0.356962
v 2.604031 6.999363 18.308504
vn -0.471026 -2.549262 0.176796
v 2.411173 7.003419 18.423319
vn 0.038553 -1.799085 0.218373
v 2.444916 7.009554 18.457172
vn 1.802264 -0.869082 2.097483
v 2.295137 7.054467 18.605404
vn 0.492320 -1.887115 2.181202
v 1.998934 7.427316 19.046982
vn 0.283887 2.526351 0.515426
v 3.732920 7.504818 16.704327
vn 1.674513 -0.275206 0.772257
v 3.755306 7.354051 17.064398
vn 1.156287 -0.162033 0.533496
v 3.754306 7.303006 17.051062
vn 1.809288 -0.173263 0.255705
v 3.863192 7.428210 16.853092
vn 1.652177 -0.656569 0.763025
v 3.645555 7.284008 17.248579
vn 1.039161 -0.372559 0.477540
v 3.635124 7.235775 17.233648
vn -0.741236 2.451314 0.150060
v 3.505012 7.477978 16.983084
vn 0.310295 1.453845 0.209294
v 3.487237 7.482746 16.977509
vn -1.095907 0.778892 -0.361653
v 3.498899 7.504028 17.208942
vn 0.062962 -0.139913 -3.476473
v 3.857714 8.678663 0.701046
vn -0.905872 0.929029 -0.422671
v 3.416744 7.475237 17.429432
vn -0.262190 1.290787 -0.472632
v 4.572598 8.669159 0.751070
vn 0.018810 -0.045976 -2.980949
v 4.581820 8.640237 0.713857
vn -0.357575 1.598454 -0.587425
v 4.577001 8.656325 0.713577
vn -0.456881 0.833146 -1.082946
v 2.370350 9.573477 20.324211
vn -1.501731 -0.723441 0.146162
v 1.998934 7.427316 19.046982
vn -0.084322 0.051129 -0.131082
v 2.079966 9.749010 20.599016
vn -0.967645 -0.260626 -1.036169
v 2.692272 6.989587 18.092833
vn -0.287178 -1.308652 0.106335
v 2.261429 7.059006 18.570230
vn -0.533233 -1.852297 0.153832
v 2.295137 7.054467 18.605404
vn -2.257284 -1.490297 0.415108
v 2.035875 7.291842 18.865824
vn -0.954031 -1.478973 0.164207
v 2.165695 7.147929 18.754452
vn -1.169152 -1.220545 0.322062
v 2.064362 7.276643 18.902315
vn -2.748100 -0.620428 0.129066
v 1.982683 7.449345 19.009235
vn 0.051154 0.468744 -1.541917
v 3.884090 7.485472 16.703461
vn 0.034958 0.428672 -1.463582
v 3.875525 7.385555 16.672802
vn -0.097187 0.476133 -1.578217
v 3.732920 7.504818 16.704327
vn 1.566867 -0.153611 0.150855
v 3.858116 7.340617 16.825741
vn 1.479439 -0.153856 0.131994
v 3.884090 7.485472 16.703461
vn 0.868856 -0.654265 0.419434
v 3.499985 7.183147 17.392796
vn 1.419307 -1.151188 0.694850
v 3.521688 7.224318 17.412060
vn -1.232677 0.874964 -0.390383
v 3.469899 7.452292 17.185396
vn -2.293236 0.726459 -2.478594
v 3.549127 7.449682 16.793007
vn -1.909498 0.646008 -0.310832
v 3.487237 7.482746 16.977509
vn -2.351405 0.819885 -1.810171
v 3.552896 7.499495 16.810673
vn -0.002550 -0.266834 -2.770336
v 3.849674 8.664427 0.702453
vn 0.561954 0.407448 0.006116
v 2.759579 7.650544 18.501850
vn -0.413889 1.094000 -0.264636
v 3.202549 7.443958 17.837181
vn 0.267382 1.304032 -0.424096
v 2.970736 7.502817 18.178427
vn -0.069501 1.317780 -0.434164
v 4.393110 8.631573 0.750849
vn 0.020498 -0.049575 -3.301219
v 4.577001 8.656325 0.713577
vn -0.771066 0.981785 -1.393824
v 2.238773 9.680248 20.461864
vn -1.582197 0.584244 -0.180863
v 1.991261 7.640839 19.113424
vn 0.435714 1.049576 -1.265635
v 2.057457 7.791560 19.257797
vn 0.611182 -0.920581 0.349164
v 3.341447 7.151968 17.536804
vn -2.067049 -0.533556 -2.345770
v 3.138548 7.121523 17.648020
vn -0.094119 -0.024976 -0.101261
v 2.839733 7.039422 17.942589
vn -2.262369 -1.856862 -1.986670
v 2.536184 6.986848 18.241770
vn -0.667273 -1.660225 0.020990
v 2.381269 7.016302 18.388426
vn -1.028186 0.236221 -1.081597
v 2.236872 7.081012 18.534460
vn -0.634717 -1.029564 0.094373
v 2.114187 7.173878 18.691120
vn 1.461726 -0.837631 -0.176109
v 3.875525 7.385555 16.672802
vn -0.108462 0.467706 -1.855518
v 3.734737 7.403278 16.676399
vn -0.528112 -1.232418 -0.753965
v 3.609284 7.197505 17.213188
vn -0.311398 -1.497863 -0.661917
v 3.736189 7.257129 17.034018
vn 1.302091 2.991458 0.703246
v 3.452503 7.460880 17.181602
vn 1.171189 2.620807 0.625872
v 3.469899 7.452292 17.185396
vn -2.076016 0.440977 -0.649961
v 3.472999 7.436081 16.958965
vn -1.217490 1.182081 -0.539205
v 3.381242 7.428892 17.403654
vn 0.400845 1.167364 -0.493234
v 4.030026 8.637890 0.744582
vn 0.058969 -0.166577 -3.373717
v 4.025915 8.623657 0.707555
vn -0.263150 0.415144 -0.138301
v 3.267880 7.415406 17.616970
vn 0.022030 1.292898 -0.407484
v 3.093445 7.456751 18.012384
vn -0.117088 1.658476 -0.553638
v 4.395331 8.619292 0.713218
vn 0.016345 0.007184 -2.994707
v 4.397575 8.602605 0.713181
vn -0.521134 0.944516 -1.230977
v 2.354040 9.561633 20.321980
vn -0.716952 0.638867 -1.179549
v 2.698019 9.185307 19.899664
vn 0.421031 2.177311 -2.476693
v 2.010426 7.637895 19.113997
vn 0.339134 1.937722 -2.202051
v 1.991261 7.640839 19.113424
vn 1.083003 1.926420 -2.412604
v 2.136160 7.934875 19.404137
vn -1.142364 -0.299372 -1.220875
v 2.688198 7.009424 18.091648
vn -1.664789 0.003306 0.005207
v 1.984428 7.475406 18.970903
vn -2.634703 1.042671 -1.855298
v 2.023151 7.317974 18.827688
vn -0.159865 -1.663925 -0.660081
v 3.850479 7.328325 16.822947
vn -0.336793 -2.501762 -0.614714
v 3.734737 7.403278 16.676399
vn -0.310736 -2.282976 -1.013967
v 3.864693 7.382922 16.681877
vn 1.619254 2.643776 0.960694
v 3.365273 7.440205 17.399689
vn -1.511632 1.062149 -0.453832
v 3.452503 7.460880 17.181602
vn -1.165495 0.108736 -1.631214
v 3.558191 7.397530 16.784212
vn 1.531756 2.456591 0.904890
v 3.381242 7.428892 17.403654
vn 0.497401 1.597501 -0.655113
v 4.025915 8.623657 0.707555
vn 0.051650 -0.134424 -2.901752
v 4.021681 8.607781 0.708241
vn 0.042742 0.014492 -3.276496
v 4.210013 8.608962 0.711530
vn 0.180842 0.366394 -0.088526
v 2.817738 7.573377 18.298927
vn 2.331561 0.406946 0.726226
v 2.753248 7.659942 18.457466
vn 0.619918 2.315278 0.310782
v 3.158714 7.419465 17.804485
vn 0.281825 1.622915 -0.525080
v 2.924194 7.499632 18.139290
vn 0.111227 1.281524 -0.413772
v 4.210538 8.621052 0.749116
vn 0.119481 1.699412 -0.550021
v 4.210013 8.608962 0.711530
vn 0.017472 0.009866 -3.286895
v 4.395331 8.619292 0.713218
vn -0.560567 -0.994460 0.592823
v 2.750967 7.762428 18.609417
vn -1.331420 1.171667 -2.263214
v 2.982754 8.970515 19.622675
vn -1.194112 1.560724 -2.376289
v 2.452616 9.422046 20.180765
vn -0.054286 0.053047 -0.093186
v 2.561329 9.290361 20.039646
vn -0.561204 2.159840 -2.503827
v 2.002422 7.479410 18.970329
vn -1.421111 -1.732482 -1.696502
v 3.466191 7.156254 17.369080
vn -1.935145 -0.499523 -2.197009
v 3.133888 7.140970 17.647703
vn -2.300698 -0.317262 -2.328619
v 2.535135 7.006639 18.240110
vn -2.251869 0.324701 -2.406167
v 2.385221 7.035305 18.387280
vn -2.019904 0.289843 -2.159482
v 2.381269 7.016302 18.388426
vn -0.775785 0.583768 -1.040385
v 2.112392 7.184039 18.681530
vn -0.473391 -3.561509 -0.862198
v 3.735531 7.400517 16.687368
vn -0.290942 -1.327037 -0.598021
v 3.719415 7.262417 17.029943
vn -0.124333 -1.216951 -0.485763
v 3.834412 7.328867 16.825472
vn -2.041015 0.990651 -0.602122
v 3.427360 7.418911 17.161070
vn -1.227533 1.283117 -0.545414
v 3.365273 7.440205 17.399689
vn -1.772312 0.150588 -0.834935
v 3.475964 7.384349 16.946667
vn -0.244691 -2.542052 -0.422556
v 3.558191 7.397530 16.784212
vn -0.328843 -3.622327 -0.601884
v 3.570368 7.394828 16.793911
vn 1.984346 2.278206 1.103077
v 3.254887 7.429116 17.612263
vn 1.905236 2.141562 1.073230
v 3.267880 7.415406 17.616970
vn 0.039594 0.017270 -3.004441
v 4.209403 8.592311 0.711425
vn 2.443853 2.147725 1.004150
v 3.046535 7.445923 17.975492
vn 1.247157 0.809002 0.706143
v 3.150639 7.436006 17.799763
vn -0.740972 0.660036 -1.220385
v 2.684610 9.170104 19.899580
vn -0.489425 1.886014 -2.186600
v 1.984428 7.475406 18.970903
vn -0.101950 -0.067732 -0.122271
v 3.295831 7.157775 17.507635
vn -1.070596 0.533356 -1.249721
v 2.246119 7.098450 18.533789
vn -0.926147 0.714220 -1.254389
v 2.125412 7.199105 18.680275
vn -0.567009 -1.271853 -0.797962
v 3.594378 7.207639 17.207064
vn -1.857546 1.378501 -0.828452
v 3.334651 7.402606 17.377302
vn -0.702406 -2.823395 -0.530926
v 3.475964 7.384349 16.946667
vn -0.757357 -3.167154 -0.584794
v 3.492653 7.379027 16.953510
vn -1.000754 1.509294 -0.593327
v 3.254887 7.429116 17.612263
vn 2.573924 -0.377267 1.500250
v 2.817738 7.573377 18.298927
vn 0.719901 -1.431546 1.089738
v 2.763458 7.663685 18.455587
vn 2.530919 0.308632 1.647845
v 2.924194 7.499632 18.139290
vn 2.777130 -0.353309 1.571642
v 2.822275 7.588599 18.294523
vn 2.697157 0.351608 1.726545
v 2.924913 7.518897 18.134398
vn -0.115135 -1.840190 0.988173
v 2.765862 7.754439 18.610100
vn 0.130017 0.020282 -0.013936
v 2.765862 7.754439 18.610100
vn -0.077850 1.745892 -2.087807
v 3.211186 8.513605 19.203508
vn -0.054506 0.089754 -0.133831
v 3.091005 8.826289 19.483450
vn -0.205543 0.804305 -0.970212
v 3.191313 8.682461 19.342966
vn -1.516819 1.334765 -2.579329
v 2.968834 8.956252 19.623480
vn -1.664690 -2.031640 -1.993487
v 3.454723 7.170702 17.363932
vn -1.524359 1.833710 -2.411216
v 2.038925 7.328887 18.826015
vn -1.829136 0.485106 -0.516950
v 3.419392 7.368216 17.144684
vn -1.193439 -2.657671 -0.662466
v 3.436351 7.359377 17.149090
vn -1.529371 1.628638 -0.899561
v 3.221423 7.398245 17.587545
vn -0.536857 1.760448 -0.598442
v 3.150639 7.436006 17.799763
vn 2.718273 0.819505 1.633663
v 3.043633 7.464669 17.970917
vn -1.593079 0.777430 -0.710815
v 3.319803 7.353610 17.359137
vn -1.337047 -2.908559 -0.742059
v 3.419392 7.368216 17.144684
vn -0.921340 1.948880 -0.897622
v 3.114233 7.416911 17.771667
vn 0.842873 2.006410 -0.606596
v 2.822275 7.588599 18.294523
vn 0.444002 1.749420 -0.696660
v 2.790812 7.591269 18.257093
vn 2.436231 0.550875 -0.308055
v 2.763458 7.663685 18.455587
vn 1.297700 0.339333 -0.206308
v 2.757883 7.672045 18.415741
vn 0.366289 1.835427 -0.540284
v 2.924913 7.518897 18.134398
vn 0.103598 2.199648 -0.892920
v 2.885092 7.517443 18.099615
vn 0.020887 1.805109 -0.543281
v 3.043633 7.464669 17.970917
vn -0.273058 2.206478 -0.897262
v 3.004860 7.457134 17.939186
vn 2.564940 -1.548509 0.399026
v 2.786077 7.767068 18.568913
vn 0.388296 0.791548 -1.124227
v 3.103033 8.186148 18.934620
vn 0.022058 0.107631 -0.140417
v 3.158945 8.348336 19.068125
vn -0.288956 1.178623 -1.420697
v 3.172245 8.677839 19.343174
vn -2.056112 -2.272031 -1.131659
v 3.200706 7.353605 17.567842
vn -1.658753 -2.623789 -0.947725
v 3.319803 7.353610 17.359137
vn -1.549899 -2.451165 -0.889517
v 3.335395 7.342140 17.363602
vn -1.371632 1.056673 -0.814814
v 3.200706 7.353605 17.567842
vn 1.202401 1.294548 -2.281071
v 3.001116 8.041274 18.803104
vn -0.096656 2.167809 -2.592178
v 3.191349 8.513829 19.204435
vn 0.494721 0.956719 -1.378626
v 3.085661 8.195434 18.935158
vn -1.884150 -2.100300 -1.051334
v 3.213163 7.339767 17.573162
vn -0.990406 1.449978 -0.887992
v 3.085575 7.381271 17.748573
vn -0.168863 1.662001 -0.854690
v 2.844309 7.496785 18.069897
vn 0.265890 1.751267 -0.841100
v 2.754700 7.578766 18.224154
vn 2.057888 1.160059 -0.639926
v 2.742073 7.676689 18.377825
vn -0.499927 1.664168 -0.888559
v 2.968687 7.430901 17.912271
vn 2.414493 0.275607 -1.341561
v 2.791361 7.787668 18.527054
vn -2.305370 -1.471841 -1.269348
v 3.093031 7.364711 17.753880
vn -2.512927 -1.550912 -1.395301
v 3.085575 7.381271 17.748573
vn 0.079506 0.103789 -0.160461
v 2.871380 7.921159 18.666550
vn -2.476833 -0.766408 -1.608907
v 2.970945 7.412277 17.917385
vn -2.616125 -0.775252 -1.719809
v 2.968687 7.430901 17.912271
vn -2.517940 -0.290564 -1.631603
v 2.842905 7.477775 18.075289
vn -2.715779 -0.275019 -1.737921
v 2.844309 7.496785 18.069897
vn -1.328273 0.161642 -0.859616
v 2.749514 7.563778 18.228971
vn -1.301274 0.177065 -0.850022
v 2.754700 7.578766 18.224154
vn 0.460749 0.812006 -1.041350
v 2.776098 7.795250 18.526213
# 1707 vertices, 0 vertices normals


usemtl material_0
vt 0.373558 0.147283
vt 0.368209 0.147592
vt 0.373479 0.148402
f 3/1/3 5/2/5 1/3/1
vt 0.382936 0.146645
vt 0.378547 0.146961
vt 0.382748 0.147757
f 7/4/7 4/5/4 2/6/2
vt 0.368278 0.147579
f 9/7/9 10/2/10 3/1/3
vt 0.378792 0.146972
f 12/8/12 4/5/4 13/4/13
vt 0.362719 0.147864
f 14/9/14 10/2/10 9/7/9
vt 0.373720 0.147282
f 9/7/9 3/1/3 11/10/11
vt 0.362740 0.147867
vt 0.368228 0.148717
f 5/2/5 15/11/15 8/12/8
f 11/10/11 4/5/4 12/8/12
vt 0.386781 0.147435
vt 0.394966 0.145600
f 6/13/6 16/14/16 7/4/7
vt 0.383243 0.146649
f 12/8/12 13/4/13 17/15/17
f 14/9/14 18/11/18 10/2/10
f 17/15/17 13/4/13 20/14/20
vt 0.357224 0.148136
f 21/16/21 18/11/18 14/9/14
vt 0.357328 0.148128
vt 0.362843 0.148990
f 15/11/15 22/17/22 19/18/19
vt 0.399646 0.145248
f 17/15/17 20/14/20 23/19/23
f 21/16/21 25/17/25 18/11/18
vt 0.399337 0.145238
f 20/14/20 27/20/27 23/19/23
vt 0.399135 0.146355
f 24/21/24 28/20/28 16/14/16
vt 0.351976 0.148397
f 21/16/21 29/22/29 25/17/25
vt 0.352149 0.148393
vt 0.357497 0.149247
f 22/17/22 30/23/30 26/24/26
vt 0.404142 0.144898
f 23/19/23 27/20/27 32/25/32
f 29/22/29 33/23/33 25/17/25
vt 0.403964 0.146014
f 34/25/34 28/20/28 31/26/31
vt 0.404401 0.144914
f 23/19/23 32/25/32 35/27/35
vt 0.346920 0.148646
f 29/22/29 36/28/36 33/23/33
vt 0.409492 0.144596
f 35/27/35 32/25/32 39/29/39
vt 0.342250 0.148882
f 36/28/36 40/30/40 33/23/33
vt 0.347384 0.149774
f 30/23/30 41/30/41 37/31/37
vt 0.409366 0.145720
f 42/29/42 34/25/34 38/32/38
vt 0.409680 0.144603
f 35/27/35 39/29/39 43/33/43
vt 0.337187 0.149120
f 44/34/44 40/30/40 36/28/36
vt 0.415266 0.144310
f 43/33/43 39/29/39 46/35/46
vt 0.323297 0.149854
f 44/34/44 47/36/47 40/30/40
vt 0.415207 0.145441
f 49/35/49 42/29/42 45/37/45
vt 0.415372 0.144308
f 43/33/43 46/35/46 50/38/50
vt 0.337757 0.150224
f 41/30/41 47/36/47 48/39/48
vt 0.323046 0.149889
f 51/40/51 47/36/47 44/34/44
vt 0.421341 0.144017
f 50/38/50 46/35/46 53/41/53
vt 0.313180 0.150550
f 51/40/51 54/42/54 47/36/47
vt 0.421351 0.145145
f 55/41/55 49/35/49 52/43/52
vt 0.421364 0.144022
f 50/38/50 53/41/53 56/44/56
vt 0.427638 0.143743
f 58/45/58 55/41/55 52/43/52
f 56/44/56 53/41/53 59/45/59
vt 0.302591 0.151322
vt 0.313369 0.150499
f 54/42/54 60/46/60 57/47/57
vt 0.427583 0.143757
f 61/48/61 56/44/56 59/45/59
vt 0.434076 0.143519
f 61/48/61 59/45/59 63/49/63
vt 0.434162 0.144644
f 65/49/65 58/45/58 62/50/62
vt 0.433956 0.143525
f 66/51/66 61/48/61 63/49/63
vt 0.297139 0.151750
vt 0.302666 0.151279
f 60/46/60 67/52/67 64/53/64
vt 0.440443 0.143311
f 66/51/66 63/49/63 69/54/69
vt 0.291682 0.152260
vt 0.297136 0.151721
f 71/55/71 70/56/70 67/52/67
vt 0.440546 0.144438
f 72/54/72 65/49/65 68/57/68
vt 0.446526 0.143087
vt 0.440272 0.143309
f 74/58/74 75/59/75 69/54/69
f 66/51/66 69/54/69 75/59/75
vt 0.291591 0.152228
f 71/55/71 76/60/76 70/56/70
vt 0.465347 0.142635
f 75/59/75 74/58/74 77/61/77
vt 0.446669 0.144213
f 78/58/78 72/54/72 73/62/73
vt 0.297326 0.152810
f 70/56/70 80/60/80 79/63/79
vt 0.286370 0.152815
f 81/64/81 76/60/76 71/55/71
vt 0.465546 0.142621
f 77/61/77 74/58/74 82/65/82
vt 0.286187 0.152782
f 81/64/81 85/66/85 76/60/76
vt 0.465691 0.143730
f 86/65/86 78/58/78 83/67/83
vt 0.472358 0.142476
f 77/61/77 82/65/82 87/68/87
vt 0.291705 0.153312
f 80/60/80 88/66/88 84/69/84
vt 0.281350 0.153374
f 89/70/89 85/66/85 81/64/81
vt 0.472475 0.143592
f 91/68/91 86/65/86 90/71/90
vt 0.472192 0.142483
f 92/72/92 77/61/77 87/68/87
vt 0.281077 0.153363
f 89/70/89 93/73/93 85/66/85
vt 0.479452 0.142345
f 92/72/92 87/68/87 95/74/95
vt 0.281074 0.154458
f 88/66/88 97/73/97 96/75/96
vt 0.277052 0.153932
f 98/76/98 93/73/93 89/70/89
vt 0.479532 0.143466
f 99/74/99 91/68/91 94/77/94
vt 0.479332 0.142346
f 100/78/100 92/72/92 95/74/95
vt 0.276696 0.153943
f 97/73/97 101/79/101 96/75/96
f 98/76/98 102/79/102 93/73/93
vt 0.486892 0.142262
f 100/78/100 95/74/95 104/80/104
vt 0.273905 0.154483
f 106/81/106 102/79/102 98/76/98
vt 0.486920 0.143377
f 107/80/107 99/74/99 103/82/103
vt 0.486836 0.142270
f 108/83/108 100/78/100 104/80/104
vt 0.276631 0.155054
vt 0.273479 0.154491
f 105/84/105 101/79/101 109/85/109
f 106/81/106 110/85/110 102/79/102
vt 0.494483 0.142201
f 108/83/108 104/80/104 112/86/112
vt 0.271869 0.155014
f 114/87/114 110/85/110 106/81/106
vt 0.494452 0.143310
f 115/86/115 107/80/107 111/88/111
vt 0.494501 0.142214
f 108/83/108 112/86/112 116/89/116
vt 0.273299 0.155604
vt 0.271397 0.155026
f 113/90/113 109/85/109 117/91/117
f 110/85/110 114/87/114 118/91/118
vt 0.270906 0.155514
f 119/92/119 118/91/118 114/87/114
vt 0.502028 0.142133
f 116/89/116 112/86/112 121/93/121
vt 0.270421 0.155566
f 119/92/119 122/94/122 118/91/118
vt 0.501943 0.143252
f 123/93/123 115/86/115 120/95/120
vt 0.502126 0.142139
f 116/89/116 121/93/121 124/96/124
vt 0.270281 0.156700
f 125/97/125 117/91/117 126/94/126
vt 0.271253 0.155892
f 122/94/122 119/92/119 127/98/127
vt 0.509360 0.142119
f 124/96/124 121/93/121 129/99/129
vt 0.270797 0.155987
f 125/97/125 126/94/126 130/100/130
f 131/100/131 122/94/122 127/98/127
vt 0.509219 0.143245
f 132/99/132 123/93/123 128/101/128
vt 0.509536 0.142117
f 124/96/124 129/99/129 133/102/133
vt 0.273148 0.156057
f 131/100/131 127/98/127 135/103/135
vt 0.516311 0.142217
f 133/102/133 129/99/129 137/104/137
vt 0.270779 0.157142
vt 0.272770 0.156166
f 134/105/134 130/100/130 138/106/138
f 139/106/139 131/100/131 135/103/135
vt 0.516107 0.143335
f 140/104/140 132/99/132 136/107/136
vt 0.516554 0.142219
f 133/102/133 137/104/137 141/108/141
vt 0.276542 0.156190
f 139/106/139 135/103/135 143/109/143
vt 0.522768 0.142374
f 141/108/141 137/104/137 145/110/145
vt 0.276281 0.156295
vt 0.272754 0.157330
f 138/106/138 146/111/146 142/112/142
f 147/111/147 139/106/139 143/109/143
vt 0.522516 0.143486
f 148/110/148 140/104/140 144/113/144
vt 0.523063 0.142380
f 141/108/141 145/110/145 149/114/149
vt 0.281386 0.156473
f 147/111/147 143/109/143 151/115/151
vt 0.539776 0.143076
f 149/114/149 145/110/145 152/116/152
vt 0.281267 0.156567
vt 0.276177 0.157455
f 146/111/146 153/117/153 150/118/150
f 154/117/154 147/111/147 151/115/151
vt 0.533944 0.143897
f 155/119/155 156/116/156 148/110/148
vt 0.540076 0.143042
f 149/114/149 152/116/152 157/120/157
vt 0.286928 0.156820
f 154/117/154 151/115/151 159/121/159
vt 0.545767 0.143378
f 157/120/157 152/116/152 160/122/160
vt 0.286941 0.156891
vt 0.281020 0.157710
f 153/117/153 161/123/161 158/124/158
f 154/117/154 159/121/159 162/123/162
vt 0.545645 0.144514
f 164/122/164 156/116/156 163/125/163
vt 0.546009 0.143340
f 157/120/157 160/122/160 165/126/165
vt 0.292417 0.157147
f 162/123/162 159/121/159 167/127/167
vt 0.552500 0.143553
f 165/126/165 160/122/160 169/128/169
vt 0.292517 0.157174
vt 0.286628 0.158015
f 161/123/161 170/129/170 166/130/166
f 162/123/162 167/127/167 171/129/171
vt 0.552406 0.144687
f 172/128/172 164/122/164 168/131/168
vt 0.552663 0.143530
f 165/126/165 169/128/169 173/132/173
vt 0.297785 0.157502
f 171/129/171 167/127/167 176/133/176
vt 0.559532 0.143695
f 177/134/177 172/128/172 168/131/168
f 173/132/173 169/128/169 178/134/178
vt 0.297942 0.157491
vt 0.292346 0.158287
f 170/129/170 181/135/181 175/136/175
f 171/129/171 176/133/176 181/135/181
vt 0.559597 0.143686
f 173/132/173 178/134/178 182/137/182
vt 0.322237 0.627289
vt 0.318801 0.627466
vt 0.318163 0.632558
f 174/138/174 179/139/179 183/140/183
vt 0.566415 0.143902
f 182/137/182 178/134/178 188/141/188
vt 0.318005 0.628268
f 189/140/189 179/139/179 190/142/190
vt 0.320617 0.637759
vt 0.317827 0.637802
f 180/143/180 183/140/183 191/144/191
vt 0.303164 0.157914
vt 0.307984 0.158411
f 186/145/186 176/133/176 192/146/192
vt 0.566439 0.145038
f 193/141/193 177/134/177 187/147/187
vt 0.566368 0.143886
f 194/148/194 182/137/182 188/141/188
vt 0.317297 0.643160
vt 0.320007 0.643219
f 191/144/191 196/149/196 184/150/184
vt 0.318782 0.638391
f 197/144/197 189/140/189 198/151/198
vt 0.572873 0.144101
vt 0.572712 0.144080
f 204/152/204 203/153/203 188/141/188
f 194/148/194 188/141/188 203/153/203
vt 0.319018 0.648817
vt 0.316077 0.648593
vt 0.314502 0.653972
f 185/154/185 195/155/195 199/156/199
f 184/150/184 196/149/196 195/155/195
vt 0.318576 0.643495
f 205/149/205 197/144/197 206/157/206
vt 0.317979 0.159382
vt 0.322767 0.159849
f 200/158/200 192/146/192 207/159/207
vt 0.573002 0.145235
f 204/152/204 193/141/193 201/160/201
vt 0.578365 0.144216
vt 0.578628 0.144217
f 208/161/208 203/153/203 202/162/202
vt 0.316728 0.648478
f 199/156/199 209/155/209 210/163/210
f 209/155/209 205/149/205 206/157/206
vt 0.327964 0.160271
vt 0.322936 0.159831
f 212/164/212 213/165/213 207/159/207
f 200/158/200 207/159/207 213/165/213
vt 0.318071 0.160497
f 200/158/200 217/165/217 211/166/211
vt 0.328057 0.160245
f 213/165/213 212/164/212 218/167/218
vt 0.583239 0.144341
vt 0.583586 0.144321
f 219/168/219 208/161/208 214/169/214
vt 0.323002 0.160940
f 217/165/217 218/167/218 222/170/222
vt 0.333420 0.160640
f 218/167/218 212/164/212 223/171/223
vt 0.587648 0.144484
f 219/168/219 214/169/214 225/172/225
vt 0.587988 0.145601
f 214/169/214 224/173/224 231/172/231
vt 0.587251 0.144500
f 232/174/232 219/168/219 225/172/225
vt 0.412135 0.848483
vt 0.419321 0.841501
vt 0.419261 0.841400
f 226/175/226 233/176/233 220/177/220
vt 0.404649 0.856021
vt 0.404653 0.855855
f 227/178/227 226/175/226 215/179/215
vt 0.397655 0.863952
vt 0.397773 0.863657
f 228/180/228 227/178/227 216/181/216
vt 0.393977 0.870437
vt 0.394235 0.870000
f 234/182/234 228/180/228 221/183/221
vt 0.333417 0.160627
vt 0.338910 0.160957
f 230/184/230 223/171/223 235/185/235
vt 0.591034 0.144680
f 232/174/232 225/172/225 237/186/237
vt 0.413756 0.849820
f 239/176/239 240/175/240 241/187/241
vt 0.425414 0.835237
f 233/176/233 242/188/242 220/177/220
f 241/187/241 240/175/240 243/178/243
vt 0.406374 0.857288
f 244/189/244 243/178/243 245/180/245
vt 0.399438 0.865184
f 246/190/246 245/180/245 247/182/247
vt 0.396433 0.873636
vt 0.396823 0.873106
f 248/191/248 234/182/234 229/192/229
vt 0.591372 0.145803
f 231/172/231 236/193/236 256/186/256
vt 0.590608 0.144684
f 257/194/257 232/174/232 237/186/237
vt 0.432728 0.831150
f 258/195/258 259/188/259 239/176/239
vt 0.395756 0.871649
f 260/196/260 247/182/247 248/191/248
vt 0.338801 0.160957
vt 0.344209 0.161220
f 249/197/249 235/185/235 262/198/262
vt 0.599576 0.145294
vt 0.599160 0.145299
f 269/199/269 270/200/270 237/186/237
f 257/194/257 237/186/237 270/200/270
vt 0.431420 0.829581
f 258/195/258 273/201/273 259/188/259
vt 0.343999 0.161210
f 278/202/278 249/197/249 262/198/262
vt 0.537307 0.807828
vt 0.544802 0.810675
vt 0.537267 0.807762
f 280/203/280 279/204/279 250/205/250
vt 0.497853 0.801082
vt 0.497960 0.801156
vt 0.504856 0.800692
f 254/206/254 284/207/284 267/208/267
vt 0.597039 0.146217
f 256/186/256 268/209/268 287/199/287
vt 0.602877 0.145498
f 270/200/270 269/199/269 288/210/288
vt 0.445975 0.819853
vt 0.445857 0.819786
vt 0.438348 0.824422
f 289/211/289 271/212/271 272/213/272
vt 0.431319 0.829504
f 238/214/238 290/201/290 272/213/272
f 238/214/238 242/188/242 290/201/290
vt 0.439545 0.826053
f 293/213/293 273/201/273 291/215/291
vt 0.408172 0.872015
vt 0.402130 0.874009
vt 0.408561 0.871565
f 296/216/296 261/217/261 275/218/275
vt 0.338671 0.162075
f 249/197/249 297/202/297 277/219/277
vt 0.348939 0.161437
f 278/202/278 262/198/262 298/220/298
vt 0.529198 0.805510
f 281/221/281 280/203/280 250/205/250
vt 0.544117 0.812488
f 302/204/302 303/203/303 304/222/304
vt 0.512606 0.801705
vt 0.529142 0.805443
f 282/223/282 281/221/281 251/224/251
vt 0.512521 0.801630
f 265/225/265 267/208/267 282/223/282
vt 0.558137 0.817539
vt 0.558264 0.817632
vt 0.571606 0.825889
f 266/226/266 283/227/283 305/228/305
vt 0.551671 0.813888
vt 0.551762 0.813971
f 252/229/252 306/230/306 283/227/283
f 252/229/252 279/204/279 306/230/306
vt 0.491402 0.802208
vt 0.485201 0.803239
f 253/231/253 285/232/285 284/207/284
vt 0.485046 0.803168
vt 0.478422 0.804937
f 255/233/255 286/234/286 285/232/285
vt 0.504869 0.802635
f 308/208/308 309/207/309 310/235/310
vt 0.603191 0.146619
f 287/199/287 311/236/311 312/210/312
vt 0.602498 0.145504
f 313/237/313 270/200/270 288/210/288
vt 0.454079 0.815968
f 271/212/271 289/211/289 301/238/301
vt 0.447047 0.821540
f 315/211/315 293/213/293 314/239/314
vt 0.412326 0.872864
vt 0.410414 0.871891
vt 0.409063 0.878747
f 321/240/321 274/241/274 294/242/294
vt 0.403727 0.875174
f 261/217/261 323/216/323 295/243/295
vt 0.348636 0.161418
f 326/244/326 278/202/278 298/220/298
vt 0.470537 0.808193
vt 0.470667 0.808271
f 263/245/263 328/246/328 286/234/286
vt 0.462398 0.812272
f 263/245/263 300/247/300 328/246/328
vt 0.462296 0.812194
f 264/248/264 301/238/301 300/247/300
f 303/203/303 329/221/329 304/222/304
f 302/204/302 304/222/304 331/230/331
vt 0.528771 0.807385
f 329/221/329 332/223/332 333/249/333
f 332/223/332 308/208/308 310/235/310
vt 0.563731 0.823295
f 334/227/334 335/250/335 336/228/336
vt 0.550971 0.815745
f 331/230/331 330/251/330 334/227/334
f 310/235/310 309/207/309 337/232/337
vt 0.491800 0.804199
f 338/252/338 337/232/337 339/234/339
vt 0.606940 0.145710
f 313/237/313 288/210/288 341/253/341
f 342/238/342 315/211/315 314/239/314
vt 0.418483 0.865634
f 320/254/320 274/241/274 321/240/321
vt 0.412659 0.872277
f 347/255/347 348/240/348 294/242/294
vt 0.414203 0.868604
vt 0.414467 0.868290
f 352/256/352 296/216/296 324/257/324
vt 0.306883 0.806162
vt 0.305207 0.802941
vt 0.305634 0.812052
f 316/258/316 353/259/353 276/260/276
vt 0.343773 0.162326
f 297/202/297 326/244/326 325/261/325
vt 0.352720 0.161617
f 326/244/326 298/220/298 356/262/356
vt 0.478920 0.806826
f 359/263/359 339/234/339 360/246/360
f 359/263/359 360/246/360 361/247/361
vt 0.463182 0.814060
f 362/264/362 361/247/361 342/238/342
vt 0.571497 0.825812
vt 0.578435 0.830749
f 307/265/307 305/228/305 363/266/363
vt 0.607183 0.146837
f 364/253/364 312/210/312 340/267/340
vt 0.611536 0.145918
vt 0.606614 0.145704
f 365/268/365 366/269/366 341/253/341
f 313/237/313 341/253/341 366/269/366
vt 0.454123 0.833170
vt 0.446448 0.835688
vt 0.447552 0.837269
f 368/270/368 318/271/318 345/272/345
vt 0.440347 0.840387
vt 0.439961 0.843360
f 345/272/345 317/273/317 369/274/369
vt 0.435065 0.845531
vt 0.431169 0.852575
f 369/274/369 292/275/292 346/276/346
vt 0.423387 0.857585
f 346/276/346 319/277/319 320/254/320
vt 0.418535 0.865343
f 370/278/370 371/254/371 348/240/348
f 370/278/370 348/240/348 347/255/347
vt 0.409667 0.877897
f 347/255/347 294/242/294 372/279/372
vt 0.411933 0.880638
f 372/279/372 294/242/294 349/280/349
vt 0.411247 0.881508
vt 0.416260 0.881704
f 349/280/349 322/281/322 373/282/373
vt 0.414332 0.880933
f 322/281/322 350/283/350 374/282/374
vt 0.409692 0.873166
f 323/216/323 375/256/375 351/284/351
vt 0.303837 0.808675
f 377/259/377 354/285/354 276/260/276
vt 0.578294 0.829510
vt 0.585000 0.836681
f 327/286/327 358/266/358 381/287/381
vt 0.571381 0.824563
f 299/288/299 307/265/307 358/266/358
vt 0.578496 0.830803
f 305/228/305 385/289/385 363/266/363
vt 0.611697 0.147050
f 388/268/388 364/253/364 387/290/387
vt 0.611273 0.145902
f 389/291/389 366/269/366 365/268/365
vt 0.306397 0.797323
vt 0.304864 0.794171
f 353/259/353 343/292/343 390/293/390
vt 0.472239 0.824355
vt 0.467563 0.824638
vt 0.461092 0.829687
f 422/294/422 344/295/344 367/296/367
f 368/270/368 367/296/367 318/271/318
vt 0.453951 0.833066
f 393/270/393 394/272/394 395/297/395
vt 0.447390 0.837159
f 396/298/396 395/297/395 394/272/394
vt 0.441581 0.841896
f 397/299/397 396/298/396 394/272/394
vt 0.436411 0.846963
vt 0.441443 0.841773
f 397/299/397 398/300/398 399/301/399
vt 0.436298 0.846827
f 398/300/398 400/276/400 401/302/401
vt 0.424918 0.858659
f 402/303/402 400/276/400 371/254/371
f 402/303/402 371/254/371 370/278/370
vt 0.416898 0.880953
f 349/280/349 373/282/373 403/304/403
vt 0.419867 0.864724
vt 0.420010 0.864523
f 406/305/406 352/256/352 376/306/376
vt 0.322495 0.640411
vt 0.319857 0.642310
vt 0.324217 0.643296
f 409/307/409 378/308/378 355/309/355
vt 0.352338 0.161610
vt 0.355618 0.161776
f 379/310/379 356/262/356 410/311/410
vt 0.584915 0.835346
vt 0.598545 0.849550
f 357/312/357 381/287/381 411/313/411
f 363/266/363 385/289/385 412/287/412
vt 0.577216 0.832344
f 416/289/416 336/228/336 384/314/384
vt 0.616437 0.146109
f 389/291/389 365/268/365 419/315/419
vt 0.303657 0.799625
f 420/293/420 407/316/407 377/259/377
vt 0.468092 0.826258
vt 0.468235 0.826378
f 423/296/423 424/317/424 425/318/425
f 393/270/393 395/297/395 423/296/423
f 397/299/397 399/301/399 396/298/396
f 399/301/399 398/300/398 401/302/401
f 401/302/401 400/276/400 402/303/402
vt 0.421483 0.879888
f 403/304/403 373/282/373 426/319/426
vt 0.419687 0.879057
f 374/282/374 404/320/404 427/319/427
vt 0.415662 0.869751
f 375/256/375 429/305/429 405/321/405
vt 0.318842 0.645946
f 378/308/378 432/307/432 408/322/408
vt 0.598493 0.847979
vt 0.605605 0.856614
f 380/323/380 411/313/411 434/324/434
vt 0.591598 0.843153
f 412/287/412 435/325/435 436/313/436
f 412/287/412 385/289/385 435/325/435
vt 0.616548 0.147239
f 445/315/445 388/268/388 418/326/418
vt 0.616244 0.146101
f 446/327/446 389/291/389 419/315/419
vt 0.306433 0.788659
vt 0.304803 0.785486
f 391/328/391 447/329/447 390/293/390
vt 0.481990 0.819812
vt 0.481595 0.817981
f 448/330/448 392/331/392 422/294/422
vt 0.475148 0.822677
f 425/318/425 424/317/424 449/332/449
f 423/296/423 395/297/395 424/317/424
vt 0.475327 0.822797
f 425/318/425 449/332/449 450/333/450
vt 0.422000 0.879292
f 403/304/403 426/319/426 451/334/451
vt 0.425500 0.860638
vt 0.425455 0.860756
f 406/305/406 430/335/430 454/336/454
vt 0.355178 0.161783
vt 0.357701 0.161931
f 433/337/433 410/311/410 457/338/457
vt 0.598607 0.849627
f 436/313/436 459/339/459 434/324/434
f 435/325/435 459/339/459 436/313/436
vt 0.590078 0.844530
f 460/325/460 416/289/416 442/340/442
vt 0.546016 0.826203
vt 0.545149 0.827913
vt 0.550731 0.831189
f 414/341/414 438/342/438 462/343/462
vt 0.539875 0.823199
vt 0.539142 0.824955
f 382/344/382 461/345/461 438/342/438
vt 0.569400 0.841468
vt 0.568079 0.842970
vt 0.573700 0.848272
f 415/346/415 440/347/440 463/348/463
vt 0.563381 0.837013
vt 0.562164 0.838572
f 383/349/383 441/350/441 440/347/440
vt 0.557383 0.833145
f 413/351/413 462/343/462 441/350/441
vt 0.498835 0.816419
vt 0.498758 0.814540
vt 0.487844 0.818288
f 465/352/465 386/353/386 443/354/443
f 443/354/443 392/331/392 448/330/448
vt 0.504787 0.814119
vt 0.504749 0.816005
vt 0.511410 0.816911
f 417/355/417 444/356/444 466/357/466
f 444/356/444 386/353/386 465/352/465
vt 0.621617 0.146303
f 446/327/446 419/315/419 468/358/468
vt 0.303550 0.790819
f 470/329/470 469/359/469 420/293/420
vt 0.306450 0.780135
vt 0.304570 0.777021
f 421/360/421 431/361/431 447/329/447
vt 0.481766 0.819697
f 450/333/450 471/362/471 472/330/472
f 450/333/450 449/332/449 471/362/471
vt 0.426660 0.876850
f 451/334/451 426/319/426 473/363/473
vt 0.425012 0.875929
f 428/364/428 474/363/474 427/319/427
vt 0.421273 0.865880
f 429/305/429 477/336/477 453/365/453
vt 0.431257 0.857082
f 454/336/454 430/335/430 478/366/478
vt 0.325432 0.638411
vt 0.324639 0.641937
f 432/307/432 481/367/481 455/368/455
vt 0.328535 0.640344
vt 0.325347 0.638228
f 456/369/456 519/370/519 409/307/409
vt 0.359122 0.162083
vt 0.357226 0.161933
f 483/371/483 484/372/484 457/338/457
f 433/337/433 457/338/457 484/372/484
vt 0.605749 0.856781
f 459/339/459 487/373/487 434/324/434
vt 0.596981 0.850936
f 488/339/488 460/325/460 489/374/489
vt 0.533260 0.820600
vt 0.532668 0.822397
f 437/375/437 490/376/490 461/345/461
vt 0.544980 0.827780
f 491/342/491 492/377/492 493/343/493
f 494/345/494 492/377/492 491/342/491
vt 0.580903 0.852700
vt 0.585412 0.859859
f 439/378/439 463/348/463 496/379/496
vt 0.568007 0.842899
f 497/347/497 498/380/498 499/348/499
f 497/347/497 500/350/500 498/380/498
vt 0.562020 0.838466
f 493/343/493 501/381/501 500/350/500
vt 0.525684 0.820318
f 437/375/437 464/382/464 490/376/490
vt 0.487604 0.818181
f 502/354/502 503/383/503 504/352/504
f 472/330/472 471/362/471 502/354/502
vt 0.511280 0.816799
f 466/357/466 505/356/505 506/384/506
vt 0.504607 0.815889
f 507/385/507 506/384/506 505/356/505
f 504/352/504 507/385/507 505/356/505
vt 0.621687 0.147430
f 508/358/508 445/315/445 467/386/467
vt 0.621496 0.146305
f 509/387/509 446/327/446 468/358/468
vt 0.303297 0.782207
f 431/361/431 510/388/510 470/329/470
vt 0.427017 0.876419
f 451/334/451 473/363/473 511/389/511
vt 0.430030 0.872365
vt 0.431537 0.873375
f 452/390/452 512/391/512 474/363/474
vt 0.426800 0.861932
f 477/336/477 513/366/513 476/392/476
vt 0.324276 0.641677
f 455/368/455 517/367/517 518/393/518
vt 0.354853 0.162908
f 482/394/482 433/337/433 520/372/520
vt 0.362244 0.162487
vt 0.358632 0.162076
f 521/395/521 522/396/522 483/371/483
f 484/372/484 483/371/483 522/396/522
vt 0.612449 0.864927
vt 0.612722 0.865255
vt 0.616414 0.872340
f 458/397/458 486/398/486 524/399/524
f 434/324/434 487/373/487 486/398/486
vt 0.604035 0.858037
f 525/373/525 488/339/488 526/400/526
vt 0.532609 0.822298
f 527/376/527 528/401/528 494/345/494
f 493/343/493 492/377/492 501/381/501
vt 0.539038 0.824841
f 494/345/494 529/402/529 492/377/492
vt 0.585310 0.859734
f 531/379/531 499/348/499 532/403/532
vt 0.579330 0.853983
f 499/348/499 498/380/498 533/404/533
f 500/350/500 501/381/501 498/380/498
f 527/376/527 464/382/464 528/401/528
vt 0.498651 0.816310
f 503/383/503 534/405/534 504/352/504
f 471/362/471 503/383/503 502/354/502
f 504/352/504 534/405/534 507/385/507
vt 0.627052 0.146521
f 509/387/509 468/358/468 536/406/536
f 511/389/511 473/363/473 537/391/537
vt 0.434976 0.868726
vt 0.436352 0.869816
f 475/407/475 538/408/538 512/391/512
vt 0.437188 0.853942
vt 0.437210 0.854001
f 478/366/478 480/409/480 540/410/540
vt 0.325025 0.647791
f 455/368/455 518/393/518 544/411/544
vt 0.325240 0.638075
f 517/367/517 545/412/545 518/393/518
vt 0.356863 0.163058
f 547/413/547 520/372/520 522/396/522
vt 0.616031 0.871856
vt 0.613307 0.874769
vt 0.618036 0.871213
f 523/414/523 548/415/548 485/416/485
vt 0.614615 0.873535
f 549/399/549 550/398/550 551/417/551
vt 0.610943 0.866477
f 550/398/550 525/373/525 552/418/552
f 494/345/494 528/401/528 529/402/529
vt 0.587087 0.858612
vt 0.591591 0.866312
f 495/419/495 496/379/496 553/420/553
vt 0.591344 0.866023
f 531/379/531 532/403/532 554/421/554
f 499/348/499 533/404/533 532/403/532
vt 0.525603 0.820220
f 464/382/464 555/422/555 528/401/528
f 464/382/464 506/384/506 555/422/555
vt 0.627068 0.147652
f 556/406/556 508/358/508 535/423/535
vt 0.632620 0.146734
vt 0.626999 0.146517
f 557/424/557 558/425/558 536/406/536
f 509/387/509 536/406/536 558/425/558
vt 0.431728 0.873094
f 511/389/511 537/391/537 559/426/559
f 559/426/559 537/391/537 560/408/560
vt 0.438374 0.855244
f 562/410/562 561/427/561 513/366/513
vt 0.443256 0.851739
vt 0.443253 0.851810
f 540/410/540 479/428/479 541/429/541
vt 0.449963 0.850375
vt 0.449923 0.850468
f 541/429/541 514/430/514 563/431/563
vt 0.330338 0.663787
vt 0.330406 0.663503
vt 0.330839 0.668360
f 515/432/515 543/433/543 564/434/564
vt 0.325455 0.647923
vt 0.326721 0.653290
f 516/435/516 544/411/544 565/436/565
vt 0.325408 0.640965
f 566/393/566 567/437/567 568/411/568
vt 0.326555 0.637435
vt 0.329768 0.639422
f 571/438/571 519/370/519 546/439/546
vt 0.613718 0.875328
f 523/414/523 524/399/524 574/440/574
f 523/414/523 574/440/574 575/415/575
f 577/420/577 531/379/531 554/421/554
vt 0.593422 0.865192
vt 0.597651 0.874002
f 530/441/530 553/420/553 578/442/578
vt 0.632585 0.147869
f 557/424/557 556/406/556 579/443/579
vt 0.638231 0.146905
f 558/425/558 557/424/557 580/444/580
vt 0.436407 0.869650
f 581/445/581 559/426/559 560/408/560
vt 0.445309 0.862573
vt 0.441343 0.866527
f 539/446/539 582/447/582 538/408/538
f 562/410/562 583/429/583 561/427/561
f 583/429/583 585/431/585 561/427/561
vt 0.457822 0.849825
vt 0.457758 0.849930
f 563/431/563 542/448/542 586/449/586
vt 0.330323 0.668246
f 543/433/543 590/450/590 591/434/591
vt 0.325860 0.646983
f 568/411/568 592/451/592 565/436/565
vt 0.325468 0.637937
f 567/437/567 566/393/566 569/452/569
vt 0.361787 0.162506
vt 0.364505 0.162550
f 572/453/572 521/395/521 595/454/595
vt 0.611959 0.876495
f 576/455/576 596/440/596 549/399/549
vt 0.607386 0.875094
f 575/415/575 574/440/574 597/456/597
vt 0.607030 0.874555
vt 0.612857 0.873501
f 598/457/598 573/458/573 548/415/548
f 577/420/577 554/421/554 602/442/602
vt 0.441329 0.866420
f 581/445/581 560/408/560 604/459/604
f 604/459/604 560/408/560 605/447/605
vt 0.446459 0.863771
f 539/446/539 606/460/606 582/447/582
vt 0.450839 0.851771
f 585/431/585 607/449/607 608/461/608
vt 0.483098 0.849053
f 586/449/586 542/448/542 587/462/587
vt 0.330197 0.674253
vt 0.330034 0.673027
f 589/463/589 564/434/564 611/464/611
vt 0.329547 0.672949
f 591/434/591 590/450/590 612/465/612
vt 0.327944 0.637020
f 567/437/567 569/452/569 613/466/613
vt 0.333276 0.643297
vt 0.332899 0.644019
vt 0.334280 0.647510
f 593/467/593 570/468/570 615/469/615
vt 0.330628 0.638885
f 594/470/594 546/439/546 593/467/593
f 616/466/616 571/438/571 594/470/594
vt 0.364102 0.162583
f 619/471/619 572/453/572 595/454/595
vt 0.605697 0.876235
f 621/472/621 622/456/622 596/440/596
f 597/456/597 623/457/623 575/415/575
vt 0.597167 0.873400
f 602/442/602 554/421/554 625/473/625
vt 0.599654 0.873056
vt 0.600843 0.880400
f 601/474/601 578/442/578 600/475/600
vt 0.655012 0.147418
vt 0.655034 0.147437
f 580/444/580 603/476/603 626/477/626
f 604/459/604 605/447/605 627/460/627
vt 0.450594 0.860591
vt 0.451648 0.861813
f 584/478/584 628/479/628 606/460/606
f 607/449/607 587/462/587 608/461/608
vt 0.499640 0.849670
vt 0.499731 0.849558
vt 0.507894 0.850411
f 609/480/609 588/481/588 629/482/629
f 591/434/591 612/465/612 611/464/611
vt 0.330675 0.667315
f 590/450/590 633/483/633 634/465/634
vt 0.332792 0.643321
f 637/484/637 638/467/638 615/469/615
vt 0.330334 0.638988
f 639/485/639 640/470/640 638/467/638
vt 0.327918 0.637169
f 641/486/641 642/466/642 640/470/640
vt 0.361489 0.163637
f 618/487/618 572/453/572 644/471/644
vt 0.368198 0.162530
f 619/471/619 595/454/595 645/488/645
vt 0.600171 0.872514
f 647/489/647 623/457/623 597/456/597
vt 0.599955 0.872101
vt 0.606559 0.873103
f 648/490/648 620/491/620 598/457/598
vt 0.600188 0.879539
f 602/442/602 625/473/625 651/492/651
f 600/475/600 602/442/602 651/492/651
vt 0.446436 0.863678
f 653/493/653 604/459/604 627/460/627
f 653/493/653 627/460/627 654/479/654
vt 0.483420 0.850381
f 656/494/656 609/480/609 657/482/657
vt 0.516095 0.851374
vt 0.516191 0.851262
f 658/495/658 629/482/629 610/496/610
vt 0.532304 0.853665
f 658/495/658 610/496/610 659/497/659
vt 0.326942 0.640513
f 613/466/613 665/486/665 614/498/614
f 637/484/637 639/485/639 638/467/638
vt 0.333780 0.647438
f 667/499/667 637/484/637 615/469/615
f 639/485/639 641/486/641 640/470/640
vt 0.367882 0.162552
f 670/500/670 619/471/619 645/488/645
vt 0.598550 0.873638
f 646/501/646 672/489/672 622/456/622
f 647/489/647 673/490/673 623/457/623
vt 0.592841 0.882637
vt 0.586593 0.880297
vt 0.594768 0.881875
f 649/502/649 675/503/675 624/504/624
vt 0.597817 0.882116
vt 0.592427 0.881933
vt 0.598415 0.882974
f 650/505/650 676/506/676 599/507/599
f 600/475/600 651/492/651 650/505/650
vt 0.666262 0.147847
vt 0.666299 0.147825
f 677/508/677 626/477/626 652/509/652
vt 0.451668 0.861698
f 678/510/678 653/493/653 654/479/654
vt 0.456429 0.859380
vt 0.457380 0.860612
f 655/511/655 679/512/679 628/479/628
vt 0.515836 0.852672
f 657/482/657 681/495/681 680/513/680
f 680/513/680 681/495/681 682/497/682
vt 0.328627 0.678806
vt 0.327832 0.677477
vt 0.324079 0.681683
f 632/514/632 661/515/661 687/516/687
vt 0.327409 0.677440
f 612/465/612 690/517/690 661/515/661
vt 0.329382 0.671933
f 634/465/634 662/518/662 692/517/692
vt 0.329928 0.663158
vt 0.330425 0.656838
vt 0.331592 0.661774
f 635/519/635 663/520/663 691/521/691
vt 0.327052 0.640593
f 614/498/614 695/486/695 696/522/696
vt 0.327112 0.646301
vt 0.327515 0.646423
vt 0.329084 0.651819
f 636/523/636 666/524/666 694/525/694
f 614/498/614 696/522/696 666/524/666
vt 0.334339 0.651840
f 667/499/667 615/469/615 697/526/697
vt 0.334769 0.663859
vt 0.334737 0.668521
vt 0.335282 0.663986
f 617/527/617 698/528/698 668/529/668
vt 0.334268 0.669500
f 617/527/617 643/530/643 699/528/699
vt 0.363891 0.163721
f 644/471/644 700/500/700 669/531/669
vt 0.372891 0.162449
f 670/500/670 645/488/645 701/532/701
vt 0.592883 0.868843
f 704/533/704 673/490/673 647/489/647
vt 0.592824 0.868583
vt 0.599586 0.870649
f 705/534/705 674/535/674 648/490/648
f 676/506/676 706/503/706 649/502/649
f 678/510/678 654/479/654 709/512/709
vt 0.464122 0.860129
f 655/511/655 710/536/710 679/512/679
vt 0.557449 0.856340
vt 0.557547 0.856233
f 711/537/711 659/497/659 630/538/630
f 680/513/680 682/497/682 712/537/712
vt 0.565517 0.857550
f 711/537/711 630/538/630 685/539/685
vt 0.325115 0.683063
vt 0.319614 0.685862
f 631/540/631 687/516/687 686/541/686
vt 0.323741 0.681645
f 715/542/715 716/516/716 661/515/661
f 690/517/690 715/542/715 661/515/661
vt 0.331542 0.666503
f 633/483/633 691/521/691 693/543/693
vt 0.329699 0.671000
f 662/518/662 693/543/693 718/544/718
vt 0.332093 0.661884
f 719/521/719 663/520/663 720/545/720
vt 0.330898 0.656924
f 720/545/720 663/520/663 721/546/721
vt 0.328621 0.651722
f 664/547/664 694/525/694 721/546/721
vt 0.378153 0.162327
vt 0.372687 0.162458
f 727/548/727 728/549/728 701/532/701
f 670/500/670 701/532/701 728/549/728
vt 0.580330 0.877029
vt 0.588347 0.879456
f 729/550/729 671/551/671 675/503/675
vt 0.591334 0.869962
f 703/552/703 730/533/730 672/489/672
f 704/533/704 705/534/705 673/490/673
vt 0.586389 0.879791
f 731/553/731 706/503/706 676/506/676
vt 0.682887 0.148549
vt 0.683008 0.148507
f 732/554/732 677/508/677 707/555/707
vt 0.457454 0.860466
f 736/556/736 678/510/678 709/512/709
f 736/556/736 709/512/709 710/536/710
vt 0.572984 0.859535
vt 0.573099 0.859438
f 737/557/737 685/539/685 683/558/683
vt 0.564391 0.858764
f 712/537/712 739/539/739 735/559/735
vt 0.315280 0.690228
vt 0.316006 0.691568
f 686/541/686 714/560/714 660/561/660
vt 0.319434 0.685828
f 740/562/740 741/541/741 716/516/716
f 715/542/715 740/562/740 716/516/716
vt 0.326745 0.676346
f 692/517/692 717/563/717 745/542/745
vt 0.332057 0.666630
f 746/543/746 719/521/719 747/564/747
f 746/543/746 747/564/747 748/544/748
f 719/521/719 720/545/720 747/564/747
vt 0.335510 0.657030
vt 0.335988 0.657200
f 749/565/749 697/526/697 722/566/722
vt 0.333752 0.672885
vt 0.335267 0.668601
f 698/528/698 752/567/752 724/568/724
vt 0.333344 0.673947
vt 0.333238 0.672840
f 699/528/699 725/569/725 753/570/753
vt 0.367715 0.163686
f 700/500/700 754/549/754 726/571/726
vt 0.378080 0.162348
f 755/572/755 728/549/728 727/548/727
vt 0.580314 0.876706
f 756/573/756 757/550/757 706/503/706
vt 0.574709 0.873906
vt 0.581906 0.876090
f 758/574/758 702/575/702 729/550/729
vt 0.586333 0.865334
f 761/576/761 705/534/705 704/533/704
f 731/553/731 756/573/756 706/503/706
vt 0.485537 0.858097
vt 0.485921 0.859341
vt 0.471383 0.859931
f 708/577/708 763/578/763 734/579/734
vt 0.464224 0.859969
f 765/580/765 736/556/736 710/536/710
f 735/559/735 739/539/739 766/557/766
vt 0.579905 0.862171
vt 0.580006 0.862061
f 738/581/738 737/557/737 684/582/684
vt 0.586378 0.865173
f 738/581/738 713/583/713 761/576/761
vt 0.315378 0.690251
f 741/541/741 767/584/767 714/560/714
f 740/562/740 767/584/767 741/541/741
vt 0.307966 0.699289
vt 0.305182 0.703908
vt 0.308252 0.700621
f 743/585/743 742/586/742 688/587/688
vt 0.311316 0.694722
vt 0.311754 0.696030
f 744/588/744 743/585/743 689/589/689
vt 0.322890 0.680514
f 745/542/745 768/590/768 769/562/769
vt 0.326495 0.675297
f 717/563/717 718/544/718 770/591/770
vt 0.330177 0.671091
f 748/544/748 747/564/747 771/592/771
vt 0.336662 0.662405
vt 0.336228 0.663265
vt 0.335639 0.666866
f 750/593/750 723/594/723 772/595/772
f 774/570/774 752/567/752 698/528/698
vt 0.333691 0.671964
f 724/568/724 775/567/775 773/596/773
vt 0.329997 0.677103
f 753/570/753 725/569/725 776/597/776
vt 0.378042 0.163484
f 754/549/754 777/572/777 778/598/778
vt 0.383588 0.162147
f 755/572/755 727/548/727 779/599/779
f 756/573/756 780/574/780 757/550/757
vt 0.584862 0.866465
f 760/600/760 781/576/781 730/533/730
vt 0.688462 0.148749
vt 0.688313 0.148794
f 732/554/732 762/601/762 782/602/782
vt 0.496289 0.859610
f 763/578/763 708/577/708 783/603/783
vt 0.486048 0.859173
f 734/579/734 784/578/784 785/604/785
f 788/581/788 760/600/760 766/557/766
f 765/580/765 734/579/734 785/604/785
f 788/581/788 781/576/781 760/600/760
vt 0.318639 0.684702
f 769/562/769 789/605/789 790/584/790
vt 0.305719 0.703952
f 791/606/791 742/586/742 792/585/792
vt 0.308458 0.699361
f 793/607/793 792/585/792 744/588/744
vt 0.311684 0.694800
f 767/584/767 794/608/794 744/588/744
vt 0.326903 0.675348
f 795/609/795 796/591/796 748/544/748
f 748/544/748 771/592/771 795/609/795
vt 0.336150 0.662255
f 797/610/797 749/565/749 750/593/750
vt 0.335117 0.666762
f 798/595/798 799/611/799 750/593/750
vt 0.335716 0.667780
vt 0.333123 0.670987
f 772/595/772 751/612/751 800/613/800
f 774/570/774 801/597/801 752/567/752
vt 0.383645 0.162178
f 777/572/777 804/614/804 778/598/778
f 755/572/755 779/599/779 805/614/805
vt 0.574811 0.873694
f 806/615/806 780/574/780 756/573/756
vt 0.569195 0.871088
vt 0.576139 0.872889
f 807/616/807 759/617/759 758/574/758
vt 0.493194 0.859298
vt 0.493060 0.859467
f 810/618/810 785/604/785 811/619/811
f 784/578/784 811/619/811 785/604/785
vt 0.500289 0.859725
vt 0.500150 0.859894
f 812/620/812 810/618/810 813/621/813
f 811/619/811 813/621/813 810/618/810
vt 0.500051 0.858659
vt 0.507251 0.860558
f 783/603/783 733/622/733 786/623/786
vt 0.514493 0.860206
vt 0.528250 0.863472
f 786/623/786 764/624/764 814/625/814
f 793/607/793 744/588/744 794/608/794
vt 0.314818 0.689174
f 790/584/790 816/626/816 817/608/817
vt 0.322367 0.679427
f 768/590/768 770/591/770 818/627/818
vt 0.322686 0.679478
f 819/628/819 796/591/796 795/609/795
f 797/610/797 750/593/750 799/611/799
f 820/613/820 799/611/799 798/595/798
vt 0.329318 0.675171
f 800/613/800 773/596/773 821/629/821
vt 0.330450 0.677151
f 801/597/801 822/630/822 752/567/752
vt 0.330105 0.676190
f 775/567/775 823/630/823 802/631/802
vt 0.325855 0.681644
vt 0.325777 0.681355
f 776/597/776 803/632/803 824/633/824
vt 0.388801 0.161887
f 805/614/805 779/599/779 826/634/826
f 806/615/806 827/616/827 780/574/780
vt 0.699004 0.149364
vt 0.703823 0.149773
f 782/602/782 809/635/809 828/636/828
vt 0.507394 0.860389
f 829/637/829 812/620/812 830/623/830
f 813/621/813 830/623/830 812/620/812
vt 0.528393 0.863305
f 830/623/830 814/625/814 831/638/831
vt 0.311385 0.693776
f 835/639/835 793/607/793 817/608/817
vt 0.318019 0.683613
f 818/627/818 834/640/834 789/605/789
f 819/628/819 836/627/836 796/591/796
vt 0.332624 0.670921
f 820/613/820 837/641/837 799/611/799
f 838/629/838 837/641/837 820/613/820
f 801/597/801 824/633/824 822/630/822
vt 0.324723 0.679386
f 821/629/821 802/631/802 839/642/839
vt 0.388970 0.161904
vt 0.383715 0.163320
f 804/614/804 842/643/842 825/644/825
f 805/614/805 826/634/826 843/643/843
vt 0.569353 0.870930
f 844/645/844 827/616/827 806/615/806
vt 0.563249 0.868733
vt 0.564425 0.867620
f 845/646/845 808/647/808 807/616/807
vt 0.514451 0.861252
f 829/637/829 830/623/830 846/648/846
f 846/648/846 830/623/830 831/638/831
vt 0.550030 0.865708
f 831/638/831 814/625/814 847/649/847
vt 0.549886 0.865871
vt 0.557876 0.865820
vt 0.556828 0.866956
f 848/650/848 787/651/787 832/652/832
f 832/652/832 808/647/808 845/646/845
vt 0.314153 0.688077
f 834/640/834 852/653/852 816/626/816
vt 0.318182 0.683656
f 853/654/853 854/640/854 836/627/836
f 853/654/853 836/627/836 819/628/819
vt 0.328887 0.675104
f 838/629/838 855/655/855 837/641/837
vt 0.326111 0.681400
f 824/633/824 856/656/856 822/630/822
f 857/642/857 855/655/855 838/629/838
vt 0.325578 0.680421
f 823/630/823 858/656/858 840/657/840
vt 0.393765 0.161572
f 843/643/843 826/634/826 860/658/860
vt 0.563416 0.868585
f 861/659/861 827/616/827 844/645/844
f 861/659/861 862/646/862 827/616/827
f 847/649/847 848/650/848 864/652/864
vt 0.556981 0.866799
f 865/660/865 864/652/864 862/646/862
vt 0.291479 0.767621
vt 0.291335 0.767153
vt 0.286404 0.766167
f 833/661/833 849/662/849 866/663/866
vt 0.292863 0.767603
vt 0.292739 0.767129
f 815/664/815 867/665/867 849/662/849
vt 0.288780 0.765630
f 850/666/850 867/665/867 815/664/815
f 868/653/868 854/640/854 853/654/853
vt 0.310714 0.692678
f 852/653/852 870/667/870 835/639/835
vt 0.324413 0.679323
f 857/642/857 871/668/871 855/655/855
vt 0.319835 0.683599
f 839/642/839 840/657/840 872/669/872
vt 0.321343 0.685638
vt 0.321489 0.685634
f 841/670/841 874/671/874 856/656/856
vt 0.394023 0.161571
vt 0.389150 0.163040
f 842/643/842 875/672/875 859/673/859
f 843/643/843 860/658/860 876/672/876
f 865/660/865 862/646/862 861/659/861
vt 0.708840 0.150130
vt 0.708536 0.150172
f 828/636/828 863/674/863 878/675/878
f 847/649/847 864/652/864 865/660/865
vt 0.290857 0.767137
f 879/676/879 880/663/880 881/662/881
f 879/676/879 881/662/881 882/665/882
vt 0.292214 0.767085
f 883/666/883 884/677/884 882/665/882
vt 0.279783 0.764636
vt 0.286545 0.766627
f 866/663/866 886/678/886 851/679/851
vt 0.314042 0.688061
f 868/653/868 853/654/853 887/680/887
vt 0.310341 0.692604
f 890/681/890 870/667/870 868/653/868
vt 0.319711 0.683589
f 893/682/893 871/668/871 857/642/857
f 872/669/872 893/682/893 857/642/857
vt 0.320729 0.684618
f 873/683/873 858/656/858 894/671/894
vt 0.316698 0.689892
f 841/670/841 895/684/895 874/671/874
vt 0.398453 0.161225
f 876/672/876 860/658/860 897/685/897
vt 0.712749 0.150646
vt 0.713098 0.150600
f 898/686/898 878/675/878 877/687/877
vt 0.282445 0.765010
vt 0.282712 0.763180
f 885/688/885 900/689/900 850/666/850
vt 0.279427 0.764683
f 902/690/902 886/678/886 880/663/880
f 890/681/890 868/653/868 887/680/887
vt 0.307152 0.697199
f 890/681/890 905/691/905 870/667/870
vt 0.315760 0.688838
f 910/692/910 894/671/894 895/684/895
vt 0.398771 0.161227
vt 0.394282 0.162702
f 875/672/875 911/693/911 896/694/896
f 876/672/876 897/685/897 912/693/912
vt 0.288333 0.765568
f 916/689/916 899/695/899 883/666/883
vt 0.277791 0.760303
f 917/696/917 900/689/900 885/688/885
vt 0.302357 0.706460
vt 0.299145 0.715622
vt 0.302919 0.706493
f 903/697/903 918/698/918 888/699/888
vt 0.304487 0.701825
vt 0.305022 0.701872
f 904/700/904 903/697/903 869/701/869
vt 0.307645 0.697272
f 905/691/905 904/700/904 889/702/889
vt 0.314843 0.687836
vt 0.315065 0.688075
f 908/703/908 872/669/872 909/704/909
vt 0.314874 0.687885
f 908/703/908 921/705/921 893/682/893
f 909/704/909 873/683/873 910/692/910
vt 0.402810 0.160857
f 912/693/912 897/685/897 924/706/924
vt 0.716489 0.151170
vt 0.716883 0.151123
f 925/707/925 898/686/898 913/708/913
vt 0.282335 0.763130
f 927/696/927 926/709/926 916/689/916
vt 0.277870 0.762089
vt 0.274845 0.757050
f 901/710/901 928/711/928 917/696/917
vt 0.287457 0.734106
vt 0.283006 0.738678
vt 0.287697 0.734139
f 919/712/919 930/713/930 907/714/907
vt 0.294923 0.724797
vt 0.291620 0.729450
vt 0.291981 0.729453
f 920/715/920 931/716/931 891/717/891
f 919/712/919 891/717/891 931/716/931
vt 0.297415 0.720178
vt 0.297960 0.720203
f 932/718/932 920/715/920 892/719/892
f 932/718/932 892/719/892 918/698/918
vt 0.309994 0.692194
f 933/720/933 921/705/921 908/703/908
vt 0.306380 0.697466
f 908/703/908 910/692/910 922/721/922
vt 0.403164 0.160869
vt 0.399046 0.162361
f 911/693/911 934/722/934 923/723/923
vt 0.419340 0.159307
f 935/724/935 936/722/936 924/706/924
f 912/693/912 924/706/924 936/722/936
vt 0.720223 0.151686
f 925/707/925 913/708/913 938/725/938
vt 0.274307 0.757125
f 928/711/928 942/726/942 927/696/927
vt 0.283076 0.738741
vt 0.278840 0.743082
f 906/727/906 930/713/930 929/728/929
vt 0.419699 0.159325
f 936/722/936 935/724/935 948/729/948
vt 0.720513 0.152768
f 913/708/913 937/730/937 949/725/949
vt 0.719787 0.151716
f 950/731/950 925/707/925 938/725/938
vt 0.290712 0.766808
vt 0.292643 0.764521
vt 0.291110 0.764553
f 914/732/914 940/733/940 939/734/939
vt 0.288971 0.763012
vt 0.292072 0.766748
f 941/735/941 940/733/940 915/736/915
vt 0.282981 0.760596
vt 0.282275 0.762795
f 953/737/953 941/735/941 952/738/952
vt 0.275595 0.747249
vt 0.275178 0.747292
f 955/739/955 945/740/945 929/728/929
vt 0.415510 0.160847
f 957/729/957 958/741/958 934/722/934
vt 0.424163 0.158933
f 948/729/948 935/724/935 959/742/959
vt 0.722743 0.152283
f 950/731/950 938/725/938 961/743/961
vt 0.291554 0.764568
f 963/744/963 939/734/939 964/733/964
vt 0.289417 0.763073
f 965/735/965 966/745/966 964/733/964
f 965/735/965 967/737/967 966/745/966
vt 0.277554 0.757841
f 968/746/968 953/737/953 952/738/952
vt 0.273908 0.751111
f 974/747/974 945/740/945 955/739/955
vt 0.305478 0.696431
vt 0.305440 0.696490
f 947/748/947 975/749/975 933/720/933
vt 0.424499 0.158958
f 948/729/948 959/742/959 979/750/979
vt 0.723049 0.153378
f 949/725/949 960/751/960 961/743/961
vt 0.722274 0.152296
f 950/731/950 961/743/961 981/752/981
vt 0.293156 0.764563
f 963/744/963 964/733/964 986/753/986
vt 0.286469 0.763566
vt 0.286119 0.763582
f 988/754/988 951/755/951 963/744/963
f 964/733/964 966/745/966 986/753/986
vt 0.283358 0.760646
f 967/737/967 989/756/989 966/745/966
f 967/737/967 990/746/990 989/756/989
vt 0.271470 0.750757
vt 0.275776 0.746766
vt 0.271855 0.751159
f 970/757/970 991/758/991 943/759/943
vt 0.268218 0.754449
vt 0.268582 0.754862
f 954/760/954 970/757/970 944/761/944
vt 0.303173 0.702885
vt 0.299461 0.707152
vt 0.299916 0.707178
f 946/762/946 976/763/976 993/764/993
vt 0.299703 0.706103
f 946/762/946 994/764/994 977/765/977
vt 0.301824 0.700730
vt 0.301577 0.700744
f 956/766/956 995/767/995 975/749/975
vt 0.419946 0.160459
f 957/729/957 997/750/997 978/768/978
vt 0.435020 0.158284
f 979/750/979 959/742/959 998/769/998
vt 0.723580 0.152921
vt 0.724071 0.152908
f 1002/770/1002 981/752/981 980/771/980
vt 0.273218 0.760091
vt 0.279411 0.762082
vt 0.279763 0.762036
f 1004/772/1004 962/773/962 987/774/987
f 987/774/987 951/755/951 988/754/988
vt 0.278003 0.757831
f 990/746/990 1005/775/1005 989/756/989
vt 0.275549 0.746833
f 1006/757/1006 1007/776/1007 1008/758/1008
vt 0.271106 0.750856
f 954/760/954 992/777/992 1006/757/1006
vt 0.268114 0.757918
vt 0.265909 0.755254
vt 0.266215 0.757509
f 972/778/972 1010/779/1010 971/780/971
vt 0.273375 0.751173
vt 0.274478 0.754646
f 973/781/973 974/747/974 1013/782/1013
vt 0.298577 0.704979
f 996/783/996 995/767/995 956/766/956
vt 0.435290 0.158303
f 979/750/979 998/769/998 1017/784/1017
vt 0.724320 0.153585
f 1002/770/1002 980/771/980 1018/785/1018
vt 0.724447 0.154003
f 980/771/980 1001/786/1001 1019/785/1019
vt 0.280565 0.742540
vt 0.281665 0.744185
f 1021/787/1021 984/788/984 991/758/991
vt 0.268615 0.757847
vt 0.272804 0.760158
f 1011/789/1011 985/790/985 1004/772/1004
vt 0.273937 0.754712
f 990/746/990 1012/791/1012 1005/775/1005
vt 0.273780 0.755040
f 969/792/969 1012/791/1012 968/746/968
f 1008/758/1008 1007/776/1007 1021/787/1021
vt 0.266452 0.755181
f 1022/793/1022 1023/779/1023 972/778/972
f 1022/793/1022 972/778/972 1011/789/1011
vt 0.297213 0.711399
vt 0.297766 0.711418
f 1014/794/1014 1024/795/1024 993/764/993
vt 0.297446 0.709518
f 994/764/994 1025/795/1025 1015/796/1015
vt 0.297163 0.709237
vt 0.296610 0.709215
f 1016/797/1016 1026/798/1026 996/783/996
vt 0.429879 0.159752
f 997/750/997 1028/784/1028 1027/799/1027
vt 0.441070 0.158008
f 1017/784/1017 998/769/998 1029/800/1029
vt 0.723825 0.153592
f 1033/801/1033 1002/770/1002 1018/785/1018
vt 0.292384 0.729119
vt 0.289424 0.734032
vt 0.289366 0.733651
f 1034/802/1034 982/803/982 1020/804/1020
vt 0.285434 0.738538
vt 0.285260 0.738147
f 1020/804/1020 983/805/983 1036/806/1036
f 1012/791/1012 1013/782/1013 1005/775/1005
vt 0.266756 0.752057
vt 0.267006 0.753348
f 1010/779/1010 1038/807/1038 1009/808/1009
vt 0.267226 0.751972
f 1023/779/1023 1022/793/1022 1039/809/1039
vt 0.441299 0.158016
f 1017/784/1017 1029/800/1029 1044/810/1044
vt 0.699973 0.801162
vt 0.701535 0.806457
vt 0.701160 0.809984
f 1046/811/1046 1030/812/1030 999/813/999
vt 0.723365 0.824708
vt 0.726167 0.828295
vt 0.724223 0.833016
f 1031/814/1031 1047/815/1047 1000/816/1000
vt 0.723259 0.827143
f 1032/817/1032 1000/816/1000 1048/815/1048
vt 0.723605 0.154344
f 1049/818/1049 1033/801/1033 1018/785/1018
vt 0.294329 0.724590
vt 0.292373 0.729503
f 1035/819/1035 1003/820/1003 1034/802/1034
vt 0.292868 0.729125
f 1051/802/1051 1052/804/1052 1053/821/1053
vt 0.289731 0.733684
f 1052/804/1052 1036/806/1036 1054/822/1054
vt 0.280506 0.742575
vt 0.285422 0.738179
f 1021/787/1021 1037/823/1037 1055/824/1055
f 1038/807/1038 1023/779/1023 1039/809/1039
vt 0.295895 0.715697
vt 0.296475 0.715692
f 1024/795/1024 1040/825/1040 1058/826/1058
vt 0.296237 0.713778
f 1025/795/1025 1058/826/1058 1041/827/1041
vt 0.295954 0.713505
vt 0.295375 0.713506
f 1042/828/1042 1059/829/1059 1026/798/1026
vt 0.435472 0.159436
f 1028/784/1028 1060/810/1060 1043/830/1043
vt 0.447500 0.157748
f 1044/810/1044 1029/800/1029 1061/831/1061
vt 0.699523 0.804054
f 1045/832/1045 1062/811/1062 999/813/999
vt 0.723852 0.155472
f 1019/785/1019 1050/833/1050 1067/818/1067
vt 0.723125 0.154311
f 1068/834/1068 1033/801/1033 1049/818/1049
vt 0.294874 0.724569
f 1035/819/1035 1051/802/1051 1069/835/1069
f 1052/804/1052 1054/822/1054 1053/821/1053
f 1036/806/1036 1055/824/1055 1054/822/1054
vt 0.279743 0.741388
f 1056/836/1056 1070/824/1070 1037/823/1037
vt 0.270102 0.748329
f 1038/807/1038 1039/809/1039 1071/837/1071
vt 0.447683 0.157754
f 1044/810/1044 1061/831/1061 1074/838/1074
vt 0.699252 0.792793
vt 0.700349 0.797825
f 1077/839/1077 1064/840/1064 1046/811/1046
vt 0.725328 0.820144
vt 0.729828 0.818895
f 1065/841/1065 1078/842/1078 1047/815/1047
vt 0.724391 0.822575
f 1079/842/1079 1066/843/1066 1048/815/1048
vt 0.721766 0.155065
f 1083/844/1083 1068/834/1068 1049/818/1049
vt 0.289360 0.732535
f 1053/821/1053 1084/822/1084 1085/845/1085
vt 0.284849 0.737008
f 1086/846/1086 1084/822/1084 1070/824/1070
vt 0.279022 0.740174
vt 0.274049 0.744414
f 1087/847/1087 1056/836/1056 1057/848/1057
vt 0.294035 0.722341
vt 0.293485 0.722367
f 1072/849/1072 1088/850/1088 1059/829/1059
vt 0.441465 0.159149
f 1060/810/1060 1089/838/1089 1073/851/1073
vt 0.454184 0.157527
f 1074/838/1074 1061/831/1061 1090/852/1090
vt 0.698783 0.795481
f 1063/853/1063 1075/839/1075 1062/811/1062
vt 0.721862 0.156221
f 1093/844/1093 1067/818/1067 1082/854/1082
vt 0.721336 0.154986
f 1083/844/1083 1094/855/1094 1068/834/1068
vt 0.279049 0.740153
f 1057/848/1057 1095/856/1095 1096/847/1096
vt 0.274244 0.744361
f 1057/848/1057 1071/837/1071 1097/857/1097
vt 0.454323 0.157532
f 1074/838/1074 1090/852/1090 1100/858/1100
vt 0.697856 0.787024
vt 0.698548 0.784302
f 1076/859/1076 1101/860/1101 1075/839/1075
vt 0.727031 0.815643
vt 0.731449 0.814203
f 1092/861/1092 1104/862/1104 1078/842/1078
vt 0.731988 0.812504
vt 0.725796 0.817949
f 1136/863/1136 1091/864/1091 1079/842/1079
vt 0.718642 0.155631
f 1109/865/1109 1094/855/1094 1083/844/1083
vt 0.284101 0.735812
f 1110/866/1110 1086/846/1086 1087/847/1087
vt 0.283913 0.735793
f 1096/847/1096 1095/856/1095 1112/867/1112
f 1057/848/1057 1097/857/1097 1095/856/1095
vt 0.291891 0.726852
vt 0.291395 0.726856
f 1098/868/1098 1113/869/1113 1088/850/1088
vt 0.447821 0.158892
f 1089/838/1089 1114/858/1114 1099/870/1099
vt 0.461002 0.157369
f 1100/858/1100 1090/852/1090 1115/871/1115
vt 0.699295 0.789456
f 1077/839/1077 1116/860/1116 1103/872/1103
vt 0.666589 0.635314
vt 0.663677 0.635678
vt 0.667448 0.640603
f 1106/873/1106 1080/874/1080 1105/875/1105
vt 0.668767 0.645995
vt 0.665514 0.646611
f 1107/876/1107 1105/875/1105 1081/877/1081
vt 0.718740 0.156792
f 1093/844/1093 1108/878/1108 1117/865/1117
vt 0.718315 0.155527
f 1109/865/1109 1118/879/1118 1094/855/1094
vt 0.288615 0.731360
f 1111/880/1111 1085/845/1085 1110/866/1110
f 1096/847/1096 1112/867/1112 1119/866/1119
vt 0.288230 0.731341
f 1120/881/1120 1113/869/1113 1098/868/1098
vt 0.461098 0.157366
f 1100/858/1100 1115/871/1115 1122/882/1122
vt 0.697448 0.778725
vt 0.698444 0.776161
f 1102/883/1102 1123/884/1123 1101/860/1101
vt 0.669087 0.634835
f 1127/885/1127 1106/873/1106 1128/875/1128
vt 0.670194 0.645255
f 1128/875/1128 1107/876/1107 1129/886/1129
vt 0.714396 0.156160
f 1131/887/1131 1118/879/1118 1109/865/1109
f 1119/866/1119 1120/881/1120 1111/880/1111
f 1119/866/1119 1112/867/1112 1120/881/1120
vt 0.454430 0.158675
f 1114/858/1114 1132/882/1132 1121/888/1121
vt 0.467918 0.157241
f 1122/882/1122 1115/871/1115 1133/889/1133
vt 0.698803 0.781137
f 1134/884/1134 1124/890/1124 1116/860/1116
vt 0.730253 0.806842
vt 0.732886 0.809557
f 1126/891/1126 1135/892/1135 1104/862/1104
vt 0.714586 0.157310
f 1137/887/1137 1117/865/1117 1130/893/1130
vt 0.714211 0.156044
f 1131/887/1131 1138/894/1138 1118/879/1118
vt 0.467977 0.157231
f 1122/882/1122 1133/889/1133 1140/895/1140
vt 0.697134 0.770623
vt 0.698080 0.767974
f 1125/896/1125 1141/897/1141 1123/884/1123
vt 0.709191 0.156768
f 1146/898/1146 1138/894/1138 1131/887/1131
vt 0.461177 0.158505
f 1132/882/1132 1147/895/1147 1139/899/1139
vt 0.474900 0.157109
f 1140/895/1140 1133/889/1133 1148/900/1148
vt 0.698311 0.772929
f 1134/884/1134 1150/897/1150 1149/901/1149
vt 0.735717 0.800254
vt 0.731971 0.802461
f 1151/902/1151 1135/892/1135 1143/903/1143
vt 0.729714 0.804208
f 1152/902/1152 1144/904/1144 1136/863/1136
vt 0.709501 0.157902
f 1153/898/1153 1137/887/1137 1145/905/1145
vt 0.709173 0.156648
f 1146/898/1146 1154/906/1154 1138/894/1138
vt 0.474926 0.157101
f 1140/895/1140 1148/900/1148 1156/907/1156
vt 0.697073 0.762637
vt 0.698314 0.760161
f 1142/908/1142 1157/909/1157 1141/897/1141
f 1150/897/1150 1158/909/1158 1149/901/1149
vt 0.703741 0.157358
f 1163/910/1163 1154/906/1154 1146/898/1146
vt 0.468030 0.158366
f 1147/895/1147 1164/907/1164 1155/911/1155
vt 0.488966 0.156958
f 1156/907/1156 1148/900/1148 1165/912/1165
vt 0.737190 0.795585
vt 0.733826 0.797979
f 1166/913/1166 1151/902/1151 1161/914/1161
vt 0.737946 0.793179
vt 0.731112 0.799628
f 1182/915/1182 1160/916/1160 1152/902/1152
vt 0.704064 0.158476
f 1163/910/1163 1153/898/1153 1162/917/1162
vt 0.703883 0.157256
f 1163/910/1163 1167/918/1167 1154/906/1154
vt 0.488936 0.156951
f 1156/907/1156 1165/912/1165 1169/919/1169
vt 0.697022 0.754760
vt 0.698327 0.752257
f 1159/920/1159 1170/921/1170 1157/909/1157
vt 0.481921 0.158145
f 1164/907/1164 1177/919/1177 1176/922/1176
vt 0.495993 0.156930
f 1169/919/1169 1165/912/1165 1178/923/1178
vt 0.698011 0.757115
f 1158/909/1158 1179/921/1179 1180/924/1180
vt 0.698760 0.157831
vt 0.699019 0.157782
f 1172/925/1172 1185/926/1185 1167/918/1167
vt 0.516631 0.156867
vt 0.523335 0.156936
vt 0.516496 0.157985
f 1188/927/1188 1173/928/1173 1168/929/1168
vt 0.502972 0.156873
f 1169/919/1169 1178/923/1178 1190/930/1190
vt 0.697597 0.747016
vt 0.699316 0.744653
f 1171/931/1171 1191/932/1191 1170/921/1170
vt 0.738634 0.790938
vt 0.737664 0.788954
f 1193/933/1193 1166/913/1166 1181/934/1181
vt 0.523502 0.156962
f 1173/928/1173 1198/927/1198 1199/935/1199
vt 0.502892 0.156859
vt 0.509688 0.157955
f 1189/936/1189 1188/927/1188 1174/937/1174
vt 0.495885 0.158047
f 1177/919/1177 1189/936/1189 1175/938/1175
f 1200/936/1200 1169/919/1169 1190/930/1190
vt 0.698395 0.749336
f 1179/921/1179 1201/932/1201 1192/939/1192
vt 0.742683 0.777259
vt 0.736736 0.781111
f 1204/940/1204 1194/941/1194 1182/915/1182
vt 0.694404 0.158281
vt 0.694751 0.158283
f 1195/942/1195 1208/943/1208 1185/926/1185
vt 0.529828 0.156994
vt 0.530029 0.157013
vt 0.542521 0.157222
f 1187/944/1187 1197/945/1197 1211/946/1211
f 1173/928/1173 1199/935/1199 1197/945/1197
vt 0.516766 0.156889
f 1198/927/1198 1212/947/1212 1199/935/1199
f 1198/927/1198 1200/936/1200 1212/947/1212
f 1200/936/1200 1190/930/1190 1212/947/1212
vt 0.698436 0.739450
vt 0.699967 0.736992
f 1202/948/1202 1213/949/1213 1191/932/1191
vt 0.739500 0.784374
f 1214/940/1214 1193/933/1193 1203/950/1203
vt 0.671943 0.651977
vt 0.669748 0.647153
vt 0.670063 0.653325
f 1206/951/1206 1205/952/1205 1183/953/1183
vt 0.670807 0.642458
vt 0.669086 0.642704
f 1207/954/1207 1184/955/1184 1205/952/1205
vt 0.542256 0.157217
vt 0.535934 0.158207
f 1187/944/1187 1222/956/1222 1186/957/1186
f 1223/956/1223 1187/944/1187 1211/946/1211
vt 0.698672 0.741637
f 1201/932/1201 1228/949/1228 1226/958/1226
vt 0.744408 0.772730
vt 0.738827 0.774446
f 1229/959/1229 1215/960/1215 1204/940/1204
vt 0.673976 0.650400
f 1230/961/1230 1231/952/1231 1206/951/1206
vt 0.673835 0.642626
f 1232/962/1232 1207/954/1207 1231/952/1231
vt 0.690833 0.158802
vt 0.691247 0.158812
f 1208/943/1208 1216/963/1216 1233/964/1233
vt 0.601035 0.161014
vt 0.607185 0.161391
vt 0.607123 0.162522
f 1218/965/1218 1235/966/1235 1196/967/1196
vt 0.613024 0.161716
vt 0.618293 0.161944
vt 0.613070 0.162852
f 1219/968/1219 1236/969/1236 1209/970/1209
f 1235/966/1235 1219/968/1219 1196/967/1196
vt 0.548130 0.157389
vt 0.542037 0.158350
f 1222/956/1222 1237/971/1237 1210/972/1210
vt 0.548423 0.157391
f 1223/956/1223 1211/946/1211 1238/973/1238
vt 0.700116 0.731962
vt 0.702641 0.729529
f 1227/974/1227 1240/975/1240 1213/949/1213
vt 0.739616 0.772632
f 1229/959/1229 1244/976/1244 1215/960/1215
vt 0.744008 0.771387
f 1245/959/1245 1214/940/1214 1243/977/1243
vt 0.688248 0.159360
vt 0.688709 0.159365
f 1234/978/1234 1247/979/1247 1233/964/1233
vt 0.612888 0.161689
vt 0.607171 0.161378
f 1250/980/1250 1251/966/1251 1252/981/1252
f 1253/965/1253 1252/981/1252 1251/966/1251
vt 0.594832 0.160634
vt 0.594650 0.161763
f 1254/982/1254 1218/965/1218 1221/983/1221
vt 0.622814 0.162127
vt 0.618451 0.163072
f 1236/969/1236 1249/984/1249 1217/985/1217
vt 0.618040 0.161930
f 1255/968/1255 1256/986/1256 1257/969/1257
f 1251/966/1251 1250/980/1250 1255/968/1255
vt 0.553990 0.157556
f 1258/987/1258 1259/971/1259 1238/973/1238
f 1223/956/1223 1238/973/1238 1259/971/1259
vt 0.553671 0.157564
vt 0.547890 0.158523
f 1237/971/1237 1262/988/1262 1225/989/1225
vt 0.700254 0.734018
f 1228/949/1228 1263/975/1263 1241/990/1241
vt 0.732701 0.771040
f 1244/976/1244 1266/991/1266 1215/960/1215
vt 0.739824 0.772711
f 1267/992/1267 1268/976/1268 1245/959/1245
vt 0.601134 0.161019
f 1253/965/1253 1274/993/1274 1252/981/1252
f 1253/965/1253 1275/982/1275 1274/993/1274
vt 0.622464 0.162129
f 1257/969/1257 1276/994/1276 1277/984/1277
f 1257/969/1257 1256/986/1256 1276/994/1276
f 1255/968/1255 1250/980/1250 1256/986/1256
vt 0.588916 0.160232
vt 0.588707 0.161365
f 1272/995/1272 1254/982/1254 1220/996/1220
f 1278/988/1278 1259/971/1259 1258/987/1258
vt 0.563738 0.159271
vt 0.563999 0.158123
vt 0.578682 0.159342
f 1224/997/1224 1261/998/1261 1279/999/1279
vt 0.558692 0.158942
f 1262/988/1262 1261/998/1261 1239/1000/1239
vt 0.732746 0.771096
f 1284/1001/1284 1285/991/1285 1268/976/1268
vt 0.675873 0.648609
vt 0.675138 0.643502
vt 0.671601 0.646113
f 1269/1002/1269 1307/1003/1307 1246/1004/1246
vt 0.673798 0.644689
vt 0.677147 0.642569
f 1246/1004/1246 1286/1005/1286 1270/1006/1270
vt 0.686852 0.159923
vt 0.687339 0.159938
f 1271/1007/1271 1287/1008/1287 1247/979/1247
vt 0.583627 0.159791
vt 0.583367 0.160922
f 1288/1009/1288 1272/995/1272 1248/1010/1248
vt 0.626409 0.162319
vt 0.626684 0.163443
f 1289/1011/1289 1273/1012/1273 1249/984/1249
vt 0.595025 0.160634
f 1274/993/1274 1275/982/1275 1290/1013/1290
f 1291/995/1291 1290/1013/1290 1275/982/1275
vt 0.625996 0.162317
f 1277/984/1277 1276/994/1276 1292/1014/1292
vt 0.564352 0.158109
f 1278/988/1278 1258/987/1258 1294/1015/1294
vt 0.578380 0.160472
f 1279/999/1279 1288/1009/1288 1260/1016/1260
f 1295/998/1295 1294/1015/1294 1296/999/1296
f 1295/998/1295 1278/988/1278 1294/1015/1294
vt 0.702500 0.724386
vt 0.704769 0.721730
f 1280/1017/1280 1297/1018/1297 1240/975/1240
vt 0.715712 0.739604
vt 0.715770 0.740020
vt 0.712924 0.743986
f 1302/1019/1302 1242/1020/1242 1282/1021/1282
vt 0.711268 0.749942
vt 0.711357 0.748292
f 1282/1021/1282 1265/1022/1265 1303/1023/1303
vt 0.726405 0.768345
vt 0.725624 0.770110
f 1304/1024/1304 1283/1025/1283 1266/991/1266
vt 0.726433 0.768368
f 1305/1026/1305 1285/991/1285 1284/1001/1284
vt 0.675818 0.642669
f 1286/1005/1286 1310/1027/1310 1270/1006/1270
vt 0.589181 0.160224
f 1291/995/1291 1312/1009/1312 1313/1028/1313
vt 0.629156 0.162504
f 1289/1011/1289 1314/1029/1314 1273/1012/1273
f 1277/984/1277 1292/1014/1292 1315/1011/1315
f 1291/995/1291 1313/1028/1313 1290/1013/1290
vt 0.583941 0.159788
f 1313/1028/1313 1312/1009/1312 1316/1030/1316
f 1296/999/1296 1316/1030/1316 1312/1009/1312
f 1296/999/1296 1294/1015/1294 1316/1030/1316
vt 0.702900 0.726333
f 1263/975/1263 1318/1018/1318 1298/1031/1298
vt 0.716481 0.760939
vt 0.713273 0.756761
vt 0.715879 0.762697
f 1320/1032/1320 1300/1033/1300 1281/1034/1281
vt 0.711519 0.752548
vt 0.711260 0.754233
f 1301/1035/1301 1264/1036/1264 1300/1033/1300
f 1303/1023/1303 1265/1022/1265 1301/1035/1301
vt 0.713443 0.743965
f 1302/1019/1302 1323/1021/1323 1324/1037/1324
f 1325/1023/1325 1324/1037/1324 1323/1021/1323
f 1305/1026/1305 1326/1024/1326 1285/991/1285
vt 0.733631 0.768947
f 1327/1038/1327 1328/1026/1328 1284/1001/1284
vt 0.685514 0.161453
vt 0.686010 0.161485
f 1311/1039/1311 1331/1040/1331 1287/1008/1287
vt 0.630665 0.162655
vt 0.628706 0.162493
f 1332/1041/1332 1333/1029/1333 1334/1042/1334
f 1315/1011/1315 1334/1042/1334 1333/1029/1333
f 1315/1011/1315 1292/1014/1292 1334/1042/1334
vt 0.704837 0.716743
vt 0.707418 0.714077
f 1317/1043/1317 1337/1044/1337 1297/1018/1297
vt 0.716797 0.760883
f 1343/1033/1343 1320/1032/1320 1344/1045/1344
vt 0.712095 0.752500
f 1343/1033/1343 1347/1046/1347 1346/1035/1346
vt 0.711934 0.748275
f 1325/1023/1325 1346/1035/1346 1345/1047/1345
vt 0.720930 0.764871
vt 0.720142 0.766645
f 1342/1048/1342 1299/1049/1299 1304/1024/1304
vt 0.721059 0.764855
f 1305/1026/1305 1348/1050/1348 1326/1024/1326
vt 0.677346 0.646625
vt 0.677335 0.640800
f 1306/1051/1306 1355/1052/1355 1307/1003/1307
vt 0.694855 0.637441
vt 0.690084 0.639175
vt 0.691985 0.640377
f 1330/1053/1330 1308/1054/1308 1357/1055/1357
vt 0.679726 0.641649
f 1310/1027/1310 1358/1052/1358 1309/1056/1309
vt 0.684464 0.161912
f 1311/1039/1311 1359/1057/1359 1331/1040/1331
vt 0.631136 0.162664
f 1333/1029/1333 1332/1041/1332 1360/1058/1360
vt 0.629443 0.163632
f 1314/1029/1314 1336/1058/1336 1293/1059/1293
vt 0.705341 0.718524
f 1318/1018/1318 1361/1044/1361 1338/1060/1338
vt 0.725407 0.757704
vt 0.721148 0.753127
vt 0.725484 0.757270
f 1319/1061/1319 1341/1062/1341 1363/1063/1363
vt 0.729587 0.721537
vt 0.726521 0.726429
vt 0.726479 0.726025
f 1365/1064/1365 1321/1065/1321 1322/1066/1322
f 1348/1050/1348 1342/1048/1342 1326/1024/1326
vt 0.727400 0.766193
f 1349/1067/1349 1367/1050/1367 1328/1026/1328
vt 0.685628 0.641254
vt 0.687952 0.642716
f 1329/1068/1329 1372/1069/1372 1357/1055/1357
vt 0.691469 0.641674
f 1330/1053/1330 1373/1055/1373 1374/1070/1374
vt 0.684058 0.163016
f 1375/1071/1375 1376/1057/1376 1311/1039/1311
vt 0.684942 0.161935
f 1359/1057/1359 1377/1072/1377 1331/1040/1331
vt 0.634072 0.162986
f 1360/1058/1360 1332/1041/1332 1379/1073/1379
vt 0.634528 0.162967
vt 0.634913 0.164078
f 1381/1074/1381 1335/1075/1335 1336/1058/1336
vt 0.718053 0.750638
vt 0.718141 0.748919
f 1339/1076/1339 1383/1077/1383 1341/1062/1341
vt 0.715511 0.744693
f 1383/1077/1383 1339/1076/1339 1384/1078/1384
vt 0.720747 0.753206
f 1386/1062/1386 1387/1079/1387 1363/1063/1363
f 1344/1045/1344 1342/1048/1342 1348/1050/1348
vt 0.730083 0.721542
f 1389/1064/1389 1322/1066/1322 1390/1080/1390
vt 0.678941 0.644019
vt 0.678021 0.639829
f 1356/1081/1356 1404/1082/1404 1355/1052/1355
vt 0.688516 0.645388
f 1373/1055/1373 1372/1069/1372 1406/1083/1406
vt 0.682611 0.162329
f 1359/1057/1359 1410/1084/1410 1377/1072/1377
f 1360/1058/1360 1379/1073/1379 1411/1074/1411
vt 0.636859 0.163110
f 1381/1074/1381 1412/1085/1412 1335/1075/1335
vt 0.706787 0.709103
vt 0.708795 0.706113
f 1378/1086/1378 1413/1087/1413 1337/1044/1337
f 1416/1077/1416 1387/1079/1387 1386/1062/1386
vt 0.717645 0.748993
f 1417/1078/1417 1418/1088/1418 1416/1077/1416
vt 0.712355 0.740906
vt 0.712306 0.740493
f 1340/1089/1340 1385/1090/1385 1384/1078/1384
vt 0.708576 0.736750
vt 0.708601 0.736332
f 1362/1091/1362 1415/1092/1415 1385/1090/1385
vt 0.722042 0.762668
f 1392/1093/1392 1344/1045/1344 1367/1050/1367
vt 0.740564 0.770132
vt 0.733687 0.768556
vt 0.740823 0.770226
f 1393/1094/1393 1394/1095/1394 1350/1096/1350
vt 0.745343 0.770191
vt 0.745807 0.770307
f 1426/1097/1426 1393/1094/1393 1351/1098/1351
vt 0.727488 0.765847
vt 0.733736 0.768615
f 1394/1095/1394 1425/1099/1425 1369/1100/1369
vt 0.745712 0.768457
vt 0.745769 0.768819
vt 0.742292 0.765495
f 1395/1101/1395 1352/1102/1352 1396/1103/1396
vt 0.737300 0.762241
vt 0.741683 0.767830
f 1428/1104/1428 1396/1103/1396 1353/1105/1353
vt 0.712215 0.682158
vt 0.710851 0.683441
vt 0.716828 0.686623
f 1400/1106/1400 1354/1107/1354 1399/1108/1399
vt 0.721377 0.691059
vt 0.720034 0.692446
f 1430/1109/1430 1399/1108/1399 1370/1110/1370
vt 0.682193 0.639235
f 1358/1052/1358 1433/1082/1433 1407/1111/1407
vt 0.682484 0.649658
vt 0.685760 0.654991
vt 0.679029 0.643454
f 1371/1112/1371 1434/1113/1434 1405/1114/1405
vt 0.682270 0.163434
f 1409/1115/1409 1410/1084/1410 1376/1057/1376
vt 0.683051 0.162349
f 1410/1084/1410 1435/1116/1435 1377/1072/1377
vt 0.636442 0.163138
f 1411/1074/1411 1379/1073/1379 1436/1117/1436
f 1411/1074/1411 1436/1117/1436 1412/1085/1412
vt 0.707361 0.710651
f 1361/1044/1361 1413/1087/1413 1414/1118/1414
vt 0.704412 0.732644
vt 0.700586 0.728106
f 1382/1119/1382 1439/1120/1439 1415/1092/1415
f 1416/1077/1416 1418/1088/1418 1387/1079/1387
vt 0.714996 0.744750
f 1417/1078/1417 1440/1121/1440 1418/1088/1418
f 1441/1090/1441 1440/1121/1440 1417/1078/1417
vt 0.711829 0.740524
f 1442/1092/1442 1443/1122/1443 1441/1090/1441
vt 0.712067 0.750184
vt 0.712308 0.752194
vt 0.713973 0.754310
f 1419/1123/1419 1364/1124/1364 1444/1125/1444
vt 0.732095 0.717190
vt 0.732390 0.718814
f 1446/1126/1446 1420/1127/1420 1365/1064/1365
vt 0.732636 0.717180
f 1447/1126/1447 1389/1064/1389 1421/1128/1421
vt 0.714889 0.737315
vt 0.716167 0.739275
vt 0.712656 0.741709
f 1422/1129/1422 1366/1130/1366 1423/1131/1423
vt 0.718181 0.732827
vt 0.719592 0.734794
f 1448/1132/1448 1391/1133/1391 1422/1129/1422
vt 0.721968 0.762367
vt 0.727523 0.765872
f 1424/1134/1424 1368/1135/1368 1425/1099/1425
vt 0.745245 0.768350
f 1427/1136/1427 1426/1097/1426 1351/1098/1351
f 1449/1103/1449 1427/1136/1427 1395/1101/1395
vt 0.741949 0.765411
f 1450/1104/1450 1451/1137/1451 1449/1103/1449
vt 0.731598 0.758684
vt 0.736592 0.764572
f 1452/1138/1452 1428/1104/1428 1397/1139/1397
vt 0.712136 0.682194
f 1455/1140/1455 1400/1106/1400 1456/1108/1456
vt 0.716831 0.686666
f 1457/1141/1457 1456/1108/1456 1458/1109/1458
vt 0.725563 0.695478
vt 0.724261 0.696929
f 1459/1142/1459 1430/1109/1430 1401/1143/1401
vt 0.729087 0.699892
vt 0.727835 0.701389
vt 0.731735 0.704276
f 1460/1144/1460 1402/1145/1402 1431/1146/1431
vt 0.732794 0.710195
vt 0.733293 0.708608
f 1431/1146/1431 1403/1147/1403 1461/1148/1461
vt 0.678126 0.639178
f 1433/1082/1433 1462/1149/1462 1407/1111/1407
f 1405/1114/1405 1463/1149/1463 1404/1082/1404
vt 0.681901 0.649660
f 1464/1150/1464 1465/1114/1465 1434/1113/1434
vt 0.686905 0.642894
vt 0.687184 0.642349
f 1408/1151/1408 1407/1111/1407 1467/1152/1467
vt 0.644503 0.163302
vt 0.649375 0.163332
vt 0.644732 0.164416
f 1437/1153/1437 1470/1154/1470 1380/1155/1380
vt 0.639905 0.163243
f 1412/1085/1412 1436/1117/1436 1472/1156/1472
vt 0.700146 0.728086
f 1439/1120/1439 1473/1157/1473 1442/1092/1442
vt 0.717837 0.746912
f 1474/1088/1474 1475/1158/1475 1387/1079/1387
vt 0.715207 0.742696
f 1476/1121/1476 1477/1159/1477 1474/1088/1474
f 1441/1090/1441 1443/1122/1443 1440/1121/1440
vt 0.713981 0.756363
vt 0.717464 0.758437
f 1444/1125/1444 1388/1160/1388 1445/1161/1445
vt 0.711485 0.750221
f 1478/1162/1478 1419/1123/1419 1479/1125/1479
vt 0.714445 0.737346
f 1423/1131/1423 1482/1163/1482 1483/1129/1483
vt 0.717778 0.732856
f 1483/1129/1483 1484/1164/1484 1448/1132/1448
vt 0.717125 0.758482
f 1485/1165/1485 1445/1161/1445 1424/1134/1424
f 1449/1103/1449 1451/1137/1451 1427/1136/1427
vt 0.737137 0.762177
f 1450/1104/1450 1486/1166/1486 1451/1137/1451
f 1452/1138/1452 1486/1166/1486 1450/1104/1450
vt 0.693883 0.664394
vt 0.692677 0.665369
vt 0.698581 0.668748
f 1454/1167/1454 1398/1168/1398 1453/1169/1453
vt 0.689462 0.659889
vt 0.688553 0.660662
f 1454/1167/1454 1466/1170/1466 1429/1171/1429
vt 0.707509 0.677691
f 1455/1140/1455 1487/1172/1487 1400/1106/1400
f 1457/1141/1457 1455/1140/1455 1456/1108/1456
vt 0.721528 0.691088
f 1457/1141/1457 1458/1109/1458 1488/1173/1488
f 1488/1173/1488 1458/1109/1458 1489/1142/1489
f 1459/1142/1459 1401/1143/1401 1460/1144/1460
vt 0.729504 0.699928
f 1490/1174/1490 1491/1144/1491 1492/1146/1492
vt 0.733549 0.714529
vt 0.733499 0.712907
f 1461/1148/1461 1432/1175/1432 1493/1176/1493
vt 0.732226 0.704324
f 1494/1177/1494 1492/1146/1492 1495/1148/1495
vt 0.677791 0.638924
f 1496/1149/1496 1497/1178/1497 1498/1111/1498
f 1497/1178/1497 1496/1149/1496 1465/1114/1465
vt 0.678538 0.643375
f 1499/1179/1499 1465/1114/1465 1464/1150/1464
vt 0.685311 0.655139
f 1464/1150/1464 1434/1113/1434 1500/1180/1500
vt 0.687584 0.642112
f 1498/1111/1498 1501/1181/1501 1467/1152/1467
vt 0.679778 0.162681
vt 0.680145 0.162715
f 1469/1182/1469 1502/1183/1502 1435/1116/1435
vt 0.649185 0.163339
f 1503/1154/1503 1437/1153/1437 1504/1184/1504
vt 0.644229 0.163308
f 1505/1185/1505 1504/1184/1504 1437/1153/1437
vt 0.640257 0.163225
f 1438/1186/1438 1472/1156/1472 1505/1185/1505
vt 0.712293 0.738465
f 1443/1122/1443 1506/1187/1506 1476/1121/1476
vt 0.713462 0.754372
f 1508/1188/1508 1479/1125/1479 1445/1161/1445
vt 0.711081 0.746012
f 1478/1162/1478 1480/1189/1480 1419/1123/1419
f 1508/1188/1508 1478/1162/1478 1479/1125/1479
f 1493/1176/1493 1432/1175/1432 1446/1126/1446
vt 0.734060 0.712891
f 1511/1176/1511 1447/1126/1447 1481/1190/1481
f 1483/1129/1483 1482/1163/1482 1484/1164/1484
vt 0.712140 0.741726
f 1423/1131/1423 1513/1191/1513 1482/1163/1482
vt 0.725307 0.723739
f 1448/1132/1448 1484/1164/1484 1514/1192/1514
f 1480/1189/1480 1513/1191/1513 1423/1131/1423
f 1485/1165/1485 1508/1188/1508 1445/1161/1445
vt 0.731644 0.758631
f 1452/1138/1452 1515/1193/1515 1486/1166/1486
vt 0.693665 0.664440
f 1516/1194/1516 1517/1167/1517 1453/1169/1453
vt 0.689116 0.660002
f 1518/1195/1518 1466/1170/1466 1517/1167/1517
vt 0.713944 0.680508
f 1519/1140/1519 1520/1196/1520 1487/1172/1487
vt 0.717855 0.685697
f 1521/1197/1521 1519/1140/1519 1522/1141/1522
vt 0.722542 0.690081
f 1523/1198/1523 1522/1141/1522 1524/1173/1524
vt 0.725871 0.695496
f 1488/1173/1488 1489/1142/1489 1525/1199/1525
f 1489/1142/1489 1491/1144/1491 1490/1174/1490
f 1490/1174/1490 1492/1146/1492 1494/1177/1494
f 1495/1148/1495 1511/1176/1511 1481/1190/1481
vt 0.733834 0.708625
f 1494/1177/1494 1495/1148/1495 1526/1200/1526
vt 0.682232 0.638949
f 1497/1178/1497 1527/1201/1527 1498/1111/1498
f 1499/1179/1499 1497/1178/1497 1465/1114/1465
vt 0.682043 0.649264
f 1528/1150/1528 1529/1202/1529 1530/1179/1530
vt 0.685727 0.654696
f 1531/1180/1531 1532/1203/1532 1528/1150/1528
f 1500/1180/1500 1466/1170/1466 1518/1195/1518
vt 0.689568 0.647074
f 1467/1152/1467 1501/1181/1501 1534/1204/1534
f 1498/1111/1498 1527/1201/1527 1501/1181/1501
vt 0.654548 0.163341
f 1503/1154/1503 1504/1184/1504 1539/1205/1539
vt 0.654656 0.163333
vt 0.649536 0.164447
f 1470/1154/1470 1540/1206/1540 1471/1207/1471
vt 0.734106 0.711735
f 1542/1200/1542 1481/1190/1481 1509/1208/1509
vt 0.726307 0.754757
f 1452/1138/1452 1543/1209/1543 1515/1193/1515
f 1516/1194/1516 1518/1195/1518 1517/1167/1517
vt 0.726861 0.694450
f 1545/1210/1545 1524/1173/1524 1546/1199/1546
f 1525/1199/1525 1489/1142/1489 1490/1174/1490
vt 0.733037 0.703238
f 1547/1211/1547 1548/1174/1548 1549/1177/1549
f 1526/1200/1526 1495/1148/1495 1481/1190/1481
vt 0.734267 0.707501
f 1549/1177/1549 1542/1200/1542 1550/1212/1550
vt 0.678266 0.638013
f 1551/1178/1551 1552/1213/1552 1553/1201/1553
vt 0.678881 0.642562
f 1530/1179/1530 1554/1214/1554 1555/1178/1555
vt 0.689851 0.659429
f 1557/1195/1557 1556/1215/1556 1531/1180/1531
vt 0.689051 0.647240
vt 0.690149 0.653257
vt 0.688767 0.647432
f 1533/1216/1533 1558/1217/1558 1468/1218/1468
vt 0.687805 0.641587
f 1559/1219/1559 1560/1204/1560 1561/1181/1561
f 1561/1181/1561 1553/1201/1553 1559/1219/1559
vt 0.675941 0.162959
vt 0.676211 0.163001
f 1536/1220/1536 1562/1221/1562 1502/1183/1502
f 1503/1154/1503 1539/1205/1539 1567/1206/1567
vt 0.733590 0.710598
vt 0.731837 0.714879
f 1569/1222/1569 1509/1208/1509 1510/1223/1510
vt 0.694622 0.663713
f 1571/1224/1571 1557/1195/1557 1516/1194/1516
vt 0.730975 0.698044
f 1577/1225/1577 1546/1199/1546 1548/1174/1548
f 1554/1214/1554 1578/1213/1578 1555/1178/1555
vt 0.682402 0.638120
f 1552/1213/1552 1579/1226/1579 1553/1201/1553
vt 0.690647 0.653144
f 1533/1216/1533 1582/1227/1582 1583/1217/1583
f 1533/1216/1533 1534/1204/1534 1582/1227/1582
vt 0.692831 0.659749
vt 0.689175 0.653957
f 1558/1217/1558 1585/1228/1585 1535/1229/1535
vt 0.671073 0.163153
f 1536/1220/1536 1587/1230/1587 1562/1221/1562
vt 0.660096 0.163321
f 1567/1206/1567 1539/1205/1539 1591/1231/1591
vt 0.660126 0.163322
vt 0.654758 0.164448
f 1540/1206/1540 1590/1232/1590 1538/1233/1538
vt 0.721317 0.750744
vt 0.721749 0.750679
f 1507/1234/1507 1568/1235/1568 1543/1209/1543
vt 0.718082 0.746586
vt 0.718592 0.746520
f 1541/1236/1541 1592/1237/1592 1568/1235/1568
vt 0.733029 0.710615
f 1510/1223/1510 1594/1238/1594 1595/1222/1595
vt 0.731295 0.714890
f 1510/1223/1510 1570/1239/1570 1594/1238/1594
vt 0.729141 0.719245
vt 0.728644 0.719241
f 1512/1240/1512 1596/1241/1596 1570/1239/1570
f 1514/1192/1514 1596/1241/1596 1512/1240/1512
vt 0.709751 0.675783
vt 0.714235 0.680252
vt 0.714312 0.680216
f 1573/1242/1573 1544/1243/1544 1597/1244/1597
vt 0.718871 0.684682
vt 0.723401 0.689043
f 1574/1245/1574 1521/1197/1521 1575/1246/1575
vt 0.727541 0.693385
f 1575/1246/1575 1523/1198/1523 1576/1247/1576
vt 0.678593 0.638283
f 1601/1226/1601 1578/1213/1578 1602/1248/1602
vt 0.693279 0.659631
f 1583/1217/1583 1582/1227/1582 1603/1249/1603
vt 0.690093 0.646523
f 1584/1250/1584 1604/1227/1604 1560/1204/1560
vt 0.687651 0.641326
f 1579/1226/1579 1605/1251/1605 1559/1219/1559
vt 0.691676 0.660516
vt 0.696223 0.666094
f 1537/1252/1537 1585/1228/1585 1588/1253/1588
f 1583/1217/1583 1603/1249/1603 1606/1228/1606
vt 0.670920 0.164255
f 1607/1230/1607 1536/1220/1536 1586/1254/1586
vt 0.671234 0.163174
f 1562/1221/1562 1587/1230/1587 1608/1255/1608
vt 0.665645 0.163272
f 1609/1256/1609 1608/1255/1608 1587/1230/1587
vt 0.699452 0.671671
vt 0.698098 0.672643
f 1588/1253/1588 1612/1257/1612 1564/1258/1564
vt 0.660164 0.164441
f 1590/1232/1590 1615/1256/1615 1566/1259/1566
f 1567/1206/1567 1591/1231/1591 1616/1232/1616
vt 0.715976 0.742322
vt 0.713042 0.738126
f 1619/1260/1619 1592/1237/1592 1620/1261/1620
vt 0.734158 0.706361
f 1598/1262/1598 1550/1212/1550 1569/1222/1569
vt 0.733616 0.706344
f 1594/1238/1594 1621/1263/1621 1595/1222/1595
vt 0.700803 0.667011
vt 0.700707 0.667021
f 1623/1264/1623 1572/1265/1572 1573/1242/1573
vt 0.718858 0.684632
f 1597/1244/1597 1574/1245/1574 1624/1266/1624
vt 0.723241 0.689009
f 1625/1267/1625 1574/1245/1574 1626/1246/1626
f 1625/1267/1625 1626/1246/1626 1576/1247/1576
vt 0.733357 0.702103
f 1599/1268/1599 1547/1211/1547 1598/1262/1598
vt 0.682385 0.638446
f 1601/1226/1601 1602/1248/1602 1628/1269/1628
vt 0.691485 0.652535
f 1631/1270/1631 1632/1249/1632 1604/1227/1604
vt 0.690119 0.646158
f 1605/1251/1605 1633/1271/1633 1584/1250/1584
vt 0.687296 0.641615
f 1634/1251/1634 1601/1226/1601 1635/1272/1635
vt 0.696578 0.665954
f 1606/1228/1606 1636/1273/1636 1637/1253/1637
f 1606/1228/1606 1603/1249/1603 1636/1273/1636
vt 0.665700 0.163269
f 1609/1256/1609 1638/1274/1638 1608/1255/1608
vt 0.665603 0.164390
f 1615/1256/1615 1607/1230/1607 1614/1275/1614
vt 0.710780 0.692409
vt 0.709226 0.686375
vt 0.710947 0.691089
f 1563/1276/1563 1610/1277/1610 1611/1278/1611
vt 0.704843 0.682792
vt 0.706231 0.681628
f 1565/1279/1565 1613/1280/1613 1610/1277/1610
vt 0.699655 0.671530
f 1612/1257/1612 1637/1253/1637 1640/1281/1640
vt 0.701306 0.677854
vt 0.702721 0.676757
f 1589/1282/1589 1639/1283/1639 1613/1280/1613
f 1609/1256/1609 1616/1232/1616 1638/1274/1638
f 1616/1232/1616 1591/1231/1591 1638/1274/1638
vt 0.709220 0.733964
vt 0.709651 0.733962
f 1593/1284/1593 1641/1285/1641 1620/1261/1620
f 1595/1222/1595 1621/1263/1621 1642/1262/1642
vt 0.695962 0.662845
f 1643/1286/1643 1572/1265/1572 1623/1264/1623
f 1624/1266/1624 1574/1245/1574 1625/1267/1625
vt 0.727228 0.693365
f 1644/1287/1644 1625/1267/1625 1576/1247/1576
f 1621/1263/1621 1599/1268/1599 1642/1262/1642
vt 0.679135 0.642479
vt 0.679610 0.642555
f 1602/1248/1602 1600/1288/1600 1630/1289/1630
f 1601/1226/1601 1628/1269/1628 1635/1272/1635
vt 0.683168 0.648637
vt 0.682682 0.648758
f 1629/1290/1629 1630/1289/1630 1581/1291/1581
vt 0.686997 0.653905
vt 0.686577 0.654088
f 1646/1292/1646 1629/1290/1629 1580/1293/1580
vt 0.689636 0.646362
f 1648/1271/1648 1634/1251/1634 1649/1294/1649
f 1634/1251/1634 1635/1272/1635 1649/1294/1649
f 1637/1253/1637 1636/1273/1636 1640/1281/1640
vt 0.694270 0.658966
f 1632/1249/1632 1647/1295/1647 1650/1273/1650
vt 0.710636 0.691033
f 1651/1277/1651 1652/1296/1652 1611/1278/1611
vt 0.709058 0.686243
f 1651/1277/1651 1653/1280/1653 1654/1297/1654
vt 0.706167 0.681482
f 1653/1280/1653 1639/1283/1639 1655/1298/1655
vt 0.701248 0.725729
vt 0.701693 0.725753
f 1618/1299/1618 1661/1300/1661 1641/1285/1641
vt 0.691221 0.658571
vt 0.690913 0.658724
f 1662/1301/1662 1622/1302/1622 1643/1286/1643
vt 0.730586 0.697721
vt 0.731005 0.697758
f 1645/1303/1645 1644/1287/1644 1627/1304/1627
vt 0.732865 0.702054
f 1663/1305/1663 1599/1268/1599 1621/1263/1621
f 1663/1305/1663 1645/1303/1645 1599/1268/1599
f 1662/1301/1662 1646/1292/1646 1622/1302/1622
vt 0.691833 0.652048
f 1633/1271/1633 1664/1306/1664 1631/1270/1631
vt 0.691350 0.652179
f 1648/1271/1648 1649/1294/1649 1665/1307/1665
vt 0.697639 0.665219
f 1650/1273/1650 1666/1308/1666 1667/1281/1667
f 1651/1277/1651 1654/1297/1654 1652/1296/1652
vt 0.710789 0.695607
vt 0.710365 0.695627
f 1617/1309/1617 1652/1296/1652 1656/1310/1656
f 1653/1280/1653 1655/1298/1655 1654/1297/1654
vt 0.702766 0.676620
f 1639/1283/1639 1640/1281/1640 1668/1311/1668
f 1639/1283/1639 1668/1311/1668 1655/1298/1655
vt 0.698356 0.721590
f 1618/1299/1618 1659/1312/1659 1661/1300/1661
vt 0.694819 0.658426
f 1664/1306/1664 1669/1313/1669 1647/1295/1647
f 1670/1306/1670 1648/1271/1648 1665/1307/1665
vt 0.709985 0.685130
f 1672/1297/1672 1673/1314/1673 1674/1296/1674
vt 0.710783 0.689848
f 1674/1296/1674 1675/1315/1675 1657/1310/1657
vt 0.707351 0.680447
f 1676/1298/1676 1677/1316/1677 1672/1297/1672
vt 0.700777 0.670695
f 1667/1281/1667 1671/1317/1671 1678/1311/1678
vt 0.703932 0.675677
f 1678/1311/1678 1679/1318/1679 1676/1298/1676
vt 0.695698 0.717413
vt 0.696274 0.717420
f 1660/1319/1660 1683/1320/1683 1659/1312/1659
vt 0.698352 0.664633
vt 0.694382 0.658559
f 1684/1321/1684 1685/1313/1685 1686/1322/1686
f 1670/1306/1670 1686/1322/1686 1685/1313/1685
f 1670/1306/1670 1665/1307/1665 1686/1322/1686
f 1669/1313/1669 1687/1321/1687 1666/1308/1666
vt 0.709737 0.694402
f 1656/1310/1656 1675/1315/1675 1680/1323/1680
vt 0.696069 0.713295
vt 0.695481 0.713268
vt 0.697395 0.709243
f 1689/1324/1689 1658/1325/1658 1682/1326/1682
vt 0.699411 0.705274
vt 0.699906 0.705290
f 1682/1326/1682 1681/1327/1681 1690/1328/1690
f 1658/1325/1658 1689/1324/1689 1683/1320/1683
vt 0.698013 0.664792
f 1684/1321/1684 1686/1322/1686 1691/1329/1691
vt 0.701706 0.670008
f 1687/1321/1687 1692/1330/1692 1671/1317/1671
vt 0.701521 0.670166
f 1684/1321/1684 1691/1329/1691 1698/1331/1698
f 1684/1321/1684 1698/1331/1698 1699/1330/1699
vt 0.705063 0.674877
vt 0.708606 0.679564
f 1696/1332/1696 1693/1333/1693 1677/1316/1677
vt 0.711084 0.684151
f 1693/1333/1693 1694/1334/1694 1673/1314/1673
vt 0.711242 0.688720
f 1675/1315/1675 1694/1334/1694 1695/1335/1695
vt 0.709535 0.693157
f 1680/1323/1680 1695/1335/1695 1697/1336/1697
f 1692/1330/1692 1696/1332/1696 1679/1318/1679
vt 0.702754 0.701365
vt 0.706867 0.697304
f 1690/1328/1690 1688/1337/1688 1700/1338/1700
vt 0.705037 0.675029
f 1699/1330/1699 1698/1331/1698 1701/1339/1701
vt 0.708690 0.679724
f 1702/1332/1702 1703/1340/1703 1704/1333/1704
vt 0.711271 0.684294
f 1704/1333/1704 1705/1341/1705 1706/1334/1706
f 1699/1330/1699 1701/1339/1701 1702/1332/1702
f 1704/1333/1704 1703/1340/1703 1705/1341/1705
f 1702/1332/1702 1701/1339/1701 1703/1340/1703
vt 0.709971 0.693132
f 1700/1338/1700 1697/1336/1697 1707/1342/1707
# 1190 faces, 1342 coords texture

# End of File
