####
#
# OBJ File Generated by Meshlab
#
####
# Object border.obj
#
# Vertices: 2341
# Faces: 1640
#
####
mtllib ./border.obj.mtl

vn 0.311244 1.982566 -0.569679
v 12.785054 22.412178 24.312532
vn 0.085059 2.854740 -0.719003
v 10.425626 22.423618 23.842747
vn 0.270886 2.625421 -0.824028
v 12.335779 22.417963 24.122236
vn -0.149088 2.413353 -0.788543
v 7.744333 22.412348 23.932978
vn -0.088234 2.626804 -0.728170
v 8.217702 22.408979 23.819456
vn 0.010263 1.286101 -0.323438
v 9.882133 22.422501 23.786383
vn 0.082280 1.761302 -0.505107
v 12.084992 22.419998 24.054367
vn 0.034194 1.200420 -0.304870
v 10.968759 22.422348 23.919741
vn 0.040680 0.275413 -0.083527
v 12.581577 22.426275 24.250422
vn -0.029499 2.783553 -0.735578
v 9.332328 22.418207 23.766996
vn 0.014717 1.686217 -0.424038
v 9.875651 22.433506 23.829937
vn 0.053996 1.870094 -0.474856
v 10.977003 22.433426 23.964285
vn 0.008391 0.199188 -0.055478
v 11.824806 22.432167 24.054417
vn 0.370946 3.062848 -0.979354
v 12.348905 22.429157 24.162216
vn 0.858471 1.063100 -1.712098
v 12.796121 22.422651 24.355026
vn 0.064970 1.253595 -0.362868
v 12.097008 22.431168 24.095274
vn 1.650759 0.701987 -2.728186
v 13.010876 22.388088 24.469669
vn -0.746017 0.379367 -1.523968
v 7.568122 22.452253 24.080427
vn -0.023000 0.343980 -0.106571
v 7.970522 22.419220 23.903198
vn -1.676314 0.344427 -2.490078
v 7.375180 22.463497 24.202414
vn -0.004628 0.196580 -0.053301
v 8.461697 22.420319 23.838890
vn 0.000517 0.312005 -0.080142
v 9.597498 22.431694 23.813906
vn 0.098172 3.078633 -0.776124
v 10.430674 22.434677 23.887253
vn 1.240284 0.345070 -2.855070
v 12.581577 22.426275 24.250422
vn 0.957067 0.323896 -2.963167
v 12.348905 22.429157 24.162216
vn 0.957593 0.325753 -2.976464
v 12.347570 22.462959 24.165474
vn 1.246205 0.350738 -2.864823
v 12.580673 22.459919 24.254108
vn 0.754677 1.987059 0.119038
v 13.232306 22.299829 24.539124
vn -0.193920 3.117970 -1.018115
v 7.766607 22.428198 23.977276
vn -0.147319 3.140782 -0.893902
v 8.196631 22.418776 23.857351
vn -0.919488 0.197067 -1.269259
v 7.187887 22.434050 24.333015
vn -0.042177 3.083954 -0.818335
v 9.317342 22.429197 23.809185
vn 0.228990 0.341486 -3.113411
v 9.875651 22.433506 23.829937
vn 0.106242 0.818476 -3.022326
v 9.597498 22.431694 23.813906
vn 0.224339 0.375466 -3.112301
v 9.875073 22.467241 23.833744
vn 0.398452 0.341726 -3.097344
v 10.430674 22.434677 23.887253
vn 0.322367 0.029114 -3.122209
v 10.153440 22.468214 23.858644
vn 0.383447 0.354150 -3.094356
v 10.976335 22.467163 23.968065
vn 0.399514 0.355300 -3.095235
v 10.429958 22.468412 23.891033
vn 0.383680 0.354982 -3.100455
v 10.977003 22.433426 23.964285
vn 0.396977 0.342217 -3.094239
v 11.824806 22.432167 24.054417
vn 0.634952 0.332191 -3.045956
v 12.097008 22.431168 24.095274
vn 0.634628 0.333776 -3.061628
v 12.095953 22.464947 24.098738
vn 0.718048 0.221386 -1.434310
v 12.797084 22.455780 24.360477
vn 0.374960 0.941310 0.111851
v 13.244189 22.292391 24.587948
vn 0.902797 1.792834 0.812422
v 13.457701 22.169634 24.621582
vn -0.752996 0.168765 -1.458811
v 7.570936 22.486034 24.082867
vn -1.204947 0.281802 -2.796596
v 7.766607 22.428198 23.977276
vn -0.828514 0.269867 -2.955542
v 7.970522 22.419220 23.903198
vn -1.268164 0.295800 -2.936733
v 7.769869 22.461990 23.979265
vn -0.417410 0.297125 -3.072619
v 8.196631 22.418776 23.857351
vn -0.848492 0.281105 -3.057859
v 7.972932 22.453024 23.905615
vn -0.872046 0.271228 -1.308908
v 6.995406 22.358770 24.459627
vn -0.914976 0.194361 -1.263421
v 7.185471 22.466394 24.339787
vn -0.163123 0.326857 -3.111609
v 8.461697 22.420319 23.838890
vn -0.416455 0.304120 -3.112877
v 8.197780 22.452576 23.860485
vn -0.031183 0.348887 -3.116650
v 9.317342 22.429197 23.809185
vn -0.029005 0.369878 -3.123950
v 9.317049 22.462938 23.812965
vn 0.396525 0.343088 -3.099408
v 11.824010 22.465925 24.058052
vn 1.455295 0.516079 -2.488362
v 13.015170 22.418888 24.478441
vn 1.711300 0.890320 -2.767429
v 13.244189 22.292391 24.587948
vn 1.150829 1.162013 1.332672
v 13.657244 21.997253 24.634918
vn -1.647102 0.338424 -2.446680
v 7.376134 22.496914 24.206394
vn -0.858738 0.259567 -1.279555
v 6.988686 22.388212 24.470205
vn -0.782852 0.450156 -1.286283
v 6.786898 22.232525 24.569672
vn -0.162881 0.329615 -3.127732
v 8.462073 22.454096 23.842430
vn 1.476625 0.786187 -2.367426
v 13.253339 22.317591 24.601831
vn 0.459482 0.791859 0.445378
v 13.471427 22.140608 24.670383
vn 0.369812 -0.311820 0.953935
v 13.812990 21.743778 24.557863
vn -0.794316 0.439976 -1.296091
v 6.775524 22.256109 24.584848
vn 1.836092 1.478179 -2.550811
v 13.471427 22.140608 24.670383
vn 0.532263 0.365295 0.748428
v 13.667956 21.937798 24.677509
vn -0.299773 -0.907347 0.386579
v 6.187923 21.636774 24.499313
vn -2.465160 2.007637 -1.326750
v 6.361228 21.830315 24.621326
vn -0.095258 0.068657 -0.106974
v 6.557899 22.068928 24.651791
vn 1.484459 1.222209 -2.023510
v 13.484529 22.155300 24.688513
vn 2.490886 0.281306 1.178047
v 13.744230 21.728365 24.579481
vn -0.390448 1.245888 -0.550342
v 10.614926 21.748127 0.579711
vn -0.274953 1.271838 -0.530834
v 10.386086 21.697273 0.577558
vn -2.078584 -1.522966 -0.176299
v 6.258401 21.620943 24.516808
vn 2.607534 2.034943 -1.686321
v 13.667956 21.937798 24.677509
vn 1.855136 1.365608 -1.140851
v 13.681656 21.935429 24.696281
vn -0.461547 1.520785 -0.668001
v 10.619319 21.732988 0.542322
vn -0.363500 2.696711 -0.746724
v 10.153848 21.660683 0.576534
vn -0.094668 2.769534 -0.490175
v 9.685308 21.618160 0.579584
vn -0.928028 -2.222839 -0.166457
v 6.381206 21.494080 24.227133
vn -0.292346 -0.743760 0.048798
v 6.368226 21.493780 24.303505
vn -1.942735 1.509129 -1.065262
v 6.347723 21.825512 24.639151
vn -1.258237 0.147030 -0.724128
v 6.248083 21.599377 24.531498
vn 1.033729 0.404747 -0.252377
v 13.755747 21.709383 24.595743
vn 2.740045 -0.139847 -1.911702
v 13.610677 21.556719 24.346437
vn 0.246214 -0.515257 0.000001
v 13.365848 21.439728 24.007143
vn 0.172339 2.734816 -0.649625
v 9.215261 21.627920 0.582884
vn -1.098570 2.550681 -0.517420
v 11.056853 21.904287 0.585135
vn -0.108730 0.293473 -0.095510
v 10.843534 21.804127 0.544297
vn -0.326799 1.569121 -0.633472
v 10.389537 21.682322 0.539949
vn -0.026132 0.313872 -0.070848
v 9.921633 21.619173 0.539666
vn -2.806735 -0.050166 -1.902975
v 6.368226 21.493780 24.303505
vn -2.353458 -0.035302 -1.592039
v 6.362048 21.464046 24.313410
vn -0.956349 1.130903 -0.428007
v 12.041497 22.539017 0.621182
vn 0.179707 1.305970 -0.478292
v 8.750909 21.681501 0.590319
vn 0.072423 -0.092923 -3.037178
v 10.849111 21.788105 0.544914
vn 0.069687 -0.151365 -3.227468
v 10.619319 21.732988 0.542322
vn 0.077087 -0.096854 -3.241274
v 10.843534 21.804127 0.544297
vn 0.065981 -0.143461 -3.047458
v 10.623738 21.716618 0.543191
vn 0.042082 -0.136058 -3.220748
v 10.389537 21.682322 0.539949
vn 0.004411 0.319029 -0.066006
v 9.449951 21.603592 0.542728
vn -0.320183 -0.741040 -0.159090
v 6.594620 21.418909 24.041132
vn -0.935234 -2.148503 -0.527661
v 6.605333 21.429266 23.979973
vn -2.280950 -0.171755 -2.056427
v 6.592035 21.386246 24.046719
vn 2.336371 -0.053016 -1.647269
v 13.617802 21.528572 24.357452
vn 1.093379 -2.338983 -0.006663
v 13.371448 21.442404 24.066885
vn -1.714301 2.196981 -0.473746
v 11.860243 22.389444 0.610081
vn -0.643124 1.179753 -0.467504
v 11.270023 22.003704 0.589979
vn 0.031991 0.318358 -0.096205
v 8.979889 21.634415 0.547785
vn 0.066737 0.003347 -3.042815
v 11.284358 21.977072 0.552033
vn 0.040384 -0.127953 -3.056157
v 10.392869 21.665680 0.540693
vn -0.001068 -0.090392 -3.241183
v 9.921633 21.619173 0.539666
vn -0.001223 -0.085645 -3.071035
v 9.923062 21.602230 0.540135
vn -0.025566 -0.046749 -3.239559
v 9.449951 21.603592 0.542728
vn -2.382936 -0.168701 -2.151864
v 6.594620 21.418909 24.041132
vn 2.456568 -0.199856 -2.229508
v 13.371448 21.442404 24.066885
vn 0.149088 -0.665160 -0.046298
v 13.129118 21.408298 23.776537
vn 0.007667 0.351824 -0.166013
v 16.715004 22.097532 22.796024
vn -0.507216 1.244992 -0.409382
v 12.937664 23.269598 0.691928
vn -0.709705 1.145682 -0.433735
v 12.748515 23.147327 0.676987
vn -0.818875 1.063358 -0.463761
v 12.569745 23.004000 0.661775
vn -1.052915 1.254582 -0.454823
v 12.049710 22.531357 0.582591
vn -0.739413 1.126134 -0.454863
v 11.475844 22.117710 0.595848
vn -0.762011 1.427861 -0.538163
v 11.276537 21.992159 0.551884
vn 0.236580 1.617713 -0.589692
v 8.748090 21.667913 0.552158
vn 0.291789 1.290606 -0.450024
v 8.523741 21.733574 0.595000
vn 0.070045 0.004995 -3.238727
v 11.276537 21.992159 0.551884
vn -0.017068 -0.109272 -3.076300
v 9.686620 21.586924 0.542007
vn -2.190122 0.085298 -2.204881
v 6.840456 21.332699 23.793264
vn -2.192273 -0.224171 -2.135359
v 7.080276 21.326864 23.555132
vn 2.177763 -0.178713 -1.983575
v 13.373912 21.410130 24.072498
vn 0.515401 -2.343895 -0.162122
v 13.130644 21.404964 23.829350
vn -0.619617 2.819452 -0.947896
v 16.733000 22.042421 22.680061
vn 2.055227 0.365857 0.900363
v 17.349026 22.028189 23.434902
vn 0.213660 0.314534 -0.164623
v 16.631531 21.959381 22.499392
vn -0.927258 1.199994 -0.520940
v 12.579220 22.994728 0.623785
vn -0.183070 0.255832 -0.080364
v 11.679715 22.238567 0.563654
vn -0.883025 1.368717 -0.551771
v 11.483121 22.107092 0.557731
vn -0.023977 -0.042399 -3.074336
v 9.449683 21.586584 0.542965
vn -0.051198 -0.036950 -3.218862
v 8.979889 21.634415 0.547785
vn -0.049141 -0.035375 -3.062939
v 8.977771 21.617546 0.548012
vn -0.072246 -0.048436 -3.225812
v 8.748090 21.667913 0.552158
vn 0.398506 1.272112 -0.417769
v 8.301473 21.803995 0.600734
vn 0.494540 1.237860 -0.415184
v 8.085284 21.892715 0.608075
vn 0.066959 0.032379 -3.059020
v 11.491941 22.092564 0.557767
vn 2.084248 -0.194699 -2.171685
v 13.130205 21.371189 23.831949
vn 0.006498 -0.703321 -0.033408
v 12.672461 21.423416 23.351770
vn 2.263845 -0.224661 -2.356851
v 13.130644 21.404964 23.829350
vn 0.547732 0.665903 0.314949
v 17.260441 22.160078 23.310106
vn 2.083003 1.131396 -0.695164
v 16.574984 21.940989 22.300020
vn -0.286956 1.284881 -0.434681
v 13.144723 23.359699 0.705339
vn -0.652111 1.525885 -0.508892
v 12.943984 23.259644 0.653826
vn -0.877092 1.384028 -0.531511
v 12.756579 23.137915 0.638931
vn 0.247131 0.002112 -3.091764
v 12.579220 22.994728 0.623785
vn 0.065636 0.160299 -3.096090
v 12.060632 22.518303 0.582129
vn 0.065256 0.167366 -3.186285
v 12.049710 22.531357 0.582591
vn 0.055752 0.100824 -3.219614
v 11.679715 22.238567 0.563654
vn 0.220517 2.556438 -0.721028
v 13.569965 23.423046 0.730931
vn 0.069581 0.035874 -3.222364
v 11.483121 22.107092 0.557731
vn 0.053532 0.093893 -3.059509
v 11.689444 22.224634 0.563389
vn -0.068182 -0.045125 -3.055175
v 8.744881 21.651236 0.552482
vn 0.376914 1.607392 -0.557342
v 8.520143 21.721035 0.556707
vn 1.872912 2.099441 -0.126946
v 7.509232 22.281004 0.637112
vn 0.972073 0.906703 -0.366854
v 7.198289 22.602568 0.661016
vn -2.246725 -0.186164 -2.192330
v 7.079792 21.293066 23.558498
vn 2.107305 -0.554715 -2.242035
v 12.894232 21.375628 23.614264
vn 0.020739 -2.472392 -0.113968
v 12.675169 21.421309 23.396654
vn -1.258634 0.999262 0.247600
v 16.738489 22.081438 22.550499
vn -0.774758 0.651365 0.061188
v 16.631531 21.959381 22.499392
vn 0.616579 -0.179215 0.231985
v 17.306057 21.820946 23.389006
vn 0.845560 1.295490 0.518354
v 17.415808 22.049442 23.273825
vn 0.560304 0.285855 -0.186064
v 16.584402 21.863892 22.202763
vn 2.207861 0.998740 -0.726776
v 16.541080 21.820633 22.011709
vn -0.389508 1.615512 -0.545056
v 13.150017 23.348043 0.667390
vn 0.156355 0.128121 -3.031956
v 12.756579 23.137915 0.638931
vn 0.171616 0.133376 -3.266644
v 12.766132 23.123913 0.638833
vn 0.164905 0.145708 -3.304973
v 12.951792 23.244705 0.653556
vn 0.683523 1.120772 -0.298693
v 13.767423 23.382095 0.742012
vn -0.070586 0.000281 -3.222859
v 8.520143 21.721035 0.556707
vn 0.508960 1.583476 -0.521071
v 8.297053 21.792757 0.562298
vn 0.609948 1.181805 -0.408196
v 7.879098 22.001871 0.616742
vn 0.233199 0.238204 -0.053975
v 7.339041 22.431221 0.610479
vn -0.167395 -0.015569 -0.166624
v 7.282508 21.257002 23.347889
vn -0.010092 -0.639470 -0.003984
v 12.449458 21.426373 23.155558
vn 2.084845 -0.640510 -2.239922
v 12.675169 21.421309 23.396654
vn -1.867429 1.732389 -0.260979
v 16.643841 21.954790 22.380833
vn 1.464846 -0.785082 0.513802
v 17.415808 22.049442 23.273825
vn -0.468253 0.347422 -0.078144
v 16.584402 21.863892 22.202763
vn 0.496770 0.282496 -0.171082
v 16.550449 21.734146 21.921320
vn 1.888485 1.509883 -0.707393
v 16.501223 21.704828 21.727327
vn -0.044690 0.345357 -0.107586
v 13.363017 23.399950 0.680210
vn 0.170425 0.055736 -2.970217
v 13.150017 23.348043 0.667390
vn 0.188517 0.065419 -3.301201
v 13.155325 23.332150 0.667388
vn 0.148436 0.129015 -2.964586
v 12.943984 23.259644 0.653826
vn 0.197758 0.000149 -3.314787
v 13.365115 23.383455 0.680342
vn 0.928502 0.914010 -0.364544
v 13.941310 23.280590 0.749374
vn 0.852798 1.517504 -0.406470
v 13.765226 23.373253 0.703807
vn -0.066165 0.002474 -3.058822
v 8.515659 21.704666 0.556798
vn -0.070792 0.061946 -3.219214
v 8.297053 21.792757 0.562298
vn 0.632066 1.540460 -0.518103
v 8.079830 21.882055 0.569796
vn 0.751821 1.110344 -0.365663
v 7.686855 22.133602 0.626447
vn 0.963890 1.385672 -0.424268
v 7.680101 22.125622 0.588329
vn 1.250962 1.144535 -0.449315
v 7.189495 22.596573 0.622897
vn 2.285214 1.744699 -0.467148
v 7.061725 22.777649 0.674147
vn -1.907994 -0.221014 -2.243488
v 7.482238 21.265532 23.155142
vn 2.018713 -0.182866 -2.511613
v 12.453719 21.392086 23.199026
vn -0.023828 -2.519227 -0.025244
v 12.454180 21.426039 23.197210
vn 0.169206 0.491912 0.131694
v 17.393030 22.132046 22.994543
vn -2.119141 1.381994 -0.381452
v 16.596140 21.850914 22.090534
vn 0.176580 0.000470 -2.956355
v 13.363017 23.399950 0.680210
vn 0.263354 3.061651 -0.863546
v 13.571271 23.412201 0.692879
vn 1.193505 1.239525 -0.472966
v 13.935294 23.271561 0.711413
vn -0.066737 0.060386 -3.061118
v 8.291179 21.776842 0.562114
vn -0.084104 0.085300 -3.237400
v 8.079830 21.882055 0.569796
vn 0.783881 1.477331 -0.508133
v 7.872752 21.991991 0.578655
vn -0.039755 0.181289 -3.260528
v 7.680101 22.125622 0.588329
vn -0.034948 0.169202 -3.012489
v 7.669989 22.112047 0.587688
vn -0.001800 0.235548 -3.238062
v 7.339041 22.431221 0.610479
vn -0.001877 0.220401 -3.028509
v 7.326827 22.419455 0.609626
vn -0.031667 0.221020 -3.227059
v 7.189495 22.596573 0.622897
vn 0.090802 -0.688571 -0.011916
v 3.274111 21.659584 22.568407
vn -0.127053 -0.017787 -0.189662
v 7.716132 21.224081 22.984268
vn -1.983937 -0.230640 -2.343645
v 7.483122 21.231630 23.157730
vn 0.107953 -0.766336 -0.076747
v 12.215429 21.413237 22.989212
vn 1.910565 -0.152277 -2.382224
v 12.454180 21.426039 23.197210
vn 0.602939 -0.503503 0.192740
v 17.373974 21.923750 23.076342
vn 0.711797 2.381413 0.611620
v 17.482786 22.068893 23.115114
vn -0.586322 0.233344 -0.026324
v 16.550449 21.734146 21.921320
vn 0.483689 0.387171 -0.189135
v 16.519632 21.638918 21.635792
vn 1.839847 1.475522 -0.768889
v 16.479033 21.591816 21.448254
vn 0.201538 0.069084 -3.392203
v 13.569551 23.395823 0.692435
vn 0.292299 0.237884 -0.115071
v 14.077181 23.129858 0.717515
vn 0.171423 0.061322 -2.879286
v 13.571271 23.412201 0.692879
vn 0.229388 0.119761 -3.474396
v 13.759493 23.357866 0.702892
vn 0.134530 0.002577 -2.892643
v 13.935294 23.271561 0.711413
vn 0.162582 0.008049 -3.384531
v 13.925791 23.258202 0.710940
vn 0.182763 0.094722 -2.793246
v 13.765226 23.373253 0.703807
vn -0.078662 0.080901 -3.041510
v 8.072496 21.866770 0.569582
vn -0.082386 0.111009 -3.256999
v 7.872752 21.991991 0.578655
vn -0.074986 0.104781 -3.020584
v 7.863976 21.977489 0.578380
vn -0.030578 0.207631 -3.040990
v 7.176562 22.585550 0.622273
vn 0.180861 0.166550 -0.070981
v 6.682473 23.274643 0.675074
vn -1.369779 -0.229460 -2.574189
v 7.972157 21.262186 22.828402
vn -1.467361 -0.245326 -2.750338
v 7.973597 21.228281 22.830658
vn 0.949870 -0.071195 -1.344988
v 12.220215 21.375710 23.033789
vn 1.213770 -2.293427 -1.491293
v 12.219061 21.409542 23.031216
vn 1.664208 -1.582715 0.466764
v 17.482786 22.068893 23.115114
vn 0.181423 1.693975 0.356595
v 17.458996 22.129120 22.841114
vn -2.368637 0.702353 0.021401
v 16.552719 21.745220 21.809128
vn -0.635111 0.184297 -0.033050
v 16.519632 21.638918 21.635792
vn 2.221053 1.237527 -0.825513
v 14.196400 22.978401 0.761697
vn 0.051150 -0.079962 -2.956712
v 14.077181 23.129858 0.717515
vn 0.059871 -0.087845 -3.322368
v 14.064590 23.119007 0.717592
vn -0.064438 0.187394 -3.023267
v 6.682473 23.274643 0.675074
vn 1.252596 -1.862828 -0.078808
v 3.210700 21.621750 22.454838
vn -0.091548 -0.017626 -0.200597
v 8.247572 21.238165 22.700035
vn 0.988471 -1.151377 0.205808
v 17.416113 21.977272 22.922770
vn 0.286943 1.877436 0.436560
v 17.610178 22.121773 22.799099
vn 0.456748 0.410765 -0.193923
v 16.506714 21.512365 21.362022
vn -2.394223 0.686475 -0.204357
v 16.528063 21.636639 21.529360
vn 1.610493 1.768707 -0.705701
v 16.460157 21.480457 21.175802
vn 2.647508 1.470751 -0.983143
v 14.186554 22.970879 0.723930
vn 0.065829 -0.085497 -3.307837
v 14.172011 22.962458 0.723857
vn 0.912428 0.891740 -0.419629
v 6.555072 23.428621 0.725271
vn -0.071078 0.199673 -3.246196
v 6.669706 23.263470 0.674655
vn -0.121454 0.138081 -3.028835
v 6.545221 23.420767 0.687161
vn 0.514919 -0.709928 -0.080809
v 3.259943 21.663017 22.262068
vn -1.528470 -1.712856 0.051496
v 3.313171 21.618774 22.370340
vn -0.570669 -0.115821 -1.300023
v 8.527806 21.281437 22.573166
vn 0.822492 -0.078274 -1.327508
v 11.762703 21.330032 22.753019
vn 1.447149 -1.983936 0.186638
v 17.610178 22.121773 22.799099
vn 0.220057 1.123382 0.284506
v 17.519239 22.167271 22.689787
vn -0.656194 0.095472 0.001603
v 16.506714 21.512365 21.362022
vn 1.230763 0.350315 -0.375900
v 14.276431 22.804058 0.768009
vn 1.656825 0.501157 -0.514045
v 14.266378 22.798676 0.730078
vn 0.060498 -0.076294 -2.971540
v 14.186554 22.970879 0.723930
vn 0.691590 1.089614 -0.360280
v 6.239034 23.665110 0.748216
vn 0.813636 0.986671 -0.431592
v 6.404138 23.558819 0.736795
vn -0.132721 0.145551 -3.242075
v 6.533603 23.408464 0.687078
vn 1.208446 1.209218 -0.564213
v 6.545221 23.420767 0.687161
vn 1.374772 -1.803582 -0.295365
v 3.206004 21.640160 22.150581
vn -0.587535 -0.622374 -0.013982
v 3.259943 21.663017 22.262068
vn -0.691204 -0.140869 -1.565225
v 8.528726 21.247597 22.575777
vn 0.862225 -0.084162 -1.401476
v 11.764469 21.296251 22.756105
vn 0.443212 -0.649391 0.041100
v 17.466793 22.021896 22.767244
vn 0.498096 1.299349 0.376038
v 17.666969 22.150593 22.641376
vn 0.433831 0.473436 -0.199248
v 16.487558 21.419964 21.086720
vn 1.581819 1.708448 -0.780451
v 16.450106 21.372658 20.907257
vn 0.097004 -0.061273 -2.990869
v 14.266378 22.798676 0.730078
vn 0.106209 -0.067616 -3.287889
v 14.250726 22.792311 0.729697
vn 0.082008 -0.072450 -3.191136
v 14.303369 22.612328 0.735074
vn -0.145447 0.100866 -3.008935
v 6.394758 23.549921 0.698770
vn 0.572772 -0.637633 -0.061194
v 3.251486 21.704855 21.967230
vn -1.653059 -1.601219 -0.179800
v 3.298663 21.644253 22.073185
vn -1.197472 -0.269203 -2.636183
v 8.805869 21.284233 22.438675
vn -1.294559 -0.291232 -2.852549
v 8.807727 21.250439 22.441282
vn 1.377599 -0.193247 -2.648352
v 11.541924 21.292820 22.630238
vn -2.517898 0.239611 0.084337
v 16.503273 21.526449 21.253359
vn -2.870805 1.303936 -0.562503
v 16.487558 21.419964 21.086720
vn 2.555627 0.750487 -1.048363
v 14.420099 22.256172 0.782774
vn 0.285997 0.075720 -0.096378
v 14.319619 22.617308 0.735375
vn 0.076361 -0.070509 -3.086837
v 14.319619 22.617308 0.735375
vn 1.063595 1.327218 -0.563203
v 6.394758 23.549921 0.698770
vn 0.438071 1.206082 -0.288651
v 6.060661 23.730478 0.757641
vn -0.157470 0.110145 -3.262416
v 6.385030 23.536261 0.698789
vn -0.536820 -0.619252 -0.051259
v 3.251486 21.704855 21.967230
vn -0.080524 -0.023522 -0.247275
v 9.069384 21.252729 22.329191
vn 1.388411 -0.195648 -2.679985
v 11.542475 21.258951 22.632996
vn 0.337975 0.418268 0.155302
v 17.635361 22.268007 22.393936
vn 0.382173 0.511796 -0.205582
v 16.486607 21.300814 20.823967
vn -0.544930 -0.033983 0.017530
v 16.486607 21.300814 20.823967
vn 1.037246 2.089147 -0.678307
v 16.440369 21.264809 20.642368
vn -0.073691 -0.108081 -3.003071
v 14.390830 22.243933 0.746036
vn 0.895151 1.490847 -0.475757
v 6.232349 23.656713 0.709988
vn -0.287078 2.534317 -0.654300
v 5.869939 23.737898 0.763163
vn -0.097099 0.150244 -2.914178
v 6.232349 23.656713 0.709988
vn 1.585383 -1.602193 -0.080918
v 3.204143 21.663702 21.854502
vn -0.394298 -0.136363 -1.659435
v 9.298506 21.260509 22.272120
vn -0.346174 -0.127786 -1.407199
v 9.295797 21.294321 22.269716
vn 0.099703 -0.017757 -0.234268
v 11.307319 21.252077 22.522194
vn 1.697710 1.880840 0.723517
v 17.716721 22.168396 22.485155
vn 1.066133 0.718365 -0.549732
v 14.486186 22.086674 0.787213
vn 2.751681 0.823250 -1.131371
v 14.406642 22.249821 0.745423
vn -0.084475 -0.118091 -3.272963
v 14.406642 22.249821 0.745423
vn 0.544461 1.685181 -0.406676
v 6.057693 23.722366 0.719242
vn -0.109498 0.176533 -3.357226
v 6.225503 23.641615 0.709426
vn 0.631430 -0.672937 -0.080916
v 3.250481 21.718609 21.675209
vn -1.258588 -1.923817 -0.086279
v 3.302527 21.679775 21.781898
vn -0.450058 -0.013263 -2.771523
v 9.510655 21.302065 22.237471
vn 0.572641 -1.054136 0.076438
v 17.684534 22.159220 22.588934
vn 1.194208 0.906556 0.401905
v 17.695810 22.301687 22.246632
vn 0.322517 0.627225 -0.215905
v 16.480812 21.217398 20.558189
vn 1.093107 2.004970 -0.758767
v 16.452412 21.166189 20.381960
vn 0.689352 1.139180 -0.465602
v 14.718181 21.813255 0.793967
vn 1.349884 0.853093 -0.678788
v 14.472498 22.078619 0.750141
vn -0.111183 -0.132548 -2.902649
v 14.457845 22.070553 0.751079
vn -0.075006 0.196937 -2.804433
v 6.057693 23.722366 0.719242
vn -0.341015 3.073524 -0.793410
v 5.870479 23.728094 0.724952
vn 1.469755 -1.617820 -0.260304
v 3.197415 21.688139 21.564957
vn -0.464014 -0.743848 -0.061684
v 3.250481 21.718609 21.675209
vn -0.093626 -0.104402 -1.387267
v 9.728287 21.304108 22.199627
vn -0.134087 -0.120809 -1.757782
v 9.729395 21.270214 22.202103
vn 0.899195 -0.207736 -2.725342
v 11.056314 21.292915 22.424252
vn 0.987840 -0.227890 -2.988990
v 11.055136 21.258993 22.426449
vn 0.695627 -1.641940 0.132063
v 17.604897 22.102667 22.305290
vn 1.796438 1.156739 0.580562
v 17.813053 22.180164 22.172373
vn -2.367177 -0.303197 0.146774
v 16.477812 21.319906 20.721560
vn -0.724891 -0.099140 -0.001549
v 16.480812 21.217398 20.558189
vn 0.908181 0.961550 -0.516307
v 14.587360 21.937241 0.791163
vn 1.129293 1.131285 -0.633169
v 14.575880 21.928099 0.753944
vn -0.129138 -0.153164 -3.370087
v 14.472498 22.078619 0.750141
vn -0.091924 0.242454 -3.462721
v 6.054565 23.706238 0.718183
vn -0.088233 0.118979 -2.866266
v 5.870479 23.728094 0.724952
vn -0.139399 0.364541 -0.099506
v 5.685301 23.682627 0.728619
vn 0.661371 -0.698770 -0.040452
v 3.245681 21.760038 21.390621
vn -1.118152 -1.922541 -0.261015
v 3.305430 21.711075 21.495308
vn 0.006870 -0.020084 -0.270823
v 9.961804 21.269136 22.186499
vn 0.380252 -0.114553 -1.637638
v 10.782051 21.263058 22.348503
vn 0.950674 -2.258011 0.271544
v 17.813053 22.180164 22.172373
vn 0.797214 0.445592 0.249778
v 17.759605 22.318626 22.095953
vn 0.263143 0.616106 -0.211460
v 16.505957 21.106926 20.302502
vn -2.412551 -0.341406 -0.089750
v 16.483593 21.223564 20.459978
vn 0.879901 1.371408 -0.579419
v 14.709714 21.803064 0.756497
vn -0.059158 -0.122701 -3.356443
v 14.575880 21.928099 0.753944
vn -0.054884 -0.109305 -2.922843
v 14.563204 21.917397 0.754571
vn -0.104816 0.135807 -3.409665
v 5.871750 23.711834 0.724253
vn -0.072330 0.035180 -2.900471
v 5.685301 23.682627 0.728619
vn -0.604072 1.146370 -0.329079
v 5.511733 23.603008 0.769870
vn -0.412539 -0.801078 -0.074900
v 3.245681 21.760038 21.390621
vn 0.336688 -0.102648 -1.474867
v 10.782667 21.296976 22.346283
vn 0.188592 -0.105801 -1.450903
v 10.222652 21.301453 22.218048
vn 0.211895 -0.115507 -1.586622
v 10.222971 21.267546 22.220562
vn 0.327256 -0.779375 0.106981
v 17.652561 22.109880 22.151289
vn 1.395872 0.612583 0.434744
v 17.862658 22.179396 22.015419
vn -0.616537 -0.292712 0.045011
v 16.505957 21.106926 20.302502
vn 0.529597 2.293757 -0.653016
v 16.473127 21.064693 20.127531
vn 0.614159 1.521261 -0.579758
v 14.866936 21.708324 0.757475
vn 0.466658 1.235489 -0.466445
v 14.873231 21.720104 0.794975
vn -0.002140 -0.049196 -2.932007
v 14.699515 21.789867 0.756712
vn -0.084527 0.039794 -3.379039
v 5.691041 23.667295 0.728304
vn -0.097179 0.086943 -2.871188
v 5.516744 23.594702 0.731737
vn -0.860042 1.520089 -0.437309
v 5.516744 23.594702 0.731737
vn 1.493787 -1.540239 0.008380
v 3.196526 21.711775 21.282101
vn 0.112937 0.723473 -0.190776
v 16.522169 21.029842 20.044888
vn -0.000427 -0.054226 -3.350323
v 14.709714 21.803064 0.756497
vn -0.010294 -0.040351 -2.959895
v 14.859407 21.693365 0.757705
vn -0.011724 -0.045473 -3.322493
v 14.866936 21.708324 0.757475
vn -0.117283 0.106872 -3.406251
v 5.526413 23.581518 0.731000
vn -0.879631 0.945733 -0.277616
v 5.373117 23.472637 0.770992
vn 0.698036 -0.775331 -0.042001
v 3.253966 21.766542 21.109215
vn -0.852649 -2.012403 -0.071615
v 3.314137 21.737337 21.213488
vn 0.558739 0.151341 0.172562
v 17.890022 22.332520 21.792524
vn -1.988781 -1.331147 0.273153
v 16.485022 21.117395 20.201096
vn 0.115485 2.311682 -0.540678
v 16.524244 20.990175 19.875734
vn -0.625879 -0.359172 -0.056120
v 16.522169 21.029842 20.044888
vn -0.018803 -0.045980 -2.980944
v 15.035283 21.626829 0.757758
vn 0.357577 1.598473 -0.587362
v 15.040103 21.642918 0.757478
vn 0.262195 1.290815 -0.472573
v 15.044506 21.655750 0.794971
vn -0.140612 0.129383 -2.817668
v 5.379852 23.467674 0.732745
vn -1.250632 1.254471 -0.393059
v 5.379852 23.467674 0.732745
vn 1.357798 -1.577895 -0.139308
v 3.198357 21.727957 21.004248
vn -0.382454 -0.917583 -0.061769
v 3.253966 21.766542 21.109215
vn 0.338832 -0.908869 0.115796
v 17.888435 22.179075 21.933844
vn 2.375157 0.568886 0.722958
v 17.911251 22.178135 21.859186
vn -0.029204 0.735431 -0.159367
v 16.607632 20.966877 19.793934
vn -2.108138 -1.103850 -0.440973
v 16.533236 21.048656 19.944885
vn -0.020490 -0.049579 -3.301214
v 15.040103 21.642918 0.757478
vn -0.171811 0.158939 -3.452644
v 5.392655 23.457291 0.731618
vn -1.121808 0.627116 -0.343472
v 5.279879 23.308201 0.768097
vn 0.024848 -0.888846 -0.092812
v 3.259301 21.795443 20.833862
vn -0.786739 -1.933406 -0.218173
v 3.327311 21.756422 20.934412
vn 0.585502 -1.876218 0.215186
v 17.842808 22.118374 21.528736
vn 1.841230 0.273913 0.536668
v 17.952156 22.335485 21.638536
vn -0.688431 -0.259448 -0.148373
v 16.607632 20.966877 19.793934
vn 0.069513 1.317807 -0.434092
v 15.223993 21.618164 0.794750
vn -0.016374 0.007013 -2.994707
v 15.219528 21.589197 0.757082
vn 0.117101 1.658498 -0.553545
v 15.221772 21.605885 0.757118
vn -0.083031 0.094930 -2.947079
v 5.289676 23.304901 0.730074
vn -1.536795 0.817746 -0.480246
v 5.289676 23.304901 0.730074
vn -2.015095 0.577491 0.607354
v 2.851377 21.765394 21.073944
vn 0.629425 -1.924226 0.335450
v 18.046938 22.167223 21.399233
vn 1.227488 0.149074 0.410515
v 18.046938 22.167223 21.399233
vn -0.407525 2.304060 -0.438695
v 16.600348 20.932659 19.620985
vn -0.017505 0.009679 -3.286892
v 15.221772 21.605885 0.757118
vn -0.090811 0.107494 -3.381848
v 5.304544 23.297394 0.729427
vn -2.546746 0.738347 -0.906174
v 5.217881 23.125633 0.763132
vn -0.948296 -0.718154 0.354752
v 2.819142 21.959160 21.074652
vn 0.537609 -3.078592 0.865645
v 17.912106 22.102160 21.304623
vn -0.143405 0.750476 -0.179593
v 16.676573 20.929140 19.531694
vn -2.179699 -0.672843 -0.476203
v 16.619223 21.005363 19.686501
vn -0.111229 1.281557 -0.413745
v 15.406566 21.607643 0.793017
vn -0.119478 1.699409 -0.549964
v 15.407090 21.595554 0.755431
vn -0.039587 0.017262 -3.004436
v 15.407701 21.578903 0.755326
vn -0.070697 0.100572 -3.060092
v 5.230530 23.122959 0.725404
vn -2.877283 0.838107 -1.024063
v 5.230530 23.122959 0.725404
vn -1.482123 -1.076045 0.541831
v 2.814192 21.957928 21.058926
vn -0.170373 0.277662 0.042135
v 2.705077 21.649197 21.007576
vn -0.566719 -0.907473 0.514754
v 2.666864 22.148472 21.041285
vn 0.414859 -1.181405 0.307158
v 18.104181 22.154615 21.246954
vn 2.011059 0.333625 1.242260
v 18.103487 22.326614 21.201885
vn -0.465865 2.198671 -0.683498
v 16.674952 20.876671 19.364017
vn -0.775934 -0.206342 -0.195135
v 16.676573 20.929140 19.531694
vn -0.042732 0.014489 -3.276501
v 15.407090 21.595554 0.755431
vn 0.066777 0.064913 -3.234449
v 5.142449 22.755520 0.715369
vn -0.284525 0.090193 -0.099872
v 5.142449 22.755520 0.715369
vn -1.229664 0.432364 -0.430415
v 5.069911 22.582012 0.748311
vn -0.951185 -1.481405 0.837569
v 2.661712 22.142929 21.025841
vn -2.990643 0.984280 0.924867
v 2.847424 21.768330 21.058037
vn 0.551758 -2.934819 0.985910
v 17.937529 22.086460 21.243660
vn 1.699815 0.178326 0.654381
v 18.104181 22.154615 21.246954
vn -0.237701 0.720318 -0.222636
v 16.761253 20.867085 19.274359
vn -2.177613 -0.523899 -0.590241
v 16.698204 20.960667 19.423906
vn -0.400858 1.167365 -0.493204
v 15.587077 21.624481 0.788483
vn -0.497422 1.597518 -0.655079
v 15.591188 21.610249 0.751456
vn -0.051648 -0.134435 -2.901755
v 15.595423 21.594374 0.752142
vn 0.064460 0.061529 -3.070782
v 5.158582 22.750263 0.715610
vn 0.025463 0.087129 -3.266575
v 5.081892 22.578449 0.710503
vn -1.186193 0.594385 -0.415599
v 4.989916 22.417774 0.743223
vn -0.122979 0.124689 2.613279
v 2.814192 21.957928 21.058926
vn -0.014622 0.024673 0.142109
v 2.661712 22.142929 21.025841
vn -0.178362 0.219449 3.483771
v 2.797757 21.953476 21.058365
vn -0.149971 -0.226472 1.036336
v 2.847424 21.768330 21.058037
vn -0.309788 -0.474746 1.994716
v 2.830117 21.773468 21.056572
vn -0.340519 -0.212791 1.169224
v 2.705077 21.649197 21.007576
vn -1.407152 2.161981 0.137891
v 2.483010 21.534941 20.986691
vn -2.003774 -1.653051 1.795145
v 2.242594 22.361883 20.923250
vn -0.067311 -0.095834 0.070199
v 2.446307 22.248266 20.974392
vn -0.075801 -0.544603 0.102545
v 17.704447 22.086954 21.190113
vn -0.022387 0.040943 0.176912
v 18.104181 22.154615 21.246954
vn -0.542666 0.354654 3.479637
v 17.937529 22.086460 21.243660
vn -0.588965 -1.318864 3.583556
v 17.943287 22.069229 21.246307
vn 0.765702 0.707278 2.147033
v 18.114649 22.325939 21.186783
vn -1.014879 1.981277 -0.606907
v 16.735184 20.802496 19.107098
vn -0.803464 -0.215235 -0.125940
v 16.761253 20.867085 19.274359
vn -0.819026 0.969892 -0.584928
v 15.751997 21.681061 0.781503
vn -0.058966 -0.166595 -3.373726
v 15.591188 21.610249 0.751456
vn 0.002615 -0.266968 -2.770333
v 15.767429 21.651020 0.746354
vn 0.021995 0.081136 -3.013700
v 5.097373 22.571686 0.710436
vn 0.018259 0.104634 -3.303202
v 5.000465 22.412357 0.705367
vn -1.577683 0.581830 -0.552292
v 5.081892 22.578449 0.710503
vn -1.223950 0.588252 2.422528
v 2.690921 21.661428 21.005489
vn -1.788390 2.621183 0.154118
v 2.492770 21.545219 20.925142
vn -0.978276 0.508548 0.199904
v 2.317212 21.379574 20.888409
vn -1.268296 0.018160 0.706165
v 2.109285 22.544447 20.847000
vn -0.242116 0.400442 1.812583
v 2.446307 22.248266 20.974392
vn -0.163027 0.265403 1.225946
v 2.433157 22.232807 20.975990
vn -0.923900 0.876123 0.487115
v 17.503759 22.695169 20.741995
vn -0.276652 -1.224953 0.172106
v 17.469463 22.135633 21.158857
vn -1.024983 0.292292 3.116335
v 17.704447 22.086954 21.190113
vn -0.888423 0.265990 2.812142
v 17.704510 22.067518 21.191980
vn -0.281932 0.522215 1.437847
v 18.129459 22.325066 21.190004
vn -1.252114 0.820843 0.534650
v 16.892843 22.110802 20.037214
vn -1.905371 2.294454 0.211958
v 16.744917 22.009777 19.899109
vn -0.954938 1.245718 -0.716312
v 15.759390 21.665257 0.744946
vn 0.004160 -0.342007 -3.485326
v 15.759390 21.665257 0.744946
vn 0.018466 0.092799 -2.976280
v 5.014647 22.403440 0.705161
vn -1.476977 0.777651 -0.531523
v 5.000465 22.412357 0.705367
vn -1.078205 0.786937 -0.469992
v 4.883491 22.271044 0.737107
vn -0.255782 1.238397 0.636782
v 2.241544 23.088623 20.521603
vn -1.115549 -0.243757 -0.210782
v 2.792761 21.951950 21.047300
vn -0.697335 0.863831 -0.143795
v 2.825517 21.776142 21.045238
vn -1.105246 -0.512582 3.119669
v 2.492770 21.545219 20.925142
vn -1.698243 0.985225 0.322418
v 2.316125 21.401093 20.828346
vn -1.466688 -0.005954 0.823628
v 2.101078 22.537251 20.832445
vn -1.913906 -1.390449 1.603920
v 2.236563 22.353268 20.908585
vn -0.169559 0.378015 1.143591
v 2.222795 22.339741 20.911015
vn -2.200268 1.120960 0.595657
v 17.238029 22.455725 20.504314
vn -1.360358 0.595154 0.604440
v 17.028519 22.222202 20.176975
vn -0.336255 0.206672 0.113313
v 17.354856 22.623735 20.588055
vn 0.105956 -2.385888 0.160858
v 17.284964 22.139885 21.042336
vn -0.375517 -1.843276 0.219438
v 17.494743 22.121588 21.099529
vn -1.480890 0.148011 2.821826
v 17.494181 22.101330 21.100271
vn -0.341798 -1.559481 0.238090
v 17.704510 22.067518 21.191980
vn 0.388723 -2.151336 0.757275
v 17.949730 22.062475 21.236864
vn -0.664703 1.878654 -0.819335
v 16.782238 20.728258 18.844078
vn 0.500073 -0.209098 -0.036786
v 16.086044 20.606857 17.079079
vn -0.340710 0.769033 -0.279176
v 16.803198 20.806541 19.006569
vn -2.170387 -0.614662 -0.200989
v 16.761950 20.902287 19.159178
vn -1.264822 0.927371 -0.669335
v 15.897006 21.775860 0.735649
vn -1.095557 0.745010 -0.555867
v 15.887795 21.789761 0.772434
vn 0.022753 -0.257952 -2.862381
v 15.908498 21.764250 0.736785
vn 0.108080 0.050255 -3.356638
v 4.893571 22.262398 0.699506
vn -0.699857 1.067477 0.633952
v 2.120113 22.939709 20.646067
vn 1.313708 0.481721 0.370363
v 2.834633 23.098431 19.945787
vn 1.912579 2.175754 1.024610
v 2.706901 23.189747 20.097321
vn -0.021795 1.384812 0.353727
v 2.581967 23.218777 20.287205
vn 1.450595 0.175569 0.324822
v 2.924108 22.965000 19.793457
vn -0.962318 1.349765 0.794901
v 2.688336 21.666367 20.993973
vn -0.966820 -0.464528 2.714659
v 2.481192 21.560196 20.923483
vn -0.827839 -1.169283 3.109101
v 2.316125 21.401093 20.828346
vn -0.504118 0.071887 0.154220
v 2.203954 21.228331 20.718912
vn 0.209562 0.729997 1.599361
v 2.053602 22.749664 20.741714
vn -0.259033 0.602588 1.808158
v 2.236563 22.353268 20.908585
vn -0.900176 -0.076691 1.355050
v 17.682953 22.726046 20.859749
vn -2.947309 0.076151 3.275021
v 17.507235 22.706947 20.727404
vn 0.659618 -0.754634 0.057085
v 17.135721 22.065792 20.909586
vn -1.451294 0.125239 2.688226
v 17.494743 22.121588 21.099529
vn -0.289576 -1.709077 0.181133
v 17.494181 22.101330 21.100271
vn -0.230823 -2.432883 -0.437512
v 17.733131 22.051100 21.119707
vn 1.580951 -1.709738 0.351971
v 18.125347 22.139463 21.240658
vn 0.382076 1.126042 0.932540
v 18.031872 22.530815 21.092281
vn 0.675263 -0.205022 0.589430
v 16.222258 20.849480 16.839996
vn 0.742875 -0.548672 0.596271
v 16.118021 20.786627 16.964863
vn -0.865414 -0.111554 -0.169454
v 16.803198 20.806541 19.006569
vn -1.298930 0.582462 0.576019
v 17.027824 22.234711 20.163094
vn -1.205759 0.817119 0.499511
v 16.894564 22.122589 20.023148
vn -0.830243 -0.622055 1.334895
v 16.608547 21.910631 19.746487
vn -2.903023 -0.091741 0.939888
v 16.436489 21.602348 19.479013
vn 0.026103 -0.304740 -3.397048
v 15.897006 21.775860 0.735649
vn -1.225071 0.508523 -0.500390
v 15.992801 21.934467 0.761033
vn -1.287013 0.995037 -0.582786
v 4.893571 22.262398 0.699506
vn 0.097902 0.040035 -2.923349
v 4.905587 22.250956 0.699736
vn -0.335799 1.496466 0.774220
v 2.228873 23.092945 20.508108
vn -0.019667 0.370274 0.113349
v 2.381556 23.193466 20.373947
vn 2.843351 -0.347921 0.841643
v 3.000826 22.458504 19.341837
vn 2.863283 -0.400084 0.957225
v 2.972054 21.089222 19.565392
vn -1.467056 -0.309473 -1.953511
v 2.806414 21.955021 20.971491
vn -1.404114 1.173505 -0.282836
v 2.845007 21.779406 20.970329
vn -0.361723 0.586360 -0.097601
v 2.712653 21.664110 20.919554
vn -1.024949 0.871697 0.611036
v 2.481192 21.560196 20.923483
vn -0.698980 -0.975344 2.591045
v 2.301963 21.412605 20.828859
vn -1.562889 -0.796651 2.866141
v 2.186183 21.232933 20.721437
vn -0.060637 -1.889041 3.016150
v 2.203954 21.228331 20.718912
vn -0.013583 0.673798 1.664960
v 2.101078 22.537251 20.832445
vn -0.811215 1.346364 2.095098
v 2.035497 22.750389 20.744581
vn -0.019956 0.502000 1.248530
v 2.084641 22.529860 20.835154
vn -2.700592 1.358516 0.718283
v 17.244154 22.498457 20.446522
vn -0.339609 0.156540 0.095981
v 17.145126 22.359365 20.304356
vn -1.204938 -1.413396 2.187320
v 17.342424 22.638325 20.590704
vn -1.429844 -1.689384 2.594296
v 17.354856 22.623735 20.588055
vn -0.788583 0.201291 1.413968
v 17.863731 22.658985 20.980261
vn 1.441966 0.521777 0.332882
v 17.078905 21.351366 20.146841
vn 1.252122 -0.505090 -0.083888
v 16.958590 21.778498 20.624863
vn 1.297144 -1.669525 0.146088
v 17.157059 22.079973 20.850491
vn 0.301111 -3.211288 0.286529
v 17.311304 22.137035 20.982714
vn -2.065439 -0.386108 2.783508
v 17.314230 22.118053 20.982153
vn 0.001226 -2.442144 -0.488828
v 17.525866 22.089155 21.027159
vn 1.178372 -2.081812 -2.341023
v 17.976643 22.065109 21.162748
vn 0.507314 -1.136603 0.074679
v 18.150810 22.147537 21.165506
vn 3.049542 0.218184 -0.353988
v 18.163181 22.330887 21.115545
vn 1.081590 2.001778 1.099776
v 18.040619 22.535208 21.082363
vn 0.387690 -0.538606 0.140129
v 16.333132 20.805506 16.697681
vn -0.467339 0.514534 -0.301509
v 16.869541 20.722961 18.761106
vn 2.023093 -1.103809 0.556326
v 16.088789 20.649334 16.874949
vn -2.218688 -0.079362 -0.572638
v 16.827232 20.830851 18.910080
vn -0.004119 -0.234303 -2.929563
v 16.017689 21.915049 0.724536
vn -1.469642 0.654698 -0.616961
v 16.003500 21.923676 0.723873
vn -0.860700 0.981143 -0.513156
v 4.750507 22.153046 0.730384
vn 0.172694 -0.033252 -3.420055
v 4.759767 22.141623 0.693012
vn -0.543264 1.163705 -0.467792
v 4.590836 22.075005 0.723475
vn 0.498332 2.453123 3.629962
v 2.107876 22.939953 20.632147
vn 1.521791 0.588402 0.432425
v 2.833605 23.111074 19.932989
vn 0.021500 1.421238 0.379909
v 2.545885 23.232342 20.231876
vn 1.589650 0.210351 0.360198
v 2.925448 22.977808 19.780550
vn 0.115061 0.003585 0.027413
v 2.979051 22.816776 19.628208
vn -1.251771 -0.179184 0.479254
v 2.211505 21.007139 20.655935
vn 0.397485 -0.508789 -3.336191
v 2.650701 22.124186 20.938915
vn -2.226317 3.162379 0.270496
v 2.479605 21.566256 20.912209
vn -1.403884 2.825089 -0.544394
v 2.503200 21.563732 20.838264
vn -0.299121 0.134356 0.130294
v 2.301963 21.412605 20.828859
vn 0.351347 -1.048883 1.490798
v 2.185075 21.038448 20.598608
vn 0.034329 -0.926850 0.263323
v 3.577139 19.667732 17.079298
vn 0.131614 -1.145680 -0.178069
v 3.631160 19.669195 16.707504
vn -1.026547 -1.802415 2.463877
v 17.244154 22.498457 20.446522
vn -0.965358 -1.717073 2.337517
v 17.228331 22.510723 20.448986
vn -0.923168 -1.730937 2.318319
v 17.145126 22.359365 20.304356
vn -0.835508 -0.091378 1.256274
v 17.685001 22.744501 20.862154
vn -1.516673 -0.834577 2.240263
v 17.501429 22.724209 20.729904
vn 2.435375 -0.053852 0.225125
v 16.946510 21.612379 20.480537
vn 0.459325 -0.309952 -0.004930
v 17.040524 21.967480 20.709957
vn -1.636129 -0.344518 2.218315
v 17.311304 22.137035 20.982714
vn 0.270796 -1.594102 0.159560
v 17.314230 22.118053 20.982153
vn 0.294987 -1.594213 -0.886924
v 17.530548 22.096075 21.016361
vn 0.565380 -1.655177 -1.986200
v 17.737095 22.056702 21.108555
vn 1.901516 0.040309 0.618769
v 18.150810 22.147537 21.165506
vn -0.046702 1.267284 0.832570
v 17.872759 22.675331 20.982969
vn -0.736390 0.172904 1.307651
v 17.872759 22.675331 20.982969
vn 1.786396 -0.792647 1.518915
v 16.232897 20.759026 16.796345
vn 2.437884 1.792176 -0.414930
v 16.103491 20.477762 17.033440
vn 2.277253 -0.431056 -2.451447
v 16.045748 20.545351 16.880903
vn 0.905871 0.929018 -0.422667
v 16.200359 20.461830 17.473333
vn -0.992940 -1.845013 2.477622
v 17.128609 22.370758 20.306297
vn -1.176172 -1.561939 2.341496
v 17.027824 22.234711 20.163094
vn -2.579548 -0.597971 2.652298
v 17.012709 22.247786 20.164143
vn -0.054798 -0.063076 0.103753
v 16.894564 22.122589 20.023148
vn -0.655209 -0.569494 1.113673
v 16.594822 21.925135 19.745829
vn -0.090282 -0.048466 0.097534
v 16.498747 21.771538 19.606016
vn -1.308889 -0.380500 0.059216
v 16.474665 21.248055 19.243969
vn -0.365549 -0.093864 0.032121
v 16.420996 21.445484 19.326294
vn -0.004198 -0.266628 -3.332795
v 16.003500 21.923676 0.723873
vn -1.566267 0.405437 -0.637559
v 16.078371 22.090321 0.709925
vn -1.018411 1.247969 -0.630192
v 4.759767 22.141623 0.693012
vn 0.145291 -0.028875 -2.855885
v 4.768956 22.127810 0.693624
vn 2.130283 0.404888 2.647528
v 2.381556 23.193466 20.373947
vn 2.008230 1.646115 2.845589
v 2.375247 23.211830 20.376215
vn 0.970386 0.390770 1.432321
v 2.228873 23.092945 20.508108
vn 0.653475 0.482577 1.238137
v 2.217730 23.107859 20.511440
vn 1.923354 2.092368 0.952908
v 2.701828 23.200399 20.084171
vn 2.279469 -0.104017 2.610450
v 2.545885 23.232342 20.231876
vn 0.788003 -1.076678 0.204662
v 2.820676 20.856148 19.915165
vn 1.496277 1.702247 2.343397
v 2.894139 20.937624 19.708033
vn 1.049740 -2.641918 1.231827
v 2.510136 20.741728 20.186749
vn -1.807377 -1.600836 0.505008
v 2.275192 20.851896 20.523174
vn -1.621462 -0.355687 0.618058
v 2.185075 21.038448 20.598608
vn 0.308112 -0.423255 -1.643859
v 2.431686 22.220133 20.888504
vn 0.516371 0.511220 -4.121829
v 2.845007 21.779406 20.970329
vn 0.053178 0.010570 -1.546213
v 2.821726 21.959986 20.971989
vn 0.759621 0.421299 -2.732786
v 2.726732 21.651598 20.921602
vn 0.927789 0.515522 -3.228577
v 2.712653 21.664110 20.919554
vn 0.966594 0.437378 -2.808382
v 2.503200 21.563732 20.838264
vn -0.178647 0.281216 -0.061180
v 2.310500 21.432871 20.745594
vn -3.191383 1.876928 -0.269159
v 2.171012 21.267973 20.651325
vn -0.798268 -1.694186 1.822538
v 2.166814 21.035448 20.601011
vn 1.057380 1.015514 2.383959
v 2.092167 22.948551 20.635452
vn -2.401931 0.509374 1.109628
v 2.026056 22.748096 20.734957
vn -0.330823 -0.631138 -1.293467
v 2.072239 22.508118 20.748621
vn 0.287338 -2.110870 0.050102
v 3.609819 19.658560 16.891064
vn -0.114433 -0.850328 -0.187679
v 3.688627 19.707432 16.355484
vn -0.233688 0.278734 0.123623
v 17.501429 22.724209 20.729904
vn -1.081779 2.245361 0.015998
v 17.357018 22.680719 20.519150
vn -1.426931 1.439954 0.594972
v 17.342424 22.638325 20.590704
vn 0.366365 0.057099 0.070305
v 16.994055 21.500751 20.280237
vn 1.674051 -0.588828 -0.085694
v 16.970179 21.816631 20.568243
vn -1.606507 -1.772547 2.601646
v 17.166599 22.065079 20.848587
vn -1.415086 -1.179860 2.139136
v 17.157059 22.079973 20.850491
vn -0.050097 -0.093810 0.129429
v 17.040524 21.967480 20.709957
vn 0.377181 -1.408541 0.141746
v 17.347513 22.119566 20.908623
vn 1.057696 0.178260 -1.562244
v 17.350746 22.127848 20.898254
vn 0.265285 -0.637649 -1.915231
v 18.150810 22.147537 21.165506
vn 0.616837 -0.476433 -3.479272
v 17.968906 22.078407 21.159588
vn 0.713574 -0.169367 -1.712646
v 17.736778 22.075106 21.106604
vn 3.116518 0.589860 -0.541449
v 18.161192 22.330221 21.103371
vn 1.175074 1.440007 0.273831
v 18.061068 22.534422 21.003880
vn 0.264810 2.306921 0.975099
v 17.879896 22.682278 20.972891
vn -0.245950 -1.766749 -1.487106
v 16.232897 20.759026 16.796345
vn -0.071782 -0.888271 -0.491384
v 16.170835 20.786388 16.755949
vn -0.561954 0.407427 0.006124
v 16.857525 20.637136 18.545752
vn 1.095917 0.778896 -0.361662
v 16.118204 20.490620 17.252844
vn 0.152921 -0.756105 -2.211529
v 16.088789 20.649334 16.874949
vn 0.162160 -0.093667 -0.463592
v 15.866982 20.630764 16.801115
vn -0.180202 -0.450989 -0.959728
v 16.020237 20.781200 16.825855
vn 0.413896 1.093997 -0.264636
v 16.414555 20.430550 17.881083
vn -0.267416 1.304038 -0.424064
v 16.646368 20.489408 18.222328
vn -2.879053 -0.120107 0.908736
v 16.431719 21.613321 19.465351
vn -1.267860 -1.410451 1.306395
v 16.462330 21.282087 19.189997
vn 0.046674 -0.264639 -2.972913
v 16.094072 22.084398 0.710709
vn -1.269486 0.301456 -0.516508
v 16.065340 22.099068 0.747058
vn 0.055694 -0.294067 -3.283932
v 16.078371 22.090321 0.709925
vn 0.158319 -0.008376 -3.357834
v 4.597590 22.063084 0.685976
vn 0.003287 0.775329 -0.891220
v 4.265768 20.746349 17.061876
vn 0.282946 1.347742 0.708890
v 2.366615 23.218557 20.366871
vn 0.728084 -0.794330 1.136674
v 2.942504 22.988049 19.780756
vn 1.580852 -1.737066 2.472679
v 2.833605 23.111074 19.932989
vn 0.580766 -1.007979 1.235456
v 2.925448 22.977808 19.780550
vn 1.351390 -1.437534 2.081398
v 2.846939 23.124931 19.934099
vn 2.111914 -1.009945 2.504016
v 2.701828 23.200399 20.084171
vn 1.774370 -0.802932 2.087736
v 2.708548 23.217587 20.085268
vn 1.848524 -0.076959 2.117317
v 2.545322 23.251421 20.233061
vn 0.354670 0.094868 0.057151
v 3.038213 22.305439 19.184507
vn 3.020219 -0.367962 0.895473
v 3.006042 22.470264 19.329077
vn 0.376937 -0.917459 1.102422
v 2.997938 22.823715 19.627525
vn 0.405165 -1.000007 1.200925
v 2.979051 22.816776 19.628208
vn 0.923155 -1.159365 0.286242
v 2.789138 20.823330 19.863947
vn 2.925085 -0.403706 0.972548
v 2.974368 21.075945 19.552921
vn 0.116792 -0.012339 0.040442
v 3.098861 21.363369 19.244787
vn 2.713399 -0.341504 1.072946
v 3.168176 21.517939 19.100410
vn 0.160920 -0.442166 -1.355847
v 2.216491 22.321798 20.823856
vn 0.253468 0.257096 -2.050133
v 2.861915 21.774036 20.971746
vn 0.249239 -0.340553 -1.343110
v 2.444716 22.235580 20.886969
vn 0.304483 -0.394711 -2.680686
v 2.663531 22.137737 20.938377
vn 0.999650 0.512943 -3.029393
v 2.514821 21.548819 20.839960
vn 0.439471 0.596698 -1.494298
v 2.310500 21.432871 20.745594
vn -2.107833 -1.171968 0.713519
v 2.157026 21.039682 20.591923
vn 1.474904 -1.771790 2.682258
v 2.241400 20.872414 20.467276
vn -0.905680 1.075577 0.499650
v 2.092167 22.948551 20.635452
vn -0.376269 -0.292588 -0.022579
v 3.428153 19.711460 17.252636
vn 0.117661 -2.087923 0.523634
v 3.477547 19.661898 17.071747
vn -0.011271 -1.016484 -0.191500
v 3.549751 19.687023 16.532629
vn 0.232016 -1.922608 -0.248922
v 3.536267 19.658070 16.708944
vn -1.739290 1.860982 -0.193520
v 17.238371 22.558371 20.379070
vn -1.735205 1.014014 0.439330
v 17.228331 22.510723 20.448986
vn -3.428834 2.249790 0.308403
v 17.139246 22.418087 20.237255
vn -1.749406 0.956975 0.338685
v 17.128609 22.370758 20.306297
vn -0.630208 1.193631 0.728857
v 17.685001 22.744501 20.862154
vn -0.680163 1.238686 0.754053
v 17.689663 22.753174 20.852112
vn 1.390317 0.439682 0.380084
v 17.077820 21.363300 20.132835
vn 3.160059 -0.014035 0.332668
v 16.952526 21.652647 20.425089
vn 1.452790 -0.126043 -2.793587
v 17.530548 22.096075 21.016361
vn 0.753565 0.177908 -1.110670
v 17.347025 22.146641 20.898533
vn 1.467050 -0.140524 -2.724441
v 17.530867 22.116259 21.015518
vn 0.546527 -1.320661 -4.020006
v 18.135584 22.153080 21.161615
vn 0.754549 -0.834691 -2.407300
v 18.161192 22.330221 21.103371
vn 1.026170 -1.133575 -3.285147
v 18.145124 22.326038 21.099785
vn 0.780611 1.939303 0.208359
v 17.903723 22.681410 20.894520
vn 0.911609 0.520963 -1.343294
v 16.050591 20.484159 16.862530
vn 1.232678 0.874952 -0.390388
v 16.147203 20.438885 17.229298
vn 0.132277 0.389392 -1.003091
v 15.882708 20.489279 16.757866
vn 0.263150 0.415138 -0.138299
v 16.349222 20.401999 17.660872
vn 1.217500 1.182079 -0.539207
v 16.235861 20.415485 17.447556
vn 0.061650 2.454220 -0.642071
v 16.523659 20.443344 18.056286
vn -0.870323 0.643085 0.153277
v 17.031471 22.289671 20.094944
vn -0.455352 -1.674458 2.078604
v 16.412798 21.618557 19.465424
vn -0.572103 -2.103766 2.610383
v 16.431719 21.613321 19.465351
vn -0.006223 -0.110750 0.136948
v 16.420996 21.445484 19.326294
vn 0.125246 -0.296204 -3.011521
v 16.143494 22.265224 0.695653
vn -0.059169 -0.269982 -3.284458
v 16.127073 22.269112 0.694574
vn -0.661954 1.523472 -0.600678
v 4.597590 22.063084 0.685976
vn 0.137123 -0.005983 -2.918485
v 4.603519 22.047581 0.686290
vn -0.280467 1.282753 -0.439810
v 4.415724 22.033285 0.715040
vn -0.346460 0.391800 -0.806402
v 4.223558 20.591503 16.897360
vn 0.307245 0.712725 -0.842658
v 4.096259 20.849749 17.151205
vn 1.313859 -0.392569 0.307459
v 4.226080 21.479427 17.775467
vn 0.441874 1.418736 0.192245
v 2.545322 23.251421 20.233061
vn -0.940968 0.880096 -0.358631
v 2.173926 23.108732 20.440716
vn -2.380782 1.516316 0.691668
v 2.067445 22.946106 20.595142
vn 1.257303 0.461412 0.145124
v 3.112900 22.131912 19.089163
vn 0.415386 -1.958154 2.307214
v 3.006042 22.470264 19.329077
vn 1.964769 -1.822985 2.492266
v 3.025912 22.474224 19.328894
vn 0.608972 -2.180085 2.437157
v 3.057328 22.311523 19.185141
vn 0.216797 -0.317959 0.073440
v 2.651212 20.752094 20.020243
vn 1.413399 -0.650855 0.496124
v 2.799864 20.806818 19.864193
vn 2.394702 1.235700 2.344597
v 2.992091 21.066629 19.553690
vn 0.970597 2.036737 2.304751
v 2.974368 21.075945 19.552921
vn -0.160912 -0.311838 0.063936
v 2.354835 20.771194 20.324791
vn -2.199162 -2.088097 0.562998
v 2.241400 20.872414 20.467276
vn 0.197063 -0.521307 -1.615010
v 2.231356 22.334049 20.821625
vn -1.269536 -0.273575 -0.617824
v 2.828690 21.962276 20.956665
vn -0.984672 1.241344 -0.666596
v 2.861915 21.774036 20.971746
vn -1.471280 -0.352988 -0.720460
v 2.821726 21.959986 20.971989
vn -1.129138 -1.168960 -0.666074
v 2.663531 22.137737 20.938377
vn -0.901224 -0.901593 -0.526297
v 2.668520 22.141993 20.922543
vn -0.746756 1.036551 -0.517800
v 2.870792 21.773033 20.956936
vn -0.474611 1.493907 -0.723824
v 2.726732 21.651598 20.921602
vn -0.371413 1.243780 -0.601748
v 2.735839 21.647312 20.907122
vn 0.161236 0.726067 -1.314569
v 2.324836 21.421854 20.745239
vn -1.631382 -0.432899 0.040775
v 2.143256 21.078728 20.521259
vn -0.592375 -1.387950 0.574329
v 2.226308 20.862322 20.469034
vn 1.167117 -1.332702 2.078372
v 2.226308 20.862322 20.469034
vn -1.540892 -0.191914 0.296831
v 2.014325 22.728996 20.659132
vn 0.003313 -0.671673 -1.609214
v 2.089536 22.513668 20.746216
vn 0.432901 -3.187793 0.123497
v 3.517492 19.645945 16.889076
vn -1.690435 -1.877153 -0.616604
v 3.573833 19.721561 16.361462
vn -0.425129 1.464764 -0.285224
v 17.364813 22.680758 20.507950
vn 0.769897 0.543747 -1.211847
v 17.529598 22.752508 20.644833
vn 1.273436 0.465814 0.389599
v 17.414564 20.991259 19.689745
vn 1.517770 0.490953 0.521007
v 17.414087 21.003942 19.676140
vn 0.771456 -1.840320 2.152671
v 16.994055 21.500751 20.280237
vn 0.833189 -1.987569 2.325068
v 17.012037 21.507462 20.279530
vn 0.088954 -1.035597 1.179538
v 16.952526 21.652647 20.425089
vn -0.136231 -1.027558 1.167667
v 16.970179 21.816631 20.568243
vn -0.150245 -1.038217 1.179721
v 16.989248 21.812042 20.566633
vn 0.069014 -1.034204 1.176178
v 16.972008 21.653292 20.424513
vn 1.107141 -0.785804 -0.492456
v 17.063900 21.960718 20.696562
vn 1.973606 1.263954 -2.684512
v 17.191425 22.096643 20.766371
vn 0.552951 -1.260156 0.230496
v 17.968906 22.078407 21.159588
vn 0.105217 -1.465485 -0.407123
v 17.736778 22.075106 21.106604
vn 0.118244 -1.559693 -0.420868
v 17.742500 22.079803 21.090805
vn 0.753120 -1.597916 0.321911
v 18.134920 22.155090 21.160847
vn 0.098080 -2.781262 -1.159176
v 17.530867 22.116259 21.015518
vn 0.125462 -2.866596 -1.184333
v 17.537380 22.122845 21.000267
vn 1.182054 -0.619429 -2.470998
v 18.061068 22.534422 21.003880
vn 1.482192 -0.752639 -3.043538
v 18.048561 22.521526 21.001049
vn 1.441897 -0.274731 -2.407785
v 17.903723 22.681410 20.894520
vn 0.140743 0.275386 -0.042286
v 17.717211 22.758373 20.774960
vn -0.180849 0.366385 -0.088515
v 16.799366 20.559969 18.342829
vn -2.331705 0.406909 0.726290
v 16.863855 20.646534 18.501368
vn 2.406299 1.790513 -0.453612
v 16.112091 20.464569 17.026985
vn -0.274347 0.304882 -0.714592
v 15.819134 20.752796 16.839104
vn -0.326153 0.611502 -1.433882
v 15.727378 20.603149 16.810484
vn 0.600030 1.804699 -0.425766
v 16.458389 20.406057 17.848387
vn -0.281855 1.622919 -0.525054
v 16.692909 20.486225 18.183191
vn -0.750990 0.856810 -0.152454
v 16.594589 21.934551 19.735666
vn 0.137211 -0.904389 1.125820
v 16.443176 21.277554 19.188690
vn 0.178033 0.020950 -3.307352
v 4.419230 22.021152 0.677417
vn -0.049433 1.327741 -0.499364
v 4.236398 22.024244 0.703737
vn -0.497494 1.233646 -1.932199
v 4.084321 20.671391 16.995996
vn 1.104258 2.685774 0.715666
v 3.365039 22.042475 18.766413
vn 0.057684 2.828641 0.175123
v 2.520535 23.264017 20.193153
vn -0.095012 0.241774 -0.014029
v 2.324569 23.210371 20.294889
vn 1.966901 1.983178 0.221558
v 2.836549 23.153286 19.895496
vn 1.422084 0.868523 0.196473
v 2.846939 23.124931 19.934099
vn 0.971921 1.294558 0.188452
v 2.708548 23.217587 20.085268
vn 1.122277 2.646142 0.206843
v 2.690785 23.238325 20.045912
vn 2.378597 -1.218049 2.027819
v 3.104034 22.171013 19.041656
vn 0.556881 -1.925794 2.160623
v 3.038213 22.305439 19.184507
vn 1.205225 0.171546 0.069234
v 3.021903 22.528353 19.264563
vn 1.768468 0.481154 0.246155
v 3.057328 22.311523 19.185141
vn 2.227813 0.913223 2.376534
v 2.651212 20.752094 20.020243
vn 2.373953 -0.757134 2.309310
v 2.657552 20.733440 20.021585
vn 1.331629 1.585786 2.150451
v 2.908907 20.924812 19.708336
vn 0.382710 1.051592 1.125165
v 3.098861 21.363369 19.244787
vn 2.933725 -0.372432 1.163880
v 3.171038 21.504042 19.088749
vn 1.044109 -2.532472 1.148918
v 2.499924 20.732016 20.174622
vn -0.563355 -1.511802 -0.479878
v 2.444716 22.235580 20.886969
vn -0.652108 -1.518869 -0.274007
v 2.231356 22.334049 20.821625
vn -0.541828 -1.333846 -0.240849
v 2.236064 22.335102 20.805202
vn -0.485441 -1.307908 -0.423042
v 2.449277 22.239128 20.870766
vn 0.044272 1.438633 -2.260447
v 2.176528 21.271282 20.640333
vn -2.664113 1.725028 -0.817607
v 2.176528 21.271282 20.640333
vn -1.656086 -1.161794 -0.011424
v 2.190493 20.896313 20.390696
vn -1.391755 -2.003146 0.517374
v 2.216190 20.862741 20.459869
vn 2.257716 -0.779471 2.524963
v 2.354835 20.771194 20.324791
vn -0.506618 -1.148348 -2.396826
v 2.014325 22.728996 20.659132
vn -0.633224 -1.516025 -3.173791
v 2.032445 22.726425 20.656668
vn -1.125259 0.367907 -0.408069
v 3.505579 19.743387 17.067917
vn -1.634340 0.681671 -0.567646
v 3.477547 19.661898 17.071747
vn -1.847804 1.397195 -0.319319
v 3.565550 19.712084 16.900373
vn -2.432562 1.835826 -0.399717
v 3.517492 19.645945 16.889076
vn -1.037051 -0.141025 -0.174362
v 3.554879 19.827576 16.388449
vn -0.956713 0.119219 -0.093032
v 3.549751 19.687023 16.532629
vn -0.964202 0.488832 0.006533
v 3.573992 19.732216 16.728781
vn -1.790316 0.985573 -0.008785
v 3.536267 19.658070 16.708944
vn -0.802141 1.224476 -0.388712
v 17.246754 22.560068 20.368113
vn -0.035946 0.061711 -0.032642
v 17.040646 22.290047 20.084599
vn 1.218608 -0.326234 -0.328655
v 16.996847 21.817600 20.556322
vn 1.392489 1.223167 -2.124401
v 17.181080 22.111027 20.767872
vn 0.416641 -1.326562 -0.209284
v 17.347025 22.146641 20.898533
vn 1.204425 -2.542202 0.507429
v 18.017036 22.068050 21.004587
vn 3.766240 0.751985 0.097861
v 18.144722 22.324137 21.082130
vn 1.210857 0.079164 0.309573
v 18.135584 22.153080 21.161615
vn 1.470311 0.086428 0.413361
v 18.180359 22.148785 21.001648
vn 2.920157 0.401965 -0.109773
v 18.145124 22.326038 21.099785
vn 1.795256 -0.269209 -2.891621
v 17.896902 22.663788 20.892359
vn 0.560606 -0.994412 0.592795
v 16.866137 20.749022 18.653318
vn -0.249588 3.757235 0.515802
v 16.050591 20.484159 16.862530
vn -0.157234 2.450228 0.330408
v 16.064207 20.486088 16.854574
vn -0.394580 3.608400 0.747622
v 15.882708 20.489279 16.757866
vn -0.707537 3.200182 0.548076
v 16.112091 20.464569 17.026985
vn -0.596131 2.837023 0.480944
v 16.129866 20.469337 17.021410
vn -1.531663 2.456667 0.904858
v 16.235861 20.415485 17.447556
vn -1.619149 2.643848 0.960654
v 16.251831 20.426798 17.443590
vn -1.171025 2.620884 0.625815
v 16.147203 20.438885 17.229298
vn -1.301914 2.991561 0.703187
v 16.164600 20.447472 17.225504
vn -0.097597 1.270458 -3.113616
v 15.744896 20.527578 16.777813
vn -1.905082 2.141739 1.073150
v 16.349222 20.401999 17.660872
vn -1.984179 2.278385 1.102990
v 16.362217 20.415709 17.656164
vn 0.093785 3.072311 -0.782657
v 16.570568 20.432514 18.019394
vn -2.476456 1.604438 1.389512
v 16.466465 20.422598 17.843664
vn -2.291132 1.486472 1.288282
v 16.458389 20.406057 17.848387
vn -1.110337 -0.041595 -0.216849
v 16.394388 21.452641 19.315559
vn -0.004980 -0.176216 -1.616478
v 16.229626 22.820295 0.643850
vn -0.320003 1.632349 -0.566434
v 4.419230 22.021152 0.677417
vn 0.159427 0.016042 -2.965459
v 4.421654 22.004702 0.677440
vn 0.514320 0.223264 -1.715193
v 3.992051 20.482153 16.943695
vn 1.443304 0.233956 -1.052180
v 4.084321 20.671391 16.995996
vn 1.515160 0.467168 -0.653384
v 4.052997 20.742718 16.974356
vn 2.531185 0.585261 0.603711
v 4.205970 21.627718 17.925051
vn 1.252107 0.674766 0.649058
v 3.973920 21.902496 18.183924
vn -2.420548 -0.602345 -2.109599
v 2.058149 22.934349 20.551737
vn -2.075929 0.827511 -1.687943
v 2.172104 23.102150 20.429344
vn 0.794682 1.208257 -0.493786
v 2.923572 23.036913 19.713888
vn 0.865177 -0.422913 0.965419
v 3.214921 22.088326 18.898489
vn 1.237277 -2.212170 2.348504
v 3.120097 22.181042 19.042511
vn 1.180763 0.360992 0.189390
v 3.050648 22.366880 19.121273
vn 2.040114 0.302229 1.977962
v 2.500471 20.713474 20.177002
vn 1.268483 -0.643677 0.400169
v 2.797386 20.796276 19.855091
vn 0.373752 -0.169391 0.058832
v 2.908907 20.924812 19.708336
vn 1.925021 -1.640052 -0.313907
v 2.976775 21.013248 19.489506
vn 0.360974 1.000561 1.069009
v 3.117710 21.355619 19.245676
vn 0.433995 1.051810 1.132666
v 3.171038 21.504042 19.088749
vn 0.324578 -0.142667 0.095342
v 3.257172 21.636724 18.932356
vn 2.445160 0.374634 2.356703
v 2.499924 20.732016 20.174622
vn -2.506420 -1.504821 -0.463466
v 2.089536 22.513668 20.746216
vn -2.643961 -1.493639 -0.502198
v 2.093984 22.511332 20.729746
vn 0.020737 1.964182 -3.015348
v 2.194496 21.267483 20.638088
vn -1.182535 1.340083 -2.139542
v 2.190493 20.896313 20.390696
vn -0.554049 1.512130 -2.268203
v 2.143256 21.078728 20.521259
vn -0.734181 1.900872 -2.838554
v 2.161513 21.082479 20.519163
vn -0.014040 -0.386406 0.124207
v 2.347126 20.755716 20.326914
vn 1.825872 -0.630271 2.034999
v 2.347126 20.755716 20.326914
vn -1.373839 -1.265269 -2.941580
v 2.073271 22.924305 20.548882
vn -0.140818 -0.010024 -0.017177
v 2.032445 22.726425 20.656668
vn 0.800487 0.495565 -1.223418
v 17.537138 22.735601 20.642918
vn 0.626894 0.772159 -1.202097
v 17.364813 22.680758 20.507950
vn -0.134227 1.936617 -1.556107
v 17.378330 22.666840 20.505766
vn 0.958923 1.739708 -2.311432
v 17.246754 22.560068 20.368113
vn 0.365180 0.130925 0.065447
v 17.508968 20.870808 19.525192
vn 1.044125 0.766384 -0.265824
v 17.094765 21.384809 20.121796
vn 1.359213 -0.797910 -0.538503
v 17.067194 22.008595 20.627571
vn 0.723909 1.791108 -2.033167
v 17.050627 22.017397 20.629671
vn 1.007777 -1.174839 -0.304759
v 17.181080 22.111027 20.767872
vn 0.463397 -1.414171 -0.203076
v 17.370008 22.162676 20.839314
vn 1.657172 0.029083 0.479103
v 18.292477 22.317549 20.603598
vn 1.058896 -0.246109 0.320647
v 18.329100 22.117928 20.489040
vn 1.032086 0.916491 -0.193436
v 18.048561 22.521526 21.001049
vn 1.269330 1.163893 -0.247747
v 18.049646 22.516640 20.983654
vn -0.933227 0.205750 -1.400780
v 15.741724 20.880945 16.870081
vn -0.719984 -1.431445 1.089714
v 16.853645 20.650278 18.499489
vn -2.573866 -0.377408 1.500282
v 16.799366 20.559969 18.342829
vn -2.777095 -0.353459 1.571704
v 16.794828 20.575191 18.338425
vn -2.530935 0.308644 1.647850
v 16.692909 20.486225 18.183191
vn -0.283892 2.526357 0.515373
v 15.884184 20.491411 16.748228
vn -0.946231 0.664113 -1.905205
v 15.684336 20.711824 16.873375
vn -0.052418 0.503705 -1.329285
v 15.744128 20.469738 16.755926
vn -1.716998 -0.631155 0.227898
v 15.727378 20.603149 16.810484
vn -2.684904 -0.464765 0.327319
v 15.744896 20.527578 16.777813
vn -0.484102 -0.130676 0.042693
v 15.771883 20.473623 16.918674
vn -2.489566 0.761167 1.494429
v 16.570568 20.432514 18.019394
vn -2.697161 0.351628 1.726539
v 16.692190 20.505489 18.178299
vn 0.276103 2.450350 -2.549223
v 16.634350 21.957108 19.666576
vn -0.260772 0.289747 -0.063557
v 16.509556 21.822878 19.526924
vn -1.021222 0.977869 -0.463223
v 16.417019 21.664516 19.396627
vn -1.427640 0.258152 -2.099710
v 16.213560 22.825260 0.643371
vn 0.211210 -0.097069 -3.337192
v 4.236865 22.010199 0.666347
vn -0.017053 1.608640 -0.615677
v 4.236865 22.010199 0.666347
vn 0.224400 1.276339 -0.547743
v 4.060054 22.051716 0.690653
vn 0.610698 -0.076153 -0.801860
v 3.890456 20.608141 16.854355
vn 1.656681 -0.386623 0.361634
v 4.244605 21.515648 17.742552
vn -0.559494 -1.083016 1.135197
v 4.233850 21.356842 17.585745
vn 0.611652 1.358305 0.224946
v 3.685247 22.033579 18.474699
vn -0.357468 1.614911 0.011709
v 2.495751 23.257496 20.152334
vn -1.794797 -0.282736 -2.208178
v 2.324569 23.210371 20.294889
vn -0.941798 -0.364479 -1.366926
v 2.182286 23.086340 20.426466
vn -0.345707 0.861035 -1.032446
v 2.973717 22.878672 19.552618
vn 0.261256 1.603499 0.040104
v 2.665846 23.242006 20.005676
vn 0.727847 1.322320 0.031533
v 2.812518 23.168030 19.855995
vn 1.279671 -0.556811 1.330965
v 3.224136 22.103228 18.898148
vn 1.450358 0.773989 0.475937
v 3.120097 22.181042 19.042511
vn -0.200314 0.930734 -1.099882
v 3.012820 22.534292 19.255402
vn -0.279152 0.975101 -1.089854
v 3.041498 22.372126 19.111843
vn 0.157013 -1.971795 0.578315
v 2.500471 20.713474 20.177002
vn 0.141277 -2.494940 -0.068224
v 2.608259 20.702204 19.957973
vn 0.418148 1.005639 1.083469
v 3.189390 21.495295 19.089785
vn 0.507545 1.014309 1.122601
v 3.257172 21.636724 18.932356
vn 1.106977 -0.582466 0.282146
v 3.373048 21.803459 18.821936
vn -0.951455 0.626911 0.254182
v 2.196431 21.295059 20.577318
vn -1.679092 0.933326 0.421714
v 2.194496 21.267483 20.638088
vn -1.470778 1.686897 -2.671191
v 2.205326 20.906929 20.389233
vn -0.290801 -0.263605 -0.008797
v 2.298047 20.765152 20.250946
vn -1.701560 0.349082 -0.058558
v 2.073271 22.924305 20.548882
vn -1.374585 0.257054 -0.048735
v 2.072584 22.917555 20.532656
vn -0.597658 -0.785461 0.152040
v 15.235327 20.178673 16.638111
vn -0.194133 -1.001455 0.249229
v 15.297303 20.179464 17.005695
vn 0.097214 -1.997592 0.434762
v 15.339808 20.196075 17.195564
vn 1.006027 1.839466 -2.435821
v 17.263063 22.548225 20.365881
vn 0.716959 0.638868 -1.179562
v 16.919085 22.171898 19.943565
vn 0.475882 -0.840443 1.040382
v 17.526438 20.880955 19.525398
vn 0.570082 -1.022095 1.263640
v 17.508968 20.870808 19.525192
vn 0.858566 0.940536 -0.177125
v 17.201454 21.266882 19.971102
vn 1.617594 1.826688 -2.818933
v 16.992615 21.869844 20.488771
vn 1.078280 -1.043720 -0.310717
v 17.192463 22.139872 20.710482
vn 1.542041 -0.616137 -0.381051
v 17.050627 22.017397 20.629671
vn 0.867761 2.256115 -2.480937
v 17.067194 22.008595 20.627571
vn -0.211415 -0.838540 0.137199
v 15.637464 20.980728 16.872032
vn 0.115248 -1.840202 0.988180
v 16.851242 20.741032 18.654001
vn -0.130019 0.020287 -0.013938
v 16.851242 20.741032 18.654001
vn 2.351397 0.819866 -1.810165
v 16.064207 20.486088 16.854574
vn 1.909497 0.646026 -0.310833
v 16.129866 20.469337 17.021410
vn 2.293250 0.726429 -2.478597
v 16.067976 20.436274 16.836908
vn 0.097196 0.476119 -1.578203
v 15.884184 20.491411 16.748228
vn -0.162694 1.360341 0.565312
v 15.733013 20.472063 16.747362
vn 1.511620 1.062183 -0.453838
v 16.164600 20.447472 17.225504
vn 2.076014 0.441021 -0.649964
v 16.144104 20.422674 17.002867
vn 1.000794 1.509265 -0.593342
v 16.362217 20.415709 17.656164
vn 1.857564 1.378480 -0.828456
v 16.282452 20.389198 17.421204
vn 1.227554 1.283077 -0.545429
v 16.251831 20.426798 17.443590
vn 2.040984 0.990679 -0.602118
v 16.189743 20.405504 17.204971
vn -0.915298 -0.470736 0.182730
v 15.732648 20.668940 17.006367
vn -0.536860 4.420620 1.896910
v 15.744128 20.469738 16.755926
vn -1.545884 -0.076031 0.255169
v 15.744128 20.469738 16.755926
vn -0.437187 -0.032641 0.092715
v 15.770529 20.415354 16.899666
vn 0.536859 1.760421 -0.598448
v 16.466465 20.422598 17.843664
vn 1.529402 1.628630 -0.899570
v 16.395679 20.384838 17.631447
vn -2.718256 0.819634 1.633611
v 16.573471 20.451262 18.014818
vn -1.634931 -0.005914 -0.388083
v 16.405916 21.500196 19.247410
vn -1.395745 -0.099990 -0.674059
v 16.510080 21.163647 18.988134
vn -1.204774 0.360461 -0.479401
v 16.200993 22.832962 0.680744
vn -0.122648 -0.319725 -3.353034
v 16.288698 22.993763 0.624678
vn 0.184971 -0.091661 -2.931134
v 4.235743 21.993614 0.666775
vn 0.515148 1.154972 -0.502722
v 3.893882 22.119535 0.676872
vn -0.022928 -0.545124 -0.698155
v 3.814292 20.499222 16.894030
vn 2.895064 0.687459 0.710278
v 4.205424 21.668449 17.887854
vn 0.274302 0.105927 0.108734
v 4.106220 21.803865 18.031240
vn 1.142983 2.835066 0.771665
v 3.356489 22.049173 18.754469
vn 0.644731 1.440935 0.244033
v 3.675936 22.039669 18.463243
vn 2.022737 -0.596032 2.458392
v 3.828676 21.994900 18.318258
vn -1.877834 0.149497 -2.156791
v 2.495751 23.257496 20.152334
vn -2.238690 0.140533 -2.573953
v 2.495241 23.238348 20.151638
vn -2.148723 -0.340878 -2.635868
v 2.329767 23.191555 20.293085
vn -0.154113 2.898764 -2.565382
v 2.913425 23.039688 19.704348
vn 1.016624 -0.053591 1.118326
v 3.356489 22.049173 18.754469
vn 1.273254 0.784208 0.494903
v 3.115201 22.211781 19.006399
vn -0.706975 -2.365219 0.213737
v 2.449621 20.692545 20.113182
vn 0.908976 -1.208393 -0.465038
v 2.967011 21.009668 19.479977
vn -0.630643 -0.842956 -1.107876
v 2.870654 20.878456 19.634663
vn 0.495882 0.980589 1.087091
v 3.274487 21.626316 18.933846
vn 1.570832 -0.893842 0.417665
v 3.359951 21.756855 18.777111
vn -1.192466 0.078388 0.208779
v 2.153360 21.117157 20.459576
vn -1.682940 0.089846 0.275218
v 2.161513 21.082479 20.519163
vn -2.892595 -0.991465 -0.500258
v 2.204328 20.917284 20.374481
vn -2.770461 -0.901053 -0.445057
v 2.205326 20.906929 20.389233
vn -2.274861 0.759747 -2.519257
v 2.305362 20.780903 20.249090
vn -1.834025 0.612565 -2.029839
v 2.298047 20.765152 20.250946
vn -1.191329 0.794346 -0.009483
v 2.177603 23.079128 20.410667
vn 0.549881 -0.781233 0.019948
v 15.515170 20.240503 17.360485
vn 0.054287 0.053044 -0.093184
v 17.055775 22.276955 20.083548
vn 1.194377 1.560519 -2.376279
v 17.164488 22.408638 20.224667
vn -0.963112 1.338410 -0.341284
v 17.387821 22.669613 20.489857
vn -1.026976 1.064903 -0.319942
v 17.263063 22.548225 20.365881
vn 1.260271 0.449483 0.184867
v 17.589476 20.682751 19.433594
vn 0.354601 -0.862501 1.042821
v 17.601419 20.731676 19.378681
vn 1.383432 1.107905 -0.339856
v 17.054079 21.417381 20.055893
vn -0.579797 2.260420 -2.470184
v 16.989210 21.557028 20.203705
vn 0.253196 1.900827 -2.157279
v 16.973265 21.873724 20.490042
vn 1.309554 -0.399344 -0.314653
v 17.049248 22.056767 20.573965
vn -1.685105 0.305850 -2.566864
v 15.625788 20.840240 16.941341
vn -0.953487 -0.353584 -0.315754
v 15.561737 20.975029 16.989275
vn -2.436218 0.550959 -0.308090
v 16.853645 20.650278 18.499489
vn -0.444032 1.749419 -0.696657
v 16.826292 20.577862 18.300995
vn -0.842884 2.006379 -0.606590
v 16.794828 20.575191 18.338425
vn -1.297640 0.339347 -0.206312
v 16.859221 20.658638 18.459642
vn -0.103596 2.199670 -0.892922
v 16.732012 20.504034 18.143517
vn -0.366240 1.835413 -0.540306
v 16.692190 20.505489 18.178299
vn 0.108474 0.467685 -1.855530
v 15.882366 20.389870 16.720301
vn -0.034957 0.428667 -1.463583
v 15.741578 20.372147 16.716703
vn -0.051161 0.468751 -1.541926
v 15.733013 20.472063 16.747362
vn -1.110199 -0.685693 0.380203
v 15.693352 20.808439 17.073149
vn -0.310105 3.199233 1.276306
v 15.770529 20.415354 16.899666
vn -2.639736 -0.583681 1.273099
v 15.883000 20.361620 17.108236
vn 0.921350 1.948876 -0.897634
v 16.502871 20.403503 17.815569
vn -0.020848 1.805098 -0.543298
v 16.573471 20.451262 18.014818
vn 0.273068 2.206497 -0.897277
v 16.612244 20.443726 17.983088
vn 0.740971 0.660028 -1.220383
v 16.932493 22.156696 19.943481
vn 1.115118 1.738366 -2.624379
v 16.526098 21.812881 19.527351
vn 0.986078 1.532927 -2.311541
v 16.509556 21.822878 19.526924
vn -0.858037 1.896003 -1.533116
v 16.425791 21.669054 19.386868
vn -1.373509 -0.424548 -0.596719
v 16.614428 21.018509 18.857254
vn -0.401318 -0.016975 -0.094716
v 16.439003 21.330149 19.110611
vn -0.109272 -0.274765 -2.898255
v 16.273718 23.001265 0.624527
vn -1.498634 0.812587 -0.606961
v 16.273718 23.001265 0.624527
vn 0.192546 -0.226034 -3.372891
v 4.058104 22.036112 0.653494
vn 0.324009 1.557984 -0.669745
v 4.058104 22.036112 0.653494
vn 0.131984 -1.178046 -1.047172
v 3.765624 20.625456 16.797064
vn -0.639149 -0.836831 0.891337
v 4.250532 21.348635 17.590002
vn -0.256364 -1.200727 1.272172
v 4.244605 21.515648 17.742552
vn 0.509633 -1.849938 2.105344
v 4.223252 21.675200 17.889366
vn 0.629803 -2.229227 2.527377
v 4.205424 21.668449 17.887854
vn 1.908053 -0.083534 1.886758
v 3.972223 21.914986 18.174213
vn -2.103761 1.018757 -2.502470
v 2.658226 23.225117 20.005041
vn -1.408709 0.968401 -0.017197
v 2.182286 23.086340 20.426466
vn -1.626066 2.496571 -0.441524
v 2.329767 23.191555 20.293085
vn -1.618051 2.551319 -0.472558
v 2.322417 23.184109 20.278051
vn -0.454518 1.111337 -1.335955
v 2.954676 22.872063 19.553482
vn -1.741100 0.888746 -2.086268
v 2.665846 23.242006 20.005676
vn -1.291068 1.458096 -2.041663
v 2.812518 23.168030 19.855995
vn -1.589442 1.781106 -2.502361
v 2.798537 23.154711 19.855324
vn 1.120980 -0.026587 1.230476
v 3.358947 22.068068 18.752638
vn -0.304532 1.078284 -1.208930
v 3.022394 22.365841 19.111113
vn -0.230547 1.047804 -1.238697
v 2.992980 22.530048 19.255424
vn -0.071708 0.094962 -0.129984
v 3.078048 22.222506 18.968615
vn -0.756135 -1.420667 -0.118490
v 2.441989 20.697521 20.103130
vn -1.186957 -1.916934 -1.273689
v 2.598381 20.705706 19.948383
vn 2.384240 -1.790009 -0.615862
v 3.106849 21.297998 19.183310
vn 0.618559 0.990129 1.010151
v 3.359951 21.756855 18.777111
vn 1.040005 -0.871849 0.348476
v 3.496511 21.875984 18.667604
vn -0.139591 -0.315303 0.041546
v 2.305362 20.780903 20.249090
vn -2.016670 -0.296143 -1.905025
v 2.441989 20.697521 20.103130
vn -0.449531 -0.973578 0.216857
v 15.357924 20.117437 16.803677
vn -0.064340 -2.502385 0.175680
v 15.328083 20.105719 16.625837
vn -0.259832 -2.040928 0.490435
v 15.405065 20.153416 16.984968
vn -1.114174 1.135544 -0.344707
v 17.272690 22.552938 20.350290
vn -1.005167 1.133901 -0.291254
v 17.164488 22.408638 20.224667
vn -1.038737 1.178746 -0.299723
v 17.174225 22.413353 20.209465
vn -0.831372 1.259784 -0.360526
v 17.055775 22.276955 20.083548
vn 2.511281 0.079637 0.112145
v 17.617376 20.532173 19.289438
vn 1.690193 0.531911 0.237644
v 17.582644 20.724356 19.379011
vn 0.429959 -1.078147 1.297643
v 17.582644 20.724356 19.379011
vn -0.598914 2.560724 -2.507651
v 17.156059 21.295868 19.904978
vn -0.016793 0.113892 -0.134368
v 16.947365 21.708454 20.348436
vn 1.783937 -0.125319 -0.302804
v 16.973265 21.873724 20.490042
vn -1.986225 -1.107996 0.516067
v 15.667741 20.753757 16.899746
vn -0.525443 -0.911915 0.239011
v 15.504019 21.039284 17.024288
vn 0.840750 -2.495822 0.717443
v 15.537215 21.005083 16.866409
vn -2.564918 -1.548554 0.399038
v 16.831026 20.753660 18.612814
vn 1.165499 0.108716 -1.631220
v 16.058912 20.384123 16.828114
vn -1.479455 -0.153854 0.132000
v 15.733013 20.472063 16.747362
vn -1.630254 -0.218621 0.121334
v 15.741578 20.372147 16.716703
vn -3.955242 -1.683576 0.352516
v 15.758987 20.327209 16.869642
vn 1.772303 0.150637 -0.834941
v 16.141140 20.370941 16.990568
vn 1.829129 0.485138 -0.516947
v 16.197712 20.354809 17.188585
vn 1.593094 0.777448 -0.710811
v 16.297300 20.340202 17.403038
vn -0.253579 2.610848 1.038603
v 15.753912 20.414803 16.896994
vn -0.565809 1.235870 0.801756
v 15.987421 20.280411 17.287518
vn 1.371622 1.056668 -0.814804
v 16.416397 20.340197 17.611744
vn 1.516860 1.334712 -2.579326
v 16.648270 21.942844 19.667381
vn -0.300309 1.937755 -2.480594
v 16.458158 21.334929 19.112026
vn -0.279297 1.802174 -2.307045
v 16.439003 21.330149 19.110611
vn -0.401504 0.859583 -1.261271
v 16.514071 21.172741 18.978521
vn -0.925644 2.090696 -1.676449
v 16.444859 21.664431 19.387075
vn -1.426436 -0.115460 -0.686171
v 16.514071 21.172741 18.978521
vn -1.086286 0.627084 -0.441068
v 16.263714 23.010445 0.662217
vn -0.149131 -0.300311 -3.331097
v 16.385847 23.149307 0.606143
vn 0.164240 -0.196226 -2.886893
v 4.053765 22.019964 0.654346
vn 0.697140 1.494121 -0.648360
v 3.890560 22.104786 0.639583
vn -1.204933 -0.043625 -1.841800
v 3.670890 20.547707 16.860882
vn 0.172899 -0.576049 -0.236523
v 3.973984 20.688911 16.794832
vn -0.008032 -0.966164 1.073838
v 4.262386 21.514681 17.745235
vn 1.080976 -1.875910 2.531057
v 4.106220 21.803865 18.031240
vn 1.194240 0.063662 1.239555
v 3.675936 22.039669 18.463243
vn 1.388983 1.569206 0.974245
v 3.676855 22.059195 18.461315
vn 0.718899 -0.698476 1.252357
v 3.984586 21.929792 18.175749
vn -0.042400 1.469082 -0.151575
v 2.495241 23.238348 20.151638
vn 0.505336 1.574899 -0.151107
v 2.658226 23.225117 20.005041
vn -0.006771 1.424327 -0.136079
v 2.459210 23.232801 20.095371
vn -1.131651 2.002064 -2.458693
v 2.895985 23.029980 19.704470
vn -1.988867 1.190522 -2.253299
v 3.180487 22.127905 18.825705
vn -1.255866 -2.075358 -1.340942
v 2.591679 20.724277 19.947273
vn -0.686737 -0.819037 -1.122528
v 2.855806 20.891277 19.634392
vn -0.060758 -0.095457 -0.118051
v 2.967011 21.009668 19.479977
vn 0.039585 -0.062716 -0.040528
v 3.165680 21.432819 19.019209
vn 0.860550 0.938895 1.154804
v 3.375627 21.744493 18.779528
vn 2.619509 0.637621 2.048121
v 3.478905 21.837404 18.623625
vn -2.535415 -0.416129 -2.349834
v 2.441017 20.716116 20.101007
vn 1.756513 -0.911623 -0.303609
v 15.514000 20.310272 17.144226
vn 1.887747 -1.071781 -0.285671
v 15.405065 20.153416 16.984968
vn 1.023960 -0.513120 0.062067
v 17.581045 20.386160 19.143673
vn -0.841161 1.297178 -0.373374
v 17.066437 22.279648 20.068884
vn -0.058543 0.103127 -0.031799
v 16.932493 22.156696 19.943481
vn 1.791007 -2.069650 2.035228
v 17.637714 20.574177 19.234381
vn -0.811127 0.952639 -1.260935
v 17.054079 21.417381 20.055893
vn -0.376436 0.949662 -1.066411
v 17.038219 21.405449 20.056965
vn -0.857030 2.686212 -2.661987
v 17.141405 21.281712 19.905928
vn 1.305697 -0.030493 -0.203225
v 16.965666 21.916107 20.434860
vn 1.747958 0.318339 -0.167814
v 16.947365 21.708454 20.348436
vn -0.741919 -0.791462 0.294315
v 15.640099 20.952299 17.133406
vn 0.168830 1.662020 -0.854670
v 16.772795 20.483377 18.113798
vn -0.265902 1.751278 -0.841104
v 16.862404 20.565359 18.268055
vn -2.057874 1.160158 -0.639975
v 16.875031 20.663280 18.421726
vn 0.499893 1.664180 -0.888550
v 16.648417 20.417494 17.956173
vn 0.506135 -4.486742 -1.886457
v 15.752411 20.369514 16.725779
vn 0.149230 -1.316418 -0.560020
v 15.741578 20.372147 16.716703
vn 0.336756 -2.501816 -0.614550
v 15.882366 20.389870 16.720301
vn 0.329061 -3.622279 -0.602052
v 16.046736 20.381420 16.837812
vn 0.244838 -2.542028 -0.422671
v 16.058912 20.384123 16.828114
vn -2.677483 -1.752233 0.389051
v 15.766624 20.314919 16.866848
vn -1.809266 -0.173251 0.255717
v 15.753912 20.414803 16.896994
vn -0.262041 2.853148 1.142365
v 15.861797 20.340643 17.108299
vn 0.990420 1.449974 -0.888001
v 16.531528 20.367863 17.792475
vn -1.244105 2.612171 -1.049541
v 16.660505 21.943192 19.653744
vn -1.235046 2.613984 -1.041367
v 16.648270 21.942844 19.667381
vn -0.098385 0.116305 -0.047067
v 16.526098 21.812881 19.527351
vn -2.568828 0.927740 -2.935913
v 16.615988 21.027866 18.847006
vn -0.516643 0.857770 -1.346543
v 16.531443 21.182026 18.979059
vn -0.133412 -0.260467 -2.920550
v 16.372646 23.159479 0.605821
vn -0.224328 -0.207540 -3.319897
v 16.513912 23.282553 0.588409
vn -1.285453 1.100085 -0.620527
v 16.372646 23.159479 0.605821
vn 0.183336 -0.213894 -3.272224
v 3.890560 22.104786 0.639583
vn 0.678816 1.079880 -0.457312
v 3.734521 22.212374 0.662019
vn 0.973570 -1.639415 2.242584
v 4.122347 21.815468 18.032839
vn -0.475724 0.282261 -0.362307
v 3.645124 20.661255 16.983175
vn -1.241985 0.838722 -1.022596
v 3.765624 20.625456 16.797064
vn 2.219526 0.869336 0.311380
v 4.223876 21.711351 17.858402
vn 1.854450 0.270134 0.294551
v 4.223252 21.675200 17.889366
vn 1.831035 -0.631948 2.258466
v 3.834897 22.012489 18.318136
vn 0.541933 1.357204 -0.130353
v 2.624041 23.233526 19.950472
vn 1.245903 0.963986 -0.544643
v 2.954676 22.872063 19.553482
vn 0.137802 0.057594 -0.043101
v 2.992980 22.530048 19.255424
vn 2.813641 0.822800 -0.582559
v 2.968258 22.710424 19.390783
vn 1.039232 1.267801 -0.402654
v 2.895985 23.029980 19.704470
vn 1.076967 0.864816 -0.485872
v 2.943324 22.879154 19.540941
vn 0.161981 0.342312 -0.046159
v 2.798537 23.154711 19.855324
vn 0.882559 1.098961 -0.338545
v 2.884375 23.035320 19.691538
vn -0.019387 0.107792 -0.025122
v 3.330238 22.076061 18.715965
vn 2.361191 1.506643 -0.896513
v 3.012603 22.373642 19.098436
vn 2.541557 1.608100 -0.973385
v 3.022394 22.365841 19.111113
vn 1.175891 0.995205 -0.025796
v 3.078048 22.222506 18.968615
vn -1.768347 1.058429 -2.006256
v 3.171048 22.113060 18.826193
vn -0.866924 -1.939622 -2.155062
v 3.017991 21.157932 19.326027
vn -0.490334 -0.965415 -1.082363
v 3.246382 21.564299 18.863878
vn 0.047557 -0.979104 0.307578
v 3.639197 21.866753 18.517593
vn 1.052350 -1.631289 1.461972
v 3.613565 21.851343 18.472502
vn -0.251764 -1.065948 0.235723
v 2.398757 20.714367 20.047962
vn -0.392707 -1.729502 0.354537
v 2.441017 20.716116 20.101007
vn 0.765215 -0.720606 -0.087674
v 15.357924 20.117437 16.803677
vn 0.588263 -0.865091 -0.041707
v 15.416839 20.166849 16.609745
vn 0.822182 -0.480261 -0.118479
v 15.460721 20.254824 16.960129
vn 0.786409 -1.010173 0.327775
v 17.394947 20.132120 18.847494
vn 0.436304 -0.364469 0.092749
v 17.537027 20.274242 18.944618
vn 1.822068 -0.791378 0.081654
v 17.600212 20.417957 19.090334
vn 3.112253 0.038729 0.096038
v 17.618572 20.571201 19.234941
vn 2.739158 0.367409 -0.165158
v 17.641363 20.602264 19.195560
vn -0.171975 1.032613 -1.163350
v 17.578484 20.785372 19.301321
vn 0.429300 -2.298068 2.461805
v 17.618572 20.571201 19.234941
vn -0.936033 1.665543 -2.088584
v 17.498463 20.931499 19.448185
vn -0.782972 1.833167 -2.149873
v 16.971277 21.550030 20.204269
vn -0.052127 0.073850 -0.097996
v 17.377914 21.048903 19.599306
vn 1.308330 0.296420 -0.108730
v 16.933872 21.747826 20.293413
vn -0.052661 -2.410307 -0.102341
v 15.577415 21.030794 17.186476
vn 0.740194 -0.703665 0.049282
v 15.504019 21.039284 17.024288
vn 0.771174 -0.490936 0.268499
v 15.471872 20.906944 16.874643
vn -2.996502 1.338166 -2.323996
v 16.825743 20.774261 18.570955
vn 0.757185 -3.167210 -0.584743
v 16.124451 20.365620 16.997412
vn 0.702243 -2.823437 -0.530878
v 16.141140 20.370941 16.990568
vn 0.473293 -3.561580 -0.861942
v 15.881573 20.387110 16.731270
vn 0.249048 -2.613666 -1.029463
v 15.766624 20.314919 16.866848
vn -1.415232 -0.833437 0.717602
v 15.880915 20.243721 17.077919
vn -2.094120 -0.711288 1.014962
v 15.862798 20.289598 17.094963
vn 1.193383 -2.657698 -0.662446
v 16.180752 20.345970 17.192991
vn 1.336988 -2.908584 -0.742039
v 16.197712 20.354809 17.188585
vn 1.658755 -2.623793 -0.947726
v 16.297300 20.340202 17.403038
vn 1.549889 -2.451165 -0.889512
v 16.281708 20.328732 17.407503
vn 2.055981 -2.272188 -1.131576
v 16.416397 20.340197 17.611744
vn -1.674525 -0.275231 0.772249
v 15.861797 20.340643 17.108299
vn -0.582936 1.332778 0.860718
v 15.971548 20.270599 17.292480
vn -2.688698 0.905646 2.771351
v 16.108128 20.225021 17.452179
vn 2.512998 -1.550741 -1.395377
v 16.531528 20.367863 17.792475
vn 2.305431 -1.471684 -1.269415
v 16.524073 20.351303 17.797781
vn -1.125970 0.901201 -0.301624
v 16.454338 21.671713 19.373447
vn -0.933121 0.838363 -0.461406
v 16.364302 23.170895 0.643438
vn -0.205468 -0.172292 -2.935533
v 16.503151 23.295128 0.588366
vn 0.167903 -0.189963 -2.954941
v 3.883712 22.089399 0.640204
vn 0.293183 -0.042224 -3.158999
v 3.730429 22.199066 0.624520
vn 1.415118 2.018779 -1.345770
v 3.421338 22.418663 0.628917
vn 0.845854 1.336309 -0.585544
v 3.730429 22.199066 0.624520
vn -0.541707 0.387115 -0.433459
v 3.850801 20.798456 16.848438
vn 0.707270 -1.106343 0.156968
v 4.016397 20.700306 16.763844
vn -0.933327 0.704285 -0.824216
v 3.868988 20.683765 16.729841
vn 0.588365 -2.524673 -0.695931
v 3.866435 20.685892 16.723566
vn 1.361121 -0.324031 0.033596
v 4.263800 21.233656 17.370354
vn 1.205530 0.287322 0.301641
v 4.279946 21.547091 17.717651
vn 1.877962 1.476427 0.400325
v 4.113439 21.851950 18.000546
vn 1.651515 0.821747 0.419865
v 4.122347 21.815468 18.032839
vn 0.904052 1.554276 0.103249
v 3.834897 22.012489 18.318136
vn 0.082345 4.348405 -0.759596
v 3.645648 22.065178 18.425861
vn 1.487713 1.996012 0.432864
v 3.968931 21.961025 18.142822
vn 1.357648 1.198916 0.396195
v 3.984586 21.929792 18.175749
vn 0.718784 1.286675 0.061101
v 3.810648 22.030720 18.283987
vn 1.048465 0.895496 -0.003519
v 3.053103 22.251522 18.920229
vn -1.062093 0.065533 -1.129743
v 3.296309 22.046333 18.683111
vn 0.768748 1.488265 -0.132147
v 3.171048 22.113060 18.826193
vn -0.075940 -1.452947 -0.151552
v 2.578640 20.726339 19.934038
vn 1.056868 -1.112508 -0.396229
v 3.147402 21.441696 19.018074
vn 1.477731 -1.712730 0.431321
v 3.477785 21.791439 18.591782
vn 1.952200 1.910874 2.067019
v 3.490220 21.823034 18.626223
vn 1.374818 0.244263 1.281175
v 3.615689 21.835148 18.473295
vn -0.718031 -1.068372 -0.451996
v 6.725028 21.036015 0.164788
vn 0.688632 -1.107751 -0.364181
v 13.587192 21.581282 0.209951
vn 0.852121 -2.372148 0.310074
v 17.268274 20.048908 18.697506
vn 1.501729 -0.723431 0.146156
v 17.618170 20.413908 19.090883
vn -0.564425 -2.164031 2.503590
v 17.600212 20.417957 19.090334
vn 0.659001 1.343310 -0.511623
v 17.127829 21.283350 19.892742
vn 1.180315 0.692141 -0.142955
v 16.946035 21.581852 20.149929
vn 1.556034 0.801462 -0.176736
v 16.971277 21.550030 20.204269
vn 0.067919 0.098609 -0.032259
v 17.377914 21.048903 19.599306
vn 0.475113 -0.771782 -0.255406
v 15.509814 20.974192 17.231762
vn 2.715785 -0.275022 -1.737924
v 16.772795 20.483377 18.113798
vn 2.517937 -0.290567 -1.631603
v 16.774199 20.464367 18.119190
vn 2.616107 -0.775339 -1.719785
v 16.648417 20.417494 17.956173
vn 2.983726 0.623299 -1.272644
v 16.862404 20.565359 18.268055
vn 2.526879 0.717637 -1.299738
v 16.867590 20.550371 18.272873
vn 0.718604 1.465060 -1.027662
v 16.875031 20.663280 18.421726
vn -0.996730 1.873123 -2.012097
v 16.841005 20.781843 18.570114
vn 2.476819 -0.766484 -1.608884
v 16.646158 20.398869 17.961287
vn 0.918929 0.427975 -2.456231
v 15.881573 20.387110 16.731270
vn 0.327342 0.621291 -1.667279
v 15.781642 20.068493 16.665779
vn 0.024025 0.318258 -1.585003
v 15.752411 20.369514 16.725779
vn 0.310727 -3.189587 -1.252182
v 15.782692 20.315458 16.869373
vn 2.919673 0.216223 -1.096560
v 16.124451 20.365620 16.997412
vn 0.681874 0.114178 -0.695650
v 16.045498 20.379978 16.839985
vn 0.548296 -2.708433 -1.231945
v 15.880915 20.243721 17.077919
vn 1.884029 -2.100464 -1.051253
v 16.403940 20.326361 17.617064
vn -1.039148 -0.372545 0.477536
v 15.981979 20.222366 17.277550
vn -1.652194 -0.656566 0.763033
v 15.971548 20.270599 17.292480
vn -0.746387 -0.705777 0.533894
v 16.081079 20.273302 17.478189
vn -0.079509 0.103784 -0.160458
v 16.745724 20.907751 18.710451
vn -1.031287 1.328945 -0.565016
v 16.503151 23.295128 0.588366
vn -0.415751 0.144849 -3.321264
v 16.665728 23.389126 0.571640
vn 0.211119 -0.187829 -3.200127
v 3.407688 22.390398 0.591950
vn 0.582896 1.109194 -0.502772
v 3.257881 22.515190 0.612588
vn -2.799662 1.200003 -0.048238
v 3.884571 20.940426 17.058632
vn 1.077671 -0.428731 0.042227
v 4.129010 20.794863 16.918442
vn -2.080871 -1.461794 1.295888
v 3.839194 20.807121 16.839716
vn -1.606080 -0.960977 0.643375
v 3.868988 20.683765 16.729841
vn -2.467223 -1.741171 1.565405
v 3.850801 20.798456 16.848438
vn -0.969736 -0.572912 0.380249
v 3.862752 20.686831 16.718557
vn 1.167502 -0.225522 0.425578
v 4.284440 21.375376 17.565786
vn 1.559120 -0.396729 0.074419
v 4.211896 21.079365 17.194857
vn 1.211794 1.417194 0.192468
v 4.088745 21.876476 17.966312
vn 1.542268 1.040755 0.222389
v 4.206882 21.740337 17.825584
vn -1.085158 0.036209 -1.149082
v 3.299006 22.065182 18.681158
vn -0.001545 1.762983 -0.301688
v 3.296309 22.046333 18.683111
vn 0.555416 1.333695 -0.135737
v 3.138332 22.121986 18.780027
vn -0.572655 -0.940359 -1.092064
v 3.343636 21.682835 18.709255
vn -0.859201 -3.293379 -1.932829
v 3.453877 21.774145 18.554852
vn 1.360609 -1.186862 0.490364
v 3.490220 21.823034 18.626223
vn -0.124322 -0.450991 0.061579
v 3.756795 21.812187 18.325712
vn 1.844592 -0.908489 2.145199
v 3.756795 21.812187 18.325712
vn -0.536588 -1.191000 -0.416886
v 6.915910 20.954916 0.155390
vn -0.827003 -0.955878 -0.483528
v 6.551150 21.146915 0.174711
vn -2.141487 -1.778973 -0.554258
v 6.013843 21.711752 0.222717
vn -0.925951 -0.875975 -0.461727
v 6.397825 21.274416 0.186233
vn 0.999749 -0.763028 -0.440065
v 12.837088 20.710026 0.167653
vn 0.828292 -0.967325 -0.399323
v 13.427677 21.483067 0.202737
vn 0.548238 -1.198566 -0.400421
v 13.756248 21.655499 0.216336
vn -0.024293 -1.267526 0.105025
v 17.123569 20.019894 18.546751
vn 1.022480 -1.424424 0.434779
v 17.438475 20.149673 18.797157
vn -1.475052 -1.728542 2.429791
v 17.537027 20.274242 18.944618
vn -1.275962 -1.551005 2.159832
v 17.552742 20.263235 18.946217
vn -0.492178 -1.887146 2.181199
v 17.618170 20.413908 19.090883
vn 2.748094 -0.620437 0.129058
v 17.634420 20.435936 19.053137
vn 1.582235 0.584232 -0.180839
v 17.625843 20.627432 19.157326
vn -0.435809 1.049544 -1.265624
v 17.559647 20.778152 19.301699
vn 0.403410 0.969885 -0.687521
v 16.885744 20.659456 18.423714
vn 2.412108 0.941192 -1.008052
v 16.180752 20.345970 17.192991
vn 2.304294 0.178637 -0.900815
v 16.123779 20.303045 16.983284
vn -1.337092 -0.281263 0.277522
v 15.752411 20.369514 16.725779
vn -2.709348 -1.050672 1.240764
v 15.781642 20.068493 16.665779
vn -2.538855 -0.567574 0.702322
v 15.814534 20.174053 16.826990
vn 0.472675 0.107520 -0.705666
v 15.879499 20.231113 16.706112
vn -1.811705 -0.519208 0.261126
v 15.782692 20.315458 16.869373
vn 0.372700 -1.400932 -0.699977
v 16.007818 20.184097 17.257090
vn 0.604026 -2.891446 -1.340345
v 15.897689 20.249010 17.073845
vn 1.612479 0.863120 -0.889540
v 16.281708 20.328732 17.407503
vn 0.254861 0.110743 -0.111046
v 16.138346 20.213476 16.963533
vn 1.328264 1.086595 -1.000741
v 16.403940 20.326361 17.617064
vn 0.931540 0.519119 -0.537472
v 16.301435 20.271000 17.385933
vn -0.868842 -0.654286 0.419416
v 16.117119 20.169739 17.436697
vn -1.494316 1.810367 1.854874
v 16.095415 20.210909 17.455961
vn -0.543654 -0.932384 0.332087
v 16.216059 20.219042 17.636436
vn -1.016403 -1.611904 0.638683
v 16.254185 20.185127 17.603630
vn 0.416490 2.474372 -1.332339
v 16.646158 20.398869 17.961287
vn 0.485511 0.834911 -0.605403
v 16.560162 20.310253 17.770111
vn 0.910394 1.417956 -1.055411
v 16.524073 20.351303 17.797781
vn 0.740216 0.638857 -0.580237
v 16.430586 20.274290 17.593725
vn -2.256480 -1.975573 0.217155
v 16.632179 21.050890 18.832804
vn -1.302740 -0.563065 -0.379838
v 16.745724 20.907751 18.710451
vn -0.771017 1.042934 -0.429179
v 16.498491 23.307085 0.625794
vn -0.371747 0.146037 -2.903184
v 16.658054 23.403435 0.573277
vn 0.136965 -0.262505 -3.016918
v 3.253379 22.500650 0.575291
vn 0.794321 1.458608 -0.694959
v 3.253379 22.500650 0.575291
vn -2.831683 1.221115 -0.039008
v 3.889743 20.952137 17.049788
vn 0.310750 -2.610747 0.061110
v 3.907293 20.689842 16.697048
vn 1.744277 -0.784729 0.089849
v 4.144400 20.831160 16.894199
vn 0.272861 -0.099139 0.011253
v 4.187346 20.953066 17.035891
vn -1.971433 -1.529423 1.592385
v 3.876168 20.964943 17.045345
vn -0.919595 1.665332 -1.968909
v 3.907293 20.689842 16.697048
vn -0.736756 1.220345 -1.354846
v 3.862752 20.686831 16.718557
vn -0.957526 1.368352 -0.943693
v 3.839194 20.807121 16.839716
vn 1.604598 -0.312440 0.566092
v 4.301634 21.409847 17.536884
vn 2.486818 0.512109 -0.922756
v 4.215027 21.090111 17.186548
vn 1.768656 0.340655 0.463968
v 4.279791 21.579966 17.686956
vn 0.770070 1.622497 0.190844
v 3.941315 21.977167 18.108040
vn -2.673336 2.519606 -3.249007
v 3.613744 22.051592 18.392189
vn -0.475155 2.583610 -1.062305
v 3.621839 22.059891 18.400192
vn -0.873247 0.553959 -1.190863
v 3.780527 22.031206 18.249718
vn -0.096717 1.306459 -0.239447
v 3.256968 22.035353 18.639093
vn -0.121004 -0.002124 -0.132666
v 3.448734 22.031147 18.538687
vn -0.520222 -1.013204 -1.138174
v 3.229131 21.574812 18.862316
vn 1.058352 -1.027416 -0.322728
v 3.136529 21.434412 19.005606
vn 0.009806 -2.066900 -0.049884
v 3.573534 21.823948 18.400192
vn 0.270451 -2.035527 0.149071
v 3.595769 21.821457 18.437073
vn 0.542240 -1.985745 0.354183
v 3.615689 21.835148 18.473295
vn 2.015958 -1.054193 2.371215
v 3.749444 21.795286 18.324577
vn -0.410801 -1.273871 -0.440738
v 5.590958 22.055561 0.255349
vn -0.284522 -2.537123 -0.886386
v 7.120240 20.916821 0.145440
vn -0.909071 -1.407476 -0.583306
v 6.730208 21.048510 0.127025
vn -0.213535 -0.193280 -0.088321
v 6.268427 21.424549 0.160901
vn 0.985402 -0.799976 -0.452901
v 13.284010 21.361036 0.195357
vn 1.098848 -1.329160 -0.534623
v 13.420174 21.492283 0.164849
vn 0.046001 -1.863599 0.141765
v 17.168514 20.015169 18.500122
vn 1.024200 -2.896939 0.363645
v 17.312864 20.058550 18.648731
vn -1.848887 -1.387706 2.412319
v 17.438475 20.149673 18.797157
vn -1.621273 -1.218038 2.123242
v 17.451408 20.134521 18.798353
vn 1.169167 -1.220520 0.322019
v 17.552742 20.263235 18.946217
vn -0.339120 1.937713 -2.202054
v 17.625843 20.627432 19.157326
vn -0.421023 2.177309 -2.476702
v 17.606678 20.624487 19.157898
vn -1.082756 1.926566 -2.412606
v 17.480944 20.921469 19.448038
vn 0.874511 1.091286 -0.323704
v 17.469427 20.926649 19.434387
vn 0.044296 0.925721 -0.544970
v 16.821924 20.442110 18.085262
vn 0.110044 1.812986 -1.049054
v 16.774199 20.464367 18.119190
vn 0.028283 0.213311 -0.111415
v 16.620808 20.275473 17.718603
vn -1.469177 -0.608672 -0.451399
v 16.745588 20.918005 18.697067
vn -1.255167 -0.146567 -0.285673
v 16.841005 20.781843 18.570114
vn -1.797820 -0.177971 -0.400623
v 16.843031 20.789362 18.557682
vn -0.684182 -0.748037 0.268315
v 15.825258 19.923414 16.615162
vn 0.251681 0.425799 -1.003559
v 15.877425 20.072836 16.691643
vn -1.031418 -0.527202 0.408753
v 15.916867 20.195665 17.053434
vn -1.589667 -0.876821 0.637453
v 15.897689 20.249010 17.073845
vn -1.419305 -1.151229 0.694838
v 16.095415 20.210909 17.455961
vn -1.881655 1.162746 2.266943
v 16.254185 20.185127 17.603630
vn -0.577647 1.323697 -0.234322
v 16.662020 23.411787 0.610681
vn -0.698093 1.490673 -0.300715
v 16.658054 23.403435 0.573277
vn -0.511556 0.606001 -3.283573
v 16.835051 23.461098 0.553977
vn 0.172002 -0.148105 -3.276419
v 3.077032 22.567904 0.561467
vn -0.133961 0.061193 0.016173
v 3.956122 21.063961 17.233019
vn -2.203410 -1.720819 1.787161
v 3.889743 20.952137 17.049788
vn 1.238226 -1.686584 0.300858
v 4.047040 20.722216 16.745823
vn -1.238748 1.161605 -0.306680
v 3.876168 20.964943 17.045345
vn -0.734556 1.072607 -0.774089
v 3.878300 20.819613 16.815765
vn 3.436855 1.129980 -1.787201
v 4.266584 21.244465 17.361814
vn -0.960046 1.638890 -2.250604
v 4.088745 21.876476 17.966312
vn -1.110830 1.837432 -2.544211
v 4.073289 21.864140 17.964043
vn -1.405493 1.354374 -2.193188
v 3.941315 21.977167 18.108040
vn -0.489708 1.826728 -2.222840
v 4.206882 21.740337 17.825584
vn -0.604681 2.086862 -2.559258
v 4.189510 21.732700 17.823353
vn 0.416582 1.958661 -2.107592
v 4.279791 21.579966 17.686956
vn 0.483274 2.276022 -2.445737
v 4.262173 21.579933 17.683443
vn -0.349780 1.808523 -0.415809
v 3.448734 22.031147 18.538687
vn 0.105496 -0.116349 -0.033886
v 3.229131 21.574812 18.862316
vn -0.597362 -0.954554 -1.115620
v 3.327937 21.695215 18.706827
vn -1.340675 -0.248120 -1.220905
v 3.573534 21.823948 18.400192
vn -1.585845 -1.560033 -1.925516
v 3.442378 21.788492 18.552362
vn -0.974838 -2.132797 -0.214409
v 3.723058 21.800652 18.286695
vn -0.643045 -1.135571 -0.025712
v 3.934913 21.713455 18.231564
vn -0.546760 -1.912951 0.067068
v 3.749444 21.795286 18.324577
vn 1.462648 -1.346258 2.210151
v 3.901461 21.733448 18.185192
vn -0.191064 -1.305231 -0.388581
v 5.417909 22.109482 0.265977
vn -1.072126 -1.272839 -0.631385
v 6.558105 21.159870 0.137205
vn -0.653587 -1.550274 -0.542792
v 6.918808 20.966915 0.117380
vn -1.203953 -1.164567 -0.610848
v 6.405507 21.286081 0.148697
vn -1.138379 -1.225599 -0.561975
v 5.895417 21.862570 0.196207
vn -0.857884 -0.956326 -0.454747
v 5.888252 21.851217 0.233599
vn -1.418120 0.323972 -0.032315
v 4.077211 21.259417 17.583292
vn -2.713396 1.078620 0.333764
v 4.023010 21.148169 17.414188
vn 0.764090 -0.999654 -0.501430
v 12.561783 20.395882 0.155154
vn 0.897025 -0.873745 -0.483431
v 12.710841 20.546417 0.160772
vn 2.335132 -1.474052 -0.701348
v 13.053698 21.053259 0.181709
vn 1.287859 -1.090604 -0.594762
v 13.274103 21.370174 0.157661
vn -0.072631 -1.299103 -0.383934
v 14.300356 21.701572 0.237557
vn 0.888432 -1.477447 -0.486695
v 13.582471 21.590862 0.171884
vn 0.346166 -1.252005 -0.436668
v 13.932903 21.701006 0.222801
vn -0.347788 -1.151109 0.275729
v 16.815496 20.040247 18.243984
vn -0.088341 -0.566097 0.089812
v 17.014441 20.005762 18.350954
vn -2.105536 -1.007224 2.447401
v 17.312864 20.058550 18.648731
vn 0.954051 -1.478979 0.164192
v 17.451408 20.134521 18.798353
vn 2.257335 -1.490311 0.415095
v 17.581228 20.278435 18.909725
vn 1.664801 0.003301 0.005206
v 17.632675 20.461998 19.014805
vn 0.561206 2.159829 -2.503831
v 17.614681 20.466002 19.014231
vn 2.227570 1.826848 -0.920626
v 17.548532 20.784918 19.288231
vn 2.257019 1.867856 -0.924328
v 17.559647 20.778152 19.301699
vn 1.448450 0.351623 -0.287684
v 17.606678 20.624487 19.157898
vn 1.049405 1.289742 -0.388018
v 17.480944 20.921469 19.448038
vn 0.180870 0.601604 -0.770088
v 15.825258 19.923414 16.615162
vn 0.566923 -1.271897 -0.797925
v 16.022726 20.194231 17.250965
vn -0.859759 -0.745757 0.376298
v 16.051409 20.148365 17.225601
vn 1.420985 -1.732684 -1.696403
v 16.150911 20.142847 17.412981
vn -0.611186 -0.920527 0.349198
v 16.275656 20.138559 17.580706
vn -2.742598 -0.320948 2.700698
v 16.245571 20.167809 17.605156
vn -0.145875 -0.243088 0.087087
v 16.409710 20.146574 17.749994
vn -0.441771 0.537709 -2.817404
v 16.831429 23.476284 0.557403
vn 0.157321 -0.138196 -3.029187
v 3.083487 22.583494 0.561091
vn 0.157462 0.349914 -0.118650
v 3.083487 22.583494 0.561091
vn -2.050234 -1.452476 1.640409
v 3.941766 21.078102 17.230286
vn -2.022900 -1.707816 1.789438
v 3.956122 21.063961 17.233019
vn 0.433510 -2.219008 0.230784
v 3.954722 20.697655 16.683079
vn 1.499461 1.766623 -1.982133
v 4.187346 20.953066 17.035891
vn 1.108641 1.801234 -1.945711
v 4.144400 20.831160 16.894199
vn 1.311305 2.136256 -2.295292
v 4.128856 20.841475 16.895018
vn 1.201354 1.276647 -1.951393
v 4.047040 20.722216 16.745823
vn 1.620540 1.730748 -2.592671
v 4.038146 20.735865 16.749277
vn -1.711850 1.766170 -0.919254
v 3.906390 20.992552 17.018188
vn -0.713486 0.708914 -0.936098
v 3.954722 20.697655 16.683079
vn 1.322275 1.794041 -1.833162
v 4.301634 21.409847 17.536884
vn 1.928827 1.647566 -1.974930
v 4.251310 21.255682 17.356117
vn 0.944875 0.788408 -0.896793
v 4.200427 21.102343 17.181547
vn -1.603839 1.557038 -2.478028
v 3.929719 21.961823 18.105904
vn -1.026855 0.345615 -1.293922
v 3.775017 22.013323 18.249352
vn -0.257590 1.198893 -0.285692
v 3.407991 22.012215 18.495975
vn 1.694445 -2.386728 -0.467280
v 3.316839 21.689770 18.694395
vn 1.802812 -2.524317 -0.503756
v 3.327937 21.695215 18.706827
vn -0.622727 -2.012360 -1.206207
v 3.571008 21.840227 18.399643
vn -0.932954 -1.549465 -0.351510
v 3.703806 21.823017 18.250084
vn -0.953402 -1.553923 -0.041490
v 3.901461 21.733448 18.185192
vn -1.566856 -2.019503 -0.294495
v 3.861260 21.732128 18.145859
vn 1.602487 -1.518397 2.444530
v 3.888903 21.717905 18.183899
vn -0.278201 -1.668541 -0.506050
v 5.418102 22.120720 0.228134
vn -0.637722 -1.149264 -0.490312
v 5.750109 21.969774 0.244238
vn 0.012614 -0.344288 -0.122131
v 7.333058 20.928337 0.098315
vn -0.111779 0.102428 -2.971917
v 6.730208 21.048510 0.127025
vn -0.075012 0.171712 -3.019006
v 6.558105 21.159870 0.137205
vn -0.081823 0.183730 -3.251779
v 6.567876 21.173597 0.137746
vn -0.139455 0.029336 -2.910704
v 6.918808 20.966915 0.117380
vn -0.126935 0.110104 -3.303653
v 6.737673 21.063509 0.127249
vn -0.325766 -2.989011 -1.044100
v 7.120888 20.930004 0.107498
vn -0.126707 0.139454 -3.060993
v 6.268427 21.424549 0.160901
vn -0.126119 0.153910 -3.290144
v 5.895417 21.862570 0.196207
vn -0.115173 0.139886 -2.999394
v 5.906717 21.875114 0.196359
vn -0.106091 0.178464 -3.289491
v 6.416840 21.298679 0.149022
vn -0.097046 0.165629 -3.036242
v 6.405507 21.286081 0.148697
vn 0.410072 -1.310340 -0.494583
v 8.881368 21.420998 0.093468
vn 1.220112 -1.158261 -0.643413
v 12.700106 20.556173 0.123220
vn 1.292514 -0.976148 -0.557994
v 12.826266 20.717627 0.129888
vn 0.312006 -0.224139 -0.117686
v 13.151909 21.223579 0.150733
vn 0.096089 -1.280960 -0.410259
v 14.115220 21.713093 0.230253
vn 0.672682 -1.548131 -0.520084
v 13.753356 21.666870 0.178340
vn 0.115785 0.042772 -3.289600
v 13.420174 21.492283 0.164849
vn 0.055535 0.118610 -3.318491
v 13.274103 21.370174 0.157661
vn 0.051148 0.103599 -2.960280
v 13.262220 21.382160 0.157890
vn 0.107614 0.034816 -2.989490
v 13.410171 21.505789 0.164659
vn 0.147906 -0.038146 -3.265116
v 13.582471 21.590862 0.171884
vn -2.275917 -0.302196 2.378769
v 17.168514 20.015169 18.500122
vn -2.229862 0.331941 2.320047
v 17.014441 20.005762 18.350954
vn -2.098759 0.287982 2.187350
v 17.013073 19.985954 18.352406
vn -2.042602 -0.307070 2.142553
v 17.172188 19.996145 18.501074
vn -1.802285 -0.869044 2.097488
v 17.321966 20.041059 18.649305
vn 0.634719 -1.029553 0.094364
v 17.502916 20.160471 18.735022
vn 0.489424 1.886010 -2.186610
v 17.632675 20.461998 19.014805
vn 1.334211 0.292734 -0.248605
v 17.588720 20.660519 19.103949
vn 1.678448 -0.155649 -0.172936
v 17.614681 20.466002 19.014231
vn -1.346172 -1.266446 0.598987
v 16.022726 20.194231 17.250965
vn -0.083003 0.040250 0.097163
v 16.409710 20.146574 17.749994
vn -0.246985 1.531598 -0.054927
v 16.842543 23.479425 0.595012
vn -0.300234 1.546318 -0.081557
v 16.831429 23.476284 0.557403
vn -0.370989 0.926729 -3.328939
v 17.015623 23.490536 0.533565
vn 0.207323 0.104387 -3.000946
v 2.905395 22.648258 0.550467
vn 0.420704 1.114960 -0.255520
v 2.900432 22.658705 0.587881
vn -0.113821 -0.108945 0.109011
v 4.027266 21.161631 17.405283
vn 0.061762 0.069515 -0.115663
v 3.954753 20.702244 16.684540
vn 1.583746 1.871539 -2.097659
v 4.171282 20.963953 17.033476
vn -0.133390 0.128502 -0.115317
v 3.930802 20.830439 16.800591
vn 1.566862 2.114688 -2.138052
v 4.284899 21.417152 17.531845
vn 0.915821 0.826030 -0.015180
v 4.046167 21.893454 17.922892
vn 1.371154 1.317718 -0.023597
v 4.073289 21.864140 17.964043
vn 1.654546 0.906210 -0.049194
v 4.189510 21.732700 17.823353
vn 0.941074 1.581146 -0.052672
v 3.929719 21.961823 18.105904
vn 0.715376 1.075351 -0.016474
v 3.898545 21.981915 18.063705
vn 1.117083 0.563402 -0.035013
v 4.171383 21.766212 17.784264
vn 1.817702 0.204277 0.129790
v 4.262173 21.579933 17.683443
vn -2.145569 -0.152046 -2.410651
v 3.613310 22.031984 18.393812
vn -0.218453 1.767956 -0.438828
v 3.613310 22.031984 18.393812
vn 0.091571 -0.285918 -0.042408
v 3.442378 21.788492 18.552362
vn 0.218597 -0.994882 -0.152909
v 3.543044 21.841116 18.353882
vn -1.988717 0.700231 -2.000205
v 3.710573 21.840179 18.251560
vn -2.234220 1.078560 -2.297619
v 3.703806 21.823017 18.250084
vn -1.258354 -1.218179 -0.421939
v 3.845888 21.762129 18.109333
vn -0.931857 -0.986467 -0.054377
v 4.045086 21.603109 18.088409
vn -0.904221 -1.577353 0.020453
v 3.888903 21.717905 18.183899
vn 0.079271 -2.829904 1.859155
v 4.020241 21.629042 18.043720
vn 0.043934 -1.286320 -0.420295
v 5.238080 22.132441 0.275151
vn 0.021690 -1.696617 -0.548526
v 5.235519 22.144690 0.237395
vn -0.541109 -1.550337 -0.550670
v 5.594472 22.067434 0.217757
vn 0.437817 -1.284957 -0.459848
v 7.984810 21.064224 0.114189
vn 0.129406 -1.322427 -0.478481
v 7.553797 20.938971 0.128624
vn -0.162310 0.032280 -3.365631
v 6.923565 20.983004 0.117302
vn -0.131508 0.046446 -2.965643
v 7.120888 20.930004 0.107498
vn -0.105567 0.143232 -2.911251
v 5.765657 21.996210 0.207251
vn -0.826348 -1.396979 -0.603305
v 5.756340 21.982246 0.206900
vn -1.106767 -0.129188 -0.028395
v 4.088770 21.478441 17.935251
vn -0.323289 -0.010103 -0.008065
v 4.103961 21.391851 17.737099
vn -1.637983 0.384376 -0.030092
v 4.080497 21.272848 17.573740
vn -2.936730 1.162071 0.353181
v 4.027266 21.161631 17.405283
vn 0.300260 -1.346236 -0.468903
v 9.123494 21.477291 0.089273
vn 0.533566 -1.140039 -0.416316
v 12.382113 20.263229 0.151892
vn 1.032886 -1.309379 -0.663106
v 12.552059 20.407246 0.117681
vn 0.044347 0.111123 -3.262283
v 13.151909 21.223579 0.150733
vn 0.041227 0.102825 -3.016139
v 13.138672 21.234146 0.150913
vn -0.094076 -1.574770 -0.472247
v 14.302368 21.712734 0.199408
vn 0.101428 -1.701632 -0.540036
v 14.115586 21.725296 0.192237
vn 0.128670 -0.010916 -3.299696
v 13.753356 21.666870 0.178340
vn 0.136997 -0.036136 -3.010669
v 13.574699 21.605761 0.171346
vn 0.408370 -1.624134 -0.560702
v 13.931500 21.713837 0.184900
vn -0.496241 -1.571081 0.389577
v 16.859720 20.016552 18.200844
vn -2.058409 0.550141 2.182479
v 16.855585 19.996664 18.202028
vn 0.533262 -1.852321 0.153822
v 17.321966 20.041059 18.649305
vn 2.634747 1.042629 -1.855262
v 17.593952 20.304565 18.871590
vn 1.411631 -0.227634 -0.119632
v 17.615889 20.501820 18.960331
vn 0.088763 0.704331 -0.445576
v 16.009295 19.864618 16.558884
vn -0.589851 -0.949348 0.301579
v 16.201517 20.123295 17.377357
vn 1.664550 -2.031884 -1.993371
v 16.162380 20.157293 17.407833
vn 0.995700 -0.257766 -1.182129
v 16.478556 20.108116 17.691921
vn -1.625389 -2.404953 0.975660
v 16.697166 20.057497 18.060595
vn -0.289243 0.756334 -2.684442
v 17.017344 23.505554 0.537589
vn 0.638144 1.766351 -0.378967
v 2.905395 22.648258 0.550467
vn 0.231507 0.129114 -3.260154
v 2.900841 22.632185 0.549552
vn 0.249940 1.112721 -0.100139
v 2.710300 22.694624 0.578731
vn -2.522740 0.362473 -0.923094
v 3.954844 20.711245 16.688082
vn 0.993643 -0.537085 -0.229254
v 4.144943 20.882782 16.867971
vn 1.741370 -0.925182 -0.322841
v 4.128856 20.841475 16.895018
vn 1.220108 -1.522163 -0.861390
v 4.038146 20.735865 16.749277
vn 1.045891 -0.492726 0.115379
v 4.192477 21.002075 17.004147
vn 1.759635 -0.854069 0.245401
v 4.171282 20.963953 17.033476
vn 0.505802 -0.870448 -0.145013
v 3.954844 20.711245 16.688082
vn 0.718071 -1.141615 -0.352546
v 4.067244 20.770250 16.725950
vn 0.800111 2.639548 -2.488478
v 3.949830 21.009060 16.995253
vn 1.297183 0.078389 0.110288
v 4.263018 21.616619 17.647429
vn 1.733085 -0.574936 0.270816
v 4.284899 21.417152 17.531845
vn 1.031058 -0.649195 0.269712
v 4.281394 21.290298 17.324432
vn 1.578734 -0.946176 0.394078
v 4.251310 21.255682 17.356117
vn 1.546525 -0.921377 0.532650
v 4.200427 21.102343 17.181547
vn 1.182767 -0.460687 0.197232
v 4.305034 21.454655 17.498697
vn 1.015515 -0.600338 0.361202
v 4.230931 21.135468 17.150841
vn 0.278045 1.321653 -0.174634
v 3.739682 22.015171 18.207079
vn 0.284464 1.740304 -0.260174
v 3.775017 22.013323 18.249352
vn -0.136574 1.266189 -0.316442
v 3.574522 22.017260 18.351637
vn -1.637908 1.466045 -2.454107
v 3.845888 21.762129 18.109333
vn -1.611950 -0.954504 -0.502405
v 3.978055 21.668076 17.970448
vn -1.859211 -1.515982 -0.335516
v 3.984201 21.637390 18.005693
vn 1.327958 -2.085066 2.289207
v 4.005146 21.618036 18.042452
vn 1.031328 -2.471187 -0.535361
v 4.707780 22.010042 0.301456
vn -0.190641 -0.041038 -3.298239
v 5.418102 22.120720 0.228134
vn -0.166313 -0.013739 -3.317439
v 5.235519 22.144690 0.237395
vn -0.148490 -0.014281 -2.958130
v 5.236034 22.161427 0.237293
vn -0.177799 0.062707 -3.326958
v 5.594472 22.067434 0.217757
vn -0.171016 -0.035044 -2.973457
v 5.421658 22.137053 0.227721
vn 0.286301 -1.325931 -0.450758
v 7.772795 20.989655 0.121716
vn -0.120328 0.077204 -3.020355
v 7.333058 20.928337 0.098315
vn -0.146467 0.053263 -3.310925
v 7.122879 20.946672 0.107674
vn 0.177398 -1.614196 -0.580449
v 7.551925 20.952482 0.090776
vn -0.123250 0.162983 -3.361034
v 5.756340 21.982246 0.206900
vn -0.493944 -1.286932 -0.447883
v 10.116452 21.370337 0.081840
vn 0.568704 -1.365103 -0.566096
v 8.646986 21.344915 0.098080
vn 0.460242 -1.512917 -0.566759
v 8.878431 21.434235 0.055963
vn 0.180755 -1.374763 -0.495892
v 9.375063 21.510813 0.086296
vn 0.158639 -1.253900 -0.322571
v 12.177706 20.171738 0.148296
vn 0.760884 -1.542278 -0.581188
v 12.374989 20.273689 0.114118
vn -0.014313 0.130916 -3.019496
v 12.700106 20.556173 0.123220
vn -0.023275 0.130396 -2.996267
v 12.552059 20.407246 0.117681
vn -0.027192 0.145606 -3.279941
v 12.541342 20.420080 0.118341
vn 0.036251 0.097007 -3.048453
v 12.826266 20.717627 0.129888
vn -0.013939 0.139886 -3.257242
v 12.687564 20.567499 0.123769
vn 0.039856 0.101692 -3.230369
v 12.812675 20.727814 0.130041
vn -0.388961 -2.631877 -1.052048
v 14.857054 21.608862 0.254184
vn 0.115598 -0.007770 -2.978977
v 13.748012 21.682806 0.178084
vn 0.124539 0.034677 -3.334533
v 13.931500 21.713837 0.184900
vn -0.430487 -1.743151 0.356906
v 17.013073 19.985954 18.352406
vn -0.545579 -1.760840 0.230545
v 16.855585 19.996664 18.202028
vn -0.144690 -2.522382 0.321786
v 17.046392 19.969799 18.319818
vn -2.179754 0.591498 2.310359
v 16.859720 20.016552 18.200844
vn -0.038524 -1.799075 0.218343
v 17.172188 19.996145 18.501074
vn 0.471069 -2.549279 0.176742
v 17.205931 19.990011 18.467220
vn 0.287189 -1.308617 0.106324
v 17.355675 20.045599 18.614132
vn 0.775856 0.583735 -1.040421
v 17.504711 20.170631 18.725431
vn 1.524444 1.833669 -2.411190
v 17.578178 20.315479 18.869917
vn 1.536148 -0.841309 -0.051868
v 17.578178 20.315479 18.869917
vn 0.139674 1.908959 -1.062046
v 15.927519 19.851561 16.521954
vn -0.384571 -0.674331 0.097911
v 16.016260 19.815201 16.620090
vn -0.934439 -1.657888 0.489392
v 16.162380 20.157293 17.407833
vn 0.101941 -0.067728 -0.122260
v 16.321272 20.144367 17.551537
vn -2.113724 0.222207 2.201486
v 16.701853 20.026930 18.050652
vn -1.630994 -2.430917 0.997419
v 16.706951 20.046661 18.050186
vn 0.233086 1.601938 -0.038295
v 17.017344 23.505554 0.537589
vn 0.280594 1.469705 -0.032532
v 17.027689 23.504423 0.575721
vn 0.039720 0.990615 -3.491396
v 17.183105 23.458698 0.513230
vn 0.226626 0.402861 -2.945463
v 2.720431 22.688948 0.540947
vn -3.315448 -1.728290 1.782852
v 4.064468 21.284292 17.570276
vn 0.079352 0.904557 -0.932050
v 3.934627 20.831724 16.803286
vn -0.925604 0.831316 -1.031813
v 3.954844 20.711245 16.688082
vn 0.540018 1.445635 -1.422614
v 3.930802 20.830439 16.800591
vn 1.149181 3.055985 -2.388130
v 3.962734 20.999697 16.999363
vn -0.735733 -0.903637 -0.371880
v 3.836612 21.813854 18.066170
vn -1.456865 1.343479 -2.213366
v 3.857831 21.778112 18.111040
vn -1.758785 -1.362283 0.846966
v 4.085807 21.512878 17.894064
vn -1.244342 1.893282 -2.365648
v 3.978055 21.668076 17.970448
vn -1.287992 -1.306381 -0.060414
v 4.005146 21.618036 18.042452
vn 0.011943 -1.395415 1.081439
v 4.069241 21.510710 17.891453
vn 0.299047 -1.249495 -0.472080
v 5.057084 22.122484 0.283782
vn -0.146013 0.028874 -2.935726
v 5.050091 22.152237 0.246441
vn 0.347243 -1.624516 -0.603424
v 5.052372 22.135572 0.246156
vn -0.155039 0.060633 -2.946938
v 5.601082 22.082752 0.217707
vn 0.361794 -1.583257 -0.541099
v 7.770266 21.001997 0.083805
vn -0.129430 0.082695 -3.255432
v 7.332446 20.945168 0.098774
vn -0.106812 0.026315 -3.026487
v 7.551925 20.952482 0.090776
vn -1.184589 -2.169813 1.589394
v 4.103961 21.391851 17.737099
vn -1.393851 -2.444504 1.772951
v 4.087055 21.398579 17.733267
vn -1.667818 -1.863641 1.652655
v 4.080497 21.272848 17.573740
vn -0.668809 -1.193271 -0.465391
v 10.339244 21.243696 0.084816
vn -0.009224 -1.378423 -0.519769
v 9.628910 21.509354 0.084060
vn 0.584919 -1.440010 -0.591772
v 8.643161 21.358782 0.060798
vn 0.333537 -1.555105 -0.543457
v 9.121740 21.490032 0.051570
vn 0.273078 -1.750976 -0.466737
v 12.174042 20.181082 0.110172
vn 0.051466 0.019989 -2.926714
v 12.374989 20.273689 0.114118
vn 0.055417 0.029143 -3.356013
v 12.367178 20.288256 0.114099
vn 0.113535 -0.022502 -2.976800
v 14.115037 21.742163 0.192110
vn 0.125288 -0.018977 -3.268349
v 14.115586 21.725296 0.192237
vn 0.109668 0.030145 -2.944516
v 13.928634 21.730438 0.184972
vn 0.089240 -0.225296 -3.223287
v 14.302368 21.712734 0.199408
vn -0.046005 -0.386009 -0.156147
v 15.048435 21.593288 0.222388
vn -0.339251 -1.078214 0.128954
v 16.914658 19.971298 18.145346
vn 1.028198 0.236151 -1.081592
v 17.380232 20.067604 18.578362
vn 0.926171 0.714139 -1.254350
v 17.491692 20.185698 18.724176
vn 1.147081 -0.737043 -0.024374
v 17.599174 20.349920 18.816566
vn -0.589303 2.182134 0.159103
v 16.142286 19.869400 16.442165
vn -1.040140 -2.065274 -0.020176
v 15.927519 19.851561 16.521954
vn -0.248674 -1.075769 0.178192
v 16.367437 20.127916 17.516645
vn -0.412623 -1.964728 0.272567
v 16.321272 20.144367 17.551537
vn 0.810926 -2.012852 -1.179068
v 16.483215 20.127562 17.691605
vn -2.160386 0.613181 2.328383
v 16.706951 20.046661 18.050186
vn 0.033806 0.722084 -2.539769
v 17.190329 23.472075 0.517125
vn 0.405392 1.949320 -0.163705
v 2.720431 22.688948 0.540947
vn 0.256020 0.461149 -3.256004
v 2.718809 22.672825 0.538568
vn 0.070004 1.218601 -0.036102
v 2.521712 22.701180 0.568504
vn -2.349618 1.016698 -0.245315
v 4.066124 21.296072 17.562138
vn -0.243828 0.329622 -0.154543
v 4.078043 21.231054 17.349627
vn 0.898381 0.768388 -0.807597
v 4.009801 21.131222 17.177595
vn -1.273950 1.743074 -2.021889
v 3.999980 20.736698 16.667025
vn 0.242161 -1.441844 1.113037
v 4.134178 20.792828 16.698133
vn 1.055699 0.907257 -0.951665
v 4.024401 21.117550 17.180828
vn -1.180675 -1.361559 -0.581974
v 3.857831 21.778112 18.111040
vn -1.102867 1.762577 -2.148008
v 3.992652 21.679644 17.972155
vn -1.894972 -0.048420 -0.708258
v 4.078586 21.567644 17.825939
vn -2.082011 -0.335925 -0.576752
v 4.065712 21.537947 17.857281
vn -1.904311 -0.545874 -0.351080
v 4.069241 21.510710 17.891453
vn 1.280936 -2.457334 -0.753133
v 4.370954 21.845669 0.316507
vn 0.167335 -0.357814 -0.093082
v 4.529608 21.942194 0.271404
vn 0.125132 -0.383592 -0.114753
v 4.874325 22.089605 0.255034
vn -0.165924 0.033072 -3.339945
v 5.052372 22.135572 0.246156
vn 0.487363 -1.419712 -0.510793
v 7.980872 21.076433 0.076324
vn -0.114520 0.025268 -3.252460
v 7.549101 20.969149 0.091013
vn -0.272313 -1.344572 -0.483361
v 9.877859 21.460709 0.082081
vn -0.595020 -1.492043 -0.524579
v 10.122006 21.381386 0.043967
vn -0.070808 0.025967 -3.225574
v 8.878431 21.434235 0.055963
vn -0.093927 0.061152 -3.232176
v 8.643161 21.358782 0.060798
vn -0.089381 0.058854 -3.061908
v 8.637617 21.374844 0.061263
vn -0.048151 0.002411 -3.232018
v 9.121740 21.490032 0.051570
vn -0.066755 0.023241 -3.055785
v 8.874027 21.450623 0.056187
vn 0.184772 -1.558592 -0.564588
v 9.375135 21.524343 0.048813
vn -0.156091 -1.284921 -0.347068
v 11.954424 20.144690 0.141669
vn -0.169399 -1.733391 -0.466070
v 11.954371 20.155010 0.103486
vn 0.118753 -0.112498 -3.452823
v 12.169814 20.197060 0.109489
vn 0.086683 -0.091462 -2.891996
v 11.954371 20.155010 0.103486
vn 0.100829 -0.107468 -3.385793
v 11.954019 20.171535 0.102951
vn 0.098125 -0.094769 -2.824441
v 12.174042 20.181082 0.110172
vn 0.093522 -0.010268 -3.073003
v 14.490932 21.704502 0.205164
vn 0.116271 0.100814 -3.083412
v 15.048435 21.593288 0.222388
vn -0.031156 -1.271845 -0.528337
v 15.424255 21.550499 0.273219
vn 0.667287 -1.660207 0.020955
v 17.235834 20.002895 18.432327
vn 2.262346 -1.856762 -1.986652
v 17.080919 19.973440 18.285671
vn 1.070636 0.533276 -1.249737
v 17.370985 20.085043 18.577690
vn 1.304741 -1.286645 -0.096329
v 17.491692 20.185698 18.724176
vn -0.275350 1.475400 0.566764
v 16.272400 19.918869 16.329279
vn -0.623030 2.924326 -0.236136
v 16.057972 19.848911 16.410885
vn -0.296358 -1.487832 -0.738082
v 16.134272 19.786270 16.506521
vn -0.080960 -1.098200 -0.038155
v 16.533113 20.125217 17.653223
vn 0.166427 -1.438525 -0.458690
v 16.777370 20.026014 17.986490
vn 0.967683 -0.260583 -1.036192
v 16.924831 19.976179 18.136734
vn 1.013358 1.363052 -0.073382
v 17.190329 23.472075 0.517125
vn 0.380218 0.749729 -3.373691
v 17.313158 23.346844 0.495802
vn 0.099434 0.586942 -2.776389
v 2.529913 22.699570 0.530062
vn -1.710488 0.329177 -0.408046
v 4.087055 21.398579 17.733267
vn -0.133052 0.265723 -0.295418
v 3.983757 20.854347 16.780155
vn 0.951850 -2.169954 0.413358
v 4.017785 20.743364 16.659380
vn -0.173043 0.271853 -0.111466
v 4.024401 21.117550 17.180828
vn -0.757680 1.059577 -0.430664
v 4.010373 21.022923 16.972694
vn -0.929739 -0.711610 -0.398010
v 3.982699 21.716824 17.928930
vn -1.444191 -0.992364 -0.643918
v 3.992652 21.679644 17.972155
vn -0.031644 1.516523 -1.184673
v 4.078586 21.567644 17.825939
vn -2.085442 0.873374 -0.717561
v 4.101462 21.432543 17.701986
vn -0.143315 -0.010374 -3.012899
v 4.869716 22.105852 0.255190
vn -0.094140 -0.034422 -3.023259
v 7.770266 21.001997 0.083805
vn -0.105183 -0.030005 -3.304596
v 7.765689 21.018324 0.083753
vn -0.156008 0.186194 -3.068035
v 7.980872 21.076433 0.076324
vn -0.339285 -1.552646 -0.556591
v 9.881657 21.473457 0.044480
vn -0.800901 -1.388839 -0.548042
v 10.346906 21.254068 0.047211
vn -0.045212 0.002711 -3.050169
v 9.118951 21.506720 0.051621
vn -0.038604 -1.559068 -0.585356
v 9.630987 21.523405 0.046760
vn -0.032829 0.050185 -3.279221
v 9.375135 21.524343 0.048813
vn -0.816653 -1.078272 -0.480762
v 10.543588 21.086103 0.089833
vn -0.836372 -1.028255 -0.283978
v 11.270167 20.370619 0.124112
vn -1.033783 -2.466992 -0.700243
v 11.489193 20.250620 0.129874
vn 0.070326 -0.080351 -3.323251
v 11.727928 20.201082 0.096209
vn -0.114928 -1.266936 -0.518530
v 15.233936 21.558510 0.266247
vn 0.122313 0.108027 -3.232152
v 15.050411 21.610168 0.223022
vn 0.120087 0.117487 -3.072561
v 15.237315 21.573479 0.228924
vn 2.251870 0.324732 -2.406179
v 17.231882 20.021896 18.431181
vn 0.981683 -1.536922 -0.184889
v 17.370985 20.085043 18.577690
vn 0.884261 -0.948394 -0.076976
v 17.522253 20.218378 18.672607
vn 2.582929 0.574719 0.841560
v 19.462383 21.685741 15.868253
vn -0.337356 1.441522 0.462744
v 16.186157 19.911448 16.306698
vn -0.514193 -2.848603 -1.455586
v 16.057972 19.848911 16.410885
vn 0.918732 1.081077 -0.064800
v 17.196526 23.469128 0.555820
vn 0.301616 0.607298 -2.720272
v 17.324883 23.356659 0.499308
vn 0.045227 1.931105 -0.054512
v 2.529913 22.699570 0.530062
vn 0.133207 0.725356 -3.359125
v 2.532801 22.684198 0.526879
vn -1.288346 1.136423 -0.455231
v 4.125795 21.344208 17.515631
vn -0.518425 1.463161 -0.647368
v 4.092990 21.217821 17.352530
vn 0.799060 0.875478 -0.826610
v 4.141865 21.333054 17.519352
vn -0.510306 1.785483 -2.017036
v 4.077179 20.748375 16.642759
vn 0.448111 -1.006999 0.801505
v 4.267746 20.804998 16.665657
vn 0.459534 -1.361329 1.070870
v 4.218390 20.745426 16.618406
vn -0.930872 -0.195061 -0.516070
v 4.108431 21.607309 17.790657
vn -1.591705 0.697211 -1.669012
v 4.094908 21.570400 17.829000
vn -1.482189 0.889897 -0.661328
v 4.132745 21.459974 17.674707
vn -0.200340 0.057608 -3.016925
v 3.864081 21.585302 0.303942
vn -0.156030 -0.012523 -3.289189
v 4.874325 22.089605 0.255034
vn -0.128455 -0.045524 -3.226768
v 4.529608 21.942194 0.271404
vn -0.142131 -0.007805 -3.065457
v 4.694065 22.036289 0.263541
vn 0.009308 -0.017409 -3.290789
v 10.122006 21.381386 0.043967
vn -0.007330 0.044943 -3.310285
v 9.881657 21.473457 0.044480
vn -0.007383 0.038702 -2.972616
v 9.886168 21.489624 0.044685
vn 0.053484 -0.018124 -3.281279
v 10.346906 21.254068 0.047211
vn 0.008134 -0.016239 -2.992006
v 10.129078 21.396656 0.043901
vn -0.017825 0.092681 -3.333213
v 9.630987 21.523405 0.046760
vn -0.029857 0.047647 -3.002954
v 9.374493 21.541183 0.049082
vn -1.994066 -1.929030 -0.923636
v 10.901019 20.711405 0.103482
vn -0.195111 -0.213796 -0.078554
v 11.084530 20.534950 0.075824
vn -0.066537 -0.307896 -0.083693
v 11.724524 20.184811 0.096528
vn 0.062161 -0.073153 -2.955823
v 11.724524 20.184811 0.096528
vn -0.135092 -1.630654 -0.668580
v 15.237315 21.573479 0.228924
vn 0.025785 -1.366792 -2.125799
v 15.426940 21.565874 0.236049
vn 2.019905 0.289873 -2.159491
v 17.235834 20.002895 18.432327
vn 1.142358 -0.299308 -1.220849
v 16.928905 19.996016 18.135550
vn 0.545353 -1.748306 -0.141846
v 17.231882 20.021896 18.431181
vn 0.657345 -1.118296 -0.142119
v 17.406414 20.112146 18.528294
vn 1.063306 -0.476010 0.575804
v 19.444851 21.250118 15.945381
vn 1.217551 -0.106603 0.484954
v 19.478878 21.469675 15.914943
vn 0.001079 1.218061 0.297521
v 16.307730 19.976963 16.195213
vn -0.328589 -1.920918 -1.495394
v 16.186157 19.911448 16.306698
vn -0.122616 -0.551876 -0.458026
v 16.252001 19.825447 16.392694
vn 0.110603 -1.520181 -0.418373
v 16.791021 20.029955 17.975779
vn 1.537722 0.970018 -0.110998
v 17.324883 23.356659 0.499308
vn 1.147948 0.660280 -0.083056
v 17.328152 23.355885 0.538337
vn 0.376096 0.562223 -3.323370
v 17.403084 23.186655 0.477563
vn -0.328241 1.276419 -0.021321
v 2.355007 22.655090 0.559900
vn -0.197124 0.565928 -2.567403
v 2.358529 22.655344 0.520885
vn 0.923137 1.037995 -0.966948
v 4.125795 21.344208 17.515631
vn -0.502881 1.227582 -0.516003
v 4.108427 21.221289 17.345736
vn -0.071195 0.405604 -0.461939
v 4.060717 20.869242 16.751423
vn -0.716811 1.436810 -1.874893
v 4.218390 20.745426 16.618406
vn 1.084996 2.044061 -1.321854
v 4.149632 21.453749 17.678942
vn 1.391723 2.644372 -1.662527
v 4.132745 21.459974 17.674707
vn -0.109867 -0.076718 -3.088947
v 4.353714 21.871901 0.279385
vn -0.015878 0.081828 -2.947789
v 9.632839 21.540119 0.047219
vn 0.049272 -0.015987 -3.001125
v 10.356153 21.268169 0.047286
vn -0.932864 -1.214497 -0.543054
v 10.552816 21.095779 0.052456
vn -1.077299 -1.370832 -0.381121
v 11.274768 20.377419 0.085939
vn -1.196021 -2.833273 -0.805094
v 11.493044 20.259825 0.091759
vn 0.009240 -0.170544 -3.317959
v 11.499682 20.275108 0.090981
vn 0.066336 0.076196 -1.668160
v 15.426940 21.582848 0.236810
vn 0.248539 -1.225912 -0.620957
v 16.180449 21.630335 0.303499
vn 2.300694 -0.317146 -2.328634
v 17.081968 19.993231 18.284012
vn 0.330914 -1.259048 -0.091853
v 17.272995 20.036180 18.383503
vn 0.357557 0.092718 0.107901
v 19.394686 22.090534 15.712800
vn 1.198894 0.294559 0.355268
v 19.342079 22.301413 15.715485
vn 0.722448 -0.941164 0.616587
v 19.351631 21.055323 15.950786
vn 1.697456 -0.093938 0.662723
v 19.498240 21.458931 15.863970
vn -0.499135 -0.915193 -0.705877
v 16.307730 19.976963 16.195213
vn 0.227156 -1.531446 -0.277406
v 16.928905 19.996016 18.135550
vn 0.312420 0.477168 -2.833078
v 17.417992 23.192379 0.480206
vn -0.552474 1.713873 -0.034104
v 2.358529 22.655344 0.520885
vn -0.269163 0.790077 -3.535691
v 2.366362 22.642134 0.517344
vn -0.971630 1.002604 -0.051724
v 2.230519 22.533081 0.555628
vn 0.591652 -0.676045 0.452618
v 4.354613 20.766970 16.569313
vn -0.233443 0.354870 -0.492025
v 4.200898 20.871002 16.717276
vn -0.238732 -1.133909 -0.475442
v 2.968814 21.321152 0.403164
vn -0.249342 0.126532 -3.222887
v 3.856739 21.600584 0.305110
vn 0.089969 -0.026173 -3.296676
v 10.552816 21.095779 0.052456
vn -0.045251 -0.236613 -2.933598
v 11.274768 20.377419 0.085939
vn -0.059124 -0.217976 -3.013630
v 11.084530 20.534950 0.075824
vn -0.066576 -0.235426 -3.250641
v 11.095587 20.547688 0.074676
vn 0.006280 -0.155696 -2.956773
v 11.493044 20.259825 0.091759
vn 0.129757 0.088728 -3.100612
v 15.993948 21.615053 0.259022
vn 0.088028 -0.369120 -0.035319
v 17.081968 19.993231 18.284012
vn 0.232790 -1.526664 -0.268643
v 16.942009 20.000017 18.124168
vn 2.907594 0.634793 0.949739
v 19.481293 21.675661 15.817098
vn 1.620724 0.381847 0.477890
v 19.360012 22.290388 15.664109
vn 1.042172 -1.180341 0.824764
v 19.375311 21.040634 15.900619
vn 1.522402 -0.601384 0.792540
v 19.466568 21.237444 15.894800
vn 0.061822 0.493929 0.074854
v 16.643011 19.942253 16.147341
vn 1.799311 0.558785 -0.158786
v 17.417992 23.192379 0.480206
vn 0.157654 0.465895 -3.310756
v 17.450237 23.009817 0.454793
vn -0.486164 0.445875 -2.702918
v 2.230958 22.531487 0.516484
vn -1.626120 0.676495 -1.170624
v 4.354613 20.766970 16.569313
vn -1.486229 -1.970724 -0.928077
v 2.434925 21.509878 0.458662
vn -0.441897 -1.063039 -0.481047
v 2.781594 21.351753 0.420061
vn 0.012862 -1.150550 -0.543728
v 3.158120 21.329655 0.387958
vn -0.151561 0.128916 -1.683369
v 3.513092 21.452492 0.327256
vn 0.219975 -1.294210 -2.257119
v 3.518274 21.436483 0.325545
vn 0.079719 -0.024159 -2.983419
v 10.563713 21.108746 0.052652
vn -0.050250 -0.266788 -3.329072
v 11.283998 20.391386 0.084669
vn 0.098837 0.295886 -3.218202
v 15.991093 21.631727 0.260464
vn 0.610890 -2.052409 -1.204474
v 16.364925 21.676834 0.312879
vn 0.326690 -1.526438 -0.787760
v 16.180326 21.648699 0.267195
vn 2.623372 0.311226 0.728888
v 19.323498 22.697971 15.621495
vn 0.378658 -1.192910 0.546215
v 19.190531 20.913536 15.922408
vn 0.563297 -1.515587 0.729985
v 19.213467 20.897930 15.872425
vn -0.541128 -0.666866 -0.482146
v 16.479033 19.880615 16.136215
vn 0.201920 2.200163 0.179303
v 16.418398 19.983253 16.062307
vn 1.197544 0.337878 -0.107725
v 17.421297 23.193056 0.519070
vn 0.127951 0.407736 -2.902506
v 17.466610 23.012310 0.455893
vn -1.248109 1.181934 -0.063789
v 2.230958 22.531487 0.516484
vn -0.614074 0.556454 -3.399504
v 2.243028 22.522461 0.512815
vn -1.311324 0.610141 -0.051202
v 2.151284 22.362999 0.549237
vn -0.685981 0.140493 -0.311719
v 4.339755 20.893976 16.659252
vn 0.603698 -0.311904 0.111621
v 4.452893 20.933582 16.503336
vn -0.174313 -0.341315 -0.156678
v 2.601698 21.434582 0.402277
vn -0.637847 -1.626327 -0.729758
v 2.779054 21.369291 0.383638
vn -0.318748 -1.712484 -0.728080
v 2.963626 21.337585 0.366577
vn 0.285407 -1.127302 -0.587146
v 3.528050 21.420139 0.361677
vn 0.082744 0.299631 -3.050912
v 16.180326 21.648699 0.267195
vn 0.709149 0.155491 0.194698
v 19.236012 23.115931 15.675224
vn 1.037115 0.201715 0.285582
v 19.328890 22.882668 15.523225
vn -0.160830 -0.730019 0.190145
v 18.727833 20.845079 15.950810
vn 0.051449 -0.760420 0.211489
v 18.933331 20.860880 16.022472
vn -0.427943 0.703698 0.184441
v 16.689054 19.965508 16.008821
vn -1.245770 -1.463126 -0.849116
v 16.418398 19.983253 16.062307
vn 1.025715 -0.799966 -0.596483
v 17.308191 22.284309 0.402608
vn 1.758520 0.182474 -0.340321
v 17.466610 23.012310 0.455893
vn 1.302279 0.107012 -0.268353
v 17.474699 23.008993 0.493825
vn -0.029802 0.427167 -3.284487
v 17.460094 22.825121 0.430556
vn -0.505875 0.306072 -2.784545
v 2.151702 22.360638 0.510397
vn -2.649338 0.087084 -0.335962
v 2.120331 22.172691 0.534287
vn -1.435667 0.219071 -0.370063
v 4.416831 20.852131 16.470776
vn 2.152095 -1.031492 0.269496
v 4.416831 20.852131 16.470776
vn -1.016738 -0.586111 -0.301832
v 2.294445 21.635162 0.478749
vn -1.843662 -2.364629 -1.115719
v 2.436230 21.526226 0.421858
vn 0.046281 -1.683616 -0.806187
v 3.150758 21.346691 0.351735
vn 0.183071 -1.132202 -0.600479
v 3.345772 21.366306 0.374206
vn -0.281229 0.259895 -3.310055
v 3.149467 21.363373 0.353168
vn 0.277600 -1.614216 -0.854395
v 3.336841 21.383894 0.338321
vn 0.088158 0.322893 -3.264219
v 16.176519 21.665161 0.268712
vn 0.080724 0.320265 -3.056430
v 16.363691 21.696135 0.276901
vn 0.512507 -1.202834 -0.682831
v 16.723288 21.807281 0.335998
vn 0.163408 -0.501222 -0.292024
v 16.440693 21.718071 0.281040
vn 0.170565 -1.714325 0.516071
v 19.012215 20.809692 15.819233
vn -1.224611 -1.145870 -0.190944
v 16.577303 19.857023 15.994022
vn -0.529760 4.257718 -0.856136
v 16.576033 19.959448 15.935023
vn 1.163561 -0.638788 -0.532134
v 17.405743 22.446310 0.423189
vn -0.030270 0.383075 -2.945057
v 17.476759 22.824678 0.430322
vn -1.546686 0.657458 -0.076108
v 2.151702 22.360638 0.510397
vn -0.601446 0.366616 -3.362455
v 2.166776 22.356400 0.507206
vn 2.315007 -0.654421 -0.346649
v 4.463208 21.053358 16.373652
vn -1.139399 -0.327513 -0.317482
v 2.193982 21.795063 0.497287
vn -1.583145 -0.975807 -0.497331
v 2.297651 21.648842 0.441385
vn -0.187221 0.307138 -2.967600
v 2.601698 21.434582 0.402277
vn -0.204273 0.236502 -2.907482
v 2.436230 21.526226 0.421858
vn -0.232475 0.275000 -3.339565
v 2.446415 21.539316 0.422217
vn -0.223070 0.258929 -2.939890
v 2.779054 21.369291 0.383638
vn -0.206018 0.338620 -3.268881
v 2.608964 21.449524 0.403376
vn -0.240461 0.192094 -2.907082
v 2.963626 21.337585 0.366577
vn -0.251832 0.286956 -3.301410
v 2.783301 21.385416 0.384726
vn -0.276941 0.219805 -3.341722
v 2.964957 21.354273 0.367558
vn -0.252266 0.234624 -2.973233
v 3.150758 21.346691 0.351735
vn -0.257653 0.151448 -3.042341
v 3.336841 21.383894 0.338321
vn 0.074104 0.347382 -3.060956
v 16.543728 21.755852 0.287919
vn 0.626399 -1.093871 -0.620533
v 16.891415 21.896114 0.349969
vn 1.700644 0.424136 0.514765
v 19.300611 23.074608 15.472937
vn 1.125772 0.500223 0.545676
v 19.220724 23.263115 15.464945
vn -0.271760 -2.232257 0.594916
v 18.802767 20.776272 15.750022
vn -2.303237 -2.122643 -0.318603
v 16.502993 19.948690 15.920505
vn -0.007530 0.499677 -0.029499
v 16.576729 19.951569 15.801384
vn -0.243630 3.183491 -1.133302
v 16.502993 19.948690 15.920505
vn 2.445269 -0.447593 -0.927076
v 17.466255 22.625914 0.444265
vn 1.610841 -1.775416 -1.174270
v 17.045319 22.007879 0.365683
vn 0.286465 -0.247933 -0.176983
v 17.176287 22.156464 0.347243
vn 1.247804 -0.932889 -0.703966
v 17.299603 22.300411 0.366245
vn 0.386401 0.001452 -0.106091
v 17.476759 22.824678 0.430322
vn -0.003047 0.403473 -3.313006
v 17.438183 22.641365 0.407907
vn -0.305980 0.247635 -2.872974
v 2.125257 22.175436 0.496153
vn -3.142811 0.097670 -0.398945
v 2.125257 22.175436 0.496153
vn -0.381052 -0.070314 -0.078121
v 2.144164 21.987148 0.477923
vn 3.122335 -0.473752 -0.393755
v 4.447595 21.081894 16.215513
vn -1.761495 -0.555301 -0.493911
v 2.200962 21.807051 0.459870
vn -0.232154 0.192707 -2.829199
v 2.297651 21.648842 0.441385
vn -0.282159 0.232633 -3.419546
v 2.310445 21.659340 0.441035
vn 0.063316 0.398741 -3.283411
v 16.712528 21.841341 0.301717
vn 0.627203 -1.414760 -0.803071
v 16.720102 21.826342 0.300030
vn 1.687088 1.692489 1.073996
v 19.130713 23.422100 15.399040
vn -1.632743 -1.958837 0.615149
v 18.420856 20.909250 15.642870
vn -0.311835 -0.990110 0.279882
v 18.603868 20.799875 15.672406
vn -1.652541 0.821547 0.839629
v 16.651979 20.024632 15.878000
vn -0.366469 -0.548370 0.016605
v 16.653246 19.822367 15.852490
vn -1.541631 -1.928260 0.053641
v 16.546400 19.891647 15.782351
vn -2.880644 1.546991 -0.046227
v 16.576729 19.951569 15.801384
vn -2.330517 1.758484 -0.721299
v 16.546400 19.891647 15.782351
vn 1.410567 -0.722213 -0.635897
v 17.396471 22.460075 0.386391
vn 0.000037 0.355141 -2.924480
v 17.454458 22.637714 0.407452
vn -0.343849 0.287185 -3.351071
v 2.141591 22.175161 0.494427
vn -1.738071 0.162938 -0.062809
v 4.439315 21.078217 16.435101
vn 0.601062 0.014980 -0.040096
v 4.445182 21.194767 16.083817
vn -2.309055 -0.025617 -0.075740
v 4.447595 21.081894 16.215513
vn -0.163010 0.239540 -2.885128
v 2.200962 21.807051 0.459870
vn -0.194229 0.278056 -3.366924
v 2.215847 21.814142 0.459610
vn 0.057111 0.367895 -3.014526
v 16.720102 21.826342 0.300030
vn 0.799275 -1.335423 -0.768922
v 16.887098 21.914186 0.313754
vn 1.470404 0.718945 0.742760
v 19.246334 23.258606 15.416243
vn -0.332421 -0.250991 0.013106
v 18.180676 21.175022 15.902742
vn -0.695561 -0.374243 -0.087103
v 16.576424 19.867468 15.646481
vn 2.949453 -0.494902 -1.103810
v 17.454458 22.637714 0.407452
vn 1.937694 -2.104263 -1.396783
v 17.038975 22.025976 0.329619
vn 0.024382 0.360861 -2.957257
v 17.299603 22.300411 0.366245
vn -0.007546 0.411518 -3.011333
v 17.176287 22.156464 0.347243
vn -0.007711 0.439199 -3.213462
v 17.163866 22.167664 0.348812
vn 0.059986 0.324094 -2.894429
v 17.396471 22.460075 0.386391
vn 0.029489 0.398148 -3.279562
v 17.285610 22.309601 0.367242
vn 0.068788 0.374854 -3.348996
v 17.381136 22.466780 0.386816
vn -0.127207 0.254711 -2.923357
v 2.144164 21.987148 0.477923
vn -0.884004 -0.051194 -0.027680
v 4.438883 21.182713 16.307281
vn -1.281553 -0.292266 -0.152144
v 4.445182 21.194767 16.083817
vn -0.140114 0.289853 -3.329158
v 2.160325 21.990494 0.477541
vn 0.062578 0.338585 -2.971483
v 16.887098 21.914186 0.313754
vn 1.962627 1.979994 1.249445
v 19.160603 23.422281 15.351802
vn -1.401286 -1.103240 0.098837
v 18.294319 21.004246 15.514671
vn -1.880434 -2.309853 0.737716
v 18.434288 20.882702 15.593984
vn 0.029775 0.381543 -2.992010
v 17.038975 22.025976 0.329619
vn 0.030458 0.415689 -3.239923
v 17.028166 22.038809 0.331157
vn 0.068347 0.373258 -3.270076
v 16.877922 21.928284 0.315163
vn 0.504153 0.902452 0.347516
v 19.037970 23.553249 15.278309
vn -1.219359 -0.835768 0.083226
v 18.188267 21.140654 15.437093
vn 0.693243 0.090373 -0.019060
v 4.415586 21.397963 15.970818
vn -0.908594 -0.368601 -0.190776
v 4.375933 21.384680 16.046690
vn -2.475475 -0.753892 0.305016
v 18.105022 21.326807 15.402298
vn 0.537041 1.312013 0.390956
v 18.774218 23.648409 15.378337
vn 2.426970 0.331130 -0.103167
v 4.426845 21.307791 15.952774
vn -1.886721 -0.922460 -0.436124
v 4.426845 21.307791 15.952774
vn 1.152246 2.787593 0.837867
v 18.891253 23.654696 15.196472
vn 2.147156 0.369614 -0.280760
v 4.377828 21.505632 15.838362
vn -1.485091 -1.015471 -0.416935
v 4.323705 21.474243 15.914747
vn 0.352003 -1.168840 0.156614
v 2.896693 22.081287 15.576880
vn 0.504091 -1.080479 0.202316
v 2.683743 22.017296 15.559520
vn -0.536699 -0.079467 0.027492
v 18.065226 21.473248 15.271063
vn 0.274857 1.048621 0.295823
v 18.733311 23.729809 15.106997
vn -2.933696 -0.906753 0.368532
v 18.106901 21.300735 15.353107
vn 1.572240 0.566747 -0.296675
v 4.356290 21.518581 15.690694
vn -1.338500 -1.783241 -0.552630
v 4.356290 21.518581 15.690694
vn 0.634148 -1.162875 0.240561
v 2.482254 21.919600 15.535778
vn -0.157577 -2.469512 0.249029
v 3.112677 22.097551 15.581223
vn -1.243145 -0.106804 0.036966
v 18.046488 21.679420 15.236597
vn 1.272397 0.595182 -0.282094
v 4.321643 21.600138 15.706492
vn -0.389683 -0.658863 -0.189352
v 4.265061 21.546782 15.780314
vn 0.254969 -0.852852 -0.406923
v 4.105513 21.554499 15.525689
vn 0.526023 -1.127040 0.227730
v 2.098710 21.702377 15.496299
vn 0.497528 -1.835448 0.236520
v 2.897732 22.074064 15.520638
vn 0.775663 -1.744612 0.314347
v 2.686812 22.008272 15.503680
vn 0.886780 -1.656944 0.338585
v 2.486434 21.910467 15.480610
vn -2.730747 -0.075196 0.048019
v 18.034519 22.040363 15.069361
vn -1.756529 -0.143134 0.050613
v 18.047256 21.653755 15.188272
vn -0.115994 2.479225 0.784227
v 18.538782 23.757509 15.055744
vn 0.861114 0.465791 -0.344649
v 4.292608 21.593418 15.561350
vn -0.095151 -1.196683 -0.474463
v 4.292608 21.593418 15.561350
vn 0.233207 -0.685122 0.083772
v 1.903298 21.625105 15.643540
vn 0.735224 -1.557225 0.315169
v 2.103294 21.693623 15.442387
vn -0.206282 -3.203644 0.323113
v 3.111058 22.091984 15.524993
vn -0.475270 -1.000577 0.059540
v 3.318667 22.046165 15.510231
vn -0.116960 2.933221 0.942715
v 18.570415 23.772623 15.012642
vn 1.796874 -0.260784 -1.531000
v 4.190071 21.622551 15.436044
vn 0.086568 -0.691991 0.132751
v 1.708039 21.573792 15.625192
vn 0.628235 -1.762835 0.233347
v 1.913545 21.602367 15.429052
vn -0.137709 -0.056294 2.917872
v 2.897732 22.074064 15.520638
vn -0.204823 -0.208792 2.975068
v 2.686812 22.008272 15.503680
vn -0.228835 -0.227090 3.277025
v 2.693469 21.989271 15.502802
vn 0.071565 0.074461 2.838096
v 3.111058 22.091984 15.524993
vn -0.166111 -0.056728 3.354421
v 2.900774 22.054396 15.520431
vn -0.233212 -0.219064 3.064685
v 2.486434 21.910467 15.480610
vn -0.248948 -0.218265 3.190277
v 2.495165 21.892080 15.480036
vn -0.228236 -0.017479 3.199146
v 2.103294 21.693623 15.442387
vn -0.032096 -0.485963 3.085708
v 2.302519 21.781267 15.458113
vn -0.912472 -1.176172 0.060504
v 3.508176 21.948301 15.701076
vn -1.739193 -0.212685 -0.045757
v 18.028139 22.190163 14.941126
vn -0.223113 1.057767 0.194693
v 18.408865 23.777172 14.916164
vn 0.514364 0.334474 -0.343137
v 4.132823 21.722366 15.447524
vn 0.449300 -2.336204 0.397429
v 1.720350 21.534674 15.413253
vn -0.268072 0.057814 3.241503
v 1.913545 21.602367 15.429052
vn -0.248487 0.050823 3.018924
v 1.920645 21.583427 15.429968
vn 0.081785 0.094048 3.433216
v 3.109451 22.072296 15.525579
vn 0.307558 -0.012738 2.827662
v 3.318667 22.046165 15.510231
vn -0.224669 -0.002567 3.072866
v 2.112175 21.675278 15.443021
vn -2.002576 -2.427069 0.128735
v 3.501071 21.942551 15.482146
vn -0.574604 -0.148573 -0.061719
v 3.617901 21.779379 15.659450
vn -1.367816 -0.191711 -0.047309
v 18.022734 22.217184 14.987900
vn -1.928606 1.659870 0.139010
v 17.602688 23.334454 14.342057
vn -0.097539 -1.873230 0.459748
v 1.524252 21.505955 15.391427
vn -0.337625 0.096433 3.315064
v 1.720350 21.534674 15.413253
vn -0.298375 0.080520 2.932826
v 1.724437 21.515026 15.414218
vn 0.369067 -0.023610 3.410753
v 3.311867 22.027811 15.510878
vn 0.352536 -0.284919 2.778805
v 3.501071 21.942551 15.482146
vn -2.271050 -0.928752 -0.156697
v 3.638777 21.787073 15.446572
vn -1.685177 -0.477649 -0.233829
v 18.006765 22.362806 14.859496
vn -0.382611 1.349284 0.171614
v 18.128935 23.698208 14.988035
vn -0.458105 0.468509 0.042189
v 17.630737 23.364147 14.570344
vn -1.503381 2.030396 0.470569
v 17.936480 23.628960 14.655450
vn -1.029213 0.547121 0.172272
v 17.432486 23.102484 14.131192
vn -1.120244 0.340690 0.126635
v 17.252634 22.712254 13.810198
vn -0.075219 -0.432342 0.122053
v 1.300258 21.650671 15.766004
vn -0.456923 0.215539 3.377634
v 1.524252 21.505955 15.391427
vn -0.380434 0.185946 2.836309
v 1.524367 21.486109 15.392709
vn 0.441140 -0.348030 3.414501
v 3.489206 21.928120 15.482208
vn 0.072252 -0.606572 2.630194
v 3.638777 21.787073 15.446572
vn 0.088170 -0.796051 3.495487
v 3.622659 21.780392 15.445474
vn -1.685032 0.496199 -0.222642
v 3.686382 21.620735 15.403786
vn -0.038348 0.715196 -0.024578
v 2.832899 21.205286 15.331917
vn -0.725454 -0.226185 -0.115610
v 17.947571 22.460173 15.040445
vn -0.839860 3.006240 0.391396
v 18.251276 23.754608 14.817357
vn -0.759719 0.809900 0.092819
v 17.836636 23.570934 14.509708
vn -2.298868 1.107446 0.104179
v 17.364080 22.976835 14.025381
vn -0.481476 0.332135 0.058525
v 17.525572 23.257048 14.196438
vn -1.385018 1.381232 0.123201
v 17.724480 23.470633 14.405717
vn -0.447867 0.523800 3.294472
v 1.325785 21.531626 15.360049
vn -0.286543 -0.651920 2.208616
v 3.686382 21.620735 15.403786
vn 0.099833 0.726643 0.003547
v 2.647991 21.237146 15.263791
vn -0.250803 0.687169 0.028854
v 3.208390 21.244848 15.454538
vn 0.315188 1.260498 0.140533
v 2.524858 21.279112 15.041653
vn -1.046346 -0.413504 -0.216013
v 17.967859 22.531061 14.774449
vn -0.429870 1.101339 0.154783
v 18.100264 23.716080 14.716023
vn -1.794880 2.459145 0.584674
v 17.960489 23.656540 14.613153
vn -0.533739 0.210940 0.041797
v 17.312902 22.884205 13.880738
vn -1.720364 0.901801 0.256790
v 17.444613 23.137785 14.091530
vn -2.636971 0.784493 -0.094178
v 17.207565 22.565201 13.695189
vn -0.722371 -1.283506 0.434020
v 1.129947 21.673243 15.521832
vn -0.569819 -2.163719 0.653570
v 1.325785 21.531626 15.360049
vn -0.387884 0.453855 2.856282
v 1.321255 21.512707 15.362440
vn -0.526083 -1.118164 3.779109
v 3.668458 21.623056 15.402018
vn -0.302632 0.211969 -0.045477
v 3.482776 21.407513 15.764870
vn -0.337110 1.632545 0.005101
v 3.093657 21.214251 15.185944
vn 0.027040 2.406028 -0.050620
v 2.907723 21.202145 15.123772
vn -0.804233 1.227394 0.083518
v 3.385062 21.322598 15.509218
vn 0.812069 2.481243 0.283424
v 2.350629 21.345364 14.972626
vn -1.846442 0.559963 0.173255
v 17.259392 22.748642 13.772085
vn -0.409243 0.068123 -0.027894
v 17.141699 22.313387 13.441843
vn -1.115148 0.114502 -0.093619
v 17.128267 22.139709 13.389420
vn -0.531276 -0.470903 0.230652
v 0.973737 21.791397 15.467764
vn -0.339233 0.730658 2.834528
v 1.126180 21.584694 15.322887
vn -0.523182 -0.609661 2.653777
v 3.598466 21.484547 15.354058
vn -1.744554 1.540452 -0.159428
v 3.598466 21.484547 15.354058
vn 0.280320 1.827840 0.036548
v 2.721569 21.228039 15.058563
vn -0.971503 2.195898 0.122521
v 3.270499 21.276342 15.244356
vn 0.457637 1.754729 0.196304
v 2.544066 21.279951 14.991048
vn -1.793679 -1.742802 -0.537251
v 17.871820 22.690771 14.725711
vn -1.572988 -1.626267 0.700527
v 0.963021 21.706699 15.270160
vn -1.478691 -2.595505 0.877204
v 1.135268 21.601828 15.319496
vn -0.378655 0.841037 3.205313
v 1.135268 21.601828 15.319496
vn -0.664337 -0.752276 3.360263
v 3.582833 21.494541 15.353217
vn -0.830860 -0.464946 2.722969
v 3.093657 21.214251 15.185944
vn -1.085134 -0.159584 3.148640
v 2.907131 21.221823 15.124565
vn -0.957926 -0.141118 2.786663
v 2.907723 21.202145 15.123772
vn -1.003631 0.206495 2.823592
v 2.721569 21.228039 15.058563
vn -1.733776 2.629428 0.176132
v 3.438640 21.371937 15.300050
vn -0.680411 -0.566948 2.836612
v 3.270499 21.276342 15.244356
vn -0.757344 -0.627185 3.155713
v 3.262036 21.294559 15.245967
vn 0.292558 0.994181 0.087202
v 2.193461 21.410143 14.855836
vn -2.171959 -2.085386 -0.659544
v 17.899208 22.675585 14.683535
vn -1.975223 0.146529 -0.219075
v 17.134842 22.173290 13.352173
vn 0.942169 2.351797 -0.127177
v 1.223147 23.274353 14.173148
vn 1.509086 1.889804 -0.797848
v 1.430488 23.092552 13.955805
vn -1.505703 -0.964463 0.648961
v 0.819587 21.841118 15.214211
vn -0.265144 0.875540 2.792103
v 0.950226 21.691942 15.273576
vn -0.616858 -0.578724 2.929337
v 3.438640 21.371937 15.300050
vn -0.983349 -0.557699 3.203176
v 3.088574 21.233437 15.187724
vn -1.109346 0.242068 3.121271
v 2.725086 21.247812 15.058283
vn -1.030148 0.236489 2.887396
v 2.544066 21.279951 14.991048
vn -1.009096 0.309191 2.929017
v 2.199672 21.429600 14.855909
vn -1.033967 0.317174 3.001366
v 2.193461 21.410143 14.855836
vn 0.204296 0.720363 0.057013
v 1.933478 21.474024 14.980300
vn -0.754950 -1.595766 -0.154112
v 17.788628 22.777035 14.584288
vn -2.069182 -0.819820 -1.081566
v 17.166868 21.990625 13.318807
vn -0.303023 0.998242 3.177366
v 0.963021 21.706699 15.270160
vn -0.168379 1.092533 3.184691
v 0.819587 21.841118 15.214211
vn -0.655269 -0.612980 3.098868
v 3.426968 21.387493 15.300659
vn -1.018750 0.262287 2.863960
v 2.017320 21.486618 14.787430
vn -0.526116 -1.245968 -0.109660
v 17.755615 22.787365 14.625304
vn -2.633132 -0.847295 -1.214639
v 17.174358 22.022196 13.280547
vn -0.189448 1.314395 0.136625
v 1.096940 23.310446 14.520067
vn 0.299906 0.497986 -0.121804
v 1.296372 23.212349 14.023893
vn 0.009340 1.244910 0.046704
v 1.061209 23.315723 14.252728
vn 0.896818 0.823131 -0.599518
v 1.513883 22.970823 13.856009
vn -0.363495 -0.178836 0.155976
v 0.780861 22.193729 15.528251
vn -0.147801 0.942095 2.751331
v 0.803943 21.829292 15.217420
vn 0.462953 1.784810 0.188844
v 2.012490 21.466873 14.787528
vn -1.078994 0.278998 3.033453
v 2.012490 21.466873 14.787528
vn 0.132679 1.255875 0.345445
v 1.803434 21.495617 14.763323
vn -0.398461 -1.759861 -0.172453
v 17.654964 22.842777 14.478600
vn -0.123938 -1.002588 -0.966435
v 17.270298 21.912807 13.252157
vn 0.928349 0.678718 -0.732112
v 1.583761 22.828953 13.762080
vn -0.257878 0.544787 0.195110
v 0.971919 23.276672 14.637796
vn 1.852716 2.349921 -0.969208
v 1.394354 23.105553 13.918254
vn 1.107949 2.863714 -0.115079
v 1.184943 23.287617 14.135402
vn 1.173999 1.118642 -0.766158
v 1.477759 22.982866 13.818506
vn 0.398236 -1.086153 -0.254342
v 1.431881 20.928291 13.788920
vn 1.620392 -1.358327 -1.449324
v 1.614845 21.192505 13.623720
vn 0.054515 1.060471 2.778665
v 0.697883 21.991585 15.157382
vn -2.049335 -0.855556 0.859102
v 0.715508 21.999962 15.153784
vn -1.168333 0.206324 3.066755
v 1.824430 21.506510 14.715657
vn -0.514170 2.457882 0.796719
v 1.618375 21.496401 14.688012
vn 1.537808 0.524839 0.469486
v 17.502295 22.032486 13.729982
vn -0.248259 -1.297517 -0.129467
v 17.620695 22.845346 14.518566
vn 0.257472 -0.528629 -0.440679
v 17.349356 21.618210 13.578959
vn -0.467477 3.075840 0.346392
v 0.932804 23.302233 14.371484
vn -0.849913 2.224050 0.660374
v 0.807356 23.252705 14.487213
vn 1.928265 -0.502852 2.262779
v 1.404654 23.121597 13.913093
vn 2.200856 -0.401247 2.475441
v 1.296372 23.212349 14.023893
vn 2.088629 -0.550016 2.449573
v 1.394354 23.105553 13.918254
vn 1.949097 -0.341669 2.183334
v 1.303923 23.230202 14.020026
vn 2.332289 -0.148712 2.503171
v 1.184943 23.287617 14.135402
vn 1.980395 0.038170 2.117711
v 1.061568 23.335661 14.252058
vn 2.312642 0.041257 2.466903
v 1.061209 23.315723 14.252728
vn 1.218700 0.926420 -0.938299
v 1.546871 22.839565 13.725140
vn 0.250042 -0.064874 -0.387142
v 2.043456 21.733870 13.691979
vn 0.623796 -0.902865 -0.515966
v 1.532826 21.048302 13.699995
vn -1.374288 -0.309342 0.510572
v 0.687527 22.273468 15.275076
vn 0.074476 1.187115 3.086858
v 0.715508 21.999962 15.153784
vn 0.135575 1.762206 0.508418
v 1.824430 21.506510 14.715657
vn -1.064743 0.179746 2.792438
v 1.826806 21.526575 14.715230
vn 0.691543 0.033469 0.188117
v 17.276777 22.389580 14.049184
vn 0.319241 -1.892523 -0.241128
v 17.517019 22.880169 14.368373
vn 0.264924 -1.144702 -0.151360
v 17.487057 22.868155 14.406790
vn 1.098207 -2.230411 -1.855876
v 17.432693 21.897831 13.292222
vn 0.890273 0.556507 -0.845325
v 1.640481 22.662798 13.673875
vn 2.209718 0.297938 2.494779
v 0.932804 23.302233 14.371484
vn -0.550246 0.935112 0.388890
v 0.701429 23.163673 14.595804
vn 1.972628 -0.475148 2.211877
v 1.489013 22.997297 13.811589
vn 2.154630 -0.521219 2.418172
v 1.477759 22.982866 13.818506
vn 1.947485 -0.121789 2.090382
v 1.188876 23.306946 14.132864
vn 1.193797 0.765533 -1.104237
v 1.601972 22.670921 13.638666
vn 2.265265 -0.454819 2.331104
v 1.546871 22.839565 13.725140
vn 0.447862 -0.207389 -0.599713
v 1.844058 21.547871 13.613180
vn -0.106546 -1.250189 0.191370
v 1.323090 20.861450 13.890571
vn 0.694632 -1.711503 -0.470592
v 1.393351 20.923220 13.750247
vn 0.654075 -0.341157 -0.796892
v 1.638833 21.360950 13.524559
vn 1.014312 -1.399376 -0.848331
v 1.495997 21.044867 13.661480
vn -0.715436 -0.008349 0.262258
v 0.650802 22.451990 15.201034
vn 0.276626 1.154272 2.795904
v 0.621908 22.168888 15.092906
vn -2.860636 -0.653037 1.067663
v 0.640801 22.173836 15.088941
vn -1.290737 0.018106 3.107434
v 1.638230 21.515772 14.641066
vn -0.589266 2.866679 0.933638
v 1.638230 21.515772 14.641066
vn 0.604362 -0.039154 0.027211
v 17.549812 21.907980 13.621182
vn 1.341091 0.216601 0.390798
v 17.349213 22.411339 13.779028
vn 1.247089 -0.305353 0.187427
v 17.247509 22.513983 14.163302
vn 1.656512 -0.824772 -0.503082
v 17.563868 21.953697 13.374781
vn 0.870870 0.115529 -1.039324
v 1.727081 22.132910 13.500111
vn 0.341999 0.198169 -0.356189
v 1.643170 22.491247 13.563769
vn 1.930447 0.284781 2.191382
v 0.929036 23.321516 14.372447
vn 1.986337 0.793796 2.634659
v 0.807356 23.252705 14.487213
vn 1.362409 1.005891 2.253525
v 0.687589 23.177481 14.597939
vn 1.670220 1.246511 2.765349
v 0.701429 23.163673 14.595804
vn -1.747791 1.455176 1.174974
v 0.669254 23.044912 14.732750
vn 2.283793 -0.422549 2.270879
v 1.601972 22.670921 13.638666
vn 2.131861 -0.395680 2.123134
v 1.613851 22.681715 13.628735
vn 2.073063 -0.413748 2.130803
v 1.558309 22.852327 13.716490
vn 0.860991 -0.052365 -1.082457
v 1.736042 21.950085 13.486178
vn 1.515762 -0.574655 -2.160456
v 1.675144 21.557795 13.483604
vn -0.022284 -1.799629 0.163137
v 1.283239 20.858973 13.852202
vn 1.980898 -1.675615 -1.770941
v 1.578471 21.190376 13.585048
vn -0.491742 -0.381385 0.183742
v 1.224904 20.873375 14.231842
vn -2.218582 -0.156124 0.795922
v 0.585488 22.353350 15.019718
vn 0.306262 1.237701 2.983910
v 0.640801 22.173836 15.088941
vn -1.115068 -0.000581 2.695704
v 1.637245 21.535791 14.640578
vn -0.477505 0.918523 0.338504
v 1.462850 21.481379 14.564524
vn 2.387364 0.167149 0.305886
v 17.566088 22.056845 13.473893
vn 2.391751 -0.095695 0.598635
v 17.309839 22.545078 13.899978
vn 2.850908 0.967025 0.864456
v 17.497316 22.181362 13.579862
vn 1.302503 -1.359140 0.007732
v 17.401413 22.868547 14.253924
vn 0.896793 -0.782322 0.032355
v 17.376951 22.842035 14.290902
vn 1.647299 0.718125 -1.893460
v 1.710704 22.310110 13.538260
vn -0.584257 0.231477 0.264730
v 0.697633 22.958565 14.950654
vn 1.692043 0.675631 2.243975
v 0.798330 23.269680 14.488908
vn 1.312300 1.264205 2.798527
v 0.631586 23.031675 14.693112
vn -2.116371 1.748172 1.427391
v 0.631586 23.031675 14.693112
vn 2.158016 -0.381198 2.114527
v 1.655413 22.499830 13.552814
vn 0.981385 -0.221147 -1.470431
v 1.692320 21.761818 13.460509
vn -0.599804 -1.083664 0.374931
v 1.217511 20.876751 14.005056
vn -0.741666 -1.623164 0.497015
v 1.178354 20.885664 13.968175
vn 2.396536 -0.300098 2.490265
v 1.393351 20.923220 13.750247
vn 2.609381 -1.017826 2.437102
v 1.283239 20.858973 13.852202
vn 1.792500 -0.672398 1.711097
v 1.279757 20.840931 13.848542
vn 1.900940 0.072919 2.257032
v 1.505267 21.030306 13.654257
vn 2.136057 0.097212 2.545445
v 1.495997 21.044867 13.661480
vn 2.345999 0.048057 2.370379
v 1.638833 21.360950 13.524559
vn 2.195414 0.098800 2.509678
v 1.578471 21.190376 13.585048
vn 1.941601 0.083032 2.211341
v 1.589709 21.178734 13.575665
vn -1.540938 0.150812 0.617150
v 0.556264 22.532917 14.945712
vn 0.393907 1.183441 2.737379
v 0.565877 22.351271 15.023438
vn 0.428436 1.288914 2.978956
v 0.585488 22.353350 15.019718
vn -1.247063 -0.370939 3.047925
v 1.462850 21.481379 14.564524
vn -0.361369 0.604637 0.243807
v 1.252010 21.316313 14.661379
vn 3.022451 -0.753313 0.440287
v 17.307447 22.668638 14.016452
vn 1.064064 -0.461178 0.075359
v 17.334764 22.787249 14.135524
vn 1.104507 -0.032391 -1.377141
v 1.695262 21.953938 13.453555
vn 1.138444 0.188464 -1.353194
v 1.687004 22.137249 13.467012
vn 1.962566 0.858119 -2.255473
v 1.670577 22.314854 13.505149
vn 2.296043 -0.403137 2.246196
v 1.643170 22.491247 13.563769
vn -0.615833 0.135417 0.269920
v 0.656230 22.801109 15.039238
vn 1.143952 1.122214 2.465857
v 0.614942 23.042242 14.696076
vn -1.615316 0.699595 0.787312
v 0.587745 22.873749 14.782294
vn 2.334101 0.056170 2.294626
v 1.675144 21.557795 13.483604
vn 2.077527 0.038833 2.092231
v 1.650352 21.352455 13.513286
vn 2.301439 0.055998 2.285339
v 1.692320 21.761818 13.460509
vn 2.156903 0.052713 2.139445
v 1.704848 21.759726 13.447944
vn 2.076219 -1.463777 2.438166
v 1.178354 20.885664 13.968175
vn 1.639833 -1.114926 1.903010
v 1.168543 20.869503 13.966980
vn 1.940371 -0.238329 2.023650
v 1.396975 20.906118 13.744758
vn -0.311533 -2.617066 2.889714
v 1.040808 21.097481 14.204319
vn -1.387656 -1.223862 0.554504
v 1.092833 20.974699 14.088699
vn 0.566573 1.314252 2.988192
v 0.556264 22.532917 14.945712
vn -1.115824 -0.330728 2.729757
v 1.457760 21.500574 14.564769
vn -1.338595 0.886440 2.023423
v 1.299455 21.415710 14.485199
vn 2.353186 -0.318004 2.231678
v 1.670577 22.314854 13.505149
vn 2.383021 -0.152123 2.236496
v 1.687004 22.137249 13.467012
vn 2.191899 -0.146607 2.056725
v 1.699113 22.140863 13.454349
vn 2.181737 -0.300950 2.072038
v 1.682766 22.321043 13.493193
vn -2.174416 0.601278 0.963389
v 0.559827 22.706940 14.866535
vn 1.061851 1.246565 2.796367
v 0.587745 22.873749 14.782294
vn 2.343818 -0.004488 2.268221
v 1.695262 21.953938 13.453555
vn 2.146491 0.050780 2.108713
v 1.687242 21.552532 13.471416
vn 1.218993 -1.519327 2.088202
v 1.078309 20.963875 14.089395
vn 0.504444 1.177992 2.678961
v 0.536523 22.533627 14.949117
vn -0.545150 -0.371938 1.435498
v 1.289979 21.433010 14.486115
vn 2.171963 -0.005554 2.099188
v 1.707639 21.954798 13.440758
vn 0.982691 1.173679 2.627685
v 0.569553 22.881014 14.785917
vn 1.471821 -1.815106 2.485669
v 1.092833 20.974699 14.088699
vn -0.383675 -0.830804 1.426228
v 1.050268 21.225725 14.310386
vn 0.727932 1.192579 2.660753
v 0.540581 22.710842 14.870110
vn -0.498551 -0.556499 1.512833
v 1.149204 21.331146 14.402252
vn 0.810568 1.299061 2.897544
v 0.559827 22.706940 14.866535
vn -0.295693 -0.717757 1.207027
v 1.033768 21.233932 14.310728
vn 0.244050 -1.729422 2.164600
v 1.024038 21.096092 14.205100
vn -0.423813 -0.497704 1.302074
v 1.135531 21.345184 14.402910
# 2341 vertices, 0 vertices normals


usemtl material_0
vt 0.580006 0.862061
vt 0.572734 0.858249
vt 0.573099 0.859438
f 9/1/9 3/2/3 14/3/14
vt 0.586378 0.865173
vt 0.586072 0.863909
f 15/4/15 1/5/1 9/1/9
vt 0.499731 0.849558
vt 0.499948 0.848262
vt 0.491485 0.849081
f 11/6/11 6/7/6 22/8/22
vt 0.516191 0.851262
vt 0.516066 0.849938
f 23/9/23 2/10/2 11/6/11
vt 0.532398 0.853553
f 12/11/12 2/10/2 23/9/23
vt 0.557547 0.856233
vt 0.532178 0.852228
f 13/12/13 8/13/8 12/11/12
vt 0.565623 0.857448
vt 0.565291 0.856231
f 16/14/16 7/15/7 13/12/13
vt 0.572984 0.859535
f 24/1/24 25/3/25 26/16/26
f 14/3/14 3/2/3 16/14/16
vt 0.579905 0.862171
f 15/4/15 24/1/24 27/17/27
vt 0.431248 0.857010
vt 0.437188 0.853942
vt 0.436562 0.852624
f 18/18/18 29/19/29 4/20/4
vt 0.443256 0.851739
f 29/19/29 19/21/19 4/20/4
vt 0.449963 0.850375
vt 0.450610 0.849248
f 19/21/19 30/22/30 5/23/5
vt 0.457822 0.849825
f 30/22/30 21/24/21 5/23/5
vt 0.483181 0.848941
vt 0.483650 0.847686
f 21/24/21 32/25/32 10/26/10
f 22/8/22 10/26/10 32/25/32
vt 0.499640 0.849670
f 33/6/33 34/8/34 35/27/35
vt 0.507894 0.850411
f 36/9/36 33/6/33 37/28/37
vt 0.532304 0.853665
vt 0.516095 0.851374
f 38/29/38 36/9/36 39/30/39
f 36/9/36 38/29/38 40/11/40
f 41/12/41 40/11/40 38/29/38
vt 0.565517 0.857550
f 42/14/42 41/12/41 43/31/43
f 25/3/25 43/31/43 26/16/26
f 24/1/24 26/16/26 27/17/27
f 25/3/25 42/14/42 43/31/43
vt 0.586333 0.865334
f 44/32/44 15/4/15 27/17/27
vt 0.599955 0.872101
vt 0.599586 0.870649
vt 0.592824 0.868583
f 45/33/45 28/34/28 17/35/17
vt 0.431257 0.857082
f 48/19/48 18/18/18 47/36/47
vt 0.437210 0.854001
f 49/21/49 48/19/48 50/37/50
vt 0.443253 0.851810
f 51/22/51 49/21/49 52/38/52
vt 0.449923 0.850468
f 55/24/55 51/22/51 56/39/56
vt 0.483098 0.849053
f 57/25/57 55/24/55 58/40/58
f 34/8/34 57/25/57 58/40/58
f 35/27/35 34/8/34 58/40/58
f 37/28/37 33/6/33 35/27/35
f 36/9/36 37/28/37 39/30/39
vt 0.557449 0.856340
f 41/12/41 38/29/38 59/41/59
f 43/31/43 41/12/41 59/41/59
vt 0.592883 0.868843
f 60/42/60 17/35/17 44/32/44
f 61/33/61 17/35/17 60/42/60
vt 0.425500 0.860638
vt 0.425455 0.860756
f 47/36/47 20/43/20 63/44/63
f 50/37/50 48/19/48 47/36/47
f 52/38/52 49/21/49 50/37/50
f 56/39/56 51/22/51 52/38/52
vt 0.420010 0.864523
vt 0.414203 0.868604
vt 0.419867 0.864724
f 31/45/31 64/46/64 54/47/54
f 63/44/63 20/43/20 54/47/54
vt 0.457758 0.849930
f 66/48/66 55/24/55 56/39/56
f 58/40/58 55/24/55 66/48/66
vt 0.600171 0.872514
f 67/49/67 61/33/61 60/42/60
vt 0.607030 0.874555
vt 0.606559 0.873103
f 68/50/68 46/51/46 45/33/45
vt 0.414467 0.868290
vt 0.408172 0.872015
f 53/52/53 70/53/70 64/46/64
f 71/50/71 61/33/61 67/49/67
vt 0.408561 0.871565
vt 0.402130 0.874009
f 65/54/65 75/55/75 70/53/70
vt 0.607386 0.875094
f 76/56/76 71/50/71 67/49/67
vt 0.613307 0.874769
vt 0.612857 0.873501
f 72/57/72 62/58/62 68/50/68
vt 0.618036 0.871213
vt 0.616031 0.871856
f 69/59/69 72/57/72 77/60/77
f 81/57/81 71/50/71 76/56/76
vt 0.613718 0.875328
f 81/57/81 82/61/82 77/60/77
vt 0.394235 0.870000
vt 0.392110 0.869480
vt 0.397773 0.863657
f 80/62/80 73/63/73 87/64/87
vt 0.396823 0.873106
vt 0.396433 0.873636
f 75/55/75 74/65/74 88/66/88
f 76/56/76 82/61/82 81/57/81
vt 0.616414 0.872340
f 82/61/82 90/67/90 77/60/77
vt 0.523171 0.158048
vt 0.529828 0.156994
vt 0.523335 0.156936
f 78/68/78 95/69/95 83/70/83
vt 0.516496 0.157985
vt 0.516631 0.156867
f 79/71/79 83/70/83 96/72/96
vt 0.397655 0.863952
f 80/62/80 98/64/98 99/73/99
vt 0.393977 0.870437
f 74/65/74 89/74/89 88/66/88
f 80/62/80 99/73/99 89/74/89
vt 0.530029 0.157013
f 102/75/102 103/70/103 104/69/104
vt 0.523502 0.156962
f 105/76/105 106/72/106 103/70/103
vt 0.509688 0.157955
vt 0.502892 0.156859
f 84/77/84 96/72/96 97/78/97
vt 0.495885 0.158047
vt 0.488936 0.156951
f 85/79/85 97/78/97 107/80/107
vt 0.398158 0.861386
vt 0.404653 0.855855
f 87/64/87 86/81/86 108/82/108
vt 0.404649 0.856021
f 98/64/98 110/83/110 99/73/99
vt 0.612722 0.865255
vt 0.612449 0.864927
f 90/67/90 111/84/111 91/85/91
vt 0.605605 0.856614
vt 0.605445 0.854837
f 91/85/91 112/86/112 92/87/92
vt 0.542521 0.157222
f 116/88/116 102/75/102 104/69/104
f 102/75/102 105/76/105 103/70/103
vt 0.516766 0.156889
f 105/76/105 117/89/117 106/72/106
f 117/89/117 118/78/118 106/72/106
vt 0.502972 0.156873
f 119/90/119 120/80/120 118/78/118
f 98/64/98 121/82/121 110/83/110
f 91/85/91 111/84/111 122/86/122
vt 0.481921 0.158145
vt 0.474926 0.157101
f 93/91/93 107/80/107 115/92/115
vt 0.468030 0.158366
vt 0.467977 0.157231
f 101/93/101 115/92/115 131/94/131
vt 0.535934 0.158207
vt 0.542256 0.157217
f 94/95/94 130/96/130 95/69/95
f 116/88/116 104/69/104 133/96/133
f 117/89/117 119/90/119 118/78/118
vt 0.495993 0.156930
f 119/90/119 134/97/134 120/80/120
vt 0.412135 0.848483
f 121/82/121 135/98/135 110/83/110
vt 0.404948 0.854035
vt 0.419261 0.841400
f 108/82/108 109/99/109 136/100/136
vt 0.605749 0.856781
f 111/84/111 137/101/137 122/86/122
vt 0.598545 0.849550
vt 0.598493 0.847979
f 112/86/112 138/102/138 123/103/123
vt 0.578682 0.159342
vt 0.563999 0.158123
vt 0.563738 0.159271
f 142/104/142 128/105/128 100/106/100
vt 0.558692 0.158942
vt 0.553671 0.157564
f 113/107/113 128/105/128 143/108/143
vt 0.542037 0.158350
vt 0.548130 0.157389
f 114/109/114 144/110/144 130/96/130
vt 0.488966 0.156958
f 120/80/120 145/111/145 146/92/146
vt 0.474900 0.157109
f 146/92/146 147/112/147 148/94/148
vt 0.548423 0.157391
f 151/113/151 116/88/116 133/96/133
f 134/97/134 145/111/145 120/80/120
f 136/100/136 135/98/135 121/82/121
vt 0.598607 0.849627
f 122/86/122 137/101/137 152/114/152
f 122/86/122 152/114/152 154/102/154
vt 0.703331 0.818805
vt 0.703986 0.815356
vt 0.701160 0.809984
f 124/115/124 139/116/139 141/117/141
vt 0.578380 0.160472
vt 0.583627 0.159791
f 127/118/127 159/119/159 142/104/142
vt 0.564352 0.158109
f 160/104/160 161/120/161 162/105/162
f 161/120/161 163/108/163 162/105/162
vt 0.547890 0.158523
f 129/121/129 143/108/143 144/110/144
f 165/110/165 151/113/151 133/96/133
vt 0.553990 0.157556
f 151/113/151 165/110/165 166/122/166
f 145/111/145 147/112/147 146/92/146
vt 0.467918 0.157241
f 147/112/147 167/123/167 148/94/148
vt 0.461177 0.158505
vt 0.461098 0.157366
f 132/124/132 131/94/131 168/125/168
vt 0.419321 0.841501
f 136/100/136 171/126/171 135/98/135
vt 0.591598 0.843153
f 154/102/154 152/114/152 172/127/172
vt 0.585000 0.836681
vt 0.584915 0.835346
f 138/102/138 173/128/173 153/129/153
vt 0.704063 0.811502
f 174/130/174 175/117/175 139/116/139
vt 0.722289 0.837807
vt 0.724223 0.833016
vt 0.719371 0.834093
f 140/131/140 177/132/177 155/133/155
vt 0.699973 0.801162
vt 0.699523 0.804054
f 141/117/141 178/134/178 156/135/156
vt 0.588707 0.161365
vt 0.594832 0.160634
vt 0.588916 0.160232
f 125/136/125 180/137/180 158/138/158
vt 0.583367 0.160922
f 126/139/126 158/138/158 159/119/159
vt 0.583941 0.159788
f 181/119/181 182/140/182 160/104/160
vt 0.589181 0.160224
f 182/140/182 181/119/181 183/141/183
f 182/140/182 161/120/161 160/104/160
f 161/120/161 166/122/166 163/108/163
f 166/122/166 165/110/165 163/108/163
f 148/94/148 167/123/167 185/125/185
vt 0.454430 0.158675
vt 0.454323 0.157532
f 149/142/149 168/125/168 186/143/186
vt 0.425414 0.835237
f 136/100/136 189/144/189 171/126/171
f 154/102/154 172/127/172 191/128/191
vt 0.721472 0.836444
f 193/132/193 140/131/140 176/145/176
vt 0.701535 0.806457
f 175/117/175 192/146/192 194/134/194
vt 0.594650 0.161763
vt 0.601035 0.161014
f 157/147/157 197/148/197 180/137/180
vt 0.595025 0.160634
f 198/137/198 199/149/199 200/138/200
vt 0.601134 0.161019
f 199/149/199 198/137/198 201/150/201
f 183/141/183 181/119/181 200/138/200
vt 0.461002 0.157369
f 167/123/167 204/151/204 185/125/185
f 185/125/185 204/151/204 205/143/205
vt 0.447821 0.158892
vt 0.447683 0.157754
f 150/152/150 186/143/186 206/153/206
vt 0.429879 0.159752
vt 0.435290 0.158303
vt 0.424499 0.158958
f 169/154/169 208/155/208 188/156/188
vt 0.419946 0.160459
vt 0.419699 0.159325
f 170/157/170 188/156/188 209/158/209
vt 0.578496 0.830803
f 172/127/172 212/159/212 191/128/191
vt 0.578435 0.830749
vt 0.578294 0.829510
f 173/128/173 213/160/213 190/161/190
vt 0.699252 0.792793
vt 0.698783 0.795481
f 178/134/178 195/162/195 179/163/179
f 201/150/201 198/137/198 216/148/216
f 199/149/199 183/141/183 200/138/200
vt 0.607123 0.162522
vt 0.607185 0.161391
f 164/164/164 217/165/217 197/148/197
vt 0.613070 0.162852
vt 0.618293 0.161944
vt 0.613024 0.161716
f 184/166/184 218/167/218 203/168/203
f 164/164/164 203/168/203 217/165/217
vt 0.454184 0.157527
f 204/151/204 219/169/219 205/143/205
f 205/143/205 219/169/219 220/153/220
vt 0.441465 0.159149
vt 0.441299 0.158016
f 187/170/187 206/153/206 221/171/221
vt 0.435020 0.158284
f 222/155/222 223/172/223 224/156/224
vt 0.424163 0.158933
f 224/156/224 225/173/225 226/158/226
vt 0.438348 0.824422
vt 0.431420 0.829581
vt 0.431319 0.829504
f 228/174/228 229/175/229 211/176/211
f 191/128/191 212/159/212 231/160/231
vt 0.726167 0.828295
vt 0.723365 0.824708
f 177/132/177 233/177/233 214/178/214
vt 0.700349 0.797825
f 194/134/194 215/179/215 234/162/234
vt 0.698548 0.784302
vt 0.697856 0.787024
f 195/162/195 235/180/235 196/181/196
vt 0.607171 0.161378
f 237/182/237 201/150/201 216/148/216
f 239/165/239 237/182/237 216/148/216
vt 0.612888 0.161689
f 237/182/237 239/165/239 240/183/240
vt 0.618451 0.163072
vt 0.622814 0.162127
f 202/184/202 238/185/238 218/167/218
vt 0.618040 0.161930
f 241/167/241 242/186/242 243/168/243
f 243/168/243 240/183/240 239/165/239
vt 0.447500 0.157748
f 219/169/219 244/187/244 220/153/220
vt 0.435472 0.159436
f 207/188/207 221/171/221 208/155/208
f 220/153/220 244/187/244 245/171/245
vt 0.441070 0.158008
f 246/189/246 223/172/223 222/155/222
f 223/172/223 225/173/225 224/156/224
vt 0.419340 0.159307
f 225/173/225 247/190/247 226/158/226
vt 0.403164 0.160869
vt 0.415510 0.160847
f 248/191/248 210/192/210 209/158/209
f 229/175/229 189/144/189 211/176/211
vt 0.445857 0.819786
vt 0.445975 0.819853
f 228/174/228 249/193/249 250/194/250
vt 0.571606 0.825889
f 231/160/231 212/159/212 251/195/251
vt 0.571497 0.825812
vt 0.571381 0.824563
f 213/160/213 252/196/252 230/197/230
vt 0.723259 0.827143
f 253/177/253 193/132/193 232/198/232
vt 0.699295 0.789456
f 255/199/255 256/180/256 234/162/234
vt 0.622464 0.162129
f 258/185/258 259/200/259 241/167/241
f 259/200/259 242/186/242 241/167/241
f 242/186/242 240/183/240 243/168/243
f 245/171/245 246/189/246 222/155/222
f 244/187/244 246/189/246 245/171/245
f 226/158/226 247/190/247 260/191/260
vt 0.454079 0.815968
f 262/201/262 250/194/250 249/193/249
f 231/160/231 251/195/251 252/196/252
vt 0.729828 0.818895
vt 0.725328 0.820144
f 233/177/233 264/202/264 254/203/254
vt 0.698444 0.776161
vt 0.697448 0.778725
f 235/180/235 265/204/265 236/205/236
vt 0.626684 0.163443
vt 0.626409 0.162319
f 238/185/238 257/206/257 268/207/268
vt 0.625996 0.162317
f 269/208/269 259/200/259 258/185/258
vt 0.402810 0.160857
vt 0.398771 0.161227
f 260/191/260 271/209/271 272/210/272
f 271/209/271 260/191/260 247/190/247
vt 0.305634 0.812052
vt 0.303837 0.808675
vt 0.305207 0.802941
f 227/211/227 261/212/261 273/213/273
vt 0.724391 0.822575
f 253/177/253 263/214/263 277/202/277
vt 0.698803 0.781137
f 256/180/256 266/215/266 279/204/279
vt 0.629156 0.162504
f 257/206/257 281/216/281 268/207/268
f 282/207/282 269/208/269 258/185/258
vt 0.398453 0.161225
f 271/209/271 285/217/285 272/210/272
vt 0.399046 0.162361
f 270/218/270 248/191/248 286/210/286
vt 0.306883 0.806162
f 227/211/227 288/213/288 274/219/274
vt 0.462398 0.812272
vt 0.462296 0.812194
f 289/220/289 262/201/262 275/221/275
vt 0.558264 0.817632
vt 0.558137 0.817539
f 251/195/251 290/222/290 276/223/276
vt 0.731449 0.814203
vt 0.727031 0.815643
f 264/202/264 292/224/292 278/225/278
vt 0.698080 0.767974
vt 0.697134 0.770623
f 265/204/265 293/226/293 267/227/267
vt 0.628706 0.162493
f 295/216/295 296/228/296 282/207/282
vt 0.630665 0.162655
f 296/228/296 295/216/295 297/229/297
f 296/228/296 269/208/269 282/207/282
vt 0.394023 0.161571
f 272/210/272 285/217/285 298/230/298
vt 0.303657 0.799625
vt 0.304864 0.794171
f 273/213/273 287/231/287 299/232/299
vt 0.470667 0.808271
vt 0.470537 0.808193
f 302/233/302 289/220/289 301/234/301
vt 0.725796 0.817949
vt 0.731988 0.812504
f 277/202/277 291/235/291 336/236/336
vt 0.698311 0.772929
f 304/237/304 305/226/305 279/204/279
vt 0.631136 0.162664
f 308/238/308 297/229/297 295/216/295
vt 0.629443 0.163632
f 280/239/280 307/238/307 281/216/281
vt 0.394282 0.162702
f 284/240/284 286/210/286 309/230/309
vt 0.393765 0.161572
f 285/217/285 311/241/311 298/230/298
vt 0.306397 0.797323
f 312/232/312 300/242/300 288/213/288
vt 0.478422 0.804937
f 313/243/313 302/233/302 301/234/301
vt 0.551762 0.813971
vt 0.551671 0.813888
f 290/222/290 314/244/314 303/245/303
vt 0.698314 0.760161
vt 0.697073 0.762637
f 293/226/293 316/246/316 294/247/294
f 304/237/304 317/246/317 305/226/305
vt 0.634072 0.162986
f 319/248/319 297/229/297 308/238/308
vt 0.389150 0.163040
vt 0.388970 0.161904
f 283/249/283 309/230/309 320/250/320
f 298/230/298 311/241/311 322/250/322
vt 0.485201 0.803239
vt 0.485046 0.803168
f 324/251/324 313/243/313 325/252/325
vt 0.544802 0.810675
f 314/244/314 326/253/326 303/245/303
vt 0.732886 0.809557
vt 0.730253 0.806842
f 292/224/292 327/254/327 315/255/315
vt 0.634913 0.164078
vt 0.634528 0.162967
f 307/238/307 306/256/306 329/257/329
f 330/257/330 319/248/319 308/238/308
vt 0.383715 0.163320
vt 0.383645 0.162178
f 310/258/310 320/250/320 331/259/331
vt 0.388801 0.161887
f 311/241/311 332/260/332 322/250/322
vt 0.303550 0.790819
vt 0.304803 0.785486
f 299/232/299 323/261/323 333/262/333
vt 0.698327 0.752257
vt 0.697022 0.754760
f 316/246/316 338/263/338 318/264/318
vt 0.636859 0.163110
f 306/256/306 341/265/341 329/257/329
vt 0.636442 0.163138
f 342/266/342 319/248/319 330/257/330
f 322/250/322 332/260/332 343/259/343
vt 0.378042 0.163484
vt 0.378080 0.162348
f 321/267/321 331/259/331 344/268/344
vt 0.306433 0.788659
f 312/232/312 346/262/346 334/269/334
vt 0.497960 0.801156
vt 0.491402 0.802208
f 348/270/348 324/251/324 335/271/335
vt 0.537267 0.807762
vt 0.537307 0.807828
f 349/272/349 326/253/326 350/273/350
vt 0.731971 0.802461
vt 0.735717 0.800254
f 337/274/337 327/254/327 352/275/352
vt 0.698011 0.757115
f 353/276/353 354/263/354 317/246/317
vt 0.637247 0.164212
vt 0.640257 0.163225
f 328/277/328 356/278/356 341/265/341
f 357/265/357 342/266/342 330/257/330
vt 0.383588 0.162147
f 332/260/332 358/279/358 343/259/343
f 343/259/343 358/279/358 359/268/359
vt 0.372687 0.162458
f 321/267/321 344/268/344 360/280/360
vt 0.303297 0.782207
vt 0.304570 0.777021
f 333/262/333 345/281/345 361/282/361
vt 0.504856 0.800692
vt 0.497853 0.801082
f 363/283/363 348/270/348 347/284/347
vt 0.529198 0.805510
f 349/272/349 350/273/350 364/285/364
vt 0.729714 0.804208
f 336/236/336 351/286/351 365/275/365
vt 0.699316 0.744653
vt 0.697597 0.747016
f 338/263/338 367/287/367 339/288/339
vt 0.639905 0.163243
f 370/278/370 371/289/371 357/265/357
f 371/289/371 342/266/342 357/265/357
vt 0.378153 0.162327
f 358/279/358 372/290/372 359/268/359
f 372/290/372 373/280/373 359/268/359
vt 0.306450 0.780135
f 346/262/346 375/282/375 362/291/362
vt 0.512606 0.801705
vt 0.512521 0.801630
f 378/292/378 363/283/363 377/293/377
vt 0.733826 0.797979
vt 0.737190 0.795585
f 366/294/366 352/275/352 380/295/380
vt 0.698395 0.749336
f 368/296/368 381/287/381 354/263/354
vt 0.644732 0.164416
vt 0.649375 0.163332
vt 0.644503 0.163302
f 340/297/340 383/298/383 369/299/369
vt 0.640577 0.164331
f 355/300/355 369/299/369 356/278/356
vt 0.644229 0.163308
f 385/301/385 371/289/371 370/278/370
vt 0.372891 0.162449
vt 0.367882 0.162552
f 373/280/373 386/302/386 387/303/387
f 386/302/386 373/280/373 372/290/372
vt 0.367715 0.163686
f 374/304/374 360/280/360 388/303/388
vt 0.529142 0.805443
f 376/305/376 364/285/364 378/292/378
vt 0.731112 0.799628
vt 0.737946 0.793179
f 365/275/365 379/306/379 409/307/409
vt 0.699967 0.736992
vt 0.698436 0.739450
f 367/287/367 390/308/390 382/309/382
vt 0.649185 0.163339
f 391/299/391 392/310/392 385/301/385
f 392/310/392 391/299/391 393/298/393
f 391/299/391 385/301/385 370/278/370
vt 0.368198 0.162530
f 386/302/386 394/311/394 387/303/387
vt 0.303218 0.773794
vt 0.304801 0.768651
f 361/282/361 389/312/389 396/313/396
vt 0.698672 0.741637
f 399/314/399 401/308/401 381/287/381
vt 0.654548 0.163341
f 402/315/402 392/310/392 393/298/393
vt 0.649536 0.164447
vt 0.654656 0.163333
f 384/316/384 403/317/403 383/298/383
vt 0.364102 0.162583
f 394/311/394 405/318/405 387/303/387
vt 0.363891 0.163721
f 395/319/395 388/303/388 406/318/406
vt 0.306650 0.771753
f 375/282/375 408/313/408 397/320/397
vt 0.737664 0.788954
vt 0.738634 0.790938
f 398/321/398 380/295/380 410/322/410
vt 0.702641 0.729529
vt 0.700116 0.731962
f 390/308/390 411/323/411 400/324/400
f 413/317/413 402/315/402 393/298/393
vt 0.364505 0.162550
f 394/311/394 414/325/414 405/318/405
vt 0.303237 0.765530
vt 0.304895 0.760461
f 396/313/396 407/326/407 416/327/416
vt 0.700254 0.734018
f 412/328/412 420/323/420 401/308/401
vt 0.660096 0.163321
f 422/329/422 402/315/402 413/317/413
vt 0.654758 0.164448
vt 0.660126 0.163322
f 404/330/404 423/331/423 403/317/403
vt 0.361787 0.162506
f 414/325/414 424/332/424 405/318/405
vt 0.361489 0.163637
f 406/318/406 425/332/425 415/333/415
vt 0.306999 0.763452
f 408/313/408 416/327/416 417/334/417
vt 0.736736 0.781111
vt 0.742683 0.777259
f 409/307/409 418/335/418 427/336/427
vt 0.739500 0.784374
f 419/337/419 410/322/410 428/336/428
f 430/331/430 422/329/422 413/317/413
vt 0.362244 0.162487
f 414/325/414 431/338/431 424/332/424
vt 0.704769 0.721730
vt 0.702500 0.724386
f 411/323/411 435/339/435 429/340/429
vt 0.660164 0.164441
vt 0.665645 0.163272
f 421/341/421 438/342/438 423/331/423
vt 0.665700 0.163269
f 439/343/439 422/329/422 430/331/430
vt 0.360434 0.162370
f 431/338/431 440/344/440 424/332/424
vt 0.360053 0.163492
f 425/332/425 441/344/441 432/345/432
vt 0.738827 0.774446
vt 0.744408 0.772730
f 427/336/427 434/346/434 445/347/445
vt 0.702900 0.726333
f 436/348/436 448/339/448 420/323/420
f 439/343/439 430/331/430 449/342/449
vt 0.358632 0.162076
f 431/338/431 450/349/450 440/344/440
f 432/345/432 441/344/441 451/349/451
vt 0.286404 0.766167
vt 0.291335 0.767153
vt 0.291479 0.767621
f 453/350/453 442/351/442 433/352/433
vt 0.292739 0.767129
vt 0.292863 0.767603
f 442/351/442 454/353/454 426/354/426
vt 0.288780 0.765630
f 426/354/426 454/353/454 443/355/443
vt 0.739616 0.772632
f 434/346/434 455/356/455 445/347/445
vt 0.744008 0.771387
f 446/357/446 428/336/428 456/347/456
vt 0.707418 0.714077
vt 0.704837 0.716743
f 435/339/435 457/358/457 447/359/447
vt 0.665603 0.164390
vt 0.671073 0.163153
f 437/360/437 460/361/460 438/342/438
vt 0.671234 0.163174
f 461/362/461 439/343/439 449/342/449
vt 0.359122 0.162083
vt 0.357226 0.161933
f 450/349/450 462/363/462 463/364/463
f 462/363/462 450/349/450 431/338/431
vt 0.290857 0.767137
f 465/351/465 466/350/466 467/365/467
f 468/353/468 465/351/465 467/365/467
vt 0.292214 0.767085
f 468/353/468 469/366/469 470/355/470
vt 0.286545 0.766627
vt 0.279783 0.764636
f 444/367/444 473/368/473 453/350/453
vt 0.732701 0.771040
f 434/346/434 474/369/474 455/356/455
vt 0.739824 0.772711
f 475/347/475 476/356/476 477/370/477
vt 0.744341 0.770938
f 446/357/446 456/347/456 478/371/478
vt 0.705341 0.718524
f 458/372/458 480/358/480 448/339/448
f 482/361/482 461/362/461 449/342/449
vt 0.676211 0.163001
f 461/362/461 482/361/482 483/373/483
vt 0.357701 0.161931
vt 0.355178 0.161783
f 463/364/463 484/374/484 485/375/485
f 484/374/484 463/364/463 462/363/462
vt 0.356863 0.163058
f 451/349/451 486/364/486 452/376/452
vt 0.282712 0.763180
vt 0.282445 0.765010
f 443/355/443 488/377/488 471/378/471
vt 0.279427 0.764683
f 466/350/466 491/368/491 492/379/492
vt 0.732746 0.771096
f 476/356/476 495/369/495 496/380/496
f 477/370/477 476/356/476 496/380/496
vt 0.744782 0.771034
f 497/381/497 478/371/478 475/347/475
vt 0.670920 0.164255
vt 0.675941 0.162959
f 459/382/459 500/383/500 460/361/460
f 483/373/483 482/361/482 501/383/501
vt 0.355618 0.161776
f 484/374/484 502/384/502 485/375/485
vt 0.354853 0.162908
f 486/364/486 503/375/503 464/385/464
vt 0.288333 0.765568
f 470/355/470 487/386/487 508/377/508
vt 0.277791 0.760303
f 471/378/471 488/377/488 509/387/509
vt 0.273490 0.763114
vt 0.273330 0.762678
f 473/368/473 472/388/472 511/389/511
vt 0.725624 0.770110
vt 0.726405 0.768345
f 474/369/474 494/390/494 517/391/517
vt 0.726433 0.768368
f 496/380/496 495/369/495 518/392/518
vt 0.740030 0.772431
f 477/370/477 519/380/519 520/393/520
vt 0.708795 0.706113
vt 0.706787 0.709103
f 457/358/457 523/394/523 479/395/479
vt 0.675686 0.164046
vt 0.679778 0.162681
f 481/396/481 525/397/525 500/383/500
vt 0.680145 0.162715
f 527/398/527 483/373/483 501/383/501
vt 0.352338 0.161610
f 502/384/502 528/399/528 485/375/485
vt 0.282335 0.763130
f 487/386/487 535/400/535 508/377/508
f 508/377/508 535/400/535 536/387/536
vt 0.274845 0.757050
vt 0.277870 0.762089
f 509/387/509 537/401/537 489/402/489
vt 0.267028 0.757710
vt 0.268905 0.760411
vt 0.269133 0.760844
f 538/403/538 510/404/510 490/405/490
f 510/404/510 511/389/511 472/388/472
vt 0.272951 0.762750
f 491/368/491 539/389/539 512/406/512
vt 0.725484 0.757270
vt 0.721148 0.753127
vt 0.725407 0.757704
f 541/407/541 515/408/515 493/409/493
f 495/369/495 543/391/543 518/392/518
vt 0.733631 0.768947
f 519/380/519 544/392/544 545/410/545
vt 0.707361 0.710651
f 524/411/524 550/394/550 480/358/480
f 527/398/527 501/383/501 555/397/555
vt 0.352020 0.162728
f 503/375/503 557/399/557 504/412/504
vt 0.352720 0.161617
f 502/384/502 558/413/558 528/399/528
vt 0.288245 0.765225
f 487/386/487 534/414/534 566/400/566
vt 0.277345 0.760318
f 535/400/535 567/415/567 536/387/536
vt 0.274307 0.757125
f 536/387/536 568/416/568 569/401/569
vt 0.266490 0.757795
f 570/404/570 538/403/538 571/417/571
vt 0.268434 0.760491
f 539/389/539 570/404/570 572/418/572
vt 0.718141 0.748919
vt 0.718053 0.750638
f 515/408/515 573/419/573 513/420/513
vt 0.715511 0.744693
f 574/421/574 513/420/513 573/419/573
vt 0.720747 0.753206
f 541/407/541 575/422/575 576/408/576
vt 0.720142 0.766645
vt 0.720930 0.764871
f 517/391/517 516/423/516 581/424/581
vt 0.721059 0.764855
f 543/391/543 582/425/582 518/392/518
vt 0.745070 0.772542
vt 0.745807 0.770307
f 546/426/546 520/393/520 585/427/585
vt 0.710947 0.698813
vt 0.708346 0.701281
f 523/394/523 589/428/589 521/429/521
vt 0.712306 0.740493
vt 0.712355 0.740906
f 574/421/574 551/430/551 514/431/514
vt 0.708601 0.736332
vt 0.708576 0.736750
f 551/430/551 552/432/552 498/433/498
vt 0.700586 0.728106
vt 0.704412 0.732644
f 552/432/552 553/434/553 499/435/499
vt 0.683051 0.162349
f 592/436/592 527/398/527 555/397/555
vt 0.682611 0.162329
vt 0.679475 0.163775
f 593/437/593 525/397/525 526/438/526
vt 0.348636 0.161418
f 558/413/558 595/439/595 528/399/528
vt 0.271855 0.751159
vt 0.275776 0.746766
vt 0.271470 0.750757
f 505/440/505 560/441/560 559/442/559
vt 0.268582 0.754862
vt 0.268218 0.754449
f 529/443/529 559/442/559 597/444/597
vt 0.281665 0.744185
vt 0.280565 0.742540
f 560/441/560 532/445/532 599/446/599
vt 0.291110 0.764553
vt 0.292643 0.764521
vt 0.290712 0.766808
f 563/447/563 564/448/564 506/449/506
vt 0.292072 0.766748
vt 0.288971 0.763012
f 507/450/507 564/448/564 565/451/565
vt 0.282275 0.762795
vt 0.282981 0.760596
f 604/452/604 565/451/565 605/453/605
f 604/452/604 606/415/606 566/400/566
f 536/387/536 567/415/567 568/416/568
vt 0.274704 0.753474
f 569/401/569 568/416/568 607/454/607
f 576/408/576 575/422/575 610/419/610
vt 0.717645 0.748993
f 610/419/610 611/455/611 612/421/612
vt 0.725274 0.757345
f 541/407/541 614/456/614 575/422/575
vt 0.715879 0.762697
vt 0.713273 0.756761
vt 0.716481 0.760939
f 542/457/542 616/458/616 580/459/580
f 516/423/516 580/459/580 581/424/581
f 543/391/543 617/424/617 582/425/582
vt 0.727400 0.766193
f 544/392/544 618/425/618 583/460/583
vt 0.740823 0.770226
f 520/393/520 584/461/584 585/427/585
vt 0.745769 0.768819
f 586/462/586 546/426/546 621/427/621
vt 0.741434 0.768125
vt 0.741683 0.767830
vt 0.736395 0.764872
f 547/463/547 587/464/587 622/465/622
vt 0.736163 0.764791
f 547/463/547 623/465/623 577/466/577
vt 0.691469 0.641674
vt 0.691985 0.640377
vt 0.694855 0.637441
f 548/467/548 624/468/624 588/469/588
vt 0.709454 0.703243
f 591/470/591 589/428/589 550/394/550
vt 0.687952 0.642716
vt 0.687965 0.648788
vt 0.686905 0.642894
f 590/471/590 522/472/522 626/473/626
vt 0.688516 0.645388
f 549/474/549 590/471/590 624/468/624
vt 0.714996 0.744750
f 612/421/612 628/475/628 629/430/629
vt 0.711829 0.740524
f 629/430/629 630/476/630 631/432/631
vt 0.700146 0.728086
f 631/432/631 632/477/632 553/434/553
f 592/436/592 555/397/555 636/437/636
vt 0.684464 0.161912
vt 0.682270 0.163434
f 637/478/637 593/437/593 556/479/556
vt 0.348336 0.162530
f 594/480/594 557/399/557 638/439/638
vt 0.348939 0.161437
f 558/413/558 639/481/639 595/439/595
vt 0.275549 0.746833
f 640/441/640 641/482/641 642/442/642
vt 0.271106 0.750856
f 642/442/642 643/483/643 597/444/597
vt 0.289366 0.733651
vt 0.289424 0.734032
vt 0.292384 0.729119
f 598/484/598 530/485/530 600/486/600
vt 0.285260 0.738147
vt 0.285434 0.738538
f 644/487/644 531/488/531 598/484/598
f 599/446/599 531/488/531 644/487/644
f 645/446/645 641/482/641 640/441/640
vt 0.292373 0.729503
vt 0.294329 0.724590
f 600/486/600 533/489/533 601/490/601
vt 0.275557 0.755180
f 537/401/537 650/454/650 602/491/602
vt 0.291554 0.764568
f 652/448/652 563/447/563 653/492/653
vt 0.289417 0.763073
f 652/448/652 654/493/654 655/451/655
f 654/493/654 656/453/656 655/451/655
vt 0.277554 0.757841
f 604/452/604 605/453/605 657/494/657
vt 0.273780 0.755040
f 606/415/606 658/495/658 568/416/568
vt 0.267733 0.754547
f 597/444/597 660/496/660 571/417/571
f 575/422/575 611/455/611 610/419/610
f 611/455/611 628/475/628 612/421/612
vt 0.730673 0.761277
vt 0.730654 0.761206
f 623/465/623 613/497/613 540/498/540
f 613/497/613 614/456/614 541/407/541
vt 0.721086 0.751077
f 665/456/665 666/499/666 667/422/667
vt 0.716797 0.760883
f 670/500/670 671/459/671 672/458/672
f 617/424/617 671/459/671 670/500/670
f 582/425/582 617/424/617 670/500/670
vt 0.722120 0.762359
vt 0.727523 0.765872
f 583/460/583 674/501/674 619/502/619
vt 0.733736 0.768615
f 545/410/545 619/502/619 620/503/620
vt 0.740564 0.770132
f 675/427/675 584/461/584 676/504/676
vt 0.745712 0.768457
f 586/462/586 621/427/621 678/505/678
vt 0.690084 0.639175
f 681/468/681 682/506/682 588/469/588
vt 0.681414 0.640521
f 685/471/685 626/473/626 686/507/686
vt 0.685628 0.641254
f 681/468/681 685/471/685 687/508/687
f 628/475/628 630/476/630 629/430/629
vt 0.697636 0.723930
vt 0.695997 0.719748
vt 0.696163 0.720155
f 633/509/633 690/510/690 554/511/554
vt 0.696049 0.715615
f 690/510/690 635/512/635 554/511/554
vt 0.684942 0.161935
f 692/513/692 592/436/592 636/437/636
f 692/513/692 636/437/636 694/478/694
vt 0.343999 0.161210
f 639/481/639 695/514/695 595/439/595
f 643/483/643 660/496/660 597/444/597
vt 0.292868 0.729125
f 698/515/698 699/484/699 700/486/700
vt 0.289731 0.733684
f 701/516/701 702/487/702 699/484/699
vt 0.285422 0.738179
f 703/517/703 645/446/645 702/487/702
vt 0.280506 0.742575
f 645/446/645 704/518/704 641/482/641
vt 0.295766 0.716077
vt 0.295895 0.715697
f 601/490/601 561/519/561 706/520/706
vt 0.294874 0.724569
f 707/521/707 700/486/700 708/490/708
vt 0.297934 0.722743
vt 0.295958 0.726987
vt 0.298032 0.722372
f 562/522/562 647/523/647 710/524/710
vt 0.293156 0.764563
f 714/525/714 652/448/652 653/492/653
vt 0.286119 0.763582
vt 0.286469 0.763566
f 653/492/653 603/526/603 716/527/716
f 714/525/714 654/493/654 652/448/652
vt 0.283358 0.760646
f 654/493/654 717/528/717 656/453/656
f 717/528/717 718/494/718 656/453/656
vt 0.276741 0.749570
vt 0.274169 0.753546
f 720/529/720 607/454/607 659/530/659
vt 0.266215 0.757509
f 721/496/721 661/531/661 571/417/571
vt 0.717837 0.746912
f 667/422/667 726/532/726 727/455/727
vt 0.715207 0.742696
f 727/455/727 728/533/728 729/475/729
vt 0.736592 0.764572
f 622/465/622 680/534/680 730/497/730
vt 0.730793 0.760979
f 730/497/730 731/535/731 665/456/665
vt 0.712924 0.743986
vt 0.715770 0.740020
vt 0.715712 0.739604
f 668/536/668 578/537/578 732/538/732
vt 0.711357 0.748292
vt 0.711268 0.749942
f 733/539/733 615/540/615 668/536/668
vt 0.711260 0.754233
vt 0.711519 0.752548
f 616/458/616 579/541/579 669/542/669
f 669/542/669 615/540/615 733/539/733
vt 0.722042 0.762668
f 618/425/618 670/500/670 673/543/673
vt 0.721968 0.762367
f 734/502/734 674/501/674 735/544/735
vt 0.727488 0.765847
f 620/503/620 734/502/734 736/545/736
vt 0.733687 0.768556
f 584/461/584 677/546/677 676/504/676
vt 0.745343 0.770191
f 675/427/675 676/504/676 737/547/737
f 620/503/620 736/545/736 677/546/677
vt 0.745245 0.768350
f 738/505/738 675/427/675 739/548/739
vt 0.742292 0.765495
f 679/549/679 586/462/586 678/505/678
vt 0.737300 0.762241
f 587/464/587 679/549/679 740/550/740
vt 0.712293 0.738465
f 729/475/729 747/551/747 630/476/630
vt 0.695424 0.719751
f 633/509/633 748/552/748 749/510/749
vt 0.697636 0.711563
vt 0.698076 0.713169
f 635/512/635 691/553/691 634/554/634
f 749/510/749 748/552/748 750/512/750
vt 0.686010 0.161485
f 751/555/751 692/513/692 694/478/694
vt 0.685514 0.161453
vt 0.684058 0.163016
f 752/556/752 637/478/637 693/557/693
vt 0.343773 0.162326
f 596/558/596 638/439/638 753/514/753
vt 0.344209 0.161220
f 639/481/639 754/559/754 695/514/695
vt 0.275278 0.746555
f 641/482/641 759/518/759 697/560/697
vt 0.267006 0.753348
f 721/496/721 643/483/643 761/561/761
f 698/515/698 701/516/701 699/484/699
f 701/516/701 703/517/703 702/487/702
f 703/517/703 704/518/704 645/446/645
vt 0.297213 0.711399
f 706/520/706 561/519/561 705/562/705
vt 0.296475 0.715692
f 763/520/763 764/563/764 708/490/708
vt 0.297766 0.711418
f 764/563/764 763/520/763 765/564/765
vt 0.289162 0.736276
vt 0.293095 0.731626
vt 0.293958 0.733149
f 766/565/766 709/566/709 646/567/646
vt 0.298578 0.722395
f 768/568/768 769/524/769 647/523/647
vt 0.301090 0.713204
f 711/569/711 562/522/562 710/524/710
vt 0.277788 0.751233
f 650/454/650 771/529/771 649/570/649
vt 0.291755 0.764112
f 773/571/773 774/525/774 775/492/775
vt 0.279763 0.762036
vt 0.279411 0.762082
vt 0.273218 0.760091
f 715/572/715 651/573/651 772/574/772
f 716/527/716 603/526/603 715/572/715
vt 0.286608 0.763095
f 775/492/775 776/527/776 777/575/777
vt 0.293422 0.764122
f 774/525/774 778/576/778 779/493/779
vt 0.289696 0.762642
f 779/493/779 780/577/780 717/528/717
vt 0.273869 0.753276
vt 0.276315 0.749623
f 719/578/719 783/579/783 659/530/659
f 720/529/720 659/530/659 784/579/784
vt 0.265909 0.755254
vt 0.268114 0.757918
f 661/531/661 785/580/785 662/581/662
vt 0.314502 0.653972
vt 0.316077 0.648593
vt 0.319018 0.648817
f 722/582/722 723/583/723 608/584/608
vt 0.317297 0.643160
vt 0.320007 0.643219
f 723/583/723 787/585/787 663/586/663
vt 0.318163 0.632558
vt 0.318801 0.627466
vt 0.322237 0.627289
f 724/587/724 788/588/788 664/589/664
vt 0.317827 0.637802
vt 0.320617 0.637759
f 725/590/725 724/587/724 609/591/609
f 663/586/663 787/585/787 725/590/725
vt 0.713443 0.743965
f 793/536/793 794/592/794 795/539/795
f 794/592/794 793/536/793 732/538/732
vt 0.712095 0.752500
f 796/542/796 797/593/797 672/458/672
vt 0.711934 0.748275
f 798/594/798 796/542/796 795/539/795
f 736/545/736 734/502/734 735/544/735
vt 0.733846 0.768086
f 801/504/801 802/546/802 803/595/803
f 675/427/675 737/547/737 739/548/739
vt 0.727667 0.765393
f 802/546/802 805/545/805 806/596/806
f 738/505/738 739/548/739 807/549/807
vt 0.741949 0.765411
f 807/549/807 808/597/808 809/550/809
vt 0.731598 0.758684
f 680/534/680 740/550/740 810/598/810
vt 0.687184 0.642349
vt 0.682193 0.639235
f 741/599/741 743/600/743 626/473/626
vt 0.688767 0.647432
vt 0.689051 0.647240
f 741/599/741 625/601/625 813/602/813
vt 0.689175 0.653957
vt 0.692831 0.659749
vt 0.690149 0.653257
f 684/603/684 745/604/745 742/605/742
f 625/601/625 742/605/742 813/602/813
vt 0.696223 0.666094
vt 0.691676 0.660516
f 744/606/744 745/604/745 627/607/627
vt 0.698098 0.672643
vt 0.699452 0.671671
f 688/608/688 816/609/816 744/606/744
vt 0.697078 0.711524
f 691/553/691 750/512/750 819/610/819
f 751/555/751 694/478/694 752/556/752
vt 0.338801 0.160957
f 754/559/754 820/611/820 695/514/695
vt 0.337063 0.648285
vt 0.331846 0.646327
vt 0.331807 0.650941
f 696/612/696 822/613/822 757/614/757
vt 0.289360 0.732535
f 826/615/826 827/516/827 698/515/698
vt 0.284849 0.737008
f 828/517/828 827/516/827 829/616/829
vt 0.279743 0.741388
f 759/518/759 828/517/828 824/617/824
vt 0.299811 0.708566
vt 0.299461 0.707152
f 705/562/705 762/618/762 830/619/830
f 765/564/765 763/520/763 831/562/831
vt 0.296237 0.713778
f 832/620/832 764/563/764 833/564/833
vt 0.289391 0.736315
f 709/566/709 834/565/834 835/621/835
vt 0.296424 0.726996
vt 0.293450 0.731633
f 836/622/836 647/523/647 767/623/767
f 768/568/768 647/523/647 836/622/836
f 837/569/837 769/524/769 768/568/768
vt 0.302805 0.708908
vt 0.302920 0.708561
f 712/624/712 711/569/711 838/625/838
vt 0.285000 0.741228
vt 0.284719 0.740868
f 648/626/648 839/627/839 766/565/766
vt 0.280329 0.745334
f 770/628/770 839/627/839 648/626/648
f 649/570/649 771/529/771 770/628/770
vt 0.272804 0.760158
vt 0.268615 0.757847
f 772/574/772 713/629/713 786/630/786
vt 0.273355 0.759603
f 840/572/840 841/574/841 842/631/842
vt 0.279891 0.761554
f 776/527/776 840/572/840 843/632/843
vt 0.278003 0.757831
vt 0.273937 0.754712
f 781/633/781 844/634/844 718/494/718
f 657/494/657 845/634/845 658/495/658
vt 0.273375 0.751173
vt 0.275178 0.747292
f 782/635/782 846/636/846 719/578/719
f 845/634/845 782/635/782 658/495/658
f 848/628/848 720/529/720 784/579/784
vt 0.266452 0.755181
f 662/581/662 849/580/849 850/637/850
f 786/630/786 662/581/662 850/637/850
vt 0.316728 0.648478
f 851/638/851 852/583/852 722/582/722
vt 0.318576 0.643495
f 853/639/853 854/585/854 852/583/852
vt 0.318005 0.628268
f 855/640/855 788/588/788 856/587/856
vt 0.318782 0.638391
f 857/641/857 856/587/856 858/590/858
f 853/639/853 858/590/858 854/585/854
vt 0.726047 0.754814
vt 0.721317 0.750744
f 790/642/790 789/643/789 666/499/666
vt 0.718082 0.746586
f 789/643/789 859/644/859 726/532/726
vt 0.717464 0.758437
vt 0.717125 0.758482
f 735/544/735 800/645/800 862/646/862
f 805/545/805 863/544/863 806/596/806
vt 0.745237 0.767825
vt 0.746681 0.765433
f 865/647/865 866/547/866 867/648/867
vt 0.742015 0.765522
vt 0.745479 0.769613
f 801/504/801 864/649/864 804/650/804
f 868/548/868 866/547/866 865/647/865
f 739/548/739 808/597/808 807/549/807
vt 0.737137 0.762177
f 808/597/808 869/651/869 809/550/809
f 809/550/809 869/651/869 810/598/810
vt 0.710947 0.691089
vt 0.709226 0.686375
vt 0.710780 0.692409
f 812/652/812 811/653/811 683/654/683
vt 0.706231 0.681628
vt 0.704843 0.682792
f 811/653/811 817/655/817 689/656/689
vt 0.687584 0.642112
f 871/599/871 872/657/872 873/600/873
vt 0.689568 0.647074
f 874/602/874 875/658/875 871/599/871
vt 0.693279 0.659631
f 876/604/876 877/659/877 878/605/878
vt 0.690647 0.653144
f 878/605/878 879/660/879 874/602/874
vt 0.678021 0.639829
vt 0.677335 0.640800
f 743/600/743 880/661/880 815/662/815
vt 0.696578 0.665954
f 881/606/881 882/663/882 876/604/876
vt 0.701306 0.677854
vt 0.702721 0.676757
f 746/664/746 883/665/883 816/609/816
vt 0.699655 0.671530
f 884/666/884 881/606/881 885/609/885
f 817/655/817 883/665/883 746/664/746
vt 0.687339 0.159938
f 887/667/887 751/555/751 752/556/752
vt 0.338671 0.162075
f 755/668/755 753/514/753 888/611/888
vt 0.338910 0.160957
f 754/559/754 889/669/889 820/611/820
vt 0.336152 0.643394
vt 0.329527 0.644774
f 756/670/756 890/671/890 822/613/822
vt 0.330760 0.645683
f 757/614/757 891/613/891 892/672/892
vt 0.274049 0.744414
vt 0.269765 0.748415
vt 0.269805 0.748753
f 825/673/825 896/674/896 760/675/760
vt 0.299916 0.707178
f 899/676/899 831/562/831 830/619/830
f 899/676/899 765/564/765 831/562/831
vt 0.284776 0.740938
f 835/621/835 834/565/834 901/677/901
vt 0.293400 0.731363
f 903/622/903 767/623/767 902/678/902
vt 0.298242 0.720487
f 768/568/768 903/622/903 904/679/904
vt 0.301666 0.713230
f 906/625/906 837/569/837 905/680/905
vt 0.305182 0.703908
f 907/681/907 712/624/712 838/625/838
f 834/565/834 908/627/908 901/677/901
f 848/628/848 901/677/901 908/627/908
vt 0.268752 0.757357
f 909/630/909 910/682/910 841/574/841
vt 0.274478 0.754646
f 781/633/781 911/683/911 844/634/844
vt 0.273908 0.751111
f 912/636/912 913/635/913 914/684/914
f 911/683/911 913/635/913 844/634/844
vt 0.276014 0.749350
vt 0.280134 0.745397
f 783/579/783 847/685/847 915/686/915
f 848/628/848 784/579/784 916/686/916
vt 0.266756 0.752057
f 761/561/761 895/687/895 785/580/785
vt 0.267226 0.751972
f 917/688/917 850/637/850 849/580/849
f 918/637/918 910/682/910 909/630/909
vt 0.712565 0.738158
f 859/644/859 860/689/860 728/533/728
vt 0.726307 0.754757
f 919/690/919 920/643/920 790/642/790
vt 0.721749 0.750679
f 921/691/921 922/644/922 920/643/920
vt 0.726479 0.726025
vt 0.726521 0.726429
vt 0.729587 0.721537
f 792/692/792 791/693/791 923/694/923
vt 0.713462 0.754372
f 800/645/800 926/695/926 862/646/862
vt 0.722615 0.760606
f 863/544/863 927/646/927 928/696/928
vt 0.751160 0.750188
f 864/649/864 930/697/930 804/650/804
f 931/597/931 868/548/868 865/647/865
vt 0.741992 0.764894
f 869/651/869 931/597/931 932/698/932
vt 0.710636 0.691033
f 812/652/812 934/699/934 935/653/935
vt 0.709058 0.686243
f 936/700/936 937/655/937 935/653/935
f 875/658/875 872/657/872 871/599/871
vt 0.682232 0.638949
f 872/657/872 938/701/938 873/600/873
f 879/660/879 875/658/875 874/602/874
f 882/663/882 877/659/877 876/604/876
f 877/659/877 879/660/879 878/605/878
vt 0.679726 0.641649
vt 0.675818 0.642669
f 814/702/814 815/662/815 939/703/939
vt 0.678126 0.639178
f 743/600/743 940/704/940 880/661/880
vt 0.678941 0.644019
f 941/662/941 942/661/942 943/705/943
f 884/666/884 882/663/882 881/606/881
f 944/665/944 884/666/884 885/609/885
vt 0.706167 0.681482
f 945/706/945 944/665/944 937/655/937
vt 0.333417 0.160627
f 889/669/889 950/707/950 820/611/820
vt 0.333372 0.161739
f 821/708/821 888/611/888 951/707/951
vt 0.326236 0.642115
f 891/613/891 890/671/890 953/709/953
vt 0.279022 0.740174
f 825/673/825 824/617/824 957/710/957
vt 0.270102 0.748329
f 958/673/958 959/711/959 896/674/896
vt 0.303173 0.702885
f 899/676/899 830/619/830 963/712/963
vt 0.297446 0.709518
f 900/713/900 833/564/833 964/676/964
vt 0.287998 0.734424
f 967/677/967 968/714/968 835/621/835
vt 0.303484 0.708592
f 970/681/970 906/625/906 969/715/969
f 901/677/901 848/628/848 916/686/916
vt 0.274474 0.752838
f 781/633/781 972/716/972 973/683/973
f 911/683/911 914/684/914 913/635/913
vt 0.275595 0.747249
f 974/717/974 912/636/912 914/684/914
vt 0.278658 0.743137
f 846/636/846 975/718/975 847/685/847
f 917/688/917 849/580/849 895/687/895
vt 0.267221 0.751490
f 976/688/976 977/719/977 918/637/918
vt 0.718592 0.746520
f 981/720/981 860/689/860 922/644/922
f 921/691/921 981/720/981 922/644/922
vt 0.730083 0.721542
f 983/721/983 792/692/792 984/694/984
vt 0.713981 0.756363
vt 0.713973 0.754310
f 800/645/800 799/722/799 925/723/925
vt 0.712308 0.752194
vt 0.712067 0.750184
f 925/723/925 861/724/861 986/725/986
vt 0.717399 0.756774
f 987/726/987 927/646/927 988/695/988
f 800/645/800 989/723/989 926/695/926
vt 0.749634 0.753592
f 929/727/929 867/648/867 930/697/930
f 934/699/934 936/700/936 935/653/935
vt 0.710365 0.695627
vt 0.710789 0.695607
f 991/728/991 934/699/934 870/729/870
f 936/700/936 945/706/945 937/655/937
vt 0.687805 0.641587
f 993/657/993 994/658/994 995/730/995
f 995/730/995 996/701/996 993/657/993
vt 0.677791 0.638924
f 873/600/873 938/701/938 997/731/997
vt 0.690093 0.646523
f 994/658/994 998/660/998 999/732/999
vt 0.694270 0.658966
f 1000/663/1000 1001/733/1001 1002/659/1002
vt 0.691485 0.652535
f 998/660/998 1002/659/1002 1003/734/1003
vt 0.675133 0.643505
vt 0.677346 0.646625
f 1117/735/1117 941/662/941 1004/736/1004
f 873/600/873 997/731/997 1005/704/1005
vt 0.679029 0.643454
f 942/661/942 1006/704/1006 1007/737/1007
vt 0.697639 0.665219
f 1008/666/1008 1009/738/1009 1000/663/1000
vt 0.702766 0.676620
f 1010/739/1010 884/666/884 944/665/944
f 945/706/945 1010/739/1010 944/665/944
vt 0.700119 0.727784
vt 0.701248 0.725729
vt 0.697843 0.721577
f 818/740/818 946/741/946 947/742/947
vt 0.688709 0.159365
vt 0.686852 0.159923
f 1014/743/1014 887/667/887 949/744/949
vt 0.333420 0.160640
f 889/669/889 1015/745/1015 950/707/950
vt 0.334737 0.668521
vt 0.334268 0.669500
vt 0.334769 0.663859
f 954/746/954 758/747/758 955/748/955
vt 0.333238 0.672840
vt 0.333344 0.673947
f 1018/749/1018 893/750/893 954/746/954
vt 0.302933 0.702895
vt 0.307487 0.698967
vt 0.307218 0.698612
f 898/751/898 823/752/823 1020/753/1020
vt 0.279049 0.740153
f 1023/710/1023 1024/754/1024 958/673/958
vt 0.274244 0.744361
f 1025/755/1025 959/711/959 958/673/958
vt 0.284101 0.735812
f 957/710/957 829/616/829 961/756/961
vt 0.288615 0.731360
f 961/756/961 826/615/826 962/757/962
vt 0.292198 0.727135
vt 0.291891 0.726852
f 962/757/962 897/758/897 1026/759/1026
f 1027/753/1027 963/712/963 898/751/898
vt 0.299703 0.706103
f 1028/760/1028 964/676/964 963/712/963
vt 0.308252 0.700621
vt 0.307966 0.699289
f 971/761/971 907/681/907 1033/762/1033
vt 0.283314 0.739040
f 915/686/915 1029/763/1029 967/677/967
vt 0.273589 0.749338
f 973/683/973 1034/764/1034 1035/684/1035
vt 0.275542 0.746810
f 1035/684/1035 1036/765/1036 1037/717/1037
vt 0.278840 0.743082
f 1038/766/1038 912/636/912 974/717/974
f 1038/766/1038 1039/718/1039 912/636/912
f 959/711/959 917/688/917 895/687/895
vt 0.713042 0.738126
vt 0.715976 0.742322
f 1042/767/1042 981/720/981 1043/768/1043
vt 0.722024 0.750206
f 921/691/921 1044/769/1044 1045/720/1045
vt 0.711485 0.750221
f 989/723/989 986/725/986 1050/770/1050
f 989/723/989 1050/770/1050 926/695/926
vt 0.677147 0.642569
vt 0.673798 0.644689
f 933/771/933 939/703/939 1052/772/1052
vt 0.709985 0.685130
f 1054/699/1054 1055/773/1055 1056/700/1056
vt 0.710783 0.689848
f 992/728/992 1057/774/1057 1054/699/1054
vt 0.707351 0.680447
f 1056/700/1056 1058/775/1058 1059/706/1059
vt 0.678266 0.638013
f 996/701/996 1061/776/1061 1062/731/1062
f 1064/737/1064 1005/704/1005 997/731/997
vt 0.700777 0.670695
f 1067/739/1067 1066/777/1066 1008/666/1008
vt 0.703932 0.675677
f 1059/706/1059 1068/778/1068 1067/739/1067
vt 0.698356 0.721590
f 946/741/946 1070/779/1070 1071/742/1071
vt 0.695698 0.717413
vt 0.695448 0.717704
f 947/742/947 1072/780/1072 948/781/948
vt 0.695481 0.713268
vt 0.696838 0.709201
vt 0.695244 0.715295
f 1011/782/1011 1074/783/1074 886/784/886
vt 0.688248 0.159360
f 1014/743/1014 949/744/949 1075/785/1075
vt 0.686462 0.161035
f 1076/785/1076 949/744/949 1013/786/1013
vt 0.328057 0.160245
f 950/707/950 1015/745/1015 1077/787/1077
vt 0.328081 0.161350
f 952/788/952 951/707/951 1078/787/1078
vt 0.335282 0.663986
f 1080/789/1080 1081/746/1081 955/748/955
vt 0.333752 0.672885
f 1081/746/1081 1082/790/1082 1083/749/1083
vt 0.329997 0.677103
f 1019/791/1019 893/750/893 1018/749/1018
vt 0.316714 0.689950
f 823/752/823 1021/792/1021 1020/753/1020
vt 0.317004 0.690291
vt 0.321343 0.685638
f 956/793/956 1022/794/1022 1021/792/1021
vt 0.283913 0.735793
f 1085/795/1085 1024/754/1024 1023/710/1023
f 1024/754/1024 1025/755/1025 958/673/958
vt 0.274043 0.743914
f 1086/711/1086 1087/755/1087 1088/796/1088
f 1090/756/1090 1085/795/1085 1023/710/1023
vt 0.288230 0.731341
f 1091/757/1091 1092/797/1092 1090/756/1090
f 1026/759/1026 1092/797/1092 1091/757/1091
vt 0.295391 0.724805
vt 0.297960 0.720203
f 1031/798/1031 1030/799/1030 904/679/904
vt 0.305719 0.703952
f 1100/762/1100 970/681/970 1032/800/1032
f 1036/765/1036 1102/766/1102 1037/717/1037
vt 0.283076 0.738741
f 1103/801/1103 1039/718/1039 1038/766/1038
vt 0.269979 0.747859
f 1086/711/1086 1040/802/1040 976/688/976
vt 0.671841 0.657162
vt 0.666737 0.652258
vt 0.668767 0.645995
f 1041/803/1041 980/804/980 1106/805/1106
vt 0.718867 0.746056
f 1045/720/1045 1107/806/1107 1108/768/1108
vt 0.716254 0.741870
f 1108/768/1108 1109/807/1109 1110/767/1110
vt 0.709651 0.733962
vt 0.709220 0.733964
f 1042/767/1042 1069/808/1069 982/809/982
vt 0.732390 0.718814
vt 0.732095 0.717190
f 923/694/923 1046/810/1046 1112/811/1112
vt 0.732636 0.717180
f 1047/812/1047 984/694/984 1113/811/1113
vt 0.712656 0.741709
vt 0.716167 0.739275
vt 0.714889 0.737315
f 1049/813/1049 924/814/924 1048/815/1048
vt 0.719592 0.734794
vt 0.718181 0.732827
f 1048/815/1048 985/816/985 1114/817/1114
vt 0.711081 0.746012
f 986/725/986 1115/818/1115 1050/770/1050
vt 0.713334 0.752715
f 1051/819/1051 988/695/988 1116/770/1116
vt 0.671601 0.646113
f 933/771/933 1052/772/1052 1053/820/1053
vt 0.709737 0.694402
f 1120/821/1120 1057/774/1057 991/728/991
vt 0.682402 0.638120
f 996/701/996 1060/822/1060 1061/776/1061
vt 0.687651 0.641326
f 995/730/995 1121/823/1121 1060/822/1060
vt 0.678881 0.642562
f 1122/731/1122 1123/776/1123 1124/824/1124
vt 0.678538 0.643375
f 1064/737/1064 997/731/997 1128/825/1128
vt 0.685760 0.654991
vt 0.682484 0.649658
f 1007/737/1007 1129/826/1129 1065/827/1065
vt 0.701693 0.725753
f 1069/808/1069 1131/828/1131 946/741/946
f 1131/828/1131 1070/779/1070 946/741/946
f 1070/779/1070 1072/780/1072 1071/742/1071
vt 0.697395 0.709243
f 1132/829/1132 1133/783/1133 1011/782/1011
vt 0.699411 0.705274
f 1133/783/1133 1132/829/1132 1134/830/1134
vt 0.699313 0.705560
f 1074/783/1074 1136/830/1136 1012/831/1012
vt 0.691247 0.158812
f 1138/832/1138 1014/743/1014 1075/785/1075
vt 0.327964 0.160271
f 1015/745/1015 1139/833/1139 1077/787/1077
vt 0.323002 0.160940
vt 0.322936 0.159831
f 1016/834/1016 1078/787/1078 1140/835/1140
vt 0.325777 0.681355
vt 0.325855 0.681644
f 1084/836/1084 894/837/894 1019/791/1019
vt 0.324217 0.643296
vt 0.319857 0.642310
vt 0.322495 0.640411
f 1017/838/1017 1141/839/1141 1079/840/1079
vt 0.335267 0.668601
f 1143/841/1143 1082/790/1082 1081/746/1081
f 1082/790/1082 1144/791/1144 1083/749/1083
vt 0.307249 0.698557
f 1145/792/1145 1093/842/1093 1027/753/1027
vt 0.316698 0.689892
f 1022/794/1022 1146/843/1146 1145/792/1145
vt 0.277993 0.738479
f 1148/754/1148 1149/795/1149 1150/844/1150
f 1087/755/1087 1148/754/1148 1088/796/1088
vt 0.295375 0.713506
vt 0.293485 0.722367
vt 0.294035 0.722341
f 1095/845/1095 1089/846/1089 960/847/960
vt 0.291395 0.726856
f 1089/846/1089 1151/848/1151 1026/759/1026
f 1092/797/1092 1085/795/1085 1090/756/1090
f 1026/759/1026 1151/848/1151 1092/797/1092
vt 0.298577 0.704979
vt 0.296610 0.709215
vt 0.297163 0.709237
f 1096/849/1096 1094/850/1094 966/851/966
vt 0.295954 0.713505
f 1094/850/1094 1095/845/1095 965/852/965
f 975/718/975 1097/801/1097 1029/763/1029
vt 0.287697 0.734139
f 1097/801/1097 1098/853/1098 968/714/968
vt 0.294923 0.724797
f 1155/799/1155 1031/798/1031 1154/854/1154
vt 0.302919 0.706493
vt 0.301471 0.711376
f 1156/855/1156 1099/856/1099 1030/799/1030
vt 0.311754 0.696030
vt 0.311316 0.694722
f 1101/857/1101 1033/762/1033 1158/858/1158
vt 0.283006 0.738678
f 1038/766/1038 1159/859/1159 1103/801/1103
vt 0.667448 0.640603
vt 0.663677 0.635678
vt 0.666589 0.635314
f 1104/860/1104 978/861/978 1105/862/1105
vt 0.665514 0.646611
f 979/863/979 1104/860/1104 1106/805/1106
vt 0.671652 0.650730
f 1160/864/1160 1041/803/1041 1161/805/1161
vt 0.713352 0.737690
f 1110/767/1110 1163/865/1163 1164/808/1164
vt 0.714445 0.737346
f 1166/815/1166 1167/866/1167 1049/813/1049
vt 0.717778 0.732856
f 1114/817/1114 1168/867/1168 1166/815/1166
vt 0.711166 0.748580
f 1169/868/1169 1116/770/1116 1170/818/1170
vt 0.675873 0.648609
f 1053/820/1053 1117/735/1117 1063/869/1063
vt 0.669748 0.647153
vt 0.670807 0.642458
vt 0.673835 0.642626
f 1118/870/1118 1119/871/1119 990/872/990
vt 0.690119 0.646158
f 999/732/999 1125/873/1125 1121/823/1121
vt 0.678593 0.638283
f 1176/874/1176 1177/776/1177 1178/822/1178
vt 0.687296 0.641615
f 1179/875/1179 1178/822/1178 1180/823/1180
vt 0.679135 0.642479
f 1123/776/1123 1181/876/1181 1124/824/1124
f 1122/731/1122 1124/824/1124 1182/825/1182
vt 0.691833 0.652048
f 1003/734/1003 1126/877/1126 1125/873/1125
vt 0.694819 0.658426
f 1001/733/1001 1127/878/1127 1126/877/1126
vt 0.698352 0.664633
f 1009/738/1009 1130/879/1130 1127/878/1127
vt 0.681901 0.649660
f 1183/880/1183 1064/737/1064 1128/825/1128
f 1129/826/1129 1064/737/1064 1183/880/1183
vt 0.701706 0.670008
f 1066/777/1066 1184/881/1184 1130/879/1130
vt 0.702055 0.725348
f 1164/808/1164 1185/882/1185 1186/828/1186
f 1186/828/1186 1185/882/1185 1187/779/1187
vt 0.696274 0.717420
f 1070/779/1070 1135/883/1135 1072/780/1072
vt 0.702754 0.701365
vt 0.702729 0.701669
f 1136/830/1136 1188/884/1188 1073/885/1073
vt 0.690833 0.158802
f 1190/886/1190 1138/832/1138 1075/785/1075
vt 0.694751 0.158283
f 1138/832/1138 1190/886/1190 1191/887/1191
vt 0.687931 0.160481
f 1192/886/1192 1076/785/1076 1137/888/1137
f 1077/787/1077 1139/833/1139 1193/835/1193
vt 0.330450 0.677151
f 1195/889/1195 1084/836/1084 1144/791/1144
vt 0.318842 0.645946
f 1196/890/1196 1197/840/1197 1141/839/1141
vt 0.325347 0.638228
vt 0.328535 0.640344
f 1079/840/1079 1264/891/1264 1142/892/1142
vt 0.333691 0.671964
f 1198/893/1198 1199/790/1199 1143/841/1143
f 1082/790/1082 1195/889/1195 1144/791/1144
vt 0.321489 0.685634
f 1200/894/1200 1146/843/1146 1022/794/1022
vt 0.326111 0.681400
f 1195/889/1195 1147/895/1147 1084/836/1084
f 1147/895/1147 1200/894/1200 1022/794/1022
vt 0.294244 0.717530
f 1202/846/1202 1203/845/1203 1204/896/1204
vt 0.293132 0.721994
f 1205/848/1205 1202/846/1202 1206/897/1206
vt 0.282880 0.734170
f 1149/795/1149 1207/797/1207 1201/898/1201
vt 0.291039 0.726471
f 1207/797/1207 1205/848/1205 1208/899/1208
vt 0.296302 0.708838
f 1210/900/1210 1211/850/1211 1212/849/1212
f 1203/845/1203 1211/850/1211 1210/900/1210
vt 0.301824 0.700730
vt 0.301577 0.700744
f 1152/901/1152 1213/902/1213 1096/849/1096
f 1098/853/1098 1103/801/1103 1159/859/1159
vt 0.287457 0.734106
f 1098/853/1098 1159/859/1159 1153/903/1153
vt 0.299145 0.715622
f 1156/855/1156 1155/799/1155 1214/904/1214
vt 0.308458 0.699361
f 1158/858/1158 1100/762/1100 1157/905/1157
vt 0.281757 0.737100
f 1102/766/1102 1218/906/1218 1219/859/1219
vt 0.669087 0.634835
f 1220/860/1220 1105/862/1105 1221/907/1221
vt 0.670194 0.645255
f 1222/908/1222 1161/805/1161 1220/860/1220
vt 0.733549 0.714529
vt 0.733499 0.712907
f 1112/811/1112 1111/909/1111 1226/910/1226
vt 0.734060 0.712891
f 1165/911/1165 1113/811/1113 1229/910/1229
vt 0.712140 0.741726
f 1167/866/1167 1231/912/1231 1049/813/1049
vt 0.725307 0.723739
f 1232/913/1232 1168/867/1168 1114/817/1114
f 1049/813/1049 1231/912/1231 1115/818/1115
vt 0.671943 0.651977
vt 0.673976 0.650400
f 1234/914/1234 1118/870/1118 1171/915/1171
vt 0.669086 0.642704
f 1235/870/1235 1236/916/1236 1119/871/1119
vt 0.708606 0.679564
vt 0.705063 0.674877
f 1058/775/1058 1172/917/1172 1175/918/1175
vt 0.711084 0.684151
f 1055/773/1055 1173/919/1173 1172/917/1172
vt 0.711242 0.688720
f 1174/920/1174 1173/919/1173 1057/774/1057
vt 0.709535 0.693157
f 1237/921/1237 1174/920/1174 1120/821/1120
f 1068/778/1068 1175/918/1175 1184/881/1184
vt 0.689636 0.646362
f 1238/922/1238 1180/823/1180 1239/873/1239
vt 0.682385 0.638446
f 1240/923/1240 1176/874/1176 1178/822/1178
f 1241/876/1241 1177/776/1177 1176/874/1176
f 1238/922/1238 1179/875/1179 1180/823/1180
f 1179/875/1179 1240/923/1240 1178/822/1178
vt 0.682682 0.648758
f 1124/824/1124 1181/876/1181 1242/924/1242
vt 0.691350 0.652179
f 1244/925/1244 1239/873/1239 1245/877/1245
vt 0.694382 0.658559
f 1246/878/1246 1247/926/1247 1245/877/1245
f 1247/926/1247 1246/878/1246 1248/879/1248
vt 0.682043 0.649264
f 1182/825/1182 1243/927/1243 1249/880/1249
vt 0.685311 0.655139
f 1250/928/1250 1129/826/1129 1183/880/1183
vt 0.701521 0.670166
f 1252/881/1252 1253/929/1253 1248/879/1248
vt 0.696539 0.717014
f 1187/779/1187 1254/930/1254 1135/883/1135
vt 0.699906 0.705290
f 1188/884/1188 1134/830/1134 1189/931/1189
vt 0.694404 0.158281
f 1191/887/1191 1190/886/1190 1256/932/1256
vt 0.322767 0.159849
vt 0.317979 0.159382
f 1193/835/1193 1257/933/1257 1258/934/1258
f 1257/933/1257 1193/835/1193 1139/833/1139
vt 0.318071 0.160497
f 1194/935/1194 1140/835/1140 1260/934/1260
vt 0.324639 0.641937
vt 0.325432 0.638411
f 1261/936/1261 1263/937/1263 1197/840/1197
vt 0.330105 0.676190
f 1267/938/1267 1268/889/1268 1199/790/1199
vt 0.315760 0.688838
f 1146/843/1146 1269/894/1269 1270/939/1270
vt 0.325578 0.680421
f 1271/940/1271 1272/895/1272 1268/889/1268
vt 0.320729 0.684618
f 1269/894/1269 1272/895/1272 1273/941/1273
vt 0.305440 0.696490
f 1275/942/1275 1213/902/1213 1152/901/1152
vt 0.297773 0.703540
f 1274/943/1274 1212/849/1212 1276/902/1276
vt 0.287066 0.733712
f 1219/859/1219 1277/944/1277 1153/903/1153
vt 0.311684 0.694800
f 1280/945/1280 1158/858/1158 1157/905/1157
vt 0.733293 0.708608
vt 0.732794 0.710195
vt 0.731735 0.704276
f 1225/946/1225 1162/947/1162 1224/948/1224
f 1226/910/1226 1111/909/1111 1225/946/1225
vt 0.734106 0.711735
vt 0.733834 0.708625
f 1227/949/1227 1165/911/1165 1285/950/1285
f 1165/911/1165 1229/910/1229 1286/946/1286
vt 0.711321 0.740109
f 1288/951/1288 1289/912/1289 1167/866/1167
vt 0.717372 0.732463
f 1168/867/1168 1290/913/1290 1287/952/1287
vt 0.710594 0.744375
f 1233/953/1233 1170/818/1170 1289/912/1289
vt 0.670063 0.653325
f 1291/954/1291 1235/870/1235 1234/914/1234
vt 0.708690 0.679724
f 1292/917/1292 1293/955/1293 1294/918/1294
vt 0.711271 0.684294
f 1295/919/1295 1296/956/1296 1292/917/1292
f 1297/920/1297 1296/956/1296 1295/919/1295
vt 0.709971 0.693132
f 1237/921/1237 1298/957/1298 1297/920/1297
vt 0.705037 0.675029
f 1294/918/1294 1299/958/1299 1252/881/1252
f 1244/925/1244 1238/922/1238 1239/873/1239
vt 0.680124 0.636502
f 1300/923/1300 1301/959/1301 1302/874/1302
vt 0.679610 0.642555
f 1303/960/1303 1241/876/1241 1176/874/1176
f 1306/924/1306 1241/876/1241 1303/960/1303
f 1247/926/1247 1244/925/1244 1245/877/1245
vt 0.698013 0.664792
f 1307/961/1307 1247/926/1247 1248/879/1248
vt 0.685727 0.654696
f 1249/880/1249 1308/962/1308 1309/928/1309
f 1299/958/1299 1253/929/1253 1252/881/1252
f 1253/929/1253 1307/961/1307 1248/879/1248
vt 0.706867 0.697304
f 1311/963/1311 1188/884/1188 1189/931/1189
vt 0.690560 0.159921
f 1312/932/1312 1192/886/1192 1255/964/1255
vt 0.699019 0.157782
f 1313/965/1313 1191/887/1191 1256/932/1256
vt 0.307984 0.158411
f 1257/933/1257 1314/966/1314 1258/934/1258
vt 0.324276 0.641677
f 1318/967/1318 1319/937/1319 1320/936/1320
vt 0.325240 0.638075
f 1318/967/1318 1321/968/1321 1319/937/1319
vt 0.300587 0.699371
f 1276/902/1276 1327/942/1327 1328/969/1328
vt 0.311385 0.693776
f 1331/945/1331 1157/905/1157 1279/970/1279
vt 0.315378 0.690251
f 1158/858/1158 1280/945/1280 1281/971/1281
vt 0.316006 0.691568
vt 0.315280 0.690228
vt 0.319614 0.685862
f 1216/972/1216 1217/973/1217 1332/974/1332
f 1217/973/1217 1281/971/1281 1333/974/1333
vt 0.727835 0.701389
vt 0.729087 0.699892
f 1224/948/1224 1223/975/1223 1342/976/1342
vt 0.732226 0.704324
f 1286/946/1286 1343/948/1343 1344/977/1344
f 1165/911/1165 1286/946/1286 1345/950/1345
vt 0.731837 0.714879
vt 0.733590 0.710598
f 1228/978/1228 1227/949/1227 1347/979/1347
f 1296/956/1296 1293/955/1293 1292/917/1292
f 1293/955/1293 1299/958/1299 1294/918/1294
f 1298/957/1298 1237/921/1237 1311/963/1311
vt 0.711568 0.688779
f 1298/957/1298 1349/980/1349 1297/920/1297
vt 0.689754 0.645943
f 1304/922/1304 1350/925/1350 1351/981/1351
vt 0.680867 0.641296
f 1352/874/1352 1353/959/1353 1354/982/1354
f 1352/874/1352 1354/982/1354 1356/960/1356
vt 0.687258 0.641666
f 1304/922/1304 1351/981/1351 1305/983/1305
vt 0.682668 0.637699
f 1305/983/1305 1355/984/1355 1300/923/1300
vt 0.686577 0.654088
f 1243/927/1243 1242/924/1242 1357/985/1357
vt 0.683168 0.648637
f 1306/924/1306 1303/960/1303 1358/986/1358
vt 0.690384 0.645356
f 1350/925/1350 1359/926/1359 1360/987/1360
vt 0.695095 0.657918
f 1359/926/1359 1361/961/1361 1362/988/1362
vt 0.689116 0.660002
vt 0.689462 0.659889
f 1364/989/1364 1251/990/1251 1250/928/1250
vt 0.688553 0.660662
vt 0.693883 0.664394
f 1310/991/1310 1251/990/1251 1366/992/1366
vt 0.702682 0.669344
f 1367/958/1367 1368/993/1368 1369/929/1369
vt 0.698918 0.664099
f 1369/929/1369 1370/994/1370 1361/961/1361
vt 0.703184 0.700942
f 1189/931/1189 1371/995/1371 1372/963/1372
vt 0.698760 0.157831
f 1313/965/1313 1256/932/1256 1374/996/1374
vt 0.303164 0.157914
f 1258/934/1258 1314/966/1314 1375/997/1375
vt 0.308326 0.159510
f 1259/998/1259 1260/934/1260 1376/997/1376
vt 0.325455 0.647923
vt 0.325328 0.648187
f 1377/999/1377 1261/936/1261 1316/1000/1316
vt 0.329768 0.639422
vt 0.326555 0.637435
f 1262/1001/1262 1264/891/1264 1378/1002/1378
vt 0.325025 0.647791
f 1381/1003/1381 1318/967/1318 1320/936/1320
f 1382/1002/1382 1383/968/1383 1384/967/1384
vt 0.324723 0.679386
vt 0.329318 0.675171
f 1388/1004/1388 1267/938/1267 1324/1005/1324
vt 0.333123 0.670987
f 1324/1005/1324 1198/893/1198 1325/1006/1325
vt 0.335716 0.667780
vt 0.335639 0.666866
f 1325/1006/1325 1266/1007/1266 1387/1008/1387
vt 0.306380 0.697466
vt 0.314843 0.687836
f 1209/1009/1209 1270/939/1270 1389/1010/1389
vt 0.315065 0.688075
f 1270/939/1270 1273/941/1273 1390/1011/1390
vt 0.309994 0.692194
vt 0.305478 0.696431
f 1393/1012/1393 1275/942/1275 1326/1013/1326
vt 0.305022 0.701872
vt 0.302357 0.706460
vt 0.304487 0.701825
f 1215/1014/1215 1278/1015/1278 1394/1016/1394
vt 0.310714 0.692678
vt 0.314153 0.688077
f 1279/970/1279 1330/1017/1330 1396/1018/1396
vt 0.314818 0.689174
f 1331/945/1331 1397/1019/1397 1398/971/1398
vt 0.319434 0.685828
f 1333/974/1333 1281/971/1281 1399/1020/1399
vt 0.724261 0.696929
vt 0.725563 0.695478
f 1342/976/1342 1284/1021/1284 1407/1022/1407
vt 0.729504 0.699928
f 1343/948/1343 1408/976/1408 1409/1023/1409
f 1344/977/1344 1343/948/1343 1409/1023/1409
f 1345/950/1345 1286/946/1286 1344/977/1344
vt 0.734267 0.707501
f 1346/1024/1346 1285/950/1285 1410/977/1410
vt 0.733029 0.710615
f 1411/979/1411 1412/1025/1412 1228/978/1228
vt 0.731295 0.714890
f 1412/1025/1412 1348/1026/1348 1228/978/1228
vt 0.728644 0.719241
vt 0.729141 0.719245
f 1348/1026/1348 1413/1027/1413 1230/1028/1230
f 1230/1028/1230 1413/1027/1413 1232/913/1232
vt 0.710155 0.678716
f 1296/956/1296 1415/1029/1415 1416/955/1416
vt 0.704557 0.667812
f 1416/955/1416 1417/1030/1417 1367/958/1367
vt 0.706841 0.696906
f 1418/1031/1418 1419/957/1419 1372/963/1372
vt 0.710015 0.692762
f 1420/1032/1420 1349/980/1349 1419/957/1419
vt 0.681738 0.634998
f 1354/982/1354 1353/959/1353 1421/1033/1421
f 1357/985/1357 1306/924/1306 1358/986/1358
vt 0.683854 0.648030
f 1356/960/1356 1423/1034/1423 1424/986/1424
vt 0.689851 0.659429
f 1309/928/1309 1363/1035/1363 1425/989/1425
f 1426/992/1426 1251/990/1251 1364/989/1364
vt 0.694240 0.159394
f 1373/1036/1373 1428/996/1428 1312/932/1312
vt 0.703883 0.157256
f 1429/1037/1429 1313/965/1313 1374/996/1374
vt 0.297785 0.157502
f 1314/966/1314 1430/1038/1430 1375/997/1375
vt 0.327178 0.653372
f 1431/1039/1431 1377/999/1377 1316/1000/1316
f 1381/1003/1381 1320/936/1320 1432/999/1432
vt 0.334280 0.647510
vt 0.332899 0.644019
vt 0.333276 0.643297
f 1380/1040/1380 1317/1041/1317 1379/1042/1379
vt 0.330628 0.638885
f 1379/1042/1379 1262/1001/1262 1433/1043/1433
vt 0.325408 0.640965
f 1434/1003/1434 1435/1044/1435 1384/967/1384
vt 0.336228 0.663265
vt 0.336662 0.662405
f 1387/1008/1387 1322/1045/1322 1385/1046/1385
vt 0.335929 0.657454
vt 0.335988 0.657200
f 1385/1046/1385 1265/1047/1265 1436/1048/1436
vt 0.334799 0.651989
vt 0.334730 0.652236
f 1386/1049/1386 1323/1050/1323 1380/1040/1380
vt 0.328887 0.675104
f 1437/1005/1437 1438/1051/1438 1439/1004/1439
vt 0.332624 0.670921
f 1440/1006/1440 1441/1052/1441 1437/1005/1437
vt 0.335117 0.666762
f 1442/1008/1442 1443/1053/1443 1440/1006/1440
vt 0.319835 0.683599
f 1391/1054/1391 1271/940/1271 1388/1004/1388
vt 0.304297 0.695180
f 1327/942/1327 1444/1012/1444 1392/1055/1392
vt 0.302051 0.706089
f 1445/1016/1445 1278/1015/1278 1395/1056/1395
vt 0.307645 0.697272
vt 0.307152 0.697199
f 1329/1057/1329 1394/1016/1394 1446/1058/1446
vt 0.310341 0.692604
f 1447/1018/1447 1330/1017/1330 1448/1059/1448
vt 0.318639 0.684702
f 1398/971/1398 1449/1060/1449 1451/1020/1451
vt 0.324079 0.681683
f 1452/1061/1452 1333/974/1333 1399/1020/1399
vt 0.409366 0.145720
vt 0.404142 0.144898
vt 0.409492 0.144596
f 1282/1062/1282 1454/1063/1454 1402/1064/1402
vt 0.415207 0.145441
vt 0.415266 0.144310
f 1334/1065/1334 1402/1064/1402 1455/1066/1455
vt 0.382936 0.146645
vt 0.394966 0.145600
vt 0.386781 0.147435
f 1457/1067/1457 1403/1068/1403 1336/1069/1336
vt 0.399337 0.145238
vt 0.399135 0.146355
f 1403/1068/1403 1456/1070/1456 1337/1071/1337
vt 0.607183 0.146837
vt 0.602877 0.145498
vt 0.606940 0.145710
f 1339/1072/1339 1464/1073/1464 1405/1074/1405
vt 0.611697 0.147050
vt 0.611536 0.145918
f 1283/1075/1283 1405/1074/1405 1466/1076/1466
vt 0.720034 0.692446
vt 0.716828 0.686623
vt 0.721377 0.691059
f 1341/1077/1341 1469/1078/1469 1406/1079/1406
f 1284/1021/1284 1406/1079/1406 1407/1022/1407
f 1409/1023/1409 1408/976/1408 1470/1022/1470
vt 0.733037 0.703238
f 1410/977/1410 1471/1023/1471 1472/1080/1472
vt 0.734158 0.706361
f 1347/979/1347 1346/1024/1346 1473/1081/1473
vt 0.733616 0.706344
f 1411/979/1411 1474/1082/1474 1412/1025/1412
vt 0.730950 0.714490
f 1475/1083/1475 1476/1026/1476 1477/1025/1477
f 1478/1027/1478 1476/1026/1476 1475/1083/1475
vt 0.728291 0.718835
f 1290/913/1290 1478/1027/1478 1414/1084/1414
vt 0.682956 0.637271
f 1422/1085/1422 1479/1033/1479 1301/959/1301
vt 0.686997 0.653905
f 1357/985/1357 1358/986/1358 1480/1086/1480
vt 0.693665 0.664440
f 1426/992/1426 1364/989/1364 1484/1087/1484
vt 0.698581 0.668748
vt 0.692677 0.665369
f 1485/1088/1485 1365/1089/1365 1366/992/1366
vt 0.703741 0.157358
f 1429/1037/1429 1374/996/1374 1486/1090/1486
vt 0.297942 0.157491
f 1375/997/1375 1430/1038/1430 1487/1091/1487
vt 0.303265 0.159023
f 1315/1092/1315 1376/997/1376 1488/1091/1488
vt 0.326721 0.653290
f 1489/1093/1489 1432/999/1432 1490/1039/1490
f 1489/1093/1489 1381/1003/1381 1432/999/1432
vt 0.327944 0.637020
f 1433/1043/1433 1378/1002/1378 1491/1094/1491
vt 0.332792 0.643321
f 1492/1040/1492 1493/1042/1493 1494/1095/1494
vt 0.330334 0.638988
f 1493/1042/1493 1495/1043/1495 1496/1096/1496
f 1498/1094/1498 1382/1002/1382 1435/1044/1435
f 1499/1046/1499 1443/1053/1443 1442/1008/1442
vt 0.335510 0.657030
f 1499/1046/1499 1436/1048/1436 1500/1097/1500
vt 0.334339 0.651840
f 1501/1098/1501 1386/1049/1386 1492/1040/1492
f 1441/1052/1441 1438/1051/1438 1437/1005/1437
vt 0.324413 0.679323
f 1438/1051/1438 1502/1099/1502 1439/1004/1439
f 1443/1053/1443 1441/1052/1441 1440/1006/1440
vt 0.319711 0.683589
f 1439/1004/1439 1503/1100/1503 1391/1054/1391
f 1390/1011/1390 1391/1054/1391 1389/1010/1389
vt 0.306835 0.696830
f 1445/1016/1445 1505/1101/1505 1506/1058/1506
f 1330/1017/1330 1446/1058/1446 1448/1059/1448
vt 0.314042 0.688061
f 1507/1102/1507 1447/1018/1447 1448/1059/1448
vt 0.318019 0.683613
f 1397/1019/1397 1396/1018/1396 1508/1103/1508
vt 0.325115 0.683063
f 1332/974/1332 1509/1061/1509 1450/1104/1450
vt 0.323741 0.681645
f 1452/1061/1452 1399/1020/1399 1511/1105/1511
vt 0.403964 0.146014
f 1335/1106/1335 1456/1070/1456 1454/1063/1454
vt 0.404401 0.144914
f 1515/1064/1515 1516/1063/1516 1517/1107/1517
vt 0.409680 0.144603
f 1518/1066/1518 1515/1064/1515 1519/1108/1519
vt 0.421351 0.145145
vt 0.421341 0.144017
f 1401/1109/1401 1455/1066/1455 1520/1110/1520
vt 0.383243 0.146649
f 1521/1068/1521 1522/1067/1522 1523/1111/1523
vt 0.399646 0.145248
f 1524/1112/1524 1525/1070/1525 1521/1068/1521
vt 0.603191 0.146619
vt 0.599576 0.145294
f 1464/1073/1464 1404/1113/1404 1529/1114/1529
vt 0.616548 0.147239
vt 0.616437 0.146109
f 1340/1115/1340 1466/1076/1466 1531/1116/1531
vt 0.602498 0.145504
f 1532/1074/1532 1533/1073/1533 1534/1117/1534
vt 0.606614 0.145704
f 1535/1118/1535 1532/1074/1532 1534/1117/1534
f 1532/1074/1532 1535/1118/1535 1536/1076/1536
vt 0.716831 0.686666
f 1537/1079/1537 1538/1078/1538 1539/1119/1539
vt 0.721528 0.691088
f 1470/1022/1470 1537/1079/1537 1540/1120/1540
vt 0.725871 0.695496
f 1409/1023/1409 1470/1022/1470 1541/1121/1541
f 1543/1081/1543 1474/1082/1474 1411/979/1411
vt 0.732416 0.709010
f 1544/1122/1544 1477/1025/1477 1545/1082/1545
vt 0.687949 0.653151
f 1424/986/1424 1481/1123/1481 1546/1086/1546
vt 0.694622 0.663713
f 1484/1087/1484 1425/989/1425 1483/1124/1483
f 1547/1088/1547 1426/992/1426 1484/1087/1484
vt 0.698859 0.158943
f 1427/1125/1427 1549/1090/1549 1428/996/1428
vt 0.709173 0.156648
f 1550/1126/1550 1429/1037/1429 1486/1090/1486
vt 0.292517 0.157174
f 1487/1091/1487 1430/1038/1430 1551/1127/1551
vt 0.329072 0.658494
f 1553/1128/1553 1489/1093/1489 1490/1039/1490
vt 0.325860 0.646983
f 1489/1093/1489 1497/1129/1497 1434/1003/1434
f 1493/1042/1493 1496/1096/1496 1494/1095/1494
vt 0.333780 0.647438
f 1492/1040/1492 1494/1095/1494 1555/1130/1555
vt 0.327935 0.637069
f 1495/1043/1495 1554/1131/1554 1496/1096/1496
vt 0.336150 0.662255
f 1443/1053/1443 1499/1046/1499 1557/1132/1557
f 1436/1048/1436 1501/1098/1501 1500/1097/1500
f 1499/1046/1499 1500/1097/1500 1557/1132/1557
f 1501/1098/1501 1492/1040/1492 1555/1130/1555
vt 0.328018 0.673880
f 1558/1133/1558 1559/1051/1559 1560/1052/1560
vt 0.323444 0.678067
f 1561/1099/1561 1559/1051/1559 1562/1134/1562
f 1439/1004/1439 1502/1099/1502 1503/1100/1503
vt 0.332013 0.669758
f 1563/1135/1563 1560/1052/1560 1564/1053/1564
vt 0.314874 0.687885
f 1389/1010/1389 1565/1136/1565 1393/1012/1393
vt 0.308827 0.690924
f 1444/1012/1444 1566/1136/1566 1504/1137/1504
f 1506/1058/1506 1505/1101/1505 1567/1059/1567
vt 0.313211 0.686700
f 1567/1059/1567 1568/1138/1568 1507/1102/1507
vt 0.318182 0.683656
f 1569/1139/1569 1570/1103/1570 1447/1018/1447
vt 0.322367 0.679427
f 1449/1060/1449 1508/1103/1508 1571/1140/1571
vt 0.322890 0.680514
f 1451/1020/1451 1510/1141/1510 1573/1105/1573
vt 0.327832 0.677477
f 1574/1142/1574 1452/1061/1452 1511/1105/1511
vt 0.368228 0.148717
vt 0.362740 0.147867
vt 0.368209 0.147592
f 1453/1143/1453 1576/1144/1576 1512/1145/1512
vt 0.373479 0.148402
vt 0.373558 0.147283
f 1400/1146/1400 1512/1145/1512 1577/1147/1577
vt 0.427638 0.143743
f 1401/1109/1401 1520/1110/1520 1514/1148/1514
f 1516/1063/1516 1525/1070/1525 1524/1112/1524
f 1517/1107/1517 1516/1063/1516 1524/1112/1524
f 1519/1108/1519 1515/1064/1515 1517/1107/1517
vt 0.415372 0.144308
f 1580/1149/1580 1518/1066/1518 1519/1108/1519
f 1581/1110/1581 1518/1066/1518 1580/1149/1580
vt 0.378792 0.146972
f 1523/1111/1523 1522/1067/1522 1582/1150/1582
f 1524/1112/1524 1521/1068/1521 1523/1111/1523
vt 0.382748 0.147757
vt 0.378547 0.146961
f 1458/1151/1458 1583/1152/1583 1457/1067/1457
vt 0.328976 0.658759
f 1587/1128/1587 1431/1039/1431 1460/1153/1460
vt 0.587648 0.144484
vt 0.587988 0.145601
vt 0.583586 0.144321
f 1527/1154/1527 1462/1155/1462 1590/1156/1590
vt 0.591034 0.144680
vt 0.591372 0.145803
f 1528/1157/1528 1338/1158/1338 1527/1154/1527
vt 0.597039 0.146217
f 1529/1114/1529 1463/1159/1463 1528/1157/1528
vt 0.599160 0.145299
f 1533/1073/1533 1591/1114/1591 1592/1160/1592
vt 0.611273 0.145902
f 1595/1116/1595 1536/1076/1536 1596/1161/1596
vt 0.621687 0.147430
vt 0.621617 0.146303
f 1467/1162/1467 1531/1116/1531 1597/1163/1597
f 1533/1073/1533 1592/1160/1592 1534/1117/1534
f 1536/1076/1536 1535/1118/1535 1596/1161/1596
vt 0.712136 0.682194
f 1538/1078/1538 1599/1164/1599 1539/1119/1539
f 1540/1120/1540 1537/1079/1537 1539/1119/1539
f 1541/1121/1541 1470/1022/1470 1540/1120/1540
vt 0.730975 0.698044
f 1471/1023/1471 1600/1121/1600 1542/1165/1542
vt 0.733357 0.702103
f 1473/1081/1473 1472/1080/1472 1601/1166/1601
f 1543/1081/1543 1601/1166/1601 1474/1082/1474
vt 0.690913 0.658724
vt 0.691221 0.658571
f 1482/1167/1482 1480/1086/1480 1605/1168/1605
vt 0.709191 0.156768
f 1608/1169/1608 1550/1126/1550 1486/1090/1486
vt 0.292346 0.158287
f 1552/1170/1552 1488/1091/1488 1609/1127/1609
vt 0.292417 0.157147
f 1430/1038/1430 1610/1171/1610 1551/1127/1551
vt 0.326942 0.640513
vt 0.327918 0.637169
f 1556/1172/1556 1612/1173/1612 1498/1094/1498
vt 0.333178 0.642516
f 1613/1174/1613 1614/1095/1614 1615/1096/1615
vt 0.334325 0.646565
f 1616/1175/1616 1617/1130/1617 1614/1095/1614
vt 0.331122 0.638294
f 1615/1096/1615 1618/1173/1618 1619/1176/1619
vt 0.327112 0.646301
f 1497/1129/1497 1620/1177/1620 1556/1172/1556
vt 0.335061 0.665690
f 1621/1178/1621 1564/1053/1564 1622/1132/1622
vt 0.336326 0.656088
f 1623/1179/1623 1624/1097/1624 1625/1098/1625
vt 0.336664 0.661269
f 1626/1180/1626 1622/1132/1622 1624/1097/1624
vt 0.335171 0.650926
f 1627/1181/1627 1625/1098/1625 1617/1130/1617
vt 0.318659 0.682331
f 1629/1100/1629 1561/1099/1561 1628/1182/1628
f 1503/1100/1503 1565/1136/1565 1389/1010/1389
f 1631/1140/1631 1570/1103/1570 1569/1139/1569
vt 0.328627 0.678806
f 1509/1061/1509 1574/1142/1574 1572/1183/1572
vt 0.326495 0.675297
f 1571/1140/1571 1632/1184/1632 1510/1141/1510
vt 0.327409 0.677440
f 1574/1142/1574 1511/1105/1511 1634/1185/1634
vt 0.362719 0.147864
f 1636/1145/1636 1637/1144/1637 1638/1186/1638
vt 0.368278 0.147579
f 1639/1147/1639 1636/1145/1636 1640/1187/1640
vt 0.378389 0.148072
f 1513/1188/1513 1577/1147/1577 1583/1152/1583
vt 0.421364 0.144022
f 1642/1148/1642 1581/1110/1581 1643/1189/1643
vt 0.434162 0.144644
vt 0.434076 0.143519
f 1579/1190/1579 1514/1148/1514 1644/1191/1644
f 1643/1189/1643 1581/1110/1581 1580/1149/1580
f 1522/1067/1522 1645/1152/1645 1582/1150/1582
vt 0.330839 0.668360
vt 0.330406 0.663503
vt 0.330338 0.663787
f 1585/1192/1585 1586/1193/1586 1459/1194/1459
f 1586/1193/1586 1587/1128/1587 1460/1153/1460
vt 0.583899 0.145436
vt 0.578628 0.144217
f 1461/1195/1461 1651/1196/1651 1590/1156/1590
vt 0.583239 0.144341
f 1652/1154/1652 1653/1156/1653 1654/1197/1654
vt 0.587251 0.144500
f 1655/1157/1655 1652/1154/1652 1656/1198/1656
vt 0.590608 0.144684
f 1592/1160/1592 1655/1157/1655 1657/1199/1657
f 1655/1157/1655 1592/1160/1592 1591/1114/1591
vt 0.632585 0.147869
vt 0.627052 0.146521
vt 0.632620 0.146734
f 1465/1200/1465 1594/1201/1594 1593/1202/1593
vt 0.627068 0.147652
f 1530/1203/1530 1597/1163/1597 1594/1201/1594
vt 0.616244 0.146101
f 1595/1116/1595 1596/1161/1596 1659/1204/1659
f 1660/1163/1660 1595/1116/1595 1659/1204/1659
vt 0.710851 0.683441
vt 0.712215 0.682158
f 1469/1078/1469 1468/1205/1468 1598/1206/1598
vt 0.717855 0.685697
f 1661/1119/1661 1662/1164/1662 1663/1207/1663
f 1538/1078/1538 1664/1206/1664 1599/1164/1599
vt 0.722542 0.690081
f 1665/1120/1665 1661/1119/1661 1666/1208/1666
vt 0.726861 0.694450
f 1600/1121/1600 1665/1120/1665 1667/1209/1667
vt 0.732865 0.702054
f 1474/1082/1474 1601/1166/1601 1669/1210/1669
vt 0.733572 0.704741
f 1602/1211/1602 1545/1082/1545 1670/1210/1670
vt 0.687326 0.633325
vt 0.684929 0.632227
f 1479/1033/1479 1603/1212/1603 1671/1213/1671
vt 0.692457 0.657665
f 1673/1168/1673 1546/1086/1546 1604/1214/1604
vt 0.695962 0.662845
f 1674/1215/1674 1482/1167/1482 1605/1168/1605
vt 0.707303 0.677987
vt 0.707617 0.677677
f 1607/1216/1607 1485/1088/1485 1676/1217/1676
vt 0.704064 0.158476
f 1548/1218/1548 1677/1169/1677 1549/1090/1549
vt 0.714211 0.156044
f 1679/1219/1679 1550/1126/1550 1608/1169/1608
vt 0.286941 0.156891
f 1551/1127/1551 1610/1171/1610 1680/1220/1680
vt 0.327052 0.640593
f 1682/1221/1682 1683/1173/1683 1684/1172/1684
vt 0.329852 0.636276
f 1619/1176/1619 1618/1173/1618 1777/1222/1777
vt 0.327515 0.646423
f 1620/1177/1620 1685/1223/1685 1684/1172/1684
vt 0.313756 0.686631
f 1566/1136/1566 1629/1100/1629 1630/1224/1630
vt 0.322686 0.679478
f 1687/1225/1687 1631/1140/1631 1569/1139/1569
f 1689/1184/1689 1631/1140/1631 1687/1225/1687
vt 0.326745 0.676346
f 1573/1105/1573 1633/1226/1633 1690/1185/1690
vt 0.329547 0.672949
f 1574/1142/1574 1634/1185/1634 1691/1227/1691
vt 0.357224 0.148136
f 1638/1186/1638 1637/1144/1637 1693/1228/1693
f 1640/1187/1640 1636/1145/1636 1638/1186/1638
vt 0.362843 0.148990
vt 0.357328 0.148128
f 1575/1229/1575 1694/1230/1694 1576/1144/1576
vt 0.373720 0.147282
f 1695/1231/1695 1639/1147/1639 1640/1187/1640
f 1645/1152/1645 1639/1147/1639 1695/1231/1695
vt 0.427583 0.143757
f 1642/1148/1642 1643/1189/1643 1697/1232/1697
f 1698/1191/1698 1642/1148/1642 1697/1232/1697
f 1582/1150/1582 1645/1152/1645 1695/1231/1695
vt 0.330034 0.673027
vt 0.330197 0.674253
f 1688/1233/1688 1585/1192/1585 1584/1234/1584
vt 0.330323 0.668246
f 1699/1192/1699 1700/1235/1700 1701/1193/1701
vt 0.329905 0.663400
f 1701/1193/1701 1681/1236/1681 1553/1128/1553
vt 0.472475 0.143592
vt 0.465546 0.142621
vt 0.472358 0.142476
f 1526/1237/1526 1704/1238/1704 1648/1239/1648
vt 0.479532 0.143466
vt 0.479452 0.142345
f 1588/1240/1588 1648/1239/1648 1705/1241/1705
vt 0.578863 0.145341
vt 0.572873 0.144101
f 1589/1242/1589 1706/1243/1706 1651/1196/1651
vt 0.578365 0.144216
f 1653/1156/1653 1707/1196/1707 1708/1244/1708
f 1653/1156/1653 1708/1244/1708 1654/1197/1654
f 1652/1154/1652 1654/1197/1654 1656/1198/1656
f 1655/1157/1655 1656/1198/1656 1657/1199/1657
vt 0.626999 0.146517
vt 0.621496 0.146305
f 1709/1245/1709 1710/1201/1710 1711/1246/1711
f 1710/1201/1710 1709/1245/1709 1712/1202/1712
vt 0.649302 0.148364
vt 0.655012 0.147418
f 1658/1247/1658 1593/1202/1593 1713/1248/1713
f 1710/1201/1710 1660/1163/1660 1711/1246/1711
f 1660/1163/1660 1659/1204/1659 1711/1246/1711
f 1598/1206/1598 1607/1216/1607 1676/1217/1676
vt 0.707509 0.677691
f 1664/1206/1664 1675/1249/1675 1599/1164/1599
vt 0.730586 0.697721
f 1601/1166/1601 1716/1250/1716 1669/1210/1669
vt 0.687642 0.635146
f 1672/1251/1672 1421/1033/1421 1719/1213/1719
vt 0.697368 0.661808
f 1721/1215/1721 1673/1168/1673 1720/1252/1720
vt 0.700803 0.667011
vt 0.700707 0.667021
f 1722/1253/1722 1606/1254/1606 1674/1215/1674
f 1723/1217/1723 1547/1088/1547 1675/1249/1675
vt 0.714396 0.156160
f 1724/1255/1724 1679/1219/1679 1608/1169/1608
vt 0.286628 0.158015
f 1611/1256/1611 1609/1127/1609 1725/1220/1725
vt 0.286928 0.156820
f 1610/1171/1610 1726/1257/1726 1680/1220/1680
vt 0.329201 0.636542
f 1731/1258/1731 1683/1173/1683 1682/1221/1682
vt 0.329084 0.651819
f 1733/1259/1733 1685/1223/1685 1620/1177/1620
vt 0.321978 0.678142
f 1569/1139/1569 1686/1260/1686 1734/1225/1734
vt 0.326903 0.675348
f 1735/1261/1735 1689/1184/1689 1687/1225/1687
vt 0.329699 0.671000
f 1632/1184/1632 1736/1262/1736 1633/1226/1633
vt 0.329382 0.671933
f 1690/1185/1690 1737/1263/1737 1738/1227/1738
f 1637/1144/1637 1742/1230/1742 1693/1228/1693
vt 0.440546 0.144438
vt 0.440443 0.143311
f 1641/1264/1641 1644/1191/1644 1696/1265/1696
vt 0.446669 0.144213
vt 0.446526 0.143087
f 1578/1266/1578 1696/1265/1696 1743/1267/1743
vt 0.433956 0.143525
f 1698/1191/1698 1697/1232/1697 1744/1268/1744
f 1688/1233/1688 1691/1227/1691 1699/1192/1699
f 1691/1227/1691 1700/1235/1700 1699/1192/1699
f 1700/1235/1700 1681/1236/1681 1701/1193/1701
vt 0.465691 0.143730
f 1647/1269/1647 1743/1267/1743 1704/1238/1704
vt 0.465347 0.142635
f 1747/1239/1747 1748/1238/1748 1749/1270/1749
vt 0.472192 0.142483
f 1750/1241/1750 1747/1239/1747 1751/1271/1751
vt 0.486920 0.143377
vt 0.486892 0.142262
f 1649/1272/1649 1705/1241/1705 1752/1273/1752
vt 0.573002 0.145235
vt 0.566415 0.143902
f 1650/1274/1650 1754/1275/1754 1706/1243/1706
vt 0.572712 0.144080
vt 0.566368 0.143886
f 1755/1276/1755 1756/1275/1756 1757/1277/1757
f 1756/1275/1756 1755/1276/1755 1758/1243/1758
f 1758/1243/1758 1755/1276/1755 1707/1196/1707
f 1707/1196/1707 1755/1276/1755 1708/1244/1708
vt 0.638231 0.146905
f 1759/1278/1759 1712/1202/1712 1709/1245/1709
f 1760/1248/1760 1712/1202/1712 1759/1278/1759
f 1664/1206/1664 1723/1217/1723 1675/1249/1675
vt 0.713944 0.680508
f 1675/1249/1675 1714/1279/1714 1662/1164/1662
vt 0.731005 0.697758
vt 0.727228 0.693365
f 1668/1280/1668 1764/1281/1764 1716/1250/1716
vt 0.733412 0.700467
f 1717/1282/1717 1670/1210/1670 1765/1250/1765
vt 0.691260 0.629853
vt 0.688805 0.628923
f 1671/1213/1671 1718/1283/1718 1767/1284/1767
vt 0.702288 0.665870
f 1722/1253/1722 1721/1215/1721 1769/1285/1769
vt 0.709501 0.157902
f 1678/1286/1678 1772/1255/1772 1677/1169/1677
vt 0.718315 0.155527
f 1773/1287/1773 1679/1219/1679 1724/1255/1724
vt 0.281267 0.156567
f 1680/1220/1680 1726/1257/1726 1774/1288/1774
vt 0.329928 0.663158
f 1775/1235/1775 1728/1289/1728 1681/1236/1681
vt 0.328877 0.645630
f 1778/1259/1778 1779/1290/1779 1685/1223/1685
vt 0.326525 0.674062
f 1734/1225/1734 1780/1291/1780 1781/1261/1781
f 1782/1262/1782 1689/1184/1689 1735/1261/1735
vt 0.347384 0.149774
vt 0.342250 0.148882
vt 0.352149 0.148393
f 1635/1292/1635 1740/1293/1740 1741/1294/1741
vt 0.357497 0.149247
f 1692/1295/1692 1741/1294/1741 1694/1230/1694
vt 0.351976 0.148397
f 1742/1230/1742 1784/1296/1784 1693/1228/1693
f 1785/1265/1785 1698/1191/1698 1744/1268/1744
vt 0.440272 0.143309
f 1786/1297/1786 1785/1265/1785 1744/1268/1744
f 1785/1265/1785 1786/1297/1786 1787/1267/1787
vt 0.330675 0.667315
f 1738/1227/1738 1783/1298/1783 1775/1235/1775
vt 0.509219 0.143245
vt 0.502028 0.142133
vt 0.509360 0.142119
f 1646/1299/1646 1788/1300/1788 1746/1301/1746
vt 0.516107 0.143335
vt 0.516311 0.142217
f 1702/1302/1702 1746/1301/1746 1789/1303/1789
f 1748/1238/1748 1787/1267/1787 1749/1270/1749
f 1747/1239/1747 1749/1270/1749 1751/1271/1751
vt 0.479332 0.142346
f 1750/1241/1750 1751/1271/1751 1790/1304/1790
vt 0.494452 0.143310
vt 0.494483 0.142201
f 1703/1305/1703 1752/1273/1752 1791/1306/1791
f 1792/1273/1792 1750/1241/1750 1790/1304/1790
vt 0.559597 0.143686
f 1756/1275/1756 1796/1307/1796 1757/1277/1757
vt 0.655034 0.147437
f 1798/1308/1798 1760/1248/1760 1759/1278/1759
vt 0.660658 0.147613
f 1760/1248/1760 1798/1308/1798 1799/1309/1799
vt 0.727541 0.693385
vt 0.723401 0.689043
f 1715/1310/1715 1666/1208/1666 1762/1311/1762
vt 0.718871 0.684682
f 1762/1311/1762 1663/1207/1663 1763/1312/1763
vt 0.723241 0.689009
f 1715/1310/1715 1800/1313/1800 1764/1281/1764
vt 0.731420 0.696186
f 1765/1250/1765 1801/1281/1801 1802/1314/1802
vt 0.692469 0.625824
f 1718/1283/1718 1804/1315/1804 1767/1284/1767
vt 0.691206 0.631769
f 1719/1213/1719 1805/1284/1805 1768/1316/1768
vt 0.718642 0.155631
f 1807/1317/1807 1773/1287/1773 1724/1255/1724
vt 0.281020 0.157710
f 1727/1318/1727 1725/1220/1725 1808/1288/1808
vt 0.281386 0.156473
f 1726/1257/1726 1809/1319/1809 1774/1288/1774
vt 0.331592 0.661774
vt 0.330425 0.656838
f 1810/1320/1810 1729/1321/1729 1728/1289/1728
vt 0.330898 0.656924
vt 0.328621 0.651722
f 1811/1322/1811 1733/1259/1733 1730/1323/1730
vt 0.331464 0.635820
vt 0.328460 0.639905
f 1813/1324/1813 1731/1258/1731 1776/1325/1776
vt 0.333057 0.637466
vt 0.335659 0.635096
f 1732/1326/1732 1777/1222/1777 1815/1327/1815
vt 0.330177 0.671091
f 1735/1261/1735 1817/1328/1817 1782/1262/1782
vt 0.331542 0.666503
f 1736/1262/1736 1818/1329/1818 1737/1263/1737
vt 0.337757 0.150224
vt 0.323297 0.149854
f 1739/1330/1739 1819/1331/1819 1740/1293/1740
vt 0.346920 0.148646
f 1820/1294/1820 1821/1293/1821 1822/1332/1822
f 1742/1230/1742 1820/1294/1820 1784/1296/1784
f 1749/1270/1749 1787/1267/1787 1786/1297/1786
vt 0.501943 0.143252
f 1745/1333/1745 1791/1306/1791 1788/1300/1788
vt 0.502126 0.142139
f 1823/1301/1823 1824/1300/1824 1825/1334/1825
vt 0.509536 0.142117
f 1826/1303/1826 1823/1301/1823 1827/1335/1827
vt 0.486836 0.142270
f 1828/1306/1828 1792/1273/1792 1829/1336/1829
f 1792/1273/1792 1790/1304/1790 1829/1336/1829
vt 0.566439 0.145038
vt 0.559532 0.143695
f 1753/1337/1753 1832/1338/1832 1754/1275/1754
f 1756/1275/1756 1833/1338/1833 1796/1307/1796
vt 0.660591 0.148723
f 1797/1339/1797 1713/1248/1713 1834/1309/1834
vt 0.666299 0.147825
f 1835/1340/1835 1799/1309/1799 1798/1308/1798
f 1715/1310/1715 1836/1311/1836 1800/1313/1800
f 1836/1311/1836 1763/1312/1763 1800/1313/1800
vt 0.728219 0.691896
f 1801/1281/1801 1838/1313/1838 1839/1341/1839
vt 0.695010 0.626495
vt 0.695930 0.622507
f 1766/1342/1766 1842/1343/1842 1804/1315/1804
f 1768/1316/1768 1805/1284/1805 1843/1315/1843
vt 0.714312 0.680216
vt 0.714235 0.680252
vt 0.709751 0.675783
f 1837/1344/1837 1771/1345/1771 1770/1346/1770
vt 0.714586 0.157310
f 1806/1347/1806 1846/1317/1846 1772/1255/1772
vt 0.721336 0.154986
f 1848/1348/1848 1773/1287/1773 1807/1317/1807
vt 0.276281 0.156295
f 1809/1319/1809 1850/1349/1850 1774/1288/1774
vt 0.332093 0.661884
f 1812/1350/1812 1729/1321/1729 1851/1320/1851
vt 0.331348 0.656722
f 1811/1322/1811 1852/1351/1852 1778/1259/1778
vt 0.330709 0.639050
f 1854/1327/1854 1813/1324/1813 1853/1352/1853
vt 0.330496 0.669951
f 1781/1261/1781 1816/1353/1816 1817/1328/1817
vt 0.332057 0.666630
f 1782/1262/1782 1855/1354/1855 1856/1329/1856
f 1818/1329/1818 1810/1320/1810 1783/1298/1783
vt 0.337187 0.149120
f 1821/1293/1821 1819/1331/1819 1857/1355/1857
f 1822/1332/1822 1821/1293/1821 1857/1355/1857
f 1820/1294/1820 1822/1332/1822 1784/1296/1784
vt 0.494501 0.142214
f 1824/1300/1824 1828/1306/1828 1858/1356/1858
f 1825/1334/1825 1824/1300/1824 1858/1356/1858
f 1827/1335/1827 1823/1301/1823 1825/1334/1825
vt 0.516554 0.142219
f 1859/1357/1859 1826/1303/1826 1827/1335/1827
vt 0.522516 0.143486
vt 0.522768 0.142374
f 1793/1358/1793 1789/1303/1789 1860/1359/1860
f 1858/1356/1858 1828/1306/1828 1829/1336/1829
vt 0.545645 0.144514
vt 0.539776 0.143076
vt 0.545767 0.143378
f 1794/1360/1794 1831/1361/1831 1861/1362/1861
vt 0.552406 0.144687
vt 0.552500 0.143553
f 1795/1363/1795 1862/1364/1862 1832/1338/1832
vt 0.552663 0.143530
f 1796/1307/1796 1833/1338/1833 1863/1365/1863
vt 0.666254 0.148930
f 1761/1366/1761 1834/1309/1834 1835/1340/1835
vt 0.666262 0.147847
f 1835/1340/1835 1798/1308/1798 1864/1367/1864
vt 0.718858 0.684632
f 1800/1313/1800 1763/1312/1763 1866/1368/1866
f 1866/1368/1866 1763/1312/1763 1837/1344/1837
vt 0.694611 0.628383
f 1844/1369/1844 1843/1315/1843 1872/1343/1872
vt 0.710148 0.675464
f 1873/1344/1873 1770/1346/1770 1845/1370/1845
vt 0.721766 0.155065
f 1874/1371/1874 1848/1348/1848 1807/1317/1807
vt 0.276177 0.157455
f 1849/1372/1849 1808/1288/1808 1875/1349/1875
vt 0.276542 0.156190
f 1809/1319/1809 1876/1373/1876 1850/1349/1850
vt 0.336992 0.636500
vt 0.339652 0.633635
f 1814/1374/1814 1815/1327/1815 1878/1375/1878
f 1855/1354/1855 1851/1320/1851 1856/1329/1856
vt 0.323046 0.149889
f 1857/1355/1857 1819/1331/1819 1881/1376/1881
f 1882/1359/1882 1826/1303/1826 1859/1357/1859
vt 0.533944 0.143897
f 1860/1359/1860 1831/1361/1831 1830/1377/1830
vt 0.540076 0.143042
f 1883/1362/1883 1884/1361/1884 1885/1378/1885
f 1795/1363/1795 1861/1362/1861 1862/1364/1862
f 1833/1338/1833 1886/1364/1886 1863/1365/1863
vt 0.724430 0.687590
f 1838/1313/1838 1888/1368/1888 1867/1379/1867
vt 0.714692 0.679878
f 1888/1368/1888 1873/1344/1873 1889/1380/1889
vt 0.782827 0.608130
vt 0.785728 0.612759
vt 0.786311 0.611237
f 1868/1381/1868 1803/1382/1803 1890/1383/1890
vt 0.780801 0.608207
vt 0.781357 0.606679
f 1869/1384/1869 1868/1381/1868 1891/1385/1891
vt 0.786694 0.614150
vt 0.786841 0.613554
vt 0.787292 0.612634
f 1841/1386/1841 1893/1387/1893 1871/1388/1871
f 1803/1382/1803 1871/1388/1871 1890/1383/1890
vt 0.718740 0.156792
f 1846/1317/1846 1847/1389/1847 1895/1371/1895
vt 0.723125 0.154311
f 1896/1390/1896 1848/1348/1848 1874/1371/1874
vt 0.272770 0.156166
f 1876/1373/1876 1897/1391/1897 1850/1349/1850
vt 0.334864 0.638035
f 1898/1375/1898 1854/1327/1854 1879/1392/1879
vt 0.313180 0.150550
f 1819/1331/1819 1902/1393/1902 1881/1376/1881
vt 0.523063 0.142380
f 1904/1394/1904 1882/1359/1882 1859/1357/1859
f 1884/1361/1884 1882/1359/1882 1904/1394/1904
f 1885/1378/1885 1884/1361/1884 1904/1394/1904
vt 0.546009 0.143340
f 1905/1395/1905 1883/1362/1883 1885/1378/1885
f 1886/1364/1886 1883/1362/1883 1905/1395/1905
f 1863/1365/1863 1886/1364/1886 1905/1395/1905
vt 0.683008 0.148507
vt 0.682887 0.148549
f 1887/1396/1887 1864/1367/1864 1906/1397/1906
vt 0.688506 0.149829
vt 0.688462 0.148749
f 1865/1398/1865 1887/1396/1887 1908/1399/1908
vt 0.783834 0.615221
vt 0.780083 0.612893
vt 0.784569 0.613729
f 1870/1400/1870 1911/1401/1911 1892/1402/1892
vt 0.786169 0.615058
f 1840/1403/1840 1892/1402/1892 1893/1387/1893
vt 0.705951 0.621083
vt 0.699198 0.618554
f 1842/1343/1842 1894/1404/1894 1913/1405/1913
vt 0.723605 0.154344
f 1915/1406/1915 1896/1390/1896 1874/1371/1874
vt 0.272754 0.157330
f 1877/1407/1877 1875/1349/1875 1916/1391/1916
vt 0.273148 0.156057
f 1876/1373/1876 1917/1408/1917 1897/1391/1897
f 1925/1399/1925 1887/1396/1887 1906/1397/1906
vt 0.701223 0.620753
f 1872/1343/1872 1931/1405/1931 1912/1409/1912
vt 0.721862 0.156221
f 1914/1410/1914 1933/1406/1933 1895/1371/1895
vt 0.723825 0.153592
f 1915/1406/1915 1935/1411/1935 1896/1390/1896
vt 0.270797 0.155987
f 1917/1408/1917 1936/1412/1936 1897/1391/1897
vt 0.338931 0.636308
vt 0.341310 0.630703
f 1919/1413/1919 1938/1414/1938 1898/1375/1898
vt 0.342200 0.631670
f 1920/1415/1920 1878/1375/1878 1939/1414/1939
vt 0.281074 0.154458
vt 0.281077 0.153363
vt 0.286187 0.152782
f 1899/1416/1899 1941/1417/1941 1921/1418/1921
vt 0.291705 0.153312
vt 0.291591 0.152228
f 1900/1419/1900 1921/1418/1921 1922/1420/1922
vt 0.297326 0.152810
vt 0.297136 0.151721
f 1880/1421/1880 1922/1420/1922 1923/1422/1923
vt 0.302922 0.152357
vt 0.302666 0.151279
f 1901/1423/1901 1923/1422/1923 1942/1424/1942
vt 0.313369 0.150499
vt 0.302591 0.151322
f 1903/1425/1903 1944/1426/1944 1902/1393/1902
vt 0.313695 0.151574
vt 0.308103 0.150880
f 1924/1427/1924 1945/1428/1945 1903/1425/1903
vt 0.688313 0.148794
f 1946/1429/1946 1925/1399/1925 1906/1397/1906
vt 0.693796 0.149037
f 1925/1399/1925 1946/1429/1946 1947/1430/1947
vt 0.693875 0.150108
vt 0.696101 0.149172
f 1907/1431/1907 1908/1399/1908 1949/1432/1949
vt 0.779127 0.602482
vt 0.779375 0.605407
f 1927/1433/1927 1909/1434/1909 1891/1385/1891
vt 0.779368 0.614379
vt 0.774309 0.611312
f 1910/1435/1910 1950/1436/1950 1911/1401/1911
vt 0.724320 0.153585
f 1954/1437/1954 1935/1411/1935 1915/1406/1915
vt 0.270779 0.157142
f 1916/1391/1916 1955/1412/1955 1918/1438/1918
vt 0.271253 0.155892
f 1917/1408/1917 1956/1439/1956 1936/1412/1936
vt 0.276696 0.153943
f 1899/1416/1899 1959/1440/1959 1941/1417/1941
vt 0.281350 0.153374
f 1960/1418/1960 1961/1417/1961 1962/1441/1962
vt 0.286370 0.152815
f 1963/1420/1963 1960/1418/1960 1964/1442/1964
vt 0.291682 0.152260
f 1965/1422/1965 1963/1420/1963 1966/1443/1966
vt 0.297139 0.151750
f 1967/1444/1967 1965/1422/1965 1966/1443/1966
f 1965/1422/1965 1967/1444/1967 1968/1424/1968
f 1903/1425/1903 1969/1428/1969 1944/1426/1944
vt 0.699004 0.149364
f 1970/1445/1970 1947/1430/1947 1946/1429/1946
vt 0.775858 0.607000
vt 0.777865 0.600984
f 1926/1446/1926 1927/1433/1927 1972/1447/1972
vt 0.771856 0.617356
vt 0.768170 0.609254
f 1929/1448/1929 1974/1449/1974 1950/1436/1950
vt 0.701784 0.614337
vt 0.704190 0.616524
f 1931/1405/1931 1975/1450/1975 1951/1451/1951
vt 0.707265 0.616963
vt 0.703965 0.610794
vt 0.703927 0.614768
f 1930/1452/1930 1976/1453/1976 1952/1454/1952
f 1913/1405/1913 1952/1454/1952 1977/1450/1977
vt 0.723852 0.155472
f 1933/1406/1933 1934/1455/1934 1982/1437/1982
vt 0.723580 0.152921
f 1954/1437/1954 1983/1456/1983 1935/1411/1935
vt 0.270421 0.155566
f 1956/1439/1956 1984/1457/1984 1936/1412/1936
vt 0.270281 0.156700
f 1955/1412/1955 1985/1457/1985 1937/1458/1937
vt 0.341715 0.623108
vt 0.342241 0.627812
f 1987/1459/1987 1957/1460/1957 1939/1414/1939
vt 0.273479 0.154491
vt 0.276631 0.155054
f 1988/1461/1988 1959/1440/1959 1940/1462/1940
vt 0.277052 0.153932
f 1961/1417/1961 1989/1440/1989 1990/1463/1990
f 1962/1441/1962 1961/1417/1961 1990/1463/1990
f 1964/1442/1964 1960/1418/1960 1962/1441/1962
f 1966/1443/1966 1963/1420/1963 1964/1442/1964
f 1968/1424/1968 1967/1444/1967 1944/1426/1944
vt 0.308407 0.151947
f 1943/1464/1943 1942/1424/1942 1945/1428/1945
f 1969/1428/1969 1968/1424/1968 1944/1426/1944
vt 0.703823 0.149773
f 1991/1465/1991 1970/1445/1970 1946/1429/1946
vt 0.704217 0.150793
vt 0.704080 0.149723
f 1948/1466/1948 1949/1432/1949 1992/1467/1992
vt 0.765796 0.615225
vt 0.762219 0.606945
f 1928/1468/1928 1995/1469/1995 1974/1449/1974
vt 0.703197 0.610228
f 1975/1450/1975 1998/1470/1998 1951/1451/1951
f 1952/1454/1952 1999/1453/1999 2000/1470/2000
vt 0.706035 0.613071
f 1996/1471/1996 1999/1453/1999 1930/1452/1930
f 1952/1454/1952 2000/1470/2000 1977/1450/1977
vt 0.720223 0.151686
vt 0.720513 0.152768
vt 0.716883 0.151123
f 1981/1472/1981 1932/1473/1932 1980/1474/1980
vt 0.722743 0.152283
vt 0.723049 0.153378
f 2001/1475/2001 1953/1476/1953 1981/1472/1981
vt 0.724071 0.152908
f 1954/1437/1954 2002/1477/2002 1983/1456/1983
vt 0.270906 0.155514
f 1956/1439/1956 2003/1478/2003 1984/1457/1984
vt 0.271397 0.155026
f 1985/1457/1985 1986/1479/1986 1937/1458/1937
vt 0.341478 0.629639
f 2006/1459/2006 1938/1414/1938 2004/1480/2004
vt 0.341395 0.619190
f 2005/1481/2005 1957/1460/1957 1987/1459/1987
vt 0.273299 0.155604
f 1986/1479/1986 1988/1461/1988 1958/1482/1958
vt 0.273905 0.154483
f 1989/1440/1989 2007/1461/2007 2008/1483/2008
f 1990/1463/1990 1989/1440/1989 2008/1483/2008
f 2009/1467/2009 1970/1445/1970 1991/1465/1991
vt 0.709007 0.151208
vt 0.708840 0.150130
f 1971/1484/1971 1992/1467/1992 2010/1485/2010
vt 0.775079 0.600744
vt 0.775849 0.599295
f 1973/1486/1973 1972/1447/1972 2011/1487/2011
vt 0.704141 0.606188
f 1999/1453/1999 2013/1488/2013 2000/1470/2000
vt 0.724447 0.154003
f 2014/1477/2014 1978/1489/1978 2001/1475/2001
vt 0.713326 0.151673
vt 0.713098 0.150600
f 1980/1474/1980 1979/1490/1979 2015/1491/2015
vt 0.716489 0.151170
f 2016/1472/2016 2017/1474/2017 2018/1492/2018
vt 0.719787 0.151716
f 2019/1475/2019 2016/1472/2016 2020/1493/2020
f 1982/1437/1982 1978/1489/1978 2014/1477/2014
vt 0.722274 0.152296
f 2002/1477/2002 2021/1494/2021 1983/1456/1983
f 2022/1479/2022 1984/1457/1984 2003/1478/2003
vt 0.341234 0.625836
f 2024/1481/2024 2006/1459/2006 2023/1495/2023
vt 0.271869 0.155014
f 2025/1496/2025 2022/1479/2022 2003/1478/2003
f 2022/1479/2022 2025/1496/2025 2007/1461/2007
f 2008/1483/2008 2007/1461/2007 2025/1496/2025
f 2026/1485/2026 2009/1467/2009 1991/1465/1991
vt 0.772945 0.597377
vt 0.772059 0.598782
f 2027/1497/2027 1993/1498/1993 2011/1487/2011
vt 0.756549 0.606066
vt 0.757006 0.604612
f 1995/1469/1995 1994/1499/1994 2029/1500/2029
vt 0.706519 0.612315
f 1997/1501/1997 1998/1470/1998 2013/1488/2013
f 2021/1494/2021 2019/1475/2019 2020/1493/2020
f 2019/1475/2019 2021/1494/2021 2002/1477/2002
f 1979/1490/1979 2010/1485/2010 2015/1491/2015
vt 0.712749 0.150646
f 2017/1474/2017 2030/1491/2030 2031/1502/2031
f 2017/1474/2017 2031/1502/2031 2018/1492/2018
f 2016/1472/2016 2018/1492/2018 2020/1493/2020
vt 0.708536 0.150172
f 2032/1503/2032 2026/1485/2026 1991/1465/1991
f 2026/1485/2026 2032/1503/2032 2030/1491/2030
vt 0.769019 0.595190
f 1993/1498/1993 2027/1497/2027 2033/1504/2033
vt 0.748839 0.613792
vt 0.748979 0.600460
vt 0.752586 0.602252
f 2012/1505/2012 2034/1506/2034 2028/1507/2028
f 2028/1507/2028 2029/1500/2029 1994/1499/1994
f 2030/1491/2030 2032/1503/2032 2031/1502/2031
vt 0.340068 0.615826
vt 0.340601 0.615291
f 2035/1508/2035 2005/1481/2005 2039/1509/2039
vt 0.338922 0.618083
f 2036/1510/2036 2040/1509/2040 2024/1481/2024
vt 0.760986 0.598164
vt 0.764443 0.592754
f 2038/1511/2038 2033/1504/2033 2041/1512/2041
vt 0.759593 0.590093
f 2038/1511/2038 2041/1512/2041 2047/1513/2047
vt 0.746260 0.598906
vt 0.746373 0.597443
f 2037/1514/2037 2048/1515/2048 2034/1506/2034
vt 0.338044 0.607494
vt 0.338711 0.611886
f 2049/1516/2049 2042/1517/2042 2039/1509/2039
vt 0.337175 0.614158
f 2050/1516/2050 2040/1509/2040 2043/1518/2043
vt 0.744756 0.595001
f 2046/1519/2046 2048/1515/2048 2037/1514/2037
vt 0.743746 0.593973
vt 0.743825 0.592536
f 2053/1520/2053 2062/1521/2062 2046/1519/2046
vt 0.336836 0.607962
vt 0.335990 0.603646
f 2054/1522/2054 2049/1516/2049 2064/1523/2064
vt 0.335275 0.610159
f 2055/1524/2055 2065/1523/2065 2050/1516/2050
vt 0.293510 0.604103
vt 0.287446 0.601927
vt 0.293556 0.602430
f 2044/1525/2044 2059/1526/2059 2058/1527/2058
vt 0.299880 0.604232
vt 0.299844 0.602559
f 2052/1528/2052 2058/1527/2058 2068/1529/2068
vt 0.287335 0.603588
vt 0.281718 0.601242
f 2045/1530/2045 2060/1531/2060 2059/1526/2059
vt 0.281574 0.602883
vt 0.270833 0.600108
f 2051/1532/2051 2067/1533/2067 2060/1531/2060
vt 0.754667 0.587286
vt 0.753762 0.588568
f 2047/1513/2047 2070/1534/2070 2063/1535/2063
vt 0.270677 0.601712
vt 0.265406 0.599713
f 2057/1536/2057 2073/1537/2073 2067/1533/2067
vt 0.287685 0.601901
f 2074/1527/2074 2075/1526/2075 2076/1538/2076
vt 0.293690 0.602424
f 2077/1529/2077 2074/1527/2074 2078/1539/2078
vt 0.306103 0.602120
f 2052/1528/2052 2068/1529/2068 2069/1540/2069
vt 0.282018 0.601225
f 2075/1526/2075 2079/1531/2079 2080/1541/2080
vt 0.276548 0.600575
f 2079/1531/2079 2081/1533/2081 2082/1542/2082
vt 0.742074 0.585179
vt 0.742594 0.588995
f 2084/1543/2084 2062/1521/2062 2061/1544/2061
vt 0.749865 0.584416
f 2063/1535/2063 2070/1534/2070 2085/1545/2085
vt 0.330526 0.602586
vt 0.332884 0.599918
f 2065/1523/2065 2056/1546/2056 2071/1547/2071
vt 0.265052 0.606092
vt 0.259825 0.599244
f 2066/1548/2066 2087/1549/2087 2073/1537/2073
vt 0.265658 0.599740
f 2081/1533/2081 2088/1537/2088 2089/1550/2089
f 2076/1538/2076 2075/1526/2075 2080/1541/2080
f 2078/1539/2078 2074/1527/2074 2076/1538/2076
vt 0.299840 0.602577
f 2077/1529/2077 2078/1539/2078 2090/1551/2090
f 2091/1540/2091 2077/1529/2077 2090/1551/2090
f 2080/1541/2080 2079/1531/2079 2082/1542/2082
vt 0.271136 0.600127
f 2082/1542/2082 2081/1533/2081 2092/1552/2092
vt 0.311940 0.607798
vt 0.311742 0.601286
f 2083/1553/2083 2069/1540/2069 2093/1554/2093
vt 0.330966 0.600259
f 2086/1555/2086 2064/1523/2064 2071/1547/2071
vt 0.259373 0.605547
vt 0.254072 0.598595
f 2072/1556/2072 2097/1557/2097 2087/1549/2087
vt 0.259990 0.599273
f 2088/1537/2088 2098/1549/2098 2099/1558/2099
f 2089/1550/2089 2088/1537/2088 2099/1558/2099
f 2092/1552/2092 2081/1533/2081 2089/1550/2089
vt 0.305942 0.602140
f 2091/1540/2091 2090/1551/2090 2100/1559/2100
f 2101/1554/2101 2091/1540/2091 2100/1559/2100
vt 0.316169 0.600230
f 2083/1553/2083 2093/1554/2093 2102/1560/2102
vt 0.741060 0.582749
vt 0.741854 0.586569
f 2103/1561/2103 2084/1543/2084 2095/1562/2095
vt 0.254119 0.598634
f 2098/1549/2098 2110/1557/2110 2111/1563/2111
f 2099/1558/2099 2098/1549/2098 2111/1563/2111
vt 0.311422 0.601288
f 2101/1554/2101 2100/1559/2100 2112/1564/2112
vt 0.315706 0.600197
f 2113/1560/2113 2101/1554/2101 2114/1565/2114
vt 0.317948 0.598959
vt 0.315567 0.606562
f 2102/1560/2102 2115/1566/2115 2094/1567/2094
vt 0.741737 0.586555
vt 0.745241 0.581478
f 2104/1568/2104 2085/1545/2085 2118/1569/2118
vt 0.248129 0.597662
f 2111/1563/2111 2110/1557/2110 2123/1570/2123
f 2114/1565/2114 2101/1554/2101 2112/1564/2112
f 2124/1566/2124 2113/1560/2113 2114/1565/2114
vt 0.739534 0.580217
vt 0.739089 0.588130
f 2128/1571/2128 2103/1561/2103 2117/1572/2117
vt 0.740847 0.578465
f 2104/1568/2104 2118/1569/2118 2129/1573/2129
vt 0.727697 0.574137
vt 0.733347 0.572330
vt 0.730242 0.569239
f 2105/1574/2105 2119/1575/2119 2122/1576/2122
vt 0.736181 0.576664
vt 0.736832 0.575406
f 2106/1577/2106 2130/1578/2130 2119/1575/2119
vt 0.724814 0.563017
vt 0.726930 0.567347
f 2122/1576/2122 2121/1579/2121 2096/1580/2096
vt 0.247109 0.609734
f 2109/1581/2109 2135/1570/2135 2097/1557/2097
vt 0.248036 0.597733
f 2111/1563/2111 2123/1570/2123 2136/1582/2136
vt 0.317412 0.598907
f 2124/1566/2124 2114/1565/2114 2137/1583/2137
f 2129/1573/2129 2130/1578/2130 2106/1577/2106
vt 0.722676 0.559898
vt 0.722394 0.561079
f 2121/1579/2121 2132/1584/2132 2107/1585/2107
vt 0.719329 0.553632
vt 0.718041 0.550402
vt 0.717920 0.551536
f 2131/1586/2131 2143/1587/2143 2108/1588/2108
vt 0.720642 0.557933
f 2132/1584/2132 2131/1586/2131 2120/1589/2120
vt 0.242091 0.596556
f 2123/1570/2123 2147/1590/2147 2136/1582/2136
vt 0.315641 0.597482
f 2124/1566/2124 2137/1583/2137 2148/1591/2148
vt 0.312380 0.609702
f 2115/1566/2115 2149/1591/2149 2138/1592/2138
vt 0.293550 0.596828
vt 0.301265 0.592486
vt 0.295777 0.590637
f 2116/1593/2116 2139/1594/2139 2140/1595/2140
vt 0.287996 0.594801
vt 0.290198 0.588697
f 2125/1596/2125 2140/1595/2140 2150/1597/2150
vt 0.304600 0.600474
vt 0.306373 0.594222
f 2126/1598/2126 2151/1599/2151 2139/1594/2139
vt 0.715510 0.540586
vt 0.716908 0.548118
f 2143/1587/2143 2144/1600/2144 2133/1601/2133
vt 0.242008 0.602472
vt 0.242323 0.596455
f 2134/1602/2134 2155/1603/2155 2135/1570/2135
f 2123/1570/2123 2156/1603/2156 2147/1590/2147
vt 0.315156 0.597457
f 2137/1583/2137 2157/1604/2157 2148/1591/2148
vt 0.295716 0.590660
f 2158/1594/2158 2159/1605/2159 2160/1595/2160
f 2160/1595/2160 2159/1605/2159 2161/1597/2161
vt 0.284819 0.586689
vt 0.284251 0.588194
f 2150/1597/2150 2152/1606/2152 2127/1607/2127
vt 0.309669 0.602099
vt 0.311149 0.595877
f 2141/1608/2141 2162/1609/2162 2151/1599/2151
vt 0.306082 0.594270
f 2163/1599/2163 2164/1610/2164 2158/1594/2158
vt 0.274132 0.582666
vt 0.278937 0.586140
f 2152/1606/2152 2165/1611/2165 2142/1612/2142
vt 0.736333 0.578766
vt 0.737179 0.577511
f 2153/1613/2153 2166/1614/2166 2128/1571/2128
vt 0.715616 0.537921
vt 0.715495 0.539029
f 2144/1600/2144 2167/1615/2167 2145/1616/2145
vt 0.232432 0.593321
vt 0.236983 0.594987
vt 0.237114 0.600863
f 2170/1617/2170 2154/1618/2154 2146/1619/2146
f 2134/1602/2134 2154/1618/2154 2155/1603/2155
vt 0.236636 0.595088
f 2156/1603/2156 2171/1620/2171 2147/1590/2147
f 2148/1591/2148 2157/1604/2157 2172/1609/2172
f 2141/1608/2141 2149/1591/2149 2162/1609/2162
vt 0.301072 0.592539
f 2158/1594/2158 2173/1621/2173 2159/1605/2159
vt 0.290259 0.588689
f 2159/1605/2159 2174/1622/2174 2161/1597/2161
f 2174/1622/2174 2175/1606/2175 2161/1597/2161
f 2172/1609/2172 2164/1610/2164 2163/1599/2163
f 2164/1610/2164 2173/1621/2173 2158/1594/2158
vt 0.274274 0.582668
f 2175/1606/2175 2176/1623/2176 2177/1611/2177
vt 0.733676 0.574558
f 2153/1613/2153 2179/1624/2179 2166/1614/2166
f 2171/1620/2171 2181/1618/2181 2182/1617/2182
f 2181/1618/2181 2171/1620/2171 2156/1603/2156
vt 0.310769 0.595895
f 2157/1604/2157 2183/1625/2183 2172/1609/2172
f 2174/1622/2174 2176/1623/2176 2175/1606/2175
f 2172/1609/2172 2183/1625/2183 2164/1610/2164
vt 0.268739 0.580631
f 2176/1623/2176 2184/1626/2184 2177/1611/2177
vt 0.717122 0.535792
vt 0.716969 0.536930
f 2167/1615/2167 2186/1627/2186 2180/1628/2180
vt 0.231994 0.593417
f 2171/1620/2171 2182/1617/2182 2192/1629/2192
vt 0.266280 0.586367
vt 0.268640 0.580634
f 2178/1630/2178 2165/1611/2165 2193/1631/2193
f 2177/1611/2177 2184/1626/2184 2194/1631/2194
vt 0.732673 0.575778
vt 0.729566 0.571414
f 2185/1632/2185 2196/1633/2196 2179/1624/2179
vt 0.720208 0.534949
f 2186/1627/2186 2197/1634/2197 2180/1628/2180
vt 0.243548 0.557901
vt 0.247790 0.555877
vt 0.246689 0.554760
f 2188/1635/2188 2169/1636/2169 2200/1637/2200
vt 0.241239 0.562339
vt 0.240076 0.561216
f 2168/1638/2168 2188/1635/2188 2201/1639/2201
vt 0.236345 0.564706
f 2189/1640/2189 2168/1638/2168 2201/1639/2201
vt 0.228490 0.591629
f 2182/1617/2182 2205/1641/2205 2192/1629/2192
vt 0.230505 0.602657
vt 0.228994 0.591522
f 2191/1642/2191 2206/1643/2206 2170/1617/2170
vt 0.262974 0.578496
f 2184/1626/2184 2207/1644/2207 2194/1631/2194
vt 0.237416 0.572657
vt 0.232566 0.568238
f 2187/1645/2187 2189/1640/2189 2212/1646/2212
vt 0.249434 0.551795
f 2169/1636/2169 2202/1647/2202 2200/1637/2200
vt 0.246960 0.554606
f 2214/1648/2214 2215/1635/2215 2216/1637/2216
vt 0.243732 0.557786
f 2217/1649/2217 2218/1639/2218 2215/1635/2215
vt 0.236311 0.564686
f 2218/1639/2218 2219/1650/2219 2220/1640/2220
vt 0.250532 0.552910
vt 0.251800 0.549020
f 2202/1647/2202 2190/1651/2190 2221/1652/2221
f 2182/1617/2182 2225/1643/2225 2205/1641/2205
vt 0.262375 0.579914
f 2193/1631/2193 2226/1644/2226 2195/1653/2195
vt 0.263000 0.578483
f 2184/1626/2184 2227/1654/2227 2207/1644/2207
vt 0.728544 0.572603
vt 0.725392 0.568136
f 2210/1655/2210 2229/1656/2229 2196/1633/2196
vt 0.723203 0.544672
vt 0.725058 0.536141
f 2211/1657/2211 2197/1634/2197 2231/1658/2231
f 2219/1650/2219 2233/1646/2233 2220/1640/2220
vt 0.228954 0.571681
f 2187/1645/2187 2212/1646/2212 2213/1659/2213
vt 0.226009 0.574912
vt 0.233782 0.576159
f 2234/1660/2234 2199/1661/2199 2213/1659/2213
vt 0.249736 0.551589
f 2235/1662/2235 2216/1637/2216 2236/1647/2236
f 2235/1662/2235 2214/1648/2214 2216/1637/2216
f 2214/1648/2214 2217/1649/2217 2215/1635/2215
vt 0.240150 0.561141
f 2217/1649/2217 2237/1663/2237 2218/1639/2218
f 2237/1663/2237 2219/1650/2219 2218/1639/2218
vt 0.252918 0.550118
vt 0.253807 0.546449
f 2221/1652/2221 2198/1664/2198 2238/1665/2238
f 2239/1652/2239 2235/1662/2235 2236/1647/2236
vt 0.225845 0.589709
f 2225/1643/2225 2246/1666/2246 2205/1641/2205
vt 0.227561 0.595126
vt 0.226395 0.589591
f 2224/1667/2224 2247/1668/2247 2206/1643/2206
vt 0.257431 0.576277
f 2227/1654/2227 2248/1669/2248 2207/1644/2207
vt 0.256885 0.577674
f 2226/1644/2226 2249/1669/2249 2208/1670/2208
vt 0.728826 0.538595
f 2211/1657/2211 2231/1658/2231 2253/1671/2253
vt 0.232411 0.568267
f 2219/1650/2219 2256/1672/2256 2233/1646/2233
f 2233/1646/2233 2256/1672/2256 2257/1659/2257
vt 0.225568 0.574975
f 2257/1659/2257 2258/1673/2258 2259/1660/2259
vt 0.254135 0.546154
f 2239/1652/2239 2261/1665/2261 2262/1674/2262
vt 0.252111 0.548762
f 2263/1675/2263 2235/1662/2235 2239/1652/2239
vt 0.248351 0.552823
vt 0.251475 0.549790
vt 0.252607 0.550940
f 2266/1676/2266 2242/1677/2242 2203/1678/2203
vt 0.254251 0.547148
vt 0.255336 0.548294
f 2242/1677/2242 2244/1679/2244 2223/1680/2223
vt 0.257790 0.543072
vt 0.257451 0.546023
vt 0.256377 0.544873
f 2243/1681/2243 2204/1682/2204 2267/1683/2267
f 2244/1679/2244 2267/1683/2267 2204/1682/2204
f 2225/1643/2225 2270/1668/2270 2246/1666/2246
vt 0.224358 0.587530
f 2269/1684/2269 2247/1668/2247 2224/1667/2224
vt 0.257358 0.576263
f 2227/1654/2227 2271/1685/2271 2248/1669/2248
vt 0.252305 0.574001
f 2208/1670/2208 2249/1669/2249 2272/1686/2272
vt 0.719986 0.554209
vt 0.719349 0.558648
vt 0.721636 0.550348
f 2274/1687/2274 2228/1688/2228 2251/1689/2251
vt 0.726825 0.549159
vt 0.726349 0.544692
f 2251/1689/2251 2209/1690/2209 2275/1691/2275
vt 0.724530 0.569278
vt 0.721989 0.564732
f 2230/1692/2230 2276/1693/2276 2229/1656/2229
vt 0.254967 0.547497
vt 0.255425 0.544224
f 2238/1665/2238 2232/1694/2232 2255/1695/2255
vt 0.228649 0.571731
f 2256/1672/2256 2280/1696/2280 2257/1659/2257
f 2257/1659/2257 2280/1696/2280 2258/1673/2258
vt 0.224229 0.577808
f 2259/1660/2259 2258/1673/2258 2281/1697/2281
vt 0.225316 0.578986
f 2234/1660/2234 2282/1697/2282 2260/1698/2260
vt 0.255769 0.543898
f 2262/1674/2262 2261/1665/2261 2283/1699/2283
f 2262/1674/2262 2263/1675/2263 2239/1652/2239
vt 0.263465 0.545705
vt 0.258433 0.541851
f 2240/1700/2240 2243/1681/2243 2265/1701/2265
vt 0.268969 0.548046
vt 0.258492 0.541162
f 2222/1702/2222 2265/1701/2265 2284/1703/2284
vt 0.245181 0.556272
vt 0.249528 0.553964
f 2286/1704/2286 2266/1676/2266 2241/1705/2241
vt 0.248288 0.552715
f 2287/1677/2287 2288/1676/2288 2289/1706/2289
vt 0.254558 0.546933
f 2290/1707/2290 2291/1679/2291 2287/1677/2287
vt 0.256736 0.544594
f 2292/1681/2292 2293/1683/2293 2294/1708/2294
f 2293/1683/2293 2291/1679/2291 2290/1707/2290
vt 0.223095 0.585327
vt 0.226078 0.592921
f 2295/1709/2295 2269/1684/2269 2245/1710/2245
vt 0.223781 0.587641
f 2270/1668/2270 2296/1711/2296 2246/1666/2246
f 2270/1668/2270 2297/1684/2297 2296/1711/2296
f 2248/1669/2248 2271/1685/2271 2298/1686/2298
vt 0.728664 0.541542
vt 0.728510 0.545924
f 2273/1712/2273 2250/1713/2250 2253/1671/2253
f 2275/1691/2275 2209/1690/2209 2273/1712/2273
vt 0.719643 0.557672
vt 0.718206 0.562041
f 2300/1714/2300 2252/1715/2252 2274/1687/2274
vt 0.257828 0.543468
vt 0.257506 0.541351
vt 0.256627 0.542483
f 2278/1716/2278 2303/1717/2303 2304/1718/2304
f 2278/1716/2278 2304/1718/2304 2255/1695/2255
f 2261/1665/2261 2305/1695/2305 2283/1699/2283
vt 0.223712 0.577896
f 2258/1673/2258 2307/1719/2307 2281/1697/2281
vt 0.223277 0.580462
f 2260/1698/2260 2282/1697/2282 2308/1720/2308
vt 0.259374 0.541923
vt 0.258156 0.540953
f 2264/1721/2264 2284/1703/2284 2302/1722/2302
vt 0.258151 0.542737
f 2309/1701/2309 2292/1681/2292 2310/1723/2310
vt 0.258868 0.540788
f 2311/1703/2311 2309/1701/2309 2312/1724/2312
vt 0.244926 0.556237
f 2288/1676/2288 2313/1704/2313 2314/1725/2314
f 2288/1676/2288 2314/1725/2314 2289/1706/2289
vt 0.251620 0.549627
f 2315/1726/2315 2287/1677/2287 2289/1706/2289
f 2290/1707/2290 2287/1677/2287 2315/1726/2315
f 2294/1708/2294 2293/1683/2293 2290/1707/2290
f 2310/1723/2310 2292/1681/2292 2294/1708/2294
f 2297/1684/2297 2318/1709/2318 2296/1711/2296
vt 0.252112 0.574009
f 2271/1685/2271 2319/1727/2319 2298/1686/2298
vt 0.246416 0.576884
vt 0.247604 0.571643
f 2299/1728/2299 2272/1686/2272 2320/1729/2320
vt 0.720191 0.561212
f 2301/1730/2301 2252/1715/2252 2300/1714/2300
vt 0.721322 0.565832
f 2276/1693/2276 2277/1731/2277 2301/1730/2301
vt 0.258705 0.542335
f 2254/1732/2254 2302/1722/2302 2303/1717/2303
vt 0.257857 0.540974
f 2321/1718/2321 2322/1717/2322 2323/1733/2323
vt 0.256975 0.542127
f 2305/1695/2305 2321/1718/2321 2324/1734/2324
f 2283/1699/2283 2305/1695/2305 2324/1734/2324
f 2281/1697/2281 2307/1719/2307 2326/1720/2326
f 2327/1722/2327 2311/1703/2311 2312/1724/2312
vt 0.258803 0.541489
f 2309/1701/2309 2310/1723/2310 2328/1735/2328
f 2312/1724/2312 2309/1701/2309 2328/1735/2328
vt 0.242448 0.559856
vt 0.246362 0.557369
f 2317/1736/2317 2286/1704/2286 2285/1737/2285
vt 0.242041 0.559877
f 2313/1704/2313 2329/1738/2329 2314/1725/2314
vt 0.240634 0.563293
vt 0.246589 0.564114
f 2316/1739/2316 2317/1736/2317 2268/1740/2268
vt 0.222508 0.585428
f 2296/1711/2296 2318/1709/2318 2330/1741/2330
vt 0.247284 0.571670
f 2298/1686/2298 2319/1727/2319 2331/1742/2331
f 2298/1686/2298 2331/1742/2331 2320/1729/2320
vt 0.258521 0.540572
f 2322/1717/2322 2327/1722/2327 2332/1743/2332
f 2323/1733/2323 2322/1717/2322 2332/1743/2332
f 2324/1734/2324 2321/1718/2321 2323/1733/2323
vt 0.226349 0.585469
vt 0.222817 0.582970
f 2279/1744/2279 2308/1720/2308 2325/1745/2325
vt 0.225468 0.588105
f 2306/1746/2306 2325/1745/2325 2295/1709/2295
vt 0.222721 0.580570
f 2307/1719/2307 2333/1747/2333 2326/1720/2326
f 2332/1743/2332 2327/1722/2327 2312/1724/2312
f 2313/1704/2313 2334/1736/2334 2329/1738/2329
f 2334/1736/2334 2316/1739/2316 2329/1738/2329
vt 0.222237 0.583076
f 2318/1709/2318 2336/1748/2336 2330/1741/2330
f 2326/1720/2326 2333/1747/2333 2338/1745/2338
f 2338/1745/2338 2336/1748/2336 2318/1709/2318
vt 0.240140 0.563317
f 2329/1738/2329 2316/1739/2316 2340/1749/2340
vt 0.242897 0.569197
vt 0.243334 0.569177
f 2331/1742/2331 2341/1750/2341 2337/1751/2337
f 2333/1747/2333 2336/1748/2336 2338/1745/2338
vt 0.240124 0.566456
vt 0.240632 0.566446
f 2341/1750/2341 2339/1752/2339 2335/1753/2335
f 2316/1739/2316 2339/1752/2339 2340/1749/2340
# 1640 faces, 1753 coords texture

# End of File
