####
#
# OBJ File Generated by Meshlab
#
####
# Object border.obj
#
# Vertices: 1445
# Faces: 949
#
####
mtllib ./border.obj.mtl

vn 1.692090 -1.031456 0.977990
v 6.702879 15.029619 24.828615
vn -1.028467 -0.257717 1.493280
v 6.251230 14.989005 24.589935
vn -0.037401 -2.141060 1.022265
v 6.737768 14.886262 24.598061
vn -0.047316 -3.056020 1.446958
v 6.803327 14.900733 24.630768
vn -0.457220 -1.206724 0.509881
v 6.365116 14.851158 24.372505
vn 0.044673 -0.424444 0.150179
v 7.005105 14.822794 24.387671
vn 2.371011 -0.055587 1.561119
v 6.803327 14.900733 24.630768
vn 2.782151 -0.016887 1.946726
v 6.817100 14.934921 24.611052
vn -1.371898 0.832630 -0.479213
v 6.291066 15.217761 24.656851
vn -0.673303 -0.371732 0.948978
v 6.191425 14.991627 24.549198
vn 2.297684 0.170864 1.987661
v 7.005105 14.822794 24.387671
vn 2.413468 0.171525 2.095034
v 7.010304 14.869141 24.377899
vn 3.280651 -1.420227 1.699325
v 6.724410 15.045182 24.800055
vn -0.515730 0.774716 0.489625
v 6.501241 15.461178 24.669491
vn 0.189780 -0.153191 0.170661
v 6.814213 15.225197 24.892298
vn -0.829902 1.331532 1.025215
v 6.555369 15.464763 24.708651
vn -0.530817 -1.488854 0.571947
v 6.305390 14.856297 24.331110
vn -0.251998 -1.250997 0.147633
v 6.593056 14.771902 24.106997
vn 2.307788 0.395995 2.133838
v 7.222039 14.822563 24.153162
vn 0.400232 -2.476408 0.870693
v 7.165290 14.753525 24.117025
vn -1.039078 0.737934 -0.588346
v 6.304570 15.222565 24.639027
vn -1.258232 0.147027 -0.724122
v 6.191425 14.991627 24.549198
vn 0.493305 -0.514923 0.972742
v 6.976728 15.448740 24.928215
vn -1.432376 0.123320 -0.825033
v 6.201743 15.013193 24.534508
vn -1.169897 -0.071106 -0.961305
v 6.305390 14.856297 24.331110
vn 2.279308 0.410053 2.095918
v 7.426370 14.736487 23.948555
vn 0.067707 -0.476370 0.151313
v 7.426370 14.736487 23.948555
vn -0.496484 1.158717 0.532504
v 6.718866 15.648359 24.602549
vn 0.813661 -0.806777 1.590695
v 6.996057 15.419552 24.902962
vn -0.605727 1.520515 0.625825
v 6.770463 15.652991 24.641235
vn -1.249021 -0.090500 -1.050720
v 6.311568 14.886031 24.321205
vn -0.357465 -1.808070 0.200466
v 6.535377 14.778496 24.064419
vn -0.418564 -2.724212 0.095179
v 6.837953 14.718200 23.855921
vn 2.288257 0.212779 2.180209
v 7.600692 14.754944 23.755308
vn 0.318840 -2.436510 0.679577
v 7.553889 14.684605 23.711729
vn -0.782865 0.450180 -1.286275
v 6.730240 15.624774 24.587372
vn -0.794322 0.439997 -1.296072
v 6.718866 15.648359 24.602549
vn 0.551791 -0.297208 0.997948
v 7.165063 15.613420 24.867252
vn -1.178809 -0.099820 -1.125954
v 6.535377 14.778496 24.064419
vn -0.183135 -1.520013 0.016056
v 7.470170 14.618364 23.228146
vn 2.246386 0.195895 2.144706
v 7.600729 14.704165 23.759882
vn 0.397885 -3.052257 0.852806
v 7.600729 14.704165 23.759882
vn -0.872053 0.271254 -1.308889
v 6.938748 15.751019 24.477327
vn -0.384278 1.378568 0.330026
v 6.932028 15.780462 24.487906
vn 0.943075 -0.480910 1.673024
v 7.179474 15.572829 24.847195
vn -0.403350 1.562029 0.327784
v 6.981585 15.785161 24.526495
vn -1.081913 -0.092419 -1.040903
v 6.537962 14.811160 24.058832
vn -0.478635 -3.085425 0.113307
v 6.783798 14.724950 23.810965
vn -0.039049 -0.348693 0.019925
v 7.023134 14.685317 23.576199
vn -0.092342 -1.343364 -0.065564
v 7.699445 14.610907 23.056786
vn 2.110920 0.228203 2.385618
v 7.772460 14.732265 23.585386
vn 0.198331 -1.217181 0.308996
v 7.730257 14.661531 23.538746
vn 0.287585 -1.807279 0.463848
v 7.773335 14.681434 23.589497
vn -0.858748 0.259589 -1.279547
v 6.932028 15.780462 24.487906
vn 1.586142 -0.147314 2.361266
v 7.348233 15.729306 24.765139
vn -0.004914 1.294337 0.759110
v 7.468437 15.818178 24.614384
vn -0.205834 1.573801 0.065889
v 7.176557 15.863261 24.396357
vn -0.137380 -0.011762 -0.135210
v 6.783798 14.724950 23.810965
vn -0.216439 -3.072408 0.305730
v 7.225851 14.649252 23.365589
vn -0.049093 -2.780916 -0.233088
v 7.952677 14.615147 22.905066
vn 0.221192 -1.261061 0.315551
v 7.935418 14.654655 23.380768
vn -0.205367 -1.729931 -0.011045
v 7.426465 14.623881 23.175430
vn -0.113470 -1.776199 -0.092740
v 7.659474 14.616330 23.001968
vn 2.030455 0.221702 2.302241
v 7.773335 14.681434 23.589497
vn -0.919494 0.197032 -1.269281
v 7.131229 15.826300 24.350716
vn -0.229296 1.517151 0.104211
v 7.128813 15.858644 24.357487
vn 1.901640 -0.488392 2.690823
v 7.356858 15.683378 24.750631
vn 0.171646 1.347156 0.542701
v 7.637274 15.846187 24.492052
vn -0.016376 1.583994 -0.165341
v 7.365186 15.893766 24.263645
vn -2.086806 -0.173309 -2.039600
v 7.023618 14.719114 23.572832
vn -2.246729 -0.186234 -2.192323
v 7.023134 14.685317 23.576199
vn -0.167390 -0.015571 -0.166619
v 7.225851 14.649252 23.365589
vn -0.056811 -3.039132 -0.252740
v 7.916939 14.620531 22.848358
vn 0.441010 -2.556496 0.713342
v 8.649340 14.681701 23.009277
vn 0.316822 -1.828156 0.456259
v 7.974136 14.674659 23.433924
vn -0.127051 -0.017786 -0.189659
v 7.659474 14.616330 23.001968
vn -1.983946 -0.230647 -2.343650
v 7.426465 14.623881 23.175430
vn -1.907994 -0.221020 -2.243482
v 7.425581 14.657782 23.172842
vn 1.805734 0.246348 2.597221
v 7.972446 14.725519 23.430264
vn -0.914964 0.194325 -1.263416
v 7.128813 15.858644 24.357487
vn 1.755843 -0.356944 2.342528
v 7.517799 15.798446 24.648348
vn -0.047683 1.540029 -0.122188
v 7.319476 15.889165 24.224094
vn 0.031097 1.440701 0.793773
v 7.517799 15.798446 24.648348
vn -0.002015 -0.431253 -0.036983
v 8.190913 14.630415 22.717735
vn -1.369779 -0.229420 -2.574191
v 7.915500 14.654436 22.846102
vn -1.467369 -0.245283 -2.750340
v 7.916939 14.620531 22.848358
vn -0.002941 -1.364753 -0.110248
v 8.498131 14.634935 22.653587
vn 0.054472 -0.305768 0.084436
v 8.431797 14.690339 23.179041
vn 0.560695 -3.079814 0.833732
v 8.195998 14.679181 23.296124
vn 1.766543 0.241277 2.537656
v 7.974136 14.674659 23.433924
vn -1.676317 0.344427 -2.490081
v 7.318522 15.855748 24.220114
vn 1.982637 -0.397661 2.652111
v 7.520603 15.749548 24.638880
vn 0.005729 0.488865 -0.063486
v 7.514278 15.878285 24.100567
vn 0.176308 1.364473 0.524638
v 7.682162 15.825698 24.528715
vn 0.398154 1.547563 0.383976
v 7.983307 15.814533 24.285179
vn -1.647100 0.338424 -2.446677
v 7.319476 15.889165 24.224094
vn -0.091550 -0.017623 -0.200600
v 8.190913 14.630415 22.717735
vn 0.292167 -2.287892 0.716450
v 9.123163 14.691635 22.785494
vn -0.028770 -1.631537 -0.099966
v 9.029170 14.640763 22.410379
vn 0.509307 -2.948320 0.822382
v 8.673507 14.702193 23.067776
vn 1.520653 0.232380 2.754599
v 8.193993 14.730039 23.292671
vn 1.510149 0.244189 2.719701
v 8.195998 14.679181 23.296124
vn 1.685373 -0.332504 2.415835
v 7.682162 15.825698 24.528715
vn -0.143894 0.031051 -0.254652
v 7.514278 15.878285 24.100567
vn 0.031905 2.979414 -0.416352
v 7.752836 15.859431 24.038774
vn 0.067471 2.969816 -0.432605
v 7.713212 15.854241 23.996965
vn -0.570658 -0.115798 -1.299997
v 8.471148 14.673688 22.590866
vn -0.005547 -1.688092 -0.133064
v 8.472067 14.639847 22.593477
vn 0.076074 -0.470857 0.138300
v 8.913114 14.708800 22.947399
vn 1.357972 0.253677 2.839967
v 8.673507 14.702193 23.067776
vn 1.350835 0.234368 2.807410
v 8.672467 14.752954 23.063776
vn 1.353427 0.036379 2.832673
v 8.431797 14.690339 23.179041
vn 1.884908 -0.371947 2.702552
v 7.680277 15.775456 24.523115
vn 0.514994 3.160282 0.484559
v 7.849704 15.815921 24.418121
vn -0.084892 2.946998 -0.481540
v 7.916274 15.845273 23.923315
vn -0.781973 0.169211 -1.583072
v 7.713212 15.854241 23.996965
vn -0.619294 0.131591 -1.219692
v 7.709949 15.820449 23.994976
vn 0.259760 1.479378 0.506871
v 8.160903 15.806364 24.218542
vn -0.691217 -0.140848 -1.565251
v 8.472067 14.639847 22.593477
vn 0.407022 -3.124824 0.976606
v 9.138044 14.712809 22.847042
vn 0.113481 -2.436930 0.774950
v 9.702650 14.702750 22.669800
vn -0.051751 -3.091847 -0.173592
v 8.751068 14.642689 22.458982
vn 0.003877 -0.198727 -0.011525
v 9.464513 14.655231 22.322100
vn 1.331826 0.280269 2.816879
v 8.910849 14.759521 22.943386
vn 1.342582 0.286422 2.838813
v 8.913114 14.708800 22.947399
vn 1.603912 -0.330224 2.735265
v 7.845467 15.765218 24.414497
vn 1.560310 -0.319303 2.643100
v 7.849704 15.815921 24.418121
vn 0.373513 1.508542 0.410772
v 8.020580 15.794374 24.325449
vn -0.556237 0.157112 -1.615277
v 7.916274 15.845273 23.923315
vn -0.475765 0.128820 -1.327429
v 7.913865 15.811470 23.920898
vn -0.019705 1.208920 -0.145728
v 8.141122 15.844826 23.878185
vn -1.197472 -0.269203 -2.636183
v 8.749210 14.676483 22.456375
vn 1.023879 0.300488 2.956408
v 9.138044 14.712809 22.847042
vn 1.024602 0.296206 2.930255
v 9.134255 14.763510 22.843201
vn 0.042445 -0.463442 0.147449
v 9.335727 14.716864 22.795826
vn -1.294559 -0.291232 -2.852549
v 8.751068 14.642689 22.458982
vn -0.021420 -1.605536 -0.098523
v 9.012725 14.644979 22.346891
vn -0.070717 -1.112068 0.358329
v 9.905896 14.702545 22.655661
vn 1.310551 -0.300696 2.919882
v 8.020580 15.794374 24.325449
vn -0.281091 0.139529 -1.401842
v 8.139974 15.811026 23.875051
vn -0.313539 0.164674 -1.646792
v 8.141122 15.844826 23.878185
vn -0.028137 2.091463 -0.234015
v 8.172409 15.850135 23.922009
vn 0.756460 1.016756 1.875283
v 8.194938 15.786318 24.259607
vn 0.646272 0.273566 3.070451
v 9.335727 14.716864 22.795826
vn 0.143893 -3.073902 0.977461
v 9.706738 14.723041 22.733009
vn -0.080524 -0.023521 -0.247274
v 9.012725 14.644979 22.346891
vn 0.053801 -2.878316 -0.176270
v 9.241847 14.652759 22.289820
vn -0.095779 -1.918373 0.617332
v 9.906121 14.722960 22.719063
vn 1.240892 -0.285134 2.777414
v 8.016031 15.743662 24.322292
vn -0.152815 0.310411 -2.945522
v 8.405038 15.812569 23.856590
vn -0.043991 3.086910 -0.354668
v 8.405415 15.846346 23.860130
vn 0.649938 0.271104 3.047658
v 9.331391 14.767568 22.792229
vn 0.368283 0.244389 3.131258
v 9.706738 14.723041 22.733009
vn -0.394304 -0.136354 -1.659458
v 9.241847 14.652759 22.289820
vn -0.346168 -0.127773 -1.407173
v 9.239139 14.686571 22.287416
vn -0.007208 -3.042692 -0.246630
v 9.905210 14.656364 22.269520
vn -0.219935 -0.151089 1.595773
v 10.130387 14.718523 22.749552
vn -0.290440 -2.415003 0.692565
v 10.864648 14.686388 22.873590
vn -0.162878 0.329620 -3.127732
v 8.405415 15.846346 23.860130
vn -0.002106 0.053454 -0.045078
v 9.260390 15.855188 23.830666
vn -0.000005 0.044886 -0.001701
v 9.271617 15.860340 23.875330
vn 0.595287 -0.169576 1.696616
v 8.191823 15.735614 24.255726
vn 0.272193 -0.131544 1.283579
v 8.388144 15.785900 24.219248
vn 0.368447 0.239781 3.082794
v 9.704309 14.773829 22.729349
vn -0.107233 0.236535 3.149011
v 9.906121 14.722960 22.719063
vn -0.092170 0.231376 3.080842
v 9.905136 14.773802 22.715208
vn -0.450060 -0.013251 -2.771532
v 9.453997 14.694314 22.255171
vn 0.001311 -3.021498 -0.376852
v 9.672736 14.662464 22.219803
vn -0.237973 0.122644 1.693000
v 10.129771 14.769385 22.745781
vn -0.808441 -0.043758 3.001974
v 10.610956 14.709559 22.864111
vn 0.044684 2.904445 -0.329669
v 10.364922 15.865743 23.952362
vn 0.098702 -0.143870 1.336388
v 8.615554 15.787261 24.203035
vn -0.134086 -0.120808 -1.757779
v 9.672736 14.662464 22.219803
vn -0.009050 -2.936584 -0.225761
v 9.905146 14.661386 22.204199
vn 0.018745 -1.457235 -0.133019
v 10.710546 14.649364 22.429239
vn -0.372259 -3.075547 0.881265
v 10.846139 14.705943 22.934017
vn -0.128046 -1.153500 0.333058
v 11.087197 14.680155 22.960966
vn 0.137822 3.183874 -1.664988
v 9.818415 15.859491 23.851444
vn 0.106213 -0.425356 2.799357
v 8.860552 15.789690 24.196363
vn 0.002008 0.247618 -0.021537
v 10.096782 15.860463 23.876345
vn 0.069014 2.876949 -0.298661
v 12.001731 15.862336 24.157261
vn 0.340685 -0.180250 1.747903
v 8.386884 15.735216 24.214321
vn -0.093625 -0.104402 -1.387268
v 9.671628 14.696358 22.217327
vn 0.006870 -0.020084 -0.270819
v 9.905146 14.661386 22.204199
vn 0.002427 -0.361329 -0.029401
v 10.166312 14.659796 22.238262
vn -0.804683 0.212988 3.027743
v 10.612021 14.760437 22.860815
vn 0.098786 -2.876228 -0.236737
v 11.227121 14.638546 22.600821
vn -1.010708 0.225802 2.943495
v 10.847928 14.756807 22.930710
vn -1.023890 0.229565 2.976981
v 10.846139 14.705943 22.934017
vn -0.211435 -1.839320 0.529081
v 11.063951 14.699792 23.020039
vn -0.022334 -0.153132 1.356865
v 9.591969 15.797423 24.180796
vn 0.048129 3.098348 -0.351589
v 10.373300 15.860662 23.908733
vn 0.229010 2.882552 -0.077423
v 12.691210 15.853105 24.416218
vn 0.233700 0.356695 -1.553467
v 11.767351 15.858175 24.075752
vn 0.123028 -0.198867 1.764072
v 8.615243 15.736609 24.197605
vn 0.211898 -0.115518 -1.586646
v 10.166312 14.659796 22.238262
vn 0.188589 -0.105808 -1.450878
v 10.165994 14.693702 22.235748
vn 0.022299 -1.717889 -0.158465
v 10.725392 14.655309 22.366203
vn -1.249904 0.217893 2.818629
v 11.063951 14.699792 23.020039
vn -0.056048 -1.864452 0.606967
v 11.266932 14.705972 23.119480
vn 0.128089 0.164510 -1.438326
v 9.818993 15.825756 23.847637
vn 0.024664 0.027394 -0.239351
v 10.096782 15.860463 23.876345
vn -0.080244 -0.154404 1.354978
v 9.831122 15.799044 24.195168
vn 0.000472 -0.038889 0.309178
v 9.351625 15.744578 24.170876
vn 0.377384 0.334696 -2.915647
v 10.374015 15.826927 23.904953
vn 0.399508 0.355288 -3.095234
v 10.373300 15.860662 23.908733
vn 0.010000 0.086879 -0.069516
v 10.919676 15.859413 23.985765
vn -0.308319 -0.340461 2.824356
v 10.070590 15.799917 24.217480
vn 0.010175 0.333681 -0.022510
v 12.290912 15.855209 24.183174
vn 0.090494 3.044573 -0.124507
v 12.524014 15.852169 24.271809
vn 0.086990 3.015673 -0.299585
v 12.039294 15.857197 24.116438
vn 0.336688 -0.102654 -1.474868
v 10.726008 14.689225 22.363983
vn 0.380252 -0.114559 -1.637640
v 10.725392 14.655309 22.366203
vn 0.041377 -3.040365 -0.306782
v 10.998477 14.651243 22.444149
vn -1.285135 0.226285 2.907391
v 11.064228 14.750600 23.016207
vn -1.431076 0.179316 2.654089
v 11.266932 14.705972 23.119480
vn -1.548563 0.166156 2.861431
v 11.265028 14.756701 23.115026
vn -0.018538 -1.116679 0.370367
v 11.294725 14.686440 23.061981
vn 0.241683 -1.360409 -0.023618
v 11.458710 14.645349 22.710342
vn -0.037943 -0.199458 1.765329
v 9.592700 15.746819 24.175097
vn -0.111155 -0.200658 1.759870
v 9.832053 15.748443 24.189457
vn -0.163437 -0.167829 1.472812
v 10.778494 15.798978 24.315495
vn -0.305666 2.368232 0.940779
v 11.999351 15.815382 24.454988
vn 0.337570 3.083387 0.025296
v 12.740425 15.848029 24.378178
vn 0.509538 0.159958 -1.334552
v 12.524919 15.818525 24.268122
vn 0.454956 0.178563 -1.655396
v 12.290912 15.855209 24.183174
vn 0.617499 0.193230 -1.580780
v 12.524014 15.852169 24.271809
vn 0.051250 0.026751 -0.245377
v 12.039294 15.857197 24.116438
vn 0.215094 0.159465 -1.433841
v 11.768147 15.824417 24.072117
vn 0.899195 -0.207736 -2.725346
v 10.999655 14.685165 22.441952
vn 0.987838 -0.227890 -2.988987
v 10.998477 14.651243 22.444149
vn 0.105223 -3.055759 -0.249290
v 11.250660 14.644327 22.539894
vn -1.617245 -0.177015 2.682020
v 11.457623 14.739349 23.229658
vn 0.004711 -0.544468 0.153644
v 11.457623 14.739349 23.229658
vn 0.082560 -2.516346 0.590985
v 11.683597 14.762210 23.295429
vn 0.278840 -1.731225 -0.043369
v 11.485816 14.651200 22.650696
vn 0.321482 -2.637731 0.227157
v 11.895043 14.727720 22.964235
vn -0.333227 -0.356251 3.102787
v 10.071651 15.749315 24.211784
vn -0.183421 -0.194171 1.630266
v 10.779565 15.748370 24.309847
vn -0.646782 -0.132882 2.924333
v 11.741862 15.796984 24.432652
vn -0.130058 0.814196 0.284485
v 12.393826 15.809009 24.632156
vn 0.718039 0.221426 -1.434290
v 12.740425 15.848029 24.378178
vn 0.664011 0.201737 -1.343100
v 12.739462 15.814901 24.372726
vn 0.572018 2.093157 0.514531
v 12.958511 15.811137 24.496141
vn 0.363289 0.145939 -1.365379
v 12.292246 15.821407 24.179916
vn 0.099704 -0.017757 -0.234272
v 11.250660 14.644327 22.539894
vn -1.728570 0.125752 2.501965
v 11.847301 14.861265 23.474367
vn 0.073928 -0.491894 0.016430
v 11.707810 14.688501 22.773806
vn 1.388411 -0.195641 -2.679977
v 11.485816 14.651200 22.650696
vn 1.377604 -0.193242 -2.648350
v 11.485265 14.685070 22.647938
vn -0.441527 -0.690046 3.030348
v 10.309586 15.749493 24.240820
vn -0.040325 -0.030534 0.276882
v 11.508969 15.747232 24.390659
vn -0.355407 2.982834 1.217440
v 11.958231 15.795210 24.492407
vn 0.248333 0.864640 0.230481
v 12.906637 15.816010 24.533752
vn -0.070587 0.474246 0.174983
v 12.158490 15.792580 24.571587
vn 1.650738 0.701927 -2.728211
v 12.954217 15.780338 24.487370
vn 1.455281 0.516030 -2.488386
v 12.958511 15.811137 24.496141
vn -1.835955 0.149322 2.661367
v 11.848370 14.810475 23.477917
vn -0.166661 -1.777629 0.449614
v 11.848370 14.810475 23.477917
vn -0.144869 -1.252614 0.320738
v 11.888063 14.792464 23.425505
vn 0.862225 -0.084162 -1.401480
v 11.707810 14.688501 22.773806
vn 0.053567 -0.464128 0.006630
v 12.163556 14.767960 23.051489
vn -0.995390 -0.328145 2.964174
v 11.958231 15.795210 24.492407
vn -0.658927 -0.335657 3.039673
v 11.743253 15.746326 24.427345
vn -0.065537 0.798573 0.359584
v 12.585814 15.775902 24.739763
vn -0.320861 2.112739 0.759796
v 12.344156 15.789130 24.666342
vn 1.711347 0.890437 -2.767364
v 13.187531 15.684641 24.605648
vn 0.865093 1.850306 1.015880
v 13.196680 15.709841 24.619532
vn -1.953261 0.140545 2.328259
v 12.050260 14.876099 23.623438
vn 0.822490 -0.078274 -1.327510
v 11.706044 14.722282 22.770720
vn 0.949875 -0.071192 -1.344988
v 12.163556 14.767960 23.051489
vn 0.090796 -0.688572 -0.011916
v 3.217453 15.051835 22.586107
vn -0.993493 -0.326911 2.949971
v 11.960074 15.744517 24.487429
vn -1.284998 -0.342973 2.849055
v 12.158490 15.792580 24.571587
vn 0.334543 0.688998 0.397720
v 13.142390 15.714384 24.657328
vn -1.430872 -0.371852 2.627973
v 12.344156 15.789130 24.666342
vn -1.546174 -0.391193 2.846280
v 12.343831 15.738984 24.659206
vn 0.374952 0.941314 0.111870
v 13.187531 15.684641 24.605648
vn 0.754653 1.987067 0.119086
v 13.175648 15.692080 24.556824
vn 1.476660 0.786283 -2.367365
v 13.196680 15.709841 24.619532
vn -2.060790 0.169961 2.465242
v 12.048903 14.825153 23.625816
vn -0.335917 -1.813796 0.353508
v 12.048903 14.825153 23.625816
vn 0.154291 -1.413399 -0.077968
v 12.353342 14.776705 23.268528
vn -0.241623 -1.228678 0.227096
v 12.092113 14.807316 23.575285
vn 1.213754 -2.293409 -1.491277
v 12.162402 14.801792 23.048916
vn -1.278498 -0.338973 2.838063
v 12.160061 15.742004 24.566254
vn -0.923961 1.614419 2.137464
v 12.531271 15.757209 24.771336
vn -0.910411 -0.274085 1.536150
v 12.527150 15.709042 24.760441
vn 0.902803 1.792833 0.812403
v 13.401042 15.561884 24.639282
vn 1.836022 1.478083 -2.550911
v 13.414768 15.532858 24.688084
vn 1.501931 1.316168 -1.914350
v 13.427871 15.547550 24.706213
vn -2.201565 -0.128933 2.249189
v 12.238098 14.820894 23.804071
vn -0.644221 -2.527385 0.558055
v 12.478825 14.792403 23.952934
vn 1.910571 -0.152211 -2.382236
v 12.397521 14.818288 23.214911
vn 2.093636 -1.624583 -2.500944
v 12.397060 14.784335 23.216726
vn -1.528487 -1.712834 0.051497
v 3.256513 15.011024 22.388041
vn 0.459489 0.791866 0.445373
v 13.414768 15.532858 24.688084
vn -2.176760 -0.337262 2.256334
v 12.430907 14.861314 23.996122
vn -0.105987 -0.472255 0.095388
v 12.238098 14.820894 23.804071
vn -0.023759 -2.519225 -0.025309
v 12.397521 14.818288 23.214911
vn 0.107951 -0.766355 -0.076746
v 12.158771 14.805487 23.006912
vn -0.587546 -0.622370 -0.013981
v 3.203285 15.055268 22.279768
vn 1.252596 -1.862828 -0.078808
v 3.154042 15.014001 22.472538
vn -1.257678 -0.543966 2.129890
v 12.735874 15.669159 24.881184
vn 1.150837 1.162026 1.332657
v 13.600585 15.389504 24.652618
vn 1.237119 0.836244 -0.837393
v 13.611298 15.330048 24.695210
vn 2.238953 0.351056 0.981388
v 13.624997 15.327679 24.713982
vn -2.319145 0.190390 2.290093
v 12.632211 14.857139 24.189482
vn 0.092268 -1.491449 -0.130440
v 13.018195 14.756166 23.893644
vn -0.153262 -1.360691 0.383584
v 12.687013 14.788510 24.151722
vn -0.217259 -1.645595 0.450196
v 12.631881 14.806544 24.193666
vn 0.159173 -0.027685 -0.172748
v 12.618510 14.813559 23.414354
vn -0.010073 -0.639473 -0.004001
v 12.392799 14.818623 23.173258
vn 2.039400 -0.750128 -2.173799
v 12.837573 14.767878 23.631964
vn -1.653075 -1.601187 -0.179790
v 3.242005 15.036502 22.090885
vn 0.514934 -0.709931 -0.080809
v 3.203285 15.055268 22.279768
vn -1.662906 -0.728744 2.840367
v 12.725784 15.625756 24.864141
vn 0.479252 -0.165038 0.724241
v 13.565706 15.327742 24.753231
vn 0.532262 0.365297 0.748415
v 13.611298 15.330048 24.695210
vn -2.127184 0.188504 2.098490
v 12.631881 14.806544 24.193666
vn -0.004035 -1.292374 0.570018
v 12.903478 14.827139 24.372993
vn 0.020696 -2.472399 -0.113917
v 12.618510 14.813559 23.414354
vn -0.536834 -0.619257 -0.051258
v 3.194828 15.097105 21.984930
vn 1.374797 -1.803548 -0.295354
v 3.149346 15.032409 22.168282
vn -0.168092 -0.118406 0.242617
v 12.919570 15.494444 24.936121
vn -0.701739 -0.654552 0.746437
v 13.109303 15.330894 24.971075
vn 0.369818 -0.311823 0.953936
v 13.756331 15.136028 24.575563
vn 2.490912 0.281279 1.178116
v 13.687572 15.120615 24.597181
vn 0.651389 -1.369146 0.874520
v 13.699088 15.101633 24.613443
vn -2.499883 0.194233 2.184290
v 12.838110 14.890015 24.400957
vn 0.115523 -1.620123 -0.118130
v 13.073546 14.763438 23.849649
vn 0.205054 -1.519361 0.038220
v 13.258961 14.795575 24.132423
vn -0.029595 -1.617754 0.677859
v 12.842978 14.843933 24.410641
vn 0.006485 -0.703322 -0.033393
v 12.615802 14.815665 23.369471
vn 2.263839 -0.224648 -2.356848
v 13.073985 14.797215 23.847050
vn 0.572788 -0.637635 -0.061196
v 3.194828 15.097105 21.984930
vn 0.446578 -1.109277 0.583181
v 13.638174 15.098238 24.653631
vn 1.033748 0.404739 -0.252342
v 13.699088 15.101633 24.613443
vn -2.211023 0.172047 1.930145
v 12.842978 14.843933 24.410641
vn 2.084244 -0.194690 -2.171682
v 13.073546 14.763438 23.849649
vn 0.341899 -1.440684 0.306196
v 13.500766 14.915224 24.416231
vn -2.270555 -0.196328 1.623277
v 13.055758 14.957335 24.669258
vn 0.515382 -2.343900 -0.162121
v 13.073985 14.797215 23.847050
vn -1.258589 -1.923808 -0.086281
v 3.245869 15.072025 21.799599
vn -0.987753 -0.577546 0.441799
v 13.175953 15.126429 24.884430
vn 1.393920 0.028580 -0.828620
v 13.554018 14.948969 24.364138
vn 0.399076 -1.555551 0.387304
v 13.561143 14.920822 24.375153
vn 2.417323 -0.291409 -2.185952
v 13.314789 14.834653 24.084585
vn 0.229036 -1.561945 0.072672
v 13.317253 14.802380 24.090199
vn 0.149083 -0.665160 -0.046298
v 13.072459 14.800549 23.794237
vn -0.037594 -0.680136 -0.031907
v 3.193822 15.110860 21.692909
vn 1.585385 -1.602168 -0.080928
v 3.147484 15.055951 21.872202
vn -1.167141 -1.040366 1.155952
v 13.088369 15.320419 24.942209
vn 1.289366 0.020771 -0.781462
v 13.561143 14.920822 24.375153
vn -2.780412 0.025423 1.942823
v 13.041911 14.990600 24.649006
vn 2.177776 -0.178777 -1.983561
v 13.317253 14.802380 24.090199
vn -1.531033 -0.827970 0.702882
v 13.154907 15.140276 24.855478
vn -2.015098 0.577483 0.607353
v 2.794719 15.157644 21.091644
vn -0.948264 -0.718114 0.354799
v 2.762484 15.351410 21.092352
vn -0.061838 0.365184 -0.107734
v 16.574873 15.351632 22.517092
vn 0.034347 -0.926851 0.263338
v 3.520481 13.059983 17.096998
vn 0.131626 -1.145690 -0.178075
v 3.574502 13.061445 16.725204
vn -1.482140 -1.076035 0.541924
v 2.757533 15.350178 21.076626
vn -0.170373 0.277663 0.042135
v 2.648419 15.041446 21.025276
vn 2.083002 1.131404 -0.695170
v 16.518326 15.333239 22.317720
vn 0.287360 -2.110865 0.050106
v 3.553161 13.050811 16.908764
vn -0.114426 -0.850328 -0.187678
v 3.631969 13.099683 16.373184
vn -0.053823 -0.029376 0.083792
v 2.605054 15.535179 21.043541
vn -2.990646 0.984264 0.924865
v 2.790766 15.160580 21.075737
vn 0.818138 -0.091362 0.334067
v 17.359150 15.441692 23.291525
vn 0.560304 0.285853 -0.186064
v 16.527744 15.256142 22.220463
vn 2.207874 0.998715 -0.726762
v 16.484423 15.212883 22.029409
vn -0.376270 -0.292587 -0.022576
v 3.371495 13.103711 17.270336
vn 0.117697 -2.087909 0.523655
v 3.420889 13.054147 17.089447
vn -0.011262 -1.016483 -0.191501
v 3.493093 13.079273 16.550329
vn 0.232033 -1.922596 -0.248923
v 3.479609 13.050319 16.726645
vn -0.122987 0.124688 2.613286
v 2.757533 15.350178 21.076626
vn -0.178371 0.219442 3.483771
v 2.741099 15.345726 21.076065
vn -0.149953 -0.226471 1.036284
v 2.790766 15.160580 21.075737
vn -0.309775 -0.474779 1.994764
v 2.773459 15.165717 21.074272
vn -0.340526 -0.212843 1.169306
v 2.648419 15.041446 21.025276
vn -1.407148 2.161983 0.137892
v 2.426352 14.927191 21.004391
vn -1.867437 1.732376 -0.260980
v 16.587183 15.347041 22.398533
vn -0.468257 0.347418 -0.078144
v 16.527744 15.256142 22.220463
vn 0.496772 0.282499 -0.171082
v 16.493792 15.126395 21.939020
vn 1.888444 1.509923 -0.707402
v 16.444565 15.097077 21.745028
vn 0.432935 -3.187788 0.123501
v 3.460834 13.038195 16.906776
vn -1.690418 -1.877159 -0.616602
v 3.517175 13.113811 16.379162
vn -0.544661 -0.321852 1.808727
v 2.634263 15.053679 21.023190
vn -1.788385 2.621185 0.154119
v 2.436112 14.937469 20.942842
vn -0.978264 0.508552 0.199897
v 2.260554 14.771825 20.906109
vn 0.169206 0.491912 0.131694
v 17.336372 15.524296 23.012243
vn -2.119157 1.381969 -0.381451
v 16.539482 15.243164 22.108234
vn -1.125264 0.367899 -0.408073
v 3.448921 13.135638 17.085617
vn -1.634332 0.681660 -0.567644
v 3.420889 13.054147 17.089447
vn -1.847794 1.397193 -0.319320
v 3.508892 13.104334 16.918074
vn -2.432567 1.835835 -0.399716
v 3.460834 13.038195 16.906776
vn -1.037057 -0.141027 -0.174363
v 3.498221 13.219825 16.406149
vn -0.956714 0.119219 -0.093030
v 3.493093 13.079273 16.550329
vn -0.964217 0.488833 0.006535
v 3.517334 13.124466 16.746481
vn -1.790304 0.985557 -0.008784
v 3.479609 13.050319 16.726645
vn -1.115535 -0.243754 -0.210773
v 2.736103 15.344201 21.065001
vn -0.697333 0.863832 -0.143802
v 2.768858 15.168392 21.062939
vn -0.580203 -0.286358 1.497601
v 2.436112 14.937469 20.942842
vn -1.698250 0.985243 0.322411
v 2.259467 14.793343 20.846046
vn 0.602939 -0.503503 0.192740
v 17.317316 15.316000 23.094042
vn 0.711793 2.381413 0.611619
v 17.426128 15.461143 23.132814
vn -0.586332 0.233334 -0.026320
v 16.493792 15.126395 21.939020
vn 0.483682 0.387179 -0.189138
v 16.462975 15.031167 21.653492
vn 1.839828 1.475533 -0.768898
v 16.422375 14.984065 21.465954
vn -0.539753 -0.264505 1.378844
v 2.424534 14.952447 20.941183
vn -0.028711 -0.053667 0.134940
v 2.259467 14.793343 20.846046
vn -0.245697 -0.829297 1.561044
v 2.147295 14.620581 20.736612
vn 1.664208 -1.582715 0.466764
v 17.426128 15.461143 23.132814
vn 0.181411 1.693979 0.356590
v 17.402338 15.521369 22.858814
vn -2.368646 0.702292 0.021422
v 16.496061 15.137470 21.826828
vn -0.635124 0.184287 -0.033044
v 16.462975 15.031167 21.653492
vn -1.467069 -0.309476 -1.953506
v 2.749756 15.347271 20.989191
vn -1.404109 1.173500 -0.282843
v 2.788349 15.171656 20.988029
vn -0.361725 0.586362 -0.097604
v 2.655995 15.056360 20.937254
vn -0.020372 -0.675227 1.086853
v 2.129525 14.625183 20.739138
vn 0.988471 -1.151377 0.205808
v 17.359455 15.369522 22.940470
vn 0.286923 1.877438 0.436562
v 17.553520 15.514023 22.816799
vn 0.456749 0.410768 -0.193924
v 16.450056 14.904615 21.379723
vn -2.394227 0.686435 -0.204328
v 16.471405 15.028889 21.547060
vn 1.610510 1.768701 -0.705692
v 16.403500 14.872707 21.193502
vn 0.397567 -0.508688 -3.336194
v 2.594042 15.516436 20.956615
vn -1.065225 2.191690 -0.414717
v 2.422947 14.958506 20.929909
vn -1.403889 2.825094 -0.544403
v 2.446542 14.955982 20.855965
vn 1.450988 -1.989442 0.186624
v 17.553520 15.514023 22.816799
vn 0.220042 1.123386 0.284512
v 17.462582 15.559520 22.707487
vn -0.656196 0.095467 0.001604
v 16.450056 14.904615 21.379723
vn 0.308117 -0.423206 -1.643798
v 2.375028 15.612383 20.906204
vn 0.516564 0.511188 -4.121830
v 2.788349 15.171656 20.988029
vn 0.053186 0.010573 -1.546215
v 2.765068 15.352236 20.989689
vn 0.759619 0.421294 -2.732782
v 2.670074 15.043848 20.939302
vn 0.927784 0.515516 -3.228579
v 2.655995 15.056360 20.937254
vn 0.966545 0.437461 -2.808381
v 2.446542 14.955982 20.855965
vn -0.178647 0.281213 -0.061177
v 2.253842 14.825120 20.763294
vn -1.050577 1.015296 -0.221466
v 2.114354 14.660222 20.669025
vn -1.365928 -0.247295 0.273603
v 1.969397 16.140347 20.752657
vn -0.330823 -0.631140 -1.293470
v 2.015581 15.900368 20.766321
vn 0.375954 -0.550800 0.034723
v 17.410135 15.414146 22.784945
vn 0.498086 1.299345 0.376036
v 17.610312 15.542844 22.659077
vn 0.433827 0.473435 -0.199247
v 16.430901 14.812214 21.104420
vn 1.581784 1.708476 -0.780470
v 16.393448 14.764907 20.924957
vn 0.160878 -0.442179 -1.355792
v 2.159833 15.714048 20.841557
vn 0.253562 0.257059 -2.050123
v 2.805257 15.166287 20.989447
vn 0.249266 -0.340543 -1.343177
v 2.388057 15.627831 20.904669
vn 0.304543 -0.394622 -2.680699
v 2.606873 15.529986 20.956078
vn 1.033762 0.474871 -3.062452
v 2.458162 14.941069 20.857660
vn 0.721458 0.999253 -2.599471
v 2.253842 14.825120 20.763294
vn 0.823857 -1.387611 0.080827
v 17.610312 15.542844 22.659077
vn -2.517901 0.239589 0.084336
v 16.446615 14.918699 21.271059
vn -2.870875 1.303829 -0.562445
v 16.430901 14.812214 21.104420
vn 0.766683 -0.835848 1.223927
v 2.776947 16.503325 19.950689
vn 1.136473 -0.044935 1.265442
v 2.489227 16.624592 20.249577
vn 0.197029 -0.521355 -1.615053
v 2.174698 15.726300 20.839325
vn 0.817262 1.200331 -3.076576
v 2.268178 14.814103 20.762939
vn -0.255624 0.686555 -0.997122
v 2.086598 14.470978 20.538960
vn -1.473680 0.420050 0.201834
v 2.010787 16.338356 20.612843
vn -1.540911 -0.191921 0.296821
v 1.957667 16.121246 20.676832
vn 0.003311 -0.671674 -1.609213
v 2.032878 15.905918 20.763916
vn 0.337979 0.418267 0.155297
v 17.578703 15.660257 22.411636
vn 0.382157 0.511801 -0.205585
v 16.429949 14.693064 20.841667
vn -0.544927 -0.033986 0.017531
v 16.429949 14.693064 20.841667
vn 1.037177 2.089187 -0.678313
v 16.383711 14.657058 20.660069
vn 1.035241 -0.484177 1.244501
v 2.645170 16.592649 20.101871
vn 0.732544 0.822866 1.121718
v 3.200514 15.028975 18.950056
vn -1.107273 1.769362 -1.245931
v 2.119870 14.663532 20.658033
vn -1.114175 1.279001 -2.016373
v 2.133835 14.288563 20.408396
vn -0.506643 -1.148346 -2.396822
v 1.957667 16.121246 20.676832
vn -0.633260 -1.516026 -3.173793
v 1.975786 16.118675 20.674368
vn 0.386478 -0.729308 0.039972
v 17.505442 15.477235 22.475967
vn 1.697721 1.880832 0.723500
v 17.660063 15.560646 22.502855
vn 0.227253 0.060882 0.087280
v 2.885846 16.380299 19.798456
vn 0.687909 -0.718804 1.078436
v 2.790281 16.517181 19.951799
vn 0.896450 -0.394895 1.072610
v 2.651890 16.609837 20.102968
vn 1.335248 1.327469 1.170792
v 2.488663 16.643671 20.250761
vn 1.106971 -0.582458 0.282152
v 3.316390 15.195710 18.839636
vn 0.013233 1.131596 -1.666937
v 2.137838 14.659732 20.655788
vn -0.409172 1.049081 -1.530795
v 2.104855 14.474730 20.536863
vn -2.420543 -0.602348 -2.109604
v 2.001491 16.326599 20.569437
vn -1.373839 -1.265267 -2.941577
v 2.016613 16.316555 20.566582
vn 1.014456 -2.065205 0.147272
v 17.660063 15.560646 22.502855
vn 1.194213 0.906556 0.401910
v 17.639153 15.693937 22.264332
vn 0.322503 0.627227 -0.215905
v 16.424154 14.609649 20.575890
vn 1.093123 2.004960 -0.758774
v 16.395754 14.558439 20.399660
vn -0.054152 0.047459 -1.373676
v 6.673551 14.440759 0.144726
vn -0.122699 0.133301 -2.945434
v 6.211770 14.816800 0.178602
vn 0.269520 -0.949457 0.987195
v 2.981555 15.697689 19.202208
vn 0.199111 -0.947458 1.115855
v 2.949384 15.862514 19.346777
vn -1.617047 -1.090859 -1.947322
v 2.691102 14.164188 19.808558
vn -0.867578 -1.801461 -2.014228
v 2.910353 14.401919 19.497677
vn 0.495900 0.980569 1.087081
v 3.217828 15.018567 18.951546
vn 1.570840 -0.893838 0.417677
v 3.303293 15.149105 18.794811
vn -1.470701 1.686945 -2.671209
v 2.148668 14.299178 20.406933
vn 0.057698 2.828642 0.175141
v 2.463877 16.656267 20.210854
vn -1.804351 -0.060179 -2.140791
v 2.267911 16.602621 20.312590
vn 0.591566 -1.364495 0.130852
v 17.548239 15.494917 22.322990
vn 1.796442 1.156734 0.580562
v 17.756395 15.572415 22.190073
vn -2.367178 -0.303199 0.146774
v 16.421154 14.712156 20.739260
vn -0.724886 -0.099140 -0.001548
v 16.424154 14.609649 20.575890
vn -0.037286 0.081935 -1.408302
v 6.501448 14.552119 0.154907
vn -0.067427 0.013223 -1.367109
v 6.862150 14.359165 0.135082
vn -0.056491 0.069189 -1.500829
v 5.838759 15.254820 0.213908
vn -1.418149 0.323994 -0.032328
v 4.020553 14.651667 17.600992
vn -0.475726 0.282257 -0.362310
v 3.588465 14.053506 17.000875
vn -0.036877 0.011266 -1.549317
v 8.821773 14.826484 0.073665
vn 1.747650 -0.789717 1.275743
v 2.969253 15.866474 19.346594
vn 0.330645 -1.180125 1.235180
v 3.000669 15.703773 19.202841
vn 1.966881 1.983169 0.221548
v 2.779891 16.545536 19.913197
vn 1.422096 0.868527 0.196477
v 2.790281 16.517181 19.951799
vn 0.971920 1.294551 0.188453
v 2.651890 16.609837 20.102968
vn 1.122272 2.646123 0.206840
v 2.634127 16.630575 20.063612
vn -0.927563 -0.138631 -0.789064
v 2.385331 14.089772 20.120831
vn -0.893430 -0.375981 -0.895538
v 2.541723 14.097956 19.966084
vn 0.618516 0.990142 1.010129
v 3.303293 15.149105 18.794811
vn 1.040023 -0.871849 0.348484
v 3.439852 15.268235 18.685305
vn -0.099676 0.032554 -0.117601
v 2.248704 14.173153 20.266790
vn -0.083780 -0.036987 -0.130384
v 2.125628 16.478590 20.444166
vn 0.957944 -2.259514 0.282655
v 17.756395 15.572415 22.190073
vn 0.797220 0.445591 0.249777
v 17.702948 15.710876 22.113653
vn 0.263157 0.616099 -0.211459
v 16.449299 14.499175 20.320202
vn -2.412558 -0.341409 -0.089746
v 16.426935 14.615814 20.477678
vn -0.083461 -0.021380 -1.564067
v 5.361444 15.512970 0.245835
vn -0.061076 0.037263 -1.444612
v 7.276400 14.320588 0.116016
vn -0.046676 0.098346 -1.723325
v 6.511219 14.565847 0.155447
vn -0.070323 0.058913 -1.763540
v 6.681015 14.455759 0.144950
vn -0.064698 0.022775 -1.425280
v 7.064230 14.322253 0.125199
vn -0.060138 0.073380 -1.592609
v 5.850059 15.267365 0.214061
vn -0.008174 0.011371 -0.227077
v 6.360182 14.690928 0.166723
vn -0.643068 -1.135557 -0.025752
v 3.878254 15.105704 18.249264
vn -0.029130 -0.000001 -1.562585
v 9.065082 14.882282 0.069271
vn -0.044536 -0.017082 -1.444359
v 7.713608 14.394247 0.101506
vn 0.486292 -0.847569 0.807316
v 3.047376 15.563263 19.059357
vn 1.205225 0.171546 0.069234
v 2.965244 15.920603 19.282263
vn 1.768466 0.481141 0.246166
v 3.000669 15.703773 19.202841
vn -1.224086 -0.528055 -1.237215
v 2.535021 14.116528 19.964973
vn -0.078812 -0.091554 -0.125292
v 2.799147 14.283526 19.652092
vn -0.428125 -1.025192 -1.124575
v 3.109021 14.825069 19.036909
vn 0.860524 0.938941 1.154815
v 3.318969 15.136744 18.797228
vn 2.619588 0.637508 2.048134
v 3.422247 15.229655 18.641325
vn -0.357465 1.614914 0.011716
v 2.439092 16.649746 20.170034
vn 0.259721 -0.618591 0.085115
v 17.595903 15.502130 22.168989
vn 1.395872 0.612577 0.434741
v 17.806000 15.571646 22.033119
vn -0.616546 -0.292712 0.045011
v 16.449299 14.499175 20.320202
vn 0.529711 2.293744 -0.653005
v 16.416470 14.456944 20.145231
vn 0.683517 1.120756 -0.298679
v 13.710764 16.774345 0.759713
vn -0.076366 -0.007157 -1.559235
v 5.178862 15.536939 0.255096
vn -0.080061 0.029244 -1.593067
v 5.537815 15.459684 0.235459
vn -0.087046 0.017650 -1.771414
v 6.866907 14.375254 0.135003
vn -0.057926 0.077477 -1.555481
v 5.708999 15.388460 0.224953
vn -0.058813 0.079078 -1.580348
v 5.699682 15.374496 0.224601
vn 0.047552 -0.979111 0.307576
v 3.582539 15.259003 18.535294
vn -1.106781 -0.129204 -0.028383
v 4.032113 14.870691 17.952951
vn -0.931861 -0.986472 -0.054377
v 3.988428 14.995360 18.106110
vn -0.323290 -0.010107 -0.008063
v 4.047303 14.784101 17.754799
vn -1.601388 0.292547 0.016900
v 4.023839 14.665097 17.591440
vn -2.903116 -1.336557 1.098094
v 3.794143 14.190706 16.866138
vn -1.204930 -0.043636 -1.841809
v 3.614232 13.939957 16.878582
vn -0.022926 -0.545122 -0.698159
v 3.757634 13.891472 16.911730
vn -0.006527 -0.003781 -1.574129
v 10.065348 14.773635 0.061668
vn -0.152908 0.186700 -2.968649
v 7.924214 14.468683 0.094025
vn -0.003601 0.002907 -0.106693
v 8.580958 14.767095 0.078965
vn -0.037505 0.011074 -1.590300
v 8.817369 14.842873 0.073889
vn -0.019261 0.024836 -1.600829
v 9.318477 14.916594 0.066514
vn -0.052669 0.011398 -1.434897
v 7.495267 14.344733 0.108478
vn 0.034749 -0.072459 -1.539858
v 10.562660 15.125237 0.560023
vn -0.363506 2.696750 -0.746568
v 10.097189 15.052932 0.594236
vn -0.094674 2.769541 -0.490140
v 9.628649 15.010410 0.597285
vn 0.702014 -1.257024 1.203103
v 3.063438 15.573292 19.060211
vn 1.180768 0.360983 0.189400
v 2.993990 15.759130 19.138973
vn -0.345692 0.861041 -1.032459
v 2.917059 16.270922 19.570318
vn 0.261258 1.603523 0.040100
v 2.609187 16.634256 20.023376
vn 0.070173 1.975831 -0.907742
v 2.755859 16.560280 19.873695
vn -1.446937 -0.232614 -1.240031
v 2.384358 14.108366 20.118708
vn -1.966874 -1.326852 -2.368568
v 2.680135 14.180595 19.808474
vn -0.997870 -2.071992 -2.316606
v 2.892675 14.411373 19.496836
vn -0.040428 -0.087974 -0.097979
v 2.961333 14.550183 19.343727
vn -0.490335 -0.965416 -1.082358
v 3.189723 14.956549 18.881578
vn 1.052311 -1.631238 1.461927
v 3.556906 15.243593 18.490202
vn -1.877841 0.149497 -2.156785
v 2.439092 16.649746 20.170034
vn -2.238699 0.140536 -2.573946
v 2.438582 16.630598 20.169338
vn -2.148771 -0.340753 -2.635844
v 2.273109 16.583805 20.310785
vn 0.919032 -2.280639 0.303537
v 17.806000 15.571646 22.033119
vn 0.112953 0.723458 -0.190769
v 16.465511 14.422091 20.062588
vn 0.928503 0.914010 -0.364554
v 13.884651 16.672840 0.767075
vn 0.084140 -0.000675 -1.421606
v 13.306358 16.792200 0.697911
vn 0.906314 1.377253 -1.742518
v 13.708568 16.765503 0.721509
vn 1.031326 -2.471191 -0.535322
v 4.651122 15.402292 0.319158
vn -0.077670 -0.008052 -1.577885
v 5.179376 15.553677 0.254994
vn -0.083631 -0.018649 -1.572431
v 5.365000 15.529302 0.245422
vn -0.077394 0.028114 -1.710446
v 7.066221 14.338923 0.125375
vn -0.124328 -0.450994 0.061571
v 3.700137 15.204437 18.343412
vn -0.953433 -1.553909 -0.041538
v 3.844803 15.125699 18.202892
vn -1.023691 -0.791228 0.847220
v 3.833085 14.344386 17.067488
vn -0.213337 0.098316 0.015513
v 3.885107 14.470351 17.247986
vn -1.241989 0.838722 -1.022605
v 3.708966 14.017707 16.814764
vn -0.011219 0.023080 -1.580872
v 9.824998 14.865708 0.062182
vn 0.020587 -0.005030 -1.571500
v 10.290247 14.646318 0.064912
vn -0.028957 0.001013 -1.576462
v 9.062292 14.898970 0.069323
vn -0.011423 0.045603 -1.610997
v 9.574328 14.915655 0.064461
vn -0.062079 0.012033 -1.703394
v 7.492444 14.361399 0.108714
vn -0.056347 -0.011341 -1.744076
v 7.709032 14.410574 0.101454
vn 0.172345 2.734826 -0.649600
v 9.158602 15.020170 0.600585
vn 0.046162 -0.045748 -1.607745
v 10.786875 15.196376 0.561999
vn 0.020050 0.019798 -3.191380
v 10.332878 15.074573 0.557650
vn -0.026133 0.313876 -0.070838
v 9.864974 15.011424 0.557367
vn 0.236261 0.061100 0.137335
v 3.167478 15.495478 18.915848
vn 1.450356 0.773990 0.475943
v 3.063438 15.573292 19.060211
vn -0.200423 0.930715 -1.099868
v 2.956161 15.926542 19.273102
vn -0.279152 0.975101 -1.089854
v 2.984840 15.764376 19.129543
vn -0.920855 1.629129 -2.001055
v 2.856767 16.431938 19.722048
vn -0.439555 -1.040032 -1.142255
v 3.090743 14.833947 19.035774
vn 1.477705 -1.712755 0.431312
v 3.421127 15.183689 18.609482
vn 1.952320 1.910711 2.067064
v 3.433562 15.215283 18.643923
vn 1.374849 0.244334 1.281194
v 3.559031 15.227397 18.490995
vn -2.103757 1.018755 -2.502472
v 2.601567 16.617367 20.022741
vn 0.245479 -0.620047 0.081356
v 17.645144 15.505563 22.014832
vn 0.558742 0.151341 0.172563
v 17.833364 15.724770 21.810225
vn -1.988788 -1.331119 0.273144
v 16.428364 14.509645 20.218796
vn 0.115464 2.311701 -0.540672
v 16.467587 14.382425 19.893435
vn -0.625886 -0.359172 -0.056123
v 16.465511 14.422091 20.062588
vn 0.082499 0.029027 -1.393285
v 13.514612 16.804451 0.710580
vn 1.193502 1.239520 -0.472974
v 13.878635 16.663811 0.729115
vn -0.078724 0.014369 -1.543946
v 4.993433 15.544487 0.264143
vn -0.081425 0.016194 -1.593040
v 4.995714 15.527822 0.263857
vn -0.076486 0.031222 -1.545304
v 5.544425 15.475002 0.235408
vn -0.071034 0.042229 -1.690274
v 7.275788 14.337418 0.116476
vn -1.758695 -1.362267 0.846973
v 4.029149 14.905129 17.911764
vn 0.079425 -2.829788 1.859175
v 3.963583 15.021293 18.061420
vn -1.184585 -2.169811 1.589400
v 4.047303 14.784101 17.754799
vn -2.977709 -2.064273 1.311569
v 4.030397 14.790829 17.750967
vn -1.046290 -0.803134 0.859111
v 3.819510 14.357193 17.063046
vn -0.933319 0.704285 -0.824215
v 3.812330 14.076015 16.747541
vn 0.119133 -1.135141 -1.027217
v 3.708966 14.017707 16.814764
vn -0.010880 0.021675 -1.560047
v 9.829510 14.881874 0.062386
vn -0.005384 -0.003816 -1.567346
v 10.072419 14.788907 0.061602
vn -0.018206 0.024723 -1.539872
v 9.317834 14.933434 0.066783
vn 0.044560 -0.045931 -1.567299
v 10.792452 15.180355 0.562615
vn 0.035853 -0.074721 -1.597473
v 10.567080 15.108868 0.560893
vn 0.004411 0.319027 -0.066001
v 9.393292 14.995842 0.560429
vn 1.872919 2.099445 -0.126895
v 7.452574 15.673254 0.654813
vn 1.273249 0.784212 0.494906
v 3.058542 15.604031 19.024099
vn -0.454493 1.111330 -1.335953
v 2.898017 16.264313 19.571182
vn -1.741099 0.888743 -2.086271
v 2.609187 16.634256 20.023376
vn -0.878031 0.976106 -1.347716
v 2.741879 16.546961 19.873024
vn -0.572653 -0.940356 -1.092063
v 3.286978 15.075085 18.726955
vn -0.859308 -3.293299 -1.932856
v 3.397218 15.166395 18.572552
vn 1.360609 -1.186896 0.490362
v 3.433562 15.215283 18.643923
vn 1.844637 -0.908380 2.145207
v 3.700137 15.204437 18.343412
vn 0.417705 -1.156759 0.144415
v 17.854593 15.570385 21.876886
vn 2.375155 0.568880 0.722957
v 17.854593 15.570385 21.876886
vn -0.029207 0.735422 -0.159364
v 16.550974 14.359128 19.811634
vn -2.108135 -1.103843 -0.440982
v 16.476578 14.440906 19.962585
vn 0.182064 0.052957 -2.921714
v 14.020522 16.522108 0.735217
vn 0.102949 0.034516 -1.738694
v 13.512893 16.788073 0.710137
vn 0.124946 0.060969 -1.829648
v 13.702834 16.750116 0.720593
vn 0.080428 0.026949 -1.409379
v 13.093358 16.740294 0.685091
vn 0.134641 0.002709 -2.892640
v 13.878635 16.663811 0.729115
vn 0.162717 0.008206 -3.384524
v 13.869132 16.650452 0.728641
vn 1.280933 -2.457332 -0.753121
v 4.314296 15.237919 0.334209
vn 0.167338 -0.357821 -0.093080
v 4.472950 15.334444 0.289105
vn -0.000167 -0.193086 -1.736693
v 4.817667 15.481854 0.272736
vn 1.462693 -1.346204 2.210150
v 3.844803 15.125699 18.202892
vn 2.016022 -1.054083 2.371223
v 3.692786 15.187536 18.342278
vn 1.602540 -1.518340 2.444534
v 3.832245 15.110155 18.201599
vn 0.012024 -1.395434 1.081473
v 4.012583 14.902960 17.909153
vn -2.080922 -1.461745 1.295846
v 3.782536 14.199372 16.857416
vn -1.606032 -0.960979 0.643398
v 3.812330 14.076015 16.747541
vn 1.270154 -4.007902 -1.734647
v 3.812330 14.076015 16.747541
vn 0.179033 -0.591722 -0.242383
v 3.917326 14.081161 16.812532
vn -0.010843 0.042396 -1.529191
v 9.576180 14.932369 0.064921
vn 0.021191 -0.005077 -1.569858
v 10.299494 14.660420 0.064988
vn 0.035279 -0.006220 -1.549722
v 10.496158 14.488029 0.070157
vn -0.008745 0.138777 -1.667750
v 8.923230 15.026666 0.565487
vn 0.040680 0.004218 -1.576731
v 11.227699 15.369322 0.569735
vn 0.040413 -0.128121 -3.056153
v 10.336210 15.057930 0.558395
vn -0.001065 -0.090383 -3.241181
v 9.864974 15.011424 0.557367
vn -0.001220 -0.085635 -3.071028
v 9.866404 14.994479 0.557836
vn -0.025570 -0.046749 -3.239563
v 9.393292 14.995842 0.560429
vn 0.110197 0.240423 -1.644866
v 7.282383 15.823472 0.628180
vn -0.304538 1.078281 -1.208926
v 2.965736 15.758091 19.128813
vn -0.230668 1.047797 -1.238698
v 2.936322 15.922297 19.273125
vn -0.071705 0.094962 -0.129982
v 3.021390 15.614756 18.986315
vn -1.131654 2.002068 -2.458695
v 2.839327 16.422230 19.722170
vn -0.520224 -1.013208 -1.138172
v 3.172472 14.967062 18.880016
vn 0.009802 -2.066924 -0.049886
v 3.516876 15.216197 18.417892
vn 0.270450 -2.035529 0.149069
v 3.539110 15.213706 18.454773
vn 0.542224 -1.985734 0.354171
v 3.559031 15.227397 18.490995
vn 0.558695 -1.785471 0.207175
v 17.786150 15.510625 21.546436
vn 1.841230 0.273910 0.536668
v 17.895498 15.727735 21.656237
vn -0.688440 -0.259450 -0.148375
v 16.550974 14.359128 19.811634
vn 0.069671 0.062135 -1.417894
v 12.887325 16.651894 0.671528
vn 0.101093 0.000686 -1.710785
v 13.308456 16.775705 0.698043
vn 0.059869 -0.087835 -3.322364
v 14.007931 16.511257 0.735294
vn -0.072390 -0.004295 -1.559256
v 4.813058 15.498102 0.272891
vn 1.328134 -2.084929 2.289206
v 3.948488 15.010285 18.060152
vn -1.904313 -0.545833 -0.351114
v 4.012583 14.902960 17.909153
vn -2.085436 0.873386 -0.717565
v 4.044804 14.824793 17.719687
vn -0.850306 0.778013 -0.285725
v 4.009466 14.688322 17.579838
vn -1.002984 0.903835 -0.197272
v 3.849732 14.384803 17.035889
vn -1.238750 1.161588 -0.306668
v 3.819510 14.357193 17.063046
vn -0.734532 1.072624 -0.774099
v 3.821642 14.211863 16.833466
vn -0.957492 1.368370 -0.943706
v 3.782536 14.199372 16.857416
vn -0.969752 -0.572942 0.380283
v 3.806094 14.079081 16.736258
vn 0.209407 -1.188892 -0.188472
v 3.806094 14.079081 16.736258
vn -0.040529 -0.095205 -1.446573
v 11.027871 13.927201 0.093525
vn 0.039320 0.005191 -1.528031
v 11.219878 15.384410 0.569585
vn -0.033052 -0.023560 -1.544830
v 8.691431 15.060163 0.569860
vn -0.017068 -0.109275 -3.076304
v 9.629961 14.979174 0.559708
vn 1.313843 -0.392567 0.307464
v 4.169422 14.871677 17.793167
vn 0.751823 1.110343 -0.365673
v 7.630198 15.525852 0.644148
vn 0.963890 1.385666 -0.424275
v 7.623444 15.517872 0.606031
vn -0.014208 0.102788 -1.518859
v 7.132837 15.988823 0.640599
vn -1.988834 1.190581 -2.253307
v 3.123828 15.520154 18.843405
vn -0.597361 -0.954549 -1.115620
v 3.271279 15.087465 18.724527
vn -2.473436 -0.460002 -2.288454
v 3.516876 15.216197 18.417892
vn -1.585910 -1.559960 -1.925536
v 3.385720 15.180741 18.570063
vn -0.974806 -2.132797 -0.214391
v 3.666400 15.192902 18.304396
vn -0.546749 -1.912949 0.067066
v 3.692786 15.187536 18.342278
vn 0.630470 -1.925634 0.336558
v 17.990280 15.559473 21.416933
vn 1.227480 0.149073 0.410513
v 17.990280 15.559473 21.416933
vn -0.407505 2.304057 -0.438709
v 16.543690 14.324909 19.638685
vn 0.076098 0.062207 -1.469961
v 12.699921 16.530165 0.656632
vn 0.027301 -0.035093 -1.390407
v 14.129895 16.363129 0.741631
vn 0.097853 0.034839 -1.725141
v 13.098666 16.724400 0.685090
vn 0.034153 -0.044318 -1.747244
v 14.115353 16.354708 0.741558
vn -0.200350 0.057625 -3.016923
v 3.807422 14.977552 0.321643
vn -0.128512 -0.045425 -3.226769
v 4.472950 15.334444 0.289105
vn -0.142097 -0.007866 -3.065465
v 4.637407 15.428538 0.281242
vn -1.566848 -2.019496 -0.294491
v 3.804602 15.124377 18.163559
vn -0.904211 -1.577373 0.020475
v 3.832245 15.110155 18.201599
vn -1.859226 -1.515983 -0.335518
v 3.927542 15.029640 18.023394
vn -1.287975 -1.306344 -0.060417
v 3.948488 15.010285 18.060152
vn -2.082004 -0.335922 -0.576758
v 4.009055 14.930198 17.874981
vn 0.693811 1.197066 -1.028440
v 4.021385 14.623304 17.367327
vn -0.919622 1.665305 -1.968886
v 3.850635 14.082092 16.714748
vn -0.736790 1.220327 -1.354856
v 3.806094 14.079081 16.736258
vn 0.700723 -1.082531 0.163934
v 3.959738 14.092557 16.781544
vn 0.034140 -0.007551 -1.547957
v 10.507054 14.500996 0.070353
vn -0.020067 -0.112886 -1.387321
v 11.218109 13.769668 0.103640
vn 0.158645 -1.253905 -0.322531
v 12.121047 13.563989 0.165998
vn -0.156100 -1.284946 -0.347070
v 11.897765 13.536939 0.159371
vn 0.033095 0.016167 -1.542447
v 11.426462 15.499342 0.575432
vn -0.023981 -0.042399 -3.074336
v 9.393024 14.978834 0.560666
vn -0.018899 -0.019255 -1.583260
v 8.921112 15.009796 0.565714
vn 0.034598 0.016246 -1.598221
v 11.435283 15.484815 0.575469
vn -0.029078 -0.000580 -1.536810
v 8.463484 15.113284 0.574409
vn -0.027459 0.028047 -1.540636
v 8.240396 15.185007 0.580000
vn -0.039630 0.181439 -3.260519
v 7.623444 15.517872 0.606031
vn -0.034837 0.169338 -3.012477
v 7.613331 15.504297 0.605389
vn 0.000014 0.112685 -1.571566
v 7.270169 15.811705 0.627328
vn 1.930485 -0.666297 2.382910
v 3.772018 15.387150 18.335958
vn 0.435939 1.516531 -0.013518
v 3.620196 15.451445 18.479015
vn -0.019387 0.107793 -0.025122
v 3.273580 15.468311 18.733665
vn -1.768314 1.058479 -2.006259
v 3.114389 15.505310 18.843893
vn -2.097283 -0.390911 -1.938423
v 3.514349 15.232477 18.417343
vn -0.932944 -1.549500 -0.351492
v 3.647148 15.215266 18.267784
vn 0.537605 -3.078586 0.865674
v 17.855448 15.494410 21.322323
vn -0.143401 0.750483 -0.179596
v 16.619915 14.321389 19.549395
vn -2.179689 -0.672834 -0.476199
v 16.562565 14.397614 19.704201
vn 0.084607 0.075164 -1.717800
v 12.895133 16.636955 0.671257
vn 0.045010 -0.028070 -1.380239
v 14.209720 16.190926 0.747779
vn -0.109935 -0.076590 -3.088944
v 4.297056 15.264151 0.297087
vn -1.288341 1.136423 -0.455230
v 4.069137 14.736458 17.533331
vn -1.482184 0.889918 -0.661332
v 4.076087 14.852223 17.692408
vn 0.647505 2.006932 -1.930686
v 3.874144 14.222689 16.818291
vn 0.819342 0.783593 -0.787343
v 3.893172 14.401309 17.012953
vn 0.898464 0.768358 -0.807622
v 3.953143 14.523473 17.195295
vn -0.713481 0.708878 -0.936049
v 3.898064 14.089906 16.700779
vn 0.288270 -2.736692 0.117574
v 3.850635 14.082092 16.714748
vn -0.047632 -0.115078 -1.732623
v 11.038928 13.939937 0.092377
vn 0.042481 -0.229529 -2.930565
v 11.667865 13.577061 0.114230
vn 0.036445 0.055645 -1.593889
v 11.623056 15.630818 0.581355
vn 0.036042 0.053436 -1.580650
v 11.632785 15.616884 0.581091
vn -0.033960 -0.023262 -1.595598
v 8.688222 15.043486 0.570183
vn -0.036878 0.039459 -1.554828
v 8.023171 15.274305 0.587498
vn 2.531195 0.585230 0.603744
v 4.149312 15.019968 17.942751
vn 0.009780 0.242165 -3.228983
v 7.816094 15.384241 0.596357
vn -0.074887 0.104931 -3.020591
v 7.807319 15.369740 0.596081
vn -0.014823 0.105429 -1.559696
v 7.119905 15.977800 0.639974
vn -0.030986 0.090379 -1.469475
v 6.625815 16.666893 0.692775
vn 0.691603 1.089612 -0.360235
v 6.182376 17.057360 0.765917
vn -1.062060 0.065582 -1.129720
v 3.239650 15.438582 18.700811
vn -1.882627 0.891354 -1.972117
v 3.653915 15.232430 18.269260
vn -2.234259 1.078452 -2.297636
v 3.647148 15.215266 18.267784
vn -1.258351 -1.218163 -0.421949
v 3.789230 15.154379 18.127033
vn 0.414865 -1.181403 0.307159
v 18.047523 15.546866 21.264654
vn 0.624529 0.062677 0.229577
v 18.046829 15.718864 21.219585
vn -0.465855 2.198677 -0.683487
v 16.618294 14.268921 19.381718
vn -0.775942 -0.206345 -0.195138
v 16.619915 14.321389 19.549395
vn 0.090691 0.067148 -1.692904
v 12.709474 16.516163 0.656534
vn 0.242681 -0.002423 -2.993575
v 12.522561 16.386978 0.641486
vn 0.056207 -0.036200 -1.758725
v 14.194067 16.184561 0.747398
vn 0.044979 -0.040415 -1.722058
v 14.246710 16.004578 0.752775
vn 0.037660 -0.034549 -1.461548
v 14.262960 16.009558 0.753076
vn -0.249353 0.126552 -3.222892
v 3.800081 14.992833 0.322811
vn -1.611977 -0.954495 -0.502425
v 3.921397 15.060326 17.988148
vn -1.895005 -0.048450 -0.708252
v 4.021928 14.959893 17.843639
vn 1.657457 1.839589 -1.608275
v 4.085207 14.725305 17.537052
vn 1.845512 2.087359 -1.805426
v 4.069137 14.736458 17.533331
vn 0.966933 0.890348 -0.899212
v 4.036332 14.610072 17.370230
vn 1.238158 -1.686611 0.300921
v 3.990382 14.114465 16.763523
vn 0.433529 -2.219016 0.230687
v 3.898064 14.089906 16.700779
vn 1.077651 -0.428727 0.042222
v 4.072352 14.187113 16.936142
vn 0.002044 -0.073070 -1.415934
v 11.436385 13.652076 0.109461
vn -0.024150 -0.139872 -1.743554
v 11.227339 13.783635 0.102370
vn -0.169402 -1.733368 -0.466052
v 11.897713 13.547259 0.121187
vn 0.251586 -1.648051 -1.839103
v 12.117383 13.573332 0.127873
vn -0.030272 0.000732 -1.604050
v 8.459001 15.096915 0.574500
vn -0.028934 0.029636 -1.599679
v 8.234521 15.169093 0.579815
vn 1.656694 -0.386634 0.361649
v 4.187947 14.907897 17.760252
vn -0.559643 -1.083004 1.135185
v 4.177193 14.749092 17.603445
vn -0.604070 1.146372 -0.329079
v 5.455075 16.995258 0.787571
vn 0.672121 -0.685122 1.195998
v 3.915565 15.307235 18.191914
vn 1.831027 -0.631981 2.258477
v 3.778239 15.404738 18.335836
vn 0.082360 4.348402 -0.759581
v 3.588990 15.457428 18.443562
vn -1.085170 0.036264 -1.149108
v 3.242348 15.457432 18.698858
vn -1.637957 1.465978 -2.454121
v 3.789230 15.154379 18.127033
vn 0.551751 -2.934789 0.985947
v 17.880871 15.478709 21.261360
vn 1.611176 0.175318 0.694604
v 18.047523 15.546866 21.264654
vn -0.237702 0.720319 -0.222633
v 16.704596 14.259335 19.292059
vn -2.177605 -0.523903 -0.590246
v 16.641546 14.352917 19.441607
vn 0.003541 0.001224 -0.069418
v 12.003973 15.910553 0.599831
vn -0.151554 0.128898 -1.683328
v 3.456434 14.844743 0.344958
vn -0.129726 0.111554 -1.436781
v 3.461616 14.828732 0.343247
vn 1.139839 2.174647 -1.425278
v 4.092973 14.845998 17.696642
vn 1.391712 2.644389 -1.662524
v 4.076087 14.852223 17.692408
vn -0.056334 2.658661 -2.081570
v 4.021928 14.959893 17.843639
vn -2.522920 0.362225 -0.922847
v 3.898185 14.103495 16.705782
vn 1.005739 0.968920 -0.972516
v 3.906075 14.391947 17.017063
vn 1.055718 0.907159 -0.951626
v 3.967743 14.509799 17.198528
vn 1.239816 1.281048 -1.977603
v 3.990382 14.114465 16.763523
vn 0.558216 0.347489 -0.957341
v 3.898064 14.089906 16.700779
vn 0.958050 0.627917 -1.649046
v 3.898185 14.103495 16.705782
vn 1.744290 -0.784746 0.089850
v 4.087742 14.223410 16.911900
vn 0.027539 0.012993 -1.435715
v 12.318330 13.665938 0.131819
vn 0.003446 -0.086928 -1.722498
v 11.443024 13.667357 0.108682
vn 0.086677 -0.091285 -2.891992
v 11.897713 13.547259 0.121187
vn 0.070326 -0.080347 -3.323249
v 11.671269 13.593332 0.113911
vn -0.037633 0.040822 -1.584936
v 8.015839 15.259020 0.587284
vn 2.895054 0.687416 0.710308
v 4.148767 15.060699 17.905554
vn 0.727114 -0.828148 1.319048
v 4.049562 15.196115 18.048941
vn -0.038220 0.105104 -1.729605
v 6.613049 16.655720 0.692357
vn -0.059663 0.065949 -1.423489
v 6.488564 16.813017 0.704862
vn -0.879619 0.945711 -0.277641
v 5.316459 16.864887 0.788693
vn -0.316088 1.260906 -0.327984
v 5.813281 17.130148 0.780864
vn -0.039049 0.259510 -2.977586
v 6.338100 16.942171 0.716471
vn 0.438069 1.206105 -0.288668
v 6.004004 17.122728 0.775342
vn 0.718970 -0.698366 1.252351
v 3.927928 15.322043 18.193449
vn 0.904060 1.554265 0.103280
v 3.778239 15.404738 18.335836
vn -2.673331 2.519596 -3.249000
v 3.557086 15.443842 18.409889
vn -0.121007 -0.002120 -0.132670
v 3.392076 15.423397 18.556387
vn -1.456914 1.343422 -2.213380
v 3.801172 15.170362 18.128740
vn -1.244466 1.893175 -2.365668
v 3.921397 15.060326 17.988148
vn -0.075806 -0.544609 0.102557
v 17.647789 15.479205 21.207813
vn -0.135601 0.216586 1.694671
v 17.880871 15.478709 21.261360
vn -0.101209 0.180172 1.392418
v 17.886629 15.461479 21.264008
vn -1.014889 1.981265 -0.606894
v 16.678526 14.194746 19.124798
vn -0.803461 -0.215241 -0.125938
v 16.704596 14.259335 19.292059
vn -0.036897 -0.061076 -1.602300
v 14.334171 15.636184 0.763737
vn -0.036394 -0.057417 -1.490089
v 14.349983 15.642070 0.763124
vn -0.083915 0.144833 -1.414220
v 2.545040 14.826832 0.419979
vn -0.102861 0.119733 -1.373017
v 2.722396 14.761541 0.401339
vn -0.114820 0.090292 -1.378789
v 2.906967 14.729835 0.384278
vn -1.102976 1.762477 -2.148035
v 3.935993 15.071895 17.989855
vn -0.050550 2.287644 -1.790321
v 4.038250 14.962650 17.846701
vn 0.764190 2.421832 -2.240260
v 3.877969 14.223975 16.820986
vn 0.006347 0.017802 -0.017503
v 3.898185 14.103495 16.705782
vn 1.670312 1.774622 -2.638884
v 3.981488 14.128116 16.766977
vn 1.108655 1.801233 -1.945714
v 4.087742 14.223410 16.911900
vn 1.647649 1.636160 -1.919483
v 4.130689 14.345316 17.053591
vn 0.060317 -0.056706 -1.786193
v 12.113155 13.589311 0.127190
vn 0.100823 -0.107251 -3.385806
v 11.897360 13.563785 0.120653
vn -0.012862 0.063520 -1.446224
v 12.495400 13.799496 0.135383
vn -0.639228 -0.836768 0.891268
v 4.193873 14.740884 17.607702
vn -0.256359 -1.200660 1.272110
v 4.187947 14.907897 17.760252
vn 0.509631 -1.849935 2.105339
v 4.166595 15.067450 17.907066
vn 0.629804 -2.229233 2.527383
v 4.148767 15.060699 17.905554
vn -0.072410 0.078274 -1.712066
v 6.476945 16.800714 0.704779
vn -1.144916 1.223709 -1.765804
v 5.323195 16.859924 0.750447
vn -0.139399 0.364541 -0.099506
v 5.628644 17.074877 0.746320
vn -0.860036 1.520087 -0.437312
v 5.460086 16.986952 0.749438
vn 0.895175 1.490860 -0.475710
v 6.175692 17.048964 0.727689
vn 0.526647 -0.879076 1.232773
v 4.065690 15.207717 18.050539
vn 1.357644 1.198927 0.396180
v 3.927928 15.322043 18.193449
vn 0.718787 1.286667 0.061127
v 3.753990 15.422970 18.301687
vn -0.276656 -1.224946 0.172141
v 17.412806 15.527884 21.176558
vn -1.024974 0.292433 3.116316
v 17.647789 15.479205 21.207813
vn -1.208412 -1.256138 2.953227
v 17.647852 15.459768 21.209681
vn -0.058815 -0.076386 -1.575712
v 14.415839 15.470870 0.767843
vn -1.016744 -0.586111 -0.301860
v 2.237786 15.027412 0.496450
vn -0.095332 0.112930 -1.409182
v 2.379572 14.918476 0.439559
vn -0.117714 0.114409 -1.436996
v 3.094100 14.738940 0.369436
vn -0.134654 0.130424 -1.639253
v 3.092809 14.755623 0.370870
vn 1.311313 2.136257 -2.295300
v 4.072198 14.233724 16.912718
vn 0.030586 0.018088 -1.705808
v 12.310519 13.680505 0.131801
vn -0.007999 0.061067 -1.442793
v 12.643447 13.948422 0.140922
vn -0.008047 -0.966213 1.073896
v 4.205728 14.906931 17.762936
vn -0.041321 0.042546 -1.443272
v 5.233018 16.697151 0.747775
vn 0.504759 1.583175 -1.752141
v 6.001035 17.114616 0.736943
vn -0.462530 1.615639 -3.169756
v 5.813821 17.120344 0.742653
vn -0.157594 0.109994 -3.262415
v 6.328372 16.928511 0.716491
vn -0.097180 0.150084 -2.914169
v 6.175692 17.048964 0.727689
vn 1.487713 1.996023 0.432852
v 3.912273 15.353275 18.160522
vn 1.651523 0.821765 0.419856
v 4.065690 15.207717 18.050539
vn -0.475151 2.583627 -1.062299
v 3.565181 15.452141 18.417892
vn -0.873238 0.553902 -1.190837
v 3.723868 15.423456 18.267418
vn -0.126384 -1.412236 0.011720
v 17.228306 15.532136 21.060036
vn -0.375526 -1.843262 0.219490
v 17.438086 15.513837 21.117229
vn -1.480888 0.148093 2.821818
v 17.437523 15.493580 21.117971
vn -0.547597 0.340862 -0.162834
v 16.746540 14.198792 19.024269
vn -2.170383 -0.614685 -0.200977
v 16.705292 14.294537 19.176878
vn -0.057079 -0.074748 -1.560500
v 14.401186 15.462803 0.768781
vn -0.003999 -0.023032 -1.596026
v 14.653055 15.195314 0.774198
vn -0.029698 -0.058561 -1.597417
v 14.519221 15.320349 0.771645
vn -1.139402 -0.327513 -0.317474
v 2.137324 15.187313 0.514989
vn -1.566936 -0.736403 -1.857244
v 2.240993 15.041092 0.459086
vn -0.115188 0.139271 -1.713487
v 2.389757 14.931566 0.439919
vn -0.102550 0.173314 -1.705307
v 2.552306 14.841773 0.421078
vn -0.131787 0.150615 -1.749243
v 2.726643 14.777666 0.402427
vn -0.145288 0.115611 -1.746110
v 2.908298 14.746523 0.385260
vn 1.583674 1.871574 -2.097679
v 4.114624 14.356203 17.051176
vn -0.014822 0.074405 -1.696979
v 12.484683 13.812330 0.136042
vn 0.036215 0.092425 -2.938076
v 12.769608 14.109876 0.147589
vn 2.219519 0.869327 0.311394
v 4.167218 15.103601 17.876102
vn 1.854462 0.270157 0.294521
v 4.166595 15.067450 17.907066
vn -0.117182 0.106693 -3.406256
v 5.469756 16.973768 0.748702
vn -0.097089 0.086791 -2.871189
v 5.460086 16.986952 0.749438
vn -0.086581 0.084621 -1.798213
v 5.335998 16.849541 0.749319
vn 0.011228 0.041417 -1.562318
v 5.025234 15.970699 0.728205
vn -0.104795 0.135598 -3.409669
v 5.815093 17.104084 0.741955
vn -0.072323 0.035180 -2.900475
v 5.628644 17.074877 0.746320
vn -0.084518 0.039795 -3.379049
v 5.634384 17.059546 0.746005
vn -0.109593 0.176350 -3.357232
v 6.168845 17.033865 0.727128
vn 1.877933 1.476429 0.400297
v 4.056781 15.244200 18.018246
vn -1.026895 0.345575 -1.293958
v 3.718359 15.405573 18.267052
vn -2.145569 -0.152046 -2.410651
v 3.556652 15.424234 18.411512
vn 0.659622 -0.754633 0.057087
v 17.079063 15.458042 20.927286
vn -1.451286 0.125316 2.688240
v 17.438086 15.513837 21.117229
vn -0.289588 -1.709080 0.181151
v 17.437523 15.493580 21.117971
vn -0.266491 -1.202812 0.167716
v 17.676474 15.443349 21.137407
vn 0.675252 -0.205029 0.589424
v 16.165600 14.241730 16.857697
vn 0.742878 -0.548670 0.596273
v 16.061363 14.178878 16.982563
vn -0.578950 -0.759937 1.129418
v 16.971167 15.626961 20.180794
vn -0.007307 -0.020602 -1.586023
v 14.810277 15.100574 0.775177
vn -0.030367 -0.057617 -1.542644
v 14.506545 15.309647 0.772273
vn -1.761494 -0.555299 -0.493903
v 2.144304 15.199301 0.477571
vn -0.148222 0.123870 -1.786069
v 2.253787 15.051590 0.458736
vn 0.095439 0.095893 -0.110776
v 4.143769 14.494593 17.199247
vn -0.008007 0.070875 -1.698280
v 12.630905 13.959750 0.141471
vn 0.688625 -1.107755 -0.364152
v 13.530533 14.973532 0.227652
vn 1.205529 0.287317 0.301635
v 4.223288 14.939341 17.735352
vn 0.033977 0.031192 -1.594103
v 5.085791 16.147770 0.733070
vn -0.045315 0.047901 -1.634995
v 5.247887 16.689644 0.747128
vn 0.006278 0.046608 -1.585312
v 4.943808 15.804608 0.723069
vn -0.045602 0.125878 -1.825880
v 5.997907 17.098488 0.735885
vn 0.770064 1.622497 0.190843
v 3.884657 15.369417 18.125740
vn -1.405524 1.354317 -2.193194
v 3.884657 15.369417 18.125740
vn -0.462688 -0.820005 1.110827
v 17.187496 15.890707 20.464222
vn -0.430942 -0.811765 1.097444
v 17.088469 15.751615 20.322056
vn -0.317652 0.122443 0.145488
v 17.285767 16.030575 20.608404
vn 1.252122 -0.505092 -0.083890
v 16.901932 15.170748 20.642563
vn 0.554388 -1.981348 1.126305
v 17.100401 15.472223 20.868191
vn -1.720962 -1.727102 2.165885
v 17.254646 15.529284 21.000414
vn -2.065435 -0.386126 2.783516
v 17.257572 15.510303 20.999853
vn -0.209774 -1.332279 0.130965
v 17.469208 15.481404 21.044859
vn 0.217674 -0.098598 -0.947514
v 17.919985 15.457359 21.180449
vn 0.232412 -0.595318 -1.757683
v 18.094152 15.539786 21.183207
vn 0.622578 0.781325 0.154400
v 17.983961 15.927458 21.100063
vn 0.387688 -0.538610 0.140132
v 16.276474 14.197756 16.715382
vn 0.587979 -1.136929 -0.508634
v 16.032131 14.041584 16.892649
vn -0.006979 -0.020335 -1.555497
v 14.802749 15.085615 0.775406
vn -0.005301 -0.024270 -1.544777
v 14.642857 15.182117 0.774414
vn -0.381058 -0.070315 -0.078121
v 2.087506 15.379399 0.495624
vn -0.163009 0.239541 -2.885126
v 2.144304 15.199301 0.477571
vn -0.194230 0.278057 -3.366922
v 2.159189 15.206392 0.477311
vn 0.888554 0.745701 -0.914002
v 4.209926 14.636716 17.379515
vn 0.039863 0.101681 -3.230373
v 12.756017 14.120065 0.147742
vn 0.828291 -0.967320 -0.399321
v 13.371018 14.875317 0.220439
vn 0.001711 0.003924 -0.115577
v 13.082013 14.626395 0.168615
vn 1.167526 -0.225533 0.425595
v 4.227782 14.767627 17.583487
vn 1.211794 1.417208 0.192454
v 4.032087 15.268725 17.984013
vn 1.542288 1.040740 0.222442
v 4.150225 15.132588 17.843285
vn 0.032961 0.032042 -1.605773
v 5.101924 16.142513 0.733311
vn 0.011052 0.042090 -1.577940
v 5.040715 15.963937 0.728137
vn -1.603879 1.556969 -2.478044
v 3.873061 15.354072 18.123604
vn -0.533784 -0.949009 1.285444
v 17.171673 15.902973 20.466686
vn 1.330511 -0.164768 0.024671
v 16.889853 15.004628 20.498238
vn 0.459327 -0.309952 -0.004930
v 16.983866 15.359729 20.727657
vn 0.270799 -1.594101 0.159566
v 17.257572 15.510303 20.999853
vn 0.708571 -0.058336 -1.128670
v 17.473890 15.488324 21.034061
vn 0.486728 -0.113705 -1.151680
v 17.680437 15.448952 21.126255
vn 1.786404 -0.792666 1.518927
v 16.176239 14.151277 16.814045
vn 1.376107 0.954590 -0.117643
v 16.046833 13.870013 17.051140
vn 0.616840 0.340898 -0.972760
v 15.989090 13.937601 16.898603
vn 0.905889 0.929026 -0.422677
v 16.143702 13.854079 17.491034
vn -0.523269 -0.965482 1.311491
v 17.071951 15.763008 20.323997
vn -1.975486 0.197576 1.439724
v 16.956051 15.640036 20.181843
vn -0.010499 -0.023909 -1.570109
v 14.978624 15.019079 0.775460
vn -0.010700 -0.024131 -1.570772
v 14.983444 15.035168 0.775180
vn -1.318257 -0.115084 -0.178571
v 2.063673 15.564940 0.551989
vn -0.140080 0.289858 -3.329162
v 2.103667 15.382743 0.495242
vn -0.127183 0.254716 -2.923360
v 2.087506 15.379399 0.495624
vn -0.344062 0.287206 -3.351046
v 2.084933 15.567411 0.512128
vn 0.987626 0.846138 -1.029421
v 4.194652 14.647932 17.373817
vn 2.822412 1.452810 -1.218928
v 4.244976 14.802096 17.554585
vn 0.180767 -0.032248 -3.291320
v 13.217444 14.762424 0.175362
vn 1.098852 -1.329163 -0.534620
v 13.363515 14.884533 0.182551
vn 1.768657 0.340650 0.463962
v 4.223133 14.972216 17.704657
vn 0.008593 0.044237 -1.553931
v 4.957989 15.795691 0.722863
vn 0.051134 0.021110 -1.621011
v 4.836914 15.654648 0.717207
vn -0.959965 1.638971 -2.250596
v 4.032087 15.268725 17.984013
vn -1.110736 1.837507 -2.544189
v 4.016631 15.256389 17.981743
vn 1.674054 -0.588826 -0.085699
v 16.913521 15.208881 20.585943
vn -0.817041 -1.112690 1.395913
v 17.109941 15.457328 20.866287
vn -0.050100 -0.093811 0.129432
v 16.983866 15.359729 20.727657
vn 0.377187 -1.408539 0.141749
v 17.290855 15.511816 20.926323
vn 0.478445 -0.230252 -2.103651
v 17.912249 15.470657 21.177288
vn 0.713574 -0.169372 -1.712646
v 17.680120 15.467356 21.124304
vn 2.297640 0.824847 -2.128577
v 18.004410 15.926673 21.021580
vn 0.334717 0.952846 0.091210
v 17.823238 16.074528 20.990591
vn -0.245939 -1.766758 -1.487094
v 16.176239 14.151277 16.814045
vn -0.071776 -0.888276 -0.491376
v 16.114178 14.178638 16.773649
vn -0.561959 0.407448 0.006116
v 16.800867 14.029387 18.563452
vn 1.095904 0.778903 -0.361647
v 16.061546 13.882870 17.270544
vn -0.180201 -0.450990 -0.959732
v 15.963579 14.173450 16.843555
vn 0.413907 1.093987 -0.264648
v 16.357897 13.822801 17.898783
vn -0.267399 1.304043 -0.424077
v 16.589710 13.881659 18.240028
vn -1.878313 0.100492 -3.004668
v 2.068599 15.567685 0.513855
vn 0.051041 0.103714 -2.960279
v 13.205562 14.774411 0.175592
vn -0.072634 -1.299103 -0.383925
v 14.243697 15.093822 0.255259
vn 0.881353 -1.311013 -2.058335
v 13.525812 14.983111 0.189585
vn -0.489580 1.826781 -2.222809
v 4.150225 15.132588 17.843285
vn -0.604538 2.086941 -2.559241
v 4.132852 15.124951 17.841053
vn 0.416569 1.958657 -2.107605
v 4.223133 14.972216 17.704657
vn 0.483267 2.276005 -2.445740
v 4.205514 14.972182 17.701143
vn -0.905742 0.543182 0.240115
v 17.181713 15.950621 20.396770
vn -1.735197 1.014017 0.439331
v 17.171673 15.902973 20.466686
vn -0.973584 0.498325 0.191604
v 17.082588 15.810336 20.254955
vn -1.749411 0.956984 0.338680
v 17.071951 15.763008 20.323997
vn 1.542822 -1.162220 1.141079
v 16.895868 15.044897 20.442789
vn 0.088085 0.031690 -0.136904
v 17.290367 15.538890 20.916233
vn 0.942564 -0.082113 -1.524464
v 17.474209 15.508509 21.033218
vn 0.546465 -1.320606 -4.020024
v 18.078926 15.545330 21.179316
vn 0.040712 -0.044447 -0.140001
v 18.088467 15.718288 21.117485
vn 0.780608 1.939304 0.208362
v 17.847065 16.073660 20.912220
vn 0.611116 4.116971 -0.827910
v 15.993933 13.876410 16.880230
vn 1.232678 0.874970 -0.390378
v 16.090546 13.831135 17.246998
vn 0.132273 0.389390 -1.003091
v 15.826049 13.881528 16.775566
vn 0.263155 0.415137 -0.138303
v 16.292564 13.794248 17.678572
vn 1.217491 1.182062 -0.539201
v 16.179203 13.807734 17.465256
vn -0.022035 1.292906 -0.407493
v 16.467001 13.835593 18.073986
vn -0.870323 0.643085 0.153277
v 16.974813 15.681921 20.112644
vn -0.014266 0.005378 -1.560254
v 15.165113 14.998135 0.774820
vn -0.014249 0.003768 -1.581167
v 15.162869 14.981447 0.774783
vn -1.311288 0.610125 -0.051218
v 2.094625 15.755249 0.566939
vn -1.599068 0.789619 -1.441280
v 2.095044 15.752889 0.528099
vn -0.309916 0.202280 -1.767011
v 2.110118 15.748651 0.524908
vn 1.567062 2.114617 -2.137974
v 4.228241 14.809402 17.549545
vn 0.115881 0.042609 -3.289603
v 13.363515 14.884533 0.182551
vn 0.096085 -1.280975 -0.410305
v 14.058561 15.105342 0.247954
vn 0.063107 -0.004237 -1.574997
v 13.696697 15.059120 0.196042
vn 0.107702 0.034669 -2.989473
v 13.353512 14.898040 0.182360
vn 0.049886 0.017808 -1.520391
v 4.848929 15.643206 0.717437
vn 0.085924 -0.014764 -1.623330
v 4.703109 15.533873 0.710713
vn 0.532864 0.666788 -0.951295
v 17.308155 16.073008 20.525650
vn -0.136228 -1.027560 1.167663
v 16.913521 15.208881 20.585943
vn -0.150246 -1.038221 1.179719
v 16.932590 15.204292 20.584333
vn 0.069069 -1.034231 1.176202
v 16.915350 15.045543 20.442213
vn 1.107133 -0.785795 -0.492461
v 17.007242 15.352968 20.714262
vn 1.973522 1.264107 -2.684486
v 17.134768 15.488894 20.784071
vn 1.482220 -0.752611 -3.043527
v 17.991903 15.913776 21.018749
vn 1.441899 -0.274731 -2.407788
v 17.847065 16.073660 20.912220
vn 1.659510 0.491311 -2.169027
v 17.660553 16.150623 20.792660
vn -0.180845 0.366390 -0.088520
v 16.742708 13.952219 18.360529
vn -2.331467 0.406932 0.726192
v 16.807198 14.038785 18.519068
vn 0.741245 2.451193 0.150033
v 16.055433 13.856820 17.044685
vn -0.274346 0.304885 -0.714603
v 15.762475 14.145045 16.856804
vn -0.326145 0.611500 -1.433880
v 15.670719 13.995399 16.828184
vn -0.619832 2.315347 0.310733
v 16.401731 13.798307 17.866087
vn -0.281842 1.622913 -0.525058
v 16.636251 13.878475 18.200891
vn -0.111238 1.281556 -0.413756
v 15.349907 14.999893 0.810718
vn -0.158235 1.503250 -2.097219
v 15.350431 14.987804 0.773133
vn -0.971615 1.002595 -0.051698
v 2.173861 15.925331 0.573329
vn 0.001367 -1.734121 -3.554250
v 14.245709 15.104984 0.217109
vn 0.101418 -1.701600 -0.540073
v 14.058928 15.117546 0.209939
vn 0.075031 -0.017198 -1.593573
v 13.518041 14.998010 0.189048
vn 0.136316 -0.167132 -3.309089
v 13.874842 15.106088 0.202602
vn 0.456813 0.833213 -1.082936
v 17.190096 15.952318 20.385813
vn 1.218601 -0.326230 -0.328655
v 16.940189 15.209850 20.574022
vn 1.392413 1.223291 -2.124375
v 17.124422 15.503277 20.785572
vn 1.784163 -0.313747 -2.943660
v 17.840244 16.056038 20.910059
vn 0.560509 -0.994428 0.592813
v 16.809479 14.141271 18.671019
vn -0.157007 2.450268 0.330201
v 16.007549 13.878337 16.872274
vn -0.394553 3.608397 0.747629
v 15.826049 13.881528 16.775566
vn -0.310298 1.453852 0.209289
v 16.073208 13.861588 17.039110
vn -1.531750 2.456592 0.904899
v 16.179203 13.807734 17.465256
vn -1.619248 2.643772 0.960703
v 16.195173 13.819048 17.461290
vn -1.171142 2.620834 0.625856
v 16.090546 13.831135 17.246998
vn -1.302034 2.991484 0.703226
v 16.107943 13.839723 17.243204
vn -0.097590 1.270452 -3.113618
v 15.688237 13.919828 16.795513
vn -1.905081 2.141737 1.073145
v 16.292564 13.794248 17.678572
vn -1.984187 2.278388 1.102988
v 16.305559 13.807958 17.673864
vn -2.443837 2.147861 1.004090
v 16.513910 13.824765 18.037094
vn -1.247132 0.809106 0.706131
v 16.409807 13.814848 17.861364
vn -0.027405 0.009041 -1.614559
v 15.351042 14.971153 0.773027
vn -1.248117 1.181951 -0.063764
v 2.174300 15.923738 0.534185
vn -0.613949 0.556344 -3.399564
v 2.186369 15.914712 0.530517
vn 0.062310 -0.003032 -1.565625
v 13.691353 15.075057 0.195785
vn 0.079479 -0.013199 -1.513933
v 4.712298 15.520061 0.711325
vn 0.071457 -0.004354 -1.564258
v 4.540932 15.455335 0.703677
vn 0.084325 0.051127 -0.131084
v 17.480480 16.127851 20.660618
vn 0.771073 0.981745 -1.393813
v 17.321672 16.059090 20.523466
vn 0.313534 0.047821 0.110111
v 17.452311 14.263058 19.542892
vn 1.044127 0.766394 -0.265832
v 17.038107 14.777060 20.139496
vn 1.359214 -0.797909 -0.538513
v 17.010536 15.400846 20.645271
vn 0.723823 1.791154 -2.033157
v 16.993969 15.409647 20.647371
vn 2.024958 0.288272 -2.839536
v 17.660698 16.131815 20.790854
vn -0.933236 0.205749 -1.400780
v 15.685065 14.273194 16.887781
vn -0.719817 -1.431643 1.089765
v 16.796988 14.042527 18.517189
vn -2.573919 -0.377246 1.500243
v 16.742708 13.952219 18.360529
vn -2.777130 -0.353290 1.571628
v 16.738171 13.967442 18.356125
vn -2.530929 0.308649 1.647851
v 16.636251 13.878475 18.200891
vn -0.283874 2.526364 0.515378
v 15.827525 13.883660 16.765928
vn -0.946227 0.664113 -1.905202
v 15.627677 14.104075 16.891075
vn -0.052417 0.503698 -1.329288
v 15.687469 13.861987 16.773626
vn -1.726664 -0.633787 0.229041
v 15.670719 13.995399 16.828184
vn -2.684897 -0.464763 0.327317
v 15.688237 13.919828 16.795513
vn -0.484100 -0.130676 0.042693
v 15.715224 13.865873 16.936375
vn -2.697161 0.351631 1.726547
v 16.635532 13.897739 18.195999
vn 1.331384 1.171708 -2.263218
v 16.577692 15.349358 19.684277
vn -0.400838 1.167345 -0.493205
v 15.530418 15.016732 0.806184
vn -0.497413 1.597532 -0.655098
v 15.534530 15.002500 0.769157
vn -0.051657 -0.134421 -2.901757
v 15.538764 14.986624 0.769843
vn 0.070004 1.218601 -0.036102
v 2.465054 16.093430 0.586205
vn -0.328235 1.276396 -0.021329
v 2.298348 16.047340 0.577601
vn -0.552479 1.713897 -0.034111
v 2.301871 16.047594 0.538586
vn -0.486059 0.445790 -2.702945
v 2.174300 15.923738 0.534185
vn 0.113529 -0.022668 -2.976802
v 14.058378 15.134413 0.209811
vn 0.125278 -0.019164 -3.268343
v 14.058928 15.117546 0.209939
vn 0.109695 0.029981 -2.944522
v 13.871975 15.122688 0.202673
vn 0.055883 0.049410 -1.489777
v 14.991776 14.985538 0.240089
vn 0.092748 -0.108607 -1.588198
v 4.001445 15.428362 0.671196
vn 0.084783 -0.098250 -1.501886
v 3.833901 15.497035 0.657285
vn 0.286482 -0.034643 -3.042288
v 3.673770 15.591316 0.642222
vn 0.127890 -0.254965 -2.871846
v 3.196721 15.892900 0.592992
vn 0.074123 0.008630 -1.565205
v 4.362573 15.413403 0.695118
vn 0.094845 -0.047796 -1.603475
v 4.180207 15.402449 0.684048
vn 0.521055 0.944578 -1.230952
v 17.206406 15.940475 20.383581
vn 0.716956 0.638865 -1.179561
v 16.862427 15.564148 19.961266
vn 0.858566 0.940536 -0.177125
v 17.144796 14.659132 19.988802
vn 1.617617 1.826675 -2.818950
v 16.935957 15.262094 20.506472
vn 0.867664 2.256175 -2.480918
v 17.010536 15.400846 20.645271
vn 0.115133 -1.840265 0.988232
v 16.794584 14.133282 18.671701
vn -0.130018 0.020282 -0.013936
v 16.794584 14.133282 18.671701
vn 2.351400 0.819867 -1.810178
v 16.007549 13.878337 16.872274
vn 1.909480 0.646001 -0.310839
v 16.073208 13.861588 17.039110
vn 2.293253 0.726446 -2.478609
v 16.011318 13.828525 16.854609
vn 0.097186 0.476117 -1.578206
v 15.827525 13.883660 16.765928
vn -0.162557 1.360313 0.565410
v 15.676354 13.864314 16.765062
vn 1.511656 1.062115 -0.453847
v 16.107943 13.839723 17.243204
vn 2.076014 0.441013 -0.649969
v 16.087446 13.814923 17.020567
vn 1.000774 1.509269 -0.593337
v 16.305559 13.807958 17.673864
vn 1.857563 1.378502 -0.828457
v 16.225794 13.781448 17.438904
vn 1.227563 1.283069 -0.545427
v 16.195173 13.819048 17.461290
vn 2.041015 0.990646 -0.602124
v 16.133085 13.797753 17.222672
vn -2.053748 -1.130191 0.503369
v 15.627677 14.104075 16.891075
vn -0.608944 -0.311132 0.120882
v 15.675989 14.061190 17.024067
vn -0.536361 4.420493 1.897260
v 15.687469 13.861987 16.773626
vn -1.545883 -0.076030 0.255170
v 15.687469 13.861987 16.773626
vn -0.437192 -0.032640 0.092717
v 15.713870 13.807604 16.917366
vn 0.536858 1.760425 -0.598449
v 16.409807 13.814848 17.861364
vn 1.529391 1.628632 -0.899565
v 16.339022 13.777087 17.649147
vn -2.718252 0.819674 1.633598
v 16.516813 13.843512 18.032518
vn 0.077754 1.745887 -2.087792
v 16.349258 14.892447 19.265110
vn -0.058978 -0.166579 -3.373712
v 15.534530 15.002500 0.769157
vn 0.002549 -0.266835 -2.770341
v 15.710771 15.043270 0.764055
vn -0.269157 0.790073 -3.535683
v 2.309704 16.034384 0.535045
vn -0.197124 0.565929 -2.567407
v 2.301871 16.047594 0.538586
vn 0.002652 -0.003186 -0.086007
v 14.434273 15.096753 0.222865
vn 0.134782 0.113662 -1.566335
v 3.026829 15.975743 0.578793
vn 0.071992 -0.003640 -1.572703
v 4.546861 15.439831 0.703991
vn 0.054286 0.053042 -0.093182
v 16.999117 15.669204 20.101248
vn 1.194354 1.560535 -2.376287
v 17.107830 15.800888 20.242367
vn 1.260263 0.449471 0.184866
v 17.532818 14.075000 19.451294
vn 0.354582 -0.862502 1.042810
v 17.544762 14.123926 19.396381
vn 1.383420 1.107905 -0.339861
v 16.997421 14.809631 20.073593
vn -0.580012 2.260350 -2.470166
v 16.932552 14.949278 20.221405
vn 0.253202 1.900814 -2.157292
v 16.916607 15.265973 20.507742
vn -1.685111 0.305837 -2.566853
v 15.569129 14.232491 16.959042
vn -0.923385 -0.327870 -0.311904
v 15.505078 14.367280 17.006975
vn -2.436224 0.550869 -0.308055
v 16.796988 14.042527 18.517189
vn -0.443984 1.749403 -0.696649
v 16.769634 13.970112 18.318695
vn -0.842865 2.006417 -0.606593
v 16.738171 13.967442 18.356125
vn -1.297700 0.339319 -0.206300
v 16.802563 14.050887 18.477343
vn -0.103626 2.199673 -0.892922
v 16.675354 13.896285 18.161217
vn -0.366268 1.835400 -0.540290
v 16.635532 13.897739 18.195999
vn 0.108465 0.467697 -1.855534
v 15.825707 13.782121 16.738001
vn -0.034957 0.428663 -1.463586
v 15.684919 13.764398 16.734404
vn -0.051153 0.468734 -1.541918
v 15.676354 13.864314 16.765062
vn -1.243736 -0.777890 0.449850
v 15.636693 14.200689 17.090849
vn -0.310097 3.199230 1.276312
v 15.713870 13.807604 16.917366
vn -2.639739 -0.583626 1.273121
v 15.826342 13.753870 17.125937
vn 0.921333 1.948905 -0.897635
v 16.446213 13.795753 17.833269
vn -0.020848 1.805098 -0.543298
v 16.516813 13.843512 18.032518
vn 0.273090 2.206485 -0.897274
v 16.555586 13.835976 18.000788
vn 0.026415 -0.138128 -1.572226
v 16.021713 15.482570 0.727626
vn 0.740970 0.660030 -1.220387
v 16.875835 15.548946 19.961182
vn 0.054509 0.089756 -0.133835
v 16.469440 15.205132 19.545052
vn 0.205588 0.804313 -0.970251
v 16.369133 15.061304 19.404568
vn -0.062962 -0.139915 -3.476465
v 15.702731 15.057506 0.762648
vn 0.249940 1.112721 -0.100139
v 2.653642 16.086874 0.596432
vn 0.045227 1.931104 -0.054514
v 2.473255 16.091820 0.547763
vn 0.133207 0.725356 -3.359125
v 2.476143 16.076448 0.544580
vn 0.062474 0.055662 -1.662668
v 14.993752 15.002419 0.240723
vn 0.090598 -0.049185 -1.532829
v 4.179085 15.385864 0.684476
vn 0.089829 -0.105127 -1.541265
v 3.997107 15.412213 0.672047
vn 0.092109 -0.101191 -1.593734
v 3.827054 15.481649 0.657905
vn 0.008330 -0.011582 -0.155297
v 3.351030 15.782648 0.609652
vn 0.080028 -0.072805 -1.736733
v 3.020374 15.960154 0.579168
vn 0.420712 1.114964 -0.255513
v 2.843774 16.050955 0.605583
vn 0.075538 0.005529 -1.572924
v 4.364995 15.396953 0.695142
vn 2.511275 0.079661 0.112118
v 17.560719 13.924423 19.307138
vn 1.690201 0.531907 0.237644
v 17.525986 14.116606 19.396711
vn 0.429943 -1.078164 1.297650
v 17.525986 14.116606 19.396711
vn -0.598914 2.560724 -2.507653
v 17.099401 14.688118 19.922678
vn -0.016799 0.113890 -0.134368
v 16.890707 15.100703 20.366137
vn -2.656785 -1.659736 0.961406
v 15.569129 14.232491 16.959042
vn -2.564914 -1.548543 0.399041
v 16.774368 14.145910 18.630514
vn 1.165481 0.108742 -1.631208
v 16.002254 13.776372 16.845814
vn -1.479439 -0.153859 0.132003
v 15.676354 13.864314 16.765062
vn -1.461740 -0.837591 -0.176088
v 15.684919 13.764398 16.734404
vn -1.566874 -0.153615 0.150865
v 15.702329 13.719460 16.887342
vn 1.772320 0.150643 -0.834949
v 16.084482 13.763192 17.008268
vn 1.829135 0.485151 -0.516944
v 16.141054 13.747058 17.206285
vn 1.593073 0.777468 -0.710809
v 16.240643 13.732452 17.420738
vn -0.253580 2.610840 1.038612
v 15.697253 13.807053 16.914694
vn -0.565852 1.235907 0.801788
v 15.930762 13.672662 17.305218
vn 1.371634 1.056673 -0.814807
v 16.359739 13.732447 17.629444
vn -0.003746 -0.129059 -1.601384
v 15.946841 15.315925 0.741575
vn 0.067856 -0.161283 -1.615335
v 16.070415 15.661362 0.712276
vn 1.516773 1.334808 -2.579324
v 16.591612 15.335094 19.685081
vn -0.022061 0.107635 -0.140423
v 16.401501 14.727179 19.129726
vn -0.388328 0.791574 -1.124281
v 16.457413 14.564991 18.996222
vn 0.288998 1.178576 -1.420680
v 16.388201 15.056681 19.404776
vn 0.015863 -0.145056 -1.644399
v 15.840347 15.168110 0.753351
vn 0.014195 -0.131787 -1.487698
v 15.851839 15.156500 0.754486
vn 0.405392 1.949320 -0.163705
v 2.663773 16.081198 0.558648
vn 0.099434 0.586942 -2.776389
v 2.473255 16.091820 0.547763
vn 0.057919 0.065041 -1.452817
v 15.370281 14.958123 0.253751
vn 0.207267 0.104215 -3.000950
v 2.848737 16.040508 0.568168
vn 0.638150 1.766341 -0.378954
v 2.848737 16.040508 0.568168
vn 1.023963 -0.513115 0.062071
v 17.524387 13.778411 19.161373
vn 1.791019 -2.069637 2.035189
v 17.581057 13.966426 19.252081
vn -1.498072 1.763741 -2.394724
v 16.997421 14.809631 20.073593
vn -1.305776 1.574311 -2.126420
v 16.981562 14.797699 20.074665
vn -1.529574 1.443506 -2.236508
v 17.084747 14.673962 19.923628
vn 0.168826 1.662020 -0.854682
v 16.716137 13.875628 18.131498
vn -0.265871 1.751284 -0.841110
v 16.805746 13.957608 18.285755
vn -2.057910 1.160053 -0.639922
v 16.818373 14.055531 18.439426
vn 0.499925 1.664170 -0.888552
v 16.591759 13.809743 17.973873
vn 0.310737 -2.283003 -1.014013
v 15.695752 13.761765 16.743479
vn 0.336796 -2.501756 -0.614743
v 15.825707 13.782121 16.738001
vn 0.328842 -3.622320 -0.601884
v 15.990077 13.773670 16.855513
vn 0.244691 -2.542059 -0.422556
v 16.002254 13.776372 16.845814
vn 0.159810 -1.664004 -0.660111
v 15.709966 13.707168 16.884548
vn -1.809265 -0.173266 0.255710
v 15.697253 13.807053 16.914694
vn -0.262110 2.853141 1.142394
v 15.805139 13.732893 17.125999
vn 0.990384 1.449996 -0.887992
v 16.474871 13.760114 17.810175
vn 0.063593 -0.155421 -1.567315
v 16.086836 15.657474 0.713354
vn 0.024452 -0.136123 -1.556761
v 16.037415 15.476649 0.728410
vn -1.202463 1.294497 -2.281068
v 16.559330 14.420116 18.864706
vn 0.096537 2.167817 -2.592176
v 16.369097 14.892672 19.266037
vn -0.494722 0.956671 -1.378578
v 16.474785 14.574276 18.996759
vn 0.226632 0.402855 -2.945464
v 2.663773 16.081198 0.558648
vn 0.256030 0.461148 -3.256004
v 2.662151 16.065075 0.556269
vn 0.066329 0.076091 -1.668168
v 15.370281 14.975099 0.254511
vn 0.231441 0.128922 -3.260165
v 2.844182 16.024435 0.567254
vn 0.786408 -1.010165 0.327757
v 17.338289 13.524370 18.865194
vn 0.436306 -0.364468 0.092746
v 17.480370 13.666492 18.962318
vn 1.822067 -0.791366 0.081657
v 17.543554 13.810208 19.108034
vn 3.112267 0.038762 0.096007
v 17.561914 13.963451 19.252642
vn 2.739158 0.367440 -0.165198
v 17.584705 13.994514 19.213261
vn -0.171937 1.032647 -1.163381
v 17.521826 14.177622 19.319021
vn 0.429287 -2.298071 2.461804
v 17.561914 13.963451 19.252642
vn -0.936177 1.665460 -2.088585
v 17.441805 14.323750 19.465885
vn -0.783166 1.833098 -2.149852
v 16.914619 14.942279 20.221970
vn -0.052133 0.073851 -0.098001
v 17.321257 14.441153 19.617006
vn -2.414497 0.275664 -1.341595
v 16.769085 14.166511 18.588655
vn 0.757332 -3.167174 -0.584787
v 16.067793 13.757870 17.015112
vn 0.702376 -2.823393 -0.530918
v 16.084482 13.763192 17.008268
vn 0.473391 -3.561501 -0.862240
v 15.824914 13.779360 16.748970
vn 0.311511 -1.497853 -0.661970
v 15.824256 13.635971 17.095619
vn -1.156288 -0.162037 0.533497
v 15.806139 13.681849 17.112663
vn 1.193384 -2.657691 -0.662447
v 16.124094 13.738219 17.210691
vn 1.336988 -2.908595 -0.742041
v 16.141054 13.747058 17.206285
vn 1.658594 -2.623914 -0.947640
v 16.240643 13.732452 17.420738
vn 1.549758 -2.451285 -0.889444
v 16.225050 13.720983 17.425203
vn 2.056048 -2.272118 -1.131626
v 16.359739 13.732447 17.629444
vn -1.674510 -0.275213 0.772253
v 15.805139 13.732893 17.125999
vn -0.582933 1.332716 0.860685
v 15.914889 13.662849 17.310181
vn -2.688621 0.905738 2.771317
v 16.051470 13.617271 17.469879
vn 2.512971 -1.550779 -1.395347
v 16.474871 13.760114 17.810175
vn 2.305419 -1.471721 -1.269396
v 16.467415 13.743553 17.815481
vn -0.002529 -0.123836 -1.528320
v 15.961030 15.307299 0.742237
vn -0.004979 -0.176208 -1.616479
v 16.172968 16.212545 0.661551
vn 0.049366 0.134264 -1.454771
v 15.937289 15.007303 0.276724
vn 0.852104 -2.372158 0.310104
v 17.211617 13.441158 18.715206
vn 1.501744 -0.723446 0.146163
v 17.561512 13.806158 19.108583
vn -0.564531 -2.164000 2.503583
v 17.543554 13.810208 19.108034
vn 2.715770 -0.275007 -1.737917
v 16.716137 13.875628 18.131498
vn 2.517932 -0.290555 -1.631605
v 16.717541 13.856617 18.136890
vn 2.616120 -0.775416 -1.719766
v 16.591759 13.809743 17.973873
vn 1.301352 0.177038 -0.850051
v 16.805746 13.957608 18.285755
vn 1.328228 0.161599 -0.859566
v 16.810932 13.942621 18.290573
vn -0.460749 0.812007 -1.041345
v 16.784348 14.174093 18.587814
vn 2.476822 -0.766558 -1.608859
v 16.589500 13.791120 17.978987
vn 0.124288 -1.216881 -0.485736
v 15.726033 13.707709 16.887074
vn 1.884083 -2.100377 -1.051297
v 16.347282 13.718610 17.634764
vn -1.039159 -0.372582 0.477520
v 15.925321 13.614617 17.295250
vn -1.652180 -0.656608 0.762998
v 15.914889 13.662849 17.310181
vn -0.746401 -0.705786 0.533905
v 16.024422 13.665552 17.495890
vn -0.005677 -0.157875 -1.446020
v 16.156902 16.217510 0.661072
vn -0.079509 0.103787 -0.160461
v 16.689066 14.300001 18.728151
vn 0.058098 0.160286 -1.730910
v 15.934434 15.023977 0.278166
vn 0.038230 0.140557 -1.429427
v 16.123669 15.040949 0.284896
vn -0.024288 -1.267518 0.105029
v 17.066912 13.412144 18.564451
vn 1.022492 -1.424431 0.434768
v 17.381817 13.541924 18.814857
vn -1.475119 -1.728507 2.429792
v 17.480370 13.666492 18.962318
vn -1.276020 -1.550969 2.159828
v 17.496084 13.655485 18.963917
vn -0.492279 -1.887126 2.181202
v 17.561512 13.806158 19.108583
vn 2.748086 -0.620408 0.129039
v 17.577763 13.828187 19.070837
vn 1.582208 0.584228 -0.180848
v 17.569185 14.019681 19.175026
vn -0.435759 1.049537 -1.265607
v 17.502989 14.170403 19.319399
vn 0.528050 -1.232435 -0.753937
v 15.951160 13.576347 17.274790
vn 0.291024 -1.326981 -0.598043
v 15.841030 13.641260 17.091545
vn -0.868837 -0.654287 0.419423
v 16.060461 13.561990 17.454397
vn -1.494267 1.810442 1.854862
v 16.038757 13.603160 17.473661
vn -0.543656 -0.932395 0.332086
v 16.159401 13.611292 17.654137
vn -1.016394 -1.611899 0.638674
v 16.197527 13.577377 17.621330
vn -0.062788 -0.168049 -1.744962
v 16.232040 16.386013 0.642380
vn 0.046001 -1.863610 0.141774
v 17.111856 13.407419 18.517822
vn 1.024170 -2.896935 0.363678
v 17.256207 13.450799 18.666431
vn -1.848861 -1.387715 2.412311
v 17.381817 13.541924 18.814857
vn -1.621256 -1.218044 2.123238
v 17.394751 13.526771 18.816053
vn 1.169169 -1.220518 0.322023
v 17.496084 13.655485 18.963917
vn -0.339021 1.937731 -2.202055
v 17.569185 14.019681 19.175026
vn -0.420912 2.177328 -2.476703
v 17.550020 14.016737 19.175598
vn -1.082917 1.926463 -2.412604
v 17.424286 14.313718 19.465738
vn -1.419293 -1.151230 0.694843
v 16.038757 13.603160 17.473661
vn -1.881673 1.162694 2.266954
v 16.197527 13.577377 17.621330
vn -0.052122 -0.132066 -1.381400
v 16.217060 16.393515 0.642228
vn 0.044812 0.166564 -1.682384
v 16.119862 15.057412 0.286413
vn 0.070343 0.328308 -2.894884
v 16.487070 15.148102 0.305621
vn -0.347788 -1.151125 0.275719
v 16.758839 13.432496 18.261684
vn -0.088338 -0.566091 0.089809
v 16.957783 13.398011 18.368654
vn -2.105596 -1.007121 2.447415
v 17.256207 13.450799 18.666431
vn 0.954037 -1.478987 0.164198
v 17.394751 13.526771 18.816053
vn 2.257325 -1.490301 0.415088
v 17.524570 13.670685 18.927425
vn 1.664782 0.003322 0.005181
v 17.576017 13.854248 19.032505
vn 0.561313 2.159814 -2.503810
v 17.558023 13.858253 19.031931
vn 0.566952 -1.271900 -0.797947
v 15.966067 13.586481 17.268665
vn 1.421024 -1.732630 -1.696438
v 16.094254 13.535097 17.430681
vn -0.611174 -0.920551 0.349166
v 16.218998 13.530810 17.598406
vn -2.742588 -0.321041 2.700652
v 16.188913 13.560058 17.622856
vn -0.174947 -0.179529 0.138608
v 16.353052 13.538824 17.767694
vn -0.061477 -0.123116 -1.369068
v 16.315989 16.551729 0.623522
vn -0.078306 -0.158602 -1.758067
v 16.329189 16.541557 0.623844
vn -2.275904 -0.302211 2.378765
v 17.111856 13.407419 18.517822
vn -2.229867 0.331973 2.320050
v 16.957783 13.398011 18.368654
vn -2.098761 0.288013 2.187350
v 16.956415 13.378205 18.370106
vn -2.042599 -0.307078 2.142555
v 17.115530 13.388396 18.518774
vn -1.802336 -0.868946 2.097494
v 17.265308 13.433310 18.667006
vn 0.634707 -1.029560 0.094368
v 17.446259 13.552720 18.752722
vn 0.489526 1.885999 -2.186596
v 17.576017 13.854248 19.032505
vn -0.115876 -0.109484 -1.746803
v 16.457254 16.674803 0.606111
vn 0.005552 0.027124 -0.238825
v 16.655870 15.233591 0.319418
vn -2.572156 -0.932579 2.604026
v 16.803062 13.408802 18.218544
vn -2.058405 0.550142 2.182477
v 16.798927 13.388914 18.219728
vn 0.533233 -1.852305 0.153842
v 17.265308 13.433310 18.667006
vn 2.634689 1.042673 -1.855288
v 17.537294 13.696816 18.889290
vn 1.664590 -2.031813 -1.993405
v 16.105722 13.549543 17.425533
vn 2.067069 -0.533467 -2.345785
v 16.421898 13.500366 17.709621
vn -0.093272 -0.084655 -1.382439
v 16.446493 16.687378 0.606067
vn 0.029736 0.157807 -1.386167
v 16.830441 15.306437 0.331456
vn -0.430531 -1.743155 0.356962
v 16.956415 13.378205 18.370106
vn -0.545584 -1.760839 0.230552
v 16.798927 13.388914 18.219728
vn -0.144689 -2.522361 0.321791
v 16.989735 13.362048 18.337519
vn -0.038552 -1.799088 0.218374
v 17.115530 13.388396 18.518774
vn 0.471043 -2.549285 0.176786
v 17.149273 13.382261 18.484921
vn 0.287176 -1.308637 0.106343
v 17.299017 13.437849 18.631832
vn 0.775859 0.583738 -1.040422
v 17.448053 13.562881 18.743132
vn 1.524352 1.833727 -2.411227
v 17.521521 13.707728 18.887617
vn 0.101941 -0.067728 -0.122260
v 16.264614 13.536617 17.569237
vn -0.171567 -0.329030 0.108451
v 16.645195 13.419180 18.068352
vn -0.212049 0.073469 -1.742340
v 16.609070 16.781376 0.589342
vn -0.339251 -1.078214 0.128954
v 16.858000 13.363548 18.163046
vn 1.028181 0.236162 -1.081577
v 17.323574 13.459854 18.596062
vn 0.926164 0.714135 -1.254340
v 17.435034 13.577948 18.741877
vn 1.935159 -0.499439 -2.197013
v 16.426558 13.519812 17.709305
vn -0.170983 0.065356 -1.372712
v 16.601397 16.795685 0.590979
vn 0.036313 0.198865 -1.734725
v 16.821264 15.320534 0.332864
vn 0.015912 0.182769 -1.412390
v 16.982317 15.418225 0.347320
vn -0.002057 0.194118 -1.400942
v 17.119629 15.548714 0.364944
vn 0.667268 -1.660197 0.020977
v 17.179176 13.395144 18.450027
vn 2.262367 -1.856832 -1.986677
v 17.024261 13.365690 18.303371
vn 1.070641 0.533306 -1.249751
v 17.314327 13.477292 18.595390
vn 0.094119 -0.024972 -0.101260
v 16.720713 13.418263 18.004190
vn 0.967687 -0.260584 -1.036195
v 16.868174 13.368429 18.154434
vn -0.195096 0.258738 -1.352737
v 16.774771 16.868534 0.575105
vn -0.244258 0.313812 -1.705358
v 16.778393 16.853348 0.571678
vn 0.018061 0.221069 -1.702166
v 16.971508 15.431059 0.348859
vn 0.012113 0.165158 -1.352038
v 17.242945 15.692662 0.383946
vn 2.251871 0.324714 -2.406173
v 17.175224 13.414146 18.448881
vn -0.091532 0.366203 -1.327231
v 16.960686 16.897804 0.555291
vn -0.001607 0.235536 -1.710135
v 17.107208 15.559913 0.366514
vn 2.019902 0.289858 -2.159484
v 17.179176 13.395144 18.450027
vn 1.142356 -0.299311 -1.220846
v 16.872248 13.388266 18.153250
vn -0.122917 0.459682 -1.691547
v 16.958965 16.882786 0.551266
vn 0.028307 0.150086 -1.343278
v 17.339813 15.852325 0.404092
vn 0.016899 0.214978 -1.767381
v 17.228952 15.701850 0.384943
vn 2.300696 -0.317261 -2.328616
v 17.025311 13.385481 18.301712
vn 1.074963 1.465270 -1.364347
v 17.133671 16.864325 0.534827
vn 0.132899 0.457161 -1.831610
v 17.126448 16.850948 0.530931
vn 1.147953 0.660282 -0.083056
v 17.271494 16.748135 0.556038
vn 0.918734 1.081081 -0.064802
v 17.139868 16.861378 0.573521
vn 0.035550 0.199545 -1.778563
v 17.324478 15.859030 0.404518
vn -0.001101 0.167127 -1.380448
v 17.397800 16.029964 0.425154
vn 0.165883 0.388492 -2.898048
v 17.420101 16.216928 0.448023
vn 0.380216 0.749739 -3.373685
v 17.256500 16.739094 0.513503
vn 1.537714 0.970011 -0.110998
v 17.268225 16.748909 0.517009
vn -0.002255 0.210663 -1.737551
v 17.381525 16.033615 0.425609
vn 1.302280 0.107014 -0.268360
v 17.418041 16.401243 0.511526
vn 1.197544 0.337878 -0.107725
v 17.364639 16.585306 0.536772
vn 0.301615 0.607306 -2.720272
v 17.268225 16.748909 0.517009
vn 1.758521 0.182477 -0.340329
v 17.409952 16.404560 0.473595
vn 1.799312 0.558785 -0.158786
v 17.361334 16.584629 0.497908
vn 0.376283 0.562285 -3.323337
v 17.346426 16.578905 0.495264
vn -0.029799 0.427168 -3.284497
v 17.403437 16.217371 0.448257
vn 0.128118 0.407762 -2.902494
v 17.409952 16.404560 0.473595
vn 0.312583 0.477223 -2.833050
v 17.361334 16.584629 0.497908
vn 0.157851 0.465924 -3.310736
v 17.393579 16.402067 0.472494
# 1445 vertices, 0 vertices normals


usemtl material_0
vt 0.409063 0.878747
vt 0.410414 0.871891
vt 0.412326 0.872864
f 1/1/1 3/2/3 4/3/4
vt 0.418483 0.865634
f 4/3/4 3/2/3 6/4/6
vt 0.412659 0.872277
f 1/1/1 7/3/7 8/5/8
vt 0.418535 0.865343
f 7/3/7 11/4/11 12/6/12
f 8/5/8 7/3/7 12/6/12
vt 0.409667 0.877897
f 13/7/13 1/1/1 8/5/8
vt 0.396433 0.873636
vt 0.393977 0.870437
vt 0.395756 0.871649
f 9/8/9 10/9/10 2/10/2
vt 0.397655 0.863952
vt 0.399438 0.865184
f 10/9/10 17/11/17 5/12/5
vt 0.424918 0.858659
f 12/6/12 11/4/11 19/13/19
vt 0.411933 0.880638
f 15/14/15 1/1/1 13/7/13
vt 0.396823 0.873106
f 21/15/21 22/9/22 9/8/9
vt 0.394235 0.870000
f 24/16/24 25/11/25 22/9/22
vt 0.431169 0.852575
f 11/4/11 26/17/26 19/13/19
vt 0.423387 0.857585
f 6/4/6 20/18/20 27/17/27
vt 0.403727 0.875174
vt 0.408172 0.872015
vt 0.402130 0.874009
f 16/19/16 28/20/28 14/21/14
vt 0.416898 0.880953
vt 0.416260 0.881704
f 29/22/29 23/23/23 15/14/15
vt 0.404649 0.856021
vt 0.406374 0.857288
f 17/11/17 32/24/32 18/25/18
vt 0.436298 0.846827
f 19/13/19 26/17/26 34/26/34
vt 0.408561 0.871565
f 36/27/36 14/21/14 37/20/37
vt 0.397773 0.863657
f 31/28/31 39/24/39 25/11/25
vt 0.436411 0.846963
f 34/26/34 26/17/26 41/29/41
vt 0.435065 0.845531
f 27/17/27 35/30/35 42/29/42
vt 0.409692 0.873166
vt 0.414203 0.868604
f 30/31/30 44/32/44 28/20/28
vt 0.422000 0.879292
vt 0.421483 0.879888
f 45/33/45 38/34/38 29/22/29
vt 0.412135 0.848483
vt 0.413756 0.849820
f 32/24/32 48/35/48 33/36/33
vt 0.441443 0.841773
f 34/26/34 41/29/41 51/37/51
vt 0.441581 0.841896
f 42/29/42 35/30/35 53/38/53
vt 0.414467 0.868290
f 43/39/43 37/20/37 54/32/54
vt 0.404653 0.855855
f 47/40/47 58/35/58 39/24/39
vt 0.419321 0.841501
f 33/36/33 48/35/48 49/41/49
vt 0.425414 0.835237
vt 0.432728 0.831150
f 49/41/49 59/42/59 40/43/40
vt 0.439545 0.826053
vt 0.431420 0.829581
vt 0.438348 0.824422
f 50/44/50 62/45/62 63/46/63
f 51/37/51 41/29/41 64/38/64
vt 0.415662 0.869751
vt 0.419867 0.864724
f 46/47/46 66/48/66 44/32/44
vt 0.427017 0.876419
vt 0.426660 0.876850
f 67/49/67 55/50/55 45/33/45
vt 0.419261 0.841400
f 70/51/70 71/41/71 58/35/58
f 70/51/70 72/42/72 71/41/71
f 59/42/59 62/45/62 40/43/40
vt 0.447047 0.821540
vt 0.445975 0.819853
f 60/52/60 63/46/63 73/53/73
vt 0.431319 0.829504
f 76/46/76 77/45/77 78/54/78
vt 0.447390 0.837159
f 79/55/79 51/37/51 64/38/64
vt 0.440347 0.840387
vt 0.447552 0.837269
f 53/38/53 52/56/52 75/57/75
vt 0.420010 0.864523
f 65/58/65 54/32/54 80/48/80
vt 0.431537 0.873375
f 81/59/81 55/50/55 67/49/67
vt 0.421273 0.865880
vt 0.425455 0.860756
f 57/60/57 82/61/82 66/48/66
vt 0.430030 0.872365
f 55/50/55 83/59/83 56/62/56
f 77/45/77 72/42/72 78/54/78
vt 0.454079 0.815968
f 60/52/60 73/53/73 84/63/84
vt 0.445857 0.819786
f 76/46/76 85/64/85 86/53/86
vt 0.446448 0.835688
vt 0.454123 0.833170
f 75/57/75 61/65/61 89/66/89
f 90/57/90 79/55/79 64/38/64
vt 0.431728 0.873094
f 92/67/92 81/59/81 67/49/67
vt 0.426800 0.861932
vt 0.431257 0.857082
f 69/68/69 93/69/93 82/61/82
vt 0.436352 0.869816
vt 0.434976 0.868726
f 83/59/83 94/70/94 68/71/68
vt 0.425500 0.860638
f 96/61/96 91/72/91 80/48/80
f 97/63/97 86/53/86 85/64/85
vt 0.461092 0.829687
vt 0.467563 0.824638
vt 0.468235 0.826378
f 88/73/88 74/74/74 100/75/100
f 61/65/61 88/73/88 89/66/89
vt 0.453951 0.833066
f 90/57/90 101/76/101 79/55/79
f 101/76/101 90/57/90 102/66/102
f 103/70/103 81/59/81 92/67/92
f 104/69/104 91/72/91 96/61/96
vt 0.438374 0.855244
vt 0.437210 0.854001
f 93/69/93 105/77/105 106/78/106
vt 0.462398 0.812272
vt 0.463182 0.814060
f 84/63/84 108/79/108 87/80/87
vt 0.468092 0.826258
f 110/75/110 111/81/111 112/73/112
vt 0.475327 0.822797
f 100/75/100 74/74/74 109/82/109
f 112/73/112 101/76/101 102/66/102
vt 0.436407 0.869650
f 103/70/103 92/67/92 113/83/113
vt 0.441343 0.866527
vt 0.445309 0.862573
f 94/70/94 114/84/114 95/85/95
vt 0.443253 0.851810
f 105/77/105 115/86/115 106/78/106
vt 0.437188 0.853942
f 116/78/116 117/87/117 104/69/104
vt 0.462296 0.812194
f 119/79/119 97/63/97 107/88/107
vt 0.481595 0.817981
vt 0.481990 0.819812
f 109/82/109 98/89/98 120/90/120
vt 0.470667 0.808271
vt 0.478920 0.806826
f 108/79/108 122/91/122 99/92/99
vt 0.475148 0.822677
f 124/93/124 111/81/111 110/75/110
f 111/81/111 101/76/101 112/73/112
f 125/82/125 124/93/124 110/75/110
vt 0.441329 0.866420
f 126/94/126 103/70/103 113/83/113
f 127/84/127 103/70/103 126/94/126
vt 0.446459 0.863771
f 114/84/114 128/95/128 95/85/95
vt 0.443256 0.851739
f 129/86/129 130/96/130 116/78/116
vt 0.449923 0.850468
f 105/77/105 131/97/131 115/86/115
vt 0.481766 0.819697
f 133/90/133 134/98/134 125/82/125
vt 0.487844 0.818288
f 120/90/120 98/89/98 135/99/135
vt 0.470537 0.808193
f 136/91/136 119/79/119 132/100/132
vt 0.478422 0.804937
f 122/91/122 137/101/137 99/92/99
f 134/98/134 124/93/124 125/82/125
f 139/95/139 127/84/127 126/94/126
vt 0.449963 0.850375
f 141/97/141 140/102/140 129/86/129
vt 0.451648 0.861813
vt 0.450594 0.860591
f 128/95/128 143/103/143 118/104/118
f 144/99/144 134/98/134 133/90/133
vt 0.498758 0.814540
vt 0.498835 0.816419
f 135/99/135 121/105/121 145/106/145
f 146/101/146 136/91/136 132/100/132
vt 0.485201 0.803239
vt 0.491800 0.804199
f 137/101/137 147/107/147 123/108/123
vt 0.446436 0.863678
f 139/95/139 126/94/126 149/109/149
vt 0.450839 0.851771
vt 0.457758 0.849930
f 142/110/142 151/111/151 131/97/131
f 143/103/143 139/95/139 149/109/149
vt 0.487604 0.818181
f 144/99/144 152/112/152 134/98/134
f 153/106/153 152/112/152 144/99/144
vt 0.504749 0.816005
f 145/106/145 121/105/121 148/113/148
vt 0.485046 0.803168
f 154/107/154 146/101/146 155/114/155
vt 0.511410 0.816911
vt 0.504787 0.814119
f 157/115/157 148/113/148 138/116/138
vt 0.457822 0.849825
f 159/111/159 150/117/150 141/97/141
vt 0.483098 0.849053
f 142/110/142 160/118/160 151/111/151
vt 0.451668 0.861698
f 143/103/143 149/109/149 162/119/162
vt 0.498651 0.816310
f 153/106/153 164/120/164 152/112/152
vt 0.504607 0.815889
f 165/113/165 166/121/166 153/106/153
vt 0.497960 0.801156
vt 0.504869 0.802635
f 147/107/147 168/122/168 156/123/156
vt 0.511280 0.816799
f 165/113/165 169/124/169 166/121/166
f 169/124/169 165/113/165 157/115/157
f 160/118/160 150/117/150 159/111/159
f 166/121/166 164/120/164 153/106/153
vt 0.491402 0.802208
f 173/122/173 154/107/154 167/125/167
vt 0.504856 0.800692
f 156/123/156 168/122/168 174/126/174
vt 0.532668 0.822397
vt 0.525684 0.820318
vt 0.533260 0.820600
f 176/127/176 170/128/170 158/129/158
vt 0.457380 0.860612
vt 0.457454 0.860466
f 163/130/163 162/119/162 182/131/182
vt 0.497853 0.801082
f 184/126/184 173/122/173 183/132/183
vt 0.512606 0.801705
f 156/123/156 174/126/174 185/133/185
vt 0.525603 0.820220
f 186/134/186 169/124/169 170/128/170
vt 0.532609 0.822298
f 188/135/188 170/128/170 189/127/189
vt 0.539142 0.824955
f 190/136/190 176/127/176 158/129/158
vt 0.507894 0.850411
vt 0.499640 0.849670
vt 0.483420 0.850381
f 180/137/180 178/138/178 161/139/161
vt 0.515836 0.852672
vt 0.516095 0.851374
f 171/140/171 192/141/192 180/137/180
vt 0.464122 0.860129
vt 0.464224 0.859969
f 172/142/172 182/131/182 195/143/195
vt 0.512521 0.801630
f 196/133/196 184/126/184 197/144/197
f 188/135/188 186/134/186 170/128/170
vt 0.528771 0.807385
vt 0.529198 0.805510
f 175/145/175 185/133/185 198/146/198
f 199/136/199 188/135/188 189/127/189
vt 0.545149 0.827913
vt 0.539875 0.823199
f 200/147/200 190/136/190 177/148/177
vt 0.499731 0.849558
f 202/137/202 201/149/201 178/138/178
vt 0.516191 0.851262
f 205/150/205 202/137/202 206/141/206
vt 0.532304 0.853665
f 207/151/207 192/141/192 171/140/171
vt 0.572984 0.859535
vt 0.584862 0.866465
vt 0.579905 0.862171
f 209/152/209 193/153/193 210/154/210
vt 0.564391 0.858764
vt 0.565517 0.857550
vt 0.557449 0.856340
f 181/155/181 211/156/211 194/157/194
vt 0.486048 0.859173
vt 0.471383 0.859931
f 204/158/204 179/159/179 195/143/195
vt 0.529142 0.805443
f 212/160/212 213/146/213 196/133/196
vt 0.544117 0.812488
vt 0.537307 0.807828
f 187/161/187 198/146/198 214/162/214
vt 0.539038 0.824841
f 215/163/215 188/135/188 199/136/199
vt 0.544980 0.827780
f 216/147/216 217/164/217 199/136/199
vt 0.493060 0.859467
vt 0.493194 0.859298
f 191/165/191 204/158/204 220/166/220
vt 0.500150 0.859894
vt 0.500289 0.859725
f 203/167/203 220/166/220 221/168/221
f 207/151/207 205/150/205 206/141/206
vt 0.586333 0.865334
f 193/153/193 224/169/224 210/154/210
vt 0.580006 0.862061
f 225/170/225 226/152/226 227/154/227
f 209/152/209 211/156/211 181/155/181
vt 0.557547 0.856233
f 228/156/228 229/171/229 194/157/194
vt 0.537267 0.807762
f 230/172/230 231/162/231 213/146/213
vt 0.544802 0.810675
f 187/161/187 214/162/214 232/173/232
f 217/164/217 215/163/215 199/136/199
vt 0.550731 0.831189
f 233/174/233 217/164/217 216/147/216
vt 0.546016 0.826203
f 234/174/234 200/147/200 218/175/218
vt 0.551762 0.813971
f 236/176/236 187/161/187 232/173/232
vt 0.507251 0.860558
vt 0.507394 0.860389
f 208/177/208 221/168/221 238/178/238
vt 0.586378 0.865173
f 242/169/242 243/179/243 227/154/227
vt 0.592883 0.868843
f 244/180/244 224/169/224 193/153/193
vt 0.573099 0.859438
f 245/181/245 228/156/228 226/152/226
f 230/172/230 246/173/246 231/162/231
vt 0.562020 0.838466
f 247/182/247 217/164/217 233/174/233
vt 0.558264 0.817632
vt 0.550971 0.815745
f 248/183/248 219/184/219 236/176/236
vt 0.551671 0.813888
f 249/176/249 246/173/246 250/185/250
vt 0.514451 0.861252
f 251/186/251 208/177/208 238/178/238
vt 0.528393 0.863305
f 239/187/239 208/177/208 251/186/251
vt 0.550030 0.865708
vt 0.528250 0.863472
f 252/188/252 222/189/222 239/187/239
vt 0.563249 0.868733
vt 0.564425 0.867620
vt 0.556828 0.866956
f 253/190/253 223/191/223 240/192/240
vt 0.592824 0.868583
f 257/180/257 256/193/256 242/169/242
vt 0.562164 0.838572
f 258/194/258 247/182/247 233/174/233
vt 0.557383 0.833145
f 259/194/259 234/174/234 235/195/235
f 261/183/261 249/176/249 250/185/250
vt 0.571606 0.825889
vt 0.563731 0.823295
f 262/196/262 237/197/237 248/183/248
vt 0.556981 0.866799
f 263/190/263 240/192/240 264/198/264
vt 0.569195 0.871088
f 255/199/255 223/191/223 253/190/253
vt 0.574709 0.873906
vt 0.576139 0.872889
f 266/200/266 241/201/241 255/199/255
vt 0.599955 0.872101
f 267/202/267 256/193/256 257/180/257
vt 0.600171 0.872514
vt 0.591334 0.869962
f 268/203/268 244/180/244 254/204/254
vt 0.568007 0.842899
f 269/205/269 247/182/247 258/194/258
vt 0.558137 0.817539
f 271/196/271 261/183/261 270/206/270
f 264/198/264 240/192/240 252/188/252
vt 0.563416 0.868585
f 273/207/273 263/190/263 264/198/264
f 274/199/274 263/190/263 273/207/273
vt 0.574811 0.873694
f 276/200/276 274/199/274 277/208/277
vt 0.599586 0.870649
f 278/202/278 279/209/279 256/193/256
f 280/203/280 267/202/267 257/180/257
vt 0.568079 0.842970
f 269/205/269 258/194/258 281/210/281
vt 0.563381 0.837013
f 282/210/282 259/194/259 260/211/260
vt 0.569353 0.870930
f 286/212/286 274/199/274 273/207/273
vt 0.580330 0.877029
vt 0.581906 0.876090
f 287/213/287 265/214/265 266/200/266
f 277/208/277 274/199/274 286/212/286
vt 0.580314 0.876706
f 288/215/288 276/200/276 277/208/277
vt 0.607030 0.874555
f 290/216/290 267/202/267 280/203/280
vt 0.607386 0.875094
vt 0.598550 0.873638
f 291/217/291 268/203/268 275/218/275
vt 0.573700 0.848272
f 292/219/292 269/205/269 281/210/281
vt 0.578435 0.830749
vt 0.571497 0.825812
f 294/220/294 271/196/271 285/221/285
vt 0.577216 0.832344
vt 0.578496 0.830803
f 283/222/283 262/196/262 295/223/295
f 287/213/287 276/200/276 288/215/288
vt 0.606559 0.873103
f 297/216/297 289/224/289 278/202/278
f 291/217/291 290/216/290 280/203/280
vt 0.579330 0.853983
f 298/225/298 269/205/269 292/219/292
vt 0.569400 0.841468
f 299/219/299 282/210/282 284/226/284
f 294/220/294 295/223/295 271/196/271
vt 0.571381 0.824563
f 300/220/300 285/221/285 301/227/301
vt 0.305634 0.812052
vt 0.305207 0.802941
vt 0.306883 0.806162
f 272/228/272 302/229/302 296/230/296
vt 0.613307 0.874769
f 306/231/306 290/216/290 291/217/291
vt 0.585310 0.859734
f 308/232/308 298/225/298 292/219/292
vt 0.585412 0.859859
vt 0.580903 0.852700
f 311/233/311 299/219/299 293/234/293
vt 0.585000 0.836681
f 312/235/312 295/223/295 294/220/294
vt 0.303837 0.808675
f 272/228/272 303/236/303 316/229/316
vt 0.586593 0.880297
vt 0.586389 0.879791
f 304/237/304 288/215/288 317/238/317
vt 0.612857 0.873501
f 319/231/319 305/239/305 297/216/297
f 308/232/308 292/219/292 320/233/320
vt 0.578294 0.829510
f 322/235/322 300/220/300 313/240/313
vt 0.304864 0.794171
vt 0.306397 0.797323
f 323/241/323 315/242/315 302/229/302
vt 0.592427 0.881933
f 325/243/325 304/237/304 317/238/317
vt 0.613718 0.875328
vt 0.616031 0.871856
f 306/231/306 307/244/307 328/245/328
vt 0.616414 0.872340
vt 0.611959 0.876495
f 329/246/329 307/244/307 318/247/318
vt 0.591344 0.866023
f 330/248/330 308/232/308 320/233/320
vt 0.596981 0.850936
vt 0.591598 0.843153
vt 0.598607 0.849627
f 309/249/309 314/250/314 331/251/331
vt 0.591591 0.866312
vt 0.587087 0.858612
f 333/252/333 311/233/311 310/253/310
vt 0.598545 0.849550
f 335/254/335 314/250/314 312/235/312
vt 0.303657 0.799625
f 316/229/316 324/255/324 336/241/336
vt 0.618036 0.871213
f 327/256/327 319/231/319 328/245/328
f 307/244/307 338/246/338 328/245/328
f 330/248/330 320/233/320 339/252/339
f 335/254/335 340/251/340 314/250/314
vt 0.597651 0.874002
vt 0.593422 0.865192
f 342/257/342 333/252/333 321/258/321
vt 0.584915 0.835346
f 343/254/343 322/235/322 334/259/334
vt 0.614615 0.873535
vt 0.612722 0.865255
f 337/260/337 347/261/347 329/246/329
f 342/257/342 330/248/330 339/252/339
vt 0.605605 0.856614
f 348/262/348 340/251/340 335/254/335
vt 0.604035 0.858037
vt 0.605749 0.856781
f 332/263/332 331/251/331 349/264/349
vt 0.304803 0.785486
vt 0.306433 0.788659
f 323/241/323 351/265/351 344/266/344
vt 0.598415 0.882974
vt 0.597817 0.882116
f 326/267/326 325/243/325 353/268/353
vt 0.612449 0.864927
f 338/246/338 354/261/354 346/269/346
vt 0.597167 0.873400
f 355/270/355 330/248/330 342/257/342
f 348/262/348 356/264/356 340/251/340
vt 0.598493 0.847979
f 348/262/348 343/254/343 350/271/350
vt 0.610943 0.866477
f 341/272/341 349/264/349 347/261/347
vt 0.303550 0.790819
f 336/241/336 352/273/352 351/265/351
vt 0.600188 0.879539
vt 0.600843 0.880400
f 353/268/353 357/274/357 345/275/345
f 357/274/357 355/270/355 342/257/342
f 354/261/354 356/264/356 348/262/348
vt 0.286404 0.766167
vt 0.291335 0.767153
vt 0.291479 0.767621
f 368/276/368 363/277/363 359/278/359
vt 0.292739 0.767129
vt 0.292863 0.767603
f 363/277/363 369/279/369 358/280/358
vt 0.288780 0.765630
f 358/280/358 369/279/369 364/281/364
vt 0.701160 0.809984
vt 0.699973 0.801162
vt 0.699523 0.804054
f 360/282/360 371/283/371 365/284/365
vt 0.290857 0.767137
f 377/277/377 368/276/368 378/285/378
f 379/279/379 377/277/377 378/285/378
vt 0.292214 0.767085
f 379/279/379 380/286/380 381/281/381
vt 0.701535 0.806457
f 360/282/360 383/287/383 384/283/384
vt 0.314502 0.653972
vt 0.316077 0.648593
vt 0.319018 0.648817
f 373/288/373 374/289/374 361/290/361
vt 0.317297 0.643160
vt 0.320007 0.643219
f 374/289/374 387/291/387 366/292/366
vt 0.318163 0.632558
vt 0.318801 0.627466
vt 0.322237 0.627289
f 375/293/375 388/294/388 367/295/367
vt 0.317827 0.637802
vt 0.320617 0.637759
f 376/296/376 375/293/375 362/297/362
f 366/292/366 387/291/387 376/296/376
vt 0.282712 0.763180
vt 0.282445 0.765010
f 364/281/364 390/298/390 382/299/382
vt 0.699252 0.792793
vt 0.698783 0.795481
f 371/283/371 385/300/385 372/301/372
vt 0.316728 0.648478
f 394/302/394 395/289/395 373/288/373
vt 0.318576 0.643495
f 396/303/396 397/291/397 395/289/395
vt 0.318005 0.628268
f 398/304/398 388/294/388 399/293/399
vt 0.318782 0.638391
f 400/305/400 399/293/399 401/296/401
f 396/303/396 401/296/401 397/291/397
vt 0.288333 0.765568
f 381/281/381 389/306/389 404/298/404
vt 0.277791 0.760303
f 382/299/382 390/298/390 405/307/405
vt 0.724223 0.833016
vt 0.726167 0.828295
vt 0.723365 0.824708
f 370/308/370 407/309/407 392/310/392
vt 0.700349 0.797825
f 384/283/384 393/311/393 408/300/408
vt 0.698548 0.784302
vt 0.697856 0.787024
f 385/300/385 409/312/409 386/313/386
vt 0.282335 0.763130
f 404/298/404 411/314/411 412/307/412
vt 0.274845 0.757050
vt 0.277870 0.762089
f 405/307/405 413/315/413 391/316/391
vt 0.723259 0.827143
f 414/309/414 370/308/370 406/317/406
vt 0.699295 0.789456
f 416/318/416 417/312/417 408/300/408
vt 0.274307 0.757125
f 412/307/412 421/319/421 413/315/413
vt 0.729828 0.818895
vt 0.725328 0.820144
f 407/309/407 423/320/423 415/321/415
vt 0.698444 0.776161
vt 0.697448 0.778725
f 409/312/409 424/322/424 410/323/410
vt 0.291110 0.764553
vt 0.292643 0.764521
vt 0.290712 0.766808
f 418/324/418 419/325/419 402/326/402
vt 0.292072 0.766748
vt 0.288971 0.763012
f 403/327/403 419/325/419 420/328/420
vt 0.282275 0.762795
vt 0.282981 0.760596
f 428/329/428 420/328/420 429/330/429
vt 0.724391 0.822575
f 414/309/414 422/331/422 430/320/430
vt 0.698803 0.781137
f 417/312/417 425/332/425 432/322/432
vt 0.291554 0.764568
f 434/325/434 418/324/418 435/333/435
vt 0.289417 0.763073
f 434/325/434 436/334/436 437/328/437
f 436/334/436 438/330/438 437/328/437
vt 0.277554 0.757841
f 428/329/428 429/330/429 439/335/439
vt 0.731449 0.814203
vt 0.727031 0.815643
f 423/320/423 444/336/444 431/337/431
vt 0.698080 0.767974
vt 0.697134 0.770623
f 424/322/424 445/338/445 426/339/426
vt 0.293156 0.764563
f 448/340/448 434/325/434 435/333/435
vt 0.286119 0.763582
vt 0.286469 0.763566
f 435/333/435 427/341/427 450/342/450
f 448/340/448 436/334/436 434/325/434
vt 0.283358 0.760646
f 436/334/436 451/343/451 438/330/438
f 451/343/451 452/335/452 438/330/438
vt 0.725796 0.817949
f 430/320/430 443/344/443 453/336/453
vt 0.698311 0.772929
f 454/345/454 455/338/455 432/322/432
vt 0.279763 0.762036
vt 0.279411 0.762082
vt 0.273218 0.760091
f 449/346/449 433/347/433 458/348/458
f 450/342/450 427/341/427 449/346/449
vt 0.278003 0.757831
f 451/343/451 459/349/459 452/335/452
vt 0.266215 0.757509
vt 0.265909 0.755254
vt 0.268114 0.757918
f 441/350/441 462/351/462 442/352/442
vt 0.698314 0.760161
vt 0.697073 0.762637
f 445/338/445 465/353/465 446/354/446
f 454/345/454 466/353/466 455/338/455
vt 0.272804 0.760158
vt 0.268615 0.757847
f 458/348/458 447/355/447 463/356/463
vt 0.273937 0.754712
f 459/349/459 470/357/470 452/335/452
vt 0.273780 0.755040
f 439/335/439 470/357/470 440/358/440
vt 0.266452 0.755181
f 442/352/442 472/351/472 473/359/473
f 463/356/463 442/352/442 473/359/473
vt 0.732886 0.809557
vt 0.730253 0.806842
f 444/336/444 475/360/475 464/361/464
vt 0.274478 0.754646
f 459/349/459 481/362/481 470/357/470
vt 0.267006 0.753348
vt 0.266756 0.752057
f 461/363/461 483/364/483 462/351/462
vt 0.267226 0.751972
f 484/365/484 473/359/473 472/351/472
vt 0.728484 0.808758
f 453/336/453 474/366/474 485/360/485
vt 0.698327 0.752257
vt 0.697022 0.754760
f 465/353/465 487/367/487 467/368/467
vt 0.292868 0.729125
vt 0.289731 0.733684
vt 0.289366 0.733651
f 476/369/476 477/370/477 456/371/456
vt 0.285422 0.738179
vt 0.285260 0.738147
f 477/370/477 478/372/478 468/373/468
vt 0.280506 0.742575
vt 0.280565 0.742540
f 478/372/478 479/374/479 457/375/457
vt 0.308252 0.700621
vt 0.305182 0.703908
vt 0.307966 0.699289
f 480/376/480 469/377/469 496/378/496
vt 0.273908 0.751111
vt 0.273375 0.751173
f 481/362/481 482/379/482 460/380/460
vt 0.275595 0.747249
vt 0.275178 0.747292
f 497/381/497 471/382/471 482/379/482
f 484/365/484 472/351/472 483/364/483
vt 0.731971 0.802461
vt 0.735717 0.800254
f 486/383/486 475/360/475 501/384/501
vt 0.698011 0.757115
f 502/385/502 503/367/503 466/353/466
vt 0.296475 0.715692
vt 0.295895 0.715697
vt 0.297766 0.711418
f 510/386/510 492/387/492 511/388/511
vt 0.289360 0.732535
f 512/389/512 513/370/513 476/369/476
vt 0.284849 0.737008
f 514/372/514 513/370/513 515/390/515
vt 0.279743 0.741388
f 479/374/479 514/372/514 498/391/498
vt 0.305719 0.703952
f 518/378/518 469/377/469 495/392/495
vt 0.278840 0.743082
f 520/393/520 471/382/471 497/381/497
vt 0.270102 0.748329
f 521/394/521 484/365/484 483/364/483
vt 0.729714 0.804208
f 485/360/485 500/395/500 522/384/522
vt 0.699316 0.744653
vt 0.697597 0.747016
f 487/367/487 524/396/524 488/397/488
vt 0.296237 0.713778
f 537/398/537 510/386/510 538/388/538
vt 0.311754 0.696030
vt 0.311316 0.694722
f 519/399/519 496/378/496 543/400/543
vt 0.274049 0.744414
vt 0.279022 0.740174
f 499/401/499 498/391/498 544/402/544
vt 0.733826 0.797979
vt 0.737190 0.795585
f 523/403/523 501/384/501 546/404/546
vt 0.698395 0.749336
f 525/405/525 547/396/547 503/367/503
vt 0.404401 0.144914
vt 0.404142 0.144898
vt 0.399646 0.145248
f 528/406/528 504/407/504 532/408/532
vt 0.409680 0.144603
vt 0.409492 0.144596
f 529/409/529 489/410/489 528/406/528
vt 0.415372 0.144308
vt 0.415266 0.144310
f 552/411/552 505/412/505 529/409/529
vt 0.383243 0.146649
vt 0.382936 0.146645
vt 0.378792 0.146972
f 531/413/531 506/414/506 553/415/553
vt 0.394966 0.145600
f 532/408/532 490/416/490 531/413/531
vt 0.299916 0.707178
vt 0.297213 0.711399
f 572/417/572 511/388/511 491/418/491
vt 0.287697 0.734139
vt 0.283006 0.738678
vt 0.287457 0.734106
f 517/419/517 577/420/577 539/421/539
vt 0.291620 0.729450
vt 0.291981 0.729453
f 578/422/578 493/423/493 539/421/539
vt 0.294923 0.724797
f 493/423/493 578/422/578 540/424/540
vt 0.297960 0.720203
vt 0.297415 0.720178
f 494/425/494 540/424/540 579/426/579
vt 0.308458 0.699361
f 543/400/543 518/378/518 542/427/542
vt 0.283076 0.738741
f 520/393/520 577/420/577 516/428/516
vt 0.279049 0.740153
f 583/402/583 584/429/584 499/401/499
vt 0.274244 0.744361
f 585/430/585 521/394/521 499/401/499
vt 0.731112 0.799628
f 522/384/522 545/431/545 586/404/586
vt 0.699967 0.736992
vt 0.698436 0.739450
f 524/396/524 587/432/587 548/433/548
vt 0.421364 0.144022
vt 0.421341 0.144017
f 594/434/594 530/435/530 552/411/552
vt 0.330839 0.668360
vt 0.330406 0.663503
vt 0.330338 0.663787
f 558/436/558 559/437/559 507/438/507
vt 0.318842 0.645946
vt 0.322495 0.640411
vt 0.319857 0.642310
f 508/439/508 599/440/599 561/441/561
vt 0.472358 0.142476
vt 0.465347 0.142635
vt 0.472192 0.142483
f 509/442/509 565/443/565 566/444/566
vt 0.479452 0.142345
vt 0.479332 0.142346
f 534/445/534 566/444/566 602/446/602
vt 0.440272 0.143309
vt 0.440443 0.143311
vt 0.433956 0.143525
f 605/447/605 535/448/535 604/449/604
vt 0.299461 0.707152
vt 0.303173 0.702885
f 572/417/572 536/450/536 610/451/610
vt 0.297446 0.709518
f 573/452/573 538/388/538 611/417/611
vt 0.284101 0.735812
f 544/402/544 515/390/515 575/453/575
vt 0.288615 0.731360
f 575/453/575 512/389/512 576/454/576
vt 0.299145 0.715622
f 580/455/580 494/425/494 579/426/579
vt 0.302919 0.706493
vt 0.302357 0.706460
f 541/456/541 580/455/580 615/457/615
vt 0.311684 0.694800
f 617/458/617 543/400/543 542/427/542
vt 0.283913 0.735793
f 619/459/619 584/429/584 583/402/583
f 584/429/584 585/430/585 499/401/499
vt 0.698672 0.741637
f 622/460/622 624/432/624 547/396/547
vt 0.613070 0.162852
vt 0.618293 0.161944
vt 0.613024 0.161716
f 549/461/549 626/462/626 590/463/590
vt 0.362719 0.147864
vt 0.362740 0.147867
vt 0.357224 0.148136
f 592/464/592 550/465/550 627/466/627
vt 0.368278 0.147579
vt 0.368209 0.147592
f 593/467/593 526/468/526 592/464/592
vt 0.373720 0.147282
vt 0.373558 0.147283
f 629/469/629 551/470/551 593/467/593
vt 0.427638 0.143743
vt 0.427583 0.143757
f 527/471/527 594/434/594 630/472/630
vt 0.378547 0.146961
f 553/415/553 554/473/554 629/469/629
vt 0.319614 0.685862
vt 0.324079 0.681683
vt 0.325115 0.683063
f 595/474/595 596/475/596 533/476/533
vt 0.327832 0.677477
vt 0.328627 0.678806
f 596/475/596 632/477/632 557/478/557
vt 0.330034 0.673027
vt 0.330197 0.674253
f 631/479/631 558/436/558 556/480/556
vt 0.330323 0.668246
f 633/436/633 634/481/634 559/437/559
vt 0.324639 0.641937
vt 0.325432 0.638411
f 560/482/560 636/483/636 599/440/599
vt 0.324217 0.643296
f 562/484/562 561/441/561 637/440/637
vt 0.446526 0.143087
f 565/443/565 564/485/564 605/447/605
vt 0.486892 0.142262
vt 0.486836 0.142270
f 567/486/567 602/446/602 640/487/640
vt 0.434076 0.143519
f 568/488/568 630/472/630 604/449/604
vt 0.509688 0.157955
vt 0.516631 0.156867
vt 0.502892 0.156859
f 570/489/570 608/490/608 609/491/609
vt 0.495885 0.158047
vt 0.488936 0.156951
f 571/492/571 609/491/609 643/493/643
vt 0.299703 0.706103
f 645/494/645 611/417/611 610/451/610
f 647/453/647 619/459/619 583/402/583
vt 0.288230 0.731341
f 576/454/576 648/495/648 647/453/647
vt 0.311385 0.693776
f 651/458/651 542/427/542 616/496/616
vt 0.315378 0.690251
f 543/400/543 617/458/617 618/497/618
vt 0.316006 0.691568
vt 0.315280 0.690228
f 555/498/555 582/499/582 595/474/595
f 582/499/582 618/497/618 652/474/652
vt 0.732565 0.795043
vt 0.738634 0.790938
f 586/404/586 620/500/620 653/501/653
vt 0.737664 0.788954
f 621/502/621 546/404/546 654/501/654
vt 0.702641 0.729529
vt 0.700116 0.731962
f 587/432/587 655/503/655 623/504/623
vt 0.607171 0.161378
vt 0.607185 0.161391
vt 0.612888 0.161689
f 658/505/658 625/506/625 659/507/659
vt 0.618451 0.163072
vt 0.622814 0.162127
f 588/508/588 657/509/657 626/462/626
vt 0.618040 0.161930
f 661/462/661 662/510/662 590/463/590
vt 0.319434 0.685828
f 666/475/666 652/474/652 667/511/667
vt 0.323741 0.681645
f 632/477/632 666/475/666 668/512/668
vt 0.329547 0.672949
f 631/479/631 669/513/669 633/436/633
f 669/513/669 634/481/634 633/436/633
vt 0.326721 0.653290
vt 0.325025 0.647791
vt 0.325455 0.647923
f 598/514/598 635/515/635 597/516/597
vt 0.324276 0.641677
f 635/515/635 670/517/670 560/482/560
f 670/517/670 671/483/671 560/482/560
vt 0.328535 0.640344
f 637/440/637 672/483/672 673/518/673
vt 0.502126 0.142139
vt 0.502028 0.142133
vt 0.494501 0.142214
f 638/519/638 600/520/600 674/521/674
vt 0.509536 0.142117
vt 0.509360 0.142119
f 639/522/639 563/523/563 638/519/638
vt 0.516554 0.142219
vt 0.516311 0.142217
f 675/524/675 601/525/601 639/522/639
vt 0.494483 0.142201
f 674/521/674 603/526/603 640/487/640
vt 0.542521 0.157222
vt 0.530029 0.157013
vt 0.529828 0.156994
f 678/527/678 641/528/641 607/529/607
vt 0.523502 0.156962
vt 0.523335 0.156936
f 641/528/641 642/530/642 569/531/569
vt 0.516766 0.156889
f 642/530/642 679/532/679 608/490/608
f 679/532/679 680/491/680 608/490/608
vt 0.502972 0.156873
f 681/533/681 682/493/682 680/491/680
vt 0.295375 0.713506
vt 0.293485 0.722367
vt 0.294035 0.722341
f 685/534/685 646/535/646 574/536/574
vt 0.291395 0.726856
vt 0.291891 0.726852
f 646/535/646 687/537/687 614/538/614
f 648/495/648 619/459/619 647/453/647
f 614/538/614 687/537/687 648/495/648
vt 0.305022 0.701872
vt 0.304487 0.701825
f 581/539/581 615/457/615 688/540/688
vt 0.310714 0.692678
vt 0.314153 0.688077
f 616/496/616 650/541/650 689/542/689
vt 0.314818 0.689174
f 651/458/651 690/543/690 691/497/691
f 652/474/652 618/497/618 667/511/667
vt 0.700254 0.734018
f 656/544/656 694/503/694 624/432/624
vt 0.601134 0.161019
vt 0.601035 0.161014
f 658/505/658 696/545/696 589/546/589
vt 0.622464 0.162129
f 657/509/657 697/547/697 661/462/661
f 697/547/697 662/510/662 661/462/661
f 662/510/662 659/507/659 590/463/590
vt 0.347384 0.149774
vt 0.342250 0.148882
vt 0.352149 0.148393
f 591/548/591 664/549/664 665/550/665
vt 0.357328 0.148128
vt 0.351976 0.148397
f 628/551/628 698/552/698 627/466/627
f 666/475/666 667/511/667 668/512/668
vt 0.327409 0.677440
f 632/477/632 668/512/668 699/553/699
vt 0.330675 0.667315
f 700/513/700 701/554/701 634/481/634
vt 0.325860 0.646983
f 598/514/598 703/555/703 704/515/704
vt 0.325408 0.640965
f 704/515/704 705/556/705 706/517/706
vt 0.325240 0.638075
f 670/517/670 707/557/707 671/483/671
f 673/518/673 672/483/672 708/557/708
vt 0.481921 0.158145
vt 0.474926 0.157101
f 606/558/606 643/493/643 677/559/677
f 679/532/679 681/533/681 680/491/680
vt 0.495993 0.156930
f 681/533/681 712/560/712 682/493/682
vt 0.429879 0.159752
vt 0.435290 0.158303
vt 0.424499 0.158958
f 644/561/644 715/562/715 683/563/683
vt 0.298577 0.704979
vt 0.296610 0.709215
vt 0.297163 0.709237
f 686/564/686 684/565/684 613/566/613
vt 0.295954 0.713505
f 684/565/684 685/534/685 612/567/612
vt 0.307645 0.697272
vt 0.307152 0.697199
f 649/568/649 688/540/688 718/569/718
vt 0.310341 0.692604
f 719/542/719 650/541/650 720/570/720
vt 0.318639 0.684702
f 691/497/691 721/571/721 722/511/722
vt 0.736736 0.781111
vt 0.742683 0.777259
f 653/501/653 692/572/692 723/573/723
vt 0.739500 0.784374
f 693/574/693 654/501/654 724/573/724
vt 0.595025 0.160634
vt 0.594832 0.160634
f 728/575/728 660/576/660 696/545/696
vt 0.625996 0.162317
f 729/577/729 697/547/697 657/509/657
vt 0.337757 0.150224
vt 0.323297 0.149854
f 663/578/663 730/579/730 664/549/664
vt 0.346920 0.148646
f 665/550/665 731/549/731 732/580/732
f 632/477/632 699/553/699 669/513/669
vt 0.322890 0.680514
f 722/511/722 733/581/733 734/512/734
vt 0.326745 0.676346
f 734/512/734 735/582/735 736/553/736
vt 0.326555 0.637435
f 739/583/739 740/557/740 706/517/706
vt 0.523063 0.142380
vt 0.522768 0.142374
f 742/584/742 676/585/676 675/524/675
vt 0.488966 0.156958
f 682/493/682 747/586/747 677/559/677
vt 0.548423 0.157391
vt 0.542256 0.157217
f 749/587/749 678/527/678 710/588/710
f 712/560/712 747/586/747 682/493/682
vt 0.435020 0.158284
f 752/562/752 753/589/753 683/563/683
vt 0.301824 0.700730
vt 0.301577 0.700744
f 717/590/717 758/591/758 686/564/686
f 650/541/650 718/569/718 720/570/720
vt 0.314042 0.688061
f 759/592/759 719/542/719 720/570/720
vt 0.318019 0.683613
f 690/543/690 689/542/689 760/593/760
vt 0.704769 0.721730
vt 0.702500 0.724386
f 655/503/655 762/594/762 725/595/725
vt 0.589181 0.160224
vt 0.588916 0.160232
f 728/575/728 764/596/764 695/597/695
vt 0.337187 0.149120
f 731/549/731 730/579/730 766/598/766
f 732/580/732 731/549/731 766/598/766
f 665/550/665 732/580/732 698/552/698
vt 0.329382 0.671933
f 736/553/736 737/599/737 700/513/700
vt 0.331592 0.661774
vt 0.330425 0.656838
vt 0.329928 0.663158
f 767/600/767 738/601/738 702/602/702
vt 0.327944 0.637020
f 772/603/772 739/583/739 705/556/705
vt 0.329768 0.639422
f 741/604/741 708/557/708 773/583/773
vt 0.548130 0.157389
vt 0.553990 0.157556
f 749/587/749 746/605/746 777/606/777
vt 0.474900 0.157109
f 747/586/747 748/607/748 677/559/677
vt 0.467918 0.157241
vt 0.467977 0.157231
f 748/607/748 778/608/778 711/609/711
vt 0.435472 0.159436
vt 0.441299 0.158016
f 714/610/714 781/611/781 715/562/715
vt 0.441070 0.158008
f 782/612/782 753/589/753 752/562/752
vt 0.424163 0.158933
f 753/589/753 754/613/754 683/563/683
vt 0.419340 0.159307
vt 0.419699 0.159325
f 754/613/754 783/614/783 716/615/716
vt 0.305440 0.696490
f 786/616/786 758/591/758 717/590/717
vt 0.318182 0.683656
f 759/592/759 787/617/787 719/542/719
f 787/617/787 788/593/788 719/542/719
vt 0.322367 0.679427
f 721/571/721 760/593/760 789/618/789
vt 0.738827 0.774446
vt 0.744408 0.772730
f 723/573/723 761/619/761 790/620/790
vt 0.702900 0.726333
f 763/621/763 793/594/793 694/503/694
vt 0.583941 0.159788
vt 0.583627 0.159791
f 794/622/794 726/623/726 764/596/764
vt 0.628706 0.162493
vt 0.629156 0.162504
vt 0.630665 0.162655
f 796/624/796 765/625/765 797/626/797
vt 0.626409 0.162319
f 796/624/796 729/577/729 727/627/727
vt 0.323046 0.149889
f 766/598/766 730/579/730 799/628/799
vt 0.331542 0.666503
f 768/629/768 767/600/767 701/554/701
vt 0.329699 0.671000
f 801/630/801 768/629/768 737/599/737
vt 0.332093 0.661884
f 802/631/802 738/601/738 803/600/803
vt 0.330898 0.656924
f 804/632/804 738/601/738 802/631/802
vt 0.330628 0.638885
f 805/633/805 773/583/773 806/603/806
vt 0.540076 0.143042
vt 0.539776 0.143076
f 774/634/774 709/635/709 742/584/742
vt 0.546009 0.143340
vt 0.545767 0.143378
f 809/636/809 743/637/743 774/634/774
vt 0.566439 0.145038
vt 0.559532 0.143695
vt 0.566415 0.143902
f 745/638/745 775/639/775 810/640/810
vt 0.461002 0.157369
vt 0.461098 0.157366
f 778/608/778 812/641/812 750/642/750
f 781/611/781 782/612/782 752/562/752
vt 0.321489 0.685634
vt 0.316698 0.689892
vt 0.321343 0.685638
f 818/643/818 756/644/756 755/645/755
f 821/618/821 788/593/788 787/617/787
vt 0.326495 0.675297
f 789/618/789 800/646/800 733/581/733
vt 0.739616 0.772632
f 761/619/761 822/647/822 790/620/790
vt 0.744008 0.771387
f 791/648/791 724/573/724 823/620/823
vt 0.707418 0.714077
vt 0.704837 0.716743
f 762/594/762 824/649/824 792/650/792
vt 0.564352 0.158109
vt 0.578682 0.159342
f 794/622/794 826/651/826 795/652/795
vt 0.313180 0.150550
f 730/579/730 827/653/827 799/628/799
f 800/646/800 801/630/801 735/582/735
vt 0.332057 0.666630
f 829/654/829 803/600/803 830/629/830
f 831/630/831 829/654/829 830/629/830
vt 0.326942 0.640513
vt 0.327918 0.637169
f 769/655/769 832/656/832 772/603/772
f 829/654/829 802/631/802 803/600/803
vt 0.329084 0.651819
vt 0.328621 0.651722
f 804/632/804 834/657/834 771/658/771
f 835/633/835 836/603/836 837/656/837
vt 0.333276 0.643297
f 838/659/838 741/604/741 805/633/805
vt 0.573002 0.145235
vt 0.572873 0.144101
f 744/660/744 810/640/810 811/661/811
vt 0.559597 0.143686
f 841/640/841 775/639/775 842/662/842
vt 0.553671 0.157564
f 826/651/826 777/606/777 776/663/776
vt 0.454184 0.157527
vt 0.454323 0.157532
f 812/641/812 813/664/813 751/665/751
vt 0.447500 0.157748
vt 0.447683 0.157754
f 813/664/813 843/666/843 779/667/779
vt 0.334737 0.668521
vt 0.334268 0.669500
vt 0.334769 0.663859
f 814/668/814 713/669/713 815/670/815
vt 0.333238 0.672840
vt 0.333344 0.673947
f 844/671/844 780/672/780 814/668/814
f 843/666/843 782/612/782 781/611/781
vt 0.402810 0.160857
vt 0.403164 0.160869
f 846/673/846 784/674/784 783/614/783
vt 0.326111 0.681400
f 852/675/852 818/643/818 755/645/755
vt 0.315760 0.688838
f 756/644/756 853/643/853 819/676/819
vt 0.306380 0.697466
vt 0.314843 0.687836
f 757/677/757 819/676/819 854/678/854
vt 0.309994 0.692194
vt 0.305478 0.696431
f 855/679/855 786/616/786 820/680/820
vt 0.322686 0.679478
f 856/681/856 821/618/821 787/617/787
f 857/646/857 821/618/821 856/681/856
vt 0.732701 0.771040
f 761/619/761 858/682/858 822/647/822
vt 0.739824 0.772711
f 823/620/823 859/647/859 860/683/860
vt 0.705341 0.718524
f 825/684/825 862/649/862 793/594/793
vt 0.634072 0.162986
vt 0.631136 0.162664
f 863/685/863 797/626/797 798/686/798
vt 0.326903 0.675348
f 831/630/831 857/646/857 868/687/868
vt 0.330177 0.671091
f 869/688/869 829/654/829 831/630/831
vt 0.327052 0.640593
f 870/689/870 871/656/871 769/655/769
vt 0.327515 0.646423
vt 0.327112 0.646301
f 834/657/834 833/690/833 770/691/770
f 833/690/833 870/689/870 769/655/769
vt 0.330334 0.638988
f 835/633/835 837/656/837 872/692/872
f 873/659/873 835/633/835 872/692/872
vt 0.334280 0.647510
vt 0.332899 0.644019
f 874/693/874 807/694/807 838/659/838
vt 0.552663 0.143530
vt 0.552500 0.143553
f 840/695/840 808/696/808 809/636/809
vt 0.572712 0.144080
vt 0.566368 0.143886
f 875/697/875 841/640/841 876/698/876
f 841/640/841 875/697/875 811/661/811
f 842/662/842 775/639/775 840/695/840
f 841/640/841 842/662/842 876/698/876
vt 0.335282 0.663986
f 878/699/878 879/668/879 815/670/815
vt 0.333752 0.672885
f 879/668/879 880/700/880 881/671/881
vt 0.329997 0.677103
f 845/701/845 780/672/780 844/671/844
vt 0.398453 0.161225
vt 0.398771 0.161227
f 846/673/846 882/702/882 847/703/847
vt 0.389150 0.163040
vt 0.394023 0.161571
vt 0.388970 0.161904
f 785/704/785 850/705/850 886/706/886
vt 0.330450 0.677151
vt 0.325777 0.681355
f 887/707/887 852/675/852 817/708/817
vt 0.320729 0.684618
f 853/643/853 888/675/888 889/709/889
f 868/687/868 857/646/857 856/681/856
vt 0.732746 0.771096
f 859/647/859 891/682/891 892/710/892
vt 0.313369 0.150499
vt 0.302591 0.151322
f 828/711/828 897/712/897 827/653/827
f 868/687/868 869/688/869 831/630/831
vt 0.332792 0.643321
f 873/659/873 872/692/872 898/713/898
f 874/693/874 873/659/873 898/713/898
vt 0.578628 0.144217
vt 0.578365 0.144216
f 839/714/839 875/697/875 899/715/899
vt 0.335267 0.668601
f 901/716/901 880/700/880 879/668/879
f 880/700/880 845/701/845 881/671/881
vt 0.363891 0.163721
vt 0.367882 0.162552
vt 0.364102 0.162583
f 848/717/848 885/718/885 883/719/883
vt 0.378042 0.163484
vt 0.378080 0.162348
vt 0.372687 0.162458
f 849/720/849 904/721/904 884/722/884
vt 0.367715 0.163686
f 816/723/816 884/722/884 885/718/885
vt 0.393765 0.161572
f 850/705/850 905/724/905 906/706/906
vt 0.383715 0.163320
vt 0.383645 0.162178
f 851/725/851 886/706/886 903/726/903
f 880/700/880 887/707/887 845/701/845
vt 0.325578 0.680421
f 907/727/907 888/675/888 908/707/908
vt 0.315065 0.688075
f 819/676/819 889/709/889 909/728/909
vt 0.319835 0.683599
f 909/728/909 910/729/910 854/678/854
vt 0.725624 0.770110
vt 0.726405 0.768345
f 858/682/858 890/730/890 912/731/912
vt 0.726433 0.768368
f 892/710/892 891/682/891 913/732/913
vt 0.708795 0.706113
vt 0.706787 0.709103
f 824/649/824 914/733/914 861/734/861
vt 0.636442 0.163138
vt 0.634528 0.162967
f 916/735/916 863/685/863 864/736/864
vt 0.297139 0.151750
vt 0.297136 0.151721
vt 0.291682 0.152260
f 924/737/924 867/738/867 923/739/923
vt 0.333780 0.647438
f 874/693/874 898/713/898 925/740/925
vt 0.583586 0.144321
vt 0.583239 0.144341
f 877/741/877 899/715/899 926/742/926
vt 0.333691 0.671964
f 928/743/928 929/700/929 901/716/901
f 882/702/882 905/724/905 850/705/850
vt 0.368198 0.162530
f 930/744/930 883/719/883 931/718/931
vt 0.378153 0.162327
f 934/745/934 935/722/935 904/721/904
vt 0.372891 0.162449
f 935/722/935 936/746/936 931/718/931
f 936/746/936 935/722/935 934/745/934
vt 0.388801 0.161887
f 905/724/905 937/747/937 906/706/906
f 906/706/906 937/747/937 903/726/903
vt 0.330105 0.676190
f 938/748/938 908/707/908 929/700/929
vt 0.314874 0.687885
f 854/678/854 940/749/940 855/679/855
f 891/682/891 942/731/942 913/732/913
vt 0.733631 0.768947
f 892/710/892 943/732/943 944/750/944
vt 0.707361 0.710651
f 915/751/915 914/733/914 862/649/862
vt 0.639905 0.163243
vt 0.636859 0.163110
f 949/752/949 916/735/916 893/753/893
vt 0.273479 0.154491
vt 0.276696 0.153943
vt 0.276631 0.155054
f 950/754/950 920/755/920 894/756/894
vt 0.281350 0.153374
vt 0.281077 0.153363
vt 0.277052 0.153932
f 921/757/921 895/758/895 951/759/951
vt 0.286370 0.152815
vt 0.286187 0.152782
f 922/760/922 865/761/865 921/757/921
vt 0.291591 0.152228
f 923/739/923 866/762/866 922/760/922
vt 0.302666 0.151279
f 896/763/896 924/737/924 897/712/897
vt 0.334339 0.651840
f 952/764/952 874/693/874 925/740/925
vt 0.587648 0.144484
vt 0.587251 0.144500
f 900/765/900 926/742/926 953/766/953
f 936/746/936 930/744/930 931/718/931
vt 0.364505 0.162550
f 930/744/930 932/767/932 883/719/883
vt 0.362244 0.162487
vt 0.361787 0.162506
f 932/767/932 957/768/957 902/769/902
vt 0.383588 0.162147
f 959/770/959 934/745/934 904/721/904
f 937/747/937 959/770/959 903/726/903
vt 0.324723 0.679386
f 910/729/910 907/727/907 960/771/960
vt 0.319711 0.683589
f 961/771/961 939/772/939 910/729/910
f 939/772/939 940/749/940 854/678/854
vt 0.720142 0.766645
vt 0.720930 0.764871
f 912/731/912 911/773/911 967/774/967
vt 0.721059 0.764855
f 942/731/942 968/775/968 913/732/913
vt 0.644503 0.163302
vt 0.649185 0.163339
vt 0.644229 0.163308
f 917/776/917 975/777/975 976/778/976
vt 0.640257 0.163225
f 976/778/976 949/752/949 918/779/918
vt 0.271397 0.155026
vt 0.273299 0.155604
f 977/780/977 950/754/950 919/781/919
vt 0.273905 0.154483
f 920/755/920 978/754/978 979/782/979
f 951/759/951 920/755/920 979/782/979
vt 0.591034 0.144680
vt 0.590608 0.144684
f 927/783/927 953/766/953 981/784/981
vt 0.599160 0.145299
f 983/785/983 927/783/927 981/784/981
vt 0.359122 0.162083
vt 0.358632 0.162076
f 987/786/987 956/787/956 957/768/957
vt 0.357701 0.161931
vt 0.357226 0.161933
f 988/788/988 933/789/933 987/786/987
vt 0.329318 0.675171
f 960/771/960 938/748/938 985/790/985
vt 0.324413 0.679323
f 961/771/961 989/791/989 939/772/939
vt 0.715879 0.762697
vt 0.713273 0.756761
vt 0.716481 0.760939
f 941/792/941 992/793/992 966/794/966
f 942/731/942 967/774/967 968/775/968
vt 0.727400 0.766193
f 943/732/943 993/775/993 969/795/969
vt 0.691469 0.641674
vt 0.691985 0.640377
vt 0.694855 0.637441
f 945/796/945 996/797/996 973/798/973
vt 0.688516 0.645388
vt 0.687952 0.642716
f 946/799/946 974/800/974 996/797/996
vt 0.654548 0.163341
vt 0.649375 0.163332
f 1002/801/1002 975/777/975 948/802/948
vt 0.271869 0.155014
vt 0.270906 0.155514
f 1005/803/1005 1006/780/1006 1007/804/1007
f 1006/780/1006 1005/803/1005 978/754/978
f 979/782/979 978/754/978 1005/803/1005
vt 0.335988 0.657200
vt 0.335510 0.657030
f 980/805/980 952/764/952 1008/806/1008
vt 0.333123 0.670987
f 985/790/985 928/743/928 986/807/986
vt 0.335716 0.667780
vt 0.335639 0.666866
f 986/807/986 955/808/955 1012/809/1012
vt 0.355618 0.161776
vt 0.355178 0.161783
f 988/788/988 1013/810/1013 958/811/958
vt 0.328887 0.675104
f 1015/790/1015 1016/812/1016 961/771/961
f 1016/812/1016 989/791/989 961/771/961
vt 0.720747 0.753206
vt 0.717645 0.748993
vt 0.718141 0.748919
f 964/813/964 990/814/990 962/815/962
vt 0.714996 0.744750
vt 0.715511 0.744693
f 990/814/990 1000/816/1000 963/817/963
vt 0.716797 0.760883
f 1018/818/1018 966/794/966 1019/793/1019
f 968/775/968 967/774/967 1018/818/1018
vt 0.690084 0.639175
f 1025/797/1025 1026/819/1026 973/798/973
vt 0.685628 0.641254
f 1025/797/1025 974/800/974 1029/820/1029
vt 0.711829 0.740524
vt 0.712306 0.740493
f 1000/816/1000 1001/821/1001 947/822/947
vt 0.270421 0.155566
vt 0.270281 0.156700
f 1032/823/1032 977/780/977 1004/824/1004
f 1006/780/1006 1032/823/1032 1007/804/1007
vt 0.602877 0.145498
vt 0.602498 0.145504
f 1010/825/1010 983/785/983 1033/826/1033
vt 0.607183 0.146837
vt 0.606940 0.145710
f 982/827/982 1010/825/1010 1011/828/1011
vt 0.611697 0.147050
vt 0.611536 0.145918
f 954/829/954 1011/828/1011 1035/830/1035
vt 0.336228 0.663265
vt 0.336662 0.662405
f 1012/809/1012 984/831/984 1009/832/1009
vt 0.332624 0.670921
f 1036/807/1036 1037/833/1037 1015/790/1015
vt 0.335117 0.666762
f 1038/809/1038 1039/834/1039 1036/807/1036
f 1037/833/1037 1016/812/1016 1015/790/1015
vt 0.717837 0.746912
f 964/813/964 1040/835/1040 1041/814/1041
vt 0.715207 0.742696
f 1041/814/1041 1042/836/1042 1043/816/1043
vt 0.711260 0.754233
vt 0.711519 0.752548
f 992/793/992 965/837/965 1017/838/1017
vt 0.711268 0.749942
vt 0.711357 0.748292
f 1017/838/1017 991/839/991 1044/840/1044
vt 0.722042 0.762668
f 993/775/993 1018/818/1018 1020/841/1020
vt 0.740823 0.770226
vt 0.733687 0.768556
vt 0.740564 0.770132
f 970/842/970 1022/843/1022 1021/844/1021
vt 0.745807 0.770307
vt 0.745343 0.770191
f 971/845/971 1021/844/1021 1047/846/1047
vt 0.733736 0.768615
vt 0.727488 0.765847
f 995/847/995 1046/848/1046 1022/843/1022
vt 0.741683 0.767830
vt 0.742292 0.765495
vt 0.737300 0.762241
f 972/849/972 1023/850/1023 1049/851/1049
vt 0.712293 0.738465
f 1043/816/1043 1056/852/1056 1001/821/1001
vt 0.660096 0.163321
vt 0.654656 0.163333
f 1058/853/1058 1002/801/1002 1003/854/1003
vt 0.271253 0.155892
f 1061/855/1061 1007/804/1007 1032/823/1032
vt 0.336150 0.662255
f 1009/832/1009 1008/806/1008 1062/856/1062
f 1063/828/1063 1010/825/1010 1033/826/1033
vt 0.606614 0.145704
f 1066/857/1066 1063/828/1063 1033/826/1033
f 1063/828/1063 1066/857/1066 1035/830/1035
f 1009/832/1009 1039/834/1039 1038/809/1038
f 1039/834/1039 1037/833/1037 1036/807/1036
vt 0.352720 0.161617
vt 0.352338 0.161610
f 1013/810/1013 1067/858/1067 1014/859/1014
vt 0.712095 0.752500
f 1070/838/1070 1071/860/1071 1019/793/1019
vt 0.711934 0.748275
f 1072/861/1072 1070/838/1070 1044/840/1044
vt 0.727523 0.765872
vt 0.721968 0.762367
f 1046/848/1046 994/862/994 1045/863/1045
vt 0.745245 0.768350
f 971/845/971 1047/846/1047 1048/864/1048
vt 0.741949 0.765411
f 1023/850/1023 1075/865/1075 1076/851/1076
vt 0.736592 0.764572
vt 0.731598 0.758684
f 1024/866/1024 1049/851/1049 1077/867/1077
vt 0.687184 0.642349
vt 0.682193 0.639235
vt 0.686905 0.642894
f 1050/868/1050 1052/869/1052 998/870/998
vt 0.689175 0.653957
vt 0.692831 0.659749
vt 0.690149 0.653257
f 1028/871/1028 1054/872/1054 1051/873/1051
vt 0.688767 0.647432
vt 0.689051 0.647240
f 997/874/997 1051/873/1051 1080/875/1080
vt 0.696223 0.666094
vt 0.691676 0.660516
f 1053/876/1053 1054/872/1054 999/877/999
vt 0.698098 0.672643
vt 0.699452 0.671671
f 1030/878/1030 1083/879/1083 1053/876/1053
f 1039/834/1039 1009/832/1009 1062/856/1062
vt 0.611273 0.145902
f 1035/830/1035 1066/857/1066 1090/880/1090
vt 0.717464 0.758437
vt 0.717125 0.758482
f 1045/863/1045 1074/881/1074 1094/882/1094
f 1048/864/1048 1075/865/1075 1023/850/1023
vt 0.737137 0.762177
f 1075/865/1075 1095/883/1095 1076/851/1076
f 1076/851/1076 1095/883/1095 1077/867/1077
vt 0.710947 0.691089
vt 0.709226 0.686375
vt 0.710780 0.692409
f 1079/884/1079 1078/885/1078 1027/886/1027
vt 0.706231 0.681628
vt 0.704843 0.682792
f 1078/885/1078 1084/887/1084 1031/888/1031
vt 0.687584 0.642112
f 1050/868/1050 1097/889/1097 1098/869/1098
vt 0.693279 0.659631
f 1100/872/1100 1101/890/1101 1102/873/1102
vt 0.690647 0.653144
f 1102/873/1102 1103/891/1103 1080/875/1080
vt 0.678021 0.639829
vt 0.677335 0.640800
f 1052/869/1052 1104/892/1104 1082/893/1082
vt 0.696578 0.665954
f 1105/876/1105 1106/894/1106 1100/872/1100
vt 0.699655 0.671530
f 1108/895/1108 1105/876/1105 1083/879/1083
vt 0.702721 0.676757
vt 0.701306 0.677854
f 1084/887/1084 1107/896/1107 1055/897/1055
vt 0.665700 0.163269
vt 0.660126 0.163322
f 1109/898/1109 1058/853/1058 1057/899/1057
vt 0.272770 0.156166
vt 0.270797 0.155987
vt 0.270779 0.157142
f 1110/900/1110 1060/901/1060 1059/902/1059
vt 0.273148 0.156057
f 1111/903/1111 1061/855/1061 1060/901/1060
vt 0.632585 0.147869
vt 0.627052 0.146521
vt 0.632620 0.146734
f 1034/904/1034 1089/905/1089 1088/906/1088
vt 0.627068 0.147652
vt 0.621617 0.146303
f 1064/907/1064 1091/908/1091 1089/905/1089
vt 0.616437 0.146109
vt 0.616244 0.146101
f 1065/909/1065 1090/880/1090 1112/910/1112
vt 0.348939 0.161437
vt 0.348636 0.161418
f 1067/858/1067 1113/911/1113 1068/912/1068
vt 0.713462 0.754372
f 1074/881/1074 1120/913/1120 1094/882/1094
vt 0.731644 0.758631
f 1095/883/1095 1121/914/1121 1077/867/1077
vt 0.710636 0.691033
f 1079/884/1079 1123/915/1123 1124/885/1124
vt 0.709058 0.686243
f 1125/916/1125 1126/887/1126 1124/885/1124
vt 0.689568 0.647074
f 1099/917/1099 1097/889/1097 1050/868/1050
vt 0.682232 0.638949
f 1097/889/1097 1127/918/1127 1098/869/1098
f 1103/891/1103 1099/917/1099 1080/875/1080
f 1106/894/1106 1101/890/1101 1100/872/1100
f 1101/890/1101 1103/891/1103 1102/873/1102
vt 0.679726 0.641649
vt 0.675818 0.642669
f 1081/919/1081 1082/893/1082 1128/920/1128
vt 0.678126 0.639178
f 1052/869/1052 1129/921/1129 1104/892/1104
vt 0.678941 0.644019
f 1130/893/1130 1131/892/1131 1132/922/1132
f 1108/895/1108 1106/894/1106 1105/876/1105
vt 0.706167 0.681482
f 1133/923/1133 1107/896/1107 1126/887/1126
vt 0.665603 0.164390
vt 0.671073 0.163153
vt 0.665645 0.163272
f 1085/924/1085 1136/925/1136 1086/926/1086
vt 0.671234 0.163174
f 1137/927/1137 1109/898/1109 1086/926/1086
vt 0.272754 0.157330
vt 0.276281 0.156295
f 1087/928/1087 1140/929/1140 1110/900/1110
f 1111/903/1111 1060/901/1060 1141/900/1141
vt 0.626999 0.146517
vt 0.621496 0.146305
f 1142/930/1142 1143/905/1143 1144/931/1144
f 1143/905/1143 1142/930/1142 1088/906/1088
f 1143/905/1143 1091/908/1091 1144/931/1144
f 1091/908/1091 1112/910/1112 1144/931/1144
vt 0.726307 0.754757
vt 0.721749 0.750679
vt 0.721317 0.750744
f 1115/932/1115 1116/933/1116 1069/934/1069
vt 0.718592 0.746520
vt 0.718082 0.746586
f 1116/933/1116 1152/935/1152 1092/936/1092
f 1121/914/1121 1115/932/1115 1077/867/1077
vt 0.713981 0.756363
vt 0.713973 0.754310
f 1074/881/1074 1073/937/1073 1119/938/1119
vt 0.712308 0.752194
vt 0.712067 0.750184
f 1119/938/1119 1093/939/1093 1155/940/1155
f 1074/881/1074 1156/938/1156 1120/913/1120
f 1123/915/1123 1125/916/1125 1124/885/1124
vt 0.710365 0.695627
vt 0.710789 0.695607
f 1157/941/1157 1123/915/1123 1096/942/1096
f 1125/916/1125 1133/923/1133 1126/887/1126
vt 0.687805 0.641587
f 1159/889/1159 1160/917/1160 1161/943/1161
f 1161/943/1161 1162/918/1162 1159/889/1159
vt 0.677791 0.638924
f 1098/869/1098 1127/918/1127 1163/944/1163
vt 0.690093 0.646523
f 1160/917/1160 1164/891/1164 1165/945/1165
vt 0.694270 0.658966
f 1166/894/1166 1167/946/1167 1168/890/1168
vt 0.691485 0.652535
f 1164/891/1164 1168/890/1168 1169/947/1169
vt 0.677346 0.646625
f 1170/920/1170 1130/893/1130 1171/948/1171
f 1098/869/1098 1163/944/1163 1172/921/1172
vt 0.679029 0.643454
f 1131/892/1131 1173/921/1173 1174/949/1174
vt 0.697639 0.665219
f 1175/895/1175 1176/950/1176 1166/894/1166
vt 0.702766 0.676620
f 1177/951/1177 1108/895/1108 1107/896/1107
f 1133/923/1133 1177/951/1177 1107/896/1107
f 1179/925/1179 1137/927/1137 1086/926/1086
vt 0.676211 0.163001
f 1137/927/1137 1179/925/1179 1180/952/1180
vt 0.276542 0.156190
f 1181/953/1181 1141/900/1141 1182/929/1182
f 1181/953/1181 1111/903/1111 1141/900/1141
vt 0.638231 0.146905
f 1183/954/1183 1088/906/1088 1142/930/1142
vt 0.344209 0.161220
vt 0.343999 0.161210
f 1113/911/1113 1185/955/1185 1114/956/1114
vt 0.713042 0.738126
vt 0.715976 0.742322
f 1186/957/1186 1152/935/1152 1187/958/1187
vt 0.711485 0.750221
f 1156/938/1156 1155/940/1155 1192/959/1192
f 1156/938/1156 1192/959/1192 1120/913/1120
vt 0.677147 0.642569
vt 0.673798 0.644689
f 1122/960/1122 1128/920/1128 1193/961/1193
vt 0.709985 0.685130
f 1195/915/1195 1196/962/1196 1197/916/1197
vt 0.710783 0.689848
f 1158/941/1158 1198/963/1198 1195/915/1195
vt 0.707351 0.680447
f 1197/916/1197 1199/964/1199 1200/923/1200
vt 0.678266 0.638013
f 1162/918/1162 1202/965/1202 1203/944/1203
f 1205/949/1205 1172/921/1172 1163/944/1163
vt 0.700777 0.670695
f 1208/951/1208 1207/966/1207 1175/895/1175
vt 0.703932 0.675677
f 1200/923/1200 1209/967/1209 1208/951/1208
vt 0.670920 0.164255
vt 0.675941 0.162959
f 1135/968/1135 1214/969/1214 1136/925/1136
f 1180/952/1180 1179/925/1179 1214/969/1214
vt 0.276177 0.157455
vt 0.281267 0.156567
f 1139/970/1139 1216/971/1216 1140/929/1140
vt 0.281386 0.156473
f 1217/972/1217 1181/953/1181 1182/929/1182
vt 0.655034 0.147437
vt 0.655012 0.147418
f 1218/973/1218 1145/974/1145 1183/954/1183
vt 0.322767 0.159849
vt 0.322936 0.159831
vt 0.327964 0.160271
f 1221/975/1221 1147/976/1147 1220/977/1220
vt 0.709651 0.733962
vt 0.709220 0.733964
f 1186/957/1186 1211/978/1211 1153/979/1153
vt 0.729587 0.721537
vt 0.732390 0.718814
vt 0.732095 0.717190
f 1117/980/1117 1188/981/1188 1227/982/1227
vt 0.732636 0.717180
f 1189/983/1189 1117/980/1117 1228/982/1228
vt 0.712656 0.741709
vt 0.716167 0.739275
vt 0.714889 0.737315
f 1191/984/1191 1118/985/1118 1190/986/1190
vt 0.719592 0.734794
vt 0.718181 0.732827
f 1190/986/1190 1154/987/1154 1229/988/1229
vt 0.711081 0.746012
f 1155/940/1155 1230/989/1230 1192/959/1192
vt 0.675873 0.648609
f 1231/961/1231 1170/920/1170 1204/990/1204
vt 0.671601 0.646113
f 1122/960/1122 1193/961/1193 1194/991/1194
vt 0.709737 0.694402
f 1232/992/1232 1198/963/1198 1157/941/1157
vt 0.682402 0.638120
f 1162/918/1162 1201/993/1201 1202/965/1202
vt 0.687651 0.641326
f 1161/943/1161 1233/994/1233 1201/993/1201
vt 0.678881 0.642562
f 1234/944/1234 1235/965/1235 1236/995/1236
vt 0.678538 0.643375
f 1205/949/1205 1163/944/1163 1240/996/1240
vt 0.685760 0.654991
vt 0.682484 0.649658
f 1174/949/1174 1241/997/1241 1206/998/1206
vt 0.701693 0.725753
vt 0.701248 0.725729
f 1211/978/1211 1245/999/1245 1134/1000/1134
vt 0.698356 0.721590
f 1245/999/1245 1212/1001/1212 1134/1000/1134
vt 0.680145 0.162715
f 1250/1002/1250 1180/952/1180 1214/969/1214
vt 0.281020 0.157710
vt 0.286941 0.156891
f 1138/1003/1138 1251/1004/1251 1216/971/1216
f 1217/972/1217 1182/929/1182 1252/971/1252
vt 0.338910 0.160957
vt 0.333420 0.160640
vt 0.333417 0.160627
f 1225/1005/1225 1219/1006/1219 1151/1007/1151
vt 0.328057 0.160245
f 1219/1006/1219 1220/977/1220 1146/1008/1146
vt 0.307984 0.158411
vt 0.317979 0.159382
f 1221/975/1221 1222/1009/1222 1148/1010/1148
vt 0.297785 0.157502
vt 0.303164 0.157914
f 1222/1009/1222 1223/1011/1223 1149/1012/1149
vt 0.297942 0.157491
vt 0.292517 0.157174
f 1184/1013/1184 1223/1011/1223 1254/1014/1254
vt 0.292346 0.158287
f 1224/1015/1224 1184/1013/1184 1255/1014/1255
vt 0.338801 0.160957
f 1185/955/1185 1225/1005/1225 1150/1016/1150
vt 0.714445 0.737346
f 1258/986/1258 1259/1017/1259 1191/984/1191
vt 0.717778 0.732856
f 1229/988/1229 1260/1018/1260 1258/986/1258
f 1194/991/1194 1231/961/1231 1204/990/1204
vt 0.690119 0.646158
f 1165/945/1165 1237/1019/1237 1233/994/1233
vt 0.678593 0.638283
f 1265/1020/1265 1235/965/1235 1266/993/1266
vt 0.687296 0.641615
f 1267/1021/1267 1266/993/1266 1268/994/1268
f 1234/944/1234 1236/995/1236 1270/996/1270
vt 0.691833 0.652048
f 1169/947/1169 1238/1022/1238 1237/1019/1237
vt 0.694819 0.658426
f 1167/946/1167 1239/1023/1239 1238/1022/1238
vt 0.698352 0.664633
f 1176/950/1176 1242/1024/1242 1239/1023/1239
vt 0.681901 0.649660
f 1271/1025/1271 1205/949/1205 1240/996/1240
f 1241/997/1241 1205/949/1205 1271/1025/1271
vt 0.701706 0.670008
f 1207/966/1207 1272/1026/1272 1242/1024/1242
vt 0.696274 0.717420
vt 0.695698 0.717413
f 1212/1001/1212 1248/1027/1248 1213/1028/1213
vt 0.697395 0.709243
vt 0.695481 0.713268
vt 0.696069 0.713295
f 1246/1029/1246 1178/1030/1178 1276/1031/1276
vt 0.699906 0.705290
vt 0.699411 0.705274
f 1277/1032/1277 1247/1033/1247 1246/1029/1246
f 1248/1027/1248 1276/1031/1276 1178/1030/1178
vt 0.286628 0.158015
f 1215/1034/1215 1255/1014/1255 1251/1004/1251
vt 0.286928 0.156820
f 1278/1004/1278 1279/1035/1279 1252/971/1252
f 1279/1035/1279 1217/972/1217 1252/971/1252
vt 0.666299 0.147825
vt 0.666262 0.147847
f 1253/1036/1253 1218/973/1218 1280/1037/1280
vt 0.292417 0.157147
f 1223/1011/1223 1281/1038/1281 1254/1014/1254
vt 0.733549 0.714529
vt 0.733499 0.712907
f 1227/982/1227 1226/1039/1226 1285/1040/1285
vt 0.734060 0.712891
f 1257/1041/1257 1228/982/1228 1288/1040/1288
f 1260/1018/1260 1259/1017/1259 1258/986/1258
vt 0.712140 0.741726
f 1259/1017/1259 1290/1042/1290 1191/984/1191
vt 0.725307 0.723739
f 1291/1043/1291 1260/1018/1260 1229/988/1229
f 1191/984/1191 1290/1042/1290 1230/989/1230
vt 0.708606 0.679564
vt 0.705063 0.674877
f 1199/964/1199 1261/1044/1261 1264/1045/1264
vt 0.711084 0.684151
f 1196/962/1196 1262/1046/1262 1261/1044/1261
vt 0.711242 0.688720
f 1263/1047/1263 1262/1046/1262 1198/963/1198
vt 0.709535 0.693157
f 1292/1048/1292 1263/1047/1263 1232/992/1232
f 1209/967/1209 1264/1045/1264 1272/1026/1272
vt 0.689636 0.646362
f 1293/1049/1293 1268/994/1268 1294/1019/1294
vt 0.682385 0.638446
f 1295/1050/1295 1265/1020/1265 1266/993/1266
f 1293/1049/1293 1267/1021/1267 1268/994/1268
f 1267/1021/1267 1295/1050/1295 1266/993/1266
vt 0.691350 0.652179
f 1298/1051/1298 1294/1019/1294 1299/1022/1299
vt 0.694382 0.658559
f 1300/1023/1300 1301/1052/1301 1299/1022/1299
f 1301/1052/1301 1300/1023/1300 1302/1024/1302
vt 0.682043 0.649264
f 1270/996/1270 1297/1053/1297 1303/1025/1303
vt 0.685311 0.655139
f 1304/1054/1304 1241/997/1241 1271/1025/1271
vt 0.701521 0.670166
f 1306/1026/1306 1307/1055/1307 1302/1024/1302
vt 0.687339 0.159938
vt 0.686010 0.161485
vt 0.685514 0.161453
f 1309/1056/1309 1273/1057/1273 1244/1058/1244
vt 0.684942 0.161935
vt 0.684464 0.161912
f 1273/1057/1273 1274/1059/1274 1210/1060/1210
vt 0.683051 0.162349
vt 0.682611 0.162329
f 1274/1059/1274 1308/1061/1308 1243/1062/1243
vt 0.679778 0.162681
f 1308/1061/1308 1250/1002/1250 1249/1063/1249
f 1254/1014/1254 1281/1038/1281 1278/1004/1278
f 1281/1038/1281 1279/1035/1279 1278/1004/1278
vt 0.733293 0.708608
vt 0.732794 0.710195
vt 0.731735 0.704276
f 1284/1064/1284 1256/1065/1256 1283/1066/1283
f 1285/1040/1285 1226/1039/1226 1284/1064/1284
vt 0.734106 0.711735
vt 0.733834 0.708625
f 1286/1067/1286 1257/1041/1257 1312/1068/1312
f 1257/1041/1257 1288/1040/1288 1313/1064/1313
vt 0.708690 0.679724
f 1314/1044/1314 1315/1069/1315 1316/1045/1316
vt 0.711271 0.684294
f 1317/1046/1317 1318/1070/1318 1314/1044/1314
vt 0.705037 0.675029
f 1316/1045/1316 1320/1071/1320 1306/1026/1306
f 1298/1051/1298 1293/1049/1293 1294/1019/1294
vt 0.679610 0.642555
vt 0.679135 0.642479
f 1321/1072/1321 1269/1073/1269 1265/1020/1265
f 1301/1052/1301 1298/1051/1298 1299/1022/1299
vt 0.698013 0.664792
f 1322/1074/1322 1301/1052/1301 1302/1024/1302
vt 0.685727 0.654696
f 1303/1025/1303 1323/1075/1323 1324/1054/1324
f 1320/1071/1320 1307/1055/1307 1306/1026/1306
f 1307/1055/1307 1322/1074/1322 1302/1024/1302
vt 0.706867 0.697304
vt 0.702754 0.701365
f 1327/1076/1327 1275/1077/1275 1277/1032/1277
vt 0.683008 0.148507
vt 0.682887 0.148549
f 1310/1078/1310 1280/1037/1280 1328/1079/1328
vt 0.727835 0.701389
vt 0.729087 0.699892
f 1283/1066/1283 1282/1080/1282 1331/1081/1331
vt 0.732226 0.704324
f 1313/1064/1313 1332/1066/1332 1333/1082/1333
f 1257/1041/1257 1313/1064/1313 1334/1068/1334
vt 0.731837 0.714879
vt 0.733590 0.710598
f 1287/1083/1287 1286/1067/1286 1336/1084/1336
f 1318/1070/1318 1315/1069/1315 1314/1044/1314
f 1315/1069/1315 1320/1071/1320 1316/1045/1316
vt 0.709971 0.693132
f 1319/1085/1319 1292/1048/1292 1327/1076/1327
vt 0.682682 0.648758
vt 0.683168 0.648637
f 1296/1086/1296 1321/1072/1321 1339/1087/1339
vt 0.689116 0.660002
vt 0.689462 0.659889
f 1341/1088/1341 1305/1089/1305 1304/1054/1304
vt 0.688553 0.660662
vt 0.693883 0.664394
f 1325/1090/1325 1305/1089/1305 1343/1091/1343
vt 0.688709 0.159365
vt 0.686852 0.159923
f 1344/1092/1344 1309/1056/1309 1326/1093/1326
vt 0.724261 0.696929
vt 0.725563 0.695478
f 1331/1081/1331 1311/1094/1311 1346/1095/1346
vt 0.729504 0.699928
f 1332/1066/1332 1347/1081/1347 1348/1096/1348
f 1333/1082/1333 1332/1066/1332 1348/1096/1348
f 1334/1068/1334 1313/1064/1313 1333/1082/1333
vt 0.734267 0.707501
f 1335/1097/1335 1312/1068/1312 1349/1082/1349
vt 0.733029 0.710615
f 1350/1084/1350 1351/1098/1351 1287/1083/1287
vt 0.731295 0.714890
f 1351/1098/1351 1337/1099/1337 1287/1083/1287
vt 0.728644 0.719241
vt 0.729141 0.719245
f 1337/1099/1337 1352/1100/1352 1289/1101/1289
f 1289/1101/1289 1352/1100/1352 1291/1043/1291
vt 0.689851 0.659429
f 1324/1054/1324 1340/1102/1340 1353/1088/1353
f 1354/1091/1354 1305/1089/1305 1341/1088/1341
vt 0.688313 0.148794
vt 0.688462 0.148749
f 1356/1103/1356 1329/1104/1329 1328/1079/1328
vt 0.720034 0.692446
vt 0.716828 0.686623
vt 0.721377 0.691059
f 1330/1105/1330 1359/1106/1359 1345/1107/1345
f 1311/1094/1311 1345/1107/1345 1346/1095/1346
f 1348/1096/1348 1347/1081/1347 1360/1095/1360
vt 0.733037 0.703238
f 1349/1082/1349 1361/1096/1361 1362/1108/1362
vt 0.734158 0.706361
f 1336/1084/1336 1335/1097/1335 1363/1109/1363
vt 0.733616 0.706344
f 1350/1084/1350 1364/1110/1364 1351/1098/1351
vt 0.686577 0.654088
vt 0.686997 0.653905
f 1338/1111/1338 1339/1087/1339 1365/1112/1365
vt 0.693665 0.664440
f 1354/1091/1354 1341/1088/1341 1368/1113/1368
vt 0.698581 0.668748
vt 0.692677 0.665369
f 1369/1114/1369 1342/1115/1342 1343/1091/1343
vt 0.691247 0.158812
vt 0.688248 0.159360
f 1371/1116/1371 1344/1092/1344 1355/1117/1355
vt 0.716831 0.686666
f 1372/1107/1372 1373/1106/1373 1374/1118/1374
vt 0.721528 0.691088
f 1360/1095/1360 1372/1107/1372 1375/1119/1375
vt 0.725871 0.695496
f 1348/1096/1348 1360/1095/1360 1376/1120/1376
f 1378/1109/1378 1364/1110/1364 1350/1084/1350
vt 0.694622 0.663713
f 1368/1113/1368 1353/1088/1353 1367/1121/1367
f 1369/1114/1369 1354/1091/1354 1368/1113/1368
vt 0.690833 0.158802
vt 0.694751 0.158283
f 1371/1116/1371 1370/1122/1370 1379/1123/1379
vt 0.703823 0.149773
vt 0.699004 0.149364
f 1380/1124/1380 1357/1125/1357 1356/1103/1356
vt 0.712136 0.682194
f 1373/1106/1373 1382/1126/1382 1374/1118/1374
f 1375/1119/1375 1372/1107/1372 1374/1118/1374
f 1376/1120/1376 1360/1095/1360 1375/1119/1375
vt 0.730975 0.698044
f 1361/1096/1361 1383/1120/1383 1377/1127/1377
vt 0.733357 0.702103
f 1363/1109/1363 1362/1108/1362 1384/1128/1384
f 1378/1109/1378 1384/1128/1384 1364/1110/1364
vt 0.690913 0.658724
vt 0.691221 0.658571
f 1366/1129/1366 1365/1112/1365 1385/1130/1385
vt 0.710851 0.683441
vt 0.712215 0.682158
f 1359/1106/1359 1358/1131/1358 1381/1132/1381
vt 0.717855 0.685697
f 1389/1118/1389 1390/1126/1390 1391/1133/1391
f 1373/1106/1373 1381/1132/1381 1382/1126/1382
vt 0.722542 0.690081
f 1392/1119/1392 1389/1118/1389 1393/1134/1393
vt 0.726861 0.694450
f 1383/1120/1383 1392/1119/1392 1394/1135/1394
vt 0.732865 0.702054
f 1364/1110/1364 1384/1128/1384 1396/1136/1396
vt 0.695962 0.662845
f 1397/1137/1397 1366/1129/1366 1385/1130/1385
vt 0.699019 0.157782
vt 0.694404 0.158281
f 1399/1138/1399 1379/1123/1379 1387/1139/1387
vt 0.707509 0.677691
f 1381/1132/1381 1398/1140/1398 1382/1126/1382
vt 0.730586 0.697721
f 1384/1128/1384 1402/1141/1402 1396/1136/1396
vt 0.700803 0.667011
vt 0.700707 0.667021
f 1403/1142/1403 1386/1143/1386 1397/1137/1397
vt 0.708536 0.150172
vt 0.708840 0.150130
f 1405/1144/1405 1388/1145/1388 1380/1124/1380
vt 0.713944 0.680508
f 1398/1140/1398 1400/1146/1400 1390/1126/1390
vt 0.731005 0.697758
vt 0.727228 0.693365
f 1395/1147/1395 1410/1148/1410 1402/1141/1402
vt 0.709751 0.675783
f 1411/1149/1411 1386/1143/1386 1403/1142/1403
vt 0.703883 0.157256
vt 0.698760 0.157831
f 1414/1150/1414 1399/1138/1399 1404/1151/1404
vt 0.713098 0.150600
vt 0.712749 0.150646
f 1406/1152/1406 1405/1144/1405 1415/1153/1415
vt 0.727541 0.693385
vt 0.723401 0.689043
f 1401/1154/1401 1393/1134/1393 1408/1155/1408
vt 0.718871 0.684682
f 1408/1155/1408 1391/1133/1391 1409/1156/1409
vt 0.723241 0.689009
f 1401/1154/1401 1417/1157/1417 1410/1148/1410
f 1401/1154/1401 1420/1155/1420 1417/1157/1417
f 1420/1155/1420 1409/1156/1409 1417/1157/1417
vt 0.714312 0.680216
vt 0.714235 0.680252
f 1421/1158/1421 1412/1159/1412 1411/1149/1411
vt 0.709173 0.156648
vt 0.703741 0.157358
f 1422/1160/1422 1414/1150/1414 1413/1161/1413
vt 0.716883 0.151123
vt 0.716489 0.151170
f 1407/1162/1407 1415/1153/1415 1419/1163/1419
vt 0.720223 0.151686
vt 0.719787 0.151716
f 1416/1164/1416 1419/1163/1419 1424/1165/1424
vt 0.718858 0.684632
f 1417/1157/1417 1409/1156/1409 1425/1166/1425
f 1425/1166/1425 1409/1156/1409 1421/1158/1421
vt 0.714211 0.156044
vt 0.709191 0.156768
f 1427/1167/1427 1422/1160/1422 1418/1168/1418
vt 0.722274 0.152296
vt 0.722743 0.152283
f 1430/1169/1430 1423/1170/1423 1424/1165/1424
vt 0.718315 0.155527
vt 0.714396 0.156160
f 1433/1171/1433 1427/1167/1427 1426/1172/1426
vt 0.714586 0.157310
vt 0.718642 0.155631
f 1429/1173/1429 1434/1174/1434 1426/1172/1426
vt 0.724071 0.152908
vt 0.723580 0.152921
f 1431/1175/1431 1430/1169/1430 1435/1176/1435
f 1438/1174/1438 1433/1171/1433 1426/1172/1426
vt 0.723605 0.154344
vt 0.723852 0.155472
vt 0.724320 0.153585
f 1439/1177/1439 1436/1178/1436 1432/1179/1432
vt 0.718740 0.156792
vt 0.721766 0.155065
f 1434/1174/1434 1428/1180/1428 1440/1181/1440
vt 0.721336 0.154986
f 1441/1182/1441 1433/1171/1433 1438/1174/1438
vt 0.723825 0.153592
f 1432/1179/1432 1435/1176/1435 1442/1183/1442
f 1432/1179/1432 1442/1183/1442 1443/1177/1443
vt 0.721862 0.156221
f 1437/1184/1437 1439/1177/1439 1440/1181/1440
f 1444/1181/1444 1441/1182/1441 1438/1174/1438
vt 0.723125 0.154311
f 1443/1177/1443 1442/1183/1442 1445/1185/1445
f 1443/1177/1443 1445/1185/1445 1444/1181/1444
f 1445/1185/1445 1441/1182/1441 1444/1181/1444
# 949 faces, 1185 coords texture

# End of File
