####
#
# OBJ File Generated by Meshlab
#
####
# Object border.obj
#
# Vertices: 2389
# Faces: 1677
#
####
mtllib ./border.obj.mtl

vn 1.537806 0.524835 0.469488
v 17.224556 28.920181 13.818601
vn 0.691547 0.033466 0.188115
v 16.999039 29.277275 14.137802
vn 0.604356 -0.039152 0.027209
v 17.272074 28.795675 13.709801
vn 1.341098 0.216599 0.390799
v 17.071474 29.299034 13.867646
vn 1.247080 -0.305354 0.187428
v 16.969770 29.401678 14.251921
vn 2.387375 0.167148 0.305880
v 17.288349 28.944540 13.562511
vn 2.391748 -0.095704 0.598630
v 17.032101 29.432774 13.988596
vn 2.850909 0.967016 0.864460
v 17.219578 29.069057 13.668480
vn 1.656516 -0.824765 -0.503079
v 17.286129 28.841393 13.463399
vn 3.022446 -0.753319 0.440290
v 17.029709 29.556334 14.105070
vn 1.064068 -0.461173 0.075358
v 17.057026 29.674944 14.224142
vn 0.896813 -0.782313 0.032352
v 17.099213 29.729731 14.379520
vn 0.257471 -0.528629 -0.440678
v 17.071617 28.505905 13.667577
vn 1.302519 -1.359125 0.007726
v 17.123674 29.756243 14.342543
vn 1.098211 -2.230412 -1.855872
v 17.154955 28.785526 13.380840
vn 0.264916 -1.144720 -0.151365
v 17.209318 29.755850 14.495408
vn -0.123944 -1.002587 -0.966431
v 16.992559 28.800503 13.340775
vn 0.319222 -1.892505 -0.241128
v 17.239281 29.767864 14.456991
vn -0.248253 -1.297518 -0.129462
v 17.342957 29.733042 14.607184
vn -2.069195 -0.819827 -1.081553
v 16.889130 28.878321 13.407425
vn -0.398458 -1.759862 -0.172447
v 17.377226 29.730473 14.567218
vn -0.526119 -1.245938 -0.109654
v 17.477877 29.675060 14.713923
vn -2.633133 -0.847313 -1.214633
v 16.896620 28.909891 13.369165
vn -1.793698 -1.742799 -0.537221
v 17.594082 29.578466 14.814329
vn -1.975221 0.146510 -0.219044
v 16.857103 29.060986 13.440791
vn -1.115153 0.114491 -0.093600
v 16.850529 29.027405 13.478038
vn -0.754975 -1.595781 -0.154107
v 17.510889 29.664730 14.672906
vn -2.171977 -2.085387 -0.659504
v 17.621469 29.563280 14.772153
vn -0.409244 0.068119 -0.027887
v 16.863960 29.201082 13.530461
vn -1.046347 -0.413506 -0.216013
v 17.690121 29.418756 14.863068
vn -0.725447 -0.226185 -0.115612
v 17.669832 29.347868 15.129064
vn -2.636982 0.784464 -0.094136
v 16.929827 29.452896 13.783807
vn -1.685176 -0.477656 -0.233841
v 17.729027 29.250502 14.948114
vn -1.120247 0.340695 0.126639
v 16.974895 29.599949 13.898816
vn -1.846436 0.559965 0.173264
v 16.981653 29.636337 13.860703
vn -1.367819 -0.191721 -0.047333
v 17.744995 29.104879 15.076518
vn -1.739188 -0.212695 -0.045782
v 17.750401 29.077858 15.029744
vn -2.730746 -0.075196 0.048020
v 17.756781 28.928059 15.157979
vn -0.533733 0.210938 0.041797
v 17.035164 29.771900 13.969357
vn -1.756546 -0.143140 0.050584
v 17.769518 28.541451 15.276891
vn -2.298879 1.107445 0.104177
v 17.086342 29.864531 14.113999
vn -1.243134 -0.106806 0.036943
v 17.768749 28.567116 15.325215
vn -0.695560 -0.374242 -0.087100
v 16.298685 26.755163 15.735099
vn -1.720361 0.901799 0.256790
v 17.166874 30.025480 14.180148
vn -1.029213 0.547121 0.172272
v 17.154747 29.990179 14.219810
vn -0.536686 -0.079468 0.027486
v 17.787487 28.360943 15.359681
vn -0.366476 -0.548370 0.016608
v 16.375507 26.710062 15.941109
vn -1.541643 -1.928249 0.053647
v 16.268661 26.779343 15.870970
vn -0.481478 0.332138 0.058525
v 17.247833 30.144743 14.285056
vn -2.936254 -0.901641 0.365714
v 17.829163 28.188431 15.441726
vn -2.471909 -0.747473 0.301741
v 17.827284 28.214502 15.490916
vn -1.224603 -1.145867 -0.190944
v 16.299564 26.744719 16.082642
vn -2.880632 1.547006 -0.046235
v 16.298990 26.839264 15.890002
vn -2.304699 1.337884 -0.539519
v 16.268661 26.779343 15.870970
vn -1.928599 1.659866 0.139008
v 17.324949 30.222149 14.430676
vn -0.541131 -0.666867 -0.482146
v 16.201294 26.768311 16.224833
vn -1.652543 0.821560 0.839629
v 16.374241 26.912327 15.966619
vn -2.303234 -2.122644 -0.318598
v 16.225254 26.836386 16.009123
vn -0.355387 0.183911 -0.012694
v 16.298294 26.847143 16.023642
vn -1.385024 1.381226 0.123200
v 17.446741 30.358328 14.494335
vn -1.218519 -0.831478 0.083280
v 17.907890 28.031860 15.523857
vn -1.245772 -1.463126 -0.849109
v 16.140659 26.870949 16.150925
vn -0.427940 0.703698 0.184440
v 16.411316 26.853203 16.097441
vn -0.174334 4.073816 -0.843431
v 16.298294 26.847143 16.023642
vn -0.025812 0.420618 -0.181782
v 16.268661 26.779343 15.870970
vn -0.243575 3.183497 -1.133284
v 16.225254 26.836386 16.009123
vn -0.007530 0.499677 -0.029499
v 16.298990 26.839264 15.890002
vn -0.458111 0.468511 0.042190
v 17.352999 30.251842 14.658962
vn -0.340178 -0.256683 0.013338
v 17.902937 28.062717 15.991361
vn -0.499138 -0.915195 -0.705877
v 16.029993 26.864658 16.283831
vn 0.201928 2.200159 0.179317
v 16.140659 26.870949 16.150925
vn -0.759721 0.809902 0.092818
v 17.558897 30.458630 14.598327
vn -1.401128 -1.102532 0.098577
v 18.016581 27.891941 15.603290
vn 2.227589 1.826836 -0.920618
v 17.270794 27.672613 19.376848
vn 0.001080 1.218064 0.297528
v 16.029993 26.864658 16.283831
vn 0.061822 0.493926 0.074857
v 16.365273 26.829948 16.235958
vn -0.122611 -0.551867 -0.458018
v 15.974263 26.713142 16.481312
vn -1.632753 -1.958817 0.615209
v 18.143118 27.796946 15.731488
vn 1.334217 0.292727 -0.248587
v 17.310982 27.548214 19.192566
vn 0.874538 1.091282 -0.323688
v 17.191689 27.814344 19.523005
vn 1.147070 -0.737038 -0.024375
v 17.321436 27.237616 18.905184
vn 1.411637 -0.227621 -0.119649
v 17.338150 27.389515 19.048948
vn -1.503370 2.030413 0.470551
v 17.658741 30.516655 14.744068
vn -1.880435 -2.309815 0.737781
v 18.156549 27.770397 15.682602
vn 1.448452 0.351612 -0.287663
v 17.328939 27.512182 19.246515
vn 1.049422 1.289722 -0.387995
v 17.203205 27.809164 19.536655
vn 0.884264 -0.948396 -0.076976
v 17.244514 27.106073 18.761225
vn 0.658963 1.343287 -0.511636
v 16.850090 28.171045 19.981359
vn -0.328588 -1.920932 -1.495404
v 15.908421 26.799143 16.395315
vn -0.296362 -1.487831 -0.738089
v 15.856534 26.673965 16.595139
vn -1.794858 2.459157 0.584651
v 17.682751 30.544235 14.701771
vn -0.311841 -0.990111 0.279890
v 18.326130 27.687571 15.761024
vn 1.678443 -0.155636 -0.172947
v 17.336943 27.353697 19.102848
vn 2.257032 1.867856 -0.924310
v 17.281908 27.665848 19.390316
vn 0.067917 0.098606 -0.032258
v 17.100176 27.936598 19.687923
vn 0.657352 -1.118287 -0.142132
v 17.128675 26.999842 18.616911
vn 1.304735 -1.286640 -0.096329
v 17.213953 27.073393 18.812794
vn 1.536162 -0.841316 -0.051873
v 17.300440 27.203175 18.958534
vn -0.275354 1.475398 0.566766
v 15.994663 26.806564 16.417896
vn -0.337355 1.441530 0.462749
v 15.908421 26.799143 16.395315
vn -0.384573 -0.674326 0.097917
v 15.738523 26.702896 16.708708
vn -0.429872 1.101345 0.154781
v 17.822525 30.603775 14.804642
vn -0.339120 1.937715 -2.202058
v 17.348104 27.515127 19.245943
vn 0.561208 2.159837 -2.503832
v 17.336943 27.353697 19.102848
vn -0.421019 2.177305 -2.476699
v 17.328939 27.512182 19.246515
vn -0.435756 1.049537 -1.265606
v 17.281908 27.665848 19.390316
vn -0.171940 1.032651 -1.163385
v 17.300745 27.673067 19.389938
vn -0.936106 1.665503 -2.088583
v 17.220724 27.819195 19.536802
vn -1.082838 1.926516 -2.412602
v 17.203205 27.809164 19.536655
vn -0.052130 0.073851 -0.097999
v 17.100176 27.936598 19.687923
vn 0.981692 -1.536914 -0.184905
v 17.093246 26.972738 18.666307
vn 1.180323 0.692145 -0.142954
v 16.668297 28.469547 20.238546
vn -0.376474 0.949603 -1.066362
v 16.760481 28.293144 20.145582
vn -0.857040 2.686237 -2.662024
v 16.863667 28.169407 19.994545
vn -0.514197 -2.848596 -1.455598
v 15.780235 26.736607 16.499502
vn -0.589276 2.182128 0.159118
v 15.864550 26.757095 16.530783
vn -1.040145 -2.065267 -0.020169
v 15.649781 26.739256 16.610571
vn -0.160833 -0.730013 0.190144
v 18.450094 27.732775 16.039429
vn 0.330924 -1.259058 -0.091854
v 16.995256 26.923876 18.472120
vn 0.489424 1.886011 -2.186602
v 17.354937 27.349693 19.103422
vn 0.545363 -1.748295 -0.141849
v 16.954144 26.909592 18.519798
vn 0.775788 0.583770 -1.040382
v 17.226973 27.058327 18.814049
vn 1.070639 0.533282 -1.249732
v 17.093246 26.972738 18.666307
vn 0.926154 0.714223 -1.254387
v 17.213953 27.073393 18.812794
vn 2.634749 1.042631 -1.855279
v 17.316214 27.192261 18.960207
vn 1.524441 1.833663 -2.411194
v 17.300440 27.203175 18.958534
vn 1.308340 0.296413 -0.108712
v 16.656134 28.635521 20.382030
vn -0.598908 2.560723 -2.507657
v 16.878321 28.183563 19.993595
vn -0.623005 2.924346 -0.236097
v 15.780235 26.736607 16.499502
vn -0.684185 -0.748045 0.268327
v 15.547521 26.811110 16.703779
vn -0.382612 1.349288 0.171614
v 17.851196 30.585903 15.076653
vn -0.271764 -2.232258 0.594915
v 18.525028 27.663967 15.838640
vn 0.232811 -1.526669 -0.268665
v 16.664270 26.887712 18.212786
vn 2.739133 0.367437 -0.165193
v 17.363625 27.489960 19.284178
vn 1.582201 0.584245 -0.180863
v 17.348104 27.515127 19.245943
vn 2.748087 -0.620447 0.129080
v 17.356682 27.323631 19.141754
vn 1.664808 0.003305 0.005209
v 17.354937 27.349693 19.103422
vn 1.028202 0.236145 -1.081585
v 17.102493 26.955299 18.666979
vn 2.251892 0.324614 -2.406163
v 16.954144 26.909592 18.519798
vn 1.556029 0.801454 -0.176728
v 16.693539 28.437725 20.292887
vn -0.811224 0.952626 -1.260955
v 16.776340 28.305077 20.144510
vn 0.110518 -1.520173 -0.418297
v 16.513283 26.917650 18.064396
vn 0.088759 0.704326 -0.445586
v 15.731558 26.752314 16.647501
vn 0.139666 1.908943 -1.062057
v 15.649781 26.739256 16.610571
vn 0.180869 0.601612 -0.770105
v 15.547521 26.811110 16.703779
vn -0.839858 3.006231 0.391394
v 17.973537 30.642303 14.905975
vn 0.051453 -0.760416 0.211484
v 18.655592 27.748575 16.111092
vn 0.088029 -0.369110 -0.035319
v 16.804230 26.880926 18.372629
vn 2.257302 -1.490295 0.415097
v 17.303490 27.166130 18.998343
vn 2.019935 0.289766 -2.159488
v 16.958096 26.890591 18.520945
vn 0.634717 -1.029564 0.094373
v 17.225178 27.048166 18.823639
vn 1.747949 0.318328 -0.167792
v 16.669626 28.596149 20.437054
vn -0.783079 1.833134 -2.149868
v 16.693539 28.437725 20.292887
vn -0.579912 2.260377 -2.470170
v 16.711472 28.444723 20.292322
vn 1.383428 1.107900 -0.339856
v 16.776340 28.305077 20.144510
vn 0.858564 0.940534 -0.177125
v 16.923716 28.154577 20.059719
vn -0.080952 -1.098202 -0.038173
v 16.255375 27.012913 17.741840
vn -0.223111 1.057768 0.194688
v 18.131126 30.664867 15.004783
vn 0.170574 -1.714330 0.516064
v 18.734476 27.697388 15.907851
vn 0.227170 -1.531438 -0.277420
v 16.651167 26.883711 18.224167
vn 2.262347 -1.856863 -1.986632
v 16.803181 26.861135 18.374289
vn 2.300694 -0.317263 -2.328624
v 16.804230 26.880926 18.372629
vn 1.501711 -0.723441 0.146172
v 17.340431 27.301603 19.179501
vn 1.791040 -2.069653 2.035212
v 17.359976 27.461872 19.322998
vn 1.169168 -1.220549 0.322046
v 17.275003 27.150930 19.034834
vn 0.475906 -0.840439 1.040407
v 17.248699 27.768650 19.614016
vn 0.471051 -2.549256 0.176749
v 16.928192 26.877707 18.555838
vn 0.667282 -1.660224 0.020963
v 16.958096 26.890591 18.520945
vn 0.287182 -1.308651 0.106339
v 17.077936 26.933294 18.702749
vn 1.305689 -0.030492 -0.203227
v 16.687927 28.803802 20.523478
vn -0.016796 0.113890 -0.134367
v 16.669626 28.596149 20.437054
vn 1.044127 0.766385 -0.265825
v 16.817026 28.272505 20.210413
vn -0.248668 -1.075749 0.178187
v 16.089701 27.015612 17.605263
vn 0.166351 -1.438578 -0.458637
v 16.499632 26.913710 18.075108
vn 0.251678 0.425802 -1.003557
v 15.599688 26.960531 16.780260
vn -0.115970 2.479245 0.784195
v 18.261044 30.645205 15.144362
vn 0.378654 -1.192913 0.546214
v 18.912792 27.801231 16.011026
vn 1.142356 -0.299311 -1.220857
v 16.651167 26.883711 18.224167
vn 0.354545 -0.862547 1.042829
v 17.323681 27.619371 19.467299
vn 0.954034 -1.478973 0.164204
v 17.173670 27.022217 18.886971
vn -0.144690 -2.522346 0.321805
v 16.768654 26.857494 18.408436
vn 0.533238 -1.852296 0.153837
v 17.044228 26.928755 18.737923
vn 1.783949 -0.125318 -0.302808
v 16.695526 28.761419 20.578659
vn 1.326649 -0.085577 0.452367
v 16.738178 28.403889 20.358423
vn 1.415203 -1.450899 2.183683
v 17.041433 28.028673 19.917320
vn -0.412625 -1.964752 0.272565
v 16.043535 27.032063 17.640154
vn 0.810926 -2.012950 -1.179088
v 16.205477 27.015257 17.780222
vn 0.327336 0.621292 -1.667271
v 15.503904 26.956188 16.754396
vn -2.538853 -0.567585 0.702335
v 15.536797 27.061749 16.915607
vn -0.116929 2.933229 0.942673
v 18.292677 30.660318 15.101260
vn 0.563291 -1.515587 0.729980
v 18.935728 27.785625 15.961043
vn 0.967676 -0.260582 -1.036193
v 16.647093 26.863874 18.225351
vn -0.492418 -1.887085 2.181205
v 17.340431 27.301603 19.179501
vn -0.564685 -2.163960 2.503593
v 17.322474 27.305653 19.178951
vn -1.275996 -1.550979 2.159833
v 17.275003 27.150930 19.034834
vn 0.429881 -1.078171 1.297616
v 17.304905 27.612051 19.467628
vn -1.475084 -1.728522 2.429791
v 17.259289 27.161938 19.033236
vn -1.621221 -1.218095 2.123248
v 17.173670 27.022217 18.886971
vn 0.570091 -1.022067 1.263635
v 17.231230 27.758503 19.613810
vn -0.430508 -1.743164 0.356937
v 16.735334 26.873650 18.441023
vn -0.038530 -1.799090 0.218350
v 16.894449 26.883841 18.589691
vn -0.339250 -1.078234 0.128950
v 16.636919 26.858994 18.233963
vn 1.309554 -0.399344 -0.314653
v 16.771509 28.944462 20.662582
vn 1.617608 1.826697 -2.818955
v 16.714876 28.757540 20.577389
vn 0.253206 1.900818 -2.157286
v 16.695526 28.761419 20.578659
vn 2.417766 -2.152100 2.928059
v 16.734299 28.395157 20.368147
vn -0.589852 -0.949326 0.301595
v 15.923780 27.010990 17.465975
vn -0.934457 -1.657882 0.489424
v 15.884643 27.044989 17.496450
vn 0.995683 -0.257874 -1.182116
v 16.200817 26.995811 17.780539
vn -2.709319 -1.050694 1.240796
v 15.503904 26.956188 16.754396
vn -1.811691 -0.519218 0.261116
v 15.504954 27.203154 16.957991
vn -1.031397 -0.527210 0.408738
v 15.639130 27.083361 17.142052
vn -0.859754 -0.745745 0.376298
v 15.773671 27.036060 17.314219
vn 0.274860 1.048622 0.295819
v 18.455572 30.617504 15.195615
vn 0.254861 0.110744 -0.111047
v 15.860609 27.101171 17.052151
vn 0.028284 0.213307 -0.111414
v 16.343069 27.163168 17.807220
vn 0.722447 -0.941160 0.616571
v 19.073893 27.943018 16.039404
vn 0.429309 -2.298071 2.461807
v 17.340834 27.458897 19.323559
vn -1.848820 -1.387771 2.412320
v 17.160736 27.037369 18.885775
vn -2.105518 -1.007271 2.447405
v 17.035126 26.946245 18.737349
vn -1.802265 -0.869083 2.097487
v 17.044228 26.928755 18.737923
vn 0.081369 -0.105741 0.144933
v 17.136349 27.891638 19.764757
vn -0.545566 -1.760827 0.230537
v 16.577847 26.884359 18.290646
vn -2.042620 -0.306984 2.142550
v 16.894449 26.883841 18.589691
vn 1.542041 -0.616137 -0.381051
v 16.772888 28.905092 20.718288
vn 0.867758 2.256109 -2.480943
v 16.789455 28.896290 20.716188
vn 0.114232 -0.031673 0.045197
v 16.694269 28.540987 20.513130
vn 0.048921 -0.081548 0.104328
v 16.800081 28.250996 20.221453
vn 0.101945 -0.067732 -0.122264
v 16.043535 27.032063 17.640154
vn 1.421072 -1.732558 -1.696466
v 15.873175 27.030542 17.501598
vn 1.664644 -2.031728 -1.993440
v 15.884643 27.044989 17.496450
vn 2.130600 -0.657424 -2.052231
v 15.763899 27.252590 16.926430
vn -1.337093 -0.281268 0.277525
v 15.474673 27.257210 16.814396
vn 0.063138 0.208479 -1.182024
v 15.603835 27.274805 16.819887
vn 0.044294 0.925726 -0.544975
v 16.544186 27.329805 18.173880
vn -1.797819 -0.178073 -0.400540
v 16.565292 27.677057 18.646299
vn 1.042188 -1.180356 0.824759
v 19.097572 27.928329 15.989237
vn 1.822061 -0.791364 0.081645
v 17.322474 27.305653 19.178951
vn 1.023972 -0.513119 0.062061
v 17.303307 27.273855 19.232290
vn 0.436307 -0.364467 0.092745
v 17.259289 27.161938 19.033236
vn 3.112255 0.038738 0.096045
v 17.340834 27.458897 19.323559
vn 2.511270 0.079641 0.112149
v 17.339638 27.419868 19.378056
vn 0.365184 0.130924 0.065448
v 17.231230 27.758503 19.613810
vn 1.260277 0.449480 0.184863
v 17.311737 27.570446 19.522211
vn 1.690195 0.531906 0.237641
v 17.304905 27.612051 19.467628
vn 0.786403 -1.010159 0.327762
v 17.117208 27.019815 18.936111
vn 1.022494 -1.424435 0.434777
v 17.160736 27.037369 18.885775
vn 1.525473 0.560465 0.470174
v 17.136349 27.891638 19.764757
vn 1.273472 0.465808 0.389626
v 17.136826 27.878954 19.778362
vn -2.229858 0.331960 2.320049
v 16.736702 26.893457 18.439571
vn -2.058390 0.550244 2.182467
v 16.577847 26.884359 18.290646
vn -2.098758 0.288001 2.187354
v 16.735334 26.873650 18.441023
vn -2.275936 -0.302101 2.378762
v 16.890776 26.902864 18.588739
vn -2.113700 0.222275 2.201482
v 16.424114 26.914625 18.139269
vn 1.078280 -1.043720 -0.310717
v 16.914724 29.027567 20.799099
vn 0.723903 1.791108 -2.033170
v 16.772888 28.905092 20.718288
vn 1.359214 -0.797909 -0.538509
v 16.789455 28.896290 20.716188
vn 3.704225 -1.898301 0.655681
v 16.719109 28.705296 20.644939
vn 0.138356 -2.322176 2.500773
v 16.694269 28.540987 20.513130
vn 0.146110 -1.937530 2.102527
v 16.674788 28.540342 20.513706
vn 0.771434 -1.840328 2.152667
v 16.716316 28.388447 20.368855
vn -1.346187 -1.266444 0.599000
v 15.744988 27.081926 17.339582
vn 0.566933 -1.271931 -0.797943
v 15.744988 27.081926 17.339582
vn 1.113948 0.059116 -0.314735
v 15.846042 27.190741 17.071901
vn 0.024028 0.318256 -1.584996
v 15.474673 27.257210 16.814396
vn 0.311029 -3.189521 -1.252283
v 15.504954 27.203154 16.957991
vn 0.249297 -2.613628 -1.029527
v 15.488887 27.202614 16.955465
vn 0.506290 -4.486775 -1.886369
v 15.474673 27.257210 16.814396
vn -1.589679 -0.876851 0.637449
v 15.619951 27.136705 17.162462
vn 0.537038 1.312014 0.390954
v 18.496479 30.536104 15.466955
vn 0.931541 0.519133 -0.537468
v 16.023699 27.158695 17.474550
vn 0.485511 0.834913 -0.605406
v 16.282423 27.197948 17.858728
vn 0.110041 1.812969 -1.049048
v 16.496460 27.352062 18.207808
vn 1.063291 -0.476003 0.575794
v 19.167112 28.137814 16.034000
vn 0.852101 -2.372162 0.310108
v 16.990536 26.936604 18.786123
vn 1.024171 -2.896940 0.363685
v 17.035126 26.946245 18.737349
vn -2.179738 0.591609 2.310350
v 16.581982 26.904247 18.289461
vn 0.045997 -1.863593 0.141768
v 16.890776 26.902864 18.588739
vn 1.007777 -1.174841 -0.304758
v 16.903341 28.998722 20.856489
vn 1.973518 1.264104 -2.684485
v 16.913687 28.984339 20.854988
vn 1.871623 -1.880964 -0.257103
v 16.786161 28.848413 20.785179
vn 2.405946 -1.560380 0.931943
v 16.711510 28.699738 20.655251
vn -0.263253 -1.903774 2.161834
v 16.692440 28.704327 20.656860
vn 1.444796 0.528201 0.346385
v 16.800081 28.250996 20.221453
vn 2.594971 1.119117 1.030099
v 16.911711 28.118147 20.084570
vn 3.160063 -0.014028 0.332667
v 16.674788 28.540342 20.513706
vn 2.435368 -0.053849 0.225122
v 16.668772 28.500074 20.569155
vn 0.366369 0.057100 0.070303
v 16.716316 28.388447 20.368855
vn 1.441879 0.521769 0.332840
v 16.801167 28.239061 20.235458
vn 0.372680 -1.400912 -0.699955
v 15.730082 27.071793 17.345707
vn 1.707490 0.060805 -0.501801
v 15.846713 27.253315 17.086029
vn 2.099031 -0.647683 -1.837431
v 15.768998 27.269115 16.926430
vn 0.473273 -3.561594 -0.861904
v 15.603835 27.274805 16.819887
vn 0.336737 -2.501821 -0.614515
v 15.604629 27.277565 16.808918
vn 0.548297 -2.708418 -1.231947
v 15.603177 27.131416 17.166536
vn 0.149269 -1.316427 -0.559986
v 15.463840 27.259842 16.805321
vn 0.604023 -2.891446 -1.340347
v 15.619951 27.136705 17.162462
vn 1.152241 2.787597 0.837864
v 18.613514 30.542391 15.285090
vn 0.740231 0.638841 -0.580241
v 16.152847 27.161985 17.682343
vn 2.412098 0.941201 -1.008053
v 15.903015 27.233665 17.281609
vn 1.612470 0.863136 -0.889528
v 16.003971 27.216427 17.496120
vn 0.416505 2.474378 -1.332345
v 16.368420 27.286564 18.049904
vn 2.526880 0.717638 -1.299741
v 16.589851 27.438066 18.361490
vn 0.403292 0.969848 -0.687520
v 16.608006 27.547152 18.512331
vn -1.469182 -0.608594 -0.451482
v 16.467850 27.805700 18.785685
vn 1.522415 -0.601390 0.792544
v 19.188829 28.125139 15.983418
vn -0.024293 -1.267530 0.105026
v 16.845831 26.907589 18.635368
vn -0.088342 -0.566101 0.089812
v 16.736702 26.893457 18.439571
vn -0.347789 -1.151119 0.275727
v 16.537758 26.927942 18.332602
vn -0.496232 -1.571070 0.389565
v 16.581982 26.904247 18.289461
vn -2.160361 0.613253 2.328378
v 16.429213 26.934357 18.138803
vn 0.463389 -1.414159 -0.203069
v 17.092270 29.050371 20.927931
vn 1.392413 1.223291 -2.124380
v 16.903341 28.998722 20.856489
vn 1.020805 -1.429354 0.314929
v 16.778780 28.845602 20.796074
vn -0.335608 -2.222952 2.528900
v 16.711510 28.699738 20.655251
vn -0.761196 -1.796808 2.100962
v 16.762785 28.855175 20.798574
vn 1.674062 -0.588827 -0.085701
v 16.692440 28.704327 20.656860
vn 0.329018 -3.622284 -0.602014
v 15.768998 27.269115 16.926430
vn -3.955283 -1.683513 0.352572
v 15.481250 27.214905 16.958260
vn -2.677518 -1.752149 0.389074
v 15.488887 27.202614 16.955465
vn -1.415233 -0.833428 0.717625
v 15.603177 27.131416 17.166536
vn -1.630265 -0.218610 0.121350
v 15.463840 27.259842 16.805321
vn 0.504152 0.902457 0.347517
v 18.760231 30.440945 15.366927
vn 1.328285 1.086572 -1.000744
v 16.126202 27.214056 17.705681
vn 0.910392 1.417948 -1.055411
v 16.246334 27.238998 17.886398
vn 2.517946 -0.290625 -1.631579
v 16.496460 27.352062 18.207808
vn 2.715781 -0.275089 -1.737897
v 16.495056 27.371073 18.202415
vn 2.476835 -0.766370 -1.608919
v 16.368420 27.286564 18.049904
vn 2.616125 -0.775216 -1.719820
v 16.370678 27.305189 18.044790
vn -1.255178 -0.146630 -0.285624
v 16.563267 27.669538 18.658731
vn -2.256551 -1.975506 0.217029
v 16.354441 27.938585 18.921421
vn 1.217551 -0.106603 0.484954
v 19.201139 28.357370 16.003561
vn -1.625323 -2.405030 0.975570
v 16.419428 26.945192 18.149212
vn -1.630935 -2.431002 0.997331
v 16.429213 26.934357 18.138803
vn -0.083008 0.040248 0.097168
v 16.131973 27.034269 17.838612
vn -2.742633 -0.321108 2.700718
v 15.967834 27.055504 17.693773
vn -0.611174 -0.920538 0.349188
v 15.997919 27.026255 17.669323
vn 0.416642 -1.326583 -0.209281
v 17.069286 29.034336 20.987150
vn 0.753522 0.177888 -1.110611
v 17.069286 29.034336 20.987150
vn 0.138599 -0.435759 0.049677
v 16.888861 28.952774 20.937204
vn -0.894475 -2.144677 2.489547
v 16.778780 28.845602 20.796074
vn 0.459331 -0.309949 -0.004936
v 16.762785 28.855175 20.798574
vn 1.252112 -0.505083 -0.083895
v 16.680851 28.666193 20.713480
vn -1.039153 -0.372574 0.477524
v 15.704242 27.110062 17.366167
vn 1.193434 -2.657673 -0.662464
v 15.903015 27.233665 17.281609
vn 0.757184 -3.167210 -0.584741
v 15.846713 27.253315 17.086029
vn 0.702245 -2.823440 -0.530877
v 15.863402 27.258636 17.079185
vn 0.244808 -2.542029 -0.422645
v 15.781175 27.271818 16.916731
vn 0.097190 0.476114 -1.578205
v 15.606446 27.379107 16.836845
vn 0.108463 0.467682 -1.855519
v 15.604629 27.277565 16.808918
vn -0.034962 0.428656 -1.463579
v 15.463840 27.259842 16.805321
vn -2.094143 -0.711275 1.014994
v 15.585060 27.177294 17.183580
vn -1.479448 -0.153850 0.132004
v 15.455276 27.359758 16.835979
vn 1.692888 1.681387 1.077636
v 18.852974 30.309795 15.487659
vn 1.550033 -2.451054 -0.889582
v 16.003971 27.216427 17.496120
vn 1.337050 -2.908553 -0.742060
v 15.919974 27.242504 17.277203
vn 1.884032 -2.100464 -1.051246
v 16.126202 27.214056 17.705681
vn 2.055989 -2.272189 -1.131570
v 16.138659 27.227892 17.700361
vn 2.305388 -1.471786 -1.269369
v 16.246334 27.238998 17.886398
vn 2.512954 -1.550850 -1.395330
v 16.253790 27.255558 17.881092
vn 2.983732 0.623300 -1.272647
v 16.584665 27.453054 18.356672
vn 0.718496 1.465140 -1.027752
v 16.597292 27.550976 18.510344
vn -0.996688 1.873152 -2.012084
v 16.563267 27.669538 18.658731
vn -1.302752 -0.563000 -0.379914
v 16.467985 27.795446 18.799068
vn 1.697456 -0.093939 0.662718
v 19.220501 28.346626 15.952588
vn -0.145871 -0.243088 0.087083
v 16.131973 27.034269 17.838612
vn 0.125423 -2.866622 -1.184275
v 17.259642 29.010540 21.088884
vn 1.057733 0.178243 -1.562305
v 17.073008 29.015543 20.986872
vn 0.377172 -1.408533 0.141766
v 17.069775 29.007261 20.997240
vn -1.734145 -1.445257 2.625799
v 16.888861 28.952774 20.937204
vn -0.868849 -0.654299 0.419412
v 15.839381 27.057434 17.525314
vn 2.293237 0.726475 -2.478571
v 15.790239 27.323969 16.925526
vn 1.165504 0.108741 -1.631225
v 15.781175 27.271818 16.916731
vn -0.051163 0.468742 -1.541946
v 15.455276 27.359758 16.835979
vn -1.809272 -0.173264 0.255702
v 15.476174 27.302498 16.985611
vn 1.961792 1.961698 1.248862
v 18.882864 30.309977 15.440420
vn 1.658909 -2.623659 -0.947805
v 16.019562 27.227898 17.491655
vn -0.103599 2.199668 -0.892923
v 16.454273 27.391729 18.232134
vn 0.168804 1.662025 -0.854660
v 16.495056 27.371073 18.202415
vn 0.499891 1.664183 -0.888548
v 16.370678 27.305189 18.044790
vn -0.635787 3.679065 -1.639333
v 16.548553 27.465557 18.389612
vn -0.335882 2.455436 -1.185095
v 16.584665 27.453054 18.356672
vn 0.273059 2.206483 -0.897272
v 16.334505 27.331421 18.071705
vn 0.990418 1.449961 -0.887998
v 16.253790 27.255558 17.881092
vn -2.996426 1.338159 -2.323986
v 16.548004 27.661957 18.659573
vn -0.516645 0.857781 -1.346539
v 16.253704 28.069721 19.067677
vn -0.079505 0.103787 -0.160457
v 16.467985 27.795446 18.799068
vn 2.582948 0.574710 0.841507
v 19.184645 28.573437 15.956871
vn -1.881704 1.162604 2.266968
v 15.976447 27.072823 17.692247
vn -1.419290 -1.151231 0.694820
v 15.817677 27.098604 17.544579
vn 0.098047 -2.781277 -1.159114
v 17.253128 29.003954 21.104136
vn 1.452798 -0.125975 -2.793590
v 17.252810 28.983770 21.104979
vn -1.415071 -1.179866 2.139135
v 16.879320 28.967669 20.939108
vn 0.659634 -0.754624 0.057070
v 16.857983 28.953487 20.998203
vn -1.674499 -0.275223 0.772241
v 15.584060 27.228338 17.196917
vn -1.652182 -0.656602 0.763006
v 15.693810 27.158295 17.381098
vn 2.076018 0.440995 -0.649958
v 15.866367 27.310369 17.091484
vn 1.772318 0.150601 -0.834941
v 15.863402 27.258636 17.079185
vn 2.040994 0.990667 -0.602117
v 15.912006 27.293200 17.293589
vn 1.829139 0.485097 -0.516951
v 15.919974 27.242504 17.277203
vn 2.351398 0.819918 -1.810180
v 15.786469 27.373783 16.943192
vn -0.394680 3.608324 0.747948
v 15.604970 27.376974 16.846483
vn -0.283956 2.526292 0.515611
v 15.606446 27.379107 16.836845
vn -0.162695 1.360347 0.565321
v 15.455276 27.359758 16.835979
vn -0.310104 3.199240 1.276304
v 15.492791 27.303049 16.988283
vn -0.253578 2.610841 1.038598
v 15.476174 27.302498 16.985611
vn -1.125955 0.901241 -0.301674
v 16.176600 28.559408 19.462065
vn 1.857545 1.378485 -0.828447
v 16.004715 27.276894 17.509821
vn 1.593110 0.777421 -0.710825
v 16.019562 27.227898 17.491655
vn 1.529396 1.628633 -0.899565
v 16.117943 27.272533 17.720064
vn 1.371663 1.056640 -0.814824
v 16.138659 27.227892 17.700361
vn 0.921340 1.948887 -0.897627
v 16.225132 27.291199 17.904186
vn -2.759494 1.223827 -1.102018
v 16.581482 27.546333 18.548260
vn -2.568249 1.320133 -0.833164
v 16.597292 27.550976 18.510344
vn -1.793922 -1.086296 0.056299
v 16.553288 27.641356 18.701431
vn -2.568803 0.927812 -2.935955
v 16.338249 27.915562 18.935623
vn 2.907618 0.634780 0.949681
v 19.203554 28.563356 15.905716
vn -0.543662 -0.932410 0.332083
v 15.938322 27.106737 17.725054
vn -1.016385 -1.611897 0.638658
v 15.976447 27.072823 17.692247
vn -1.494311 1.810357 1.854876
v 15.817677 27.098604 17.544579
vn 0.118269 -1.559668 -0.420950
v 17.464762 28.967499 21.179422
vn 0.105239 -1.465469 -0.407198
v 17.459040 28.962801 21.195221
vn 1.467067 -0.140455 -2.724430
v 17.253128 29.003954 21.104136
vn 0.001217 -2.442265 -0.488857
v 17.248127 28.976851 21.115776
vn 0.294931 -1.594162 -0.886826
v 17.252810 28.983770 21.104979
vn 0.270792 -1.594110 0.159574
v 17.036491 29.005749 21.070770
vn -1.636145 -0.344438 2.218316
v 17.033566 29.024731 21.071331
vn 1.297173 -1.669506 0.146056
v 16.879320 28.967669 20.939108
vn 1.909491 0.646016 -0.310832
v 15.852129 27.357033 17.110027
vn -0.157147 2.450256 0.330329
v 15.786469 27.373783 16.943192
vn -0.536860 4.420613 1.896909
v 15.466391 27.357433 16.844543
vn -0.262004 2.853163 1.142349
v 15.584060 27.228338 17.196917
vn 0.941764 0.444026 0.308048
v 18.963003 30.151413 15.503346
vn -1.244001 2.612177 -1.049653
v 16.382767 28.830887 19.742361
vn -0.098385 0.116313 -0.047075
v 16.248360 28.700577 19.615969
vn -0.842864 2.006407 -0.606601
v 16.517090 27.462887 18.427042
vn -0.366226 1.835432 -0.540325
v 16.414452 27.393185 18.266916
vn -0.081847 0.183598 -0.055702
v 16.575907 27.537973 18.588106
vn -0.020866 1.805104 -0.543299
v 16.295732 27.338957 18.103436
vn -0.401504 0.859593 -1.261268
v 16.236332 28.060436 19.067139
vn 0.357554 0.092715 0.107894
v 19.116947 28.978230 15.801418
vn 1.067781 -0.244680 0.324068
v 18.051361 29.005623 20.577658
vn -0.746400 -0.705798 0.533901
v 15.803342 27.160997 17.566807
vn -1.609741 2.024523 2.023885
v 15.830390 27.112717 17.540796
vn 0.452639 -0.908899 0.186053
v 17.739298 28.955746 21.093204
vn 0.565387 -1.655269 -1.986283
v 17.459356 28.944397 21.197172
vn 0.713537 -0.169407 -1.712603
v 17.459040 28.962801 21.195221
vn -0.230822 -2.432806 -0.437475
v 17.455393 28.938795 21.208324
vn -2.065472 -0.386004 2.783505
v 17.036491 29.005749 21.070770
vn 0.105974 -2.385896 0.160828
v 17.007225 29.027580 21.130953
vn 0.301125 -3.211278 0.286486
v 17.033566 29.024731 21.071331
vn -1.028517 2.400869 1.546648
v 15.693810 27.158295 17.381098
vn -1.060615 2.606884 1.638134
v 15.709683 27.168106 17.376135
vn 1.511613 1.062184 -0.453828
v 15.886863 27.335167 17.314121
vn 1.227525 1.283102 -0.545408
v 15.974093 27.314493 17.532207
vn -0.596257 2.836981 0.480987
v 15.852129 27.357033 17.110027
vn -0.249465 3.757267 0.515664
v 15.772854 27.371855 16.951147
vn 0.127964 0.391166 -0.993667
v 15.604970 27.376974 16.846483
vn -0.058348 0.601097 -1.473084
v 15.470904 27.359255 16.844563
vn -2.684891 -0.464778 0.327302
v 15.467158 27.415274 16.866430
vn -1.545894 -0.076050 0.255153
v 15.466391 27.357433 16.844543
vn -0.437192 -0.032644 0.092713
v 15.492791 27.303049 16.988283
vn 2.902975 0.881156 0.747055
v 19.022873 29.962303 15.561555
vn 1.401660 0.425804 0.360633
v 18.958273 30.003626 15.763843
vn -0.841161 1.297178 -0.373374
v 16.788698 29.167343 20.157501
vn -0.058543 0.103130 -0.031802
v 16.654755 29.044392 20.032099
vn -0.925520 2.090700 -1.676533
v 16.167120 28.552126 19.475693
vn 1.000738 1.509273 -0.593310
v 16.084478 27.303404 17.744781
vn 0.536835 1.760446 -0.598432
v 16.188726 27.310293 17.932281
vn 0.000000 0.000000 0.000000
v 16.573503 27.628727 18.742619
vn -0.488081 -2.616973 1.046083
v 16.573503 27.628727 18.742619
vn -0.154196 -0.153665 0.028563
v 16.481489 27.745337 18.873232
vn -1.373466 -0.424514 -0.596722
v 16.336689 27.906204 18.945871
vn -1.426489 -0.115532 -0.686120
v 16.236332 28.060436 19.067139
vn -0.300173 1.937787 -2.480591
v 16.180420 28.222624 19.200644
vn 1.198898 0.294556 0.355254
v 19.064341 29.189108 15.804103
vn -1.172987 -1.055720 0.837639
v 15.830390 27.112717 17.540796
vn 0.261443 -0.644531 0.068056
v 17.691168 28.966103 21.248205
vn 1.178422 -2.082000 -2.340984
v 17.698904 28.952805 21.251366
vn -0.289572 -1.709075 0.181117
v 17.216442 28.989025 21.188889
vn -1.451285 0.125311 2.688235
v 17.217005 29.009283 21.188147
vn -0.375526 -1.843276 0.219455
v 17.217005 29.009283 21.188147
vn -1.301973 2.991528 0.703199
v 15.886863 27.335167 17.314121
vn -0.707684 3.200132 0.548126
v 15.834354 27.352264 17.115602
vn 0.911612 0.521000 -1.343302
v 15.772854 27.371855 16.951147
vn 2.277241 -0.431051 -2.451438
v 15.768011 27.433046 16.969521
vn -0.336927 0.625031 -1.494976
v 15.449640 27.490845 16.899101
vn -1.406140 -0.172288 0.960370
v 15.709683 27.168106 17.376135
vn -2.639737 -0.583609 1.273124
v 15.605263 27.249315 17.196854
vn -0.484100 -0.130676 0.042693
v 15.494145 27.361319 17.007292
vn -1.234933 2.613983 -1.041471
v 16.370531 28.830540 19.755999
vn 1.115110 1.738372 -2.624372
v 16.248360 28.700577 19.615969
vn -0.857907 1.895909 -1.533098
v 16.148052 28.556749 19.475485
vn -0.719991 -1.431441 1.089719
v 16.575907 27.537973 18.588106
vn -2.777139 -0.353289 1.571630
v 16.517090 27.462887 18.427042
vn -2.573926 -0.377246 1.500246
v 16.521627 27.447664 18.431446
vn -2.697160 0.351686 1.726515
v 16.414452 27.393185 18.266916
vn -2.530938 0.308707 1.647821
v 16.415171 27.373920 18.271809
vn -2.718275 0.819464 1.633674
v 16.295732 27.338957 18.103436
vn -2.489587 0.761019 1.494482
v 16.292830 27.320210 18.108011
vn 0.560609 -0.994417 0.592798
v 16.588398 27.636717 18.741936
vn -2.476483 1.604388 1.389517
v 16.188726 27.310293 17.932281
vn -1.395749 -0.100061 -0.673982
v 16.232342 28.051342 19.076752
vn -0.279167 1.802193 -2.307028
v 16.161264 28.217844 19.199228
vn -1.634922 -0.005869 -0.388101
v 16.128180 28.387892 19.336027
vn 1.620737 0.381845 0.477873
v 19.082273 29.178083 15.752728
vn 1.081134 -2.237757 0.424064
v 17.902620 29.036480 21.090265
vn 1.766099 0.031550 0.509631
v 18.014738 29.205244 20.692215
vn -1.169504 -0.137195 0.811171
v 15.710329 27.184523 17.379843
vn 0.616871 -0.476709 -3.479236
v 17.691168 28.966103 21.248205
vn -0.341798 -1.559491 0.238100
v 17.426771 28.955214 21.280598
vn -1.480882 0.148086 2.821810
v 17.216442 28.989025 21.188889
vn -0.276658 -1.224943 0.172122
v 17.191725 29.023329 21.247475
vn -1.619117 2.643877 0.960629
v 15.974093 27.314493 17.532207
vn -1.171076 2.620866 0.625827
v 15.869467 27.326580 17.317915
vn -1.984366 2.278176 1.103103
v 16.084478 27.303404 17.744781
vn -1.531635 2.456690 0.904835
v 15.958124 27.303181 17.536173
vn 2.437853 1.792203 -0.414927
v 15.825753 27.365458 17.122057
vn 2.406279 1.790539 -0.453597
v 15.834354 27.352264 17.115602
vn 0.162159 -0.093671 -0.463590
v 15.589244 27.518459 16.889732
vn -1.717006 -0.631162 0.227898
v 15.449640 27.490845 16.899101
vn 1.037124 0.201713 0.285587
v 19.051151 29.770363 15.611843
vn -1.038737 1.178746 -0.299723
v 16.896486 29.301048 20.298082
vn -1.114199 1.135531 -0.344677
v 16.994951 29.440634 20.438908
vn -0.831372 1.259784 -0.360525
v 16.778036 29.164650 20.172165
vn 0.740949 0.660100 -1.220425
v 16.654755 29.044392 20.032099
vn 1.516819 1.334765 -2.579329
v 16.370531 28.830540 19.755999
vn 0.276055 2.450410 -2.549226
v 16.356611 28.844803 19.755194
vn 0.986071 1.532937 -2.311537
v 16.231817 28.710573 19.615541
vn -1.905256 2.141535 1.073247
v 16.071486 27.289694 17.749489
vn -2.331652 0.406987 0.726240
v 16.586117 27.534229 18.589985
vn -2.291155 1.486435 1.288283
v 16.180651 27.293753 17.937004
vn -0.401324 -0.016970 -0.094717
v 16.161264 28.217844 19.199228
vn -1.110335 -0.041567 -0.216858
v 16.116650 28.340336 19.404177
vn 0.725395 -1.625869 0.246691
v 17.857845 29.040775 21.250233
vn 0.265303 -0.637664 -1.915215
v 17.873072 29.035233 21.254124
vn 0.388738 -2.151420 0.757176
v 17.671991 28.950171 21.325481
vn -0.888406 0.266148 2.812132
v 17.426771 28.955214 21.280598
vn -1.024972 0.292464 3.116333
v 17.426708 28.974649 21.278730
vn -0.075803 -0.544604 0.102549
v 17.426708 28.974649 21.278730
vn 1.232671 0.874991 -0.390379
v 15.869467 27.326580 17.317915
vn 0.152913 -0.756106 -2.211530
v 15.811052 27.537029 16.963566
vn 0.500073 -0.209099 -0.036788
v 15.808308 27.494553 17.167696
vn -0.915298 -0.470741 0.182730
v 15.454910 27.556635 17.094984
vn -0.274346 0.304884 -0.714596
v 15.541396 27.640491 16.927721
vn 2.623370 0.311224 0.728872
v 19.045759 29.585667 15.710114
vn -0.963108 1.338414 -0.341281
v 17.110083 29.557308 20.578474
vn 0.054286 0.053045 -0.093184
v 16.778036 29.164650 20.172165
vn 0.716888 0.638894 -1.179521
v 16.641346 29.059593 20.032183
vn -1.021263 0.977942 -0.463278
v 16.139280 28.552212 19.485245
vn -0.260768 0.289744 -0.063558
v 16.231817 28.710573 19.615541
vn -0.180841 0.366395 -0.088524
v 16.521627 27.447664 18.431446
vn -0.281838 1.622922 -0.525069
v 16.415171 27.373920 18.271809
vn -0.267395 1.304029 -0.424078
v 16.368629 27.377104 18.310946
vn -0.561937 0.407448 0.006110
v 16.579786 27.524832 18.634369
vn 0.093746 3.072322 -0.782623
v 16.292830 27.320210 18.108011
vn 0.061621 2.454224 -0.642040
v 16.245920 27.331039 18.144903
vn 0.599997 1.804718 -0.425749
v 16.180651 27.293753 17.937004
vn 2.913764 0.681141 -0.139899
v 17.866983 29.211832 21.170748
vn 0.406958 -0.000452 0.089235
v 17.857124 29.042534 21.248491
vn 0.546570 -1.320676 -4.019996
v 17.857845 29.040775 21.250233
vn 0.507310 -1.136600 0.074678
v 17.873072 29.035233 21.254124
vn -0.588954 -1.318822 3.583343
v 17.665548 28.956924 21.334925
vn -0.542700 0.354843 3.479628
v 17.659790 28.974155 21.332277
vn 1.095892 0.778918 -0.361648
v 15.840466 27.378315 17.341461
vn 1.217480 1.182097 -0.539194
v 15.958124 27.303181 17.536173
vn 0.263144 0.415144 -0.138296
v 16.071486 27.289694 17.749489
vn 0.905866 0.929041 -0.422663
v 15.922622 27.349525 17.561951
vn -0.180209 -0.450981 -0.959727
v 15.742500 27.668896 16.914473
vn 2.023093 -1.103808 0.556319
v 15.811052 27.537029 16.963566
vn -0.946231 0.664114 -1.905199
v 15.406598 27.599520 16.961992
vn -1.005164 1.133896 -0.291251
v 16.886749 29.296333 20.313284
vn -1.027000 1.064894 -0.319917
v 16.985325 29.435921 20.454498
vn -0.035948 0.061712 -0.032642
v 16.762907 29.177742 20.173216
vn -0.750982 0.856802 -0.152453
v 16.316851 28.822247 19.824284
vn 0.413875 1.094005 -0.264625
v 16.136816 27.318245 17.969700
vn 0.155122 -1.049417 1.305708
v 16.165438 28.165249 19.277308
vn -0.455270 -1.674479 2.078605
v 16.135059 28.506252 19.554041
vn 2.913718 0.394207 -0.108984
v 17.867386 29.213734 21.188402
vn 1.026166 -1.133585 -3.285149
v 17.867386 29.213734 21.188402
vn 1.580948 -1.709742 0.351974
v 17.847609 29.027159 21.329275
vn 0.537614 -3.078591 0.865643
v 17.634367 28.989855 21.393240
vn 0.551762 -2.934816 0.985911
v 17.659790 28.974155 21.332277
vn -0.245966 -1.766726 -1.487120
v 15.955159 27.646721 16.884962
vn 0.742877 -0.548670 0.596267
v 15.840284 27.674322 17.053480
vn -1.110193 -0.685690 0.380208
v 15.415614 27.696135 17.161766
vn -0.933233 0.205746 -1.400772
v 15.463986 27.768641 16.958698
vn 1.005920 1.839549 -2.435804
v 16.985325 29.435921 20.454498
vn 1.194544 1.560385 -2.376283
v 16.886749 29.296333 20.313284
vn -0.134263 1.936626 -1.556076
v 17.100592 29.554535 20.594383
vn -0.467343 0.514543 -0.301517
v 16.591803 27.610657 18.849724
vn 1.269313 1.163842 -0.247801
v 17.771908 29.404335 21.072271
vn 1.032119 0.916493 -0.193492
v 17.770823 29.409222 21.089666
vn 0.754547 -0.834701 -2.407304
v 17.883453 29.217916 21.191988
vn 3.049488 0.218110 -0.354162
v 17.885443 29.218582 21.204163
vn 1.901521 0.040310 0.618773
v 17.873072 29.035233 21.254124
vn -0.022394 0.040950 0.176916
v 17.826443 29.042311 21.335571
vn 0.414860 -1.181398 0.307154
v 17.826443 29.042311 21.335571
vn 1.786404 -0.792657 1.518912
v 15.955159 27.646721 16.884962
vn -0.071790 -0.888273 -0.491397
v 15.893098 27.674084 16.844566
vn -1.986215 -1.107998 0.516070
v 15.390002 27.641453 16.988363
vn -1.685116 0.305837 -2.566853
v 15.348050 27.727936 17.029959
vn 0.958819 1.739785 -2.311417
v 16.969015 29.447763 20.456730
vn 0.800508 0.495559 -1.223445
v 17.259399 29.623297 20.731535
vn -0.870322 0.643093 0.153269
v 16.753733 29.177366 20.183561
vn -0.655176 -0.569510 1.113649
v 16.317083 28.812830 19.834446
vn -0.005872 -0.114597 0.141700
v 16.143257 28.333179 19.414911
vn 1.482222 -0.752613 -3.043533
v 17.770823 29.409222 21.089666
vn 1.182077 -0.619409 -2.470992
v 17.783329 29.422117 21.092497
vn 3.116525 0.589790 -0.541658
v 17.883453 29.217916 21.191988
vn -0.282009 0.522219 1.437842
v 17.851721 29.212761 21.278622
vn 0.627831 -1.921459 0.333972
v 17.769199 29.054918 21.487850
vn 0.617160 -1.984282 0.224325
v 17.565069 29.006069 21.617353
vn 0.675257 -0.205026 0.589422
v 15.944520 27.737175 16.928614
vn 0.387690 -0.538612 0.140124
v 16.055393 27.693201 16.786299
vn -0.741921 -0.791458 0.294322
v 15.362361 27.839994 17.222023
vn -2.656802 -1.260098 -1.459979
v 15.283999 27.862724 17.077892
vn -0.479622 -0.981275 -0.042978
v 15.359726 27.868423 16.960649
vn -0.802139 1.224439 -0.388681
v 16.969015 29.447763 20.456730
vn -3.428827 2.249789 0.308401
v 16.861507 29.305782 20.325872
vn 0.626881 0.772192 -1.202115
v 17.087074 29.568453 20.596567
vn -0.090283 -0.048468 0.097536
v 16.221008 28.659233 19.694633
vn -2.218695 -0.079344 -0.572657
v 16.549494 27.718546 18.998697
vn -0.571999 -2.103793 2.610387
v 16.153980 28.501017 19.553968
vn 1.795299 -0.269128 -2.891602
v 17.619164 29.551483 20.980976
vn 1.441932 -0.274664 -2.407776
v 17.625984 29.569105 20.983137
vn 1.175077 1.440007 0.273828
v 17.783329 29.422117 21.092497
vn 1.081644 2.001814 1.099745
v 17.762880 29.422903 21.170980
vn 0.765703 0.707271 2.146989
v 17.836910 29.213634 21.275400
vn 2.011058 0.333608 1.242180
v 17.825748 29.214310 21.290503
vn 1.227487 0.149076 0.410519
v 17.769199 29.054918 21.487850
vn 1.699816 0.178335 0.654390
v 17.826443 29.042311 21.335571
vn -1.739336 1.861011 -0.193501
v 16.960632 29.446066 20.467688
vn -0.425059 1.464750 -0.285300
v 17.087074 29.568453 20.596567
vn 0.769891 0.543724 -1.211834
v 17.251860 29.640203 20.733450
vn 0.140743 0.275385 -0.042285
v 17.439472 29.646069 20.863577
vn -2.579498 -0.598007 2.652279
v 16.734970 29.135481 20.252760
vn -1.749407 0.956981 0.338681
v 16.850870 29.258453 20.394915
vn -0.865403 -0.111553 -0.169454
v 16.525459 27.694237 19.095186
vn -0.664710 1.878634 -0.819336
v 16.504499 27.615953 18.932695
vn -2.170383 -0.614685 -0.200977
v 16.484211 27.789982 19.247795
vn -0.319076 -0.946263 1.033687
v 16.186857 28.166336 19.275637
vn -1.655270 -0.351733 -0.065584
v 16.143257 28.333179 19.414911
vn -2.879014 -0.120185 0.908804
v 16.153980 28.501017 19.553968
vn -2.903000 -0.091804 0.939973
v 16.158751 28.490044 19.567631
vn 0.780625 1.939310 0.208356
v 17.625984 29.569105 20.983137
vn 0.382109 1.126033 0.932480
v 17.754133 29.418510 21.180899
vn -0.818140 -0.651519 -0.117663
v 15.226281 27.926979 17.112906
vn -0.052670 -2.410298 -0.102336
v 15.299678 27.918489 17.275093
vn 0.840735 -2.495838 0.717449
v 15.259478 27.892778 16.955027
vn -1.735199 1.014014 0.439335
v 16.950592 29.398418 20.537603
vn -1.081718 2.245369 0.015919
v 17.079279 29.568415 20.607767
vn -0.054798 -0.063080 0.103757
v 16.616825 29.010284 20.111765
vn -0.830232 -0.622096 1.334912
v 16.330809 28.798326 19.835104
vn -0.340720 0.769041 -0.279179
v 16.525459 27.694237 19.095186
vn 0.264851 2.306919 0.975033
v 17.602158 29.569973 21.061508
vn -0.046667 1.267336 0.832541
v 17.595020 29.563026 21.071587
vn 1.841225 0.273908 0.536667
v 17.674417 29.223181 21.727154
vn 2.375163 0.568870 0.722960
v 17.633512 29.065830 21.947803
vn -0.121184 -0.480654 0.078642
v 15.226281 27.926979 17.112906
vn -1.426945 1.439936 0.594994
v 17.064686 29.526020 20.679321
vn -0.992725 -1.845153 2.477601
v 16.850870 29.258453 20.394915
vn -1.176124 -1.561981 2.341484
v 16.750086 29.122406 20.251711
vn -0.965352 -1.717077 2.337512
v 16.950592 29.398418 20.537603
vn -0.922969 -1.731069 2.318302
v 16.867388 29.247061 20.392973
vn -0.803458 -0.215241 -0.125937
v 16.483515 27.754780 19.362976
vn -1.014889 1.981265 -0.606894
v 16.457445 27.690191 19.195715
vn -1.046116 -0.226381 -0.056296
v 16.152651 28.267595 19.504078
vn -0.736444 0.172823 1.307619
v 17.595020 29.563026 21.071587
vn -0.788658 0.201200 1.413956
v 17.585993 29.546680 21.068878
vn 0.558742 0.151337 0.172563
v 17.612284 29.220215 21.881142
vn 1.395877 0.612576 0.434737
v 17.584919 29.067091 22.104036
vn 0.475112 -0.771785 -0.255410
v 15.232077 27.861887 17.320379
vn 0.740191 -0.703668 0.049282
v 15.226281 27.926979 17.112906
vn 0.771177 -0.490942 0.268506
v 15.194135 27.794640 16.963261
vn -1.204891 -1.413449 2.187319
v 17.064686 29.526020 20.679321
vn -1.026548 -1.802420 2.463876
v 16.966415 29.386152 20.535139
vn -0.233691 0.278729 0.123627
v 17.223690 29.611904 20.818521
vn -0.680206 1.238702 0.754115
v 17.411924 29.640869 20.940729
vn -1.205713 0.817066 0.499517
v 16.616825 29.010284 20.111765
vn -1.905348 2.294475 0.211912
v 16.467178 28.897472 19.987726
vn -0.237705 0.720318 -0.222635
v 16.483515 27.754780 19.362976
vn -0.630198 1.193564 0.728862
v 17.407263 29.632196 20.950771
vn -0.900148 -0.076641 1.355018
v 17.405214 29.613741 20.948366
vn 0.293383 -0.784473 0.077200
v 17.567022 29.068365 22.163023
vn 0.744711 -1.809655 0.162292
v 17.327158 28.990362 22.393908
vn -1.429780 -1.689443 2.594287
v 17.077118 29.511431 20.676672
vn -2.947339 0.076081 3.275075
v 17.229496 29.594643 20.816021
vn -1.516655 -0.834618 2.240256
v 17.223690 29.611904 20.818521
vn -1.298902 0.582541 0.575924
v 16.750086 29.122406 20.251711
vn -1.252163 0.820850 0.534701
v 16.615105 28.998497 20.125832
vn -0.339611 0.156544 0.095978
v 16.867388 29.247061 20.392973
vn -1.360384 0.595266 0.604358
v 16.750780 29.109898 20.265593
vn -2.200261 1.120940 0.595671
v 16.960291 29.343420 20.592932
vn -2.700602 1.358499 0.718303
v 16.966415 29.386152 20.535139
vn -2.177613 -0.523911 -0.590244
v 16.420465 27.848362 19.512524
vn -0.835528 -0.091337 1.256311
v 17.407263 29.632196 20.950771
vn 0.797215 0.445588 0.249770
v 17.481867 29.206322 22.184570
vn 1.796445 1.156735 0.580558
v 17.535315 29.067860 22.260990
vn -0.336257 0.206668 0.113317
v 17.077118 29.511431 20.676672
vn -0.775939 -0.206345 -0.195137
v 16.398834 27.816835 19.620312
vn -0.465867 2.198670 -0.683498
v 16.397213 27.764366 19.452635
vn 1.194208 0.906552 0.401912
v 17.418072 29.189383 22.335249
vn -0.923891 0.876064 0.487134
v 17.226021 29.582865 20.830612
vn -2.179686 -0.672831 -0.476204
v 16.341484 27.893059 19.775118
vn -0.143406 0.750483 -0.179595
v 16.398834 27.816835 19.620312
vn 1.700559 1.884669 0.725179
v 17.438982 29.056091 22.573772
vn 0.564207 -1.062417 0.082443
v 17.410740 29.049030 22.664558
vn -0.688438 -0.259449 -0.148374
v 16.329893 27.854572 19.882551
vn -0.407518 2.304056 -0.438695
v 16.322609 27.820354 19.709602
vn 0.353145 0.437129 0.162372
v 17.357622 29.155703 22.482553
vn -0.029200 0.735423 -0.159365
v 16.329893 27.854572 19.882551
vn 0.457466 -0.670060 0.041725
v 17.189054 28.909592 22.855862
vn -2.108131 -1.103855 -0.440956
v 16.255497 27.936352 20.033503
vn 1.446002 -1.981786 0.185021
v 17.332439 29.009468 22.887716
vn 0.988469 -1.151375 0.205808
v 17.138374 28.864967 23.011387
vn 0.588261 -0.865089 -0.041706
v 15.139101 27.054544 16.698362
vn -0.625889 -0.359179 -0.056120
v 16.244431 27.917538 20.133505
vn 0.115506 2.311693 -0.540683
v 16.246506 27.877871 19.964352
vn 0.822193 -0.480267 -0.118478
v 15.182983 27.142519 17.048746
vn 1.756509 -0.911619 -0.303607
v 15.236262 27.197968 17.232843
vn 0.347464 0.829708 0.235441
v 17.385075 29.035948 22.745243
vn 0.602933 -0.503501 0.192743
v 17.096235 28.811445 23.164959
vn 0.514970 -1.827399 -0.051869
v 15.145384 27.025459 16.529051
vn -1.988774 -1.331142 0.273139
v 16.207283 28.005091 20.289713
vn 0.112942 0.723467 -0.190772
v 16.244431 27.917538 20.133505
vn 0.549882 -0.781236 0.019950
v 15.237432 27.128199 17.449102
vn 0.210575 2.161381 0.456792
v 17.181257 29.016815 22.929731
vn 1.664202 -1.582715 0.466771
v 17.205048 28.956589 23.203732
vn 0.765220 -0.720610 -0.087673
v 15.080187 27.005133 16.892294
vn 1.040984 -1.889859 -0.078955
v 15.050345 26.993414 16.714455
vn -0.616545 -0.292719 0.045011
v 16.228218 27.994621 20.391119
vn 0.529618 2.293759 -0.653005
v 16.195389 27.952389 20.216148
vn 1.887736 -1.071774 -0.285664
v 15.127327 27.041111 17.073586
vn 0.706498 2.372254 0.610060
v 17.205048 28.956589 23.203732
vn 1.464848 -0.785088 0.513804
v 17.138069 28.937138 23.362442
vn -0.278848 -1.032070 0.053347
v 14.999996 26.989077 16.367376
vn 0.263154 0.616107 -0.211458
v 16.228218 27.994621 20.391119
vn 0.097209 -1.997588 0.434769
v 15.062070 27.083771 17.284182
vn -0.259852 -2.040934 0.490431
v 15.127327 27.041111 17.073586
vn 0.169200 0.491913 0.131694
v 17.115292 29.019741 23.083160
vn 0.845553 1.295494 0.518356
v 17.138069 28.937138 23.362442
vn 0.616581 -0.179216 0.231984
v 17.028318 28.708641 23.477623
vn -0.449535 -0.973569 0.216858
v 15.080187 27.005133 16.892294
vn -0.597653 -0.785453 0.152047
v 14.957589 27.066368 16.726728
vn -1.362026 -1.661781 0.305001
v 15.050345 26.993414 16.714455
vn -1.318377 -1.338996 0.207982
v 14.935739 27.080582 16.549170
vn -2.412547 -0.341437 -0.089726
v 16.205854 28.111259 20.548595
vn -0.194144 -1.001452 0.249223
v 15.019566 27.067160 17.094313
vn 2.055224 0.365853 0.900357
v 17.071287 28.915884 23.523520
vn -0.724895 -0.099148 -0.001545
v 16.203074 28.105093 20.646807
vn 1.093137 2.004948 -0.758756
v 16.174673 28.053885 20.470577
vn 0.547734 0.665908 0.314953
v 16.982702 29.047773 23.398724
vn -2.367159 -0.303206 0.146768
v 16.200073 28.207602 20.810177
vn 0.322520 0.627232 -0.215906
v 16.203074 28.105093 20.646807
vn -0.544942 -0.033990 0.017531
v 16.208868 28.188509 20.912584
vn 1.037225 2.089148 -0.678306
v 16.162630 28.152504 20.730986
vn 0.382173 0.511803 -0.205586
v 16.208868 28.188509 20.912584
vn -1.258630 0.999275 0.247585
v 16.460751 28.969133 22.639116
vn -2.517899 0.239587 0.084336
v 16.225534 28.414145 21.341976
vn 1.581807 1.708450 -0.780458
v 16.172367 28.260353 20.995874
vn -2.368637 0.702353 0.021401
v 16.274981 28.632915 21.897745
vn -1.867442 1.732379 -0.260980
v 16.366102 28.842485 22.469450
vn -2.870892 1.303796 -0.562430
v 16.209820 28.307659 21.175337
vn 0.433831 0.473431 -0.199247
v 16.209820 28.307659 21.175337
vn -0.656196 0.095467 0.001604
v 16.228975 28.400061 21.450640
vn -2.394235 0.686452 -0.204335
v 16.250324 28.524334 21.617977
vn -0.586319 0.233339 -0.026322
v 16.272711 28.621841 22.009937
vn -2.119172 1.381970 -0.381437
v 16.318401 28.738609 22.179152
vn -0.774755 0.651366 0.061181
v 16.353792 28.847076 22.588009
vn -0.619621 2.819459 -0.947907
v 16.455261 28.930117 22.768679
vn 1.610518 1.768693 -0.705696
v 16.182419 28.368153 21.264420
vn -0.635110 0.184292 -0.033046
v 16.241894 28.526613 21.724409
vn -0.468252 0.347413 -0.078141
v 16.306664 28.751587 22.291380
vn 0.456751 0.410769 -0.193926
v 16.228975 28.400061 21.450640
vn 0.496768 0.282502 -0.171084
v 16.272711 28.621841 22.009937
vn 0.483689 0.387178 -0.189139
v 16.241894 28.526613 21.724409
vn 1.888460 1.509893 -0.707394
v 16.223484 28.592524 21.815945
vn 0.585497 0.257628 -0.242755
v 16.353792 28.847076 22.588009
vn 0.560298 0.285861 -0.186064
v 16.306664 28.751587 22.291380
vn 2.082983 1.131432 -0.695165
v 16.297245 28.828684 22.388638
vn 0.240177 0.440788 -0.272876
v 16.437265 28.985228 22.884642
vn 0.004376 0.200859 -0.094778
v 16.353792 28.847076 22.588009
vn 1.839828 1.475533 -0.768898
v 16.201294 28.479511 21.536871
vn 2.207859 0.998755 -0.726783
v 16.263342 28.708328 22.100327
vn 2.087509 0.798738 -0.959427
v 16.358355 28.948620 22.682474
vn 0.329445 -0.884818 1.583853
v 13.759537 28.626642 24.597130
vn 0.053847 -0.477905 0.291509
v 13.498249 28.428694 24.320875
vn 0.246213 -0.515256 0.000001
v 13.088110 28.327423 24.095760
vn 0.311265 1.982529 -0.569715
v 12.507317 29.299873 24.401150
vn 0.133717 0.033673 0.604402
v 13.566411 28.969183 24.620773
vn 0.510731 -1.562549 1.716852
v 13.535253 28.631474 24.646481
vn 0.085052 2.854756 -0.718942
v 10.147888 29.311314 23.931364
vn 0.270898 2.625408 -0.824087
v 12.058042 29.305658 24.210854
vn 0.507237 0.171288 1.528145
v 13.535253 28.631474 24.646481
vn 2.740047 -0.139845 -1.911700
v 13.332939 28.444414 24.435055
vn 0.010263 1.286122 -0.323443
v 9.604395 29.310196 23.875000
vn 0.082279 1.761281 -0.505099
v 11.807255 29.307693 24.142984
vn 0.034194 1.200420 -0.304870
v 10.691021 29.310043 24.008358
vn 0.040684 0.275416 -0.083535
v 12.303840 29.313971 24.339039
vn 1.937923 1.543812 1.667674
v 13.379506 28.884949 24.723536
vn 2.490865 0.281257 1.178126
v 13.466493 28.616060 24.668098
vn 1.093379 -2.338985 -0.006663
v 13.093710 28.330099 24.155502
vn 1.650757 0.702006 -2.728188
v 12.733138 29.275784 24.558287
vn -0.029494 2.783538 -0.735656
v 9.054590 29.305902 23.855614
vn 0.014717 1.686196 -0.424031
v 9.597914 29.321201 23.918554
vn 0.053996 1.870094 -0.474855
v 10.699265 29.321121 24.052902
vn 0.008391 0.199188 -0.055478
v 11.547069 29.319862 24.143034
vn 0.370960 3.062815 -0.979416
v 12.071167 29.316853 24.250834
vn 0.858488 1.063123 -1.712122
v 12.518383 29.310347 24.443644
vn 0.064971 1.253616 -0.362876
v 11.819270 29.318863 24.183891
vn 0.902803 1.792833 0.812403
v 13.179963 29.057329 24.710199
vn 0.149085 -0.665160 -0.046298
v 12.851380 28.295994 23.865154
vn 2.105210 1.251673 1.217777
v 13.390219 28.825493 24.766127
vn 0.092902 -0.078337 0.239647
v 13.390219 28.825493 24.766127
vn 1.033773 0.404745 -0.252340
v 13.478009 28.597078 24.684361
vn 2.336372 -0.053017 -1.647267
v 13.340064 28.416267 24.446070
vn 2.456575 -0.199918 -2.229495
v 13.093710 28.330099 24.155502
vn 0.754661 1.987064 0.119083
v 12.954569 29.187525 24.627741
vn 0.000518 0.312001 -0.080145
v 9.319760 29.319389 23.902523
vn -0.088227 2.626826 -0.728083
v 7.939965 29.296675 23.908073
vn 0.098164 3.078650 -0.776058
v 10.152936 29.322372 23.975870
vn 1.240291 0.345154 -2.855052
v 12.303840 29.313971 24.339039
vn 0.957061 0.323787 -2.963190
v 12.071167 29.316853 24.250834
vn 0.957586 0.325645 -2.976466
v 12.069833 29.350655 24.254091
vn 1.246219 0.350829 -2.864813
v 12.302936 29.347614 24.342726
vn 0.459486 0.791863 0.445373
v 13.193689 29.028303 24.759001
vn 0.006501 -0.703321 -0.033409
v 12.394723 28.311111 23.440388
vn 2.607587 2.034949 -1.686227
v 13.390219 28.825493 24.766127
vn 1.855179 1.365613 -1.140781
v 13.403918 28.823124 24.784899
vn 2.177773 -0.178772 -1.983561
v 13.096174 28.297825 24.161116
vn 0.515392 -2.343897 -0.162122
v 12.852906 28.292660 23.917967
vn 0.718047 0.221391 -1.434302
v 12.519346 29.343475 24.449095
vn 0.374956 0.941314 0.111869
v 12.966452 29.180086 24.676565
vn -0.042176 3.083929 -0.818420
v 9.039604 29.316893 23.897802
vn -0.004628 0.196583 -0.053298
v 8.183959 29.308014 23.927507
vn 0.228995 0.341480 -3.113411
v 9.597914 29.321201 23.918554
vn 0.106237 0.818493 -3.022318
v 9.319760 29.319389 23.902523
vn 0.224345 0.375456 -3.112299
v 9.597336 29.354937 23.922361
vn 0.398449 0.341710 -3.097346
v 10.152936 29.322372 23.975870
vn 0.322368 0.029193 -3.122216
v 9.875703 29.355909 23.947262
vn 0.383446 0.354238 -3.094348
v 10.698597 29.354858 24.056683
vn 0.399511 0.355277 -3.095233
v 10.152221 29.356108 23.979650
vn 0.383679 0.355073 -3.100446
v 10.699265 29.321121 24.052902
vn 0.396977 0.342220 -3.094239
v 11.547069 29.319862 24.143034
vn 0.634957 0.332190 -3.045950
v 11.819270 29.318863 24.183891
vn 0.634634 0.333772 -3.061634
v 11.818215 29.352642 24.187355
vn 1.836022 1.478083 -2.550911
v 13.193689 29.028303 24.759001
vn 1.484404 1.222137 -2.023599
v 13.206792 29.042995 24.777130
vn 2.084250 -0.194698 -2.171684
v 12.852468 28.258884 23.920567
vn 2.263840 -0.224657 -2.356850
v 12.852906 28.292660 23.917967
vn 1.455293 0.516099 -2.488359
v 12.737432 29.306583 24.567059
vn 1.711343 0.890440 -2.767361
v 12.966452 29.180086 24.676565
vn -0.031184 0.348979 -3.116642
v 9.039604 29.316893 23.897802
vn -0.029005 0.369966 -3.123940
v 9.039311 29.350634 23.901583
vn -0.147302 3.140811 -0.893793
v 7.918894 29.306471 23.945969
vn -0.149081 2.413348 -0.788544
v 7.466596 29.300043 24.021595
vn 0.396521 0.343090 -3.099404
v 11.546272 29.353621 24.146669
vn 1.476660 0.786285 -2.367370
v 12.975601 29.205286 24.690449
vn 0.020747 -2.472398 -0.113971
v 12.397431 28.309004 23.485271
vn -0.010092 -0.639494 -0.003984
v 12.171721 28.314068 23.244175
vn 2.107306 -0.554707 -2.242035
v 12.616494 28.263323 23.702881
vn -0.163123 0.326859 -3.111607
v 8.183959 29.308014 23.927507
vn -0.417418 0.297035 -3.072631
v 7.918894 29.306471 23.945969
vn -0.416461 0.304032 -3.112881
v 7.920043 29.340271 23.949102
vn -0.022999 0.343984 -0.106567
v 7.692785 29.306915 23.991816
vn 2.084853 -0.640480 -2.239925
v 12.397431 28.309004 23.485271
vn -0.162879 0.329620 -3.127733
v 8.184336 29.341791 23.931047
vn -0.848501 0.281016 -3.057865
v 7.695195 29.340719 23.994232
vn -0.828524 0.269789 -2.955550
v 7.692785 29.306915 23.991816
vn -0.193912 3.117974 -1.018120
v 7.488870 29.315893 24.065893
vn 0.107954 -0.766355 -0.076747
v 11.937692 28.300932 23.077829
vn 2.018707 -0.182737 -2.511620
v 12.175982 28.279781 23.287643
vn -0.023827 -2.519200 -0.025244
v 12.176442 28.313734 23.285828
vn -1.268147 0.295868 -2.936731
v 7.492132 29.349686 24.067883
vn -0.746017 0.379367 -1.523973
v 7.290385 29.339949 24.169044
vn -1.204924 0.281870 -2.796590
v 7.488870 29.315893 24.065893
vn 1.910565 -0.152156 -2.382238
v 12.176442 28.313734 23.285828
vn -1.676306 0.344499 -2.490061
v 7.097443 29.351192 24.291031
vn -0.752995 0.168772 -1.458811
v 7.293199 29.373730 24.171484
vn 1.213766 -2.293407 -1.491281
v 11.941323 28.297237 23.119833
vn 0.949873 -0.071189 -1.344986
v 11.942477 28.263405 23.122406
vn -1.647106 0.338497 -2.446679
v 7.098397 29.384609 24.295012
vn -0.919494 0.197027 -1.269284
v 6.910150 29.321745 24.421633
vn 0.822475 -0.078249 -1.327489
v 11.484965 28.217728 22.841637
vn -0.914960 0.194323 -1.263414
v 6.907734 29.354090 24.428404
vn 1.377604 -0.193248 -2.648354
v 11.264186 28.180515 22.718855
vn 0.862236 -0.084140 -1.401501
v 11.486732 28.183947 22.844723
vn 1.025701 -0.799947 -0.596499
v 17.030453 29.172005 0.491226
vn -0.858759 0.259598 -1.279556
v 6.710949 29.275908 24.558823
vn -0.872051 0.271260 -1.308879
v 6.717669 29.246466 24.548244
vn 1.163572 -0.638792 -0.532155
v 17.128004 29.334005 0.511807
vn 1.388411 -0.195647 -2.679982
v 11.264737 28.146646 22.721613
vn 1.610853 -1.775434 -1.174232
v 16.767580 28.895575 0.454301
vn 0.286464 -0.247932 -0.176983
v 16.898548 29.044159 0.435861
vn 1.247812 -0.932885 -0.703998
v 17.021864 29.188107 0.454863
vn 2.445258 -0.447594 -0.927085
v 17.188517 29.513609 0.532883
vn -0.794321 0.439995 -1.296067
v 6.497787 29.143805 24.673466
vn -0.782867 0.450180 -1.286277
v 6.509161 29.120220 24.658289
vn 0.099704 -0.017757 -0.234272
v 11.029581 28.139772 22.610811
vn 0.899193 -0.207730 -2.725336
v 10.778576 28.180611 22.512869
vn 0.336681 -0.102656 -1.474839
v 10.504930 28.184671 22.434900
vn 0.626417 -1.093893 -0.620529
v 16.613676 28.783810 0.438587
vn 1.410546 -0.722200 -0.635906
v 17.118732 29.347771 0.475009
vn 0.987840 -0.227883 -2.988990
v 10.777398 28.146688 22.515066
vn 0.188589 -0.105805 -1.450878
v 9.944915 28.189148 22.306665
vn -0.450059 -0.013251 -2.771528
v 9.232918 28.189760 22.326088
vn -0.093625 -0.104403 -1.387272
v 9.450549 28.191803 22.288244
vn 0.510959 -1.194363 -0.678157
v 16.445549 28.694977 0.424616
vn 0.799272 -1.335409 -0.768891
v 16.609360 28.801882 0.402372
vn 1.937702 -2.104284 -1.396737
v 16.761236 28.913671 0.418237
vn 0.024367 0.360872 -2.957259
v 17.021864 29.188107 0.454863
vn -0.007546 0.411517 -3.011329
v 16.898548 29.044159 0.435861
vn -0.007712 0.439199 -3.213458
v 16.886127 29.055359 0.437430
vn 0.059968 0.324102 -2.894433
v 17.118732 29.347771 0.475009
vn 0.029471 0.398162 -3.279569
v 17.007872 29.197296 0.455860
vn 0.386401 0.001454 -0.106091
v 17.199020 29.712374 0.518940
vn 2.949453 -0.494895 -1.103821
v 17.176720 29.525410 0.496070
vn -0.095259 0.068657 -0.106977
v 6.280162 28.956623 24.740408
vn 0.380259 -0.114565 -1.637669
v 10.504313 28.150753 22.437120
vn 0.211898 -0.115515 -1.586646
v 9.945233 28.155241 22.309179
vn 0.006870 -0.020084 -0.270823
v 9.684067 28.156832 22.275116
vn -0.346179 -0.127737 -1.407187
v 9.018060 28.182016 22.358334
vn 0.628646 -1.413096 -0.802265
v 16.442364 28.714037 0.388648
vn 0.029775 0.381544 -2.992009
v 16.761236 28.913671 0.418237
vn 0.030458 0.415689 -3.239923
v 16.750427 28.926504 0.419775
vn 0.068767 0.374863 -3.348991
v 17.103397 29.354475 0.475434
vn 0.000016 0.355144 -2.924469
v 17.176720 29.525410 0.496070
vn 1.302277 0.107012 -0.268353
v 17.196960 29.896688 0.582443
vn -2.465137 2.007641 -1.326805
v 6.083491 28.718010 24.709944
vn -0.134085 -0.120808 -1.757777
v 9.451657 28.157909 22.290720
vn -0.394311 -0.136314 -1.659453
v 9.020768 28.148205 22.360737
vn -1.197465 -0.269280 -2.636181
v 8.528131 28.171928 22.527292
vn 1.147953 0.660282 -0.083056
v 17.050413 30.243580 0.626955
vn 0.062567 0.338605 -2.971487
v 16.609360 28.801882 0.402372
vn 0.057109 0.367894 -3.014520
v 16.442364 28.714037 0.388648
vn 0.063315 0.398741 -3.283412
v 16.434790 28.729036 0.390335
vn 0.068334 0.373280 -3.270072
v 16.600183 28.815979 0.403781
vn -0.003070 0.403477 -3.313000
v 17.160444 29.529060 0.496525
vn -0.030295 0.383078 -2.945061
v 17.199020 29.712374 0.518940
vn 1.758516 0.182475 -0.340325
v 17.188871 29.900005 0.544511
vn -0.299766 -0.907341 0.386580
v 5.910186 28.524469 24.587931
vn -0.080524 -0.023520 -0.247270
v 8.791646 28.140425 22.417809
vn -0.570659 -0.115802 -1.300000
v 8.250069 28.169132 22.661783
vn 1.197546 0.337884 -0.107759
v 17.143559 30.080751 0.607688
vn 0.918732 1.081077 -0.064800
v 16.918787 30.356823 0.644438
vn 0.074106 0.347379 -3.060963
v 16.265989 28.643547 0.376537
vn 0.641159 -2.081510 -1.308847
v 16.087187 28.564529 0.401497
vn -0.029829 0.427169 -3.284492
v 17.182356 29.712816 0.519174
vn 0.127957 0.407745 -2.902505
v 17.188871 29.900005 0.544511
vn 0.688642 -1.107756 -0.364213
v 13.309454 28.468977 0.298569
vn -1.942712 1.509131 -1.065303
v 6.069986 28.713207 24.727768
vn -2.078571 -1.522933 -0.176316
v 5.980664 28.508638 24.605425
vn -0.691216 -0.140855 -1.565251
v 8.250988 28.135292 22.664394
vn -1.369784 -0.229460 -2.574186
v 7.694420 28.149881 22.917019
vn 1.799304 0.558790 -0.158831
v 17.140253 30.080074 0.568825
vn 0.280607 1.469708 -0.032497
v 16.749950 30.392118 0.664339
vn 1.537717 0.970015 -0.110998
v 17.047144 30.244354 0.587926
vn 0.088151 0.322888 -3.264229
v 15.898783 28.552856 0.357330
vn 0.147290 -0.431705 -0.264166
v 16.183891 28.613367 0.371200
vn 0.157667 0.465907 -3.310759
v 17.172499 29.897512 0.543411
vn 0.548232 -1.198567 -0.400421
v 13.478510 28.543194 0.304954
vn -0.072625 -1.299126 -0.383943
v 14.022618 28.589268 0.326175
vn 0.828275 -0.967301 -0.399346
v 13.149940 28.370762 0.291355
vn 0.999759 -0.763048 -0.440046
v 12.559350 27.597721 0.256271
vn -1.258205 0.147063 -0.724139
v 5.970345 28.487072 24.620115
vn -0.292344 -0.743761 0.048798
v 6.090488 28.381475 24.392122
vn -1.294550 -0.291315 -2.852542
v 8.529989 28.138134 22.529900
vn -0.091548 -0.017625 -0.200597
v 7.969834 28.125860 22.788652
vn -1.907990 -0.221020 -2.243489
v 7.204501 28.153227 23.243759
vn 1.013360 1.363052 -0.073377
v 16.912590 30.359770 0.605743
vn 0.080722 0.320272 -3.056423
v 16.085955 28.583830 0.365519
vn 0.328035 -1.524688 -0.794265
v 15.902589 28.536394 0.355813
vn 0.248542 -1.225936 -0.620962
v 15.902711 28.518030 0.392117
vn 0.312579 0.477223 -2.833050
v 17.140253 30.080074 0.568825
vn 0.096090 -1.280983 -0.410263
v 13.837482 28.600788 0.318871
vn 0.985416 -0.799996 -0.452883
v 13.006272 28.248732 0.283975
vn 1.098859 -1.329167 -0.534670
v 13.142436 28.379978 0.253468
vn -2.353481 -0.035366 -1.592023
v 6.084311 28.351742 24.402027
vn -0.928023 -2.222839 -0.166456
v 6.103468 28.381775 24.315750
vn -2.806749 -0.050245 -1.902940
v 6.090488 28.381475 24.392122
vn -0.935232 -2.148506 -0.527661
v 6.327596 28.316961 24.068590
vn -1.467367 -0.245326 -2.750335
v 7.695860 28.115976 22.919275
vn -0.127051 -0.017787 -0.189659
v 7.438395 28.111776 23.072886
vn 0.376282 0.562285 -3.323331
v 17.125345 30.074350 0.566181
vn 0.301620 0.607300 -2.720272
v 17.047144 30.244354 0.587926
vn -0.246995 1.531586 -0.054963
v 16.564804 30.367121 0.683631
vn 0.380219 0.749729 -3.373683
v 17.035419 30.234539 0.584420
vn 0.033828 0.722125 -2.539764
v 16.912590 30.359770 0.605743
vn 0.233094 1.601937 -0.038266
v 16.739605 30.393250 0.626207
vn 0.082736 0.299629 -3.050912
v 15.902589 28.536394 0.355813
vn 0.098816 0.296050 -3.218178
v 15.713355 28.519423 0.349083
vn 0.888422 -1.477421 -0.486722
v 13.304733 28.478558 0.260502
vn 0.346165 -1.252006 -0.436668
v 13.655166 28.588701 0.311419
vn -0.094067 -1.574747 -0.472243
v 14.024631 28.600430 0.288026
vn 0.101427 -1.701611 -0.540026
v 13.837849 28.612991 0.280855
vn 2.335135 -1.474046 -0.701354
v 12.775960 27.940954 0.270327
vn 1.287848 -1.090603 -0.594733
v 12.996366 28.257870 0.246279
vn 0.764098 -0.999679 -0.501406
v 12.284045 27.283577 0.243773
vn 0.897015 -0.873722 -0.483447
v 12.433104 27.434113 0.249390
vn -2.280944 -0.171758 -2.056430
v 6.314298 28.273941 24.135336
vn -0.320182 -0.741039 -0.159090
v 6.316883 28.306604 24.129749
vn -1.983938 -0.230647 -2.343653
v 7.205385 28.119326 23.246347
vn -0.167395 -0.015573 -0.166623
v 7.004771 28.144697 23.436506
vn -2.192279 -0.224289 -2.135339
v 6.802538 28.214560 23.643749
vn 0.039760 0.990665 -3.491391
v 16.905367 30.346394 0.601848
vn -0.289253 0.756270 -2.684447
v 16.739605 30.393250 0.626207
vn 0.129737 0.088887 -3.100598
v 15.716210 28.502748 0.347640
vn 0.672675 -1.548135 -0.520084
v 13.475618 28.554565 0.266958
vn -0.388956 -2.631852 -1.052091
v 14.579316 28.496557 0.342803
vn 0.408368 -1.624136 -0.560702
v 13.653763 28.601532 0.273518
vn 1.292506 -0.976156 -0.557961
v 12.548529 27.605322 0.218506
vn 0.312005 -0.224139 -0.117682
v 12.874171 28.111275 0.239351
vn 0.115879 0.042611 -3.289593
v 13.142436 28.379978 0.253468
vn 0.055407 0.118763 -3.318484
v 12.996366 28.257870 0.246279
vn 0.051037 0.103730 -2.960285
v 12.984483 28.269855 0.246509
vn 0.107703 0.034666 -2.989482
v 13.132433 28.393484 0.253277
vn 0.147914 -0.038161 -3.265125
v 13.304733 28.478558 0.260502
vn 1.220122 -1.158258 -0.643440
v 12.422368 27.443869 0.211838
vn 0.220525 2.556441 -0.721035
v 13.292228 30.310741 0.819549
vn -2.382933 -0.168706 -2.151869
v 6.316883 28.306604 24.129749
vn -0.577641 1.323672 -0.234332
v 16.384281 30.299482 0.699299
vn -0.300246 1.546318 -0.081591
v 16.553690 30.363979 0.646021
vn -0.370990 0.926650 -3.328958
v 16.737885 30.378231 0.622183
vn 0.066337 0.076198 -1.668165
v 15.149202 28.470543 0.325428
vn -1.225085 0.508524 -0.500422
v 15.715063 28.822163 0.849651
vn -0.031156 -1.271823 -0.528327
v 15.146518 28.438194 0.361837
vn 0.128670 -0.010916 -3.299692
v 13.475618 28.554565 0.266958
vn 0.137001 -0.036145 -3.010674
v 13.296962 28.493456 0.259964
vn 0.113536 -0.022495 -2.976805
v 13.837299 28.629858 0.280728
vn 0.125288 -0.018970 -3.268343
v 13.837849 28.612991 0.280855
vn 0.109666 0.030149 -2.944506
v 13.650896 28.618134 0.273590
vn 0.089239 -0.225309 -3.223291
v 14.024631 28.600430 0.288026
vn -0.046007 -0.386013 -0.156153
v 14.770698 28.480984 0.311006
vn 0.124539 0.034682 -3.334531
v 13.653763 28.601532 0.273518
vn 0.044342 0.111127 -3.262289
v 12.874171 28.111275 0.239351
vn 0.041218 0.102832 -3.016133
v 12.860934 28.121841 0.239531
vn 0.533560 -1.140015 -0.416323
v 12.104376 27.150925 0.240510
vn 1.032877 -1.309382 -0.663067
v 12.274322 27.294941 0.206299
vn 0.683502 1.120739 -0.298703
v 13.489685 30.269791 0.830630
vn -2.190134 0.085214 -2.204873
v 6.562719 28.220394 23.881882
vn -2.246732 -0.186288 -2.192310
v 6.802055 28.180761 23.647116
vn -0.441772 0.537708 -2.817408
v 16.553690 30.363979 0.646021
vn -1.086277 0.627093 -0.441056
v 15.985976 29.898140 0.750836
vn 0.025784 -1.366816 -2.125807
v 15.149202 28.453569 0.324667
vn -1.269504 0.301473 -0.516485
v 15.787603 28.986763 0.835676
vn 1.230766 0.350317 -0.375868
v 13.998693 29.691753 0.856627
vn -0.114935 -1.266934 -0.518530
v 14.956199 28.446205 0.354865
vn 0.115598 -0.007769 -2.978980
v 13.470274 28.570501 0.266702
vn 0.093522 -0.010264 -3.073005
v 14.213194 28.592197 0.293782
vn 0.116271 0.100814 -3.083417
v 14.770698 28.480984 0.311006
vn 0.036251 0.097007 -3.048444
v 12.548529 27.605322 0.218506
vn -0.014319 0.130922 -3.019509
v 12.422368 27.443869 0.211838
vn -0.013945 0.139892 -3.257238
v 12.409826 27.455194 0.212387
vn 0.039856 0.101692 -3.230374
v 12.534938 27.615509 0.218659
vn 0.158634 -1.253899 -0.322570
v 11.899968 27.059433 0.236914
vn 0.760898 -1.542293 -0.581208
v 12.097251 27.161385 0.202736
vn -0.023282 0.130394 -2.996254
v 12.274322 27.294941 0.206299
vn -0.027197 0.145600 -3.279941
v 12.263604 27.307775 0.206959
vn 0.928497 0.913999 -0.364516
v 13.663572 30.168285 0.837992
vn -0.044690 0.345357 -0.107585
v 13.085279 30.287645 0.768828
vn 0.852816 1.517535 -0.406502
v 13.487489 30.260948 0.792426
vn -0.507222 1.244992 -0.409382
v 12.659926 30.157293 0.780546
vn -0.286950 1.284881 -0.434680
v 12.866985 30.247395 0.793957
vn -0.698105 1.490691 -0.300730
v 16.380316 30.291130 0.661895
vn -0.771028 1.042958 -0.429167
v 16.220753 30.194780 0.714412
vn -0.511554 0.605997 -3.283574
v 16.557312 30.348793 0.642595
vn -0.933115 0.838334 -0.461421
v 16.086565 30.058590 0.732056
vn 0.122313 0.108026 -3.232147
v 14.772674 28.497864 0.311640
vn -1.095579 0.745030 -0.555850
v 15.610058 28.677456 0.861052
vn -1.566263 0.405448 -0.637527
v 15.800633 28.978016 0.798543
vn 2.555606 0.750476 -1.048422
v 14.142362 29.143867 0.871392
vn 0.285997 0.075720 -0.096375
v 14.041882 29.505003 0.823993
vn 2.221052 1.237533 -0.825514
v 13.918662 29.866096 0.850315
vn -0.135100 -1.630655 -0.668581
v 14.959578 28.461174 0.317542
vn 0.120087 0.117487 -3.072556
v 14.959578 28.461174 0.317542
vn 0.273072 -1.750976 -0.466738
v 11.896304 27.068777 0.198790
vn 0.051383 0.020141 -2.926725
v 12.097251 27.161385 0.202736
vn 0.055320 0.029318 -3.356013
v 12.089440 27.175951 0.202718
vn 0.263348 3.061645 -0.863552
v 13.293533 30.299896 0.781497
vn 1.193523 1.239535 -0.472946
v 13.657557 30.159256 0.800031
vn -0.371681 0.145902 -2.903203
v 16.380316 30.291130 0.661895
vn -1.285472 1.100076 -0.620556
v 16.094910 30.047174 0.694439
vn -1.204774 0.360461 -0.479401
v 15.923255 29.720657 0.769362
vn -1.469618 0.654683 -0.616974
v 15.725762 28.811371 0.812492
vn -0.295798 0.056683 -0.136754
v 15.849336 29.156807 0.783193
vn 0.262193 1.290804 -0.472603
v 14.766768 28.543446 0.883589
vn 1.656841 0.501163 -0.514011
v 13.988641 29.686371 0.818696
vn 0.292300 0.237884 -0.115067
v 13.799443 30.017553 0.806133
vn -0.156085 -1.284934 -0.347110
v 11.676686 27.032385 0.230287
vn -0.169386 -1.733359 -0.466107
v 11.676634 27.042706 0.192104
vn 0.118752 -0.112494 -3.452827
v 11.892076 27.084755 0.198107
vn 0.086683 -0.091457 -2.892005
v 11.676634 27.042706 0.192104
vn 0.100828 -0.107462 -3.385789
v 11.676281 27.059231 0.191569
vn 0.098125 -0.094769 -2.824433
v 11.896304 27.068777 0.198790
vn -0.709708 1.145684 -0.433766
v 12.470778 30.035023 0.765605
vn 0.171425 0.061337 -2.879287
v 13.293533 30.299896 0.781497
vn 0.201539 0.069096 -3.392194
v 13.291814 30.283518 0.781053
vn 0.176579 0.000481 -2.956359
v 13.085279 30.287645 0.768828
vn 0.229468 0.119945 -3.474392
v 13.481755 30.245562 0.791510
vn -0.389502 1.615514 -0.545056
v 12.872279 30.235739 0.756008
vn 0.134519 0.002575 -2.892640
v 13.657557 30.159256 0.800031
vn 0.162572 0.008050 -3.384527
v 13.648053 30.145897 0.799558
vn 0.182825 0.094869 -2.793236
v 13.487489 30.260948 0.792426
vn -0.415676 0.144693 -3.321285
v 16.387989 30.276821 0.660259
vn -1.031277 1.328938 -0.564993
v 16.225412 30.182823 0.676984
vn -1.498634 0.812604 -0.606951
v 15.995980 29.888960 0.713145
vn -0.819026 0.969892 -0.584928
v 15.474259 28.568756 0.870121
vn -1.264813 0.927371 -0.669302
v 15.619268 28.663555 0.824267
vn 0.125095 -0.296165 -3.011531
v 15.865757 29.152920 0.784271
vn 0.055699 -0.294078 -3.283926
v 15.800633 28.978016 0.798543
vn 0.135599 -0.318937 -3.234620
v 15.849336 29.156807 0.783193
vn 0.046679 -0.264648 -2.972909
v 15.816335 28.972094 0.799327
vn -0.004362 -0.266523 -3.332804
v 15.725762 28.811371 0.812492
vn 0.069503 1.317807 -0.434103
v 14.946256 28.505859 0.883368
vn 0.466664 1.235485 -0.466444
v 14.595493 28.607800 0.883593
vn 0.689352 1.139180 -0.465602
v 14.440443 28.700951 0.882585
vn 1.066133 0.718365 -0.549732
v 14.208448 28.974369 0.875831
vn 2.751656 0.823235 -1.131433
v 14.128904 29.137516 0.834041
vn 0.076356 -0.070510 -3.086834
v 14.041882 29.505003 0.823993
vn 0.082004 -0.072451 -3.191136
v 14.025631 29.500023 0.823692
vn 0.096999 -0.061275 -2.990864
v 13.988641 29.686371 0.818696
vn 2.647503 1.470757 -0.983143
v 13.908816 29.858574 0.812548
vn 0.070327 -0.080350 -3.323250
v 11.450191 27.088778 0.184827
vn -0.652117 1.525882 -0.508896
v 12.666246 30.147339 0.742444
vn 0.197756 0.000160 -3.314795
v 13.087378 30.271151 0.768960
vn 0.170424 0.055733 -2.970208
v 12.872279 30.235739 0.756008
vn 0.051150 -0.079962 -2.956715
v 13.799443 30.017553 0.806133
vn 0.059871 -0.087845 -3.322364
v 13.786852 30.006702 0.806210
vn -0.205453 -0.172301 -2.935519
v 16.225412 30.182823 0.676984
vn -0.224315 -0.207546 -3.319895
v 16.236174 30.170248 0.677027
vn -0.133407 -0.260474 -2.920571
v 16.094910 30.047174 0.694439
vn -0.149124 -0.300317 -3.331095
v 16.108110 30.037003 0.694761
vn -0.109271 -0.274764 -2.898246
v 15.995980 29.888960 0.713145
vn -1.617982 0.444997 -0.678025
v 15.935822 29.712955 0.731989
vn -2.418819 0.249324 -1.377489
v 15.885960 29.534491 0.787243
vn -0.004264 -0.234212 -2.929573
v 15.739951 28.802744 0.813154
vn 0.026099 -0.304736 -3.397048
v 15.619268 28.663555 0.824267
vn -0.002778 -0.331375 -3.297960
v 15.951889 29.707991 0.732468
vn -0.111221 1.281542 -0.413709
v 15.128828 28.495338 0.881635
vn 0.117090 1.658496 -0.553562
v 14.944035 28.493580 0.845737
vn 0.357576 1.598460 -0.587395
v 14.762365 28.530613 0.846096
vn 0.908183 0.961559 -0.516333
v 14.309623 28.824936 0.879781
vn 1.349884 0.853092 -0.678793
v 14.194760 28.966314 0.838759
vn -0.084476 -0.118091 -3.272966
v 14.128904 29.137516 0.834041
vn -0.073691 -0.108081 -3.003071
v 14.113092 29.131628 0.834654
vn 0.106203 -0.067618 -3.287884
v 13.972988 29.680006 0.818315
vn 0.060501 -0.076293 -2.971545
v 13.908816 29.858574 0.812548
vn 0.065832 -0.085496 -3.307846
v 13.894274 29.850153 0.812475
vn -0.066536 -0.307896 -0.083698
v 11.446786 27.072506 0.185146
vn 0.062161 -0.073153 -2.955818
v 11.446786 27.072506 0.185146
vn -0.877080 1.384007 -0.531536
v 12.478842 30.025610 0.727549
vn -0.818872 1.063360 -0.463761
v 12.292007 29.891695 0.750393
vn 0.188517 0.065415 -3.301194
v 12.877587 30.219845 0.756006
vn 0.148434 0.129022 -2.964587
v 12.666246 30.147339 0.742444
vn -0.122647 -0.319724 -3.353039
v 16.010960 29.881458 0.713296
vn -0.007136 -0.297085 -2.952579
v 15.935822 29.712955 0.731989
vn -0.400860 1.167358 -0.493233
v 15.309340 28.512177 0.877101
vn -0.954939 1.245719 -0.716317
v 15.481652 28.552952 0.833564
vn 0.022753 -0.257952 -2.862384
v 15.630760 28.651945 0.825403
vn -0.119474 1.699442 -0.549940
v 15.129353 28.483250 0.844049
vn 0.614166 1.521260 -0.579759
v 14.589198 28.596020 0.846093
vn 0.879902 1.371410 -0.579424
v 14.431976 28.690760 0.845115
vn 1.129271 1.131270 -0.633184
v 14.298142 28.815794 0.842562
vn -0.111183 -0.132548 -2.902649
v 14.180107 28.958248 0.839697
vn -0.129138 -0.153164 -3.370087
v 14.194760 28.966314 0.838759
vn -1.033783 -2.466992 -0.700243
v 11.211455 27.138315 0.218492
vn 0.009244 -0.170535 -3.317954
v 11.221945 27.162804 0.179599
vn 0.164902 0.145716 -3.304983
v 12.674054 30.132401 0.742174
vn 0.156355 0.128122 -3.031962
v 12.478842 30.025610 0.727549
vn -0.956350 1.130903 -0.428007
v 11.763760 29.426712 0.709800
vn 0.004159 -0.342007 -3.485324
v 15.481652 28.552952 0.833564
vn -0.497418 1.597496 -0.655103
v 15.313451 28.497944 0.840074
vn -0.039594 0.017270 -3.004446
v 15.129963 28.466599 0.843944
vn -0.017472 0.009866 -3.286895
v 14.944035 28.493580 0.845737
vn -0.042742 0.014492 -3.276490
v 15.129353 28.483250 0.844049
vn -0.016345 0.007183 -2.994703
v 14.941791 28.476892 0.845700
vn -0.020488 -0.049574 -3.301220
v 14.762365 28.530613 0.846096
vn -0.018803 -0.045980 -2.980941
v 14.757545 28.514524 0.846376
vn -0.011723 -0.045472 -3.322488
v 14.589198 28.596020 0.846093
vn -0.059158 -0.122702 -3.356447
v 14.298142 28.815794 0.842562
vn -0.054884 -0.109305 -2.922835
v 14.285466 28.805092 0.843189
vn -1.196021 -2.833273 -0.805094
v 11.215306 27.147520 0.180377
vn -0.836367 -1.028241 -0.283953
v 10.992430 27.258314 0.212730
vn 0.006284 -0.155688 -2.956773
v 11.215306 27.147520 0.180377
vn 0.171616 0.133376 -3.266637
v 12.488395 30.011608 0.727451
vn 0.247126 0.002118 -3.091761
v 12.301482 29.882423 0.712403
vn -0.927256 1.199998 -0.520940
v 12.301482 29.882423 0.712403
vn 0.002732 -0.763806 -0.113024
v 2.997831 28.499119 22.982521
vn 0.002615 -0.266967 -2.770328
v 15.489692 28.538715 0.834972
vn -0.058967 -0.166593 -3.373733
v 15.313451 28.497944 0.840074
vn -0.051649 -0.134432 -2.901752
v 15.317685 28.482069 0.840760
vn -0.010294 -0.040349 -2.959893
v 14.581670 28.581060 0.846323
vn -0.000427 -0.054226 -3.350319
v 14.431976 28.690760 0.845115
vn -0.002140 -0.049196 -2.932019
v 14.421778 28.677563 0.845330
vn -1.077320 -1.370848 -0.381100
v 10.997030 27.265114 0.174557
vn -0.050249 -0.266788 -3.329078
v 11.006260 27.279081 0.173287
vn -1.714286 2.196974 -0.473819
v 11.582505 29.277140 0.698699
vn 0.065638 0.160296 -3.096091
v 11.782894 29.405998 0.670747
vn -1.052915 1.254581 -0.454827
v 11.771973 29.419052 0.671209
vn 0.839836 -2.065637 -0.309390
v 2.929400 28.489250 22.862656
vn -0.045251 -0.236613 -2.933595
v 10.997030 27.265114 0.174557
vn -0.195111 -0.213795 -0.078555
v 10.806792 27.422646 0.164442
vn 0.065260 0.167364 -3.186288
v 11.771973 29.419052 0.671209
vn -1.430985 -1.759906 -0.253983
v 3.052094 28.485758 22.769375
vn 0.427300 -0.756266 -0.064835
v 2.996373 28.547279 22.657024
vn -0.066585 -0.235436 -3.250640
v 10.817849 27.435383 0.163294
vn -0.059134 -0.217985 -3.013632
v 10.806792 27.422646 0.164442
vn -0.183070 0.255832 -0.080365
v 11.401978 29.126263 0.652272
vn 0.055758 0.100817 -3.219611
v 11.401978 29.126263 0.652272
vn -0.545712 -0.647967 -0.052034
v 2.996373 28.547279 22.657024
vn -1.994049 -1.929014 -0.923702
v 10.623281 27.599100 0.192100
vn 0.079717 -0.024153 -2.983423
v 10.285975 27.996441 0.141270
vn -0.739430 1.126155 -0.454852
v 11.198107 29.005405 0.684466
vn 0.053536 0.093886 -3.059512
v 11.411706 29.112329 0.652007
vn 1.252615 -1.862818 -0.078810
v 2.932963 28.509445 22.543455
vn -0.932844 -1.214478 -0.543069
v 10.275079 27.983475 0.141074
vn 0.089970 -0.026164 -3.296679
v 10.275079 27.983475 0.141074
vn -0.883019 1.368705 -0.551744
v 11.205383 28.994787 0.646349
vn -0.643137 1.179776 -0.467496
v 10.992286 28.891399 0.678597
vn 0.069579 0.035877 -3.222365
v 11.205383 28.994787 0.646349
vn -1.528459 -1.712869 0.051484
v 3.035434 28.506470 22.458958
vn 0.514927 -0.709925 -0.080809
v 2.982206 28.550713 22.350685
vn -0.668807 -1.193271 -0.465390
v 10.061506 28.131392 0.173434
vn -0.493950 -1.286934 -0.447884
v 9.838715 28.258032 0.170458
vn 0.049372 -0.015844 -3.001118
v 10.078415 28.155865 0.135905
vn -1.098566 2.550674 -0.517458
v 10.779116 28.791983 0.673753
vn 0.066959 0.032378 -3.059016
v 11.214204 28.980259 0.646385
vn 0.070121 0.004824 -3.238725
v 10.998799 28.879854 0.640502
vn -0.587531 -0.622377 -0.013984
v 2.982206 28.550713 22.350685
vn 1.374787 -1.803568 -0.295362
v 2.928267 28.527855 22.239199
vn -0.816657 -1.078284 -0.480788
v 10.265850 27.973799 0.178451
vn 0.053594 -0.017968 -3.281276
v 10.069168 28.141764 0.135829
vn -0.762004 1.427849 -0.538141
v 10.998799 28.879854 0.640502
vn 0.066810 0.003186 -3.042816
v 11.006620 28.864767 0.640652
vn -1.653048 -1.601219 -0.179789
v 3.020926 28.531948 22.161802
vn 0.572774 -0.637630 -0.061193
v 2.973748 28.592550 22.055847
vn -0.595024 -1.492039 -0.524578
v 9.844269 28.269081 0.132585
vn -0.800899 -1.388841 -0.548044
v 10.069168 28.141764 0.135829
vn 0.008136 -0.016235 -2.992010
v 9.851340 28.284351 0.132519
vn -0.108729 0.293473 -0.095507
v 10.565796 28.691822 0.632915
vn 0.077091 -0.096855 -3.241278
v 10.565796 28.691822 0.632915
vn -0.536817 -0.619263 -0.051257
v 2.973748 28.592550 22.055847
vn -0.339278 -1.552637 -0.556638
v 9.603919 28.361153 0.133099
vn -0.272304 -1.344553 -0.483402
v 9.600121 28.348404 0.170699
vn 0.009308 -0.017413 -3.290785
v 9.844269 28.269081 0.132585
vn 0.072426 -0.092922 -3.037179
v 10.571373 28.675800 0.633532
vn 1.585383 -1.602193 -0.080918
v 2.926405 28.551397 21.943119
vn -0.007391 0.044763 -3.310293
v 9.603919 28.361153 0.133099
vn -0.007435 0.038539 -2.972616
v 9.608431 28.377319 0.133303
vn -0.009230 -1.378444 -0.519777
v 9.351172 28.397049 0.172678
vn -0.390452 1.245918 -0.550311
v 10.337189 28.635822 0.668329
vn 0.069684 -0.151352 -3.227460
v 10.341581 28.620684 0.630940
vn -0.274962 1.271854 -0.530867
v 10.108349 28.584969 0.666176
vn -1.258543 -1.923845 -0.086281
v 3.024790 28.567471 21.870516
vn 0.631435 -0.672933 -0.080916
v 2.972743 28.606304 21.763826
vn -0.015873 0.081824 -2.947793
v 9.355102 28.427814 0.135837
vn -0.038608 -1.559042 -0.585352
v 9.353250 28.411100 0.135378
vn -0.461544 1.520791 -0.667958
v 10.341581 28.620684 0.630940
vn 0.065979 -0.143449 -3.047457
v 10.346001 28.604313 0.631809
vn -0.363500 2.696711 -0.746724
v 9.876110 28.548378 0.665152
vn -0.094668 2.769520 -0.490246
v 9.407570 28.505856 0.668202
vn -0.464007 -0.743854 -0.061687
v 2.972743 28.606304 21.763826
vn 1.469772 -1.617804 -0.260304
v 2.919678 28.575834 21.653574
vn -0.017819 0.092680 -3.333206
v 9.353250 28.411100 0.135378
vn 0.184766 -1.558556 -0.564608
v 9.097398 28.412039 0.137431
vn 0.042082 -0.136058 -3.220752
v 10.111799 28.570017 0.628567
vn 0.172339 2.734817 -0.649623
v 8.937523 28.515615 0.671502
vn -0.326796 1.569081 -0.633485
v 10.111799 28.570017 0.628567
vn -0.026132 0.313872 -0.070852
v 9.643895 28.506868 0.628284
vn -1.118158 -1.922523 -0.261024
v 3.027693 28.598770 21.583925
vn 0.661378 -0.698764 -0.040452
v 2.967944 28.647734 21.479239
vn -0.029862 0.047645 -3.002946
v 9.096755 28.428879 0.137700
vn 0.180756 -1.374778 -0.495929
v 9.097325 28.398508 0.174914
vn -0.032836 0.050187 -3.279225
v 9.097398 28.412039 0.137431
vn 0.040384 -0.127953 -3.056158
v 10.115131 28.553375 0.629311
vn 0.179712 1.305968 -0.478292
v 8.473171 28.569197 0.678937
vn 0.004411 0.319029 -0.066010
v 9.172214 28.491287 0.631346
vn -0.412551 -0.801076 -0.074904
v 2.967944 28.647734 21.479239
vn 0.300264 -1.346230 -0.468937
v 8.845757 28.364986 0.177891
vn -0.045244 0.002882 -3.050172
v 8.841213 28.394415 0.140240
vn 0.333538 -1.555087 -0.543491
v 8.844003 28.377728 0.140188
vn -0.001068 -0.090392 -3.241183
v 9.643895 28.506868 0.628284
vn 0.031991 0.318358 -0.096205
v 8.702151 28.522110 0.636403
vn -0.001222 -0.085645 -3.071034
v 9.645325 28.489925 0.628753
vn -0.025566 -0.046749 -3.239558
v 9.172214 28.491287 0.631346
vn 1.493800 -1.540222 0.008381
v 2.918789 28.599470 21.370718
vn 0.410079 -1.310365 -0.494582
v 8.603630 28.308693 0.182086
vn -0.048184 0.002596 -3.232021
v 8.844003 28.377728 0.140188
vn 0.236586 1.617714 -0.589693
v 8.470352 28.555609 0.640776
vn 0.291784 1.290609 -0.450024
v 8.246003 28.621269 0.683618
vn -0.017068 -0.109271 -3.076300
v 9.408882 28.474619 0.630625
vn -0.852691 -2.012394 -0.071616
v 3.036399 28.625032 21.302105
vn 0.698046 -0.775330 -0.041999
v 2.976229 28.654238 21.197832
vn 0.437818 -1.284961 -0.459816
v 7.707073 27.951920 0.202807
vn 0.460235 -1.512900 -0.566745
v 8.600694 28.321930 0.144581
vn -0.066796 0.023417 -3.055785
v 8.596290 28.338318 0.144806
vn -0.023977 -0.042399 -3.074336
v 9.171946 28.474279 0.631583
vn -0.051198 -0.036950 -3.218867
v 8.702151 28.522110 0.636403
vn -0.049141 -0.035375 -3.062939
v 8.700033 28.505241 0.636630
vn -0.072245 -0.048433 -3.225804
v 8.470352 28.555609 0.640776
vn 0.398502 1.272092 -0.417753
v 8.023735 28.691690 0.689352
vn 0.494544 1.237858 -0.415183
v 7.807547 28.780411 0.696693
vn -0.382465 -0.917575 -0.061768
v 2.976229 28.654238 21.197832
vn 1.357804 -1.577881 -0.139301
v 2.920620 28.615652 21.092865
vn 0.568707 -1.365107 -0.566061
v 8.369248 28.232611 0.186698
vn 0.286291 -1.325905 -0.450745
v 7.495058 27.877350 0.210335
vn 0.584928 -1.440028 -0.591744
v 8.365423 28.246477 0.149416
vn -0.070850 0.026148 -3.225566
v 8.600694 28.321930 0.144581
vn -0.068181 -0.045123 -3.055174
v 8.467143 28.538931 0.641100
vn 0.376908 1.607392 -0.557341
v 8.242405 28.608730 0.645325
vn 1.872912 2.099441 -0.126946
v 7.231495 29.168699 0.725730
vn 0.972076 0.906714 -0.366882
v 6.920552 29.490263 0.749634
vn -0.786747 -1.933396 -0.218166
v 3.049574 28.644117 21.023029
vn 0.024847 -0.888852 -0.092809
v 2.981564 28.683138 20.922480
vn 0.361795 -1.583282 -0.541098
v 7.492528 27.889692 0.172423
vn -0.093927 0.061152 -3.232178
v 8.365423 28.246477 0.149416
vn -0.089382 0.058858 -3.061907
v 8.359879 28.262539 0.149881
vn -0.070588 0.000277 -3.222865
v 8.242405 28.608730 0.645325
vn 0.508970 1.583500 -0.521068
v 8.019316 28.680452 0.650916
vn 0.609943 1.181808 -0.408196
v 7.601361 28.889566 0.705360
vn 0.233199 0.238205 -0.053978
v 7.061304 29.318916 0.699097
vn -2.015119 0.577467 0.607320
v 2.573640 28.653090 21.162561
vn 0.487368 -1.419731 -0.510762
v 7.703135 27.964128 0.164942
vn 0.129410 -1.322418 -0.478513
v 7.276060 27.826666 0.217242
vn 0.177402 -1.614185 -0.580483
v 7.274188 27.840178 0.179394
vn -0.156008 0.186193 -3.068033
v 7.703135 27.964128 0.164942
vn -0.066166 0.002470 -3.058825
v 8.237922 28.592361 0.645416
vn -0.070790 0.061949 -3.219217
v 8.019316 28.680452 0.650916
vn 0.632072 1.540460 -0.518103
v 7.802093 28.769751 0.658414
vn 0.751821 1.110344 -0.365663
v 7.409118 29.021297 0.715065
vn 0.963890 1.385672 -0.424268
v 7.402364 29.013317 0.676947
vn 1.250940 1.144523 -0.449340
v 6.911757 29.484268 0.711515
vn 2.285207 1.744694 -0.467192
v 6.783988 29.665344 0.762765
vn -0.948264 -0.718114 0.354799
v 2.541405 28.846855 21.163269
vn -0.718031 -1.068372 -0.451996
v 6.447291 27.923710 0.253406
vn -0.094141 -0.034417 -3.023257
v 7.492528 27.889692 0.172423
vn -0.106813 0.026317 -3.026495
v 7.274188 27.840178 0.179394
vn -0.114520 0.025270 -3.252461
v 7.271364 27.856844 0.179631
vn -0.105184 -0.030000 -3.304597
v 7.487952 27.906019 0.172371
vn -0.066736 0.060389 -3.061115
v 8.013441 28.664537 0.650732
vn -0.084106 0.085295 -3.237393
v 7.802093 28.769751 0.658414
vn 0.783876 1.477333 -0.508133
v 7.595015 28.879686 0.667273
vn -0.039748 0.181297 -3.260527
v 7.402364 29.013317 0.676947
vn -0.034942 0.169210 -3.012491
v 7.392252 28.999743 0.676306
vn -0.001800 0.235548 -3.238059
v 7.061304 29.318916 0.699097
vn -0.001877 0.220401 -3.028504
v 7.049090 29.307150 0.698244
vn -0.031659 0.221027 -3.227063
v 6.911757 29.484268 0.711515
vn -1.482140 -1.076035 0.541925
v 2.536454 28.845623 21.147543
vn -0.170371 0.277659 0.042134
v 2.427340 28.536892 21.096193
vn -0.566721 -0.907474 0.514755
v 2.389127 29.036167 21.129902
vn -0.536588 -1.191000 -0.416886
v 6.638173 27.842611 0.244008
vn -0.284522 -2.537123 -0.886386
v 6.842503 27.804516 0.234058
vn 0.012615 -0.344288 -0.122135
v 7.055321 27.816032 0.186933
vn -0.129430 0.082688 -3.255437
v 7.054708 27.832863 0.187392
vn -0.078664 0.080897 -3.041508
v 7.794759 28.754465 0.658200
vn -0.082383 0.111014 -3.257002
v 7.595015 28.879686 0.667273
vn -0.074983 0.104786 -3.020588
v 7.586239 28.865185 0.666998
vn -0.030570 0.207637 -3.040994
v 6.898825 29.473246 0.710891
vn 0.180860 0.166550 -0.070985
v 6.404736 30.162338 0.763692
vn -0.951186 -1.481401 0.837571
v 2.383975 29.030624 21.114458
vn -2.990612 0.984342 0.924809
v 2.569687 28.656025 21.146654
vn -0.827019 -0.955897 -0.483512
v 6.273413 28.034611 0.263329
vn -0.909071 -1.407476 -0.583306
v 6.452471 27.936205 0.215643
vn -0.120328 0.077197 -3.020350
v 7.055321 27.816032 0.186933
vn -0.064438 0.187394 -3.023266
v 6.404736 30.162338 0.763692
vn -0.122987 0.124688 2.613286
v 2.536454 28.845623 21.147543
vn -0.014621 0.024675 0.142108
v 2.383975 29.030624 21.114458
vn -0.178371 0.219442 3.483771
v 2.520020 28.841171 21.146982
vn -0.149971 -0.226472 1.036330
v 2.569687 28.656025 21.146654
vn -1.101258 0.243897 2.575220
v 2.552380 28.661163 21.145189
vn -0.759775 -0.424176 2.775274
v 2.427340 28.536892 21.096193
vn -1.407165 2.161976 0.137925
v 2.205273 28.422636 21.075308
vn -2.003753 -1.653057 1.795154
v 1.964857 29.249578 21.011868
vn -0.067313 -0.095837 0.070201
v 2.168569 29.135962 21.063009
vn 0.034338 -0.926848 0.263325
v 3.299402 26.555428 17.167915
vn 0.131615 -1.145687 -0.178068
v 3.353422 26.556890 16.796122
vn -1.072123 -1.272837 -0.631354
v 6.280368 28.047565 0.225823
vn -0.653587 -1.550274 -0.542792
v 6.641071 27.854610 0.205998
vn -0.325766 -2.989011 -1.044100
v 6.843151 27.817699 0.196116
vn -0.146468 0.053251 -3.310916
v 6.845141 27.834368 0.196292
vn 0.912410 0.891725 -0.419644
v 6.277335 30.316317 0.813889
vn -0.071077 0.199673 -3.246192
v 6.391969 30.151165 0.763273
vn -0.121448 0.138086 -3.028835
v 6.267484 30.308462 0.775779
vn -0.910563 -0.504598 3.193114
v 2.413184 28.549124 21.094107
vn -1.788398 2.621172 0.154160
v 2.215033 28.432915 21.013760
vn -0.978279 0.508552 0.199909
v 2.039475 28.267269 20.977026
vn -1.268298 0.018152 0.706170
v 1.831548 29.432142 20.935617
vn -0.242078 0.400473 1.812497
v 2.168569 29.135962 21.063009
vn -0.163018 0.265454 1.226017
v 2.155420 29.120502 21.064608
vn 0.287337 -2.110864 0.050100
v 3.332082 26.546255 16.979681
vn -0.114441 -0.850328 -0.187685
v 3.410890 26.595127 16.444101
vn -0.925928 -0.875952 -0.461714
v 6.120088 28.162111 0.274851
vn -1.203977 -1.164589 -0.610854
v 6.127769 28.173777 0.237315
vn -0.111779 0.102428 -2.971917
v 6.452471 27.936205 0.215643
vn -0.075017 0.171704 -3.019006
v 6.280368 28.047565 0.225823
vn -0.081829 0.183721 -3.251776
v 6.290139 28.061293 0.226364
vn -0.139455 0.029336 -2.910704
v 6.641071 27.854610 0.205998
vn -0.126935 0.110104 -3.303657
v 6.459936 27.951204 0.215867
vn -2.141487 -1.778973 -0.554258
v 5.736106 28.599447 0.311335
vn -0.131510 0.046436 -2.965643
v 6.843151 27.817699 0.196116
vn 0.691607 1.089627 -0.360257
v 5.961297 30.552805 0.836834
vn 0.813631 0.986663 -0.431568
v 6.126400 30.446514 0.825413
vn -0.132715 0.145557 -3.242082
v 6.255866 30.296160 0.775696
vn 1.208450 1.209224 -0.564240
v 6.267484 30.308462 0.775779
vn -0.255782 1.238397 0.636782
v 1.963807 29.976318 20.610220
vn -1.501926 -0.314532 -0.314412
v 2.515023 28.839645 21.135918
vn -3.465557 1.789453 0.246340
v 2.547779 28.663837 21.133856
vn -0.697721 0.959985 0.568099
v 2.413184 28.549124 21.094107
vn -1.105316 -0.512470 3.119666
v 2.215033 28.432915 21.013760
vn -1.698240 0.985224 0.322427
v 2.038388 28.288788 20.916964
vn -1.466687 -0.005963 0.823632
v 1.823341 29.424946 20.921062
vn -1.913909 -1.390422 1.603926
v 1.958825 29.240963 20.997202
vn -0.169569 0.378019 1.143624
v 1.945058 29.227436 20.999632
vn -0.376268 -0.292587 -0.022581
v 3.150415 26.599155 17.341253
vn 0.117678 -2.087923 0.523639
v 3.199810 26.549593 17.160364
vn -0.011276 -1.016482 -0.191502
v 3.272014 26.574718 16.621246
vn 0.232015 -1.922604 -0.248920
v 3.258529 26.545765 16.797562
vn -0.097042 0.165634 -3.036242
v 6.127769 28.173777 0.237315
vn -0.106087 0.178467 -3.289491
v 6.139103 28.186375 0.237640
vn -0.162310 0.032280 -3.365635
v 6.645828 27.870699 0.205920
vn -0.213536 -0.193280 -0.088321
v 5.990690 28.312244 0.249519
vn -0.145447 0.100867 -3.008939
v 6.117021 30.437616 0.787388
vn -0.699870 1.067455 0.633913
v 1.842375 29.827404 20.734684
vn 1.313690 0.481653 0.370409
v 2.556895 29.986126 20.034405
vn 1.912670 2.175641 1.024727
v 2.429164 30.077442 20.185938
vn -0.021793 1.384818 0.353734
v 2.304229 30.106472 20.375822
vn 1.450573 0.175512 0.324876
v 2.646370 29.852695 19.882074
vn -0.962339 1.349890 0.794773
v 2.410599 28.554062 21.082590
vn -0.966889 -0.464433 2.714660
v 2.203455 28.447891 21.012100
vn -0.827879 -1.169237 3.109098
v 2.038388 28.288788 20.916964
vn -0.504119 0.071885 0.154220
v 1.926216 28.116026 20.807529
vn 0.209531 0.729966 1.599329
v 1.775864 29.637360 20.830332
vn -0.259037 0.602568 1.808131
v 1.958825 29.240963 20.997202
vn 0.432904 -3.187799 0.123499
v 3.239755 26.533640 16.977694
vn -1.690452 -1.877148 -0.616616
v 3.296096 26.609257 16.450079
vn -0.126710 0.139451 -3.060993
v 5.990690 28.312244 0.249519
vn -1.138374 -1.225595 -0.561944
v 5.617680 28.750265 0.284825
vn 1.063614 1.327236 -0.563182
v 6.117021 30.437616 0.787388
vn 0.438071 1.206082 -0.288651
v 5.782924 30.618174 0.846259
vn -0.157470 0.110144 -3.262412
v 6.107293 30.423956 0.787407
vn -0.335799 1.496463 0.774217
v 1.951136 29.980640 20.596725
vn -0.019667 0.370269 0.113349
v 2.103819 30.081161 20.462564
vn 2.843360 -0.347909 0.841631
v 2.723089 29.346199 19.430454
vn 2.863280 -0.400042 0.957257
v 2.694316 27.976917 19.654009
vn -1.467047 -0.309482 -1.953526
v 2.528677 28.842716 21.060108
vn -1.480866 -0.284975 -0.366374
v 2.567270 28.667101 21.058947
vn -0.361721 0.586358 -0.097604
v 2.434916 28.551805 21.008171
vn -1.024946 0.871705 0.611034
v 2.203455 28.447891 21.012100
vn -0.699015 -0.975303 2.591050
v 2.024226 28.300301 20.917477
vn -1.562774 -0.796671 2.866099
v 1.908445 28.120628 20.810055
vn -0.060485 -1.889095 3.016128
v 1.926216 28.116026 20.807529
vn -0.013584 0.673795 1.664954
v 1.823341 29.424946 20.921062
vn -0.811120 1.346350 2.095157
v 1.757760 29.638084 20.833199
vn -0.019956 0.502001 1.248533
v 1.806904 29.417555 20.923771
vn -1.125255 0.367901 -0.408073
v 3.227842 26.631083 17.156534
vn -1.634342 0.681667 -0.567653
v 3.199810 26.549593 17.160364
vn -1.847800 1.397192 -0.319315
v 3.287813 26.599779 16.988991
vn -2.432566 1.835827 -0.399711
v 3.239755 26.533640 16.977694
vn -1.037053 -0.141026 -0.174363
v 3.277142 26.715271 16.477066
vn -0.956707 0.119220 -0.093033
v 3.272014 26.574718 16.621246
vn -0.964214 0.488839 0.006528
v 3.296254 26.619911 16.817398
vn -1.790304 0.985568 -0.008791
v 3.258529 26.545765 16.797562
vn -0.115185 0.139885 -2.999389
v 5.628980 28.762810 0.284977
vn -0.126128 0.153913 -3.290143
v 5.617680 28.750265 0.284825
vn -0.857900 -0.956346 -0.454731
v 5.610515 28.738913 0.322217
vn 0.895157 1.490839 -0.475722
v 5.954612 30.544409 0.798606
vn -0.287085 2.534319 -0.654301
v 5.592202 30.625593 0.851781
vn -0.097103 0.150236 -2.914174
v 5.954612 30.544409 0.798606
vn 0.498419 2.453063 3.629920
v 1.830139 29.827648 20.720764
vn 1.521819 0.588341 0.432491
v 2.555868 29.998770 20.021606
vn 0.021504 1.421232 0.379916
v 2.268148 30.120037 20.320494
vn 1.589664 0.210294 0.360266
v 2.647711 29.865503 19.869167
vn 0.115063 0.003583 0.027417
v 2.701314 29.704472 19.716825
vn -1.251776 -0.179187 0.479247
v 1.933768 27.894835 20.744553
vn 0.397487 -0.508783 -3.336184
v 2.372963 29.011881 21.027533
vn -1.015808 1.258350 -0.209479
v 2.567270 28.667101 21.058947
vn -2.226309 3.162385 0.270493
v 2.201868 28.453951 21.000826
vn -1.403881 2.825097 -0.544400
v 2.225463 28.451427 20.926882
vn -0.299121 0.134358 0.130291
v 2.024226 28.300301 20.917477
vn 0.351474 -1.048829 1.490790
v 1.907338 27.926144 20.687225
vn -0.105458 0.143378 -2.911257
v 5.487920 28.883905 0.295870
vn -0.826363 -1.397001 -0.603293
v 5.478602 28.869942 0.295518
vn 0.544460 1.685181 -0.406676
v 5.779956 30.610062 0.807860
vn -0.109503 0.176524 -3.357226
v 5.947766 30.529310 0.798044
vn 2.130278 0.404886 2.647532
v 2.103819 30.081161 20.462564
vn 2.008283 1.646065 2.845644
v 2.097510 30.099525 20.464832
vn 0.970368 0.390739 1.432266
v 1.951136 29.980640 20.596725
vn 0.653521 0.482575 1.238179
v 1.939992 29.995554 20.600058
vn 1.923402 2.092250 0.953025
v 2.424091 30.088095 20.172789
vn 2.279468 -0.103769 2.610451
v 2.268148 30.120037 20.320494
vn 0.788001 -1.076682 0.204666
v 2.542938 27.743843 20.003782
vn 1.496210 1.702302 2.343407
v 2.616402 27.825319 19.796650
vn 1.049770 -2.641895 1.231869
v 2.232398 27.629423 20.275366
vn -1.807384 -1.600818 0.505006
v 1.997454 27.739592 20.611792
vn -1.621460 -0.355687 0.618044
v 1.907338 27.926144 20.687225
vn 0.308117 -0.423206 -1.643800
v 2.153949 29.107828 20.977121
vn 0.516351 0.511234 -4.121826
v 2.567270 28.667101 21.058947
vn 0.053181 0.010562 -1.546220
v 2.543989 28.847681 21.060606
vn 0.759699 0.421187 -2.732773
v 2.448995 28.539293 21.010220
vn 0.927883 0.515370 -3.228577
v 2.434916 28.551805 21.008171
vn 0.966552 0.437460 -2.808385
v 2.225463 28.451427 20.926882
vn -0.178646 0.281212 -0.061174
v 2.032762 28.320566 20.834211
vn -3.191557 1.876854 -0.268935
v 1.893275 28.155668 20.739943
vn -0.798260 -1.694128 1.822479
v 1.889077 27.923143 20.689629
vn 1.057492 1.015449 2.383941
v 1.814430 29.836246 20.724070
vn -2.401931 0.509423 1.109697
v 1.748318 29.635792 20.823574
vn -0.330823 -0.631137 -1.293467
v 1.794501 29.395813 20.837238
vn -0.410790 -1.273855 -0.440754
v 5.313221 28.943256 0.343968
vn -0.123123 0.163152 -3.361028
v 5.478602 28.869942 0.295518
vn -0.637717 -1.149250 -0.490289
v 5.472372 28.857470 0.332856
vn -0.075009 0.196925 -2.804429
v 5.779956 30.610062 0.807860
vn -0.341024 3.073523 -0.793410
v 5.592742 30.615789 0.813570
vn 0.003285 0.775323 -0.891219
v 3.988031 27.634045 17.150494
vn 0.283008 1.347708 0.708953
v 2.088878 30.106253 20.455488
vn 0.728077 -0.794331 1.136676
v 2.664767 29.875744 19.869373
vn 1.580821 -1.737099 2.472678
v 2.555868 29.998770 20.021606
vn 0.580760 -1.007976 1.235457
v 2.647711 29.865503 19.869167
vn 1.351366 -1.437561 2.081394
v 2.569201 30.012627 20.022717
vn 2.111952 -1.009875 2.504018
v 2.424091 30.088095 20.172789
vn 1.774399 -0.802865 2.087736
v 2.430811 30.105282 20.173885
vn 1.848526 -0.076752 2.117325
v 2.267584 30.139116 20.321678
vn 0.354666 0.094867 0.057150
v 2.760475 29.193134 19.273125
vn 3.020218 -0.367953 0.895451
v 2.728305 29.357960 19.417694
vn 0.376894 -0.917500 1.102445
v 2.720201 29.711411 19.716143
vn 0.405102 -1.000009 1.200899
v 2.701314 29.704472 19.716825
vn 0.923149 -1.159359 0.286247
v 2.511400 27.711025 19.952564
vn 2.925080 -0.403668 0.972585
v 2.696630 27.963640 19.641539
vn 0.116794 -0.012339 0.040442
v 2.821124 28.251064 19.333405
vn 2.713410 -0.341546 1.072907
v 2.890438 28.405634 19.189028
vn 0.160867 -0.442190 -1.355800
v 1.938754 29.209494 20.912474
vn 0.253452 0.257090 -2.050138
v 2.584178 28.661732 21.060364
vn 0.249265 -0.340545 -1.343183
v 2.166978 29.123276 20.975586
vn 0.304484 -0.394705 -2.680682
v 2.385794 29.025433 21.026995
vn 0.999607 0.513046 -3.029396
v 2.237083 28.436514 20.928577
vn 0.439526 0.596684 -1.494351
v 2.032762 28.320566 20.834211
vn -2.107900 -1.171930 0.713446
v 1.879289 27.927378 20.680540
vn 1.474969 -1.771765 2.682244
v 1.963663 27.760109 20.555893
vn -0.905682 1.075576 0.499656
v 1.814430 29.836246 20.724070
vn -0.191064 -1.305231 -0.388581
v 5.140172 28.997177 0.354595
vn -0.155036 0.060638 -2.946928
v 5.323345 28.970448 0.306325
vn -0.541103 -1.550338 -0.550691
v 5.316735 28.955130 0.306375
vn -0.091927 0.242440 -3.462722
v 5.776828 30.593933 0.806801
vn -0.088233 0.118979 -2.866271
v 5.592742 30.615789 0.813570
vn -0.139400 0.364541 -0.099511
v 5.407564 30.570322 0.817237
vn -0.346462 0.391805 -0.806400
v 3.945821 27.479198 16.985977
vn 0.307247 0.712728 -0.842665
v 3.818521 27.737444 17.239822
vn 1.313856 -0.392551 0.307449
v 3.948343 28.367123 17.864084
vn 0.441882 1.418731 0.192258
v 2.267584 30.139116 20.321678
vn -0.941030 0.880011 -0.358763
v 1.896188 29.996428 20.529333
vn -2.380778 1.516321 0.691697
v 1.789708 29.833801 20.683760
vn 1.257307 0.461422 0.145125
v 2.835163 29.019608 19.177780
vn 0.415320 -1.958172 2.307219
v 2.728305 29.357960 19.417694
vn 1.964688 -1.823004 2.492269
v 2.748174 29.361919 19.417511
vn 0.609181 -2.180012 2.437174
v 2.779590 29.199219 19.273758
vn 0.216796 -0.317956 0.073441
v 2.373474 27.639790 20.108860
vn 1.413384 -0.650773 0.496180
v 2.522126 27.694513 19.952810
vn 2.394722 1.235712 2.344613
v 2.714353 27.954325 19.642307
vn 0.970605 2.036724 2.304750
v 2.696630 27.963640 19.641539
vn -0.160911 -0.311833 0.063935
v 2.077097 27.658890 20.413408
vn -2.199167 -2.088104 0.562988
v 1.963663 27.760109 20.555893
vn 0.197015 -0.521363 -1.615047
v 1.953618 29.221745 20.910242
vn -1.269474 -0.273566 -0.617812
v 2.550953 28.849972 21.045282
vn -0.984628 1.241290 -0.666610
v 2.584178 28.661732 21.060364
vn -1.471330 -0.353006 -0.720500
v 2.543989 28.847681 21.060606
vn -1.129154 -1.168944 -0.665962
v 2.385794 29.025433 21.026995
vn -0.901285 -0.901628 -0.526236
v 2.390783 29.029688 21.011160
vn -0.746775 1.036584 -0.517848
v 2.593055 28.660728 21.045553
vn -0.474622 1.493903 -0.723783
v 2.448995 28.539293 21.010220
vn -0.371431 1.243809 -0.601726
v 2.458102 28.535007 20.995739
vn 0.161258 0.726013 -1.314520
v 2.047099 28.309549 20.833857
vn -1.631390 -0.432908 0.040784
v 1.865519 27.966423 20.609877
vn -0.592477 -1.387942 0.574227
v 1.948570 27.750017 20.557652
vn 1.167156 -1.332672 2.078359
v 1.948570 27.750017 20.557652
vn -1.540904 -0.191913 0.296819
v 1.736588 29.616692 20.747749
vn 0.003310 -0.671674 -1.609211
v 1.811798 29.401363 20.834833
vn -0.278202 -1.668547 -0.506055
v 5.140365 29.008415 0.316752
vn -0.177800 0.062707 -3.326965
v 5.316735 28.955130 0.306375
vn -0.104816 0.135807 -3.409660
v 5.594013 30.599529 0.812871
vn -0.072331 0.035182 -2.900471
v 5.407564 30.570322 0.817237
vn -0.604074 1.146372 -0.329109
v 5.233996 30.490704 0.858488
vn -0.497496 1.233649 -1.932195
v 3.806584 27.559086 17.084614
vn 1.104353 2.685701 0.715781
v 3.087301 28.930170 18.855030
vn 0.057703 2.828630 0.175141
v 2.242798 30.151712 20.281771
vn -0.095013 0.241771 -0.014033
v 2.046831 30.098066 20.383507
vn 1.966913 1.983171 0.221556
v 2.558812 30.040981 19.984114
vn 1.422068 0.868508 0.196480
v 2.569201 30.012627 20.022717
vn 0.971918 1.294551 0.188453
v 2.430811 30.105282 20.173885
vn 1.122285 2.646112 0.206869
v 2.413048 30.126020 20.134529
vn 2.378718 -1.217958 2.027836
v 2.826297 29.058708 19.130274
vn 0.557068 -1.925716 2.160626
v 2.760475 29.193134 19.273125
vn 1.205226 0.171547 0.069235
v 2.744165 29.416048 19.353180
vn 1.768471 0.481141 0.246166
v 2.779590 29.199219 19.273758
vn 2.227724 0.913430 2.376522
v 2.373474 27.639790 20.108860
vn 2.373889 -0.756940 2.309319
v 2.379815 27.621136 20.110203
vn 1.331562 1.585832 2.150453
v 2.631170 27.812508 19.796953
vn 0.382700 1.051553 1.125116
v 2.821124 28.251064 19.333405
vn 2.933728 -0.372480 1.163838
v 2.893300 28.391737 19.177366
vn 1.044151 -2.532438 1.148942
v 2.222187 27.619711 20.263239
vn -0.563342 -1.511745 -0.479803
v 2.166978 29.123276 20.975586
vn -0.652117 -1.518840 -0.273937
v 1.953618 29.221745 20.910242
vn -0.541863 -1.333886 -0.240795
v 1.958326 29.222797 20.893820
vn -0.485477 -1.307983 -0.423018
v 2.171540 29.126823 20.959383
vn 0.044345 1.438602 -2.260455
v 1.898790 28.158978 20.728951
vn -2.664228 1.724901 -0.817303
v 1.898790 28.158978 20.728951
vn -1.656085 -1.161809 -0.011413
v 1.912756 27.784008 20.479313
vn -1.391842 -2.003152 0.517290
v 1.938453 27.750437 20.548487
vn 2.257717 -0.779477 2.524954
v 2.077097 27.658890 20.413408
vn -0.506705 -1.148345 -2.396818
v 1.736588 29.616692 20.747749
vn -0.633338 -1.516015 -3.173775
v 1.754707 29.614120 20.745285
vn 0.021682 -1.696620 -0.548526
v 4.957782 29.032385 0.326013
vn -0.171017 -0.035044 -2.973462
v 5.143921 29.024748 0.316339
vn -0.084526 0.039791 -3.379049
v 5.413304 30.554991 0.816922
vn -0.097086 0.086801 -2.871199
v 5.239007 30.482397 0.820355
vn -0.860032 1.520072 -0.437336
v 5.239007 30.482397 0.820355
vn 0.514322 0.223272 -1.715192
v 3.714314 27.369848 17.032312
vn 0.986249 -0.829678 0.525890
v 3.802515 27.763704 17.200977
vn 1.443311 0.233967 -1.052184
v 3.806584 27.559086 17.084614
vn 1.515143 0.467172 -0.653383
v 3.775259 27.630413 17.062973
vn 2.531193 0.585216 0.603745
v 3.928232 28.515413 18.013668
vn 2.396284 1.402742 1.385412
v 3.696182 28.790192 18.272541
vn -2.420537 -0.602339 -2.109571
v 1.780411 29.822044 20.640354
vn -2.075992 0.827424 -1.688069
v 1.894367 29.989845 20.517962
vn 0.794738 1.208278 -0.493757
v 2.645834 29.924608 19.802505
vn 0.865222 -0.422882 0.965446
v 2.937184 28.976021 18.987106
vn 1.237438 -2.212069 2.348528
v 2.842359 29.068737 19.131128
vn 1.180767 0.360982 0.189399
v 2.772911 29.254576 19.209890
vn 2.040117 0.302149 1.977971
v 2.222733 27.601170 20.265619
vn 1.268523 -0.643626 0.400239
v 2.519649 27.683971 19.943708
vn 0.373752 -0.169384 0.058836
v 2.631170 27.812508 19.796953
vn 1.925023 -1.640035 -0.313905
v 2.699038 27.900944 19.578123
vn 0.360994 1.000606 1.069049
v 2.839973 28.243315 19.334293
vn 0.433970 1.051803 1.132654
v 2.893300 28.391737 19.177366
vn 0.324581 -0.142667 0.095346
v 2.979435 28.524420 19.020973
vn 2.445172 0.374525 2.356724
v 2.222187 27.619711 20.263239
vn -2.506363 -1.504843 -0.463600
v 1.811798 29.401363 20.834833
vn -2.643921 -1.493695 -0.502340
v 1.816247 29.399027 20.818363
vn 0.020825 1.964144 -3.015373
v 1.916759 28.155178 20.726706
vn -1.182534 1.340079 -2.139546
v 1.912756 27.784008 20.479313
vn -0.554240 1.512113 -2.268173
v 1.865519 27.966423 20.609877
vn -0.734425 1.900852 -2.838500
v 1.883776 27.970175 20.607780
vn -0.014040 -0.386399 0.124203
v 2.069388 27.643412 20.415531
vn 1.825879 -0.630275 2.034999
v 2.069388 27.643412 20.415531
vn -1.373845 -1.265271 -2.941581
v 1.795533 29.812000 20.637499
vn -0.140818 -0.010026 -0.017181
v 1.754707 29.614120 20.745285
vn 0.043927 -1.286319 -0.420294
v 4.960343 29.020136 0.363769
vn -0.190640 -0.041038 -3.298234
v 5.140365 29.008415 0.316752
vn -0.166312 -0.013738 -3.317433
v 4.957782 29.032385 0.326013
vn -0.148490 -0.014281 -2.958130
v 4.958297 29.049122 0.325911
vn -0.117175 0.106700 -3.406256
v 5.248676 30.469213 0.819619
vn -0.879619 0.945728 -0.277589
v 5.095380 30.360332 0.859610
vn 0.610700 -0.076150 -0.801858
v 3.612719 27.495836 16.942972
vn 1.656705 -0.386614 0.361633
v 3.966867 28.403343 17.831169
vn -0.559540 -1.083007 1.135187
v 3.956113 28.244537 17.674362
vn -1.121793 0.627105 -0.343497
v 5.002141 30.195896 0.856715
vn 0.611679 1.358341 0.224963
v 3.407510 28.921274 18.563316
vn -0.357466 1.614927 0.011719
v 2.218013 30.145191 20.240952
vn -1.794807 -0.282713 -2.208171
v 2.046831 30.098066 20.383507
vn -0.941850 -0.364431 -1.366940
v 1.904549 29.974035 20.515083
vn -0.345693 0.861045 -1.032457
v 2.695980 29.766367 19.641235
vn 0.261272 1.603529 0.040126
v 2.388108 30.129702 20.094294
vn 0.727850 1.322334 0.031522
v 2.534780 30.055725 19.944613
vn 1.279683 -0.556741 1.330945
v 2.946398 28.990923 18.986765
vn 1.450357 0.773985 0.475939
v 2.842359 29.068737 19.131128
vn -0.200381 0.930741 -1.099902
v 2.735082 29.421988 19.344019
vn -0.279152 0.975101 -1.089854
v 2.763761 29.259821 19.200460
vn 0.157030 -1.971803 0.578335
v 2.222733 27.601170 20.265619
vn 0.141297 -2.494895 -0.068187
v 2.330522 27.589899 20.046591
vn 0.418132 1.005654 1.083482
v 2.911653 28.382990 19.178402
vn 0.507620 1.014304 1.122642
v 2.979435 28.524420 19.020973
vn 1.106987 -0.582460 0.282161
v 3.095310 28.691154 18.910553
vn -0.951463 0.626910 0.254192
v 1.918694 28.182755 20.665936
vn -1.679081 0.933313 0.421723
v 1.916759 28.155178 20.726706
vn -1.470774 1.686891 -2.671198
v 1.927589 27.794624 20.477850
vn -0.290801 -0.263603 -0.008799
v 2.020310 27.652847 20.339563
vn -1.701555 0.349082 -0.058553
v 1.795533 29.812000 20.637499
vn -1.374585 0.257054 -0.048735
v 1.794846 29.805250 20.621273
vn -0.146014 0.028884 -2.935726
v 4.772354 29.039932 0.335059
vn 0.347244 -1.624529 -0.603438
v 4.774634 29.023268 0.334774
vn -0.140598 0.129380 -2.817662
v 5.102115 30.355370 0.821363
vn -1.250643 1.254492 -0.393038
v 5.102115 30.355370 0.821363
vn -0.022928 -0.545124 -0.698155
v 3.536555 27.386917 16.982647
vn 0.339398 -0.356778 0.109485
v 3.806340 27.662743 17.034521
vn 1.022103 -0.932965 0.612197
v 3.839811 27.791027 17.174139
vn 0.700816 -0.938018 0.024109
v 3.660516 27.550665 16.912766
vn 2.895054 0.687405 0.710315
v 3.927687 28.556145 17.976471
vn 0.274300 0.105921 0.108736
v 3.828483 28.691561 18.119858
vn 1.143088 2.834992 0.771786
v 3.078751 28.936869 18.843086
vn 0.644724 1.440891 0.244039
v 3.398199 28.927364 18.551861
vn 0.084096 0.101162 0.045826
v 3.550939 28.882595 18.406876
vn -1.877838 0.149610 -2.156785
v 2.218013 30.145191 20.240952
vn -2.238696 0.140664 -2.573942
v 2.217503 30.126043 20.240255
vn -2.148735 -0.340856 -2.635860
v 2.052030 30.079250 20.381702
vn -0.154089 2.898728 -2.565323
v 2.635688 29.927383 19.792965
vn 1.016590 -0.053638 1.118296
v 3.078751 28.936869 18.843086
vn 1.273254 0.784208 0.494903
v 2.837463 29.099476 19.095016
vn -0.706988 -2.365108 0.213666
v 2.171884 27.580240 20.201799
vn 0.908979 -1.208391 -0.465041
v 2.689274 27.897364 19.568594
vn -0.630644 -0.842947 -1.107874
v 2.592917 27.766151 19.723280
vn 0.495930 0.980523 1.087065
v 2.996749 28.514011 19.022463
vn 1.570829 -0.893824 0.417680
v 3.082214 28.644550 18.865728
vn -1.192451 0.078387 0.208775
v 1.875623 28.004852 20.548193
vn -1.682955 0.089848 0.275220
v 1.883776 27.970175 20.607780
vn -2.892609 -0.991441 -0.500274
v 1.926591 27.804979 20.463099
vn -2.770458 -0.901044 -0.445081
v 1.927589 27.794624 20.477850
vn -2.274793 0.759863 -2.519285
v 2.027625 27.668598 20.337708
vn -1.833964 0.612663 -2.029858
v 2.020310 27.652847 20.339563
vn -1.191310 0.794409 -0.009393
v 1.899865 29.966824 20.499285
vn -0.165925 0.033078 -3.339951
v 4.774634 29.023268 0.334774
vn 0.299041 -1.249475 -0.472081
v 4.779347 29.010180 0.372400
vn -0.171798 0.158940 -3.452644
v 5.114918 30.344986 0.820236
vn 0.131989 -1.178052 -1.047172
v 3.487887 27.513151 16.885681
vn -0.639176 -0.836816 0.891320
v 3.972794 28.236330 17.678619
vn -0.256412 -1.200695 1.272132
v 3.966867 28.403343 17.831169
vn 0.509545 -1.849973 2.105335
v 3.945515 28.562895 17.977983
vn 0.629696 -2.229274 2.527369
v 3.927687 28.556145 17.976471
vn -1.229660 0.432371 -0.430370
v 4.792174 29.469707 0.836929
vn 2.338431 1.370300 1.353796
v 3.694485 28.802681 18.262831
vn -2.103732 1.018832 -2.502462
v 2.380488 30.112812 20.093658
vn -1.408656 0.968453 -0.017092
v 1.904549 29.974035 20.515083
vn -1.626028 2.496607 -0.441482
v 2.052030 30.079250 20.381702
vn -1.618038 2.551338 -0.472498
v 2.044679 30.071804 20.366669
vn -0.454494 1.111333 -1.335949
v 2.676938 29.759758 19.642099
vn -1.741070 0.888803 -2.086258
v 2.388108 30.129702 20.094294
vn -1.291045 1.458128 -2.041666
v 2.534780 30.055725 19.944613
vn -1.589409 1.781138 -2.502362
v 2.520800 30.042406 19.943941
vn 1.121006 -0.026648 1.230514
v 3.081210 28.955763 18.841255
vn -0.304535 1.078280 -1.208926
v 2.744657 29.253536 19.199730
vn -0.230613 1.047778 -1.238679
v 2.715243 29.417744 19.344042
vn -0.071708 0.094962 -0.129984
v 2.800311 29.110201 19.057232
vn -0.756229 -1.420697 -0.118578
v 2.164252 27.585217 20.191748
vn -1.186995 -1.916936 -1.273723
v 2.320643 27.593401 20.037001
vn 2.384272 -1.789980 -0.615827
v 2.829111 28.185694 19.271927
vn 0.618550 0.990138 1.010153
v 3.082214 28.644550 18.865728
vn 1.040023 -0.871849 0.348484
v 3.218773 28.763680 18.756222
vn -0.139589 -0.315298 0.041544
v 2.027625 27.668598 20.337708
vn -2.016682 -0.296261 -1.905007
v 2.164252 27.585217 20.191748
vn 1.031340 -2.471193 -0.535339
v 4.430043 28.897738 0.390074
vn -0.143270 -0.010541 -3.012906
v 4.591979 28.993547 0.343808
vn 0.125132 -0.383590 -0.114752
v 4.596588 28.977301 0.343653
vn -0.083031 0.094930 -2.947081
v 5.011939 30.192596 0.818692
vn -1.536800 0.817744 -0.480284
v 5.011939 30.192596 0.818692
vn -1.204938 -0.043624 -1.841804
v 3.393153 27.435402 16.949499
vn 1.185952 -2.018083 -0.152574
v 3.696247 27.576607 16.883450
vn -0.998467 -2.501373 2.347935
v 3.806340 27.662743 17.034521
vn -0.712934 -1.784716 1.671174
v 3.820837 27.655170 17.032618
vn -0.008084 -0.966185 1.073855
v 3.984649 28.402376 17.833853
vn 1.081004 -1.875897 2.531063
v 3.828483 28.691561 18.119858
vn -2.546738 0.738347 -0.906191
v 4.940144 30.013329 0.851750
vn -1.186196 0.594380 -0.415600
v 4.712179 29.305470 0.831841
vn 1.194255 0.063779 1.239534
v 3.398199 28.927364 18.551861
vn 2.034345 -0.704280 2.511879
v 3.550939 28.882595 18.406876
vn 1.388996 1.569309 0.974240
v 3.399117 28.946890 18.549932
vn 1.385103 -1.361645 2.284165
v 3.706849 28.817488 18.264366
vn 1.492356 -1.522116 2.486917
v 3.694485 28.802681 18.262831
vn -0.042387 1.469079 -0.151559
v 2.217503 30.126043 20.240255
vn 0.505354 1.574885 -0.151082
v 2.380488 30.112812 20.093658
vn -0.006758 1.424339 -0.136066
v 2.181473 30.120497 20.183989
vn -1.131654 2.002068 -2.458695
v 2.618248 29.917675 19.793087
vn -1.988873 1.190526 -2.253301
v 2.902749 29.015600 18.914322
vn -1.255839 -2.075296 -1.340934
v 2.313942 27.611973 20.035891
vn -0.686740 -0.819031 -1.122531
v 2.578068 27.778973 19.723009
vn -0.060761 -0.095459 -0.118054
v 2.689274 27.897364 19.568594
vn 0.039585 -0.062715 -0.040527
v 2.887942 28.320515 19.107826
vn 0.860539 0.938902 1.154807
v 3.097889 28.632189 18.868145
vn 2.619499 0.637637 2.048116
v 3.201168 28.725100 18.712242
vn -2.535429 -0.416276 -2.349792
v 2.163279 27.603811 20.189625
vn -1.418138 0.323910 -0.032260
v 3.799474 28.147112 17.671909
vn -2.713426 1.078499 0.333834
v 3.745273 28.035864 17.502806
vn -0.475720 0.282258 -0.362305
v 3.367386 27.548950 17.071793
vn -0.155979 -0.012707 -3.289192
v 4.596588 28.977301 0.343653
vn -0.090811 0.107494 -3.381848
v 5.026807 30.185089 0.818045
vn 0.973597 -1.639396 2.242590
v 3.844610 28.703163 18.121456
vn -1.241983 0.838718 -1.022589
v 3.487887 27.513151 16.885681
vn 2.219493 0.869331 0.311384
v 3.946139 28.599047 17.947020
vn 1.854482 0.270132 0.294564
v 3.945515 28.562895 17.977983
vn -1.577711 0.581848 -0.552252
v 4.804154 29.466145 0.799121
vn 1.831041 -0.631914 2.258462
v 3.557160 28.900185 18.406754
vn 0.541953 1.357204 -0.130331
v 2.346304 30.121222 20.039089
vn 1.245867 0.963930 -0.544606
v 2.676938 29.759758 19.642099
vn 0.137798 0.057595 -0.043103
v 2.715243 29.417744 19.344042
vn 2.813671 0.822753 -0.582491
v 2.690521 29.598120 19.479401
vn 1.039206 1.267752 -0.402631
v 2.618248 29.917675 19.793087
vn 1.077034 0.864847 -0.485885
v 2.665586 29.766850 19.629559
vn 0.161987 0.342312 -0.046155
v 2.520800 30.042406 19.943941
vn 0.882600 1.098998 -0.338549
v 2.606637 29.923016 19.780155
vn -0.019387 0.107793 -0.025122
v 3.052501 28.963757 18.804583
vn 2.361083 1.506720 -0.896639
v 2.734865 29.261337 19.187054
vn 2.541453 1.608204 -0.973517
v 2.744657 29.253536 19.199730
vn 1.175886 0.995217 -0.025815
v 2.800311 29.110201 19.057232
vn -1.768343 1.058426 -2.006249
v 2.893310 29.000755 18.914810
vn -0.866941 -1.939617 -2.155063
v 2.740254 28.045628 19.414644
vn -0.490299 -0.965463 -1.082385
v 2.968644 28.451994 18.952496
vn 0.047555 -0.979114 0.307575
v 3.361460 28.754448 18.606211
vn 1.052376 -1.631218 1.461984
v 3.335827 28.739038 18.561119
vn -0.251765 -1.065937 0.235718
v 2.121020 27.602062 20.136580
vn -0.392716 -1.729517 0.354536
v 2.163279 27.603811 20.189625
vn -0.643056 -1.135592 -0.025703
v 3.657175 28.601151 18.320181
vn -0.133963 0.061194 0.016173
v 3.678385 27.951656 17.321636
vn -2.799591 1.200129 -0.048346
v 3.606833 27.828121 17.147249
vn 1.280934 -2.457340 -0.753125
v 4.093216 28.733364 0.405125
vn 0.167334 -0.357810 -0.093078
v 4.251871 28.829889 0.360022
vn -0.142095 -0.007868 -3.065451
v 4.416328 28.923985 0.352159
vn -0.070697 0.100572 -3.060092
v 4.952793 30.010654 0.814022
vn -2.877277 0.838105 -1.024083
v 4.952793 30.010654 0.814022
vn -0.541704 0.387114 -0.433453
v 3.573064 27.686152 16.937056
vn 0.707258 -1.106344 0.156972
v 3.738659 27.588001 16.852461
vn -0.933341 0.704293 -0.824218
v 3.591250 27.571461 16.818459
vn 0.588379 -2.524640 -0.695941
v 3.588697 27.573587 16.812183
vn 2.902835 -0.769481 -0.027617
v 3.986063 28.121351 17.458971
vn 1.205529 0.287317 0.301635
v 4.002208 28.434786 17.806269
vn 1.877943 1.476397 0.400328
v 3.835702 28.739645 18.089163
vn 1.651512 0.821744 0.419864
v 3.844610 28.703163 18.121456
vn -0.284525 0.090194 -0.099866
v 4.864712 29.643215 0.803987
vn -1.476978 0.777643 -0.531526
v 4.722728 29.300053 0.793985
vn -1.078189 0.786921 -0.470012
v 4.605753 29.158739 0.825725
vn 0.904020 1.554260 0.103224
v 3.557160 28.900185 18.406754
vn 0.082347 4.348440 -0.759591
v 3.367911 28.952873 18.514479
vn 1.487696 1.996022 0.432844
v 3.691194 28.848721 18.231440
vn 1.357664 1.198923 0.396199
v 3.706849 28.817488 18.264366
vn 0.718783 1.286707 0.061082
v 3.532911 28.918415 18.372604
vn 1.048454 0.895496 -0.003534
v 2.775365 29.139217 19.008846
vn -1.062040 0.065530 -1.129687
v 3.018571 28.934029 18.771729
vn 0.768767 1.488269 -0.132127
v 2.893310 29.000755 18.914810
vn -0.075927 -1.452910 -0.151548
v 2.300903 27.614035 20.022655
vn 1.056893 -1.112471 -0.396184
v 2.869664 28.329391 19.106691
vn 1.477741 -1.712752 0.431329
v 3.200047 28.679134 18.680399
vn 1.952201 1.910874 2.067017
v 3.212483 28.710730 18.714840
vn 1.374779 0.244328 1.281138
v 3.337951 28.722843 18.561913
vn -1.106753 -0.129187 -0.028394
v 3.811033 28.366137 18.023869
vn -0.931841 -0.986478 -0.054350
v 3.767349 28.490805 18.177027
vn -0.323291 -0.010108 -0.008061
v 3.826224 28.279547 17.825716
vn -1.638002 0.384303 -0.030029
v 3.802759 28.160543 17.662357
vn -2.936774 1.161952 0.353270
v 3.749528 28.049326 17.493900
vn -0.128454 -0.045525 -3.226764
v 4.251871 28.829889 0.360022
vn 0.066773 0.064914 -3.234456
v 4.864712 29.643215 0.803987
vn 1.077653 -0.428725 0.042227
v 3.851273 27.682558 17.007059
vn -2.080829 -1.461808 1.295902
v 3.561456 27.694817 16.928333
vn -1.606183 -0.960996 0.643374
v 3.591250 27.571461 16.818459
vn -2.467185 -1.741194 1.565438
v 3.573064 27.686152 16.937056
vn -0.969690 -0.572857 0.380203
v 3.585015 27.574526 16.807175
vn 1.167499 -0.225501 0.425553
v 4.006703 28.263071 17.654404
vn 1.559174 -0.396748 0.074425
v 3.934159 27.967060 17.283474
vn 1.211817 1.417217 0.192480
v 3.811007 28.764172 18.054930
vn 1.542266 1.040759 0.222392
v 3.929145 28.628033 17.914202
vn 0.064457 0.061530 -3.070779
v 4.880845 29.637959 0.804228
vn 0.025467 0.087127 -3.266563
v 4.804154 29.466145 0.799121
vn 0.021999 0.081134 -3.013705
v 4.819635 29.459381 0.799054
vn 0.018259 0.104634 -3.303203
v 4.722728 29.300053 0.793985
vn -1.085214 0.036210 -1.149141
v 3.021269 28.952877 18.769775
vn -0.001556 1.762958 -0.301703
v 3.018571 28.934029 18.771729
vn 0.555432 1.333689 -0.135712
v 2.860595 29.009682 18.868645
vn -0.572666 -0.940394 -1.092107
v 3.065899 28.570530 18.797873
vn -0.859395 -3.293147 -1.932884
v 3.176139 28.661840 18.643469
vn 1.360585 -1.186859 0.490358
v 3.212483 28.710730 18.714840
vn -0.124320 -0.450995 0.061582
v 3.479058 28.699883 18.414330
vn 1.844606 -0.908437 2.145193
v 3.479058 28.699883 18.414330
vn -0.953390 -1.553911 -0.041473
v 3.623724 28.621143 18.273809
vn -2.831632 1.221255 -0.039113
v 3.612006 27.839832 17.138405
vn -0.979849 -0.906197 0.912675
v 3.749528 28.049326 17.493900
vn -1.950932 -1.647604 1.725151
v 3.664028 27.965797 17.318903
vn -2.022830 -1.707886 1.789446
v 3.678385 27.951656 17.321636
vn 0.097686 -0.233931 -0.149536
v 3.586343 28.472998 0.392560
vn -0.109867 -0.076717 -3.088950
v 4.075977 28.759596 0.368003
vn 0.310761 -2.610792 0.061074
v 3.629556 27.577538 16.785666
vn 1.744296 -0.784741 0.089853
v 3.866663 27.718855 16.982817
vn 0.272855 -0.099138 0.011253
v 3.909609 27.840761 17.124508
vn -1.971381 -1.529482 1.592411
v 3.598431 27.852638 17.133963
vn -0.919627 1.665348 -1.968938
v 3.629556 27.577538 16.785666
vn -0.736780 1.220311 -1.354844
v 3.585015 27.574526 16.807175
vn -0.957472 1.368373 -0.943709
v 3.561456 27.694817 16.928333
vn 1.604623 -0.312418 0.566070
v 4.023896 28.297543 17.625502
vn 1.472899 -0.376738 0.065375
v 3.937290 27.977806 17.275166
vn 1.768665 0.340653 0.463960
v 4.002053 28.467661 17.775574
vn 0.770042 1.622494 0.190818
v 3.663578 28.864862 18.196657
vn 0.018466 0.092799 -2.976281
v 4.736910 29.291136 0.793779
vn -1.287021 0.995040 -0.582814
v 4.615834 29.150093 0.788124
vn -2.673352 2.519667 -3.249038
v 3.336007 28.939287 18.480806
vn -0.475115 2.583520 -1.062237
v 3.344101 28.947586 18.488810
vn -0.873238 0.553906 -1.190839
v 3.502789 28.918901 18.338335
vn -0.096730 1.306472 -0.239471
v 2.979231 28.923048 18.727711
vn -0.120998 -0.002124 -0.132660
v 3.170997 28.918842 18.627304
vn -0.520165 -1.013210 -1.138150
v 2.951393 28.462507 18.950933
vn 1.058405 -1.027408 -0.322693
v 2.858792 28.322107 19.094223
vn 0.009802 -2.066912 -0.049886
v 3.295797 28.711643 18.488810
vn 0.270437 -2.035510 0.149066
v 3.318031 28.709152 18.525690
vn 0.542232 -1.985763 0.354185
v 3.337951 28.722843 18.561913
vn 2.015982 -1.054144 2.371222
v 3.471707 28.682981 18.413195
vn -1.758729 -1.362262 0.846957
v 3.808070 28.400574 17.982681
vn 0.079131 -2.830032 1.859169
v 3.742503 28.516737 18.132338
vn -1.184477 -2.169848 1.589421
v 3.826224 28.279547 17.825716
vn -1.393741 -2.444549 1.772993
v 3.809318 28.286274 17.821884
vn -1.667890 -1.863591 1.652643
v 3.802759 28.160543 17.662357
vn -3.315623 -1.728205 1.782818
v 3.786731 28.171988 17.658894
vn -2.203343 -1.720881 1.787183
v 3.612006 27.839832 17.138405
vn -2.447773 -0.390546 1.223197
v 3.734659 28.062759 17.491203
vn -0.234675 0.118733 -3.043732
v 3.586343 28.472998 0.392560
vn 1.238207 -1.686604 0.300883
v 3.769303 27.609911 16.834440
vn -1.238744 1.161606 -0.306687
v 3.598431 27.852638 17.133963
vn -0.734519 1.072632 -0.774103
v 3.600563 27.707308 16.904383
vn 3.056639 -0.799787 -0.015835
v 3.988847 28.132160 17.450432
vn -0.960061 1.638887 -2.250602
v 3.811007 28.764172 18.054930
vn -1.110847 1.837422 -2.544213
v 3.795552 28.751835 18.052660
vn -1.405493 1.354372 -2.193187
v 3.663578 28.864862 18.196657
vn -0.489578 1.826781 -2.222815
v 3.929145 28.628033 17.914202
vn -0.604537 2.086928 -2.559236
v 3.911772 28.620396 17.911970
vn 0.416696 1.958671 -2.107567
v 4.002053 28.467661 17.775574
vn 0.483406 2.276025 -2.445700
v 3.984435 28.467628 17.772060
vn 0.108080 0.050255 -3.356645
v 4.615834 29.150093 0.788124
vn -0.860714 0.981164 -0.513130
v 4.472770 29.040741 0.819003
vn -0.543255 1.163681 -0.467797
v 4.313098 28.962700 0.812093
vn -0.349794 1.808530 -0.415815
v 3.170997 28.918842 18.627304
vn 0.105499 -0.116349 -0.033884
v 2.951393 28.462507 18.950933
vn -0.597336 -0.954513 -1.115584
v 3.050200 28.582911 18.795444
vn -1.340654 -0.248248 -1.220915
v 3.295797 28.711643 18.488810
vn -1.585999 -1.559825 -1.925551
v 3.164641 28.676188 18.640980
vn -0.974827 -2.132791 -0.214403
v 3.445321 28.688347 18.375313
vn -0.546757 -1.912947 0.067066
v 3.471707 28.682981 18.413195
vn 1.462652 -1.346258 2.210150
v 3.623724 28.621143 18.273809
vn 1.602485 -1.518403 2.444526
v 3.611166 28.605600 18.272516
vn 0.012014 -1.395426 1.081453
v 3.791503 28.398405 17.980070
vn -1.378863 0.486434 0.291497
v 3.737284 28.074783 17.483555
vn -0.220899 0.164147 -0.017464
v 3.664028 27.965797 17.318903
vn 0.788325 -2.055025 -1.537710
v 3.426755 28.376961 0.439091
vn -0.249345 0.126539 -3.222885
v 3.579001 28.488279 0.393728
vn 0.433476 -2.218987 0.230825
v 3.676985 27.585350 16.771696
vn 1.499406 1.766656 -1.982148
v 3.909609 27.840761 17.124508
vn 1.108727 1.801180 -1.945713
v 3.866663 27.718855 16.982817
vn 1.311405 2.136195 -2.295299
v 3.851119 27.729170 16.983635
vn 1.201357 1.276648 -1.951390
v 3.769303 27.609911 16.834440
vn 1.620547 1.730747 -2.592666
v 3.760409 27.623560 16.837894
vn -1.711865 1.766144 -0.919240
v 3.628653 27.880247 17.106806
vn -0.713479 0.708853 -0.936022
v 3.676985 27.585350 16.771696
vn 1.322419 1.793991 -1.833119
v 4.023896 28.297543 17.625502
vn 1.849061 1.560488 -1.878205
v 3.988847 28.132160 17.450432
vn 1.928757 1.647620 -1.974951
v 3.973572 28.143377 17.444735
vn 1.901875 1.543551 -1.843339
v 3.922690 27.990038 17.270164
vn 2.010188 1.614200 -1.920001
v 3.937290 27.977806 17.275166
vn -1.603839 1.557038 -2.478028
v 3.651982 28.849518 18.194521
vn -1.026889 0.345575 -1.293952
v 3.497280 28.901018 18.337969
vn 0.097902 0.040035 -2.923346
v 4.627850 29.138651 0.788354
vn -1.018407 1.247970 -0.630153
v 4.482029 29.029318 0.781630
vn -0.257594 1.198882 -0.285689
v 3.130254 28.899910 18.584593
vn 1.694474 -2.386704 -0.467259
v 3.039101 28.577465 18.783012
vn 1.802834 -2.524305 -0.503723
v 3.050200 28.582911 18.795444
vn -0.622706 -2.012485 -1.206207
v 3.293270 28.727922 18.488260
vn -0.932957 -1.549472 -0.351507
v 3.426069 28.710712 18.338701
vn -1.566854 -2.019501 -0.294495
v 3.583523 28.619823 18.234476
vn 1.327776 -2.085213 2.289195
v 3.727408 28.505732 18.131069
vn -1.904320 -0.545843 -0.351104
v 3.791503 28.398405 17.980070
vn -2.085472 0.873375 -0.717571
v 3.823725 28.320238 17.790604
vn -1.710471 0.329176 -0.408054
v 3.809318 28.286274 17.821884
vn -2.349518 1.016699 -0.245324
v 3.788387 28.183767 17.650755
vn -0.303984 0.250688 -3.284389
v 3.235354 28.340187 0.415874
vn 0.423453 -1.583260 -0.864039
v 3.240537 28.324179 0.414163
vn 0.515141 1.154952 -0.502744
v 3.616144 29.007231 0.765490
vn 1.415135 2.018801 -1.345724
v 3.143600 29.306358 0.717535
vn 0.582887 1.109199 -0.502743
v 2.980144 29.402885 0.701206
vn -0.049437 1.327730 -0.499395
v 3.958661 28.911940 0.792355
vn 0.061762 0.069515 -0.115663
v 3.677016 27.589939 16.773157
vn 1.583672 1.871573 -2.097672
v 3.893544 27.851648 17.122093
vn -0.133393 0.128495 -0.115310
v 3.653065 27.718134 16.889208
vn 1.567036 2.114619 -2.137994
v 4.007162 28.304848 17.620462
vn 0.915823 0.826031 -0.015180
v 3.768430 28.781149 18.011509
vn 1.371149 1.317714 -0.023599
v 3.795552 28.751835 18.052660
vn 1.654554 0.906192 -0.049176
v 3.911772 28.620396 17.911970
vn 0.941078 1.581171 -0.052684
v 3.651982 28.849518 18.194521
vn 0.715358 1.075339 -0.016484
v 3.620807 28.869610 18.152323
vn 1.117094 0.563391 -0.034999
v 3.893646 28.653908 17.872881
vn 1.817695 0.204258 0.129820
v 3.984435 28.467628 17.772060
vn 0.172688 -0.033244 -3.420049
v 4.482029 29.029318 0.781630
vn -2.145574 -0.152067 -2.410657
v 3.335572 28.919680 18.482430
vn -0.218461 1.767922 -0.438840
v 3.335572 28.919680 18.482430
vn 0.091573 -0.285921 -0.042407
v 3.164641 28.676188 18.640980
vn 0.218591 -0.994877 -0.152906
v 3.265306 28.728811 18.442499
vn -1.988706 0.700283 -2.000188
v 3.432836 28.727875 18.340178
vn -2.234192 1.078619 -2.297611
v 3.426069 28.710712 18.338701
vn -1.258355 -1.218182 -0.421939
v 3.568151 28.649824 18.197950
vn -0.904218 -1.577354 0.020456
v 3.611166 28.605600 18.272516
vn -1.859186 -1.515968 -0.335503
v 3.706463 28.525085 18.094311
vn -1.287980 -1.306391 -0.060398
v 3.727408 28.505732 18.131069
vn -2.082029 -0.335919 -0.576767
v 3.787975 28.425642 17.945898
vn 0.693907 1.197039 -1.028448
v 3.800306 28.118750 17.438244
vn 0.285412 -1.127303 -0.587148
v 3.250313 28.307835 0.450295
vn -0.277237 0.227806 -2.995751
v 3.240537 28.324179 0.414163
vn 0.224402 1.276359 -0.547757
v 3.782317 28.939411 0.779271
vn 0.678816 1.079880 -0.457312
v 3.456783 29.100069 0.750637
vn -0.280463 1.282759 -0.439777
v 4.137987 28.920980 0.803658
vn -2.522919 0.362181 -0.922800
v 3.677106 27.598940 16.776699
vn 0.993633 -0.537076 -0.229255
v 3.867206 27.770477 16.956589
vn 1.741388 -0.925184 -0.322849
v 3.851119 27.729170 16.983635
vn 1.220124 -1.522122 -0.861448
v 3.760409 27.623560 16.837894
vn 1.045886 -0.492713 0.115376
v 3.914739 27.889771 17.092764
vn 1.759649 -0.854060 0.245398
v 3.893544 27.851648 17.122093
vn 0.505802 -0.870430 -0.145014
v 3.677106 27.598940 16.776699
vn 0.718088 -1.141609 -0.352564
v 3.789506 27.657946 16.814568
vn 0.800068 2.639543 -2.488474
v 3.672092 27.896755 17.083870
vn 1.297186 0.078377 0.110311
v 3.985281 28.504314 17.736046
vn 1.733089 -0.574954 0.270830
v 4.007162 28.304848 17.620462
vn 1.031058 -0.649183 0.269705
v 4.003656 28.177994 17.413050
vn 1.578742 -0.946167 0.394073
v 3.973572 28.143377 17.444735
vn 1.546529 -0.921382 0.532645
v 3.922690 27.990038 17.270164
vn 1.182759 -0.460695 0.197238
v 4.027297 28.342350 17.587315
vn 1.015512 -0.600340 0.361198
v 3.953194 28.023163 17.239458
vn 0.278045 1.321653 -0.174634
v 3.461945 28.902866 18.295696
vn 0.284462 1.740304 -0.260177
v 3.497280 28.901018 18.337969
vn 0.145286 -0.028868 -2.855886
v 4.491219 29.015505 0.782242
vn -0.661962 1.523485 -0.600695
v 4.319853 28.950779 0.774594
vn -0.136585 1.266208 -0.316465
v 3.296785 28.904955 18.440254
vn -1.637999 1.465926 -2.454121
v 3.568151 28.649824 18.197950
vn -1.611975 -0.954495 -0.502422
v 3.700318 28.555771 18.059065
vn -1.288350 1.136426 -0.455227
v 3.848058 28.231903 17.604248
vn -1.482188 0.889875 -0.661314
v 3.855008 28.347670 17.763325
vn 0.898381 0.768388 -0.807597
v 3.732064 28.018917 17.266212
vn -0.281231 0.259911 -3.310055
v 2.871730 28.251068 0.441786
vn 0.277609 -1.614253 -0.854382
v 3.059103 28.271589 0.426939
vn 0.324004 1.557959 -0.669746
v 3.780366 28.923807 0.742112
vn 0.697141 1.494117 -0.648394
v 3.612822 28.992481 0.728201
vn 0.845854 1.336309 -0.585542
v 3.452691 29.086761 0.713138
vn 0.794321 1.458636 -0.694931
v 2.975642 29.388346 0.663909
vn -0.320002 1.632369 -0.566408
v 4.141493 28.908848 0.766035
vn -0.017058 1.608624 -0.615710
v 3.959128 28.897894 0.754965
vn 0.079351 0.904557 -0.932051
v 3.656890 27.719419 16.891903
vn -0.925589 0.831326 -1.031813
v 3.677106 27.598940 16.776699
vn 0.540022 1.445636 -1.422619
v 3.653065 27.718134 16.889208
vn 1.149215 3.055981 -2.388136
v 3.684996 27.887392 17.087980
vn 0.158320 -0.008375 -3.357842
v 4.319853 28.950779 0.774594
vn -0.735733 -0.903617 -0.371881
v 3.558875 28.701550 18.154787
vn -1.456949 1.343369 -2.213373
v 3.580093 28.665808 18.199657
vn -1.244391 1.893236 -2.365662
v 3.700318 28.555771 18.059065
vn -0.238728 -1.133874 -0.475451
v 2.691077 28.208847 0.491782
vn -1.894966 -0.048446 -0.708248
v 3.800848 28.455339 17.914557
vn 1.657532 1.839533 -1.608257
v 3.864128 28.220749 17.607969
vn 1.845600 2.087306 -1.805407
v 3.848058 28.231903 17.604248
vn 0.966959 0.890269 -0.899163
v 3.815253 28.105516 17.441147
vn 0.183071 -1.132189 -0.600446
v 3.068035 28.254002 0.462824
vn -0.257655 0.151459 -3.042337
v 3.059103 28.271589 0.426939
vn 0.157461 0.349914 -0.118642
v 2.805749 29.471189 0.649709
vn -1.273924 1.743082 -2.021892
v 3.722243 27.624393 16.755642
vn 0.242148 -1.441848 1.113029
v 3.856440 27.680523 16.786751
vn 1.055699 0.907257 -0.951665
v 3.746664 28.005245 17.269445
vn 0.137124 -0.005988 -2.918483
v 4.325782 28.935276 0.774908
vn -1.180695 -1.361553 -0.581987
v 3.580093 28.665808 18.199657
vn -1.102911 1.762540 -2.148031
v 3.714914 28.567339 18.060772
vn -1.486227 -1.970728 -0.928078
v 2.157188 28.397573 0.547280
vn -0.441892 -1.063042 -0.481048
v 2.503857 28.239449 0.508679
vn 0.012856 -1.150527 -0.543716
v 2.880383 28.217350 0.476576
vn 0.935136 2.284846 -1.496648
v 3.871894 28.341444 17.767559
vn 1.391837 2.644348 -1.662460
v 3.855008 28.347670 17.763325
vn -0.031716 1.516474 -1.184685
v 3.800848 28.455339 17.914557
vn -1.163348 1.037030 -0.715671
v 3.864128 28.220749 17.607969
vn -1.069338 2.437230 -1.185614
v 3.830690 28.108984 17.434353
vn -1.171705 2.678905 -1.294843
v 3.815253 28.105516 17.441147
vn -0.252266 0.234639 -2.973227
v 2.873020 28.234386 0.440353
vn 0.046273 -1.683640 -0.806192
v 2.873020 28.234386 0.440353
vn 0.211217 -0.097094 -3.337196
v 3.959128 28.897894 0.754965
vn 0.184978 -0.091677 -2.931138
v 3.958005 28.881310 0.755393
vn 0.192546 -0.226037 -3.372892
v 3.780366 28.923807 0.742112
vn 0.164240 -0.196229 -2.886893
v 3.776028 28.907660 0.742964
vn 0.183335 -0.213896 -3.272224
v 3.612822 28.992481 0.728201
vn 0.167902 -0.189965 -2.954942
v 3.605975 28.977095 0.728822
vn 0.293196 -0.042203 -3.159000
v 3.452691 29.086761 0.713138
vn 0.211128 -0.187815 -3.200127
v 3.129951 29.278093 0.680568
vn 0.136968 -0.262497 -3.016909
v 2.975642 29.388346 0.663909
vn 0.172002 -0.148105 -3.276418
v 2.799294 29.455599 0.650085
vn 0.157321 -0.138197 -3.029199
v 2.805749 29.471189 0.649709
vn 0.420720 1.114990 -0.255508
v 2.622695 29.546400 0.676499
vn 0.178052 0.020745 -3.307342
v 4.141493 28.908848 0.766035
vn 0.159446 0.015859 -2.965454
v 4.143916 28.892397 0.766059
vn -0.133047 0.265722 -0.295416
v 3.706019 27.742043 16.868773
vn 0.951848 -2.169949 0.413381
v 3.740049 27.631060 16.747997
vn -0.173041 0.271856 -0.111468
v 3.746664 28.005245 17.269445
vn -0.757674 1.059601 -0.430677
v 3.732636 27.910618 17.061312
vn -0.929751 -0.711596 -0.398026
v 3.704962 28.604519 18.017548
vn -1.444200 -0.992343 -0.643937
v 3.714914 28.567339 18.060772
vn -0.174313 -0.341316 -0.156678
v 2.323961 28.322277 0.490895
vn -0.637839 -1.626328 -0.729763
v 2.501317 28.256987 0.472256
vn -0.318756 -1.712496 -0.728117
v 2.685888 28.225281 0.455195
vn -1.591765 0.697177 -1.669047
v 3.817171 28.458096 17.917618
vn -0.832637 0.713641 -0.499196
v 3.909370 28.251825 17.576933
vn -0.276940 0.219818 -3.341722
v 2.687219 28.241968 0.456176
vn 0.207320 0.104381 -3.000936
v 2.627657 29.535954 0.639085
vn 0.638141 1.766327 -0.378935
v 2.627657 29.535954 0.639085
vn 0.249940 1.112744 -0.100149
v 2.432563 29.582319 0.667349
vn -0.510302 1.785485 -2.017054
v 3.799442 27.636070 16.731377
vn 0.448120 -1.006986 0.801518
v 3.990009 27.692694 16.754274
vn 0.459535 -1.361316 1.070874
v 3.940653 27.633121 16.707024
vn -0.930858 -0.195072 -0.516063
v 3.830694 28.495005 17.879274
vn -1.016759 -0.586119 -0.301821
v 2.016707 28.522858 0.567367
vn -1.843657 -2.364632 -1.115721
v 2.158493 28.413921 0.510476
vn -0.240461 0.192105 -2.907085
v 2.685888 28.225281 0.455195
vn -0.251837 0.286975 -3.301407
v 2.505564 28.273111 0.473344
vn 0.231505 0.129107 -3.260154
v 2.623103 29.519880 0.638170
vn -0.071195 0.405601 -0.461941
v 3.782979 27.756937 16.840040
vn -0.716821 1.436789 -1.874899
v 3.940653 27.633121 16.707024
vn -1.139399 -0.327517 -0.317483
v 1.916245 28.682758 0.585905
vn -1.583136 -0.975796 -0.497303
v 2.019913 28.536537 0.530003
vn -0.187142 0.307292 -2.967584
v 2.323961 28.322277 0.490895
vn -0.204273 0.236502 -2.907485
v 2.158493 28.413921 0.510476
vn -0.232471 0.275004 -3.339562
v 2.168678 28.427011 0.510835
vn -0.223072 0.258951 -2.939894
v 2.501317 28.256987 0.472256
vn -0.205931 0.338790 -3.268868
v 2.331227 28.337219 0.491995
vn 0.226627 0.402875 -2.945467
v 2.442693 29.576643 0.629565
vn 0.405378 1.949299 -0.163716
v 2.442693 29.576643 0.629565
vn 0.070004 1.218601 -0.036102
v 2.243975 29.588875 0.657122
vn 0.591659 -0.676041 0.452620
v 4.076876 27.654665 16.657930
vn -0.233447 0.354864 -0.492027
v 3.923161 27.758698 16.805893
vn -1.761494 -0.555307 -0.493910
v 1.923225 28.694746 0.548488
vn -0.232153 0.192705 -2.829191
v 2.019913 28.536537 0.530003
vn -0.282160 0.232633 -3.419557
v 2.032707 28.547035 0.529653
vn 0.256025 0.461163 -3.255997
v 2.441072 29.560520 0.627186
vn -1.626124 0.676481 -1.170619
v 4.076876 27.654665 16.657930
vn -0.381055 -0.070314 -0.078120
v 1.866426 28.874844 0.566541
vn -0.163022 0.239536 -2.885135
v 1.923225 28.694746 0.548488
vn -0.194245 0.278050 -3.366914
v 1.938110 28.701838 0.548228
vn 0.099430 0.586978 -2.776383
v 2.252176 29.587265 0.618680
vn 0.045228 1.931104 -0.054517
v 2.252176 29.587265 0.618680
vn -0.685981 0.140489 -0.311715
v 4.062018 27.781672 16.747869
vn 0.603692 -0.311902 0.111613
v 4.175156 27.821278 16.591953
vn -2.649330 0.087096 -0.335954
v 1.842594 29.060387 0.622906
vn -0.140089 0.289855 -3.329156
v 1.882588 28.878189 0.566159
vn -0.127185 0.254713 -2.923350
v 1.866426 28.874844 0.566541
vn -0.343887 0.287190 -3.351078
v 1.863853 29.062857 0.583045
vn 0.133206 0.725402 -3.359125
v 2.255064 29.571894 0.615497
vn -0.328239 1.276426 -0.021354
v 2.077269 29.542786 0.648518
vn -1.435673 0.219071 -0.370062
v 4.139093 27.739826 16.559393
vn 2.152098 -1.031499 0.269476
v 4.139093 27.739826 16.559393
vn -3.142812 0.097670 -0.398938
v 1.847520 29.063131 0.584771
vn -0.306013 0.247638 -2.872975
v 1.847520 29.063131 0.584771
vn -0.197125 0.565914 -2.567400
v 2.080791 29.543039 0.609503
vn -0.552469 1.713867 -0.034143
v 2.080791 29.543039 0.609503
vn -0.971634 1.002600 -0.051724
v 1.952782 29.420776 0.644246
vn 2.315002 -0.654432 -0.346653
v 4.185471 27.941053 16.462269
vn -1.311313 0.610137 -0.051235
v 1.873546 29.250694 0.637855
vn -1.546700 0.657464 -0.076144
v 1.873965 29.248333 0.599015
vn -0.601443 0.366622 -3.362443
v 1.889039 29.244095 0.595824
vn -0.269145 0.790061 -3.535686
v 2.088625 29.529829 0.605962
vn 3.122339 -0.473763 -0.393760
v 4.169858 27.969589 16.304131
vn -0.505870 0.306076 -2.784546
v 1.873965 29.248333 0.599015
vn -0.486056 0.445795 -2.702952
v 1.953221 29.419182 0.605102
vn -1.248113 1.181930 -0.063794
v 1.953221 29.419182 0.605102
vn -1.738070 0.162946 -0.062809
v 4.161578 27.965912 16.523718
vn 0.601058 0.014977 -0.040101
v 4.167445 28.082462 16.172434
vn -2.309060 -0.025614 -0.075740
v 4.169858 27.969589 16.304131
vn -0.613944 0.556349 -3.399562
v 1.965290 29.410156 0.601434
vn -0.884004 -0.051194 -0.027680
v 4.161146 28.070408 16.395899
vn -1.281541 -0.292262 -0.152139
v 4.167445 28.082462 16.172434
vn 0.693236 0.090367 -0.019070
v 4.137849 28.285658 16.059437
vn -0.908586 -0.368597 -0.190770
v 4.098196 28.272375 16.135307
vn 2.426977 0.331113 -0.103198
v 4.149107 28.195486 16.041393
vn -1.886740 -0.922467 -0.436122
v 4.149107 28.195486 16.041393
vn 2.147158 0.369611 -0.280761
v 4.100090 28.393328 15.926980
vn -1.485093 -1.015472 -0.416939
v 4.045967 28.361938 16.003366
vn 0.352012 -1.168856 0.156625
v 2.618955 28.968983 15.665498
vn 0.504088 -1.080481 0.202319
v 2.406006 28.904991 15.648138
vn 1.572261 0.566751 -0.296678
v 4.078552 28.406277 15.779312
vn -1.338504 -1.783258 -0.552633
v 4.078552 28.406277 15.779312
vn 0.634148 -1.162875 0.240561
v 2.204516 28.807295 15.624396
vn -0.157573 -2.469510 0.249072
v 2.834939 28.985247 15.669841
vn 1.272386 0.595172 -0.282089
v 4.043906 28.487833 15.795111
vn -0.389675 -0.658854 -0.189348
v 3.987324 28.434477 15.868933
vn 0.254968 -0.852851 -0.406924
v 3.827775 28.442194 15.614307
vn 0.526010 -1.127023 0.227738
v 1.820973 28.590073 15.584917
vn 0.497528 -1.835431 0.236534
v 2.619995 28.961760 15.609257
vn 0.775660 -1.744614 0.314354
v 2.409075 28.895967 15.592299
vn 0.886778 -1.656940 0.338584
v 2.208696 28.798162 15.569228
vn 0.861110 0.465783 -0.344652
v 4.014871 28.481113 15.649968
vn -0.095148 -1.196674 -0.474460
v 4.014871 28.481113 15.649968
vn 0.233210 -0.685117 0.083767
v 1.625561 28.512800 15.732159
vn 0.735225 -1.557243 0.315186
v 1.825556 28.581318 15.531005
vn -0.206278 -3.203640 0.323170
v 2.833320 28.979679 15.613611
vn -0.475268 -1.000570 0.059548
v 3.040930 28.933861 15.598849
vn 1.796872 -0.260810 -1.531019
v 3.912333 28.510246 15.524662
vn 0.086568 -0.691991 0.132751
v 1.430302 28.461487 15.713810
vn 0.628246 -1.762841 0.233341
v 1.635807 28.490063 15.517671
vn -0.137672 -0.056427 2.917860
v 2.619995 28.961760 15.609257
vn -0.204773 -0.208917 2.975068
v 2.409075 28.895967 15.592299
vn -0.228780 -0.227230 3.277018
v 2.415731 28.876966 15.591420
vn 0.071569 0.074595 2.838106
v 2.833320 28.979679 15.613611
vn -0.166079 -0.056873 3.354423
v 2.623036 28.942091 15.609049
vn -0.233207 -0.219085 3.064682
v 2.208696 28.798162 15.569228
vn -0.248941 -0.218291 3.190280
v 2.217428 28.779776 15.568654
vn -0.228229 -0.017492 3.199151
v 1.825556 28.581318 15.531005
vn -0.032095 -0.485964 3.085708
v 2.024781 28.668962 15.546731
vn -0.912475 -1.176172 0.060510
v 3.230439 28.835997 15.789694
vn 0.514366 0.334468 -0.343144
v 3.855086 28.610062 15.536142
vn 0.449304 -2.336199 0.397425
v 1.442613 28.422369 15.501871
vn -0.268001 0.057661 3.241501
v 1.635807 28.490063 15.517671
vn -0.248422 0.050680 3.018941
v 1.642908 28.471123 15.518586
vn 0.081786 0.094217 3.433203
v 2.831713 28.959991 15.614198
vn 0.307557 -0.012732 2.827653
v 3.040930 28.933861 15.598849
vn -0.224664 -0.002577 3.072860
v 1.834438 28.562973 15.531639
vn -2.002584 -2.427071 0.128747
v 3.223334 28.830246 15.570765
vn -0.574603 -0.148568 -0.061721
v 3.340163 28.667074 15.748068
vn -0.097537 -1.873225 0.459747
v 1.246515 28.393650 15.480045
vn -0.337634 0.096432 3.315069
v 1.442613 28.422369 15.501871
vn -0.298379 0.080514 2.932821
v 1.446700 28.402721 15.502836
vn 0.369069 -0.023610 3.410755
v 3.034130 28.915506 15.599496
vn 0.352532 -0.284924 2.778809
v 3.223334 28.830246 15.570765
vn -2.271055 -0.928738 -0.156704
v 3.361040 28.674768 15.535191
vn -0.075218 -0.432342 0.122053
v 1.022521 28.538366 15.854622
vn -0.456913 0.215562 3.377634
v 1.246515 28.393650 15.480045
vn -0.380429 0.185960 2.836309
v 1.246629 28.373804 15.481327
vn 0.441141 -0.348031 3.414504
v 3.211469 28.815815 15.570827
vn 0.072117 -0.606648 2.630172
v 3.361040 28.674768 15.535191
vn 0.088001 -0.796153 3.495465
v 3.344921 28.668087 15.534092
vn -1.685027 0.496198 -0.222649
v 3.408644 28.508430 15.492404
vn -0.038348 0.715196 -0.024578
v 2.555161 28.092981 15.420535
vn -0.447893 0.523672 3.294489
v 1.048048 28.419321 15.448668
vn -0.286582 -0.651914 2.208625
v 3.408644 28.508430 15.492404
vn 0.099834 0.726640 0.003544
v 2.370254 28.124842 15.352409
vn -0.352073 0.903356 0.047484
v 2.930653 28.132544 15.543157
vn 0.315183 1.260486 0.140537
v 2.247120 28.166807 15.130271
vn -0.722374 -1.283507 0.434018
v 0.852210 28.560938 15.610451
vn -0.569821 -2.163728 0.653573
v 1.048048 28.419321 15.448668
vn -0.387911 0.453733 2.856297
v 1.043517 28.400402 15.451058
vn -0.526146 -1.118145 3.779097
v 3.390720 28.510752 15.490636
vn -0.302631 0.211967 -0.045478
v 3.205038 28.295208 15.853488
vn -0.354986 1.627491 0.013310
v 2.815919 28.101946 15.274562
vn 0.027042 2.406026 -0.050623
v 2.629985 28.089840 15.212390
vn -0.748814 1.077255 0.094486
v 3.107325 28.210293 15.597836
vn 0.812069 2.481243 0.283424
v 2.072892 28.233059 15.061244
vn -0.531272 -0.470903 0.230649
v 0.695999 28.679092 15.556382
vn -0.339179 0.730779 2.834501
v 0.848443 28.472389 15.411506
vn -0.523288 -0.609567 2.653774
v 3.320729 28.372242 15.442677
vn -1.734240 1.550341 -0.134912
v 3.320729 28.372242 15.442677
vn 0.280324 1.827845 0.036543
v 2.443832 28.115734 15.147182
vn 0.457637 1.754741 0.196311
v 2.266329 28.167646 15.079666
vn -1.572989 -1.626275 0.700525
v 0.685283 28.594395 15.358778
vn -1.478691 -2.595499 0.877197
v 0.857531 28.489523 15.408114
vn -0.378592 0.841180 3.205283
v 0.857531 28.489523 15.408114
vn -0.664470 -0.752156 3.360270
v 3.305096 28.382236 15.441835
vn -0.830869 -0.464907 2.722970
v 2.815919 28.101946 15.274562
vn -1.085129 -0.159526 3.148650
v 2.629394 28.109518 15.213183
vn -0.957922 -0.141069 2.786666
v 2.629985 28.089840 15.212390
vn -1.003610 0.206621 2.823590
v 2.443832 28.115734 15.147182
vn -1.061923 2.065319 0.138138
v 3.040133 28.185427 15.348832
vn -0.680411 -0.566949 2.836620
v 2.992762 28.164038 15.332974
vn -0.757341 -0.627182 3.155705
v 2.984299 28.182255 15.334585
vn 0.292558 0.994181 0.087202
v 1.915724 28.297838 14.944454
vn 0.942177 2.351796 -0.127185
v 0.945410 30.162048 14.261766
vn 1.509084 1.889806 -0.797845
v 1.152751 29.980247 14.044423
vn -1.505700 -0.964463 0.648962
v 0.541849 28.728813 15.302829
vn -0.265141 0.875543 2.792101
v 0.672488 28.579638 15.362194
vn -0.616861 -0.578720 2.929333
v 3.160903 28.259632 15.388668
vn -0.983358 -0.557651 3.203188
v 2.810837 28.121132 15.276342
vn -1.109322 0.242201 3.121263
v 2.447349 28.135508 15.146901
vn -1.030156 0.236455 2.887395
v 2.266329 28.167646 15.079666
vn -1.009148 0.309059 2.929014
v 1.921935 28.317295 14.944528
vn -1.034019 0.317041 3.001362
v 1.915724 28.297838 14.944454
vn 0.204296 0.720363 0.057013
v 1.655741 28.361719 15.068918
vn -0.303022 0.998240 3.177362
v 0.685283 28.594395 15.358778
vn -0.168347 1.092562 3.184686
v 0.541849 28.728813 15.302829
vn -0.655271 -0.612982 3.098872
v 3.149231 28.275188 15.389277
vn -1.018742 0.262286 2.863963
v 1.739583 28.374313 14.876048
vn -0.189450 1.314394 0.136628
v 0.819203 30.198141 14.608685
vn 0.299906 0.497987 -0.121803
v 1.018634 30.100044 14.112512
vn 0.009337 1.244916 0.046707
v 0.783472 30.203419 14.341347
vn 0.896818 0.823148 -0.599528
v 1.236145 29.858519 13.944627
vn -0.363494 -0.178835 0.155977
v 0.503124 29.081425 15.616869
vn -0.147771 0.942123 2.751330
v 0.526206 28.716988 15.306038
vn 0.462952 1.784804 0.188844
v 1.734753 28.354568 14.876146
vn -1.078986 0.278996 3.033458
v 1.734753 28.354568 14.876146
vn 0.132677 1.255866 0.345449
v 1.525696 28.383312 14.851941
vn 0.928366 0.678717 -0.732111
v 1.306024 29.716648 13.850698
vn -0.257877 0.544787 0.195104
v 0.694182 30.164368 14.726415
vn 1.852713 2.349923 -0.969204
v 1.116617 29.993248 14.006872
vn 1.107957 2.863707 -0.115090
v 0.907206 30.175312 14.224020
vn 1.173983 1.118646 -0.766159
v 1.200021 29.870562 13.907125
vn 0.398244 -1.086145 -0.254326
v 1.154144 27.815987 13.877539
vn 1.620400 -1.358332 -1.449325
v 1.337107 28.080200 13.712338
vn 0.054519 1.060472 2.778662
v 0.420146 28.879280 15.246000
vn -2.051777 -0.849859 0.845700
v 0.437770 28.887657 15.242402
vn -1.168314 0.206526 3.066744
v 1.546692 28.394205 14.804276
vn -0.514173 2.457887 0.796709
v 1.340637 28.384096 14.776630
vn -0.467481 3.075827 0.346400
v 0.655066 30.189928 14.460102
vn -0.849915 2.224061 0.660362
v 0.529619 30.140400 14.575831
vn 1.928330 -0.502759 2.262741
v 1.126916 30.009293 14.001711
vn 2.200864 -0.401234 2.475426
v 1.018634 30.100044 14.112512
vn 2.088705 -0.549917 2.449537
v 1.116617 29.993248 14.006872
vn 1.949107 -0.341661 2.183329
v 1.026186 30.117897 14.108644
vn 2.332288 -0.148708 2.503170
v 0.907206 30.175312 14.224020
vn 1.980394 0.038266 2.117711
v 0.783831 30.223356 14.340676
vn 2.312646 0.041383 2.466910
v 0.783472 30.203419 14.341347
vn 1.218697 0.926407 -0.938283
v 1.269134 29.727261 13.813758
vn 0.250041 -0.064873 -0.387142
v 1.765719 28.621565 13.780598
vn 0.623806 -0.902875 -0.515959
v 1.255088 27.935997 13.788613
vn -1.097770 -0.297830 0.418342
v 0.409789 29.161163 15.363694
vn 0.074480 1.187118 3.086862
v 0.437770 28.887657 15.242402
vn 0.135573 1.762218 0.508428
v 1.546692 28.394205 14.804276
vn -1.064728 0.179926 2.792439
v 1.549069 28.414270 14.803848
vn 0.890283 0.556509 -0.845344
v 1.362744 29.550493 13.762493
vn 2.209741 0.297837 2.494767
v 0.655066 30.189928 14.460102
vn -0.550242 0.935112 0.388883
v 0.423691 30.051369 14.684422
vn 1.972636 -0.475146 2.211881
v 1.211275 29.884993 13.900208
vn 2.154626 -0.521219 2.418165
v 1.200021 29.870562 13.907125
vn 1.947485 -0.121789 2.090382
v 0.911139 30.194641 14.221482
vn 1.193780 0.765517 -1.104230
v 1.324234 29.558617 13.727284
vn 2.265268 -0.454822 2.331113
v 1.269134 29.727261 13.813758
vn 0.447859 -0.207387 -0.599712
v 1.566321 28.435566 13.701798
vn -0.106524 -1.250163 0.191386
v 1.045353 27.749146 13.979189
vn 0.694647 -1.711502 -0.470569
v 1.115613 27.810915 13.838865
vn 0.654070 -0.341153 -0.796890
v 1.361096 28.248646 13.613177
vn 1.014315 -1.399372 -0.848313
v 1.218260 27.932562 13.750098
vn -1.079431 -0.035061 0.388572
v 0.373065 29.339685 15.289652
vn 0.276629 1.154266 2.795907
v 0.344171 29.056583 15.181524
vn -1.290722 0.017962 3.107443
v 1.360493 28.403467 14.729684
vn -0.589262 2.866678 0.933627
v 1.360493 28.403467 14.729684
vn 0.870856 0.115536 -1.039338
v 1.449344 29.020605 13.588729
vn 0.342007 0.198172 -0.356193
v 1.365432 29.378942 13.652388
vn 1.930469 0.284689 2.191374
v 0.651299 30.209211 14.461065
vn 1.986336 0.793789 2.634650
v 0.529619 30.140400 14.575831
vn 1.362448 1.005856 2.253512
v 0.409851 30.065176 14.686558
vn 1.670289 1.246471 2.765341
v 0.423691 30.051369 14.684422
vn -1.747776 1.455180 1.174988
v 0.391517 29.932608 14.821368
vn 2.283698 -0.422615 2.270965
v 1.324234 29.558617 13.727284
vn 2.131775 -0.395742 2.123211
v 1.336114 29.569410 13.717353
vn 2.073057 -0.413746 2.130798
v 1.280572 29.740023 13.805108
vn 0.861004 -0.052375 -1.082441
v 1.458305 28.837780 13.574797
vn 1.515762 -0.574650 -2.160468
v 1.397407 28.445490 13.572223
vn -0.022257 -1.799659 0.163167
v 1.005501 27.746668 13.940821
vn 1.980906 -1.675607 -1.770940
v 1.300734 28.078072 13.673666
vn -0.491737 -0.381383 0.183744
v 0.947167 27.761070 14.320460
vn -2.088929 -0.312570 0.773596
v 0.325517 29.159397 15.141299
vn 0.306268 1.237692 2.983903
v 0.363064 29.061531 15.177559
vn -1.115050 -0.000711 2.695700
v 1.359508 28.423487 14.729197
vn -0.477503 0.918527 0.338511
v 1.185113 28.369074 14.653142
vn 1.647329 0.718127 -1.893440
v 1.432966 29.197805 13.626879
vn -0.584253 0.231473 0.264734
v 0.419896 29.846260 15.039272
vn 1.692046 0.675633 2.243977
v 0.520593 30.157375 14.577526
vn 1.312189 1.264254 2.798547
v 0.353849 29.919371 14.781731
vn -2.116363 1.748183 1.427415
v 0.353849 29.919371 14.781731
vn 2.157950 -0.381236 2.114587
v 1.377676 29.387526 13.641433
vn 0.981387 -0.221145 -1.470429
v 1.414582 28.649513 13.549128
vn -0.599800 -1.083666 0.374932
v 0.939774 27.764446 14.093675
vn -0.741653 -1.623160 0.497019
v 0.900616 27.773359 14.056793
vn 2.396540 -0.300112 2.490259
v 1.115613 27.810915 13.838865
vn 2.609372 -1.017816 2.437110
v 1.005501 27.746668 13.940821
vn 1.792500 -0.672393 1.711092
v 1.002020 27.728626 13.937160
vn 1.900932 0.072915 2.257030
v 1.227530 27.918001 13.742875
vn 2.136058 0.097208 2.545453
v 1.218260 27.932562 13.750098
vn 2.346087 0.048012 2.370295
v 1.361096 28.248646 13.613177
vn 2.195415 0.098798 2.509672
v 1.300734 28.078072 13.673666
vn 1.941604 0.083028 2.211334
v 1.311972 28.066429 13.664283
vn -1.539793 0.133953 0.611379
v 0.278526 29.420612 15.034330
vn 0.394048 1.183462 2.737347
v 0.288140 29.238966 15.112057
vn 0.428601 1.288942 2.978925
v 0.307750 29.241045 15.108336
vn -1.247062 -0.370943 3.047918
v 1.185113 28.369074 14.653142
vn -0.361367 0.604639 0.243814
v 0.974273 28.204008 14.749997
vn 1.104519 -0.032401 -1.377128
v 1.417525 28.841633 13.542173
vn 1.138433 0.188471 -1.353208
v 1.409267 29.024944 13.555631
vn 1.962590 0.858116 -2.255435
v 1.392839 29.202549 13.593767
vn 2.295970 -0.403177 2.246251
v 1.365432 29.378942 13.652388
vn -0.615832 0.135418 0.269915
v 0.378492 29.688805 15.127856
vn 1.143855 1.122262 2.465881
v 0.337204 29.929937 14.784695
vn -1.615310 0.699588 0.787325
v 0.310007 29.761444 14.870913
vn 2.334188 0.056146 2.294540
v 1.397407 28.445490 13.572223
vn 2.077609 0.038791 2.092158
v 1.372614 28.240150 13.601904
vn 2.301522 0.055992 2.285241
v 1.414582 28.649513 13.549128
vn 2.156989 0.052708 2.139366
v 1.427110 28.647421 13.536562
vn 2.076218 -1.463778 2.438167
v 0.900616 27.773359 14.056793
vn 1.639829 -1.114923 1.903007
v 0.890805 27.757198 14.055598
vn 1.940386 -0.238341 2.023653
v 1.119237 27.793814 13.833376
vn -0.311653 -2.617085 2.889722
v 0.763070 27.985176 14.292937
vn -1.387660 -1.223875 0.554516
v 0.815095 27.862394 14.177318
vn 0.566604 1.314262 2.988188
v 0.278526 29.420612 15.034330
vn -1.115829 -0.330730 2.729762
v 1.180023 28.388269 14.653387
vn -1.338587 0.886412 2.023459
v 1.021717 28.303406 14.573817
vn 2.353195 -0.318008 2.231673
v 1.392839 29.202549 13.593767
vn 2.383197 -0.152063 2.236315
v 1.409267 29.024944 13.555631
vn 2.192057 -0.146557 2.056556
v 1.421375 29.028559 13.542967
vn 2.181738 -0.300958 2.072040
v 1.405028 29.208738 13.581811
vn -2.174422 0.601279 0.963387
v 0.282090 29.594635 14.955153
vn 1.061849 1.246565 2.796378
v 0.310007 29.761444 14.870913
vn 2.343829 -0.004500 2.268225
v 1.417525 28.841633 13.542173
vn 2.146567 0.050755 2.108630
v 1.409505 28.440228 13.560034
vn 1.218959 -1.519359 2.088208
v 0.800572 27.851570 14.178013
vn 0.504470 1.178002 2.678958
v 0.258786 29.421322 15.037735
vn -0.545132 -0.371954 1.435479
v 1.012241 28.320705 14.574733
vn 2.171963 -0.005564 2.099177
v 1.429902 28.842493 13.529376
vn 0.982688 1.173675 2.627686
v 0.291815 29.768709 14.874536
vn 1.471774 -1.815136 2.485673
v 0.815095 27.862394 14.177318
vn -0.383718 -0.830740 1.426177
v 0.772530 28.113420 14.399004
vn 0.727897 1.192576 2.660759
v 0.262843 29.598537 14.958728
vn -0.498494 -0.556587 1.512833
v 0.871467 28.218842 14.490870
vn 0.810527 1.299055 2.897545
v 0.282090 29.594635 14.955153
vn -0.295757 -0.717763 1.207086
v 0.756031 28.121628 14.399346
vn 0.243947 -1.729427 2.164596
v 0.746300 27.983788 14.293718
vn -0.423763 -0.497763 1.302049
v 0.857793 28.232880 14.491529
# 2389 vertices, 0 vertices normals


usemtl material_0
vt 0.719986 0.554209
vt 0.719349 0.558648
vt 0.721636 0.550348
f 7/1/7 2/2/2 4/3/4
vt 0.726825 0.549159
vt 0.726349 0.544692
f 4/3/4 1/4/1 8/5/8
vt 0.728664 0.541542
vt 0.728510 0.545924
vt 0.728826 0.538595
f 6/6/6 3/7/3 9/8/9
f 8/5/8 1/4/1 6/6/6
vt 0.719643 0.557672
vt 0.718206 0.562041
f 10/9/10 5/10/5 7/1/7
vt 0.720191 0.561212
f 11/11/11 5/10/5 10/9/10
vt 0.721989 0.564732
vt 0.721322 0.565832
f 14/12/14 12/13/12 11/11/11
vt 0.723203 0.544672
vt 0.725058 0.536141
f 13/14/13 15/15/15 9/8/9
vt 0.720208 0.534949
f 13/14/13 17/16/17 15/15/15
vt 0.724530 0.569278
vt 0.725392 0.568136
f 16/17/16 14/12/14 18/18/18
vt 0.728544 0.572603
vt 0.729566 0.571414
f 19/19/19 18/18/18 21/20/21
vt 0.717122 0.535792
vt 0.716969 0.536930
f 23/21/23 17/16/17 20/22/20
vt 0.715616 0.537921
f 25/23/25 23/21/23 20/22/20
vt 0.732673 0.575778
vt 0.733676 0.574558
f 22/24/22 21/20/21 27/25/27
vt 0.736333 0.578766
vt 0.737179 0.577511
f 24/26/24 27/25/27 28/27/28
vt 0.715510 0.540586
vt 0.715495 0.539029
f 29/28/29 25/23/25 26/29/26
vt 0.739534 0.580217
f 24/26/24 28/27/28 30/30/30
vt 0.741060 0.582749
vt 0.739089 0.588130
f 30/30/30 33/31/33 31/32/31
vt 0.718041 0.550402
vt 0.716908 0.548118
f 35/33/35 29/28/29 32/34/32
vt 0.742074 0.585179
vt 0.741854 0.586569
f 33/31/33 37/35/37 36/36/36
vt 0.719329 0.553632
vt 0.717920 0.551536
f 39/37/39 35/33/35 34/38/34
vt 0.743825 0.592536
vt 0.742594 0.588995
f 37/35/37 40/39/40 38/40/38
vt 0.722676 0.559898
vt 0.720642 0.557933
f 44/41/44 39/37/39 41/42/41
vt 0.743746 0.593973
vt 0.744756 0.595001
f 42/43/42 40/39/40 46/44/46
vt 0.706519 0.612315
vt 0.703197 0.610228
vt 0.704141 0.606188
f 47/45/47 48/46/48 43/47/43
vt 0.724814 0.563017
vt 0.722394 0.561079
f 49/48/49 44/41/44 45/49/45
vt 0.746373 0.597443
vt 0.746260 0.598906
f 46/44/46 50/50/50 51/51/51
vt 0.703965 0.610794
f 53/52/53 43/47/43 54/46/54
vt 0.748923 0.600414
f 51/51/51 50/50/50 61/53/61
vt 0.701784 0.614337
vt 0.704190 0.616524
f 58/54/58 48/46/48 52/55/52
vt 0.703927 0.614768
f 59/56/59 53/52/53 54/46/54
vt 0.730242 0.569239
vt 0.726930 0.567347
f 60/57/60 49/48/49 55/58/55
vt 0.706035 0.613071
vt 0.707265 0.616963
f 57/59/57 53/52/53 63/60/63
vt 0.699198 0.618554
f 62/61/62 58/54/58 52/55/52
f 64/56/64 65/46/65 66/54/66
f 63/60/63 67/52/67 64/56/64
vt 0.695930 0.622507
vt 0.701223 0.620753
f 70/62/70 62/61/62 56/63/56
f 71/61/71 64/56/64 66/54/66
vt 0.727697 0.574137
vt 0.733347 0.572330
f 68/64/68 72/65/72 60/57/60
vt 0.748839 0.613792
vt 0.752586 0.602252
f 69/66/69 61/53/61 73/67/73
vt 0.705951 0.621083
f 75/62/75 76/68/76 71/61/71
vt 0.757006 0.604612
vt 0.756549 0.606066
f 73/67/73 84/69/84 78/70/78
vt 0.694611 0.628383
vt 0.692469 0.625824
f 77/71/77 89/72/89 70/62/70
vt 0.736181 0.576664
vt 0.736832 0.575406
f 83/73/83 91/74/91 72/65/72
vt 0.762219 0.606945
f 92/75/92 78/70/78 84/69/84
vt 0.732416 0.709010
vt 0.733029 0.710615
vt 0.733616 0.706344
f 79/76/79 85/77/85 93/78/93
vt 0.730950 0.714490
vt 0.731295 0.714890
f 74/79/74 94/80/94 85/77/85
vt 0.725307 0.723739
vt 0.728644 0.719241
vt 0.728291 0.718835
f 95/81/95 86/82/86 80/83/80
f 86/82/86 94/80/94 74/79/74
vt 0.695010 0.626495
f 99/84/99 75/62/75 100/72/100
vt 0.740847 0.578465
f 102/85/102 91/74/91 83/73/83
vt 0.733590 0.710598
f 103/86/103 104/78/104 105/77/105
vt 0.731837 0.714879
f 105/77/105 106/80/106 107/87/107
vt 0.729141 0.719245
f 108/88/108 109/82/109 110/81/110
f 106/80/106 109/82/109 108/88/108
vt 0.730586 0.697721
vt 0.727228 0.693365
vt 0.731420 0.696186
f 97/89/97 111/90/111 87/91/87
vt 0.733412 0.700467
vt 0.732865 0.702054
f 81/92/81 98/93/98 97/89/97
vt 0.733572 0.704741
f 82/94/82 93/78/93 98/93/98
vt 0.717778 0.732856
vt 0.717372 0.732463
f 114/95/114 95/81/95 88/96/88
vt 0.691206 0.631769
vt 0.688805 0.628923
f 90/97/90 115/98/115 89/72/89
f 103/86/103 105/77/105 107/87/107
vt 0.734158 0.706361
f 120/99/120 104/78/104 103/86/103
vt 0.723241 0.689009
vt 0.728219 0.691896
f 111/90/111 121/100/121 96/101/96
vt 0.731005 0.697758
f 122/102/122 123/90/123 124/89/124
vt 0.733357 0.702103
f 125/103/125 124/89/124 126/93/126
f 104/78/104 125/103/125 126/93/126
vt 0.718181 0.732827
f 110/81/110 114/95/114 128/104/128
vt 0.684929 0.632227
f 117/105/117 115/98/115 90/97/90
vt 0.691260 0.629853
f 116/106/116 100/72/100 129/98/129
vt 0.687642 0.635146
vt 0.681738 0.634998
f 101/107/101 130/108/130 117/105/117
vt 0.765796 0.615225
vt 0.768170 0.609254
f 118/109/118 92/75/92 132/110/132
vt 0.734106 0.711735
f 107/87/107 134/111/134 135/86/135
vt 0.734267 0.707501
f 135/86/135 136/112/136 137/99/137
f 120/99/120 125/103/125 104/78/104
vt 0.727541 0.693385
f 138/113/138 139/100/139 123/90/123
vt 0.711321 0.740109
vt 0.712140 0.741726
vt 0.714445 0.737346
f 112/114/112 140/115/140 113/116/113
vt 0.714889 0.737315
f 128/104/128 114/95/114 141/117/141
f 144/105/144 116/106/116 129/98/129
vt 0.687326 0.633325
f 145/108/145 143/118/143 144/105/144
vt 0.741737 0.586555
vt 0.745241 0.581478
f 131/119/131 146/120/146 102/85/102
vt 0.718858 0.684632
vt 0.724430 0.687590
f 121/100/121 148/121/148 119/122/119
vt 0.733037 0.703238
f 137/99/137 149/123/149 125/103/125
vt 0.723401 0.689043
f 138/113/138 150/124/150 139/100/139
vt 0.710594 0.744375
vt 0.711081 0.746012
f 127/125/127 152/126/152 140/115/140
vt 0.712656 0.741709
f 113/116/113 153/115/153 154/127/154
f 141/117/141 113/116/113 154/127/154
vt 0.719592 0.734794
f 155/117/155 156/128/156 128/104/128
vt 0.749865 0.584416
f 131/119/131 158/129/158 146/120/146
vt 0.771856 0.617356
vt 0.774309 0.611312
f 147/130/147 132/110/132 159/131/159
vt 0.714312 0.680216
vt 0.714692 0.679878
f 148/121/148 160/132/160 133/133/133
vt 0.718871 0.684682
f 139/100/139 161/134/161 162/121/162
vt 0.722542 0.690081
f 138/113/138 167/135/167 168/124/168
f 150/124/150 161/134/161 139/100/139
f 154/127/154 153/115/153 171/126/171
vt 0.716167 0.739275
f 154/127/154 172/136/172 155/117/155
vt 0.709751 0.675783
vt 0.710148 0.675464
f 160/132/160 174/137/174 142/138/142
f 162/121/162 161/134/161 178/132/178
vt 0.733834 0.708625
vt 0.732226 0.704324
f 136/112/136 163/139/163 165/140/165
vt 0.734060 0.712891
f 134/111/134 164/141/164 163/139/163
vt 0.729504 0.699928
f 165/140/165 180/142/180 149/123/149
vt 0.717855 0.685697
f 168/124/168 181/143/181 161/134/161
vt 0.711166 0.748580
vt 0.711485 0.750221
f 170/144/170 183/145/183 152/126/152
vt 0.682956 0.637271
vt 0.680124 0.636502
f 175/146/175 145/108/145 188/147/188
vt 0.753762 0.588568
vt 0.754667 0.587286
f 176/148/176 190/149/190 158/129/158
vt 0.779368 0.614379
vt 0.780083 0.612893
f 177/150/177 159/131/159 191/151/191
vt 0.714235 0.680252
f 178/132/178 192/152/192 174/137/174
vt 0.733293 0.708608
f 193/139/193 194/153/194 195/140/195
f 164/141/164 194/153/194 193/139/193
vt 0.731735 0.704276
f 195/140/195 197/154/197 198/142/198
vt 0.725871 0.695496
vt 0.730975 0.698044
f 180/142/180 182/155/182 151/156/151
vt 0.721528 0.691088
vt 0.726861 0.694450
f 182/155/182 201/157/201 169/158/169
vt 0.712067 0.750184
f 204/159/204 171/126/171 205/145/205
vt 0.695962 0.662845
vt 0.691221 0.658571
vt 0.697368 0.661808
f 186/160/186 208/161/208 173/162/173
vt 0.700803 0.667011
vt 0.702288 0.665870
f 187/163/187 186/160/186 157/164/157
vt 0.680867 0.641296
f 189/165/189 210/147/210 130/108/130
vt 0.759593 0.590093
f 214/166/214 190/149/190 176/148/176
f 194/153/194 197/154/197 195/140/195
vt 0.733499 0.712907
f 164/141/164 218/167/218 194/153/194
vt 0.732636 0.717180
vt 0.729587 0.721537
vt 0.732095 0.717190
f 179/168/179 199/169/199 196/170/196
f 164/141/164 196/170/196 218/167/218
vt 0.729087 0.699892
f 197/154/197 219/171/219 198/142/198
vt 0.725563 0.695478
f 198/142/198 220/172/220 221/155/221
vt 0.730083 0.721542
vt 0.726479 0.726025
f 166/173/166 222/174/222 199/169/199
vt 0.716831 0.686666
vt 0.712136 0.682194
f 200/175/200 223/176/223 181/143/181
f 201/157/201 200/175/200 167/135/167
f 221/155/221 220/172/220 224/157/224
vt 0.713334 0.752715
vt 0.713462 0.754372
f 203/177/203 225/178/225 183/145/183
vt 0.713973 0.754310
f 226/179/226 204/159/204 205/145/205
vt 0.711934 0.748275
vt 0.713443 0.743965
vt 0.713539 0.743676
f 227/180/227 206/181/206 184/182/184
vt 0.690913 0.658724
f 229/160/229 230/183/230 231/161/231
vt 0.700707 0.667021
f 187/163/187 209/184/209 229/160/229
vt 0.678593 0.638283
f 233/185/233 210/147/210 189/165/189
vt 0.679610 0.642555
f 233/185/233 189/165/189 211/186/211
vt 0.783834 0.615221
vt 0.784569 0.613729
f 217/187/217 191/151/191 237/188/237
vt 0.732794 0.710195
f 238/153/238 239/189/239 240/154/240
vt 0.733549 0.714529
f 241/167/241 242/190/242 238/153/238
vt 0.732390 0.718814
f 243/169/243 244/191/244 245/170/245
f 245/170/245 242/190/242 241/167/241
vt 0.727835 0.701389
f 240/154/240 246/192/246 247/171/247
f 198/142/198 219/171/219 220/172/220
vt 0.726521 0.726429
f 248/174/248 249/193/249 243/169/243
vt 0.716828 0.686623
f 250/194/250 251/176/251 252/175/252
vt 0.721377 0.691059
f 224/157/224 253/195/253 252/175/252
vt 0.707509 0.677691
vt 0.713944 0.680508
f 254/196/254 202/197/202 223/176/223
f 220/172/220 253/195/253 224/157/224
f 226/179/226 205/145/205 256/178/256
vt 0.712308 0.752194
f 257/179/257 258/198/258 204/159/204
vt 0.711357 0.748292
f 206/181/206 259/180/259 260/199/260
vt 0.723361 0.730560
vt 0.715712 0.739604
f 222/174/222 185/200/185 228/201/228
vt 0.712924 0.743986
f 261/202/261 206/181/206 260/199/260
f 206/181/206 261/202/261 228/201/228
vt 0.686997 0.653905
vt 0.692457 0.657665
f 208/161/208 262/203/262 207/204/207
f 230/183/230 263/203/263 231/161/231
vt 0.682385 0.638446
f 234/205/234 188/147/188 265/185/265
vt 0.679135 0.642479
f 266/186/266 267/206/267 268/185/268
vt 0.683854 0.648030
vt 0.683168 0.648637
f 211/186/211 212/207/212 269/208/269
vt 0.724261 0.696929
f 247/171/247 275/209/275 276/172/276
f 253/195/253 250/194/250 252/175/252
vt 0.712215 0.682158
f 250/194/250 277/210/277 251/176/251
f 277/210/277 254/196/254 251/176/251
f 275/209/275 278/195/278 276/172/276
vt 0.717399 0.756774
vt 0.717125 0.758482
f 255/211/255 279/212/279 225/178/225
vt 0.717464 0.758437
f 280/213/280 226/179/226 256/178/256
vt 0.712095 0.752500
f 258/198/258 282/214/282 227/180/227
vt 0.711519 0.752548
f 259/180/259 283/215/283 260/199/260
vt 0.719316 0.735534
f 284/201/284 285/216/285 248/174/248
vt 0.711268 0.749942
f 286/199/286 287/217/287 288/202/288
vt 0.715770 0.740020
f 288/202/288 289/218/289 284/201/284
vt 0.687949 0.653151
f 269/208/269 213/219/213 262/203/262
vt 0.687296 0.641615
vt 0.687181 0.641615
f 292/220/292 232/221/232 234/205/234
vt 0.682402 0.638120
f 293/205/293 268/185/268 294/222/294
vt 0.682682 0.648758
f 295/223/295 267/206/267 266/186/266
vt 0.678266 0.638013
f 267/206/267 296/224/296 268/185/268
f 295/223/295 266/186/266 297/208/297
vt 0.760986 0.598164
vt 0.764443 0.592754
f 270/225/270 298/226/298 214/166/214
vt 0.711271 0.684294
vt 0.710155 0.678716
vt 0.708690 0.679724
f 303/227/303 235/228/235 273/229/273
vt 0.704557 0.667812
vt 0.705037 0.675029
f 273/229/273 216/230/216 302/231/302
vt 0.786169 0.615058
vt 0.786841 0.613554
f 274/232/274 237/188/237 306/233/306
vt 0.720034 0.692446
f 307/234/307 308/194/308 278/195/278
vt 0.710851 0.683441
f 308/194/308 309/235/309 310/210/310
vt 0.707617 0.677677
f 277/210/277 311/236/311 254/196/254
f 280/213/280 256/178/256 313/212/313
vt 0.713981 0.756363
f 280/213/280 281/237/281 257/179/257
vt 0.713768 0.756687
f 314/238/314 282/214/282 258/198/258
vt 0.713273 0.756761
f 283/215/283 315/214/315 316/239/316
f 315/214/315 283/215/283 259/180/259
f 317/215/317 287/217/287 286/199/286
vt 0.686577 0.654088
f 290/240/290 297/208/297 263/203/263
vt 0.689636 0.646362
vt 0.691350 0.652179
vt 0.689754 0.645943
f 291/241/291 300/242/300 264/243/264
f 292/220/292 291/241/291 232/221/232
f 318/220/318 293/205/293 294/222/294
f 268/185/268 296/224/296 294/222/294
vt 0.678881 0.642562
f 319/244/319 320/206/320 321/223/321
f 322/224/322 320/206/320 319/244/319
f 290/240/290 295/223/295 297/208/297
vt 0.769019 0.595190
f 270/225/270 323/245/323 298/226/298
vt 0.694382 0.658559
vt 0.690384 0.645356
f 300/242/300 301/246/301 215/247/215
vt 0.698013 0.664792
vt 0.695095 0.657918
f 301/246/301 324/248/324 271/249/271
vt 0.702682 0.669344
vt 0.701521 0.670166
f 302/231/302 272/250/272 325/251/325
vt 0.708606 0.679564
f 303/227/303 326/229/326 327/252/327
vt 0.705063 0.674877
f 326/229/326 328/231/328 329/253/329
vt 0.710015 0.692762
vt 0.711568 0.688779
vt 0.709971 0.693132
f 236/254/236 304/255/304 330/256/330
vt 0.707303 0.677987
f 310/210/310 333/257/333 334/236/334
vt 0.698581 0.668748
f 311/236/311 335/258/335 254/196/254
vt 0.721968 0.762367
vt 0.722615 0.760606
f 338/259/338 279/212/279 312/260/312
f 339/259/339 280/213/280 313/212/313
vt 0.716797 0.760883
f 340/261/340 314/238/314 281/237/281
f 341/238/341 316/239/316 315/214/315
vt 0.711260 0.754233
f 342/239/342 343/262/343 317/215/317
vt 0.690119 0.646158
f 345/242/345 346/241/346 347/263/347
vt 0.687651 0.641326
f 346/241/346 318/220/318 348/264/348
f 318/220/318 294/222/294 348/264/348
vt 0.682232 0.638949
f 349/265/349 350/222/350 351/224/351
vt 0.677791 0.638924
f 353/266/353 322/224/322 319/244/319
vt 0.682043 0.649264
f 352/267/352 321/223/321 290/240/290
vt 0.691833 0.652048
f 355/246/355 345/242/345 356/268/356
vt 0.698352 0.664633
f 357/248/357 355/246/355 358/269/358
vt 0.701706 0.670008
f 328/231/328 359/251/359 360/270/360
vt 0.698918 0.664099
f 325/251/325 299/271/299 324/248/324
f 327/252/327 326/229/326 329/253/329
vt 0.711084 0.684151
f 361/272/361 303/227/303 327/252/327
f 329/253/329 328/231/328 360/270/360
vt 0.711242 0.688720
f 363/256/363 304/255/304 362/273/362
vt 0.706841 0.696906
vt 0.706867 0.697304
f 305/274/305 330/256/330 364/275/364
vt 0.786694 0.614150
vt 0.787292 0.612634
f 332/276/332 306/233/306 365/277/365
f 333/257/333 366/258/366 334/236/334
f 370/261/370 316/239/316 341/238/341
f 346/241/346 348/264/348 347/263/347
f 345/242/345 347/263/347 356/268/356
vt 0.687805 0.641587
f 372/278/372 373/264/373 350/222/350
f 349/265/349 351/224/351 374/266/374
vt 0.678538 0.643375
f 353/266/353 319/244/319 375/279/375
vt 0.772059 0.598782
vt 0.772945 0.597377
f 354/280/354 376/281/376 323/245/323
vt 0.694819 0.658426
f 377/282/377 355/246/355 356/268/356
f 355/246/355 377/282/377 358/269/358
f 359/251/359 357/248/357 358/269/358
f 360/270/360 359/251/359 358/269/358
vt 0.707351 0.680447
f 378/283/378 379/252/379 380/253/380
vt 0.709985 0.685130
f 381/284/381 382/272/382 379/252/379
f 362/273/362 303/227/303 361/272/361
vt 0.703932 0.675677
f 383/285/383 380/253/380 384/270/384
vt 0.709535 0.693157
f 385/286/385 363/256/363 362/273/362
vt 0.699906 0.705290
vt 0.703184 0.700942
f 386/287/386 331/288/331 364/275/364
f 363/256/363 385/286/385 387/275/387
vt 0.693883 0.664394
vt 0.693665 0.664440
f 335/258/335 389/289/389 336/290/336
vt 0.689116 0.660002
vt 0.694622 0.663713
f 336/290/336 390/291/390 337/292/337
vt 0.727488 0.765847
vt 0.727667 0.765393
f 391/293/391 338/259/338 367/294/367
vt 0.727523 0.765872
vt 0.722120 0.762359
f 392/295/392 368/296/368 339/259/339
vt 0.716481 0.760939
f 370/261/370 393/297/393 316/239/316
vt 0.690093 0.646523
f 397/298/397 398/263/398 373/264/373
vt 0.691485 0.652535
f 399/299/399 400/268/400 398/263/398
vt 0.687584 0.642112
f 372/278/372 349/265/349 401/300/401
vt 0.682193 0.639235
f 402/301/402 403/265/403 404/266/404
vt 0.681901 0.649660
f 375/279/375 352/267/352 395/302/395
vt 0.679029 0.643454
f 405/303/405 404/266/404 406/279/406
vt 0.775638 0.599385
f 376/281/376 354/280/354 433/304/433
vt 0.694270 0.658966
f 408/305/408 409/282/409 400/268/400
vt 0.697639 0.665219
f 410/306/410 411/269/411 409/282/409
vt 0.700777 0.670695
f 412/307/412 384/270/384 411/269/411
vt 0.710783 0.689848
f 413/308/413 382/272/382 381/284/381
f 414/273/414 382/272/382 413/308/413
vt 0.709737 0.694402
f 385/286/385 414/273/414 415/309/415
vt 0.702754 0.701365
f 387/275/387 416/310/416 386/287/386
vt 0.785728 0.612759
vt 0.786311 0.611237
f 388/311/388 365/277/365 417/312/417
vt 0.692677 0.665369
f 366/258/366 418/313/418 419/289/419
f 389/289/389 420/291/420 336/290/336
vt 0.733687 0.768556
f 422/314/422 391/293/391 367/294/367
f 423/293/423 392/295/392 339/259/339
vt 0.727400 0.766193
f 424/315/424 368/296/368 425/295/425
vt 0.721059 0.764855
vt 0.722042 0.762668
f 426/316/426 340/261/340 369/317/369
vt 0.720930 0.764871
f 427/318/427 393/297/393 370/261/370
vt 0.715879 0.762697
f 394/319/394 342/239/342 428/297/428
vt 0.685311 0.655139
vt 0.689851 0.659429
f 396/320/396 371/321/371 390/291/390
vt 0.685727 0.654696
f 395/302/395 344/322/344 396/320/396
vt 0.689568 0.647074
f 401/300/401 429/323/429 372/278/372
f 430/300/430 403/265/403 402/301/402
vt 0.678126 0.639178
f 402/301/402 404/266/404 431/324/431
f 432/302/432 405/303/405 406/279/406
f 405/303/405 431/324/431 404/266/404
f 415/309/415 414/273/414 413/308/413
vt 0.699411 0.705274
f 416/310/416 440/325/440 386/287/386
vt 0.782827 0.608130
f 441/326/441 388/311/388 417/312/417
vt 0.689462 0.659889
f 389/289/389 444/327/444 420/291/420
vt 0.733736 0.768615
f 446/328/446 423/293/423 447/314/447
f 446/328/446 392/295/392 423/293/423
f 449/316/449 427/318/427 370/261/370
vt 0.720142 0.766645
f 450/329/450 428/297/428 451/318/451
f 420/291/420 444/327/444 452/320/452
vt 0.685760 0.654991
f 452/320/452 453/330/453 432/302/432
vt 0.690647 0.653144
f 429/323/429 454/331/454 397/298/397
vt 0.687184 0.642349
f 456/323/456 430/300/430 457/332/457
f 457/332/457 430/300/430 402/301/402
f 453/330/453 405/303/405 432/302/432
vt 0.678021 0.639829
f 460/333/460 461/324/461 462/303/462
vt 0.698356 0.721590
vt 0.696539 0.717014
vt 0.696274 0.717420
f 435/334/435 407/335/407 467/336/467
vt 0.710636 0.691033
vt 0.709058 0.686243
f 438/337/438 381/284/381 436/338/436
vt 0.706167 0.681482
f 436/338/436 378/283/378 437/339/437
vt 0.702766 0.676620
f 437/339/437 383/285/383 439/340/439
vt 0.699655 0.671530
f 439/340/439 412/307/412 469/341/469
vt 0.702729 0.701669
f 474/325/474 416/310/416 473/342/473
vt 0.688553 0.660662
f 443/343/443 477/327/477 419/289/419
vt 0.740564 0.770132
vt 0.733846 0.768086
f 478/344/478 422/314/422 421/345/421
vt 0.733631 0.768947
f 448/346/448 425/295/425 446/328/446
vt 0.726433 0.768368
f 480/347/480 426/316/426 424/315/424
vt 0.726405 0.768345
f 481/348/481 427/318/427 449/316/449
f 482/348/482 450/329/450 451/318/451
f 444/327/444 453/330/453 452/320/452
vt 0.693279 0.659631
f 454/331/454 455/349/455 399/299/399
vt 0.696578 0.665954
f 468/350/468 408/305/408 455/349/455
vt 0.689051 0.647240
f 483/331/483 456/323/456 484/351/484
f 484/351/484 456/323/456 457/332/457
vt 0.686905 0.642894
f 485/332/485 458/301/458 486/352/486
vt 0.678207 0.639262
vt 0.677335 0.640800
f 458/301/458 459/353/459 487/354/487
vt 0.682484 0.649658
f 462/303/462 488/330/488 489/355/489
vt 0.775858 0.607000
vt 0.777865 0.600984
f 433/304/433 464/356/464 463/357/463
vt 0.709651 0.733962
vt 0.702055 0.725348
vt 0.701693 0.725753
f 466/358/466 434/359/434 491/360/491
f 491/360/491 434/359/434 435/334/435
vt 0.695698 0.717413
f 492/334/492 467/336/467 493/361/493
f 469/341/469 410/306/410 468/350/468
vt 0.709226 0.686375
f 494/337/494 495/338/495 496/362/496
vt 0.706231 0.681628
f 495/338/495 497/339/497 498/363/498
vt 0.702721 0.676757
f 497/339/497 499/340/499 500/364/500
vt 0.710365 0.695627
vt 0.710789 0.695607
f 471/365/471 494/337/494 501/366/501
vt 0.707378 0.699511
f 472/367/472 415/309/415 471/365/471
f 499/340/499 502/341/502 500/364/500
vt 0.697395 0.709243
vt 0.696838 0.709201
vt 0.695481 0.713268
f 475/368/475 504/369/504 505/370/505
f 504/369/504 475/368/475 440/325/440
vt 0.780801 0.608207
vt 0.781357 0.606679
f 476/371/476 441/326/441 506/372/506
vt 0.742015 0.765522
vt 0.751160 0.750188
vt 0.746681 0.765433
f 445/373/445 442/374/442 507/375/507
vt 0.740823 0.770226
f 479/376/479 447/314/447 510/344/510
vt 0.732746 0.771096
f 511/377/511 480/347/480 448/346/448
f 481/348/481 449/316/449 512/347/512
vt 0.685743 0.655101
f 509/378/509 488/330/488 477/327/477
vt 0.690149 0.653257
f 514/349/514 483/331/483 515/379/515
vt 0.692831 0.659749
f 516/350/516 514/349/514 517/380/517
f 515/379/515 483/331/483 484/351/484
vt 0.688767 0.647432
f 485/332/485 518/381/518 519/351/519
vt 0.678941 0.644019
f 521/354/521 460/333/460 490/382/490
vt 0.779127 0.602482
f 464/356/464 522/383/522 463/357/463
vt 0.713042 0.738126
vt 0.713352 0.737690
f 525/384/525 465/385/465 466/358/466
vt 0.701248 0.725729
f 526/358/526 527/360/527 528/386/528
f 527/360/527 492/334/492 528/386/528
vt 0.697843 0.721577
f 492/334/492 493/361/493 529/387/529
vt 0.696223 0.666094
f 502/341/502 516/350/516 530/388/530
f 495/338/495 498/363/498 496/362/496
vt 0.710947 0.691089
f 531/389/531 494/337/494 496/362/496
f 497/339/497 500/364/500 498/363/498
vt 0.699452 0.671671
f 500/364/500 502/341/502 532/390/532
vt 0.699313 0.705560
f 533/369/533 474/325/474 503/391/503
vt 0.695244 0.715295
f 505/370/505 533/369/533 534/392/534
vt 0.749634 0.753592
vt 0.745474 0.769622
f 508/393/508 560/394/560 442/374/442
vt 0.745343 0.770191
f 535/395/535 478/344/478 507/375/507
vt 0.745807 0.770307
f 536/396/536 479/376/479 510/344/510
vt 0.732701 0.771040
f 538/377/538 539/397/539 512/347/512
f 539/397/539 481/348/481 512/347/512
vt 0.725624 0.770110
f 540/397/540 513/398/513 482/348/482
f 517/380/517 514/349/514 515/379/515
f 530/388/530 516/350/516 517/380/517
f 518/381/518 541/379/541 519/351/519
vt 0.687952 0.642716
vt 0.681414 0.640521
f 542/399/542 486/352/486 520/400/520
vt 0.709220 0.733964
f 548/384/548 526/358/526 549/401/549
f 528/386/528 492/334/492 529/387/529
vt 0.695448 0.717704
f 551/387/551 493/361/493 550/402/550
f 502/341/502 530/388/530 532/390/532
vt 0.704843 0.682792
f 552/362/552 553/363/553 554/403/554
vt 0.710780 0.692409
f 531/389/531 552/362/552 555/404/555
vt 0.701306 0.677854
f 553/363/553 556/364/556 557/405/557
f 557/405/557 556/364/556 558/390/558
vt 0.779375 0.605407
f 522/383/522 546/406/546 506/372/506
f 536/396/536 510/344/510 561/395/561
vt 0.740030 0.772431
f 537/407/537 479/376/479 562/396/562
vt 0.739824 0.772711
f 563/408/563 511/377/511 537/407/537
vt 0.739616 0.772632
f 564/409/564 539/397/539 538/377/538
vt 0.689175 0.653957
f 565/410/565 566/380/566 541/379/541
vt 0.691676 0.660516
f 567/388/567 566/380/566 568/411/568
vt 0.687965 0.648788
f 570/399/570 543/412/543 486/352/486
vt 0.675133 0.643505
vt 0.677346 0.646625
f 601/413/601 521/354/521 544/414/544
vt 0.679726 0.641649
vt 0.675818 0.642669
f 545/415/545 487/354/487 571/416/571
vt 0.715976 0.742322
vt 0.716254 0.741870
f 572/417/572 523/418/523 525/384/525
vt 0.700119 0.727784
f 575/419/575 528/386/528 551/387/551
vt 0.698098 0.672643
f 576/420/576 558/390/558 567/388/567
vt 0.745245 0.768350
vt 0.745237 0.767825
f 579/421/579 560/394/560 559/422/559
f 536/396/536 561/395/561 580/421/580
vt 0.745070 0.772542
f 581/423/581 537/407/537 562/396/562
f 563/408/563 564/409/564 538/377/538
vt 0.738827 0.774446
f 582/424/582 540/397/540 583/409/583
vt 0.691985 0.640377
vt 0.685628 0.641254
f 584/425/584 542/399/542 569/426/569
vt 0.718592 0.746520
f 548/384/548 588/427/588 589/417/589
vt 0.718867 0.746056
f 573/427/573 524/428/524 572/417/572
vt 0.721749 0.750679
vt 0.722024 0.750206
f 590/429/590 547/430/547 573/427/573
vt 0.741949 0.765411
f 593/431/593 579/421/579 559/422/559
vt 0.745712 0.768457
f 594/432/594 536/396/536 580/421/580
vt 0.745769 0.768819
f 595/433/595 581/423/581 596/396/596
vt 0.744408 0.772730
f 597/434/597 564/409/564 563/408/563
f 582/424/582 583/409/583 598/434/598
vt 0.688516 0.645388
f 585/435/585 570/399/570 599/425/599
vt 0.677147 0.642569
vt 0.673798 0.644689
f 587/436/587 571/416/571 602/437/602
vt 0.712565 0.738158
vt 0.718082 0.746586
f 588/427/588 574/438/574 603/439/603
f 590/429/590 588/427/588 603/439/603
vt 0.742292 0.765495
f 580/421/580 608/431/608 609/440/609
f 594/432/594 580/421/580 609/440/609
f 595/433/595 596/396/596 610/432/610
vt 0.742683 0.777259
f 612/441/612 582/424/582 598/434/598
vt 0.690084 0.639175
vt 0.694855 0.637441
f 584/425/584 600/442/600 615/443/615
vt 0.671601 0.646113
vt 0.675873 0.648609
f 617/444/617 601/413/601 586/445/586
f 587/436/587 602/437/602 617/444/617
vt 0.715207 0.742696
f 619/439/619 574/438/574 620/446/620
vt 0.721317 0.750744
f 590/429/590 603/439/603 621/447/621
vt 0.697729 0.711607
vt 0.696049 0.715615
vt 0.697078 0.711524
f 642/448/642 607/449/607 577/450/577
vt 0.695997 0.719748
vt 0.695424 0.719751
f 624/451/624 578/452/578 607/449/607
vt 0.737137 0.762177
vt 0.741992 0.764894
f 625/453/625 593/431/593 592/454/592
vt 0.737300 0.762241
f 609/440/609 608/431/608 626/455/626
f 627/440/627 595/433/595 610/432/610
vt 0.744782 0.771034
vt 0.744341 0.770938
f 611/456/611 629/457/629 597/434/597
vt 0.744008 0.771387
f 630/458/630 631/441/631 632/434/632
vt 0.691469 0.641674
f 614/459/614 599/425/599 615/443/615
vt 0.717837 0.746912
f 634/447/634 619/439/619 633/460/633
vt 0.726307 0.754757
vt 0.726047 0.754814
f 604/461/604 621/447/621 635/462/635
vt 0.697636 0.723930
f 622/463/622 578/452/578 624/451/624
vt 0.709454 0.703243
vt 0.710947 0.698813
vt 0.708795 0.706113
f 623/464/623 591/465/591 639/466/639
vt 0.696163 0.720155
f 644/451/644 643/449/643 645/467/645
f 608/431/608 625/453/625 626/455/626
vt 0.741683 0.767830
f 628/468/628 627/440/627 646/455/646
f 630/458/630 632/434/632 629/457/629
vt 0.736760 0.796990
vt 0.736736 0.781111
f 685/469/685 613/470/613 612/441/612
vt 0.669748 0.647153
vt 0.673835 0.642626
f 648/471/648 618/472/618 617/444/617
vt 0.721086 0.751077
f 635/462/635 634/447/634 652/473/652
vt 0.714996 0.744750
vt 0.712293 0.738465
vt 0.711829 0.740524
f 638/474/638 605/475/605 637/476/637
vt 0.717645 0.748993
f 651/477/651 620/446/620 638/474/638
f 622/463/622 644/451/644 645/467/645
vt 0.708346 0.701281
f 655/466/655 591/465/591 640/478/640
vt 0.696462 0.718277
f 643/449/643 642/448/642 668/479/668
vt 0.731598 0.758684
f 626/455/626 625/453/625 636/480/636
vt 0.741434 0.768125
vt 0.736395 0.764872
f 647/481/647 628/468/628 657/482/657
vt 0.739500 0.784374
vt 0.738634 0.790938
f 658/483/658 659/484/659 631/441/631
vt 0.671943 0.651977
vt 0.673976 0.650400
f 649/485/649 648/471/648 616/486/616
vt 0.670807 0.642458
f 660/471/660 650/487/650 618/472/618
vt 0.720747 0.753206
f 661/488/661 633/460/633 651/477/651
vt 0.712306 0.740493
f 662/474/662 637/476/637 663/489/663
vt 0.715511 0.744693
f 664/477/664 662/474/662 665/490/665
vt 0.708601 0.736332
vt 0.700146 0.728086
vt 0.700586 0.728106
f 653/491/653 606/492/606 654/493/654
vt 0.707361 0.710651
vt 0.707418 0.714077
f 641/494/641 639/466/639 666/495/666
vt 0.736592 0.764572
f 656/496/656 646/455/646 636/480/636
vt 0.736163 0.764791
f 647/481/647 669/482/669 670/497/670
vt 0.737664 0.788954
vt 0.737190 0.795585
f 671/498/671 672/499/672 659/484/659
vt 0.670063 0.653325
f 673/500/673 674/471/674 649/485/649
vt 0.669086 0.642704
f 674/471/674 675/501/675 650/487/650
vt 0.718141 0.748919
f 676/488/676 664/477/664 677/502/677
vt 0.725274 0.757345
f 678/503/678 652/473/652 661/488/661
f 663/489/663 637/476/637 653/491/653
f 665/490/665 662/474/662 663/489/663
f 677/502/677 664/477/664 665/490/665
vt 0.704412 0.732644
f 680/491/680 654/493/654 681/504/681
vt 0.706787 0.709103
f 682/495/682 655/466/655 667/505/667
vt 0.730673 0.761277
f 657/482/657 656/496/656 683/506/683
vt 0.721148 0.753127
f 687/507/687 676/488/676 677/502/677
vt 0.725484 0.757270
f 688/508/688 689/503/689 676/488/676
vt 0.708576 0.736750
f 690/489/690 680/491/680 691/509/691
vt 0.712355 0.740906
f 692/490/692 690/489/690 693/510/693
vt 0.718053 0.750638
f 692/490/692 694/511/694 695/502/695
vt 0.730654 0.761206
f 669/482/669 697/506/697 684/512/684
vt 0.733826 0.797979
vt 0.735717 0.800254
f 698/513/698 699/514/699 672/499/672
f 700/507/700 695/502/695 694/511/694
f 688/508/688 676/488/676 687/507/687
f 697/506/697 689/503/689 688/508/688
vt 0.730793 0.760979
f 683/506/683 679/515/679 678/503/678
vt 0.705341 0.718524
vt 0.704769 0.721730
f 696/516/696 666/495/666 701/517/701
vt 0.732085 0.812189
vt 0.729714 0.804208
f 708/518/708 686/519/686 685/469/685
vt 0.725407 0.757704
f 688/508/688 700/507/700 704/520/704
vt 0.704837 0.716743
f 706/517/706 682/495/682 702/521/702
vt 0.731971 0.802461
vt 0.732886 0.809557
f 703/522/703 707/523/707 699/514/699
vt 0.702900 0.726333
vt 0.702641 0.729529
f 705/524/705 701/517/701 709/525/709
vt 0.731205 0.815000
vt 0.730253 0.806842
f 722/526/722 707/523/707 711/527/711
vt 0.702500 0.724386
f 712/525/712 706/517/706 710/528/710
vt 0.729828 0.818895
vt 0.725796 0.817949
f 715/529/715 713/530/713 708/518/708
vt 0.700254 0.734018
vt 0.699967 0.736992
f 714/531/714 709/525/709 718/532/718
vt 0.700116 0.731962
f 726/532/726 712/525/712 719/533/719
vt 0.726167 0.828295
vt 0.724391 0.822575
f 729/534/729 716/535/716 715/529/715
vt 0.698672 0.741637
vt 0.699316 0.744653
f 725/536/725 718/532/718 732/537/732
vt 0.671652 0.650730
vt 0.671841 0.657162
vt 0.668767 0.645995
f 721/538/721 727/539/727 734/540/734
vt 0.725328 0.820144
f 735/534/735 722/526/722 728/541/728
vt 0.724223 0.833016
vt 0.723259 0.827143
f 729/534/729 736/542/736 723/543/723
vt 0.667448 0.640603
vt 0.666589 0.635314
vt 0.669087 0.634835
f 730/544/730 731/545/731 717/546/717
vt 0.665105 0.624991
vt 0.669337 0.629799
f 731/545/731 737/547/737 724/548/724
vt 0.698436 0.739450
f 738/537/738 726/532/726 733/549/733
vt 0.670194 0.645255
f 720/550/720 734/540/734 730/544/730
vt 0.666737 0.652258
f 727/539/727 739/551/739 740/540/740
vt 0.723365 0.824708
f 742/542/742 735/534/735 741/552/741
vt 0.663677 0.635678
f 744/544/744 745/553/745 746/545/746
vt 0.662998 0.630397
f 746/545/746 747/554/747 737/547/737
vt 0.665514 0.646611
f 749/555/749 744/544/744 740/540/740
vt 0.722289 0.837807
vt 0.721472 0.836444
f 736/542/736 750/556/750 743/557/743
vt 0.698395 0.749336
vt 0.698327 0.752257
f 748/558/748 732/537/732 751/559/751
vt 0.719371 0.834093
f 750/556/750 742/542/742 753/560/753
vt 0.697597 0.747016
f 755/559/755 738/537/738 752/561/752
vt 0.698011 0.757115
vt 0.698314 0.760161
f 754/562/754 751/559/751 756/563/756
vt 0.697022 0.754760
f 758/563/758 755/559/755 757/564/757
vt 0.698311 0.772929
vt 0.698080 0.767974
f 760/565/760 756/563/756 764/566/764
vt 0.697073 0.762637
f 765/566/765 758/563/758 761/567/761
vt 0.698444 0.776161
f 760/565/760 764/566/764 766/568/766
vt 0.699295 0.789456
vt 0.698548 0.784302
vt 0.699252 0.792793
f 762/569/762 773/570/773 768/571/768
vt 0.701160 0.809984
vt 0.701535 0.806457
vt 0.699973 0.801162
f 770/572/770 763/573/763 774/574/774
vt 0.704063 0.811502
vt 0.703986 0.815356
f 759/575/759 770/572/770 771/576/771
vt 0.697134 0.770623
f 775/568/775 765/566/765 772/577/772
vt 0.698803 0.781137
f 773/570/773 767/578/767 766/568/766
vt 0.697856 0.787024
f 776/571/776 777/570/777 778/579/778
vt 0.700349 0.797825
f 774/574/774 769/580/769 768/571/768
vt 0.699523 0.804054
f 779/572/779 780/574/780 781/581/781
vt 0.703331 0.818805
f 782/582/782 771/576/771 783/572/783
vt 0.697448 0.778725
f 777/570/777 775/568/775 784/583/784
vt 0.698783 0.795481
f 780/574/780 776/571/776 785/584/785
vt 0.701071 0.812792
f 782/582/782 779/572/779 786/585/786
vt 0.618036 0.871213
vt 0.617386 0.861531
vt 0.624699 0.869745
f 792/586/792 788/587/788 787/588/787
vt 0.618215 0.870444
f 787/588/787 791/589/791 795/586/795
vt 0.612449 0.864927
vt 0.605605 0.856614
vt 0.605445 0.854837
f 796/590/796 803/591/803 789/592/789
vt 0.580006 0.862061
vt 0.572734 0.858249
vt 0.573099 0.859438
f 800/593/800 794/594/794 809/595/809
vt 0.586378 0.865173
vt 0.586072 0.863909
f 810/596/810 790/597/790 800/593/800
vt 0.612857 0.873501
vt 0.613307 0.874769
f 801/598/801 814/599/814 795/586/795
vt 0.616031 0.871856
f 792/586/792 815/599/815 802/600/802
vt 0.612722 0.865255
f 796/590/796 817/601/817 818/591/818
vt 0.499731 0.849558
vt 0.499948 0.848262
vt 0.491485 0.849081
f 806/602/806 797/603/797 820/604/820
vt 0.516191 0.851262
vt 0.516066 0.849938
f 822/605/822 793/606/793 806/602/806
vt 0.532398 0.853553
f 807/607/807 793/606/793 822/605/822
vt 0.557547 0.856233
vt 0.532178 0.852228
f 808/608/808 799/609/799 807/607/807
vt 0.565623 0.857448
vt 0.565291 0.856231
f 811/610/811 798/611/798 808/608/808
vt 0.572984 0.859535
f 823/593/823 824/595/824 825/612/825
f 809/595/809 794/594/794 811/610/811
vt 0.579905 0.862171
f 810/596/810 823/593/823 826/613/826
vt 0.607030 0.874555
f 814/599/814 801/598/801 827/614/827
vt 0.613718 0.875328
f 829/599/829 830/615/830 802/600/802
vt 0.616414 0.872340
f 830/615/830 816/616/816 802/600/802
f 816/616/816 817/601/817 796/590/796
vt 0.605749 0.856781
f 817/601/817 831/617/831 818/591/818
vt 0.598545 0.849550
vt 0.598493 0.847979
f 803/591/803 832/618/832 813/619/813
vt 0.599955 0.872101
vt 0.599586 0.870649
vt 0.592824 0.868583
f 834/620/834 819/621/819 804/622/804
vt 0.483650 0.847686
vt 0.483181 0.848941
f 820/604/820 805/623/805 835/624/835
vt 0.499640 0.849670
f 837/602/837 838/604/838 839/625/839
vt 0.507894 0.850411
f 840/605/840 837/602/837 841/626/841
vt 0.532304 0.853665
vt 0.516095 0.851374
f 842/627/842 840/605/840 843/628/843
f 840/605/840 842/627/842 844/607/844
f 845/608/845 844/607/844 842/627/842
vt 0.565517 0.857550
f 846/610/846 845/608/845 847/629/847
f 824/595/824 847/629/847 825/612/825
f 823/593/823 825/612/825 826/613/826
f 824/595/824 846/610/846 847/629/847
vt 0.586333 0.865334
f 833/630/833 810/596/810 826/613/826
vt 0.606559 0.873103
f 827/614/827 812/631/812 834/620/834
vt 0.607386 0.875094
f 829/599/829 848/614/848 849/632/849
f 849/632/849 830/615/830 829/599/829
vt 0.598607 0.849627
f 818/591/818 831/617/831 850/633/850
f 818/591/818 850/633/850 851/618/851
vt 0.592883 0.868843
f 852/634/852 804/622/804 833/630/833
f 853/620/853 804/622/804 852/634/852
vt 0.483098 0.849053
f 838/604/838 854/624/854 855/635/855
vt 0.457822 0.849825
f 836/636/836 835/624/835 805/623/805
vt 0.449963 0.850375
vt 0.450610 0.849248
f 856/637/856 836/636/836 821/638/821
f 839/625/839 838/604/838 855/635/855
f 841/626/841 837/602/837 839/625/839
f 840/605/840 841/626/841 843/628/843
vt 0.557449 0.856340
f 845/608/845 842/627/842 858/639/858
f 847/629/847 845/608/845 858/639/858
vt 0.600171 0.872514
f 848/614/848 853/620/853 859/640/859
vt 0.585000 0.836681
vt 0.584915 0.835346
f 832/618/832 860/641/860 828/642/828
f 849/632/849 848/614/848 859/640/859
vt 0.591598 0.843153
f 851/618/851 850/633/850 862/643/862
f 859/640/859 853/620/853 852/634/852
f 854/624/854 863/636/863 855/635/855
vt 0.449923 0.850468
f 863/636/863 864/637/864 865/644/865
vt 0.443256 0.851739
f 866/645/866 856/637/856 821/638/821
f 851/618/851 862/643/862 867/641/867
vt 0.457758 0.849930
f 855/635/855 863/636/863 868/646/868
vt 0.443253 0.851810
f 865/644/865 864/637/864 869/647/869
f 868/646/868 863/636/863 865/644/865
f 864/637/864 870/645/870 869/647/869
vt 0.437188 0.853942
vt 0.436562 0.852624
f 871/648/871 866/645/866 857/649/857
vt 0.578496 0.830803
f 862/643/862 873/650/873 867/641/867
vt 0.578435 0.830749
vt 0.578294 0.829510
f 860/641/860 874/651/874 861/652/861
vt 0.437210 0.854001
f 869/647/869 870/645/870 875/653/875
f 870/645/870 877/648/877 875/653/875
vt 0.431248 0.857010
f 876/654/876 871/648/871 857/649/857
f 867/641/867 873/650/873 878/651/878
vt 0.431257 0.857082
f 875/653/875 877/648/877 880/655/880
f 877/648/877 876/654/876 880/655/880
vt 0.571497 0.825812
vt 0.571381 0.824563
f 874/651/874 881/656/881 872/657/872
vt 0.571606 0.825889
f 878/651/878 873/650/873 882/658/882
f 878/651/878 882/658/882 881/656/881
vt 0.425500 0.860638
vt 0.425455 0.860756
f 880/655/880 879/659/879 883/660/883
vt 0.419867 0.864724
f 883/660/883 879/659/879 886/661/886
vt 0.558264 0.817632
vt 0.558137 0.817539
f 882/658/882 888/662/888 885/663/885
vt 0.420010 0.864523
vt 0.414203 0.868604
f 884/664/884 890/665/890 886/661/886
vt 0.551762 0.813971
vt 0.551671 0.813888
f 888/662/888 893/666/893 887/667/887
vt 0.414467 0.868290
vt 0.408172 0.872015
f 891/668/891 898/669/898 890/665/890
vt 0.544802 0.810675
f 893/666/893 900/670/900 887/667/887
vt 0.720223 0.151686
vt 0.720513 0.152768
vt 0.716883 0.151123
f 896/671/896 889/672/889 895/673/895
vt 0.722743 0.152283
vt 0.723049 0.153378
f 904/674/904 892/675/892 896/671/896
vt 0.537267 0.807762
vt 0.537307 0.807828
f 901/676/901 900/670/900 905/677/905
vt 0.713326 0.151673
vt 0.713098 0.150600
f 895/673/895 894/678/894 911/679/911
vt 0.716489 0.151170
f 912/671/912 913/673/913 914/680/914
vt 0.719787 0.151716
f 915/674/915 912/671/912 916/681/916
vt 0.724071 0.152908
vt 0.724447 0.154003
f 918/682/918 897/683/897 904/674/904
vt 0.408561 0.871565
vt 0.402130 0.874009
f 899/684/899 919/685/919 898/669/898
vt 0.529198 0.805510
f 901/676/901 905/677/905 920/686/920
vt 0.709007 0.151208
vt 0.704080 0.149723
vt 0.708840 0.150130
f 903/687/903 924/688/924 910/689/910
f 894/678/894 910/689/910 911/679/911
vt 0.712749 0.150646
f 913/673/913 925/679/925 926/690/926
f 913/673/913 926/690/926 914/680/914
f 912/671/912 914/680/914 916/681/916
vt 0.722274 0.152296
f 927/691/927 915/674/915 916/681/916
f 915/674/915 927/691/927 928/682/928
vt 0.724320 0.153585
f 917/692/917 897/683/897 918/682/918
vt 0.529142 0.805443
vt 0.512606 0.801705
f 902/693/902 920/686/920 921/694/921
vt 0.504856 0.800692
vt 0.512521 0.801630
f 921/694/921 922/695/922 906/696/906
vt 0.497960 0.801156
vt 0.497853 0.801082
f 922/695/922 931/697/931 908/698/908
vt 0.704217 0.150793
vt 0.696589 0.149204
f 909/699/909 960/700/960 924/688/924
vt 0.703823 0.149773
f 935/689/935 936/688/936 937/701/937
vt 0.708536 0.150172
f 938/702/938 935/689/935 937/701/937
f 935/689/935 938/702/938 925/679/925
f 925/679/925 938/702/938 926/690/926
vt 0.723580 0.152921
f 928/682/928 927/691/927 939/703/939
f 940/692/940 928/682/928 939/703/939
vt 0.723605 0.154344
vt 0.723852 0.155472
f 941/704/941 929/705/929 917/692/917
vt 0.485201 0.803239
vt 0.491402 0.802208
f 931/697/931 932/706/932 907/707/907
vt 0.478422 0.804937
vt 0.485046 0.803168
f 932/706/932 943/708/943 923/709/923
vt 0.699004 0.149364
f 936/688/936 947/710/947 937/701/937
vt 0.723825 0.153592
f 940/692/940 939/703/939 949/711/949
f 940/692/940 949/711/949 950/704/950
vt 0.396823 0.873106
vt 0.396433 0.873636
f 919/685/919 930/712/930 952/713/952
vt 0.688313 0.148794
f 937/701/937 947/710/947 959/714/959
vt 0.723125 0.154311
f 950/704/950 949/711/949 961/715/961
vt 0.721862 0.156221
vt 0.721766 0.155065
f 945/716/945 941/704/941 956/717/956
vt 0.393977 0.870437
f 930/712/930 966/718/966 952/713/952
vt 0.394235 0.870000
vt 0.392110 0.869480
vt 0.397773 0.863657
f 953/719/953 942/720/942 967/721/967
vt 0.470667 0.808271
vt 0.470537 0.808193
f 943/708/943 968/722/968 933/723/933
vt 0.462398 0.812272
f 968/722/968 954/724/954 933/723/933
vt 0.454079 0.815968
vt 0.462296 0.812194
f 954/724/954 969/725/969 944/726/944
vt 0.718642 0.155631
vt 0.718740 0.156792
f 958/727/958 934/728/934 956/717/956
vt 0.714586 0.157310
vt 0.714396 0.156160
f 946/729/946 958/727/958 971/730/971
vt 0.693796 0.149037
f 947/710/947 972/731/972 959/714/959
vt 0.693875 0.150108
vt 0.688462 0.148749
f 948/732/948 973/733/973 960/700/960
f 950/704/950 961/715/961 975/717/975
vt 0.397655 0.863952
f 953/719/953 979/734/979 966/718/966
f 953/719/953 981/721/981 979/734/979
vt 0.445975 0.819853
vt 0.445857 0.819786
f 969/725/969 983/735/983 955/736/955
vt 0.438348 0.824422
f 984/737/984 955/736/955 983/735/983
vt 0.721336 0.154986
f 975/717/975 985/738/985 986/727/986
vt 0.718315 0.155527
f 986/727/986 988/739/988 989/730/989
vt 0.709501 0.157902
vt 0.709191 0.156768
f 957/740/957 971/730/971 990/741/990
vt 0.682887 0.148549
f 959/714/959 991/733/991 992/742/992
f 991/733/991 959/714/959 972/731/972
f 961/715/961 985/738/985 975/717/975
vt 0.607183 0.146837
vt 0.602877 0.145498
vt 0.606940 0.145710
f 964/743/964 998/744/998 978/745/978
vt 0.611697 0.147050
vt 0.611536 0.145918
f 951/746/951 978/745/978 993/747/993
vt 0.404649 0.856021
f 981/721/981 1001/748/1001 979/734/979
vt 0.398158 0.861386
vt 0.404653 0.855855
f 967/721/967 980/749/980 1002/750/1002
vt 0.431420 0.829581
vt 0.431319 0.829504
f 984/737/984 1003/751/1003 970/752/970
f 985/738/985 988/739/988 986/727/986
vt 0.714211 0.156044
f 988/739/988 1006/753/1006 989/730/989
f 989/730/989 1006/753/1006 1007/741/1007
vt 0.683008 0.148507
f 991/733/991 1008/754/1008 992/742/992
vt 0.688506 0.149829
f 974/755/974 1008/754/1008 973/733/973
vt 0.616548 0.147239
vt 0.616437 0.146109
f 962/756/962 993/747/993 1009/757/1009
vt 0.632585 0.147869
vt 0.627052 0.146521
vt 0.632620 0.146734
f 963/758/963 996/759/996 995/760/995
vt 0.627068 0.147652
vt 0.621617 0.146303
f 976/761/976 1011/762/1011 996/759/996
vt 0.603191 0.146619
vt 0.599576 0.145294
f 998/744/998 977/763/977 1013/764/1013
vt 0.602498 0.145504
f 1014/745/1014 1015/744/1015 1016/765/1016
vt 0.606614 0.145704
f 1017/766/1017 1014/745/1014 1016/765/1016
f 1014/745/1014 1017/766/1017 1018/747/1018
f 981/721/981 1021/750/1021 1001/748/1001
vt 0.425414 0.835237
f 1003/751/1003 1004/767/1004 970/752/970
vt 0.704064 0.158476
vt 0.703741 0.157358
f 987/768/987 990/741/990 1023/769/1023
vt 0.709173 0.156648
f 1006/753/1006 1024/770/1024 1007/741/1007
vt 0.666262 0.147847
f 1008/754/1008 1025/771/1025 992/742/992
vt 0.611273 0.145902
f 1028/757/1028 1018/747/1018 1029/772/1029
vt 0.621687 0.147430
f 994/773/994 1009/757/1009 1011/762/1011
vt 0.626999 0.146517
vt 0.621496 0.146305
f 1030/774/1030 1031/759/1031 1032/775/1032
f 1031/759/1031 1030/774/1030 1033/760/1033
vt 0.649302 0.148364
vt 0.655012 0.147418
f 1010/776/1010 995/760/995 1034/777/1034
f 1031/759/1031 1035/762/1035 1032/775/1032
vt 0.591034 0.144680
vt 0.591372 0.145803
vt 0.587648 0.144484
f 1012/778/1012 965/779/965 1019/780/1019
vt 0.597039 0.146217
f 1013/764/1013 997/781/997 1012/778/1012
vt 0.599160 0.145299
f 1015/744/1015 1036/764/1036 1037/782/1037
f 1015/744/1015 1037/782/1037 1016/765/1016
f 1018/747/1018 1017/766/1017 1029/772/1029
vt 0.587988 0.145601
vt 0.583586 0.144321
f 1019/780/1019 1000/783/1000 1039/784/1039
vt 0.412135 0.848483
f 1021/750/1021 1041/785/1041 1001/748/1001
vt 0.404948 0.854035
vt 0.419261 0.841400
f 1002/750/1002 982/786/982 1005/787/1005
vt 0.419321 0.841501
f 1005/787/1005 1004/767/1004 1042/788/1042
f 1007/741/1007 1024/770/1024 1043/769/1043
vt 0.616244 0.146101
f 1028/757/1028 1029/772/1029 1049/789/1049
f 1035/762/1035 1028/757/1028 1049/789/1049
vt 0.638231 0.146905
f 1050/790/1050 1033/760/1033 1030/774/1030
f 1051/777/1051 1033/760/1033 1050/790/1050
f 1035/762/1035 1049/789/1049 1032/775/1032
vt 0.587251 0.144500
f 1052/778/1052 1053/780/1053 1054/791/1054
vt 0.590608 0.144684
f 1037/782/1037 1052/778/1052 1055/792/1055
f 1052/778/1052 1037/782/1037 1036/764/1036
vt 0.583899 0.145436
vt 0.578628 0.144217
f 999/793/999 1057/794/1057 1039/784/1039
vt 0.583239 0.144341
f 1053/780/1053 1058/784/1058 1059/795/1059
f 1005/787/1005 1041/785/1041 1021/750/1021
f 1005/787/1005 1042/788/1042 1041/785/1041
vt 0.698859 0.158943
vt 0.698760 0.157831
f 1022/796/1022 1023/769/1023 1065/797/1065
vt 0.703883 0.157256
f 1024/770/1024 1067/798/1067 1043/769/1043
vt 0.666299 0.147825
vt 0.655034 0.147437
f 1045/799/1045 1069/800/1069 1025/771/1025
f 1069/800/1069 1051/777/1051 1050/790/1050
vt 0.660658 0.147613
f 1051/777/1051 1069/800/1069 1076/801/1076
f 1053/780/1053 1059/795/1059 1054/791/1054
f 1052/778/1052 1054/791/1054 1055/792/1055
vt 0.578863 0.145341
vt 0.572873 0.144101
f 1038/802/1038 1077/803/1077 1057/794/1057
vt 0.578365 0.144216
f 1058/784/1058 1078/794/1078 1079/804/1079
f 1058/784/1058 1079/804/1079 1059/795/1059
vt 0.607123 0.162522
vt 0.607185 0.161391
vt 0.601035 0.161014
f 1020/805/1020 1080/806/1080 1061/807/1061
vt 0.613070 0.162852
vt 0.618293 0.161944
vt 0.613024 0.161716
f 1040/808/1040 1081/809/1081 1062/810/1062
f 1020/805/1020 1062/810/1062 1080/806/1080
f 1067/798/1067 1082/797/1082 1043/769/1043
f 1045/799/1045 1076/801/1076 1069/800/1069
vt 0.685514 0.161453
vt 0.684464 0.161912
vt 0.684058 0.163016
f 1086/811/1086 1071/812/1071 1046/813/1046
vt 0.682611 0.162329
vt 0.682270 0.163434
f 1071/812/1071 1085/814/1085 1026/815/1026
vt 0.629443 0.163632
vt 0.631136 0.162664
vt 0.629156 0.162504
f 1047/816/1047 1073/817/1073 1088/818/1088
vt 0.660591 0.148723
f 1048/819/1048 1034/777/1034 1075/801/1075
vt 0.666254 0.148930
f 1027/820/1027 1075/801/1075 1045/799/1045
vt 0.573002 0.145235
vt 0.566415 0.143902
f 1056/821/1056 1091/822/1091 1077/803/1077
vt 0.572712 0.144080
vt 0.566368 0.143886
f 1092/823/1092 1093/822/1093 1094/824/1094
f 1093/822/1093 1092/823/1092 1095/803/1095
f 1095/803/1095 1092/823/1092 1078/794/1078
f 1078/794/1078 1092/823/1092 1079/804/1079
vt 0.607171 0.161378
f 1097/806/1097 1098/825/1098 1099/807/1099
vt 0.612888 0.161689
f 1098/825/1098 1097/806/1097 1100/826/1100
vt 0.594650 0.161763
vt 0.594832 0.160634
f 1064/827/1064 1061/807/1061 1101/828/1101
vt 0.618451 0.163072
vt 0.622814 0.162127
f 1060/829/1060 1089/830/1089 1081/809/1081
vt 0.618040 0.161930
f 1102/809/1102 1103/831/1103 1104/810/1104
f 1104/810/1104 1100/826/1100 1097/806/1097
vt 0.699019 0.157782
f 1067/798/1067 1105/832/1105 1082/797/1082
vt 0.694240 0.159394
vt 0.694404 0.158281
f 1066/833/1066 1065/797/1065 1106/834/1106
vt 0.690833 0.158802
vt 0.690560 0.159921
f 1106/834/1106 1083/835/1083 1068/836/1068
vt 0.688248 0.159360
vt 0.687931 0.160481
f 1083/835/1083 1107/837/1107 1044/838/1044
vt 0.679778 0.162681
vt 0.679475 0.163775
f 1085/814/1085 1109/839/1109 1070/840/1070
vt 0.686010 0.161485
f 1110/841/1110 1111/812/1111 1112/811/1112
vt 0.684942 0.161935
f 1113/842/1113 1114/814/1114 1111/812/1111
vt 0.634913 0.164078
vt 0.634528 0.162967
f 1073/817/1073 1072/843/1072 1119/844/1119
vt 0.630665 0.162655
f 1120/817/1120 1121/845/1121 1122/818/1122
vt 0.626684 0.163443
vt 0.626409 0.162319
f 1089/830/1089 1074/846/1074 1123/847/1123
f 1074/846/1074 1088/818/1088 1123/847/1123
vt 0.559597 0.143686
f 1093/822/1093 1124/848/1124 1094/824/1094
vt 0.601134 0.161019
f 1098/825/1098 1126/849/1126 1099/807/1099
f 1126/849/1126 1127/828/1127 1099/807/1099
vt 0.622464 0.162129
f 1128/830/1128 1129/850/1129 1102/809/1102
f 1129/850/1129 1103/831/1103 1102/809/1102
f 1103/831/1103 1100/826/1100 1104/810/1104
vt 0.588707 0.161365
vt 0.588916 0.160232
f 1063/851/1063 1101/828/1101 1125/852/1125
f 1105/832/1105 1130/834/1130 1082/797/1082
vt 0.694751 0.158283
f 1131/853/1131 1132/835/1132 1130/834/1130
vt 0.691247 0.158812
f 1132/835/1132 1133/854/1133 1134/837/1134
f 1133/854/1133 1132/835/1132 1131/853/1131
vt 0.686852 0.159923
vt 0.686462 0.161035
f 1107/837/1107 1135/855/1135 1084/856/1084
vt 0.683051 0.162349
f 1137/857/1137 1138/839/1138 1114/814/1114
vt 0.687339 0.159938
f 1139/858/1139 1110/841/1110 1112/811/1112
f 1110/841/1110 1113/842/1113 1111/812/1111
f 1113/842/1113 1137/857/1137 1114/814/1114
vt 0.634072 0.162986
f 1145/844/1145 1146/859/1146 1120/817/1120
vt 0.636859 0.163110
f 1072/843/1072 1144/860/1144 1119/844/1119
f 1146/859/1146 1121/845/1121 1120/817/1120
vt 0.628706 0.162493
f 1122/818/1122 1147/861/1147 1148/847/1148
f 1147/861/1147 1122/818/1122 1121/845/1121
vt 0.625996 0.162317
f 1148/847/1148 1149/862/1149 1128/830/1128
vt 0.566439 0.145038
vt 0.559532 0.143695
f 1090/863/1090 1150/864/1150 1091/822/1091
f 1093/822/1093 1151/864/1151 1124/848/1124
vt 0.583367 0.160922
vt 0.583627 0.159791
f 1096/865/1096 1125/852/1125 1152/866/1152
vt 0.595025 0.160634
f 1127/828/1127 1154/867/1154 1155/852/1155
f 1154/867/1154 1127/828/1127 1126/849/1126
f 1149/862/1149 1129/850/1129 1128/830/1128
f 1105/832/1105 1131/853/1131 1130/834/1130
vt 0.688709 0.159365
f 1133/854/1133 1156/868/1156 1134/837/1134
f 1156/868/1156 1157/855/1157 1134/837/1134
vt 0.675686 0.164046
vt 0.675941 0.162959
f 1108/869/1108 1109/839/1109 1159/870/1159
vt 0.680145 0.162715
f 1137/857/1137 1160/871/1160 1138/839/1138
f 1139/858/1139 1112/811/1112 1157/855/1157
vt 0.685767 0.161569
f 1135/855/1135 1086/811/1086 1136/872/1136
vt 0.660164 0.164441
vt 0.665645 0.163272
vt 0.660126 0.163322
f 1115/873/1115 1161/874/1161 1141/875/1141
vt 0.654758 0.164448
vt 0.654656 0.163333
f 1087/876/1087 1141/875/1141 1142/877/1142
vt 0.649536 0.164447
vt 0.649375 0.163332
f 1116/878/1116 1142/877/1142 1162/879/1162
vt 0.637247 0.164212
vt 0.640257 0.163225
f 1118/880/1118 1164/881/1164 1144/860/1144
vt 0.636442 0.163138
f 1165/882/1165 1146/859/1146 1145/844/1145
f 1166/860/1166 1165/882/1165 1145/844/1145
f 1147/861/1147 1149/862/1149 1148/847/1148
vt 0.552663 0.143530
f 1124/848/1124 1151/864/1151 1168/883/1168
vt 0.589181 0.160224
f 1169/884/1169 1170/866/1170 1155/852/1155
f 1154/867/1154 1169/884/1169 1155/852/1155
f 1156/868/1156 1139/858/1139 1157/855/1157
f 1160/871/1160 1172/870/1172 1138/839/1138
vt 0.665603 0.164390
vt 0.671073 0.163153
f 1140/885/1140 1173/886/1173 1161/874/1161
vt 0.665700 0.163269
f 1174/887/1174 1175/875/1175 1176/874/1176
vt 0.660096 0.163321
f 1175/875/1175 1177/888/1177 1178/877/1178
vt 0.654548 0.163341
f 1178/877/1178 1179/889/1179 1180/879/1180
vt 0.644732 0.164416
vt 0.644503 0.163302
f 1117/890/1117 1162/879/1162 1163/891/1163
vt 0.640577 0.164331
f 1143/892/1143 1163/891/1163 1164/881/1164
vt 0.639905 0.163243
f 1181/881/1181 1182/893/1182 1166/860/1166
f 1182/893/1182 1165/882/1165 1166/860/1166
vt 0.552406 0.144687
vt 0.552500 0.143553
f 1167/894/1167 1183/895/1183 1150/864/1150
f 1151/864/1151 1185/895/1185 1168/883/1168
vt 0.583941 0.159788
vt 0.578682 0.159342
f 1170/866/1170 1186/896/1186 1187/897/1187
f 1186/896/1186 1170/866/1170 1169/884/1169
vt 0.578380 0.160472
f 1153/898/1153 1152/866/1152 1188/897/1188
vt 0.670920 0.164255
f 1158/899/1158 1159/870/1159 1173/886/1173
vt 0.676211 0.163001
f 1160/871/1160 1190/900/1190 1172/870/1172
vt 0.671234 0.163174
f 1191/886/1191 1192/901/1192 1176/874/1176
f 1192/901/1192 1191/886/1191 1190/900/1190
f 1192/901/1192 1174/887/1174 1176/874/1176
f 1174/887/1174 1177/888/1177 1175/875/1175
f 1177/888/1177 1179/889/1179 1178/877/1178
vt 0.649185 0.163339
f 1179/889/1179 1193/902/1193 1180/879/1180
vt 0.644229 0.163308
f 1194/891/1194 1193/902/1193 1195/903/1195
f 1193/902/1193 1194/891/1194 1180/879/1180
f 1194/891/1194 1195/903/1195 1181/881/1181
f 1195/903/1195 1182/893/1182 1181/881/1181
vt 0.545767 0.143378
f 1167/894/1167 1196/904/1196 1183/895/1183
vt 0.546009 0.143340
f 1168/883/1168 1185/895/1185 1197/905/1197
vt 0.564352 0.158109
f 1186/896/1186 1199/906/1199 1187/897/1187
vt 0.563999 0.158123
vt 0.563738 0.159271
f 1188/897/1188 1200/907/1200 1171/908/1171
f 1190/900/1190 1191/886/1191 1172/870/1172
f 1185/895/1185 1202/904/1202 1197/905/1197
vt 0.545645 0.144514
vt 0.539776 0.143076
f 1184/909/1184 1203/910/1203 1196/904/1196
f 1187/897/1187 1199/906/1199 1204/907/1204
vt 0.305784 0.821734
vt 0.303776 0.818169
vt 0.305634 0.812052
f 1189/911/1189 1201/912/1201 1206/913/1206
vt 0.540076 0.143042
f 1197/905/1197 1202/904/1202 1207/914/1207
f 1202/904/1202 1208/910/1208 1207/914/1207
vt 0.558692 0.158942
vt 0.553671 0.157564
f 1198/915/1198 1200/907/1200 1209/916/1209
f 1199/906/1199 1210/916/1210 1204/907/1204
vt 0.307423 0.815395
f 1189/911/1189 1211/913/1211 1205/917/1205
vt 0.523063 0.142380
f 1207/914/1207 1208/910/1208 1213/918/1213
vt 0.553990 0.157556
f 1199/906/1199 1215/919/1215 1210/916/1210
vt 0.522768 0.142374
vt 0.533944 0.143897
f 1217/920/1217 1203/910/1203 1212/921/1212
f 1208/910/1208 1218/920/1218 1213/918/1213
vt 0.547890 0.158523
vt 0.548130 0.157389
f 1214/922/1214 1209/916/1209 1219/923/1219
f 1215/919/1215 1221/923/1221 1210/916/1210
vt 0.303837 0.808675
vt 0.305207 0.802941
f 1206/913/1206 1216/924/1216 1223/925/1223
vt 0.516554 0.142219
f 1213/918/1213 1218/920/1218 1226/926/1226
vt 0.548423 0.157391
vt 0.542256 0.157217
f 1221/923/1221 1228/927/1228 1229/928/1229
f 1228/927/1228 1221/923/1221 1215/919/1215
vt 0.306883 0.806162
f 1211/913/1211 1230/925/1230 1222/929/1222
vt 0.516311 0.142217
f 1218/920/1218 1233/930/1233 1226/926/1226
vt 0.542037 0.158350
f 1220/931/1220 1219/923/1219 1234/928/1234
vt 0.542521 0.157222
f 1228/927/1228 1235/932/1235 1229/928/1229
vt 0.303657 0.799625
vt 0.304864 0.794171
f 1223/925/1223 1231/933/1231 1237/934/1237
vt 0.522516 0.143486
f 1232/935/1232 1239/930/1239 1217/920/1217
vt 0.509536 0.142117
f 1226/926/1226 1233/930/1233 1240/936/1240
vt 0.535934 0.158207
vt 0.529828 0.156994
f 1227/937/1227 1234/928/1234 1241/938/1241
f 1235/932/1235 1242/938/1242 1229/928/1229
vt 0.306397 0.797323
f 1243/934/1243 1236/939/1236 1230/925/1230
vt 0.509219 0.143245
vt 0.502028 0.142133
vt 0.509360 0.142119
f 1225/940/1225 1244/941/1244 1238/942/1238
vt 0.516107 0.143335
f 1224/943/1224 1238/942/1238 1239/930/1239
f 1233/930/1233 1246/942/1246 1240/936/1240
vt 0.530029 0.157013
f 1235/932/1235 1247/944/1247 1242/938/1242
vt 0.502126 0.142139
f 1246/942/1246 1249/941/1249 1250/945/1250
f 1240/936/1240 1246/942/1246 1250/945/1250
vt 0.523335 0.156936
f 1247/944/1247 1253/946/1253 1242/938/1242
vt 0.303550 0.790819
vt 0.304803 0.785486
f 1237/934/1237 1248/947/1248 1256/948/1256
vt 0.494501 0.142214
f 1250/945/1250 1249/941/1249 1257/949/1257
vt 0.501943 0.143252
vt 0.494483 0.142201
f 1245/950/1245 1258/951/1258 1244/941/1244
vt 0.523171 0.158048
f 1252/952/1252 1241/938/1241 1259/946/1259
vt 0.523502 0.156962
f 1247/944/1247 1260/953/1260 1253/946/1253
vt 0.306433 0.788659
f 1243/934/1243 1263/948/1263 1255/954/1255
f 1249/941/1249 1265/951/1265 1257/949/1257
vt 0.494452 0.143310
vt 0.486892 0.142262
f 1251/955/1251 1266/956/1266 1258/951/1258
vt 0.516631 0.156867
f 1260/953/1260 1267/957/1267 1253/946/1253
vt 0.516496 0.157985
f 1254/958/1254 1259/946/1259 1269/957/1269
vt 0.303297 0.782207
vt 0.304570 0.777021
f 1256/948/1256 1264/959/1264 1272/960/1272
vt 0.486836 0.142270
f 1257/949/1257 1265/951/1265 1273/961/1273
f 1265/951/1265 1275/956/1275 1273/961/1273
vt 0.516766 0.156889
f 1260/953/1260 1276/962/1276 1267/957/1267
vt 0.509688 0.157955
vt 0.502892 0.156859
f 1261/963/1261 1269/957/1269 1270/964/1270
vt 0.495885 0.158047
vt 0.488936 0.156951
f 1262/965/1262 1270/964/1270 1278/966/1278
vt 0.306450 0.780135
f 1263/948/1263 1279/960/1279 1271/967/1271
vt 0.479332 0.142346
f 1275/956/1275 1281/968/1281 1273/961/1273
vt 0.486920 0.143377
vt 0.479452 0.142345
f 1274/969/1274 1282/970/1282 1266/956/1266
f 1276/962/1276 1283/964/1283 1267/957/1267
vt 0.502972 0.156873
f 1285/971/1285 1286/966/1286 1283/964/1283
f 1275/956/1275 1289/970/1289 1281/968/1281
f 1276/962/1276 1285/971/1285 1283/964/1283
vt 0.481921 0.158145
vt 0.474926 0.157101
f 1268/972/1268 1278/966/1278 1284/973/1284
vt 0.468030 0.158366
vt 0.467977 0.157231
f 1277/974/1277 1284/973/1284 1290/975/1290
vt 0.495993 0.156930
f 1285/971/1285 1292/976/1292 1286/966/1286
vt 0.303218 0.773794
vt 0.304801 0.768651
f 1272/960/1272 1287/977/1287 1294/978/1294
vt 0.479532 0.143466
vt 0.472358 0.142476
f 1280/979/1280 1296/980/1296 1282/970/1282
vt 0.472192 0.142483
f 1289/970/1289 1297/981/1297 1281/968/1281
vt 0.488966 0.156958
f 1286/966/1286 1298/982/1298 1299/973/1299
vt 0.474900 0.157109
f 1299/973/1299 1300/983/1300 1301/975/1301
f 1292/976/1292 1298/982/1298 1286/966/1286
vt 0.306650 0.771753
f 1279/960/1279 1304/978/1304 1293/984/1293
vt 0.472475 0.143592
vt 0.465546 0.142621
f 1288/985/1288 1308/986/1308 1296/980/1296
f 1289/970/1289 1309/980/1309 1297/981/1297
f 1298/982/1298 1300/983/1300 1299/973/1299
vt 0.467918 0.157241
f 1300/983/1300 1310/987/1310 1301/975/1301
vt 0.461177 0.158505
vt 0.461098 0.157366
f 1291/988/1291 1290/975/1290 1311/989/1311
vt 0.303237 0.765530
vt 0.304895 0.760461
f 1294/978/1294 1305/990/1305 1315/991/1315
vt 0.465347 0.142635
f 1309/980/1309 1317/986/1317 1318/992/1318
f 1309/980/1309 1318/992/1318 1297/981/1297
f 1301/975/1301 1310/987/1310 1319/989/1319
vt 0.454430 0.158675
vt 0.454323 0.157532
f 1302/993/1302 1311/989/1311 1320/994/1320
vt 0.306999 0.763452
f 1304/978/1304 1315/991/1315 1314/995/1314
vt 0.465691 0.143730
vt 0.446526 0.143087
f 1306/996/1306 1324/997/1324 1308/986/1308
vt 0.440546 0.144438
vt 0.434076 0.143519
vt 0.440443 0.143311
f 1307/998/1307 1326/999/1326 1316/1000/1316
vt 0.446669 0.144213
f 1295/1001/1295 1316/1000/1316 1324/997/1324
f 1317/986/1317 1327/997/1327 1318/992/1318
vt 0.461002 0.157369
f 1310/987/1310 1328/1002/1328 1319/989/1319
f 1319/989/1319 1328/1002/1328 1329/994/1329
vt 0.447821 0.158892
vt 0.447683 0.157754
f 1303/1003/1303 1320/994/1320 1330/1004/1330
vt 0.429879 0.159752
vt 0.435290 0.158303
vt 0.424499 0.158958
f 1312/1005/1312 1332/1006/1332 1322/1007/1322
vt 0.419946 0.160459
vt 0.419699 0.159325
f 1313/1008/1313 1322/1007/1322 1333/1009/1333
vt 0.433956 0.143525
f 1337/1000/1337 1338/999/1338 1339/1010/1339
vt 0.440272 0.143309
f 1340/1011/1340 1337/1000/1337 1339/1010/1339
f 1337/1000/1337 1340/1011/1340 1327/997/1327
f 1318/992/1318 1327/997/1327 1340/1011/1340
vt 0.454184 0.157527
f 1328/1002/1328 1341/1012/1341 1329/994/1329
f 1329/994/1329 1341/1012/1341 1342/1004/1342
vt 0.441465 0.159149
vt 0.441299 0.158016
f 1321/1013/1321 1330/1004/1330 1343/1014/1343
vt 0.435020 0.158284
f 1344/1006/1344 1345/1015/1345 1346/1007/1346
vt 0.424163 0.158933
f 1346/1007/1346 1347/1016/1347 1348/1009/1348
vt 0.434162 0.144644
vt 0.427638 0.143743
f 1325/1017/1325 1354/1018/1354 1326/999/1326
vt 0.427583 0.143757
f 1338/999/1338 1355/1019/1355 1339/1010/1339
vt 0.447500 0.157748
f 1341/1012/1341 1356/1020/1356 1342/1004/1342
vt 0.435472 0.159436
f 1331/1021/1331 1343/1014/1343 1332/1006/1332
f 1342/1004/1342 1356/1020/1356 1357/1014/1357
vt 0.441070 0.158008
f 1358/1022/1358 1345/1015/1345 1344/1006/1344
f 1345/1015/1345 1347/1016/1347 1346/1007/1346
vt 0.419340 0.159307
f 1347/1016/1347 1359/1023/1359 1348/1009/1348
vt 0.403164 0.160869
vt 0.415510 0.160847
f 1360/1024/1360 1334/1025/1334 1333/1009/1333
vt 0.286404 0.766167
vt 0.291335 0.767153
vt 0.291479 0.767621
f 1361/1026/1361 1349/1027/1349 1335/1028/1335
vt 0.292739 0.767129
vt 0.292863 0.767603
f 1349/1027/1349 1362/1029/1362 1323/1030/1323
vt 0.288780 0.765630
f 1323/1030/1323 1362/1029/1362 1350/1031/1350
f 1338/999/1338 1365/1018/1365 1355/1019/1355
f 1357/1014/1357 1358/1022/1358 1344/1006/1344
f 1356/1020/1356 1358/1022/1358 1357/1014/1357
f 1348/1009/1348 1359/1023/1359 1366/1024/1366
vt 0.290857 0.767137
f 1367/1027/1367 1368/1026/1368 1369/1032/1369
f 1370/1029/1370 1367/1027/1367 1369/1032/1369
vt 0.292214 0.767085
f 1370/1029/1370 1371/1033/1371 1372/1031/1372
vt 0.286545 0.766627
vt 0.279783 0.764636
f 1351/1034/1351 1375/1035/1375 1361/1026/1361
vt 0.409366 0.145720
vt 0.404142 0.144898
vt 0.409492 0.144596
f 1336/1036/1336 1378/1037/1378 1364/1038/1364
vt 0.415207 0.145441
vt 0.415266 0.144310
f 1352/1039/1352 1364/1038/1364 1379/1040/1379
vt 0.421351 0.145145
vt 0.421341 0.144017
f 1353/1041/1353 1380/1042/1380 1354/1018/1354
vt 0.421364 0.144022
f 1365/1018/1365 1381/1043/1381 1355/1019/1355
vt 0.402810 0.160857
vt 0.398771 0.161227
f 1366/1024/1366 1383/1044/1383 1384/1045/1384
f 1383/1044/1383 1366/1024/1366 1359/1023/1359
vt 0.288333 0.765568
f 1371/1033/1371 1385/1046/1385 1372/1031/1372
vt 0.282712 0.763180
vt 0.282445 0.765010
f 1350/1031/1350 1386/1047/1386 1373/1048/1373
vt 0.279427 0.764683
f 1368/1026/1368 1389/1035/1389 1390/1049/1390
vt 0.403964 0.146014
vt 0.399337 0.145238
f 1363/1050/1363 1394/1051/1394 1378/1037/1378
vt 0.404401 0.144914
f 1395/1038/1395 1396/1037/1396 1397/1052/1397
vt 0.409680 0.144603
f 1398/1040/1398 1395/1038/1395 1399/1053/1399
f 1353/1041/1353 1379/1040/1379 1380/1042/1380
f 1365/1018/1365 1401/1042/1401 1381/1043/1381
vt 0.398453 0.161225
f 1383/1044/1383 1404/1054/1404 1384/1045/1384
vt 0.399046 0.162361
f 1382/1055/1382 1360/1024/1360 1405/1045/1405
vt 0.292072 0.766748
f 1408/1056/1408 1409/1046/1409 1371/1033/1371
f 1372/1031/1372 1385/1046/1385 1410/1047/1410
vt 0.277791 0.760303
f 1373/1048/1373 1386/1047/1386 1411/1057/1411
vt 0.273490 0.763114
vt 0.273330 0.762678
f 1375/1035/1375 1374/1058/1374 1413/1059/1413
vt 0.399646 0.145248
f 1396/1037/1396 1419/1051/1419 1420/1060/1420
f 1397/1052/1397 1396/1037/1396 1420/1060/1420
f 1399/1053/1399 1395/1038/1395 1397/1052/1397
vt 0.415372 0.144308
f 1421/1061/1421 1398/1040/1398 1399/1053/1399
f 1401/1042/1401 1398/1040/1398 1421/1061/1421
f 1381/1043/1381 1401/1042/1401 1421/1061/1421
vt 0.394023 0.161571
f 1384/1045/1384 1404/1054/1404 1423/1062/1423
vt 0.282335 0.763130
f 1385/1046/1385 1430/1063/1430 1410/1047/1410
f 1410/1047/1410 1430/1063/1430 1431/1057/1431
vt 0.274845 0.757050
vt 0.277870 0.762089
f 1411/1057/1411 1432/1064/1432 1387/1065/1387
vt 0.267028 0.757710
vt 0.268905 0.760411
vt 0.269133 0.760844
f 1433/1066/1433 1412/1067/1412 1388/1068/1388
f 1412/1067/1412 1413/1059/1413 1374/1058/1374
vt 0.272951 0.762750
f 1389/1035/1389 1434/1059/1434 1414/1069/1414
vt 0.314502 0.653972
vt 0.316077 0.648593
vt 0.319018 0.648817
f 1415/1070/1415 1416/1071/1416 1376/1072/1376
vt 0.317297 0.643160
vt 0.320007 0.643219
f 1416/1071/1416 1435/1073/1435 1391/1074/1391
vt 0.318163 0.632558
vt 0.318801 0.627466
vt 0.322237 0.627289
f 1417/1075/1417 1436/1076/1436 1392/1077/1392
vt 0.317827 0.637802
vt 0.320617 0.637759
f 1418/1078/1418 1417/1075/1417 1377/1079/1377
f 1391/1074/1391 1435/1073/1435 1418/1078/1418
vt 0.394966 0.145600
vt 0.399135 0.146355
f 1422/1080/1422 1394/1051/1394 1393/1081/1393
f 1420/1060/1420 1419/1051/1419 1437/1080/1437
vt 0.382936 0.146645
vt 0.386781 0.147435
f 1438/1082/1438 1422/1080/1422 1400/1083/1400
vt 0.394282 0.162702
f 1403/1084/1403 1405/1045/1405 1439/1062/1439
vt 0.393765 0.161572
f 1404/1054/1404 1441/1085/1441 1423/1062/1423
vt 0.290712 0.766808
vt 0.292643 0.764521
f 1407/1086/1407 1447/1087/1447 1408/1056/1408
vt 0.288245 0.765225
f 1409/1046/1409 1429/1088/1429 1449/1063/1449
vt 0.277345 0.760318
f 1430/1063/1430 1450/1089/1450 1431/1057/1431
vt 0.274307 0.757125
f 1431/1057/1431 1451/1090/1451 1452/1064/1452
vt 0.266490 0.757795
f 1453/1067/1453 1433/1066/1433 1454/1091/1454
vt 0.268434 0.760491
f 1434/1059/1434 1453/1067/1453 1455/1092/1455
vt 0.316728 0.648478
f 1456/1093/1456 1457/1071/1457 1415/1070/1415
vt 0.318576 0.643495
f 1458/1094/1458 1459/1073/1459 1457/1071/1457
vt 0.318005 0.628268
f 1460/1095/1460 1436/1076/1436 1461/1075/1461
vt 0.318782 0.638391
f 1462/1096/1462 1461/1075/1461 1463/1078/1463
f 1458/1094/1458 1463/1078/1463 1459/1073/1459
vt 0.383243 0.146649
f 1420/1060/1420 1437/1080/1437 1464/1097/1464
f 1437/1080/1437 1465/1082/1465 1464/1097/1464
vt 0.389150 0.163040
vt 0.388970 0.161904
f 1402/1098/1402 1439/1062/1439 1467/1099/1467
f 1423/1062/1423 1441/1085/1441 1469/1099/1469
vt 0.271855 0.751159
vt 0.275776 0.746766
vt 0.271470 0.750757
f 1406/1100/1406 1443/1101/1443 1442/1102/1442
vt 0.268582 0.754862
vt 0.268218 0.754449
f 1424/1103/1424 1442/1102/1442 1470/1104/1470
vt 0.281665 0.744185
vt 0.280565 0.742540
f 1443/1101/1443 1427/1105/1427 1472/1106/1472
vt 0.291110 0.764553
f 1446/1107/1446 1447/1087/1447 1407/1086/1407
vt 0.288971 0.763012
f 1408/1056/1408 1477/1087/1477 1448/1108/1448
vt 0.282275 0.762795
vt 0.282981 0.760596
f 1478/1109/1478 1448/1108/1448 1479/1110/1479
f 1478/1109/1478 1480/1089/1480 1449/1063/1449
f 1431/1057/1431 1450/1089/1450 1451/1090/1451
vt 0.274704 0.753474
f 1452/1064/1452 1451/1090/1451 1481/1111/1481
vt 0.378792 0.146972
f 1464/1097/1464 1465/1082/1465 1482/1112/1482
vt 0.382748 0.147757
vt 0.378547 0.146961
f 1466/1113/1466 1483/1114/1483 1438/1082/1438
vt 0.383715 0.163320
vt 0.383645 0.162178
f 1440/1115/1440 1467/1099/1467 1484/1116/1484
vt 0.388801 0.161887
f 1441/1085/1441 1485/1117/1485 1469/1099/1469
vt 0.275549 0.746833
f 1486/1101/1486 1487/1118/1487 1488/1102/1488
vt 0.271106 0.750856
f 1488/1102/1488 1489/1119/1489 1470/1104/1470
vt 0.289366 0.733651
vt 0.289424 0.734032
vt 0.292384 0.729119
f 1471/1120/1471 1425/1121/1425 1473/1122/1473
vt 0.285260 0.738147
vt 0.285434 0.738538
f 1490/1123/1490 1426/1124/1426 1471/1120/1471
f 1472/1106/1472 1426/1124/1426 1490/1123/1490
f 1491/1106/1491 1487/1118/1487 1486/1101/1486
vt 0.292373 0.729503
vt 0.294329 0.724590
f 1473/1122/1473 1428/1125/1428 1474/1126/1474
vt 0.275557 0.755180
f 1432/1064/1432 1496/1111/1496 1475/1127/1475
vt 0.291554 0.764568
f 1498/1087/1498 1446/1107/1446 1499/1128/1499
vt 0.289417 0.763073
f 1498/1087/1498 1500/1129/1500 1501/1108/1501
f 1500/1129/1500 1502/1110/1502 1501/1108/1501
vt 0.277554 0.757841
f 1478/1109/1478 1479/1110/1479 1503/1130/1503
vt 0.273780 0.755040
f 1480/1089/1480 1504/1131/1504 1451/1090/1451
vt 0.267733 0.754547
f 1470/1104/1470 1506/1132/1506 1454/1091/1454
f 1465/1082/1465 1510/1114/1510 1482/1112/1482
f 1469/1099/1469 1485/1117/1485 1512/1116/1512
vt 0.378042 0.163484
vt 0.378080 0.162348
f 1468/1133/1468 1484/1116/1484 1513/1134/1513
f 1489/1119/1489 1506/1132/1506 1470/1104/1470
vt 0.292868 0.729125
f 1516/1135/1516 1517/1120/1517 1518/1122/1518
vt 0.289731 0.733684
f 1519/1136/1519 1520/1123/1520 1517/1120/1517
vt 0.285422 0.738179
f 1521/1137/1521 1491/1106/1491 1520/1123/1520
vt 0.280506 0.742575
f 1491/1106/1491 1522/1138/1522 1487/1118/1487
vt 0.295766 0.716077
vt 0.295895 0.715697
f 1474/1126/1474 1444/1139/1444 1524/1140/1524
vt 0.294874 0.724569
f 1525/1141/1525 1518/1122/1518 1526/1126/1526
vt 0.297934 0.722743
vt 0.295958 0.726987
vt 0.298032 0.722372
f 1445/1142/1445 1493/1143/1493 1528/1144/1528
vt 0.293156 0.764563
f 1532/1145/1532 1498/1087/1498 1499/1128/1499
vt 0.286119 0.763582
vt 0.286469 0.763566
f 1499/1128/1499 1476/1146/1476 1534/1147/1534
f 1532/1145/1532 1500/1129/1500 1498/1087/1498
vt 0.283358 0.760646
f 1500/1129/1500 1535/1148/1535 1502/1110/1502
f 1535/1148/1535 1536/1130/1536 1502/1110/1502
vt 0.276741 0.749570
vt 0.274169 0.753546
f 1538/1149/1538 1481/1111/1481 1505/1150/1505
vt 0.266215 0.757509
f 1539/1132/1539 1507/1151/1507 1454/1091/1454
vt 0.373720 0.147282
f 1482/1112/1482 1510/1114/1510 1541/1152/1541
vt 0.378389 0.148072
vt 0.373558 0.147283
f 1511/1153/1511 1542/1154/1542 1483/1114/1483
vt 0.383588 0.162147
f 1485/1117/1485 1543/1155/1543 1512/1116/1512
f 1512/1116/1512 1543/1155/1543 1544/1134/1544
vt 0.372687 0.162458
f 1468/1133/1468 1513/1134/1513 1545/1156/1545
vt 0.275278 0.746555
f 1487/1118/1487 1549/1138/1549 1515/1157/1515
vt 0.267006 0.753348
f 1539/1132/1539 1489/1119/1489 1551/1158/1551
f 1516/1135/1516 1519/1136/1519 1517/1120/1517
f 1519/1136/1519 1521/1137/1521 1520/1123/1520
f 1521/1137/1521 1522/1138/1522 1491/1106/1491
vt 0.297213 0.711399
f 1524/1140/1524 1444/1139/1444 1523/1159/1523
vt 0.296475 0.715692
f 1553/1140/1553 1554/1160/1554 1526/1126/1526
vt 0.297766 0.711418
f 1554/1160/1554 1553/1140/1553 1555/1161/1555
vt 0.289162 0.736276
vt 0.293095 0.731626
vt 0.293958 0.733149
f 1556/1162/1556 1527/1163/1527 1492/1164/1492
vt 0.298578 0.722395
f 1558/1165/1558 1559/1144/1559 1493/1143/1493
vt 0.301090 0.713204
f 1529/1166/1529 1445/1142/1445 1528/1144/1528
vt 0.277788 0.751233
f 1496/1111/1496 1561/1149/1561 1495/1167/1495
vt 0.291755 0.764112
f 1563/1168/1563 1564/1145/1564 1565/1128/1565
vt 0.279763 0.762036
vt 0.279411 0.762082
vt 0.273218 0.760091
f 1533/1169/1533 1497/1170/1497 1562/1171/1562
f 1534/1147/1534 1476/1146/1476 1533/1169/1533
vt 0.286608 0.763095
f 1565/1128/1565 1566/1147/1566 1567/1172/1567
vt 0.293422 0.764122
f 1564/1145/1564 1568/1173/1568 1569/1129/1569
vt 0.289696 0.762642
f 1569/1129/1569 1570/1174/1570 1535/1148/1535
vt 0.273869 0.753276
vt 0.276315 0.749623
f 1537/1175/1537 1573/1176/1573 1505/1150/1505
f 1538/1149/1538 1505/1150/1505 1574/1176/1574
vt 0.265909 0.755254
vt 0.268114 0.757918
f 1507/1151/1507 1575/1177/1575 1508/1178/1508
f 1510/1114/1510 1578/1154/1578 1541/1152/1541
vt 0.378153 0.162327
f 1543/1155/1543 1579/1179/1579 1544/1134/1544
f 1579/1179/1579 1580/1156/1580 1544/1134/1544
vt 0.337063 0.648285
vt 0.331846 0.646327
vt 0.331807 0.650941
f 1514/1180/1514 1582/1181/1582 1547/1182/1547
vt 0.289360 0.732535
f 1586/1183/1586 1587/1136/1587 1516/1135/1516
vt 0.284849 0.737008
f 1588/1137/1588 1587/1136/1587 1589/1184/1589
vt 0.279743 0.741388
f 1549/1138/1549 1588/1137/1588 1584/1185/1584
vt 0.299811 0.708566
vt 0.299461 0.707152
f 1523/1159/1523 1552/1186/1552 1590/1187/1590
f 1555/1161/1555 1553/1140/1553 1591/1159/1591
vt 0.296237 0.713778
f 1592/1188/1592 1554/1160/1554 1593/1161/1593
vt 0.289391 0.736315
f 1527/1163/1527 1594/1162/1594 1595/1189/1595
vt 0.296424 0.726996
vt 0.293450 0.731633
f 1596/1190/1596 1493/1143/1493 1557/1191/1557
f 1558/1165/1558 1493/1143/1493 1596/1190/1596
f 1597/1166/1597 1559/1144/1559 1558/1165/1558
vt 0.302805 0.708908
vt 0.302920 0.708561
f 1530/1192/1530 1529/1166/1529 1598/1193/1598
vt 0.285000 0.741228
vt 0.284719 0.740868
f 1494/1194/1494 1599/1195/1599 1556/1162/1556
vt 0.280329 0.745334
f 1560/1196/1560 1599/1195/1599 1494/1194/1494
f 1495/1167/1495 1561/1149/1561 1560/1196/1560
vt 0.272804 0.760158
vt 0.268615 0.757847
f 1562/1171/1562 1531/1197/1531 1576/1198/1576
vt 0.273355 0.759603
f 1600/1169/1600 1601/1171/1601 1602/1199/1602
vt 0.279891 0.761554
f 1566/1147/1566 1600/1169/1600 1603/1200/1603
vt 0.278003 0.757831
vt 0.273937 0.754712
f 1571/1201/1571 1604/1202/1604 1536/1130/1536
f 1503/1130/1503 1605/1202/1605 1504/1131/1504
vt 0.273375 0.751173
vt 0.275178 0.747292
f 1572/1203/1572 1606/1204/1606 1537/1175/1537
f 1605/1202/1605 1572/1203/1572 1504/1131/1504
f 1608/1196/1608 1538/1149/1538 1574/1176/1574
vt 0.266452 0.755181
f 1508/1178/1508 1609/1177/1609 1610/1205/1610
f 1576/1198/1576 1508/1178/1508 1610/1205/1610
vt 0.368228 0.148717
vt 0.362740 0.147867
vt 0.368209 0.147592
f 1540/1206/1540 1611/1207/1611 1577/1208/1577
vt 0.373479 0.148402
f 1509/1209/1509 1577/1208/1577 1542/1154/1542
vt 0.368278 0.147579
f 1541/1152/1541 1578/1154/1578 1612/1210/1612
vt 0.372891 0.162449
vt 0.367882 0.162552
f 1580/1156/1580 1613/1211/1613 1614/1212/1614
f 1613/1211/1613 1580/1156/1580 1579/1179/1579
vt 0.367715 0.163686
f 1581/1213/1581 1545/1156/1545 1615/1212/1615
vt 0.336152 0.643394
vt 0.329527 0.644774
f 1546/1214/1546 1616/1215/1616 1582/1181/1582
vt 0.330760 0.645683
f 1547/1182/1547 1618/1181/1618 1619/1216/1619
vt 0.274049 0.744414
vt 0.269765 0.748415
vt 0.269805 0.748753
f 1585/1217/1585 1623/1218/1623 1550/1219/1550
vt 0.299916 0.707178
f 1626/1220/1626 1591/1159/1591 1590/1187/1590
f 1626/1220/1626 1555/1161/1555 1591/1159/1591
vt 0.284776 0.740938
f 1595/1189/1595 1594/1162/1594 1628/1221/1628
vt 0.293400 0.731363
f 1630/1190/1630 1557/1191/1557 1629/1222/1629
vt 0.298242 0.720487
f 1558/1165/1558 1630/1190/1630 1631/1223/1631
vt 0.301666 0.713230
f 1633/1193/1633 1597/1166/1597 1632/1224/1632
vt 0.305182 0.703908
f 1634/1225/1634 1530/1192/1530 1598/1193/1598
f 1594/1162/1594 1635/1195/1635 1628/1221/1628
f 1608/1196/1608 1628/1221/1628 1635/1195/1635
vt 0.268752 0.757357
f 1636/1198/1636 1637/1226/1637 1601/1171/1601
vt 0.274478 0.754646
f 1571/1201/1571 1638/1227/1638 1604/1202/1604
vt 0.273908 0.751111
f 1639/1204/1639 1640/1203/1640 1641/1228/1641
f 1638/1227/1638 1640/1203/1640 1604/1202/1604
vt 0.276014 0.749350
vt 0.280134 0.745397
f 1573/1176/1573 1607/1229/1607 1642/1230/1642
f 1608/1196/1608 1574/1176/1574 1643/1230/1643
vt 0.266756 0.752057
f 1551/1158/1551 1622/1231/1622 1575/1177/1575
vt 0.267226 0.751972
f 1644/1232/1644 1610/1205/1610 1609/1177/1609
f 1645/1205/1645 1637/1226/1637 1636/1198/1636
vt 0.362719 0.147864
f 1647/1208/1647 1648/1207/1648 1649/1233/1649
f 1578/1154/1578 1647/1208/1647 1612/1210/1612
vt 0.368198 0.162530
f 1613/1211/1613 1650/1234/1650 1614/1212/1614
vt 0.326236 0.642115
f 1618/1181/1618 1616/1215/1616 1652/1235/1652
vt 0.279022 0.740174
f 1585/1217/1585 1584/1185/1584 1657/1236/1657
vt 0.270102 0.748329
f 1658/1217/1658 1659/1237/1659 1623/1218/1623
vt 0.303173 0.702885
f 1626/1220/1626 1590/1187/1590 1663/1238/1663
vt 0.297446 0.709518
f 1627/1239/1627 1593/1161/1593 1664/1220/1664
vt 0.287998 0.734424
f 1667/1221/1667 1668/1240/1668 1595/1189/1595
vt 0.303484 0.708592
f 1670/1225/1670 1633/1193/1633 1669/1241/1669
f 1628/1221/1628 1608/1196/1608 1643/1230/1643
vt 0.274474 0.752838
f 1571/1201/1571 1672/1242/1672 1673/1227/1673
f 1638/1227/1638 1641/1228/1641 1640/1203/1640
vt 0.275595 0.747249
f 1674/1243/1674 1639/1204/1639 1641/1228/1641
vt 0.278658 0.743137
f 1606/1204/1606 1675/1244/1675 1607/1229/1607
f 1644/1232/1644 1609/1177/1609 1622/1231/1622
vt 0.267221 0.751490
f 1676/1232/1676 1677/1245/1677 1645/1205/1645
vt 0.357224 0.148136
f 1649/1233/1649 1648/1207/1648 1678/1246/1678
f 1612/1210/1612 1647/1208/1647 1649/1233/1649
vt 0.362843 0.148990
vt 0.357328 0.148128
f 1646/1247/1646 1679/1248/1679 1611/1207/1611
vt 0.364102 0.162583
f 1650/1234/1650 1680/1249/1680 1614/1212/1614
vt 0.363891 0.163721
f 1651/1250/1651 1615/1212/1615 1681/1249/1681
vt 0.334737 0.668521
vt 0.334268 0.669500
vt 0.334769 0.663859
f 1653/1251/1653 1548/1252/1548 1654/1253/1654
vt 0.333238 0.672840
vt 0.333344 0.673947
f 1686/1254/1686 1620/1255/1620 1653/1251/1653
vt 0.302933 0.702895
vt 0.307487 0.698967
vt 0.307218 0.698612
f 1625/1256/1625 1583/1257/1583 1688/1258/1688
vt 0.279049 0.740153
f 1691/1236/1691 1692/1259/1692 1658/1217/1658
vt 0.274244 0.744361
f 1693/1260/1693 1659/1237/1659 1658/1217/1658
vt 0.284101 0.735812
f 1657/1236/1657 1589/1184/1589 1661/1261/1661
vt 0.288615 0.731360
f 1661/1261/1661 1586/1183/1586 1662/1262/1662
vt 0.292198 0.727135
vt 0.291891 0.726852
f 1662/1262/1662 1624/1263/1624 1694/1264/1694
f 1695/1258/1695 1663/1238/1663 1625/1256/1625
vt 0.299703 0.706103
f 1696/1265/1696 1664/1220/1664 1663/1238/1663
vt 0.308252 0.700621
vt 0.307966 0.699289
f 1671/1266/1671 1634/1225/1634 1701/1267/1701
vt 0.283314 0.739040
f 1642/1230/1642 1697/1268/1697 1667/1221/1667
vt 0.273589 0.749338
f 1673/1227/1673 1702/1269/1702 1703/1228/1703
vt 0.275542 0.746810
f 1703/1228/1703 1704/1270/1704 1705/1243/1705
vt 0.278840 0.743082
f 1706/1271/1706 1639/1204/1639 1674/1243/1674
f 1706/1271/1706 1707/1244/1707 1639/1204/1639
f 1659/1237/1659 1644/1232/1644 1622/1231/1622
f 1648/1207/1648 1709/1248/1709 1678/1246/1678
vt 0.364505 0.162550
f 1650/1234/1650 1711/1272/1711 1680/1249/1680
vt 0.332320 0.648987
vt 0.331274 0.649785
vt 0.331610 0.644836
f 1684/1273/1684 1617/1274/1617 1683/1275/1683
vt 0.335282 0.663986
f 1713/1276/1713 1714/1251/1714 1654/1253/1654
vt 0.333752 0.672885
f 1714/1251/1714 1715/1277/1715 1716/1254/1716
vt 0.329997 0.677103
f 1687/1278/1687 1620/1255/1620 1686/1254/1686
vt 0.316714 0.689950
f 1583/1257/1583 1689/1279/1689 1688/1258/1688
vt 0.317004 0.690291
vt 0.321343 0.685638
f 1656/1280/1656 1690/1281/1690 1689/1279/1689
vt 0.325855 0.681644
vt 0.325777 0.681355
f 1690/1281/1690 1621/1282/1621 1718/1283/1718
vt 0.283913 0.735793
f 1719/1284/1719 1692/1259/1692 1691/1236/1691
f 1692/1259/1692 1693/1260/1693 1658/1217/1658
vt 0.274043 0.743914
f 1720/1237/1720 1721/1260/1721 1722/1285/1722
f 1724/1261/1724 1719/1284/1719 1691/1236/1691
vt 0.288230 0.731341
f 1725/1262/1725 1726/1286/1726 1724/1261/1724
f 1694/1264/1694 1726/1286/1726 1725/1262/1725
vt 0.295391 0.724805
vt 0.297960 0.720203
f 1699/1287/1699 1698/1288/1698 1631/1223/1631
vt 0.305719 0.703952
f 1734/1267/1734 1670/1225/1670 1700/1289/1700
f 1704/1270/1704 1736/1271/1736 1705/1243/1705
vt 0.283076 0.738741
f 1737/1290/1737 1707/1244/1707 1706/1271/1706
vt 0.269979 0.747859
f 1720/1237/1720 1708/1291/1708 1676/1232/1676
vt 0.351976 0.148397
f 1709/1248/1709 1739/1292/1739 1678/1246/1678
vt 0.357497 0.149247
vt 0.352149 0.148393
f 1710/1293/1710 1740/1294/1740 1679/1248/1679
vt 0.361787 0.162506
f 1711/1272/1711 1741/1295/1741 1680/1249/1680
vt 0.361489 0.163637
f 1681/1249/1681 1742/1295/1742 1655/1296/1655
f 1718/1283/1718 1621/1282/1621 1687/1278/1687
vt 0.324217 0.643296
vt 0.319857 0.642310
vt 0.322495 0.640411
f 1682/1297/1682 1743/1298/1743 1712/1299/1712
vt 0.327532 0.641216
vt 0.328535 0.640344
f 1683/1275/1683 1685/1300/1685 1744/1301/1744
vt 0.332057 0.644779
f 1684/1273/1684 1745/1275/1745 1746/1302/1746
vt 0.335267 0.668601
f 1747/1303/1747 1715/1277/1715 1714/1251/1714
f 1715/1277/1715 1748/1278/1748 1716/1254/1716
vt 0.307249 0.698557
f 1751/1279/1751 1727/1304/1727 1695/1258/1695
vt 0.316698 0.689892
f 1752/1281/1752 1753/1305/1753 1751/1279/1751
vt 0.326111 0.681400
f 1754/1306/1754 1752/1281/1752 1755/1283/1755
vt 0.277993 0.738479
f 1756/1259/1756 1757/1284/1757 1758/1307/1758
f 1721/1260/1721 1756/1259/1756 1722/1285/1722
vt 0.295375 0.713506
vt 0.293485 0.722367
vt 0.294035 0.722341
f 1729/1308/1729 1723/1309/1723 1660/1310/1660
vt 0.291395 0.726856
f 1723/1309/1723 1759/1311/1759 1694/1264/1694
f 1726/1286/1726 1719/1284/1719 1724/1261/1724
f 1694/1264/1694 1759/1311/1759 1726/1286/1726
vt 0.298577 0.704979
vt 0.296610 0.709215
vt 0.297163 0.709237
f 1730/1312/1730 1728/1313/1728 1666/1314/1666
vt 0.295954 0.713505
f 1728/1313/1728 1729/1308/1729 1665/1315/1665
f 1675/1244/1675 1731/1290/1731 1697/1268/1697
vt 0.287697 0.734139
f 1731/1290/1731 1732/1316/1732 1668/1240/1668
vt 0.294923 0.724797
f 1763/1288/1763 1699/1287/1699 1762/1317/1762
vt 0.302919 0.706493
vt 0.301471 0.711376
f 1764/1318/1764 1733/1319/1733 1698/1288/1698
vt 0.311754 0.696030
vt 0.311316 0.694722
f 1735/1320/1735 1701/1267/1701 1766/1321/1766
vt 0.283006 0.738678
f 1706/1271/1706 1767/1322/1767 1737/1290/1737
f 1709/1248/1709 1771/1294/1771 1739/1292/1739
vt 0.362244 0.162487
f 1711/1272/1711 1772/1323/1772 1741/1295/1741
vt 0.330450 0.677151
f 1773/1324/1773 1755/1283/1755 1748/1278/1748
vt 0.318842 0.645946
f 1770/1325/1770 1774/1299/1774 1743/1298/1743
f 1745/1275/1745 1744/1301/1744 1746/1302/1746
vt 0.325347 0.638228
f 1712/1299/1712 1809/1326/1809 1744/1301/1744
vt 0.333691 0.671964
f 1775/1327/1775 1776/1277/1776 1747/1303/1747
f 1715/1277/1715 1773/1324/1773 1748/1278/1748
vt 0.321489 0.685634
f 1778/1328/1778 1753/1305/1753 1752/1281/1752
f 1773/1324/1773 1754/1306/1754 1755/1283/1755
f 1754/1306/1754 1778/1328/1778 1752/1281/1752
vt 0.294244 0.717530
f 1780/1309/1780 1781/1308/1781 1782/1329/1782
vt 0.293132 0.721994
f 1783/1311/1783 1780/1309/1780 1784/1330/1784
vt 0.282880 0.734170
f 1757/1284/1757 1785/1286/1785 1779/1331/1779
vt 0.291039 0.726471
f 1785/1286/1785 1783/1311/1783 1786/1332/1786
vt 0.296302 0.708838
f 1788/1333/1788 1789/1313/1789 1790/1312/1790
f 1781/1308/1781 1789/1313/1789 1788/1333/1788
vt 0.301824 0.700730
vt 0.301577 0.700744
f 1760/1334/1760 1791/1335/1791 1730/1312/1730
f 1732/1316/1732 1737/1290/1737 1767/1322/1767
vt 0.287457 0.734106
f 1732/1316/1732 1767/1322/1767 1761/1336/1761
vt 0.299145 0.715622
f 1764/1318/1764 1763/1288/1763 1792/1337/1792
vt 0.308458 0.699361
f 1766/1321/1766 1734/1267/1734 1765/1338/1765
vt 0.281757 0.737100
f 1736/1271/1736 1796/1339/1796 1797/1322/1797
vt 0.346920 0.148646
f 1771/1294/1771 1803/1340/1803 1739/1292/1739
vt 0.360434 0.162370
f 1772/1323/1772 1804/1341/1804 1741/1295/1741
vt 0.360053 0.163492
f 1742/1295/1742 1805/1341/1805 1749/1342/1749
vt 0.324639 0.641937
vt 0.325432 0.638411
f 1806/1343/1806 1808/1344/1808 1774/1299/1774
vt 0.330105 0.676190
f 1812/1345/1812 1813/1324/1813 1776/1277/1776
vt 0.358632 0.162076
vt 0.357226 0.161933
vt 0.356863 0.163058
f 1814/1346/1814 1777/1347/1777 1717/1348/1717
vt 0.355178 0.161783
vt 0.354853 0.162908
f 1777/1347/1777 1815/1349/1815 1750/1350/1750
vt 0.315760 0.688838
f 1753/1305/1753 1817/1328/1817 1818/1351/1818
vt 0.325578 0.680421
f 1819/1352/1819 1820/1306/1820 1813/1324/1813
vt 0.320729 0.684618
f 1817/1328/1817 1820/1306/1820 1821/1353/1821
vt 0.305440 0.696490
f 1823/1354/1823 1791/1335/1791 1760/1334/1760
vt 0.297773 0.703540
f 1822/1355/1822 1790/1312/1790 1824/1335/1824
vt 0.287066 0.733712
f 1797/1322/1797 1825/1356/1825 1761/1336/1761
vt 0.311684 0.694800
f 1828/1357/1828 1766/1321/1766 1765/1338/1765
vt 0.329072 0.658494
vt 0.327178 0.653372
vt 0.328976 0.658759
f 1834/1358/1834 1799/1359/1799 1769/1360/1769
vt 0.347384 0.149774
vt 0.342250 0.148882
f 1738/1361/1738 1802/1362/1802 1740/1294/1740
f 1771/1294/1771 1835/1362/1835 1803/1340/1803
f 1772/1323/1772 1836/1346/1836 1804/1341/1804
f 1749/1342/1749 1805/1341/1805 1814/1346/1814
vt 0.324276 0.641677
f 1838/1363/1838 1839/1344/1839 1840/1343/1840
vt 0.325240 0.638075
f 1838/1363/1838 1841/1364/1841 1839/1344/1839
vt 0.359122 0.162083
f 1836/1346/1836 1846/1365/1846 1847/1347/1847
f 1846/1365/1846 1836/1346/1836 1772/1323/1772
vt 0.357701 0.161931
f 1847/1347/1847 1848/1366/1848 1849/1349/1849
f 1848/1366/1848 1847/1347/1847 1846/1365/1846
vt 0.300587 0.699371
f 1824/1335/1824 1851/1354/1851 1852/1367/1852
vt 0.311385 0.693776
f 1855/1357/1855 1765/1338/1765 1827/1368/1827
vt 0.315378 0.690251
f 1766/1321/1766 1828/1357/1828 1829/1369/1829
vt 0.316006 0.691568
vt 0.315280 0.690228
vt 0.319614 0.685862
f 1794/1370/1794 1795/1371/1795 1856/1372/1856
f 1795/1371/1795 1829/1369/1829 1857/1372/1857
vt 0.330839 0.668360
vt 0.330406 0.663503
vt 0.330338 0.663787
f 1832/1373/1832 1833/1374/1833 1768/1375/1768
f 1833/1374/1833 1834/1358/1834 1769/1360/1769
vt 0.325455 0.647923
vt 0.325328 0.648187
f 1799/1359/1799 1859/1376/1859 1800/1377/1800
vt 0.326721 0.653290
f 1860/1358/1860 1861/1378/1861 1862/1359/1862
f 1859/1376/1859 1806/1343/1806 1800/1377/1800
vt 0.337757 0.150224
vt 0.323297 0.149854
f 1801/1379/1801 1863/1380/1863 1802/1362/1802
vt 0.337187 0.149120
f 1803/1340/1803 1835/1362/1835 1864/1381/1864
vt 0.329768 0.639422
vt 0.326555 0.637435
f 1807/1382/1807 1809/1326/1809 1865/1383/1865
vt 0.325025 0.647791
f 1868/1384/1868 1838/1363/1838 1840/1343/1840
f 1869/1383/1869 1870/1364/1870 1871/1363/1871
vt 0.324723 0.679386
vt 0.329318 0.675171
f 1875/1385/1875 1812/1345/1812 1844/1386/1844
vt 0.333123 0.670987
f 1844/1386/1844 1775/1327/1775 1845/1387/1845
vt 0.335716 0.667780
vt 0.335639 0.666866
f 1845/1387/1845 1811/1388/1811 1874/1389/1874
vt 0.355618 0.161776
f 1848/1366/1848 1876/1390/1876 1849/1349/1849
vt 0.352338 0.161610
vt 0.352020 0.162728
f 1815/1349/1815 1877/1391/1877 1816/1392/1816
vt 0.306380 0.697466
vt 0.314843 0.687836
f 1787/1393/1787 1818/1351/1818 1878/1394/1878
vt 0.315065 0.688075
f 1818/1351/1818 1821/1353/1821 1879/1395/1879
vt 0.309994 0.692194
vt 0.305478 0.696431
f 1882/1396/1882 1823/1354/1823 1850/1397/1850
vt 0.305022 0.701872
vt 0.302357 0.706460
vt 0.304487 0.701825
f 1793/1398/1793 1826/1399/1826 1883/1400/1883
vt 0.310714 0.692678
vt 0.314153 0.688077
f 1827/1368/1827 1854/1401/1854 1885/1402/1885
vt 0.314818 0.689174
f 1855/1357/1855 1886/1403/1886 1887/1369/1887
vt 0.319434 0.685828
f 1857/1372/1857 1829/1369/1829 1888/1404/1888
vt 0.324079 0.681683
vt 0.325115 0.683063
f 1856/1372/1856 1858/1405/1858 1798/1406/1798
vt 0.327832 0.677477
vt 0.328627 0.678806
f 1858/1405/1858 1890/1407/1890 1831/1408/1831
vt 0.330034 0.673027
vt 0.330197 0.674253
f 1889/1409/1889 1832/1373/1832 1830/1410/1830
vt 0.330323 0.668246
f 1891/1373/1891 1892/1411/1892 1893/1374/1893
vt 0.329905 0.663400
f 1893/1374/1893 1894/1412/1894 1860/1358/1860
f 1861/1378/1861 1895/1376/1895 1862/1359/1862
vt 0.328602 0.658414
f 1896/1413/1896 1861/1378/1861 1860/1358/1860
f 1868/1384/1868 1840/1343/1840 1895/1376/1895
f 1835/1362/1835 1897/1380/1897 1864/1381/1864
vt 0.334280 0.647510
vt 0.332899 0.644019
vt 0.333276 0.643297
f 1867/1414/1867 1837/1415/1837 1866/1416/1866
vt 0.330628 0.638885
f 1866/1416/1866 1807/1382/1807 1898/1417/1898
vt 0.325408 0.640965
f 1899/1384/1899 1900/1418/1900 1871/1363/1871
vt 0.336228 0.663265
vt 0.336662 0.662405
f 1874/1389/1874 1842/1419/1842 1872/1420/1872
vt 0.335929 0.657454
vt 0.335988 0.657200
f 1872/1420/1872 1810/1421/1810 1901/1422/1901
vt 0.334799 0.651989
vt 0.334730 0.652236
f 1873/1423/1873 1843/1424/1843 1867/1414/1867
f 1901/1422/1901 1810/1421/1810 1873/1423/1873
vt 0.328887 0.675104
f 1902/1386/1902 1903/1425/1903 1904/1385/1904
vt 0.332624 0.670921
f 1905/1387/1905 1906/1426/1906 1902/1386/1902
vt 0.335117 0.666762
f 1907/1389/1907 1908/1427/1908 1905/1387/1905
vt 0.319835 0.683599
f 1880/1428/1880 1819/1352/1819 1875/1385/1875
f 1876/1390/1876 1909/1391/1909 1849/1349/1849
vt 0.304297 0.695180
f 1851/1354/1851 1912/1396/1912 1881/1429/1881
vt 0.302051 0.706089
f 1913/1400/1913 1826/1399/1826 1884/1430/1884
vt 0.307645 0.697272
vt 0.307152 0.697199
f 1853/1431/1853 1883/1400/1883 1914/1432/1914
vt 0.310341 0.692604
f 1915/1402/1915 1854/1401/1854 1916/1433/1916
vt 0.318639 0.684702
f 1887/1369/1887 1917/1434/1917 1918/1404/1918
f 1919/1405/1919 1857/1372/1857 1888/1404/1888
vt 0.323741 0.681645
f 1890/1407/1890 1919/1405/1919 1920/1435/1920
vt 0.329547 0.672949
f 1889/1409/1889 1921/1436/1921 1891/1373/1891
f 1921/1436/1921 1892/1411/1892 1891/1373/1891
f 1892/1411/1892 1894/1412/1894 1893/1374/1893
f 1861/1378/1861 1868/1384/1868 1895/1376/1895
vt 0.328653 0.658186
f 1922/1437/1922 1923/1378/1923 1896/1413/1896
vt 0.323046 0.149889
f 1864/1381/1864 1897/1380/1897 1925/1438/1925
vt 0.327944 0.637020
f 1898/1417/1898 1865/1383/1865 1926/1439/1926
vt 0.332792 0.643321
f 1927/1414/1927 1928/1416/1928 1929/1440/1929
vt 0.330334 0.638988
f 1928/1416/1928 1930/1417/1930 1931/1441/1931
f 1933/1439/1933 1869/1383/1869 1900/1418/1900
f 1934/1420/1934 1908/1427/1908 1907/1389/1907
vt 0.335510 0.657030
f 1934/1420/1934 1935/1422/1935 1936/1442/1936
vt 0.334339 0.651840
f 1937/1443/1937 1938/1423/1938 1927/1414/1927
f 1935/1422/1935 1938/1423/1938 1937/1443/1937
f 1906/1426/1906 1903/1425/1903 1902/1386/1902
vt 0.324413 0.679323
f 1903/1425/1903 1939/1444/1939 1904/1385/1904
f 1908/1427/1908 1906/1426/1906 1905/1387/1905
vt 0.319711 0.683589
f 1904/1385/1904 1940/1445/1940 1880/1428/1880
vt 0.352720 0.161617
f 1876/1390/1876 1941/1446/1941 1909/1391/1909
vt 0.348336 0.162530
vt 0.348636 0.161418
f 1910/1447/1910 1877/1391/1877 1942/1448/1942
f 1879/1395/1879 1880/1428/1880 1878/1394/1878
vt 0.306835 0.696830
f 1913/1400/1913 1944/1449/1944 1945/1432/1945
f 1854/1401/1854 1914/1432/1914 1916/1433/1916
vt 0.314042 0.688061
f 1946/1450/1946 1915/1402/1915 1916/1433/1916
vt 0.318019 0.683613
f 1886/1403/1886 1885/1402/1885 1947/1451/1947
f 1919/1405/1919 1888/1404/1888 1920/1435/1920
vt 0.327409 0.677440
f 1890/1407/1890 1920/1435/1920 1949/1452/1949
vt 0.330675 0.667315
f 1950/1436/1950 1951/1453/1951 1952/1411/1952
vt 0.329928 0.663158
f 1952/1411/1952 1953/1454/1953 1894/1412/1894
vt 0.325860 0.646983
f 1923/1378/1923 1932/1455/1932 1899/1384/1899
vt 0.313180 0.150550
f 1897/1380/1897 1954/1456/1954 1925/1438/1925
vt 0.318776 0.151240
vt 0.313369 0.150499
f 1924/1457/1924 1955/1458/1955 1863/1380/1863
f 1928/1416/1928 1931/1441/1931 1929/1440/1929
vt 0.333780 0.647438
f 1927/1414/1927 1929/1440/1929 1961/1459/1961
vt 0.327935 0.637069
f 1930/1417/1930 1960/1460/1960 1931/1441/1931
vt 0.336150 0.662255
f 1908/1427/1908 1934/1420/1934 1963/1461/1963
f 1935/1422/1935 1937/1443/1937 1936/1442/1936
f 1934/1420/1934 1936/1442/1936 1963/1461/1963
f 1937/1443/1937 1927/1414/1927 1961/1459/1961
vt 0.328018 0.673880
f 1964/1462/1964 1965/1425/1965 1966/1426/1966
vt 0.323444 0.678067
f 1967/1444/1967 1965/1425/1965 1968/1463/1968
f 1904/1385/1904 1939/1444/1939 1940/1445/1940
vt 0.332013 0.669758
f 1969/1464/1969 1966/1426/1966 1970/1427/1970
f 1941/1446/1941 1971/1448/1971 1909/1391/1909
vt 0.314874 0.687885
f 1878/1394/1878 1972/1465/1972 1882/1396/1882
vt 0.308827 0.690924
f 1912/1396/1912 1973/1465/1973 1943/1466/1943
f 1945/1432/1945 1944/1449/1944 1974/1433/1974
vt 0.313211 0.686700
f 1974/1433/1974 1975/1467/1975 1946/1450/1946
vt 0.318182 0.683656
f 1976/1468/1976 1977/1451/1977 1915/1402/1915
vt 0.322367 0.679427
f 1917/1434/1917 1947/1451/1947 1978/1469/1978
vt 0.322890 0.680514
f 1918/1404/1918 1948/1470/1948 1979/1435/1979
f 1890/1407/1890 1949/1452/1949 1921/1436/1921
vt 0.326745 0.676346
f 1979/1435/1979 1980/1471/1980 1981/1452/1981
f 1897/1380/1897 1985/1458/1985 1954/1456/1954
vt 0.326942 0.640513
vt 0.327918 0.637169
f 1962/1472/1962 1989/1473/1989 1933/1439/1933
vt 0.333178 0.642516
f 1990/1474/1990 1991/1440/1991 1992/1441/1992
vt 0.334325 0.646565
f 1993/1475/1993 1994/1459/1994 1991/1440/1991
vt 0.331122 0.638294
f 1992/1441/1992 1995/1473/1995 1996/1476/1996
vt 0.327112 0.646301
f 1932/1455/1932 1997/1477/1997 1962/1472/1962
vt 0.335061 0.665690
f 1998/1478/1998 1970/1427/1970 1999/1461/1999
vt 0.336326 0.656088
f 2000/1479/2000 2001/1442/2001 2002/1443/2002
vt 0.336664 0.661269
f 2003/1480/2003 1999/1461/1999 2001/1442/2001
vt 0.335171 0.650926
f 2004/1481/2004 2002/1443/2002 1994/1459/1994
vt 0.318659 0.682331
f 2006/1445/2006 1967/1444/1967 2005/1482/2005
f 1940/1445/1940 1972/1465/1972 1878/1394/1878
vt 0.348939 0.161437
f 1941/1446/1941 2007/1483/2007 1971/1448/1971
vt 0.343773 0.162326
vt 0.343999 0.161210
f 1911/1484/1911 1942/1448/1942 2008/1485/2008
f 2010/1469/2010 1977/1451/1977 1976/1468/1976
vt 0.326495 0.675297
f 1978/1469/1978 2011/1486/2011 1948/1470/1948
vt 0.329382 0.671933
f 1981/1452/1981 1982/1487/1982 1950/1436/1950
vt 0.331592 0.661774
vt 0.330425 0.656838
f 2012/1488/2012 1983/1489/1983 1953/1454/1953
vt 0.302591 0.151322
f 1985/1458/1985 2015/1490/2015 1954/1456/1954
vt 0.313695 0.151574
vt 0.308103 0.150880
f 1984/1491/1984 2016/1492/2016 1955/1458/1955
vt 0.327052 0.640593
f 2023/1493/2023 2024/1473/2024 2025/1472/2025
vt 0.329852 0.636276
f 1996/1476/1996 1995/1473/1995 2071/1494/2071
vt 0.327515 0.646423
f 1997/1477/1997 2026/1495/2026 2025/1472/2025
vt 0.313756 0.686631
f 1973/1465/1973 2006/1445/2006 2009/1496/2009
f 2007/1483/2007 2027/1485/2027 1971/1448/1971
vt 0.322686 0.679478
f 2029/1497/2029 2010/1469/2010 1976/1468/1976
f 2030/1486/2030 2010/1469/2010 2029/1497/2029
vt 0.331542 0.666503
f 2013/1498/2013 2012/1488/2012 1951/1453/1951
vt 0.329699 0.671000
f 2032/1499/2032 2013/1498/2013 1982/1487/1982
vt 0.332093 0.661884
f 2033/1500/2033 1983/1489/1983 2034/1488/2034
vt 0.330898 0.656924
f 2035/1501/2035 1983/1489/1983 2033/1500/2033
f 1985/1458/1985 2037/1492/2037 2015/1490/2015
vt 0.328081 0.161350
vt 0.333417 0.160627
vt 0.328057 0.160245
f 1986/1502/1986 2022/1503/2022 2017/1504/2017
vt 0.323002 0.160940
vt 0.322936 0.159831
f 1956/1505/1956 2017/1504/2017 2018/1506/2018
vt 0.318071 0.160497
vt 0.317979 0.159382
f 1987/1507/1987 2018/1506/2018 2019/1508/2019
vt 0.308326 0.159510
vt 0.303164 0.157914
f 1957/1509/1957 2019/1508/2019 2020/1510/2020
vt 0.303265 0.159023
vt 0.297942 0.157491
f 1958/1511/1958 2020/1510/2020 2038/1512/2038
vt 0.338671 0.162075
vt 0.338801 0.160957
f 1988/1513/1988 2008/1485/2008 2021/1514/2021
vt 0.333372 0.161739
f 1959/1515/1959 2021/1514/2021 2022/1503/2022
vt 0.329201 0.636542
f 2039/1516/2039 2024/1473/2024 2023/1493/2023
vt 0.329084 0.651819
f 2041/1517/2041 2026/1495/2026 1997/1477/1997
vt 0.344209 0.161220
f 2007/1483/2007 2042/1518/2042 2027/1485/2027
vt 0.321978 0.678142
f 1976/1468/1976 2028/1519/2028 2043/1497/2043
vt 0.326903 0.675348
f 2044/1520/2044 2030/1486/2030 2029/1497/2029
f 2011/1486/2011 2032/1499/2032 1980/1471/1980
vt 0.332057 0.666630
f 2048/1521/2048 2034/1488/2034 2049/1498/2049
f 2050/1499/2050 2048/1521/2048 2049/1498/2049
f 2048/1521/2048 2033/1500/2033 2034/1488/2034
vt 0.331348 0.656722
f 2051/1500/2051 2052/1522/2052 2053/1501/2053
vt 0.328621 0.651722
f 2035/1501/2035 2041/1517/2041 2014/1523/2014
vt 0.302666 0.151279
f 2037/1492/2037 2054/1524/2054 2015/1490/2015
vt 0.308407 0.151947
f 2036/1525/2036 2055/1524/2055 2016/1492/2016
vt 0.333420 0.160640
f 2056/1503/2056 2057/1526/2057 2058/1504/2058
vt 0.327964 0.160271
f 2058/1504/2058 2059/1527/2059 2060/1506/2060
vt 0.322767 0.159849
f 2060/1506/2060 2061/1528/2061 2062/1508/2062
f 2061/1528/2061 2060/1506/2060 2059/1527/2059
vt 0.307984 0.158411
f 2062/1508/2062 2063/1529/2063 2064/1510/2064
vt 0.297785 0.157502
f 2064/1510/2064 2065/1530/2065 2066/1512/2066
f 2042/1518/2042 2068/1514/2068 2027/1485/2027
vt 0.338910 0.160957
f 2069/1531/2069 2056/1503/2056 2068/1514/2068
vt 0.328877 0.645630
f 2072/1517/2072 2073/1532/2073 2026/1495/2026
vt 0.326525 0.674062
f 2043/1497/2043 2074/1533/2074 2075/1520/2075
f 2050/1499/2050 2030/1486/2030 2044/1520/2044
vt 0.333366 0.660961
f 2048/1521/2048 2080/1534/2080 2051/1500/2051
f 2053/1501/2053 2052/1522/2052 2072/1517/2072
vt 0.297139 0.151750
f 2054/1524/2054 2081/1535/2081 2015/1490/2015
f 2069/1531/2069 2057/1526/2057 2056/1503/2056
f 2057/1526/2057 2059/1527/2059 2058/1504/2058
f 2061/1528/2061 2063/1529/2063 2062/1508/2062
f 2063/1529/2063 2065/1530/2065 2064/1510/2064
vt 0.292517 0.157174
f 2066/1512/2066 2065/1530/2065 2082/1536/2082
vt 0.292346 0.158287
f 2067/1537/2067 2038/1512/2038 2083/1536/2083
f 2042/1518/2042 2069/1531/2069 2068/1514/2068
vt 0.331464 0.635820
vt 0.328460 0.639905
f 2085/1538/2085 2039/1516/2039 2070/1539/2070
vt 0.333057 0.637466
vt 0.335659 0.635096
f 2040/1540/2040 2071/1494/2071 2087/1541/2087
vt 0.330177 0.671091
f 2044/1520/2044 2079/1542/2079 2050/1499/2050
vt 0.281074 0.154458
vt 0.281077 0.153363
vt 0.286187 0.152782
f 2045/1543/2045 2090/1544/2090 2076/1545/2076
vt 0.291705 0.153312
vt 0.291591 0.152228
f 2046/1546/2046 2076/1545/2076 2077/1547/2077
vt 0.297326 0.152810
vt 0.297136 0.151721
f 2031/1548/2031 2077/1547/2077 2078/1549/2078
vt 0.302922 0.152357
f 2047/1550/2047 2078/1549/2078 2055/1524/2055
vt 0.291682 0.152260
f 2081/1535/2081 2091/1549/2091 2092/1551/2092
f 2091/1549/2091 2081/1535/2081 2054/1524/2054
vt 0.292417 0.157147
f 2065/1530/2065 2093/1552/2093 2082/1536/2082
vt 0.330709 0.639050
f 2095/1541/2095 2085/1538/2085 2094/1553/2094
vt 0.330496 0.669951
f 2075/1520/2075 2088/1554/2088 2079/1542/2079
vt 0.276696 0.153943
f 2045/1543/2045 2097/1555/2097 2090/1544/2090
vt 0.281350 0.153374
f 2098/1545/2098 2099/1544/2099 2100/1556/2100
vt 0.286370 0.152815
f 2101/1547/2101 2098/1545/2098 2102/1557/2102
f 2091/1549/2091 2101/1547/2101 2092/1551/2092
vt 0.286941 0.156891
f 2082/1536/2082 2093/1552/2093 2103/1558/2103
vt 0.286628 0.158015
f 2084/1559/2084 2083/1536/2083 2104/1558/2104
vt 0.336992 0.636500
vt 0.339652 0.633635
f 2086/1560/2086 2087/1541/2087 2106/1561/2106
vt 0.273479 0.154491
vt 0.276631 0.155054
f 2108/1562/2108 2097/1555/2097 2089/1563/2089
vt 0.277052 0.153932
f 2099/1544/2099 2109/1555/2109 2110/1564/2110
f 2100/1556/2100 2099/1544/2099 2110/1564/2110
f 2102/1557/2102 2098/1545/2098 2100/1556/2100
f 2092/1551/2092 2101/1547/2101 2102/1557/2102
vt 0.286928 0.156820
f 2093/1552/2093 2111/1565/2111 2103/1558/2103
vt 0.334864 0.638035
f 2112/1561/2112 2095/1541/2095 2107/1566/2107
vt 0.271397 0.155026
vt 0.273299 0.155604
f 2113/1567/2113 2108/1562/2108 2096/1568/2096
vt 0.273905 0.154483
f 2109/1555/2109 2114/1562/2114 2115/1569/2115
f 2110/1564/2110 2109/1555/2109 2115/1569/2115
vt 0.281267 0.156567
f 2103/1558/2103 2111/1565/2111 2116/1570/2116
vt 0.281020 0.157710
f 2105/1571/2105 2104/1558/2104 2117/1570/2117
vt 0.271869 0.155014
vt 0.270906 0.155514
f 2121/1572/2121 2122/1567/2122 2123/1573/2123
f 2122/1567/2122 2121/1572/2121 2114/1562/2114
f 2115/1569/2115 2114/1562/2114 2121/1572/2121
vt 0.281386 0.156473
f 2111/1565/2111 2124/1574/2124 2116/1570/2116
vt 0.338931 0.636308
vt 0.341310 0.630703
f 2118/1575/2118 2126/1576/2126 2112/1561/2112
vt 0.342200 0.631670
f 2119/1577/2119 2106/1561/2106 2127/1576/2127
vt 0.270421 0.155566
vt 0.270281 0.156700
f 2128/1578/2128 2113/1567/2113 2120/1579/2120
f 2122/1567/2122 2129/1578/2129 2123/1573/2123
vt 0.276281 0.156295
f 2124/1574/2124 2130/1580/2130 2116/1570/2116
vt 0.276177 0.157455
f 2125/1581/2125 2117/1570/2117 2131/1580/2131
vt 0.270797 0.155987
f 2135/1582/2135 2128/1578/2128 2120/1579/2120
vt 0.271253 0.155892
f 2136/1583/2136 2123/1573/2123 2129/1578/2129
vt 0.276542 0.156190
f 2124/1574/2124 2137/1584/2137 2130/1580/2130
vt 0.341715 0.623108
vt 0.342241 0.627812
f 2138/1585/2138 2133/1586/2133 2127/1576/2127
f 2136/1583/2136 2129/1578/2129 2139/1582/2139
vt 0.272770 0.156166
f 2137/1584/2137 2140/1587/2140 2130/1580/2130
vt 0.272754 0.157330
f 2132/1588/2132 2131/1580/2131 2141/1587/2141
vt 0.341478 0.629639
f 2144/1585/2144 2126/1576/2126 2142/1589/2142
vt 0.341395 0.619190
f 2143/1590/2143 2133/1586/2133 2138/1585/2138
vt 0.270779 0.157142
f 2141/1587/2141 2135/1582/2135 2134/1591/2134
vt 0.273148 0.156057
f 2145/1592/2145 2136/1583/2136 2139/1582/2139
f 2137/1584/2137 2145/1592/2145 2140/1587/2140
vt 0.341234 0.625836
f 2147/1590/2147 2144/1585/2144 2146/1593/2146
f 2145/1592/2145 2139/1582/2139 2140/1587/2140
vt 0.340068 0.615826
vt 0.340601 0.615291
f 2148/1594/2148 2143/1590/2143 2150/1595/2150
vt 0.338922 0.618083
f 2149/1596/2149 2151/1595/2151 2147/1590/2147
vt 0.338044 0.607494
vt 0.338711 0.611886
f 2156/1597/2156 2152/1598/2152 2150/1595/2150
vt 0.337175 0.614158
f 2157/1597/2157 2151/1595/2151 2153/1599/2153
vt 0.336836 0.607962
vt 0.335990 0.603646
f 2160/1600/2160 2156/1597/2156 2167/1601/2167
vt 0.335275 0.610159
f 2161/1602/2161 2168/1601/2168 2157/1597/2157
vt 0.293510 0.604103
vt 0.287446 0.601927
vt 0.293556 0.602430
f 2154/1603/2154 2165/1604/2165 2164/1605/2164
vt 0.299880 0.604232
vt 0.299844 0.602559
f 2159/1606/2159 2164/1605/2164 2171/1607/2171
vt 0.287335 0.603588
vt 0.281718 0.601242
f 2155/1608/2155 2166/1609/2166 2165/1604/2165
vt 0.281574 0.602883
vt 0.270833 0.600108
f 2158/1610/2158 2170/1611/2170 2166/1609/2166
vt 0.270677 0.601712
vt 0.265406 0.599713
f 2163/1612/2163 2175/1613/2175 2170/1611/2170
vt 0.287685 0.601901
f 2176/1605/2176 2177/1604/2177 2178/1614/2178
vt 0.293690 0.602424
f 2179/1607/2179 2176/1605/2176 2180/1615/2180
vt 0.306103 0.602120
f 2159/1606/2159 2171/1607/2171 2172/1616/2172
vt 0.282018 0.601225
f 2177/1604/2177 2181/1609/2181 2182/1617/2182
vt 0.276548 0.600575
f 2181/1609/2181 2183/1611/2183 2184/1618/2184
vt 0.330526 0.602586
vt 0.332884 0.599918
f 2168/1601/2168 2162/1619/2162 2173/1620/2173
vt 0.265052 0.606092
vt 0.259825 0.599244
f 2169/1621/2169 2187/1622/2187 2175/1613/2175
vt 0.265658 0.599740
f 2183/1611/2183 2188/1613/2188 2189/1623/2189
f 2178/1614/2178 2177/1604/2177 2182/1617/2182
f 2180/1615/2180 2176/1605/2176 2178/1614/2178
vt 0.299840 0.602577
f 2179/1607/2179 2180/1615/2180 2190/1624/2190
f 2191/1616/2191 2179/1607/2179 2190/1624/2190
f 2182/1617/2182 2181/1609/2181 2184/1618/2184
vt 0.271136 0.600127
f 2184/1618/2184 2183/1611/2183 2192/1625/2192
vt 0.311940 0.607798
vt 0.311742 0.601286
f 2185/1626/2185 2172/1616/2172 2193/1627/2193
vt 0.330966 0.600259
f 2186/1628/2186 2167/1601/2167 2173/1620/2173
vt 0.259373 0.605547
vt 0.254072 0.598595
f 2174/1629/2174 2195/1630/2195 2187/1622/2187
vt 0.259990 0.599273
f 2188/1613/2188 2196/1622/2196 2197/1631/2197
f 2189/1623/2189 2188/1613/2188 2197/1631/2197
f 2192/1625/2192 2183/1611/2183 2189/1623/2189
vt 0.305942 0.602140
f 2191/1616/2191 2190/1624/2190 2198/1632/2198
f 2199/1627/2199 2191/1616/2191 2198/1632/2198
vt 0.316169 0.600230
f 2185/1626/2185 2193/1627/2193 2200/1633/2200
vt 0.254119 0.598634
f 2196/1622/2196 2202/1630/2202 2203/1634/2203
f 2197/1631/2197 2196/1622/2196 2203/1634/2203
vt 0.311422 0.601288
f 2199/1627/2199 2198/1632/2198 2204/1635/2204
vt 0.315706 0.600197
f 2205/1633/2205 2199/1627/2199 2206/1636/2206
vt 0.317948 0.598959
vt 0.315567 0.606562
f 2200/1633/2200 2207/1637/2207 2194/1638/2194
vt 0.248129 0.597662
f 2203/1634/2203 2202/1630/2202 2209/1639/2209
f 2206/1636/2206 2199/1627/2199 2204/1635/2204
f 2210/1637/2210 2205/1633/2205 2206/1636/2206
vt 0.247109 0.609734
f 2201/1640/2201 2215/1639/2215 2195/1630/2195
vt 0.248036 0.597733
f 2203/1634/2203 2209/1639/2209 2216/1641/2216
vt 0.317412 0.598907
f 2210/1637/2210 2206/1636/2206 2217/1642/2217
vt 0.242091 0.596556
f 2209/1639/2209 2224/1643/2224 2216/1641/2216
vt 0.315641 0.597482
f 2210/1637/2210 2217/1642/2217 2225/1644/2225
vt 0.312380 0.609702
f 2207/1637/2207 2226/1644/2226 2218/1645/2218
vt 0.293550 0.596828
vt 0.301265 0.592486
vt 0.295777 0.590637
f 2208/1646/2208 2219/1647/2219 2220/1648/2220
vt 0.287996 0.594801
vt 0.290198 0.588697
f 2211/1649/2211 2220/1648/2220 2227/1650/2227
vt 0.304600 0.600474
vt 0.307971 0.594772
f 2212/1651/2212 2237/1652/2237 2219/1647/2219
vt 0.242008 0.602472
vt 0.242323 0.596455
f 2214/1653/2214 2230/1654/2230 2215/1639/2215
f 2209/1639/2209 2231/1654/2231 2224/1643/2224
vt 0.315156 0.597457
f 2217/1642/2217 2232/1655/2232 2225/1644/2225
vt 0.295716 0.590660
f 2233/1647/2233 2234/1656/2234 2235/1648/2235
f 2235/1648/2235 2234/1656/2234 2236/1650/2236
vt 0.284819 0.586689
vt 0.284251 0.588194
f 2227/1650/2227 2228/1657/2228 2213/1658/2213
vt 0.306373 0.594222
vt 0.306082 0.594270
f 2238/1659/2238 2239/1660/2239 2233/1647/2233
vt 0.274132 0.582666
vt 0.278937 0.586140
f 2228/1657/2228 2240/1661/2240 2222/1662/2222
vt 0.232432 0.593321
vt 0.236983 0.594987
vt 0.237114 0.600863
f 2243/1663/2243 2229/1664/2229 2223/1665/2223
f 2214/1653/2214 2229/1664/2229 2230/1654/2230
vt 0.236636 0.595088
f 2231/1654/2231 2244/1666/2244 2224/1643/2224
vt 0.311149 0.595877
f 2225/1644/2225 2232/1655/2232 2245/1667/2245
vt 0.309669 0.602099
f 2221/1668/2221 2226/1644/2226 2237/1652/2237
vt 0.301072 0.592539
f 2233/1647/2233 2246/1669/2246 2234/1656/2234
vt 0.290259 0.588689
f 2234/1656/2234 2247/1670/2247 2236/1650/2236
f 2247/1670/2247 2248/1657/2248 2236/1650/2236
f 2245/1667/2245 2239/1660/2239 2238/1659/2238
f 2239/1660/2239 2246/1669/2246 2233/1647/2233
vt 0.274274 0.582668
f 2248/1657/2248 2249/1671/2249 2250/1661/2250
f 2244/1666/2244 2252/1664/2252 2253/1663/2253
f 2252/1664/2252 2244/1666/2244 2231/1654/2231
vt 0.310769 0.595895
f 2232/1655/2232 2254/1672/2254 2245/1667/2245
f 2247/1670/2247 2249/1671/2249 2248/1657/2248
f 2245/1667/2245 2254/1672/2254 2239/1660/2239
vt 0.268739 0.580631
f 2249/1671/2249 2255/1673/2255 2250/1661/2250
vt 0.231994 0.593417
f 2244/1666/2244 2253/1663/2253 2261/1674/2261
vt 0.266280 0.586367
vt 0.268640 0.580634
f 2251/1675/2251 2240/1661/2240 2262/1676/2262
f 2250/1661/2250 2255/1673/2255 2263/1676/2263
vt 0.243548 0.557901
vt 0.247790 0.555877
vt 0.246689 0.554760
f 2257/1677/2257 2242/1678/2242 2267/1679/2267
vt 0.241239 0.562339
vt 0.240076 0.561216
f 2241/1680/2241 2257/1677/2257 2268/1681/2268
vt 0.236345 0.564706
f 2258/1682/2258 2241/1680/2241 2268/1681/2268
vt 0.228490 0.591629
f 2253/1663/2253 2272/1683/2272 2261/1674/2261
vt 0.230505 0.602657
vt 0.228994 0.591522
f 2260/1684/2260 2273/1685/2273 2243/1663/2243
vt 0.262974 0.578496
f 2255/1673/2255 2274/1686/2274 2263/1676/2263
vt 0.237416 0.572657
vt 0.232566 0.568238
f 2256/1687/2256 2258/1682/2258 2276/1688/2276
vt 0.249434 0.551795
f 2242/1678/2242 2269/1689/2269 2267/1679/2267
vt 0.246960 0.554606
f 2278/1690/2278 2279/1677/2279 2280/1679/2280
vt 0.243732 0.557786
f 2281/1691/2281 2282/1681/2282 2279/1677/2279
vt 0.236311 0.564686
f 2282/1681/2282 2283/1692/2283 2284/1682/2284
vt 0.250532 0.552910
vt 0.251800 0.549020
f 2269/1689/2269 2259/1693/2259 2285/1694/2285
f 2253/1663/2253 2289/1685/2289 2272/1683/2272
vt 0.262375 0.579914
f 2262/1676/2262 2290/1686/2290 2264/1695/2264
vt 0.263000 0.578483
f 2255/1673/2255 2291/1696/2291 2274/1686/2274
f 2283/1692/2283 2293/1688/2293 2284/1682/2284
vt 0.228954 0.571681
f 2256/1687/2256 2276/1688/2276 2277/1697/2277
vt 0.226009 0.574912
vt 0.233782 0.576159
f 2294/1698/2294 2266/1699/2266 2277/1697/2277
vt 0.249736 0.551589
f 2295/1700/2295 2280/1679/2280 2296/1689/2296
f 2295/1700/2295 2278/1690/2278 2280/1679/2280
f 2278/1690/2278 2281/1691/2281 2279/1677/2279
vt 0.240150 0.561141
f 2281/1691/2281 2297/1701/2297 2282/1681/2282
f 2297/1701/2297 2283/1692/2283 2282/1681/2282
vt 0.252918 0.550118
vt 0.253807 0.546449
f 2285/1694/2285 2265/1702/2265 2298/1703/2298
f 2299/1694/2299 2295/1700/2295 2296/1689/2296
vt 0.225845 0.589709
f 2289/1685/2289 2306/1704/2306 2272/1683/2272
vt 0.227561 0.595126
vt 0.225159 0.588513
f 2288/1705/2288 2324/1706/2324 2273/1685/2273
vt 0.257431 0.576277
f 2291/1696/2291 2307/1707/2307 2274/1686/2274
vt 0.256885 0.577674
f 2290/1686/2290 2308/1707/2308 2275/1708/2275
vt 0.232411 0.568267
f 2283/1692/2283 2311/1709/2311 2293/1688/2293
f 2293/1688/2293 2311/1709/2311 2312/1697/2312
vt 0.225568 0.574975
f 2312/1697/2312 2313/1710/2313 2314/1698/2314
vt 0.254135 0.546154
f 2299/1694/2299 2316/1703/2316 2317/1711/2317
vt 0.252111 0.548762
f 2318/1712/2318 2295/1700/2295 2299/1694/2299
vt 0.248351 0.552823
vt 0.251475 0.549790
vt 0.252607 0.550940
f 2321/1713/2321 2302/1714/2302 2270/1715/2270
vt 0.254251 0.547148
vt 0.255336 0.548294
f 2302/1714/2302 2304/1716/2304 2287/1717/2287
vt 0.257790 0.543072
vt 0.257451 0.546023
vt 0.256377 0.544873
f 2303/1718/2303 2271/1719/2271 2322/1720/2322
f 2304/1716/2304 2322/1720/2322 2271/1719/2271
vt 0.226395 0.589591
f 2289/1685/2289 2325/1721/2325 2306/1704/2306
vt 0.257358 0.576263
f 2291/1696/2291 2326/1722/2326 2307/1707/2307
vt 0.252305 0.574001
f 2275/1708/2275 2308/1707/2308 2327/1723/2327
vt 0.254967 0.547497
vt 0.255425 0.544224
f 2298/1703/2298 2292/1724/2292 2310/1725/2310
vt 0.228649 0.571731
f 2311/1709/2311 2330/1726/2330 2312/1697/2312
f 2312/1697/2312 2330/1726/2330 2313/1710/2313
vt 0.224229 0.577808
f 2314/1698/2314 2313/1710/2313 2331/1727/2331
vt 0.225316 0.578986
f 2294/1698/2294 2332/1727/2332 2315/1728/2315
vt 0.255769 0.543898
f 2317/1711/2317 2316/1703/2316 2333/1729/2333
f 2317/1711/2317 2318/1712/2318 2299/1694/2299
vt 0.263465 0.545705
vt 0.258433 0.541851
f 2300/1730/2300 2303/1718/2303 2320/1731/2320
vt 0.268969 0.548046
vt 0.258492 0.541162
f 2286/1732/2286 2320/1731/2320 2334/1733/2334
vt 0.245181 0.556272
vt 0.249528 0.553964
f 2336/1734/2336 2321/1713/2321 2301/1735/2301
vt 0.248288 0.552715
f 2337/1714/2337 2338/1713/2338 2339/1736/2339
vt 0.254558 0.546933
f 2340/1737/2340 2341/1716/2341 2337/1714/2337
vt 0.256736 0.544594
f 2342/1718/2342 2343/1720/2343 2344/1738/2344
f 2343/1720/2343 2341/1716/2341 2340/1737/2340
vt 0.223095 0.585327
vt 0.226078 0.592921
f 2345/1739/2345 2324/1706/2324 2305/1740/2305
vt 0.223781 0.587641
f 2325/1721/2325 2346/1741/2346 2306/1704/2306
vt 0.224358 0.587530
f 2325/1721/2325 2347/1742/2347 2346/1741/2346
f 2307/1707/2307 2326/1722/2326 2348/1723/2348
vt 0.257828 0.543468
vt 0.257506 0.541351
vt 0.256627 0.542483
f 2328/1743/2328 2351/1744/2351 2352/1745/2352
f 2328/1743/2328 2352/1745/2352 2310/1725/2310
f 2316/1703/2316 2353/1725/2353 2333/1729/2333
vt 0.223712 0.577896
f 2313/1710/2313 2355/1746/2355 2331/1727/2331
vt 0.223277 0.580462
f 2315/1728/2315 2332/1727/2332 2356/1747/2356
vt 0.259374 0.541923
vt 0.258156 0.540953
f 2319/1748/2319 2334/1733/2334 2350/1749/2350
vt 0.258151 0.542737
f 2357/1731/2357 2342/1718/2342 2358/1750/2358
vt 0.258868 0.540788
f 2359/1733/2359 2357/1731/2357 2360/1751/2360
vt 0.244926 0.556237
f 2338/1713/2338 2361/1734/2361 2362/1752/2362
f 2338/1713/2338 2362/1752/2362 2339/1736/2339
vt 0.251620 0.549627
f 2363/1753/2363 2337/1714/2337 2339/1736/2339
f 2340/1737/2340 2337/1714/2337 2363/1753/2363
f 2344/1738/2344 2343/1720/2343 2340/1737/2340
f 2358/1750/2358 2342/1718/2342 2344/1738/2344
f 2347/1742/2347 2366/1739/2366 2346/1741/2346
vt 0.252112 0.574009
f 2326/1722/2326 2367/1754/2367 2348/1723/2348
vt 0.246416 0.576884
vt 0.247604 0.571643
f 2349/1755/2349 2327/1723/2327 2368/1756/2368
vt 0.258705 0.542335
f 2309/1757/2309 2350/1749/2350 2351/1744/2351
vt 0.257857 0.540974
f 2369/1745/2369 2370/1744/2370 2371/1758/2371
vt 0.256975 0.542127
f 2353/1725/2353 2369/1745/2369 2372/1759/2372
f 2333/1729/2333 2353/1725/2353 2372/1759/2372
f 2331/1727/2331 2355/1746/2355 2374/1747/2374
f 2375/1749/2375 2359/1733/2359 2360/1751/2360
vt 0.258803 0.541489
f 2357/1731/2357 2358/1750/2358 2376/1760/2376
f 2360/1751/2360 2357/1731/2357 2376/1760/2376
vt 0.242448 0.559856
vt 0.246362 0.557369
f 2365/1761/2365 2336/1734/2336 2335/1762/2335
vt 0.242041 0.559877
f 2361/1734/2361 2377/1763/2377 2362/1752/2362
vt 0.240634 0.563293
vt 0.246589 0.564114
f 2364/1764/2364 2365/1761/2365 2323/1765/2323
vt 0.222508 0.585428
f 2346/1741/2346 2366/1739/2366 2378/1766/2378
vt 0.247284 0.571670
f 2348/1723/2348 2367/1754/2367 2379/1767/2379
f 2348/1723/2348 2379/1767/2379 2368/1756/2368
vt 0.258521 0.540572
f 2370/1744/2370 2375/1749/2375 2380/1768/2380
f 2371/1758/2371 2370/1744/2370 2380/1768/2380
f 2372/1759/2372 2369/1745/2369 2371/1758/2371
vt 0.226349 0.585469
vt 0.222817 0.582970
f 2329/1769/2329 2356/1747/2356 2373/1770/2373
vt 0.225468 0.588105
f 2354/1771/2354 2373/1770/2373 2345/1739/2345
vt 0.222721 0.580570
f 2355/1746/2355 2381/1772/2381 2374/1747/2374
f 2380/1768/2380 2375/1749/2375 2360/1751/2360
f 2361/1734/2361 2382/1761/2382 2377/1763/2377
f 2382/1761/2382 2364/1764/2364 2377/1763/2377
vt 0.222237 0.583076
f 2366/1739/2366 2384/1773/2384 2378/1766/2378
f 2374/1747/2374 2381/1772/2381 2386/1770/2386
f 2386/1770/2386 2384/1773/2384 2366/1739/2366
vt 0.240140 0.563317
f 2377/1763/2377 2364/1764/2364 2388/1774/2388
vt 0.242897 0.569197
vt 0.243334 0.569177
f 2379/1767/2379 2389/1775/2389 2385/1776/2385
f 2381/1772/2381 2384/1773/2384 2386/1770/2386
vt 0.240124 0.566456
vt 0.240632 0.566446
f 2389/1775/2389 2387/1777/2387 2383/1778/2383
f 2364/1764/2364 2387/1777/2387 2388/1774/2388
# 1677 faces, 1778 coords texture

# End of File
