method,trial,seed,stage,bank_idx,yaw,mirror,idx_top,idx_move,rest_x_top,rest_y_top,rest_x_move,rest_y_move,rest_dist,target_ratio,meas_ratio,cov_plane,cov_yaw_mean,cov_yaw_max,vis_frac,extent_u,extent_v,drape_below_top,settle_steps,stretch_steps,p95_speed,x_sign,attached_ok,valid,kp_a,kp_b
hk_pairs,0,45,1,149,4.42957,1,2641,10195,-0.166611,0.194302,0.216139,-0.341412,0.658425,1.05,1.02502,0.692623,0.499886,0.692623,0.973932,0.807452,0.54257,0.501389,420,145,0.0783393,-1,1,1,1,9
hk_pairs,1,45,1,126,6.25201,1,6357,3682,0.0781794,-0.235918,-0.145237,-0.120049,0.251676,1.05,1.04432,0.673497,0.517532,0.673497,0.974022,0.450682,0.68212,0.578478,420,145,0.0773812,1,1,1,8,6
hk_pairs,2,45,1,69,4.72074,0,6992,4116,0.133078,-0.357527,-0.129105,0.207911,0.623265,1.05,1.1011,0.577869,0.424636,0.581967,0.956553,0.763094,0.369205,0.294955,420,145,0.0811798,-1,1,1,11,2
hk_pairs,3,45,1,126,5.04275,0,6357,224,0.0781794,-0.235918,-0.221721,0.0423927,0.409142,1.05,0.967042,0.63388,0.516052,0.63388,0.9771,0.576238,0.639385,0.575544,420,145,0.0759416,1,1,1,8,3
hk_pairs,4,45,1,193,5.0111,0,8574,3892,0.170078,0.197699,-0.136424,-0.123369,0.4439,1.05,1.04993,0.5,0.406762,0.506831,0.911206,0.577991,0.446388,0.376853,420,145,0.0850437,-1,1,1,2,7
hk_pairs,5,45,1,290,1.86182,0,4930,5978,-0.0828028,-0.344391,0.036871,0.0694427,0.43079,1.05,1.07985,0.431694,0.362363,0.43306,0.945239,0.566333,0.505627,0.423577,420,145,0.0939981,1,1,1,9,5
hk_pairs,6,45,1,310,3.78677,1,5736,9747,0.0107288,0.154242,0.196574,0.196699,0.190706,1.05,1.07241,0.579235,0.45913,0.579235,0.936278,0.337002,0.630527,0.553823,420,145,0.0762974,-1,1,1,0,1
hk_pairs,7,45,1,199,4.58729,0,6355,310,0.0776005,-0.248301,-0.219474,0.0443707,0.417025,1.05,0.977653,0.636612,0.503074,0.636612,0.97004,0.598497,0.651847,0.590651,420,145,0.083033,-1,1,1,8,4
hk_pairs,8,45,1,44,3.79047,1,5645,5930,-0.00140858,-0.144583,0.0371904,-0.349297,0.208321,1.05,1.09381,0.627049,0.502277,0.627049,0.970673,0.404366,0.670024,0.603736,420,145,0.0747336,-1,1,1,8,10
hk_pairs,9,45,1,281,2.87971,1,5959,10964,0.0328846,-0.188906,0.284098,0.0404701,0.340282,1.05,1.04388,0.752732,0.576389,0.752732,0.979272,0.581577,0.713114,0.684021,420,145,0.0733484,-1,1,1,8,3
hk_pairs,10,45,1,143,5.52668,0,4100,10195,-0.141575,-0.163162,0.216139,-0.341412,0.399682,1.05,1.08743,0.804645,0.591189,0.815574,0.997375,0.52869,0.689806,0.646236,420,145,0.0772893,1,1,1,6,9
hk_pairs,11,45,1,143,1.7545,0,4100,6053,-0.141575,-0.163162,0.0478668,0.239101,0.444836,1.05,1.08838,0.756831,0.541667,0.756831,0.97891,0.672749,0.463379,0.405821,420,145,0.0899303,1,1,1,6,0
hk_pairs,12,45,1,277,3.90997,0,2945,9841,-0.153891,0.22728,0.197027,0.204229,0.351674,1.05,0.962279,0.733607,0.546676,0.733607,0.919895,0.500984,0.594366,0.51142,420,145,0.0812573,1,1,1,1,2
hk_pairs,13,45,1,82,2.18145,0,9822,5905,0.200569,-0.095808,0.030447,-0.17753,0.188742,1.05,1.26069,0.636612,0.553165,0.637978,0.916908,0.371021,0.774256,0.704474,420,145,0.0733733,-1,1,1,7,8
hk_pairs,14,45,1,346,1.81872,0,6883,310,0.116501,-0.263332,-0.219474,0.0443707,0.455612,1.05,0.977856,0.621585,0.512409,0.621585,0.895275,0.604139,0.648353,0.586889,420,145,0.0843564,-1,1,1,11,4
hk_pairs,15,45,1,78,5.90574,1,324,6053,-0.22358,0.0506763,0.0478668,0.239101,0.330827,1.05,1.14431,0.445355,0.38775,0.445355,0.915731,0.489528,0.494469,0.423459,420,145,0.109751,1,1,1,3,0
hk_pairs,16,45,1,281,3.34565,1,5959,9955,0.0328846,-0.188906,0.202683,-0.118843,0.183731,1.05,1.1558,0.678962,0.552482,0.678962,0.980811,0.408689,0.741418,0.691991,420,145,0.0762793,-1,1,1,8,7
hk_pairs,17,45,1,299,3.17565,0,5677,5978,0.00559902,0.232574,0.036871,0.0694427,0.166102,1.05,1.22376,0.422131,0.38388,0.423497,0.895818,0.340314,0.564257,0.488356,420,145,0.0840427,1,1,1,0,5
hk_pairs,18,45,1,100,3.71718,0,8821,310,0.195513,0.18189,-0.219474,0.0443707,0.437188,1.05,0.990663,0.468579,0.366917,0.468579,0.931571,0.597912,0.405845,0.34302,420,145,0.0925437,-1,1,1,2,4
hk_pairs,19,45,1,177,5.51563,1,6756,224,0.104531,-0.171541,-0.221721,0.0423927,0.390139,1.05,0.972655,0.579235,0.478597,0.584699,0.955286,0.544178,0.558282,0.493326,420,145,0.0807106,1,1,1,8,3
hk_pairs,20,45,1,161,0.86352,1,2296,10195,-0.170065,0.173468,0.216139,-0.341412,0.643645,1.05,1.00629,0.67623,0.506945,0.67623,0.980268,0.775169,0.557409,0.520384,420,145,0.0936805,1,1,1,1,9
hk_pairs,21,45,1,31,5.25179,1,6472,224,0.0860271,-0.329134,-0.221721,0.0423927,0.482616,1.05,1.03486,0.752732,0.56546,0.752732,0.975833,0.64204,0.708363,0.644531,420,145,0.0793228,1,1,1,11,3
hk_pairs,22,45,1,183,2.03506,0,4310,9841,-0.132963,-0.342716,0.197027,0.204229,0.638907,1.05,1.01072,0.763661,0.55214,0.763661,0.970221,0.803049,0.583512,0.514287,420,145,0.0783352,-1,1,1,9,2
hk_pairs,23,45,1,174,2.65709,1,9442,5858,0.233411,0.0544262,0.0263662,0.235632,0.276036,1.05,1.14025,0.501366,0.42418,0.508197,0.944786,0.43556,0.593028,0.525886,420,145,0.0938995,1,1,1,4,0
hk_pairs,24,45,1,161,6.03836,1,2296,9955,-0.170065,0.173468,0.202683,-0.118843,0.473695,1.05,1.10593,0.65847,0.511954,0.662568,0.958907,0.580773,0.506885,0.454982,420,145,0.0867126,1,1,1,1,6
hk_pairs,25,45,1,183,5.97358,0,4310,10964,-0.132963,-0.342716,0.284098,0.0404701,0.566507,1.05,1.00158,0.745902,0.564663,0.745902,0.976285,0.715723,0.692931,0.662212,420,145,0.0767241,1,1,1,9,3
hk_pairs,26,45,1,222,4.7362,1,3934,9955,-0.151329,-0.294903,0.202683,-0.118843,0.395377,1.05,1.16219,0.441257,0.371585,0.445355,0.934287,0.537201,0.525921,0.471588,420,145,0.0788015,1,1,1,9,6
hk_pairs,27,45,1,115,1.3684,0,3069,9841,-0.143905,-0.0775318,0.197027,0.204229,0.442294,1.05,1.13541,0.744536,0.534722,0.744536,0.946144,0.635494,0.521212,0.445366,420,145,0.0836948,1,1,1,6,2
hk_pairs,28,45,1,3,0.807523,0,6806,4116,0.10325,0.0450993,-0.129105,0.207911,0.28444,1.05,1.11257,0.587432,0.445241,0.587432,0.974475,0.441625,0.424972,0.342429,420,145,0.0867984,1,1,1,5,2
hk_pairs,29,45,1,149,4.57424,1,2641,10195,-0.166611,0.194302,0.216139,-0.341412,0.658425,1.05,1.01564,0.691257,0.50296,0.691257,0.973208,0.810555,0.541548,0.501463,420,145,0.079281,-1,1,1,1,9
hk_pairs,30,45,1,202,3.31445,0,144,6021,-0.231685,0.0509739,0.0385189,-0.17988,0.355397,1.05,0.980481,0.594262,0.526753,0.60929,0.941075,0.478993,0.674192,0.608607,420,145,0.089989,1,1,1,3,8
hk_pairs,31,45,1,312,3.58175,0,2296,9841,-0.170065,0.173468,0.197027,0.204229,0.368406,1.05,0.979331,0.848361,0.60633,0.848361,0.998733,0.503273,0.601146,0.519698,420,145,0.101142,1,1,1,1,2
hk_pairs,32,45,1,244,0.155382,1,4636,6021,-0.117997,-0.342522,0.0385189,-0.17988,0.225725,1.05,1.05409,0.446721,0.455487,0.489071,0.933563,0.401588,0.722564,0.652023,420,145,0.0868,1,1,1,9,8
hk_pairs,33,45,1,39,0.0356588,1,4259,9747,-0.13482,-0.326654,0.196574,0.196699,0.619459,1.05,1.05448,0.741803,0.54474,0.743169,0.983617,0.714744,0.590878,0.523966,420,145,0.0733424,-1,1,1,9,1
hk_pairs,34,45,1,78,5.15868,0,324,9955,-0.22358,0.0506763,0.202683,-0.118843,0.458885,1.05,1.15972,0.647541,0.487363,0.650273,0.938631,0.614832,0.450381,0.399797,420,145,0.0935445,1,1,1,3,7
hk_pairs,35,45,1,233,0.86178,1,5612,10195,-0.00146675,0.233496,0.216139,-0.341412,0.614785,1.05,1.02599,0.789618,0.563183,0.789618,0.997375,0.753962,0.456464,0.406773,420,145,0.0793989,-1,1,1,0,11
hk_pairs,36,45,1,233,1.00815,1,5612,10964,-0.00146675,0.233496,0.284098,0.0404701,0.344682,1.05,1.03825,0.770492,0.572404,0.770492,0.957458,0.510904,0.668691,0.612944,420,145,0.0741415,-1,1,1,0,3
hk_pairs,37,45,1,114,3.218,0,5668,10964,0.00233459,0.0733776,0.284098,0.0404701,0.283678,1.05,1.06612,0.47541,0.403575,0.47541,0.947502,0.494465,0.511124,0.471599,420,145,0.0748412,1,1,1,5,3
hk_pairs,38,45,1,199,4.89066,0,6355,3892,0.0776005,-0.248301,-0.136424,-0.123369,0.247844,1.05,0.973832,0.632514,0.498065,0.632514,0.976919,0.419364,0.665652,0.590563,420,145,0.0779435,-1,1,1,8,7
hk_pairs,39,45,1,329,2.69689,1,6120,5905,0.0509748,0.0237045,0.030447,-0.17753,0.202457,1.05,0.945366,0.362022,0.371243,0.42623,0.895818,0.391448,0.513264,0.444404,420,145,0.104131,1,1,1,5,8
hk_pairs,40,45,1,286,4.75612,1,5732,9955,0.0032053,-0.347618,0.202683,-0.118843,0.303572,1.05,1.05187,0.668033,0.49704,0.668033,0.989681,0.504027,0.645785,0.568055,420,145,0.0826024,-1,1,1,10,7
hk_pairs,41,45,1,287,3.15361,1,1051,9955,-0.206388,0.0350857,0.202683,-0.118843,0.437602,1.05,1.0592,0.602459,0.453666,0.602459,0.968139,0.581966,0.456853,0.406519,420,145,0.0910507,1,1,1,3,6
hk_pairs,42,45,1,338,0.630372,1,8247,310,0.16576,-0.127426,-0.219474,0.0443707,0.421805,1.05,1.05551,0.617486,0.474385,0.627049,0.937907,0.598706,0.529994,0.468956,420,145,0.0795724,1,1,1,7,4
hk_pairs,43,45,1,92,3.65905,0,9933,5905,0.182703,0.19986,0.030447,-0.17753,0.406946,1.05,1.0021,0.446721,0.388206,0.446721,0.920076,0.565454,0.438476,0.352733,420,145,0.0940179,1,1,1,2,8
hk_pairs,44,45,1,184,4.63188,0,6043,224,0.048605,-0.316998,-0.221721,0.0423927,0.449708,1.05,0.977779,0.722678,0.568534,0.722678,0.985065,0.579456,0.740814,0.676986,420,145,0.0929764,1,1,1,10,3
hk_pairs,45,45,1,264,6.14115,1,9884,4116,0.195301,-0.138306,-0.129105,0.207911,0.474548,1.05,1.04391,0.781421,0.553506,0.786885,0.928403,0.644498,0.528482,0.445356,420,145,0.0749649,1,1,1,7,2
hk_pairs,46,45,1,328,2.14073,0,145,5930,-0.231475,0.0557003,0.0371904,-0.349297,0.486075,1.05,0.967499,0.452186,0.350751,0.452186,0.81345,0.646083,0.323215,0.233694,420,145,0.094005,1,1,1,3,10
hk_pairs,47,45,1,267,6.02223,0,6716,3682,0.111661,-0.328478,-0.145237,-0.120049,0.330816,1.05,1.12769,0.409836,0.37796,0.431694,0.942162,0.515879,0.56324,0.451987,420,145,0.0871878,-1,1,1,11,6
hk_pairs,48,45,1,241,3.27757,0,3662,10195,-0.153935,-0.152021,0.216139,-0.341412,0.415829,1.05,1.02317,0.849727,0.618966,0.849727,0.980811,0.548037,0.686155,0.641715,420,145,0.0744644,1,1,1,6,9
hk_pairs,49,45,1,310,4.08014,1,5736,9841,0.0107288,0.154242,0.197027,0.204229,0.193102,1.05,1.14645,0.629781,0.504668,0.629781,0.912382,0.421906,0.634154,0.556747,420,145,0.0747323,-1,1,1,0,2
hk_pairs,50,45,1,119,2.08138,0,6372,3892,0.07411,-0.000778198,-0.136424,-0.123369,0.243676,1.05,0.941694,0.468579,0.391052,0.480874,0.915098,0.411158,0.484735,0.409266,420,145,0.0892443,-1,1,1,5,7
hk_pairs,51,45,1,31,4.23072,1,6472,224,0.0860271,-0.329134,-0.221721,0.0423927,0.482616,1.05,1.02663,0.710383,0.562955,0.710383,0.989229,0.626811,0.715045,0.654007,420,145,0.0756205,1,1,1,11,3
hk_pairs,52,45,1,119,3.32819,1,6372,3682,0.07411,-0.000778198,-0.145237,-0.120049,0.249677,1.05,0.932348,0.45082,0.398452,0.467213,0.868664,0.389568,0.482431,0.407145,420,145,0.0835373,1,1,1,5,6
hk_pairs,53,45,1,106,2.62828,1,8738,5939,0.188034,0.180145,0.0334406,0.0661564,0.192079,1.05,0.882934,0.476776,0.41883,0.487705,0.983526,0.371782,0.61071,0.547279,420,145,0.0928321,1,1,1,2,5
hk_pairs,54,45,1,114,5.54464,0,5668,9841,0.00233459,0.0733776,0.197027,0.204229,0.234579,1.05,1.15234,0.381148,0.317168,0.381148,0.934739,0.359395,0.409025,0.337333,420,145,0.0849896,-1,1,1,5,2
hk_pairs,55,45,1,115,5.0209,0,3069,5978,-0.143905,-0.0775318,0.036871,0.0694427,0.232984,1.05,1.09604,0.580601,0.47097,0.580601,0.890116,0.474625,0.526355,0.464891,420,145,0.0835596,-1,1,1,6,5
hk_pairs,56,45,1,328,1.02285,0,145,5978,-0.231475,0.0557003,0.036871,0.0694427,0.268819,1.05,1.18188,0.393443,0.359859,0.416667,0.952752,0.437122,0.488712,0.42544,420,145,0.0897029,-1,1,1,3,5
hk_pairs,57,45,1,338,5.98532,1,8247,5858,0.16576,-0.127426,0.0263662,0.235632,0.388996,1.05,1.01937,0.808743,0.594718,0.81694,0.997828,0.567234,0.539496,0.489881,420,145,0.10066,1,1,1,7,0
hk_pairs,58,45,1,286,1.10019,1,5732,10964,0.0032053,-0.347618,0.284098,0.0404701,0.479169,1.05,1.09743,0.504098,0.41735,0.504098,0.955648,0.601252,0.427385,0.397826,420,145,0.0748292,-1,1,1,10,4
hk_pairs,59,45,1,179,3.1411,0,10456,5939,0.233109,-0.0120106,0.0334406,0.0661564,0.214594,1.05,1.08885,0.56694,0.472108,0.569672,0.850833,0.486055,0.643588,0.58114,420,145,0.0854438,1,1,1,4,5
hk_pairs,60,45,1,328,2.52172,0,145,9841,-0.231475,0.0557003,0.197027,0.204229,0.453586,1.05,0.999192,0.405738,0.318306,0.405738,0.861242,0.594963,0.308228,0.228873,420,145,0.0940863,1,1,1,3,2
hk_pairs,61,45,1,241,5.01781,0,3662,10964,-0.153935,-0.152021,0.284098,0.0404701,0.478462,1.05,0.996613,0.620219,0.500797,0.620219,0.965514,0.609285,0.516575,0.481333,420,145,0.0943496,-1,1,1,6,3
hk_pairs,62,45,1,235,1.78519,0,2606,5978,-0.156796,0.191725,0.036871,0.0694427,0.229041,1.05,1.19865,0.489071,0.408356,0.494536,0.926593,0.412958,0.557398,0.484882,420,145,0.0869308,-1,1,1,1,5
hk_pairs,63,45,1,44,5.18852,0,5645,6053,-0.00140858,-0.144583,0.0478668,0.239101,0.386835,1.05,1.0246,0.531421,0.398452,0.532787,0.958454,0.547447,0.364622,0.291207,420,145,0.0909813,-1,1,1,8,0
hk_pairs,64,45,1,24,2.54098,1,2921,9955,-0.174654,-0.295691,0.202683,-0.118843,0.416746,1.05,1.14085,0.896175,0.650956,0.896175,0.990224,0.573339,0.695902,0.633767,420,145,0.0753487,1,1,1,9,7
hk_pairs,65,45,1,66,1.33589,1,10754,5939,0.231322,0.19311,0.0334406,0.0661564,0.235139,1.05,0.8868,0.5,0.448657,0.5,0.933744,0.421076,0.617777,0.55305,420,145,0.0844874,1,1,1,2,5
hk_pairs,66,45,1,172,6.03804,0,9878,310,0.195704,-0.145012,-0.219474,0.0443707,0.456332,1.05,0.99865,0.613388,0.482924,0.613388,0.960445,0.6274,0.546951,0.48488,420,145,0.0764905,1,1,1,7,4
hk_pairs,67,45,1,233,0.982094,0,5612,5978,-0.00146675,0.233496,0.036871,0.0694427,0.168473,1.05,1.28319,0.531421,0.442168,0.557377,0.917632,0.332628,0.563278,0.490561,420,145,0.0767244,1,1,1,0,5
hk_pairs,68,45,1,231,5.7914,1,6617,5905,0.0955315,-0.347029,0.030447,-0.17753,0.182667,1.05,1.14138,0.463115,0.459813,0.474044,0.943881,0.335709,0.80375,0.734168,420,145,0.0818477,-1,1,1,11,8
hk_pairs,69,45,1,327,4.93523,0,9518,5939,0.186737,-0.138107,0.0334406,0.0661564,0.255389,1.05,1.28892,0.60929,0.484631,0.612022,0.97176,0.512087,0.629566,0.563457,420,145,0.09021,1,1,1,7,5
hk_pairs,70,45,1,103,2.4255,1,7750,5930,0.152654,-0.326788,0.0371904,-0.349297,0.11789,1.05,0.993174,0.523224,0.508538,0.551913,0.933291,0.283497,0.936007,0.863159,420,145,0.0744401,1,1,1,11,10
hk_pairs,71,45,1,69,1.7735,1,6992,224,0.133078,-0.357527,-0.221721,0.0423927,0.534619,1.05,1.07887,0.669399,0.551799,0.673497,0.954381,0.649316,0.713823,0.65003,420,145,0.0768538,1,1,1,11,3
hk_pairs,72,45,1,66,5.70188,0,10754,5939,0.231322,0.19311,0.0334406,0.0661564,0.235139,1.05,1.30523,0.493169,0.443989,0.495902,0.945511,0.418475,0.619938,0.555263,420,145,0.0826698,1,1,1,2,5
hk_pairs,73,45,1,161,1.73212,0,2296,9955,-0.170065,0.173468,0.202683,-0.118843,0.473695,1.05,0.998609,0.756831,0.530624,0.756831,0.987871,0.644629,0.498581,0.445859,420,145,0.0878526,1,1,1,1,7
hk_pairs,74,45,1,233,0.190655,1,5612,5978,-0.00146675,0.233496,0.036871,0.0694427,0.168473,1.05,1.03186,0.554645,0.442737,0.568306,0.945239,0.376874,0.563507,0.490924,420,145,0.0765273,-1,1,1,0,5
hk_pairs,75,45,1,183,2.7907,0,4310,10964,-0.132963,-0.342716,0.284098,0.0404701,0.566507,1.05,1.00183,0.75,0.568534,0.75,0.976919,0.715564,0.693465,0.662635,420,145,0.0899244,-1,1,1,9,4
hk_pairs,76,45,1,222,5.79922,0,3934,6053,-0.151329,-0.294903,0.0478668,0.239101,0.569957,1.05,1.05196,0.648907,0.479394,0.648907,0.983889,0.75121,0.427107,0.364339,420,145,0.0905335,-1,1,1,9,0
hk_pairs,77,45,1,119,1.33934,0,6372,3892,0.07411,-0.000778198,-0.136424,-0.123369,0.243676,1.05,1.03626,0.515027,0.400387,0.525956,0.990405,0.473003,0.48434,0.408813,420,145,0.0872726,-1,1,1,5,7
hk_pairs,78,45,1,331,1.30761,0,6022,224,0.0380592,-0.34828,-0.221721,0.0423927,0.46926,1.05,1.05253,0.491803,0.384563,0.493169,0.939718,0.644631,0.400201,0.333378,420,145,0.0807121,-1,1,1,10,3
hk_pairs,79,45,1,197,0.408641,1,6470,5939,0.0838451,0.227665,0.0334406,0.0661564,0.169409,1.05,0.933959,0.441257,0.396516,0.459016,0.967234,0.365207,0.626113,0.546477,420,145,0.0918227,-1,1,1,0,5
hk_pairs,80,45,1,224,4.86765,0,5733,5978,0.00331974,-0.348007,0.036871,0.0694427,0.418904,1.05,1.04321,0.635246,0.48281,0.637978,0.976466,0.534427,0.559262,0.491451,420,145,0.0876705,-1,1,1,10,5
hk_pairs,81,45,1,198,1.52623,1,4867,10964,-0.088707,-0.363306,0.284098,0.0404701,0.549562,1.05,1.09983,0.785519,0.600182,0.785519,0.986694,0.664185,0.721275,0.692585,420,145,0.0749354,-1,1,1,9,3
hk_pairs,82,45,1,338,4.96907,0,8247,5930,0.16576,-0.127426,0.0371904,-0.349297,0.256578,1.05,0.990303,0.61612,0.510701,0.61612,0.958907,0.414528,0.708305,0.647597,420,145,0.0827787,1,1,1,7,10
hk_pairs,83,45,1,268,5.50137,1,5413,9841,-0.0280609,-0.205898,0.197027,0.204229,0.467893,1.05,1.04812,0.504098,0.365779,0.504098,0.988052,0.643355,0.354705,0.289814,420,145,0.0851835,-1,1,1,8,2
hk_pairs,84,45,1,149,0.270056,0,2641,6053,-0.166611,0.194302,0.0478668,0.239101,0.219665,1.05,1.00214,0.670765,0.533015,0.678962,0.946506,0.355133,0.653766,0.58532,420,145,0.0805729,1,1,1,1,0
hk_pairs,85,45,1,115,4.54077,0,3069,10964,-0.143905,-0.0775318,0.284098,0.0404701,0.443971,1.05,1.11003,0.648907,0.501366,0.648907,0.966329,0.647605,0.542372,0.503775,420,145,0.0776612,-1,1,1,6,4
hk_pairs,86,45,1,215,5.49839,1,507,6053,-0.208078,0.0250587,0.0478668,0.239101,0.33378,1.05,1.00606,0.674863,0.511612,0.674863,0.921886,0.452394,0.537048,0.469336,420,145,0.118088,1,1,1,3,0
hk_pairs,87,45,1,186,3.23331,0,2504,9841,-0.170369,-0.154715,0.197027,0.204229,0.513661,1.05,1.08828,0.728142,0.542464,0.728142,0.980539,0.640576,0.50028,0.42581,420,145,0.081897,1,1,1,6,2
hk_pairs,88,45,1,202,2.75081,1,144,5930,-0.231685,0.0509739,0.0371904,-0.349297,0.482284,1.05,0.97977,0.454918,0.360542,0.45765,0.845945,0.642908,0.334888,0.250675,420,145,0.0921594,-1,1,1,3,10
hk_pairs,89,45,1,8,5.74478,1,9999,5930,0.200145,0.209965,0.0371904,-0.349297,0.582518,1.05,0.940438,0.372951,0.292577,0.372951,0.929308,0.758707,0.285028,0.214096,420,145,0.114572,1,1,1,2,10
hk_pairs,90,45,1,246,5.60291,0,3742,10195,-0.139513,-0.105675,0.216139,-0.341412,0.42679,1.05,1.01339,0.826503,0.591644,0.826503,0.988686,0.629725,0.655535,0.613986,420,145,0.0776522,1,1,1,6,9
hk_pairs,91,45,1,31,5.47715,0,6472,4229,0.0860271,-0.329134,-0.12455,0.197117,0.566975,1.05,1.06754,0.561475,0.407104,0.561475,0.982893,0.706013,0.361135,0.274966,420,145,0.0792869,1,1,1,11,1
hk_pairs,92,45,1,233,5.71357,0,5612,10195,-0.00146675,0.233496,0.216139,-0.341412,0.614785,1.05,1.04694,0.825137,0.580032,0.825137,0.999457,0.77528,0.45593,0.405782,420,145,0.0790097,1,1,1,0,9
hk_pairs,93,45,1,231,5.19786,1,6617,4108,0.0955315,-0.347029,-0.147857,-0.339954,0.244317,1.05,1.06983,0.714481,0.554531,0.714481,0.978458,0.370328,0.754049,0.680898,420,145,0.0826747,-1,1,1,11,9
hk_pairs,94,45,1,120,6.08506,1,6292,3892,0.0676842,0.00810242,-0.136424,-0.123369,0.242808,1.05,0.998686,0.509563,0.39663,0.525956,0.980268,0.431477,0.475587,0.403966,420,145,0.0882445,1,1,1,5,7
hk_pairs,95,45,1,298,0.820451,1,5919,9955,0.0272675,-0.319218,0.202683,-0.118843,0.266314,1.05,1.1115,0.751366,0.588115,0.751366,0.964518,0.481181,0.726789,0.663184,420,145,0.0771168,-1,1,1,10,7
hk_pairs,96,45,1,69,2.80374,0,6992,4116,0.133078,-0.357527,-0.129105,0.207911,0.623265,1.05,1.10572,0.622951,0.4375,0.622951,0.980721,0.775116,0.360898,0.289342,420,145,0.084273,1,1,1,11,2
hk_pairs,97,45,1,71,1.60616,1,5804,9955,0.0184364,-0.361752,0.202683,-0.118843,0.304911,1.05,1.06083,0.67623,0.517532,0.67623,0.973117,0.475793,0.670465,0.60146,420,145,0.0838198,-1,1,1,10,7
hk_pairs,98,45,1,69,3.95462,1,6992,224,0.133078,-0.357527,-0.221721,0.0423927,0.534619,1.05,1.09982,0.754098,0.564208,0.769126,0.986242,0.671441,0.713001,0.649178,420,145,0.0809874,-1,1,1,11,3
hk_pairs,99,45,1,66,0.871584,0,10754,310,0.231322,0.19311,-0.219474,0.0443707,0.474724,1.05,1.02959,0.521858,0.396289,0.521858,0.932476,0.647463,0.413322,0.34965,420,145,0.0902769,1,1,1,2,4
hk_pairs,100,45,1,268,3.01561,1,5413,5930,-0.0280609,-0.205898,0.0371904,-0.349297,0.15772,1.05,0.964006,0.546448,0.496812,0.546448,0.931571,0.33568,0.748236,0.686908,420,145,0.0721777,1,1,1,8,10
hk_pairs,101,45,1,229,1.00249,1,6569,224,0.0888796,0.0682087,-0.221721,0.0423927,0.311671,1.05,0.90888,0.551913,0.441371,0.551913,0.937455,0.410268,0.563646,0.500246,420,145,0.087689,1,1,1,5,3
hk_pairs,102,45,1,24,3.36793,1,2921,9955,-0.174654,-0.295691,0.202683,-0.118843,0.416746,1.05,1.14259,0.916667,0.656762,0.916667,0.991039,0.550108,0.686165,0.632666,420,145,0.0754336,1,1,1,9,7
hk_pairs,103,45,1,72,5.04192,0,504,10195,-0.210823,0.0496616,0.216139,-0.341412,0.578995,1.05,1.02538,0.790984,0.564777,0.790984,0.979091,0.703196,0.619944,0.575597,420,145,0.0909971,-1,1,1,3,9
hk_pairs,104,45,1,289,2.59348,0,10063,5939,0.254643,0.00918388,0.0334406,0.0661564,0.228443,1.05,1.20846,0.423497,0.448771,0.479508,0.897176,0.409148,0.6448,0.56786,420,145,0.0831721,1,1,1,4,5
hk_pairs,105,45,1,233,3.40781,1,5612,9841,-0.00146675,0.233496,0.197027,0.204229,0.20064,1.05,0.990153,0.576503,0.476776,0.579235,0.939084,0.350087,0.62285,0.541656,420,145,0.0787953,1,1,1,0,2
hk_pairs,106,45,1,282,2.1943,0,5785,5978,0.0100203,-0.333939,0.036871,0.0694427,0.404296,1.05,0.988011,0.536885,0.416325,0.54235,0.97185,0.558691,0.498062,0.42907,420,145,0.0909695,-1,1,1,10,5
hk_pairs,107,45,1,241,3.20397,1,3662,9841,-0.153935,-0.152021,0.197027,0.204229,0.500089,1.05,1.08624,0.739071,0.526867,0.739071,0.986785,0.668351,0.50687,0.430854,420,145,0.08203,1,1,1,6,2
hk_pairs,108,45,1,27,2.55349,0,8788,4108,0.173862,-0.131302,-0.147857,-0.339954,0.383555,1.05,1.02189,0.898907,0.661316,0.913935,0.99466,0.552967,0.726903,0.655041,420,145,0.0760417,-1,1,1,7,9
hk_pairs,109,45,1,24,3.51301,1,2921,9747,-0.174654,-0.295691,0.196574,0.196699,0.616662,1.05,0.999151,0.744536,0.523338,0.744536,0.979453,0.724763,0.590039,0.517872,420,145,0.0741738,-1,1,1,9,1
hk_pairs,110,45,1,161,1.74908,1,2296,9955,-0.170065,0.173468,0.202683,-0.118843,0.473695,1.05,1.11808,0.709016,0.50444,0.709016,0.990677,0.653978,0.50203,0.449695,420,145,0.0852343,-1,1,1,1,6
hk_pairs,111,45,1,91,5.10508,0,10121,4229,0.219951,0.0363712,-0.12455,0.197117,0.380189,1.05,1.0784,0.553279,0.429986,0.553279,0.933201,0.527846,0.460342,0.386619,420,145,0.0958819,1,1,1,4,1
hk_pairs,112,45,1,92,6.2813,0,9933,5905,0.182703,0.19986,0.030447,-0.17753,0.406946,1.05,1.0577,0.454918,0.391052,0.454918,0.912382,0.595988,0.444356,0.351024,420,145,0.0938356,-1,1,1,2,8
hk_pairs,113,45,1,233,3.0379,1,5612,10964,-0.00146675,0.233496,0.284098,0.0404701,0.344682,1.05,1.01067,0.788251,0.588456,0.788251,0.980358,0.528313,0.667999,0.6129,420,145,0.0736397,1,1,1,0,3
hk_pairs,114,45,1,280,5.78288,0,3801,10195,-0.15529,-0.32687,0.216139,-0.341412,0.371752,1.05,1.05744,0.606557,0.48816,0.606557,0.936912,0.517773,0.631475,0.563681,420,145,0.0727905,1,1,1,9,11
hk_pairs,115,45,1,84,5.86416,1,6511,5939,0.0878019,0.250875,0.0334406,0.0661564,0.192552,1.05,1.32899,0.431694,0.398338,0.441257,0.925145,0.347134,0.615334,0.542941,420,145,0.0868539,-1,1,1,0,5
hk_pairs,116,45,1,12,5.98836,1,5868,5930,0.0214767,-0.215532,0.0371904,-0.349297,0.134908,1.05,1.10667,0.606557,0.505351,0.606557,0.944062,0.425206,0.76112,0.695349,420,145,0.074228,-1,1,1,8,10
hk_pairs,117,45,1,282,0.840288,0,5785,9955,0.0100203,-0.333939,0.202683,-0.118843,0.288765,1.05,0.980045,0.653005,0.515027,0.668033,0.961441,0.48003,0.680957,0.619743,420,145,0.0779856,1,1,1,10,7
hk_pairs,118,45,1,298,2.48773,0,5919,6053,0.0272675,-0.319218,0.0478668,0.239101,0.55873,1.05,1.03874,0.607924,0.431239,0.607924,0.967324,0.719964,0.367931,0.293964,420,145,0.0886016,1,1,1,10,0
hk_pairs,119,45,1,267,3.64425,1,6716,4108,0.111661,-0.328478,-0.147857,-0.339954,0.259771,1.05,1.13011,0.86612,0.659836,0.86612,0.990677,0.4213,0.773029,0.69862,420,145,0.0758757,-1,1,1,11,9
hk_pairs,120,45,1,337,3.6464,0,3682,6053,-0.145237,-0.120049,0.0478668,0.239101,0.407772,1.05,1.07234,0.695355,0.518329,0.695355,0.961713,0.613325,0.446054,0.388055,420,145,0.0881357,1,1,1,6,0
hk_pairs,121,45,1,120,3.55934,0,6292,5930,0.0676842,0.00810242,0.0371904,-0.349297,0.358792,1.05,0.976431,0.595628,0.460383,0.595628,0.974928,0.555237,0.483416,0.408343,420,145,0.123457,1,1,1,5,10
hk_pairs,122,45,1,299,0.0368452,0,5677,9841,0.00559902,0.232574,0.197027,0.204229,0.193515,1.05,1.0349,0.543716,0.442509,0.554645,0.962165,0.3043,0.620005,0.540578,420,145,0.0785924,1,1,1,0,2
hk_pairs,123,45,1,44,2.39426,0,5645,9747,-0.00140858,-0.144583,0.196574,0.196699,0.394569,1.05,1.05538,0.498634,0.378871,0.498634,0.952752,0.559786,0.369048,0.303317,420,145,0.086934,-1,1,1,8,1
hk_pairs,124,45,1,184,2.60266,0,6043,4116,0.048605,-0.316998,-0.129105,0.207911,0.554174,1.05,1.08347,0.52459,0.380351,0.52459,0.986332,0.694727,0.333049,0.255121,420,145,0.0817597,-1,1,1,10,2
hk_pairs,125,45,1,328,3.59217,0,145,9747,-0.231475,0.0557003,0.196574,0.196699,0.450694,1.05,1.07043,0.42623,0.323998,0.42623,0.909305,0.602051,0.314789,0.236359,420,145,0.08917,1,1,1,3,1
hk_pairs,126,45,1,319,2.22298,0,6265,3892,0.0644598,0.127008,-0.136424,-0.123369,0.321042,1.05,1.17328,0.579235,0.422587,0.579235,0.967324,0.565939,0.434917,0.356056,420,145,0.0945155,1,1,1,5,7
hk_pairs,127,45,1,27,6.05397,1,8788,5905,0.173862,-0.131302,0.030447,-0.17753,0.150931,1.05,1.10978,0.59153,0.551571,0.595628,0.963975,0.375278,0.778907,0.712879,420,145,0.0735994,-1,1,1,7,8
hk_pairs,128,45,1,183,5.51624,1,4310,9841,-0.132963,-0.342716,0.197027,0.204229,0.638907,1.05,1.08361,0.577869,0.418602,0.577869,0.939989,0.742659,0.364092,0.295106,420,140,0.0780125,1,1,1,9,2
hk_pairs,129,45,1,120,1.14709,0,6292,4108,0.0676842,0.00810242,-0.147857,-0.339954,0.409475,1.05,0.921843,0.515027,0.405624,0.519126,0.894913,0.550135,0.382662,0.313215,420,140,0.0851505,-1,1,1,5,9
hk_pairs,130,45,1,177,1.13182,0,6756,310,0.104531,-0.171541,-0.219474,0.0443707,0.389466,1.05,0.980177,0.51776,0.484631,0.546448,0.951665,0.544723,0.554164,0.492202,420,140,0.0792824,-1,1,1,8,4
hk_pairs,131,45,1,103,5.01408,1,7750,5930,0.152654,-0.326788,0.0371904,-0.349297,0.11789,1.05,1.04961,0.661202,0.585155,0.687159,0.969135,0.306106,0.939903,0.867031,420,140,0.0711905,1,1,1,11,10
hk_pairs,132,45,1,323,5.41198,1,9776,5858,0.192118,-0.121008,0.0263662,0.235632,0.393275,1.05,1.14597,0.781421,0.589139,0.781421,0.970402,0.555064,0.540493,0.491355,420,140,0.0935756,-1,1,1,7,0
hk_pairs,133,45,1,227,5.09902,1,6895,5939,0.117936,0.22892,0.0334406,0.0661564,0.18339,1.05,0.986443,0.532787,0.426002,0.532787,0.948407,0.394523,0.625507,0.559356,420,140,0.088455,-1,1,1,0,5
hk_pairs,134,45,1,215,2.28207,1,507,10195,-0.208078,0.0250587,0.216139,-0.341412,0.56059,1.05,1.07358,0.814208,0.591985,0.819672,0.959088,0.717207,0.641182,0.595281,420,140,0.10197,1,1,1,3,9
hk_pairs,135,45,1,132,3.32923,0,6771,5930,0.110125,-0.342058,0.0371904,-0.349297,0.0739789,1.05,0.97591,0.586066,0.503188,0.588798,0.96307,0.24157,0.906157,0.854998,420,140,0.0713456,-1,1,1,11,10
hk_pairs,136,45,1,345,0.43968,1,9708,5939,0.179444,0.202303,0.0334406,0.0661564,0.199816,1.05,0.924192,0.43306,0.412341,0.438525,0.898353,0.372862,0.614218,0.547898,420,140,0.0944203,-1,1,1,2,5
hk_pairs,137,45,1,338,1.28015,1,8247,5939,0.16576,-0.127426,0.0334406,0.0661564,0.234484,1.05,1.21432,0.637978,0.5148,0.637978,0.962165,0.463544,0.636661,0.564882,420,140,0.0957074,1,1,1,7,5
hk_pairs,138,45,1,54,1.05945,0,9937,5939,0.186937,0.220581,0.0334406,0.0661564,0.217905,1.05,1.08147,0.401639,0.426799,0.452186,0.838432,0.379501,0.619724,0.555985,420,140,0.102463,-1,1,1,2,5
hk_pairs,139,45,1,8,2.07837,0,9999,4108,0.200145,0.209965,-0.147857,-0.339954,0.650781,1.05,1.06703,0.710383,0.543261,0.713115,0.949584,0.776033,0.578764,0.513093,420,140,0.0780541,1,1,1,2,9
hk_pairs,140,45,1,264,5.65355,1,9884,5858,0.195301,-0.138306,0.0263662,0.235632,0.410438,1.05,0.99987,0.762295,0.567168,0.762295,0.989953,0.585634,0.529265,0.485644,420,140,0.0868675,1,1,1,7,0
hk_pairs,141,45,1,92,5.51741,0,9933,5930,0.182703,0.19986,0.0371904,-0.349297,0.568108,1.05,1.00378,0.416667,0.32969,0.416667,0.960174,0.690393,0.28161,0.216493,420,140,0.10494,1,1,1,2,10
hk_pairs,142,45,1,328,5.24915,0,145,5978,-0.231475,0.0557003,0.036871,0.0694427,0.268819,1.05,1.25403,0.360656,0.360314,0.392077,0.866582,0.424462,0.500293,0.428883,420,140,0.0948832,1,1,1,3,5
hk_pairs,143,45,1,8,6.20632,0,9999,5858,0.200145,0.209965,0.0263662,0.235632,0.175664,1.05,0.983993,0.56694,0.470059,0.56694,0.921434,0.332065,0.721869,0.649315,420,140,0.0787077,-1,1,1,2,0
hk_pairs,144,45,1,183,4.97438,0,4310,10964,-0.132963,-0.342716,0.284098,0.0404701,0.566507,1.05,1.04049,0.714481,0.557377,0.726776,0.962708,0.712373,0.692828,0.66222,420,140,0.0755475,1,1,1,9,4
hk_pairs,145,45,1,298,3.90289,0,5919,10195,0.0272675,-0.319218,0.216139,-0.341412,0.190204,1.05,1.14609,0.703552,0.556466,0.704918,0.974203,0.377091,0.845012,0.80191,420,140,0.070945,-1,1,1,10,9
hk_pairs,146,45,1,84,0.976585,0,6511,224,0.0878019,0.250875,-0.221721,0.0423927,0.373287,1.05,1.02092,0.545082,0.4227,0.545082,0.947773,0.479694,0.494227,0.424146,420,140,0.084177,-1,1,1,0,3
hk_pairs,147,45,1,222,0.555337,0,3934,6053,-0.151329,-0.294903,0.0478668,0.239101,0.569957,1.05,1.01827,0.715847,0.50296,0.715847,0.979363,0.714496,0.427589,0.368746,420,140,0.0958638,1,1,1,9,0
hk_pairs,148,45,1,197,3.25453,0,6470,224,0.0838451,0.227665,-0.221721,0.0423927,0.357346,1.05,1.00554,0.571038,0.421334,0.571038,0.954471,0.48623,0.441949,0.368642,420,140,0.0820157,-1,1,1,0,3
hk_pairs,149,45,1,328,4.40539,0,145,6053,-0.231475,0.0557003,0.0478668,0.239101,0.334266,1.05,1.1638,0.446721,0.369763,0.454918,0.946235,0.496104,0.499458,0.433193,420,140,0.0923841,1,1,1,3,0
hk_pairs,150,45,1,186,1.97787,1,2504,6053,-0.170369,-0.154715,0.0478668,0.239101,0.450272,1.05,1.05596,0.803279,0.589936,0.803279,0.990043,0.668079,0.535501,0.471346,420,140,0.0977359,-1,1,1,6,0
hk_pairs,151,45,1,162,2.45602,0,5545,9955,-0.00940895,0.172716,0.202683,-0.118843,0.360547,1.05,1.02844,0.314208,0.258083,0.314208,0.937907,0.514689,0.315464,0.248328,420,140,0.0964534,1,1,1,0,7
hk_pairs,152,45,1,103,1.5363,1,7750,5939,0.152654,-0.326788,0.0334406,0.0661564,0.410631,1.05,1.1243,0.673497,0.51628,0.673497,0.958545,0.534302,0.629479,0.548384,420,140,0.0786336,1,1,1,11,5
hk_pairs,153,45,1,338,3.85432,0,8247,4116,0.16576,-0.127426,-0.129105,0.207911,0.446623,1.05,1.1176,0.622951,0.482013,0.629781,0.958545,0.549472,0.470904,0.393331,420,140,0.0938721,-1,1,1,7,2
hk_pairs,154,45,1,15,0.945748,0,2437,6053,-0.165091,-0.120352,0.0478668,0.239101,0.417801,1.05,1.0999,0.724044,0.53199,0.724044,0.928313,0.619421,0.449079,0.388719,420,140,0.0909345,1,1,1,6,0
hk_pairs,155,45,1,174,0.356947,0,9442,4108,0.233411,0.0544262,-0.147857,-0.339954,0.548994,1.05,0.986112,0.819672,0.590392,0.823771,0.976919,0.688231,0.655533,0.592036,420,140,0.0844701,-1,1,1,4,9
hk_pairs,156,45,1,115,1.42861,1,3069,9955,-0.143905,-0.0775318,0.202683,-0.118843,0.349069,1.05,1.12523,0.646175,0.472792,0.646175,0.983979,0.545967,0.463076,0.423403,420,140,0.0796892,1,1,1,6,7
hk_pairs,157,45,1,3,6.26503,0,6806,310,0.10325,0.0450993,-0.219474,0.0443707,0.32291,1.05,0.992459,0.592896,0.465847,0.592896,0.961169,0.449072,0.570855,0.511077,420,140,0.0926614,1,1,1,5,4
hk_pairs,158,45,1,44,5.14978,1,5645,5930,-0.00140858,-0.144583,0.0371904,-0.349297,0.208321,1.05,0.916312,0.573771,0.520606,0.599727,0.934377,0.423537,0.66982,0.60412,420,140,0.0768065,-1,1,1,8,10
hk_pairs,159,45,1,72,5.77061,0,504,10195,-0.210823,0.0496616,0.216139,-0.341412,0.578995,1.05,1.01397,0.759563,0.554417,0.769126,0.983436,0.683538,0.625705,0.581387,420,140,0.0938731,-1,1,1,3,11
hk_pairs,160,45,1,264,0.900557,1,9884,310,0.195301,-0.138306,-0.219474,0.0443707,0.453221,1.05,1.11033,0.631148,0.513434,0.631148,0.959812,0.598126,0.547108,0.486619,420,140,0.084248,1,1,1,7,4
hk_pairs,161,45,1,227,5.64854,1,6895,5939,0.117936,0.22892,0.0334406,0.0661564,0.18339,1.05,1.08888,0.497268,0.429076,0.515027,0.880069,0.37934,0.625227,0.559574,420,140,0.0962338,-1,1,1,0,5
hk_pairs,162,45,1,126,5.77095,1,6357,4108,0.0781794,-0.235918,-0.147857,-0.339954,0.248829,1.05,0.988895,0.840164,0.638434,0.840164,0.988143,0.491716,0.737519,0.667378,420,140,0.0761342,1,1,1,8,9
hk_pairs,163,45,1,39,1.711,1,4259,9841,-0.13482,-0.326654,0.197027,0.204229,0.626104,1.05,0.997858,0.579235,0.41883,0.579235,0.978639,0.79393,0.38748,0.318237,420,140,0.0785994,1,1,1,9,2
hk_pairs,164,45,1,241,1.19847,1,3662,10195,-0.153935,-0.152021,0.216139,-0.341412,0.415829,1.05,1.00669,0.879781,0.636498,0.879781,0.992759,0.550843,0.690174,0.647135,420,140,0.0781086,1,1,1,6,9
hk_pairs,165,45,1,100,2.51394,0,8821,310,0.195513,0.18189,-0.219474,0.0443707,0.437188,1.05,1.05182,0.47541,0.363843,0.47541,0.927679,0.553871,0.387531,0.319741,420,140,0.0971579,1,1,1,2,4
hk_pairs,166,45,1,10,0.8158,1,6119,3892,0.0508642,-0.333344,-0.136424,-0.123369,0.281365,1.05,1.02086,0.734973,0.555783,0.734973,0.953114,0.469533,0.74608,0.67381,420,140,0.0756353,1,1,1,10,7
hk_pairs,167,45,1,90,0.0157638,0,6647,224,0.0964994,0.209301,-0.221721,0.0423927,0.359336,1.05,1.11078,0.521858,0.378074,0.521858,0.94542,0.504957,0.383064,0.31215,420,140,0.0858011,-1,1,1,0,3
hk_pairs,168,45,1,27,4.651,1,8788,3682,0.173862,-0.131302,-0.145237,-0.120049,0.319417,1.05,1.10369,0.610656,0.478142,0.610656,0.976738,0.476088,0.515715,0.44009,420,140,0.07706,-1,1,1,7,6
hk_pairs,169,45,1,220,5.88645,1,2899,6021,-0.152348,0.177713,0.0385189,-0.17988,0.405498,1.05,1.1882,0.662568,0.513775,0.662568,0.969587,0.545423,0.573417,0.507657,420,140,0.0970879,1,1,1,1,8
hk_pairs,170,45,1,143,2.05438,0,4100,6053,-0.141575,-0.163162,0.0478668,0.239101,0.444836,1.05,1.08431,0.728142,0.531421,0.728142,0.980087,0.66734,0.460796,0.403119,420,140,0.0940932,1,1,1,6,0
hk_pairs,171,45,1,280,1.6581,1,3801,5978,-0.15529,-0.32687,0.036871,0.0694427,0.440461,1.05,1.11104,0.577869,0.44934,0.596995,0.972846,0.558036,0.533567,0.452449,420,140,0.08091,-1,1,1,9,5
hk_pairs,172,45,1,206,2.37031,0,8980,5858,0.221174,0.0692406,0.0263662,0.235632,0.257229,1.05,1.13626,0.778689,0.594376,0.778689,0.948316,0.409343,0.694531,0.628901,420,140,0.085779,1,1,1,4,0
hk_pairs,173,45,1,215,3.61909,0,507,9841,-0.208078,0.0250587,0.197027,0.204229,0.443057,1.05,1.01598,0.79918,0.574112,0.79918,0.977824,0.560708,0.556482,0.476696,420,140,0.107137,1,1,1,3,2
hk_pairs,174,45,1,175,5.30413,0,5584,9955,-0.00548744,0.10948,0.202683,-0.118843,0.309019,1.05,1.06418,0.285519,0.248406,0.286885,0.906951,0.483464,0.314433,0.23461,420,140,0.112457,1,1,1,5,6
hk_pairs,175,45,1,120,4.15146,1,6292,4108,0.0676842,0.00810242,-0.147857,-0.339954,0.409475,1.05,1.13529,0.47541,0.365893,0.47541,0.968773,0.54195,0.380466,0.309176,420,140,0.085058,-1,1,1,5,9
hk_pairs,176,45,1,7,4.69295,0,164,9747,-0.223902,0.0221577,0.196574,0.196699,0.455269,1.05,0.994915,0.784153,0.567623,0.784153,0.983345,0.562946,0.543519,0.464008,420,140,0.0909826,-1,1,1,3,1
hk_pairs,177,45,1,103,5.21192,0,7750,3682,0.152654,-0.326788,-0.145237,-0.120049,0.362686,1.05,1.05353,0.48224,0.39367,0.48224,0.898896,0.508122,0.524194,0.44369,420,140,0.0796054,1,1,1,11,6
hk_pairs,178,45,1,337,3.00546,1,3682,10964,-0.145237,-0.120049,0.284098,0.0404701,0.458361,1.05,1.03995,0.644809,0.492942,0.644809,0.952752,0.646927,0.524643,0.486006,420,140,0.0747258,-1,1,1,6,3
hk_pairs,179,45,1,19,2.7318,0,4470,9841,-0.109414,0.186338,0.197027,0.204229,0.306963,1.05,1.04081,0.721312,0.537568,0.721312,0.988052,0.44127,0.572199,0.489891,420,140,0.088862,-1,1,1,1,2
hk_pairs,180,45,1,329,0.35986,1,6120,5858,0.0509748,0.0237045,0.0263662,0.235632,0.213521,1.05,1.13242,0.543716,0.444103,0.547814,0.961169,0.415295,0.52046,0.450115,420,140,0.111558,1,1,1,5,0
hk_pairs,181,45,1,98,1.61437,1,5863,9955,0.0214481,-0.16329,0.202683,-0.118843,0.186672,1.05,1.16794,0.590164,0.519809,0.594262,0.962618,0.442594,0.698325,0.647357,420,140,0.0743199,-1,1,1,8,7
hk_pairs,182,45,1,82,5.44553,1,9822,5905,0.200569,-0.095808,0.030447,-0.17753,0.188742,1.05,1.10064,0.648907,0.577527,0.65847,0.945511,0.416432,0.773082,0.703429,420,140,0.0747899,1,1,1,7,8
hk_pairs,183,45,1,287,5.03878,0,1051,10964,-0.206388,0.0350857,0.284098,0.0404701,0.491195,1.05,1.11099,0.781421,0.584586,0.781421,0.970583,0.648051,0.604339,0.555686,420,140,0.0906198,1,1,1,3,4
hk_pairs,184,45,1,319,5.79294,0,6265,4108,0.0644598,0.127008,-0.147857,-0.339954,0.512964,1.05,1.08017,0.736339,0.513889,0.736339,0.981445,0.704193,0.518806,0.450189,420,140,0.080573,-1,1,1,5,11
hk_pairs,185,45,1,267,5.20116,0,6716,4116,0.111661,-0.328478,-0.129105,0.207911,0.587946,1.05,1.05418,0.610656,0.432605,0.610656,0.991763,0.751234,0.36938,0.295592,420,140,0.0788765,1,1,1,11,2
hk_pairs,186,45,1,78,4.32384,0,324,9955,-0.22358,0.0506763,0.202683,-0.118843,0.458885,1.05,0.994091,0.651639,0.473133,0.651639,0.977552,0.632067,0.450611,0.402133,420,140,0.107527,-1,1,1,3,6
hk_pairs,187,45,1,286,1.9583,1,5732,10964,0.0032053,-0.347618,0.284098,0.0404701,0.479169,1.05,1.09737,0.860656,0.637523,0.860656,0.988776,0.622498,0.788201,0.759897,420,140,0.0736086,-1,1,1,10,3
hk_pairs,188,45,1,312,1.1237,0,2296,10195,-0.170065,0.173468,0.216139,-0.341412,0.643645,1.05,1.04207,0.665301,0.504212,0.665301,0.967234,0.794027,0.546589,0.508004,420,140,0.0961038,-1,1,1,1,9
hk_pairs,189,45,1,183,1.79248,1,4310,9955,-0.132963,-0.342716,0.202683,-0.118843,0.403542,1.05,1.01885,0.874317,0.628871,0.874317,0.962256,0.599949,0.709594,0.654217,420,140,0.0777762,-1,1,1,9,7
hk_pairs,190,45,1,82,2.03389,1,9822,4108,0.200569,-0.095808,-0.147857,-0.339954,0.425455,1.05,1.06241,0.964481,0.681353,0.964481,0.99303,0.626812,0.71758,0.647092,420,140,0.0746038,-1,1,1,7,9
hk_pairs,191,45,1,78,4.78621,1,324,10195,-0.22358,0.0506763,0.216139,-0.341412,0.589177,1.05,1.00919,0.765027,0.560792,0.780055,0.976376,0.699606,0.628192,0.585319,420,140,0.0989079,-1,1,1,3,11
hk_pairs,192,45,1,227,1.12394,1,6895,224,0.117936,0.22892,-0.221721,0.0423927,0.387585,1.05,0.960538,0.494536,0.380009,0.494536,0.956915,0.517065,0.394624,0.314531,420,133,0.0881422,1,1,1,0,3
hk_pairs,193,45,1,100,2.08493,1,8821,5930,0.195513,0.18189,0.0371904,-0.349297,0.55441,1.05,1.12838,0.881148,0.620105,0.881148,0.985337,0.74012,0.639061,0.582612,420,133,0.099773,-1,1,1,2,10
hk_pairs,194,45,1,246,2.30327,0,3742,10195,-0.139513,-0.105675,0.216139,-0.341412,0.42679,1.05,1.00972,0.831967,0.595628,0.831967,0.985337,0.629179,0.656469,0.614924,420,133,0.0759034,-1,1,1,6,11
hk_pairs,195,45,1,64,2.40967,1,3105,10964,-0.148814,0.158411,0.284098,0.0404701,0.44869,1.05,0.894119,0.845628,0.60724,0.845628,0.998371,0.588336,0.659091,0.60842,420,133,0.0931586,1,1,1,1,3
hk_pairs,196,45,1,46,1.09632,1,9358,3892,0.230137,0.0901203,-0.136424,-0.123369,0.42457,1.05,1.00832,0.637978,0.466985,0.637978,0.976738,0.597081,0.474269,0.399171,420,133,0.100262,1,1,1,4,7
hk_pairs,197,45,1,264,2.11007,1,9884,5939,0.195301,-0.138306,0.0334406,0.0661564,0.260777,1.05,1.03118,0.646175,0.538821,0.646175,0.975199,0.426526,0.630946,0.56719,420,133,0.0819253,-1,1,1,7,5
hk_pairs,198,45,1,327,3.95789,1,9518,5930,0.186737,-0.138107,0.0371904,-0.349297,0.258925,1.05,0.983218,0.868852,0.672359,0.886612,0.981173,0.422698,0.862957,0.799252,420,133,0.0759021,-1,1,1,7,10
hk_pairs,199,45,1,206,1.90605,0,8980,4116,0.221174,0.0692406,-0.129105,0.207911,0.377433,1.05,1.04956,0.509563,0.401753,0.509563,0.938994,0.54355,0.527897,0.446508,420,133,0.0908268,1,1,1,4,2
hk_pairs,200,45,1,64,5.33493,0,3105,5930,-0.148814,0.158411,0.0371904,-0.349297,0.540708,1.05,1.10557,0.583333,0.432377,0.583333,0.93664,0.707615,0.393646,0.319958,420,133,0.0985903,-1,1,1,1,10
hk_pairs,201,45,1,155,0.281881,0,64,6021,-0.233828,0.0385914,0.0385189,-0.17988,0.349187,1.05,1.03331,0.704918,0.532673,0.709016,0.946144,0.572109,0.662837,0.599599,420,133,0.0865655,-1,1,1,3,8
hk_pairs,202,45,1,183,6.00248,1,4310,9841,-0.132963,-0.342716,0.197027,0.204229,0.638907,1.05,1.10397,0.596995,0.419399,0.596995,0.956553,0.763031,0.357011,0.287702,420,133,0.0775547,1,1,1,9,2
hk_pairs,203,45,1,327,1.4981,0,9518,5858,0.186737,-0.138107,0.0263662,0.235632,0.406789,1.05,0.969649,0.766393,0.568192,0.766393,0.987328,0.549853,0.536942,0.483749,420,133,0.0859703,1,1,1,7,0
hk_pairs,204,45,1,329,1.87031,1,6120,3892,0.0509748,0.0237045,-0.136424,-0.123369,0.238247,1.05,0.937761,0.497268,0.405852,0.519126,0.940894,0.358346,0.483832,0.399485,420,133,0.0910872,1,1,1,5,7
hk_pairs,205,45,1,172,5.2646,1,9878,5905,0.195704,-0.145012,0.030447,-0.17753,0.168662,1.05,1.25002,0.588798,0.541894,0.592896,0.918175,0.342651,0.778163,0.715039,420,133,0.0740969,1,1,1,7,8
hk_pairs,206,45,1,12,3.76969,1,5868,6053,0.0214767,-0.215532,0.0478668,0.239101,0.455466,1.05,1.00955,0.571038,0.425433,0.571038,0.909124,0.638946,0.374522,0.303432,420,133,0.0872294,-1,1,1,8,0
hk_pairs,207,45,1,177,3.35053,1,6756,4229,0.104531,-0.171541,-0.12455,0.197117,0.434036,1.05,1.09481,0.685792,0.4852,0.685792,0.995022,0.603172,0.447433,0.378028,420,133,0.0814114,1,1,1,8,1
hk_pairs,208,45,1,177,0.401355,1,6756,4229,0.104531,-0.171541,-0.12455,0.197117,0.434036,1.05,1.09901,0.687159,0.485542,0.687159,0.993211,0.617253,0.448499,0.378644,420,133,0.0833519,-1,1,1,8,1
hk_pairs,209,45,1,155,4.17832,0,64,9841,-0.233828,0.0385914,0.197027,0.204229,0.461602,1.05,1.12586,0.396175,0.302937,0.396175,0.933472,0.622461,0.29048,0.212802,420,133,0.0866009,-1,1,1,3,2
hk_pairs,210,45,1,327,1.6605,0,9518,5905,0.186737,-0.138107,0.030447,-0.17753,0.161424,1.05,1.20995,0.576503,0.538024,0.576503,0.916637,0.343175,0.780225,0.712704,420,133,0.0734559,-1,1,1,7,8
hk_pairs,211,45,1,78,4.61026,1,324,5930,-0.22358,0.0506763,0.0371904,-0.349297,0.477743,1.05,1.00622,0.464481,0.362022,0.467213,0.886586,0.661085,0.348123,0.261112,420,133,0.103366,-1,1,1,3,10
hk_pairs,212,45,1,186,5.46744,0,2504,10964,-0.170369,-0.154715,0.284098,0.0404701,0.494635,1.05,1.07512,0.594262,0.494991,0.594262,0.929489,0.614243,0.533528,0.495035,420,133,0.0794652,-1,1,1,6,4
hk_pairs,213,45,1,267,1.70905,1,6716,310,0.111661,-0.328478,-0.219474,0.0443707,0.498751,1.05,1.03326,0.691257,0.540642,0.691257,0.980992,0.650175,0.700609,0.640143,420,133,0.0741734,-1,1,1,11,4
hk_pairs,214,45,1,299,3.12085,1,5677,9841,0.00559902,0.232574,0.197027,0.204229,0.193515,1.05,1.03704,0.551913,0.44638,0.568306,0.956644,0.316717,0.620526,0.541091,420,133,0.0782914,1,1,1,0,2
hk_pairs,215,45,1,227,5.82569,1,6895,4108,0.117936,0.22892,-0.147857,-0.339954,0.627955,1.05,1.03335,0.756831,0.549636,0.756831,0.932748,0.787988,0.533428,0.452042,420,133,0.0773378,-1,1,1,0,9
hk_pairs,216,45,1,149,1.06648,0,2641,9955,-0.166611,0.194302,0.202683,-0.118843,0.484319,1.05,0.983276,0.763661,0.536544,0.763661,0.980902,0.647081,0.51138,0.457878,420,133,0.0886989,1,1,1,1,6
hk_pairs,217,45,1,15,5.34829,0,2437,10964,-0.165091,-0.120352,0.284098,0.0404701,0.47711,1.05,1.05496,0.56694,0.466985,0.594262,0.978729,0.60023,0.549106,0.506736,420,133,0.0794517,1,1,1,6,4
hk_pairs,218,45,1,215,5.58371,0,507,9841,-0.208078,0.0250587,0.197027,0.204229,0.443057,1.05,1.10596,0.893443,0.623406,0.893443,0.994931,0.60932,0.552909,0.473186,420,133,0.104336,1,1,1,3,2
hk_pairs,219,45,1,84,0.488417,1,6511,4229,0.0878019,0.250875,-0.12455,0.197117,0.21922,1.05,1.06223,0.381148,0.341758,0.39071,0.946687,0.424709,0.552979,0.49725,420,133,0.0955737,1,1,1,0,1
hk_pairs,220,45,1,224,2.90966,1,5733,10964,0.00331974,-0.348007,0.284098,0.0404701,0.479417,1.05,1.04697,0.487705,0.372382,0.490437,0.983345,0.668214,0.369623,0.335688,420,133,0.0773723,-1,1,1,10,3
hk_pairs,221,45,1,345,0.549068,1,9708,224,0.179444,0.202303,-0.221721,0.0423927,0.431862,1.05,0.94883,0.948087,0.663821,0.948087,0.987238,0.567079,0.615565,0.548928,420,133,0.0823476,-1,1,1,2,3
hk_pairs,222,45,1,58,2.74408,1,10095,4116,0.206334,-0.160353,-0.129105,0.207911,0.498137,1.05,0.976901,0.79235,0.562386,0.79235,0.994026,0.660226,0.531194,0.452327,420,133,0.074163,-1,1,1,7,2
hk_pairs,223,45,1,206,4.64455,1,8980,4116,0.221174,0.0692406,-0.129105,0.207911,0.377433,1.05,1.05422,0.508197,0.399021,0.508197,0.919261,0.555704,0.520242,0.438972,420,133,0.0877249,-1,1,1,4,2
hk_pairs,224,45,1,241,1.22238,1,3662,9747,-0.153935,-0.152021,0.196574,0.196699,0.494447,1.05,1.09307,0.709016,0.511612,0.715847,0.994841,0.633094,0.492245,0.417967,420,133,0.0847465,-1,1,1,6,1
hk_pairs,225,45,1,345,1.34545,1,9708,5858,0.179444,0.202303,0.0263662,0.235632,0.156664,1.05,0.918368,0.528689,0.451161,0.538251,0.911206,0.29084,0.721753,0.649333,420,133,0.0783856,-1,1,1,2,0
hk_pairs,226,45,1,98,2.85642,1,5863,9955,0.0214481,-0.16329,0.202683,-0.118843,0.186672,1.05,1.17816,0.629781,0.518557,0.629781,0.978639,0.397471,0.692586,0.647452,420,133,0.073127,-1,1,1,8,6
hk_pairs,227,45,1,267,1.21553,0,6716,5930,0.111661,-0.328478,0.0371904,-0.349297,0.0773258,1.05,0.917321,0.538251,0.509221,0.562842,0.933744,0.250493,0.902385,0.85707,420,133,0.0704556,-1,1,1,11,10
hk_pairs,228,45,1,282,1.56368,1,5785,10195,0.0100203,-0.333939,0.216139,-0.341412,0.206321,1.05,1.16126,0.714481,0.571949,0.719945,0.987781,0.373384,0.834873,0.78733,420,133,0.0728807,1,1,1,10,11
hk_pairs,229,45,1,69,5.75756,0,6992,3892,0.133078,-0.357527,-0.136424,-0.123369,0.357052,1.05,1.02158,0.453552,0.379326,0.453552,0.930757,0.489398,0.542608,0.44117,420,133,0.0916659,1,1,1,11,7
hk_pairs,230,45,1,312,2.37829,1,2296,10195,-0.170065,0.173468,0.216139,-0.341412,0.643645,1.05,1.02003,0.684426,0.507741,0.684426,0.969225,0.79978,0.554031,0.515485,420,133,0.104943,-1,1,1,1,9
hk_pairs,231,45,1,277,4.64411,1,2945,9841,-0.153891,0.22728,0.197027,0.204229,0.351674,1.05,1.04925,0.775956,0.572177,0.775956,0.948316,0.501793,0.583009,0.500506,420,133,0.0867581,-1,1,1,1,2
hk_pairs,232,45,1,54,4.30516,1,9937,4108,0.186937,0.220581,-0.147857,-0.339954,0.652907,1.05,1.12772,0.719945,0.503643,0.719945,0.990768,0.819643,0.549061,0.485927,420,133,0.0811807,-1,1,1,2,9
hk_pairs,233,45,1,98,2.76133,1,5863,6053,0.0214481,-0.16329,0.0478668,0.239101,0.403365,1.05,1.05937,0.523224,0.393557,0.52459,0.973932,0.560166,0.380661,0.300043,420,133,0.0935002,1,1,1,8,0
hk_pairs,234,45,1,98,3.1399,1,5863,9747,0.0214481,-0.16329,0.196574,0.196699,0.400364,1.05,1.03308,0.512295,0.390824,0.512295,0.908219,0.581717,0.375194,0.312959,420,133,0.0844297,-1,1,1,8,1
hk_pairs,235,45,1,106,4.12607,1,8738,4108,0.188034,0.180145,-0.147857,-0.339954,0.619213,1.05,1.05384,0.546448,0.401981,0.546448,0.920981,0.764995,0.37715,0.307432,420,133,0.0887185,1,1,1,2,9
hk_pairs,236,45,1,3,0.847385,0,6806,4116,0.10325,0.0450993,-0.129105,0.207911,0.28444,1.05,1.11828,0.584699,0.445241,0.584699,0.975109,0.440042,0.424979,0.342536,420,133,0.0869692,1,1,1,5,2
hk_pairs,237,45,1,179,0.177836,1,10456,5858,0.233109,-0.0120106,0.0263662,0.235632,0.322598,1.05,1.18923,0.59153,0.470059,0.59153,0.930123,0.453932,0.573763,0.511367,420,133,0.0894836,-1,1,1,4,0
hk_pairs,238,45,1,84,5.10201,0,6511,5930,0.0878019,0.250875,0.0371904,-0.349297,0.602364,1.05,1.08637,0.501366,0.355874,0.501366,0.97882,0.787805,0.33892,0.263011,420,133,0.107081,-1,1,1,0,10
hk_pairs,239,45,1,331,4.39591,0,6022,5858,0.0380592,-0.34828,0.0263662,0.235632,0.58411,1.05,1.07305,0.486339,0.34449,0.486339,0.994298,0.772242,0.35084,0.274406,420,133,0.104215,1,1,1,10,0
hk_pairs,240,45,1,71,1.1551,0,5804,10964,0.0184364,-0.361752,0.284098,0.0404701,0.482035,1.05,1.11029,0.88388,0.658356,0.88388,0.984251,0.609795,0.803019,0.774024,420,133,0.0736757,1,1,1,10,4
hk_pairs,241,45,1,183,4.35233,1,4310,9955,-0.132963,-0.342716,0.202683,-0.118843,0.403542,1.05,1.00392,0.875683,0.624431,0.875683,0.980358,0.57945,0.699309,0.643666,420,133,0.0764188,1,1,1,9,7
hk_pairs,242,45,1,132,5.23494,0,6771,3682,0.110125,-0.342058,-0.145237,-0.120049,0.338527,1.05,1.0273,0.831967,0.602573,0.831967,0.977552,0.509534,0.773275,0.665813,420,133,0.0773222,-1,1,1,11,6
hk_pairs,243,45,1,161,3.5027,1,2296,9955,-0.170065,0.173468,0.202683,-0.118843,0.473695,1.05,1.07181,0.702186,0.520947,0.714481,0.949584,0.610168,0.507074,0.453146,420,133,0.0806798,-1,1,1,1,7
hk_pairs,244,45,1,161,2.27776,0,2296,5930,-0.170065,0.173468,0.0371904,-0.349297,0.562368,1.05,0.957618,0.476776,0.346312,0.476776,0.952661,0.744693,0.263855,0.18995,420,133,0.102954,1,1,1,1,10
hk_pairs,245,45,1,149,2.01958,1,2641,5930,-0.166611,0.194302,0.0371904,-0.349297,0.580757,1.05,0.964151,0.465847,0.345173,0.465847,0.955377,0.744244,0.27178,0.208945,420,133,0.0933341,1,1,1,1,10
hk_pairs,246,45,1,277,3.59035,0,2945,10195,-0.153891,0.22728,0.216139,-0.341412,0.678544,1.05,0.995523,0.733607,0.538934,0.733607,0.979725,0.790108,0.530303,0.491178,420,133,0.075929,1,1,1,1,9
hk_pairs,247,45,1,114,4.12084,1,5668,9841,0.00233459,0.0733776,0.197027,0.204229,0.234579,1.05,1.15007,0.387978,0.317965,0.387978,0.941166,0.363055,0.40936,0.337197,420,133,0.0888692,-1,1,1,5,2
hk_pairs,248,45,1,197,5.14979,1,6470,224,0.0838451,0.227665,-0.221721,0.0423927,0.357346,1.05,0.985545,0.579235,0.435337,0.579235,0.928313,0.565804,0.434682,0.365357,420,133,0.08482,1,1,1,0,3
hk_pairs,249,45,1,64,4.55654,1,3105,6053,-0.148814,0.158411,0.0478668,0.239101,0.21259,1.05,1.20064,0.636612,0.485428,0.64071,0.984794,0.361519,0.651036,0.581556,420,133,0.0882437,1,1,1,1,0
hk_pairs,250,45,1,115,4.5127,1,3069,6053,-0.143905,-0.0775318,0.0478668,0.239101,0.37018,1.05,1.12537,0.790984,0.568761,0.790984,0.98407,0.544508,0.553183,0.499103,420,133,0.0867296,-1,1,1,6,0
hk_pairs,251,45,1,172,5.06418,0,9878,4108,0.195704,-0.145012,-0.147857,-0.339954,0.395116,1.05,1.00134,0.871585,0.653233,0.901639,0.982169,0.519121,0.736144,0.664349,420,133,0.078048,-1,1,1,7,11
hk_pairs,252,45,1,310,4.17358,0,5736,9747,0.0107288,0.154242,0.196574,0.196699,0.190706,1.05,1.25937,0.603825,0.463456,0.603825,0.95067,0.356524,0.631375,0.554565,420,133,0.079102,-1,1,1,0,1
hk_pairs,253,45,1,289,5.97499,1,10063,224,0.254643,0.00918388,-0.221721,0.0423927,0.477552,1.05,1.09382,0.769126,0.588229,0.769126,0.972574,0.607424,0.612728,0.547802,420,133,0.0805113,1,1,1,4,3
hk_pairs,254,45,1,319,4.57792,1,6265,4116,0.0644598,0.127008,-0.129105,0.207911,0.209791,1.05,0.9015,0.478142,0.384904,0.478142,0.951394,0.343248,0.500934,0.425217,420,133,0.0876129,1,1,1,5,2
hk_pairs,255,45,1,15,0.498928,1,2437,6021,-0.165091,-0.120352,0.0385189,-0.17988,0.21227,1.05,1.11152,0.621585,0.529599,0.621585,0.965786,0.394928,0.709084,0.645782,420,133,0.0779101,1,1,1,6,8
hk_pairs,256,45,1,132,0.278798,1,6771,224,0.110125,-0.342058,-0.221721,0.0423927,0.507961,1.05,1.03677,0.713115,0.563411,0.715847,0.968682,0.657786,0.716824,0.652768,420,130,0.0751577,1,1,1,11,3
hk_pairs,257,45,1,327,0.323111,0,9518,4108,0.186737,-0.138107,-0.147857,-0.339954,0.390862,1.05,1.03043,0.943989,0.678734,0.964481,0.995203,0.571821,0.731177,0.660661,420,130,0.0757326,-1,1,1,7,9
hk_pairs,258,45,1,92,4.08536,0,9933,4108,0.182703,0.19986,-0.147857,-0.339954,0.632984,1.05,0.987443,0.557377,0.393101,0.557377,0.971126,0.816497,0.346859,0.286462,420,130,0.0841233,1,1,1,2,9
hk_pairs,259,45,1,289,2.87408,1,10063,5858,0.254643,0.00918388,0.0263662,0.235632,0.321589,1.05,1.18096,0.479508,0.403233,0.479508,0.964428,0.475001,0.585037,0.516322,420,130,0.0839574,-1,1,1,4,0
hk_pairs,260,45,1,215,6.28142,0,507,5930,-0.208078,0.0250587,0.0371904,-0.349297,0.447644,1.05,1.01227,0.418033,0.336863,0.419399,0.883961,0.619598,0.35883,0.289823,420,130,0.115699,-1,1,1,3,10
hk_pairs,261,45,1,162,2.9113,1,5545,10195,-0.00940895,0.172716,0.216139,-0.341412,0.561435,1.05,1.02887,0.755464,0.548839,0.758197,0.956915,0.694389,0.44382,0.404488,420,130,0.0761742,1,1,1,0,9
hk_pairs,262,45,1,58,2.58591,1,10095,4108,0.206334,-0.160353,-0.147857,-0.339954,0.39713,1.05,1.08789,1.04098,0.730988,1.04098,0.989953,0.604637,0.742913,0.671034,420,130,0.0746565,1,1,1,7,11
hk_pairs,263,45,1,206,5.90104,0,8980,5905,0.221174,0.0692406,0.030447,-0.17753,0.312734,1.05,1.08288,0.788251,0.575934,0.788251,0.980268,0.587534,0.721841,0.638671,420,130,0.0857545,1,1,1,4,8
hk_pairs,264,45,1,299,1.43884,0,5677,6021,0.00559902,0.232574,0.0385189,-0.17988,0.413836,1.05,0.979705,0.536885,0.402322,0.536885,0.975833,0.556885,0.429966,0.359484,420,130,0.112935,1,1,1,0,8
hk_pairs,265,45,1,222,2.89649,1,3934,6053,-0.151329,-0.294903,0.0478668,0.239101,0.569957,1.05,1.0276,0.70082,0.505123,0.70082,0.985699,0.713728,0.428463,0.368888,420,130,0.0906023,1,1,1,9,0
hk_pairs,266,45,1,186,0.724219,1,2504,10195,-0.170369,-0.154715,0.216139,-0.341412,0.429258,1.05,1.05095,0.845628,0.614754,0.845628,0.982259,0.598868,0.692255,0.650388,420,130,0.0775962,1,1,1,6,11
hk_pairs,267,45,1,69,2.02443,1,6992,4229,0.133078,-0.357527,-0.12455,0.197117,0.611557,1.05,1.0949,0.595628,0.429873,0.595628,0.984341,0.785723,0.372048,0.294931,420,130,0.0820124,1,1,1,11,1
hk_pairs,268,45,1,183,0.993811,0,4310,6021,-0.132963,-0.342716,0.0385189,-0.17988,0.236531,1.05,1.16699,0.599727,0.539959,0.599727,0.939989,0.392378,0.738053,0.672776,420,130,0.0738793,-1,1,1,9,8
hk_pairs,269,45,1,233,1.56808,0,5612,5930,-0.00146675,0.233496,0.0371904,-0.349297,0.584073,1.05,1.09323,0.476776,0.402209,0.5,0.969316,0.722257,0.408027,0.333518,420,130,0.0984082,1,1,1,0,10
hk_pairs,270,45,1,310,1.42499,1,5736,5978,0.0107288,0.154242,0.036871,0.0694427,0.0892003,1.05,0.986333,0.398907,0.380237,0.437158,0.915279,0.276177,0.558216,0.503041,420,130,0.0734111,-1,1,1,0,5
hk_pairs,271,45,1,174,6.21601,1,9442,4116,0.233411,0.0544262,-0.129105,0.207911,0.394294,1.05,1.09769,0.403006,0.324567,0.403006,0.912563,0.580979,0.37874,0.304385,420,130,0.0838394,-1,1,1,4,2
hk_pairs,272,45,1,229,2.33163,0,6569,4108,0.0888796,0.0682087,-0.147857,-0.339954,0.471849,1.05,0.95031,0.695355,0.515369,0.695355,0.965786,0.570876,0.610251,0.530606,420,130,0.085739,1,1,1,5,11
hk_pairs,273,45,1,227,1.15571,0,6895,3892,0.117936,0.22892,-0.136424,-0.123369,0.434529,1.05,0.944717,0.703552,0.521061,0.703552,0.978639,0.58123,0.53607,0.451387,420,130,0.0800673,1,1,1,0,7
hk_pairs,274,45,1,84,6.25852,0,6511,310,0.0878019,0.250875,-0.219474,0.0443707,0.37022,1.05,0.990913,0.565574,0.445697,0.575137,0.976738,0.487967,0.516741,0.442191,420,130,0.0839464,-1,1,1,0,4
hk_pairs,275,45,1,222,1.9442,1,3934,5978,-0.151329,-0.294903,0.036871,0.0694427,0.410096,1.05,1.04051,0.590164,0.470742,0.606557,0.953476,0.558652,0.533382,0.453052,420,130,0.0803688,1,1,1,9,5
hk_pairs,276,45,1,44,0.927781,1,5645,10195,-0.00140858,-0.144583,0.216139,-0.341412,0.293527,1.05,1.07901,0.759563,0.575023,0.759563,0.954019,0.56346,0.658352,0.603438,420,130,0.072353,-1,1,1,8,11
hk_pairs,277,45,1,280,4.35624,0,3801,9747,-0.15529,-0.32687,0.196574,0.196699,0.630819,1.05,1.07686,0.770492,0.536316,0.770492,0.977552,0.754728,0.58536,0.516636,420,130,0.0771263,1,1,1,9,1
hk_pairs,278,45,1,310,1.21157,1,5736,10195,0.0107288,0.154242,0.216139,-0.341412,0.536531,1.05,0.994382,0.752732,0.539162,0.752732,0.994117,0.659722,0.472409,0.431546,420,130,0.0764445,-1,1,1,0,11
hk_pairs,279,45,1,280,3.0015,1,3801,6021,-0.15529,-0.32687,0.0385189,-0.17988,0.24327,1.05,1.06689,0.377049,0.4227,0.47541,0.854363,0.429365,0.714656,0.645346,420,130,0.0815849,1,1,1,9,8
hk_pairs,280,45,1,54,1.06896,0,9937,5905,0.186937,0.220581,0.030447,-0.17753,0.427764,1.05,1.05869,0.782787,0.572291,0.782787,0.985699,0.648907,0.621128,0.545371,420,130,0.0918483,-1,1,1,2,8
hk_pairs,281,45,1,327,4.29976,0,9518,4229,0.186737,-0.138107,-0.12455,0.197117,0.45755,1.05,1.03511,0.741803,0.54474,0.744536,0.974203,0.562109,0.529077,0.451965,420,130,0.0772755,-1,1,1,7,1
hk_pairs,282,45,1,319,0.0402846,0,6265,5858,0.0644598,0.127008,0.0263662,0.235632,0.115109,1.05,1.2383,0.483607,0.425888,0.484973,0.942343,0.322432,0.610706,0.560692,420,130,0.0739312,1,1,1,5,0
hk_pairs,283,45,1,280,2.70353,1,3801,10195,-0.15529,-0.32687,0.216139,-0.341412,0.371752,1.05,1.02865,0.612022,0.516735,0.646175,0.92424,0.516302,0.624957,0.562784,420,130,0.0744212,1,1,1,9,11
hk_pairs,284,45,1,286,0.98474,0,5732,9841,0.0032053,-0.347618,0.197027,0.204229,0.584972,1.05,1.05358,0.438525,0.312386,0.441257,0.97538,0.757716,0.23834,0.173853,420,130,0.114079,-1,1,1,10,2
hk_pairs,285,45,1,193,4.81466,1,8574,5930,0.170078,0.197699,0.0371904,-0.349297,0.562983,1.05,1.1303,0.42623,0.319217,0.42623,0.878259,0.756631,0.292953,0.230004,420,130,0.095885,-1,1,1,2,10
hk_pairs,286,45,1,202,1.27107,1,144,6053,-0.231685,0.0509739,0.0478668,0.239101,0.33709,1.05,1.09058,0.519126,0.4227,0.519126,0.891474,0.472095,0.559727,0.490385,420,130,0.0899427,-1,1,1,3,0
hk_pairs,287,45,1,337,5.79203,1,3682,9841,-0.145237,-0.120049,0.197027,0.204229,0.471488,1.05,1.00846,0.718579,0.522086,0.718579,0.8855,0.660415,0.489722,0.413513,420,130,0.0826374,1,1,1,6,2
hk_pairs,288,45,1,84,0.282266,1,6511,4116,0.0878019,0.250875,-0.129105,0.207911,0.221288,1.05,0.997328,0.412568,0.339822,0.422131,0.986966,0.385577,0.570024,0.501719,420,130,0.0828675,1,1,1,0,2
hk_pairs,289,45,1,126,6.12855,1,6357,3892,0.0781794,-0.235918,-0.136424,-0.123369,0.242377,1.05,1.02599,0.657104,0.515597,0.657104,0.980721,0.442562,0.675649,0.577588,420,130,0.0797702,1,1,1,8,7
hk_pairs,290,45,1,92,4.26893,1,9933,310,0.182703,0.19986,-0.219474,0.0443707,0.431288,1.05,0.972312,0.385246,0.29975,0.385246,0.946959,0.536514,0.292636,0.226699,420,130,0.0923337,1,1,1,2,4
hk_pairs,291,45,1,105,5.53909,1,6653,4108,0.101108,-0.290789,-0.147857,-0.339954,0.254124,1.05,0.970884,0.687159,0.556011,0.695355,0.960807,0.404811,0.767174,0.696691,420,130,0.0765429,1,1,1,11,9
hk_pairs,292,45,1,54,0.676097,0,9937,5930,0.186937,0.220581,0.0371904,-0.349297,0.589224,1.05,1.09878,0.397541,0.315915,0.397541,0.903421,0.775365,0.272417,0.206602,420,130,0.097629,-1,1,1,2,10
hk_pairs,293,45,1,46,4.00097,0,9358,5939,0.230137,0.0901203,0.0334406,0.0661564,0.198656,1.05,1.25553,0.467213,0.442281,0.523224,0.899258,0.431146,0.633917,0.563796,420,130,0.0989085,1,1,1,4,5
hk_pairs,294,45,1,175,0.818406,1,5584,5930,-0.00548744,0.10948,0.0371904,-0.349297,0.460855,1.05,1.02077,0.519126,0.374431,0.519126,0.963251,0.622448,0.450086,0.387306,420,130,0.0944338,-1,1,1,5,10
hk_pairs,295,45,1,54,5.3616,1,9937,5930,0.186937,0.220581,0.0371904,-0.349297,0.589224,1.05,1.07374,0.392077,0.31694,0.392077,0.886043,0.764682,0.273329,0.207254,420,130,0.10158,1,1,1,2,10
hk_pairs,296,45,1,241,4.74998,1,3662,10195,-0.153935,-0.152021,0.216139,-0.341412,0.415829,1.05,1.08508,0.782787,0.578666,0.793716,0.98588,0.538505,0.685232,0.642025,420,130,0.0820431,1,1,1,6,11
hk_pairs,297,45,1,105,3.55584,0,6653,4229,0.101108,-0.290789,-0.12455,0.197117,0.537728,1.05,1.04784,0.61612,0.431011,0.61612,0.991401,0.744254,0.376476,0.297908,420,130,0.0843389,1,1,1,11,1
hk_pairs,298,45,1,331,1.57308,0,6022,5858,0.0380592,-0.34828,0.0263662,0.235632,0.58411,1.05,1.08786,0.489071,0.34893,0.489071,0.973298,0.759839,0.359619,0.274996,420,130,0.102789,-1,1,1,10,0
hk_pairs,299,45,1,346,0.0225331,0,6883,4108,0.116501,-0.263332,-0.147857,-0.339954,0.275277,1.05,1.11238,0.864754,0.636954,0.864754,0.988052,0.503895,0.767247,0.694984,420,130,0.0814278,-1,1,1,11,9
hk_pairs,300,45,1,346,3.4843,0,6883,4108,0.116501,-0.263332,-0.147857,-0.339954,0.275277,1.05,1.06625,0.801913,0.605647,0.803279,0.997375,0.44482,0.76826,0.695914,420,130,0.0779317,1,1,1,11,9
hk_pairs,301,45,1,235,0.132901,1,2606,10964,-0.156796,0.191725,0.284098,0.0404701,0.466118,1.05,0.901773,0.607924,0.457992,0.607924,0.967596,0.602901,0.515079,0.456112,420,130,0.0870216,1,1,1,1,4
hk_pairs,302,45,1,72,0.78979,1,504,10964,-0.210823,0.0496616,0.284098,0.0404701,0.495099,1.05,1.11283,0.855191,0.61908,0.855191,0.975109,0.667074,0.629258,0.579054,420,130,0.0879845,-1,1,1,3,4
hk_pairs,303,45,1,177,2.37035,0,6756,4108,0.104531,-0.171541,-0.147857,-0.339954,0.303418,1.05,0.955323,0.819672,0.608948,0.827869,0.995836,0.496832,0.719572,0.648834,420,130,0.0772859,1,1,1,8,11
hk_pairs,304,45,1,186,4.05288,1,2504,10195,-0.170369,-0.154715,0.216139,-0.341412,0.429258,1.05,1.04859,0.872951,0.630578,0.872951,0.980358,0.588889,0.691821,0.649613,420,130,0.0781869,-1,1,1,6,11
hk_pairs,305,45,1,24,3.81542,1,2921,9955,-0.174654,-0.295691,0.202683,-0.118843,0.416746,1.05,1.11853,0.904372,0.652322,0.904372,0.989953,0.568166,0.68177,0.631979,420,130,0.0729322,1,1,1,9,7
hk_pairs,306,45,1,282,0.550249,0,5785,10195,0.0100203,-0.333939,0.216139,-0.341412,0.206321,1.05,1.04461,0.739071,0.57969,0.741803,0.972303,0.348731,0.835207,0.787645,420,130,0.071659,-1,1,1,10,9
hk_pairs,307,45,1,229,5.40614,0,6569,224,0.0888796,0.0682087,-0.221721,0.0423927,0.311671,1.05,0.913609,0.571038,0.446038,0.571038,0.950579,0.4113,0.569057,0.503201,420,130,0.0847107,-1,1,1,5,3
hk_pairs,308,45,1,82,5.43222,0,9822,3682,0.200569,-0.095808,-0.145237,-0.120049,0.34666,1.05,1.17054,0.580601,0.48281,0.59153,0.949131,0.446437,0.498423,0.425264,420,130,0.0763408,1,1,1,7,6
hk_pairs,309,45,1,175,1.80434,0,5584,10964,-0.00548744,0.10948,0.284098,0.0404701,0.297844,1.05,1.02012,0.521858,0.42771,0.521858,0.949131,0.4889,0.54554,0.502567,420,130,0.0719884,-1,1,1,5,4
hk_pairs,310,45,1,184,2.39864,0,6043,5905,0.048605,-0.316998,0.030447,-0.17753,0.140644,1.05,1.0516,0.509563,0.47541,0.558743,0.939175,0.31975,0.79011,0.722416,420,130,0.0750371,-1,1,1,10,8
hk_pairs,311,45,1,87,2.22171,0,10428,4108,0.212633,0.0399647,-0.147857,-0.339954,0.523728,1.05,0.970153,0.814208,0.589367,0.822404,0.98235,0.644566,0.665549,0.599423,420,130,0.0857016,1,1,1,4,9
hk_pairs,312,45,1,103,2.05437,0,7750,5930,0.152654,-0.326788,0.0371904,-0.349297,0.11789,1.05,0.955317,0.681694,0.587887,0.696721,0.967324,0.280022,0.941011,0.868439,420,130,0.076255,-1,1,1,11,10
hk_pairs,313,45,1,184,5.13227,1,6043,3892,0.048605,-0.316998,-0.136424,-0.123369,0.267867,1.05,0.96088,0.70082,0.525615,0.70082,0.96651,0.445559,0.745225,0.67197,420,130,0.0780741,1,1,1,10,7
hk_pairs,314,45,1,3,6.1834,1,6806,5930,0.10325,0.0450993,0.0371904,-0.349297,0.400402,1.05,1.09944,0.620219,0.464367,0.620219,0.953295,0.548233,0.538908,0.487243,420,130,0.104622,1,1,1,5,10
hk_pairs,315,45,1,290,5.23951,0,4930,6021,-0.0828028,-0.344391,0.0385189,-0.17988,0.20455,1.05,1.13369,0.536885,0.467669,0.538251,0.944062,0.366064,0.73152,0.659925,420,130,0.0829186,-1,1,1,9,8
hk_pairs,316,45,1,8,0.855121,1,9999,310,0.200145,0.209965,-0.219474,0.0443707,0.451208,1.05,1.04584,0.704918,0.515027,0.704918,0.923787,0.614565,0.544396,0.474086,420,130,0.0864777,1,1,1,2,4
hk_pairs,317,45,1,246,4.9369,1,3742,10964,-0.139513,-0.105675,0.284098,0.0404701,0.448112,1.05,0.966729,0.568306,0.492942,0.575137,0.945511,0.565216,0.535694,0.495883,420,130,0.0797891,1,1,1,6,4
hk_pairs,318,45,1,15,2.99716,0,2437,10195,-0.165091,-0.120352,0.216139,-0.341412,0.440787,1.05,1.03427,0.893443,0.641052,0.893443,0.979906,0.607246,0.681406,0.638156,420,130,0.0799483,1,1,1,6,11
hk_pairs,319,45,1,319,4.9967,0,6265,4108,0.0644598,0.127008,-0.147857,-0.339954,0.512964,1.05,1.13803,0.688525,0.487022,0.688525,0.982621,0.665594,0.505828,0.435277,420,130,0.0811361,-1,1,1,5,11
hk_pairs,320,45,1,199,3.56608,1,6355,5930,0.0776005,-0.248301,0.0371904,-0.349297,0.109113,1.05,1.08619,0.60929,0.539618,0.629781,0.963794,0.337517,0.835737,0.787473,120,139,0.0717977,1,1,1,8,10
hk_pairs,321,45,1,229,5.40822,0,6569,5905,0.0888796,0.0682087,0.030447,-0.17753,0.252591,1.05,0.864422,0.560109,0.462887,0.571038,0.949493,0.411206,0.61994,0.546037,120,139,0.0976391,-1,1,1,5,8
hk_pairs,322,45,1,175,4.41223,0,5584,9841,-0.00548744,0.10948,0.197027,0.204229,0.223784,1.05,1.14762,0.573771,0.437045,0.573771,0.941075,0.380573,0.564815,0.494023,120,139,0.0874307,1,1,1,5,2
hk_pairs,323,45,1,246,0.612958,1,3742,6053,-0.139513,-0.105675,0.0478668,0.239101,0.392405,1.05,1.06374,0.737705,0.544627,0.737705,0.989319,0.596741,0.469687,0.416777,120,139,0.0958363,1,1,1,6,0
hk_pairs,324,45,1,105,0.643899,1,6653,224,0.101108,-0.290789,-0.221721,0.0423927,0.464118,1.05,1.01265,0.743169,0.547131,0.743169,0.995203,0.61655,0.6929,0.627966,120,139,0.0786627,-1,1,1,11,3
hk_pairs,325,45,1,64,2.60407,0,3105,6053,-0.148814,0.158411,0.0478668,0.239101,0.21259,1.05,1.02415,0.646175,0.499772,0.647541,0.977371,0.352293,0.654339,0.584817,120,139,0.095701,-1,1,1,1,0
hk_pairs,326,45,1,153,2.732,0,3537,10195,-0.146295,-0.111834,0.216139,-0.341412,0.429117,1.05,1.06985,0.821038,0.592782,0.821038,0.99466,0.620412,0.664855,0.622854,120,139,0.174904,1,1,1,6,9
hk_pairs,327,45,1,155,0.9913,1,64,9955,-0.233828,0.0385914,0.202683,-0.118843,0.464039,1.05,1.13692,0.665301,0.48668,0.665301,0.914012,0.617576,0.452995,0.402166,120,139,0.0816605,1,1,1,3,6
hk_pairs,328,45,1,179,5.20476,1,10456,4116,0.233109,-0.0120106,-0.129105,0.207911,0.42375,1.05,1.03383,0.795082,0.591075,0.796448,0.988143,0.514527,0.584439,0.501693,120,139,0.0862293,-1,1,1,4,2
hk_pairs,329,45,1,298,0.412614,0,5919,10195,0.0272675,-0.319218,0.216139,-0.341412,0.190204,1.05,1.19538,0.696721,0.567168,0.696721,0.953114,0.379478,0.845311,0.802138,120,139,0.0731018,1,1,1,10,11
hk_pairs,330,45,1,15,1.77692,0,2437,10195,-0.165091,-0.120352,0.216139,-0.341412,0.440787,1.05,1.04969,0.808743,0.597108,0.81694,0.978729,0.560507,0.68452,0.641427,120,139,0.0840825,-1,1,1,6,9
hk_pairs,331,45,1,206,0.88554,1,8980,3892,0.221174,0.0692406,-0.136424,-0.123369,0.406572,1.05,1.06001,0.595628,0.452072,0.595628,0.967958,0.565311,0.477911,0.402567,120,139,0.0920248,-1,1,1,4,7
hk_pairs,332,45,1,231,6.14166,1,6617,5905,0.0955315,-0.347029,0.030447,-0.17753,0.182667,1.05,1.10776,0.467213,0.47097,0.509563,0.951756,0.337852,0.803645,0.734566,120,139,0.0794831,-1,1,1,11,8
hk_pairs,333,45,1,281,1.9244,0,5959,10195,0.0328846,-0.188906,0.216139,-0.341412,0.238414,1.05,1.12682,0.612022,0.53939,0.612022,0.923244,0.426125,0.732322,0.69234,120,139,0.072409,-1,1,1,8,11
hk_pairs,334,45,1,241,6.05445,1,3662,6053,-0.153935,-0.152021,0.0478668,0.239101,0.440115,1.05,1.10788,0.810109,0.582081,0.810109,0.986242,0.663993,0.498186,0.445787,120,139,0.0895479,-1,1,1,6,0
hk_pairs,335,45,1,92,0.875368,0,9933,4229,0.182703,0.19986,-0.12455,0.197117,0.307265,1.05,0.939346,0.454918,0.371585,0.45765,0.972122,0.494614,0.506968,0.417961,120,139,0.0891655,-1,1,1,2,1
hk_pairs,336,45,1,215,4.47699,0,507,10195,-0.208078,0.0250587,0.216139,-0.341412,0.56059,1.05,1.05458,0.84153,0.594945,0.84153,0.945873,0.749342,0.640499,0.59459,120,139,0.0944008,-1,1,1,3,11
hk_pairs,337,45,1,227,4.26699,1,6895,310,0.117936,0.22892,-0.219474,0.0443707,0.384585,1.05,0.97203,0.534153,0.403347,0.534153,0.952571,0.524612,0.425907,0.345273,120,139,0.0888008,-1,1,1,0,4
hk_pairs,338,45,1,246,4.00031,0,3742,10195,-0.139513,-0.105675,0.216139,-0.341412,0.42679,1.05,1.07695,0.788251,0.583789,0.796448,0.976919,0.554978,0.663887,0.620572,120,139,0.0806941,-1,1,1,6,9
hk_pairs,339,45,1,193,5.90859,0,8574,5939,0.170078,0.197699,0.0334406,0.0661564,0.189668,1.05,0.993466,0.489071,0.440118,0.493169,0.970945,0.382237,0.620476,0.55321,120,139,0.088296,-1,1,1,2,5
hk_pairs,340,45,1,10,5.46371,0,6119,4229,0.0508642,-0.333344,-0.12455,0.197117,0.558739,1.05,1.05601,0.538251,0.39811,0.54235,0.987871,0.680946,0.352151,0.264016,120,139,0.0769503,-1,1,1,10,1
hk_pairs,341,45,1,10,3.10245,1,6119,5858,0.0508642,-0.333344,0.0263662,0.235632,0.56953,1.05,1.02462,0.428962,0.346425,0.430328,0.945963,0.714894,0.38234,0.299045,120,139,0.105318,-1,1,1,10,0
hk_pairs,342,45,1,44,4.42216,0,5645,9955,-0.00140858,-0.144583,0.202683,-0.118843,0.205755,1.05,1.17616,0.571038,0.480077,0.576503,0.976647,0.406721,0.649484,0.604414,120,139,0.0750032,1,1,1,8,7
hk_pairs,343,45,1,82,1.91544,1,9822,5905,0.200569,-0.095808,0.030447,-0.17753,0.188742,1.05,1.17348,0.659836,0.57138,0.659836,0.950579,0.444096,0.772825,0.703073,120,139,0.0749761,-1,1,1,7,8
hk_pairs,344,45,1,175,1.58688,1,5584,10964,-0.00548744,0.10948,0.284098,0.0404701,0.297844,1.05,1.05518,0.51776,0.430556,0.51776,0.921977,0.488041,0.546005,0.502974,120,139,0.071874,-1,1,1,5,4
hk_pairs,345,45,1,71,5.01587,0,5804,6053,0.0184364,-0.361752,0.0478668,0.239101,0.601573,1.05,1.072,0.763661,0.532787,0.763661,0.99466,0.729155,0.468998,0.400656,120,139,0.0887337,-1,1,1,10,0
hk_pairs,346,45,1,337,1.49686,1,3682,6053,-0.145237,-0.120049,0.0478668,0.239101,0.407772,1.05,1.05685,0.647541,0.480647,0.647541,0.971307,0.600651,0.437628,0.37697,120,139,0.0938462,-1,1,1,6,0
hk_pairs,347,45,1,103,4.92133,1,7750,4108,0.152654,-0.326788,-0.147857,-0.339954,0.300899,1.05,1.07146,0.919399,0.674977,0.919399,0.999366,0.474056,0.777274,0.704068,120,139,0.076879,1,1,1,11,9
hk_pairs,348,45,1,233,3.53851,0,5612,10964,-0.00146675,0.233496,0.284098,0.0404701,0.344682,1.05,1.0147,0.788251,0.585155,0.788251,0.992578,0.51386,0.671178,0.613111,120,139,0.0753632,-1,1,1,0,4
hk_pairs,349,45,1,103,5.26623,0,7750,310,0.152654,-0.326788,-0.219474,0.0443707,0.525585,1.05,1.03956,0.689891,0.525273,0.689891,0.977462,0.694062,0.683305,0.622151,120,139,0.0746413,1,1,1,11,4
hk_pairs,350,45,1,310,5.28769,1,5736,5978,0.0107288,0.154242,0.036871,0.0694427,0.0892003,1.05,0.998279,0.386612,0.371243,0.386612,0.851376,0.254085,0.561832,0.506401,120,139,0.0725706,1,1,1,0,5
hk_pairs,351,45,1,346,2.86034,1,6883,5939,0.116501,-0.263332,0.0334406,0.0661564,0.33982,1.05,1.16255,0.654372,0.511157,0.655738,0.948769,0.527422,0.629679,0.556931,120,139,0.0833188,1,1,1,11,5
hk_pairs,352,45,1,39,1.61145,1,4259,5978,-0.13482,-0.326654,0.036871,0.0694427,0.43176,1.05,1.08728,0.577869,0.449226,0.587432,0.944877,0.618349,0.54172,0.451698,120,139,0.0852436,1,1,1,9,5
hk_pairs,353,45,1,224,2.99256,0,5733,6021,0.00331974,-0.348007,0.0385189,-0.17988,0.171783,1.05,1.07225,0.568306,0.47541,0.579235,0.963794,0.360981,0.755217,0.6851,120,139,0.0753443,1,1,1,10,8
hk_pairs,354,45,1,143,1.51575,0,4100,9841,-0.141575,-0.163162,0.197027,0.204229,0.499803,1.05,1.02637,0.724044,0.529144,0.724044,0.966691,0.677266,0.52194,0.44699,120,139,0.0810412,1,1,1,6,2
hk_pairs,355,45,1,106,1.64485,0,8738,3682,0.188034,0.180145,-0.145237,-0.120049,0.448648,1.05,1.10639,0.631148,0.48725,0.632514,0.964156,0.566596,0.512059,0.440206,120,139,0.0863692,-1,1,1,2,6
hk_pairs,356,45,1,12,5.36104,1,5868,9841,0.0214767,-0.215532,0.197027,0.204229,0.455059,1.05,1.03424,0.504098,0.367828,0.504098,0.983617,0.635699,0.336552,0.272088,120,139,0.0894543,1,1,1,8,2
hk_pairs,357,45,1,8,5.36089,1,9999,5905,0.200145,0.209965,0.030447,-0.17753,0.423025,1.05,1.20655,0.758197,0.57821,0.758197,0.97529,0.58578,0.623581,0.544267,120,139,0.0967627,-1,1,1,2,8
hk_pairs,358,45,1,327,0.730565,1,9518,4229,0.186737,-0.138107,-0.12455,0.197117,0.45755,1.05,1.05035,0.699454,0.553279,0.699454,0.969949,0.561251,0.523467,0.44633,120,139,0.0794761,1,1,1,7,1
hk_pairs,359,45,1,103,6.23911,1,7750,4229,0.152654,-0.326788,-0.12455,0.197117,0.592771,1.05,1.04571,0.60929,0.437272,0.60929,0.975199,0.753557,0.400472,0.325883,120,139,0.0794893,-1,1,1,11,1
hk_pairs,360,45,1,290,0.271737,0,4930,9841,-0.0828028,-0.344391,0.197027,0.204229,0.615864,1.05,1.00435,0.428962,0.313525,0.428962,0.982531,0.787173,0.246969,0.184388,120,139,0.0874743,-1,1,1,9,2
hk_pairs,361,45,1,199,2.82567,1,6355,4229,0.0776005,-0.248301,-0.12455,0.197117,0.489218,1.05,1.11554,0.596995,0.429076,0.596995,0.988776,0.644535,0.374855,0.300834,120,139,0.0810057,-1,1,1,8,1
hk_pairs,362,45,1,175,2.66464,0,5584,10195,-0.00548744,0.10948,0.216139,-0.341412,0.502416,1.05,1.00377,0.728142,0.523338,0.728142,0.953566,0.6538,0.467293,0.426596,120,139,0.0755865,-1,1,1,5,9
hk_pairs,363,45,1,229,6.24712,1,6569,5905,0.0888796,0.0682087,0.030447,-0.17753,0.252591,1.05,1.21727,0.602459,0.488616,0.602459,0.980177,0.439015,0.606859,0.533266,120,139,0.102272,-1,1,1,5,8
hk_pairs,364,45,1,220,3.60081,1,2899,10964,-0.152348,0.177713,0.284098,0.0404701,0.4579,1.05,0.962864,0.887978,0.637295,0.887978,0.997375,0.597263,0.65469,0.602397,120,139,0.0810639,1,1,1,1,4
hk_pairs,365,45,1,183,0.50331,1,4310,5930,-0.132963,-0.342716,0.0371904,-0.349297,0.170748,1.05,0.907652,0.724044,0.581626,0.733607,0.977462,0.325114,0.843363,0.775017,120,139,0.0738121,-1,1,1,9,10
hk_pairs,366,45,1,84,0.0666956,0,6511,3892,0.0878019,0.250875,-0.136424,-0.123369,0.436291,1.05,0.940266,0.773224,0.551913,0.773224,0.996289,0.574908,0.543136,0.467507,120,139,0.0819635,-1,1,1,0,7
hk_pairs,367,45,1,72,2.10179,1,504,9747,-0.210823,0.0496616,0.196574,0.196699,0.433159,1.05,1.07118,0.870219,0.61612,0.870219,0.987781,0.563635,0.55693,0.477465,120,139,0.101508,-1,1,1,3,1
hk_pairs,368,45,1,177,2.16147,0,6756,3682,0.104531,-0.171541,-0.145237,-0.120049,0.255021,1.05,1.00461,0.583333,0.46357,0.598361,0.970945,0.439942,0.565008,0.494701,120,139,0.0798175,1,1,1,8,6
hk_pairs,369,45,1,82,6.2564,0,9822,4108,0.200569,-0.095808,-0.147857,-0.339954,0.425455,1.05,0.986767,0.892076,0.65107,0.90847,0.996651,0.552897,0.720625,0.650522,120,139,0.0766399,-1,1,1,7,9
hk_pairs,370,45,1,220,1.90109,0,2899,6021,-0.152348,0.177713,0.0385189,-0.17988,0.405498,1.05,1.12071,0.689891,0.506831,0.689891,0.959993,0.617774,0.59549,0.499977,120,139,0.0901214,1,1,1,1,8
hk_pairs,371,45,1,100,4.8963,0,8821,3892,0.195513,0.18189,-0.136424,-0.123369,0.451016,1.05,1.14059,0.628415,0.481899,0.628415,0.969225,0.584357,0.498817,0.429329,120,139,0.0924097,1,1,1,2,7
hk_pairs,372,45,1,235,0.111285,1,2606,5978,-0.156796,0.191725,0.036871,0.0694427,0.229041,1.05,0.930765,0.468579,0.420765,0.47541,0.876901,0.38905,0.565799,0.485643,120,139,0.0841346,1,1,1,1,5
hk_pairs,373,45,1,12,2.39046,1,5868,9955,0.0214767,-0.215532,0.202683,-0.118843,0.205418,1.05,1.15474,0.710383,0.570128,0.710383,0.98416,0.451183,0.753324,0.696986,120,139,0.0730394,-1,1,1,8,7
hk_pairs,374,45,1,282,4.57384,1,5785,6053,0.0100203,-0.333939,0.0478668,0.239101,0.574304,1.05,1.08063,0.642077,0.445241,0.642077,0.986242,0.713849,0.45879,0.388225,120,139,0.0823633,1,1,1,10,0
hk_pairs,375,45,1,174,5.85528,1,9442,5858,0.233411,0.0544262,0.0263662,0.235632,0.276036,1.05,1.14198,0.495902,0.425319,0.495902,0.94008,0.435128,0.592984,0.526268,120,139,0.0933955,-1,1,1,4,0
hk_pairs,376,45,1,98,1.4385,1,5863,9747,0.0214481,-0.16329,0.196574,0.196699,0.400364,1.05,1.03467,0.531421,0.391394,0.531421,0.978458,0.599556,0.374497,0.310503,120,139,0.0875888,1,1,1,8,1
hk_pairs,377,45,1,282,3.02829,0,5785,9955,0.0100203,-0.333939,0.202683,-0.118843,0.288765,1.05,1.13805,0.691257,0.557719,0.691257,0.959088,0.465931,0.680564,0.612692,120,139,0.0825182,1,1,1,10,7
hk_pairs,378,45,1,281,2.31845,1,5959,9955,0.0328846,-0.188906,0.202683,-0.118843,0.183731,1.05,1.14914,0.659836,0.5551,0.672131,0.979544,0.44067,0.745786,0.691392,120,139,0.0763293,-1,1,1,8,6
hk_pairs,379,45,1,82,5.08214,0,9822,5939,0.200569,-0.095808,0.0334406,0.0661564,0.232828,1.05,1.34113,0.618852,0.506944,0.618852,0.941347,0.493496,0.635033,0.566946,120,139,0.0943823,1,1,1,7,5
hk_pairs,380,45,1,197,1.75995,0,6470,4108,0.0838451,0.227665,-0.147857,-0.339954,0.613088,1.05,1.01852,0.748634,0.528802,0.748634,0.982169,0.759336,0.513828,0.427759,120,139,0.0799819,-1,1,1,0,11
hk_pairs,381,45,1,345,6.07867,0,9708,3682,0.179444,0.202303,-0.145237,-0.120049,0.457524,1.05,0.921589,0.642077,0.473475,0.643443,0.970221,0.62175,0.448541,0.386343,120,139,0.101348,1,1,1,2,6
hk_pairs,382,45,1,179,3.20474,1,10456,3682,0.233109,-0.0120106,-0.145237,-0.120049,0.393469,1.05,1.02849,0.535519,0.432263,0.543716,0.9437,0.515018,0.481893,0.415047,120,139,0.0810639,-1,1,1,4,6
hk_pairs,383,45,1,71,1.50457,1,5804,10195,0.0184364,-0.361752,0.216139,-0.341412,0.198972,1.05,1.05881,0.692623,0.569331,0.692623,0.970764,0.340714,0.855239,0.810117,120,139,0.0727567,-1,1,1,10,9
hk_pairs,384,45,1,282,4.67195,0,5785,5978,0.0100203,-0.333939,0.036871,0.0694427,0.404296,1.05,1.02694,0.572404,0.432719,0.572404,0.970402,0.547619,0.497729,0.428271,420,132,0.0883996,1,1,1,10,5
hk_pairs,385,45,1,46,5.95123,1,9358,5939,0.230137,0.0901203,0.0334406,0.0661564,0.198656,1.05,1.15144,0.531421,0.448543,0.540984,0.931119,0.470287,0.634341,0.564161,420,132,0.104199,1,1,1,4,5
hk_pairs,386,45,1,12,5.30711,1,5868,10195,0.0214767,-0.215532,0.216139,-0.341412,0.231823,1.05,1.07021,0.758197,0.61316,0.762295,0.96298,0.491743,0.748824,0.700109,420,132,0.0714131,1,1,1,8,11
hk_pairs,387,45,1,153,4.71662,1,3537,9955,-0.146295,-0.111834,0.202683,-0.118843,0.349068,1.05,1.01973,0.665301,0.484631,0.665301,0.979725,0.576305,0.479961,0.439829,420,132,0.0800821,-1,1,1,6,7
hk_pairs,388,45,1,327,0.0855909,1,9518,5905,0.186737,-0.138107,0.030447,-0.17753,0.161424,1.05,0.977616,0.632514,0.564891,0.636612,0.965152,0.381963,0.778467,0.711478,420,132,0.0740028,1,1,1,7,8
hk_pairs,389,45,1,19,4.26775,1,4470,10964,-0.109414,0.186338,0.284098,0.0404701,0.419677,1.05,1.1675,0.819672,0.576958,0.819672,0.998371,0.589896,0.619983,0.565672,420,132,0.0835682,1,1,1,1,3
hk_pairs,390,45,1,197,3.49425,1,6470,4108,0.0838451,0.227665,-0.147857,-0.339954,0.613088,1.05,1.03139,0.714481,0.514344,0.714481,0.963704,0.722556,0.499748,0.436789,420,132,0.0764707,1,1,1,0,11
hk_pairs,391,45,1,87,1.79329,0,10428,4108,0.212633,0.0399647,-0.147857,-0.339954,0.523728,1.05,0.97923,0.790984,0.581398,0.807377,0.982621,0.623138,0.667312,0.601207,420,132,0.0889561,1,1,1,4,9
hk_pairs,392,45,1,277,3.73424,1,2945,6021,-0.153891,0.22728,0.0385189,-0.17988,0.450398,1.05,1.19272,0.702186,0.513889,0.702186,0.970764,0.604158,0.537922,0.473629,420,132,0.0850151,1,1,1,1,8
hk_pairs,393,45,1,69,4.71303,0,6992,4116,0.133078,-0.357527,-0.129105,0.207911,0.623265,1.05,1.10064,0.576503,0.424977,0.581967,0.963523,0.762547,0.366281,0.294528,420,132,0.0829273,-1,1,1,11,2
hk_pairs,394,45,1,345,3.1566,0,9708,310,0.179444,0.202303,-0.219474,0.0443707,0.429144,1.05,0.999709,0.911202,0.648338,0.911202,0.986785,0.569727,0.615828,0.551033,420,132,0.0845252,-1,1,1,2,4
hk_pairs,395,45,1,268,0.96821,0,5413,9955,-0.0280609,-0.205898,0.202683,-0.118843,0.246639,1.05,1.1441,0.687159,0.544171,0.687159,0.980811,0.483888,0.676205,0.624262,420,132,0.074181,-1,1,1,8,6
hk_pairs,396,45,1,179,6.05739,1,10456,224,0.233109,-0.0120106,-0.221721,0.0423927,0.458071,1.05,1.04184,0.759563,0.552368,0.759563,0.967053,0.648032,0.60468,0.541214,420,132,0.0873413,1,1,1,4,3
hk_pairs,397,45,1,199,1.12499,0,6355,5858,0.0776005,-0.248301,0.0263662,0.235632,0.486712,1.05,1.05713,0.576503,0.430783,0.584699,0.976557,0.666396,0.4248,0.354893,420,132,0.108215,-1,1,1,8,0
hk_pairs,398,45,1,227,5.22769,0,6895,5905,0.117936,0.22892,0.030447,-0.17753,0.415835,1.05,1.16102,0.47541,0.37648,0.47541,0.967324,0.606329,0.405836,0.325187,420,132,0.105229,1,1,1,0,8
hk_pairs,399,45,1,24,2.54278,1,2921,6053,-0.174654,-0.295691,0.0478668,0.239101,0.579239,1.05,1.0174,0.748634,0.533925,0.748634,0.973117,0.723395,0.452971,0.395195,420,132,0.0844264,-1,1,1,9,0
hk_pairs,400,45,1,290,0.374839,0,4930,6053,-0.0828028,-0.344391,0.0478668,0.239101,0.597945,1.05,1.04846,0.474044,0.344262,0.474044,0.898805,0.767233,0.386551,0.301768,420,132,0.0920072,-1,1,1,9,0
hk_pairs,401,45,1,71,6.2599,1,5804,5978,0.0184364,-0.361752,0.036871,0.0694427,0.431588,1.05,1.05432,0.648907,0.488616,0.648907,0.962165,0.575785,0.550652,0.481205,420,132,0.0906449,1,1,1,10,5
hk_pairs,402,45,1,100,4.45541,1,8821,5930,0.195513,0.18189,0.0371904,-0.349297,0.55441,1.05,1.10849,0.870219,0.624317,0.870219,0.966781,0.73743,0.643335,0.586699,420,132,0.0953897,1,1,1,2,10
hk_pairs,403,45,1,299,1.19074,0,5677,9955,0.00559902,0.232574,0.202683,-0.118843,0.402934,1.05,1.1769,0.573771,0.424067,0.573771,0.986513,0.561439,0.448674,0.38294,420,132,0.0857214,-1,1,1,0,6
hk_pairs,404,45,1,115,4.35557,0,3069,9747,-0.143905,-0.0775318,0.196574,0.196699,0.437199,1.05,1.13454,0.747268,0.526412,0.747268,0.974566,0.631769,0.517223,0.441937,420,132,0.0825376,-1,1,1,6,1
hk_pairs,405,45,1,172,2.96521,1,9878,5858,0.195704,-0.145012,0.0263662,0.235632,0.416707,1.05,1.03483,0.84153,0.62056,0.862022,0.989229,0.557956,0.569693,0.522635,420,132,0.0839475,1,1,1,7,0
hk_pairs,406,45,1,299,0.223741,0,5677,9955,0.00559902,0.232574,0.202683,-0.118843,0.402934,1.05,1.19896,0.584699,0.437386,0.584699,0.942162,0.518485,0.452026,0.382993,420,132,0.085342,-1,1,1,0,6
hk_pairs,407,45,1,82,4.2521,0,9822,3682,0.200569,-0.095808,-0.145237,-0.120049,0.34666,1.05,1.12005,0.625683,0.489071,0.636612,0.966238,0.551552,0.497699,0.42457,420,132,0.0772292,1,1,1,7,6
hk_pairs,408,45,1,215,4.4043,0,507,10195,-0.208078,0.0250587,0.216139,-0.341412,0.56059,1.05,1.05792,0.849727,0.599841,0.849727,0.946597,0.746485,0.639027,0.593168,420,132,0.0968729,-1,1,1,3,11
hk_pairs,409,45,1,15,1.87683,0,2437,10964,-0.165091,-0.120352,0.284098,0.0404701,0.47711,1.05,1.04019,0.624317,0.499659,0.64071,0.977734,0.615577,0.516896,0.474198,420,132,0.0790292,1,1,1,6,3
hk_pairs,410,45,1,132,1.40755,0,6771,310,0.110125,-0.342058,-0.219474,0.0443707,0.507901,1.05,0.996274,0.730874,0.561817,0.730874,0.981807,0.654892,0.711796,0.650356,420,132,0.0754891,1,1,1,11,4
hk_pairs,411,45,1,277,1.83517,1,2945,9955,-0.153891,0.22728,0.202683,-0.118843,0.496956,1.05,1.09045,0.385246,0.312158,0.39071,0.970945,0.649962,0.300383,0.21286,420,132,0.112501,1,1,1,1,6
hk_pairs,412,45,1,105,1.08526,0,6653,5905,0.101108,-0.290789,0.030447,-0.17753,0.134157,1.05,0.978979,0.442623,0.489299,0.536885,0.948678,0.275183,0.796336,0.734573,420,132,0.0730019,-1,1,1,11,8
hk_pairs,413,45,1,46,4.91053,0,9358,5905,0.230137,0.0901203,0.030447,-0.17753,0.334707,1.05,0.979724,0.719945,0.581853,0.75,0.965605,0.507266,0.704075,0.638899,420,132,0.0952269,-1,1,1,4,8
hk_pairs,414,45,1,175,2.2148,1,5584,9841,-0.00548744,0.10948,0.197027,0.204229,0.223784,1.05,1.18968,0.564208,0.439322,0.564208,0.934558,0.371397,0.565623,0.494575,420,132,0.0846986,-1,1,1,5,2
hk_pairs,415,45,1,268,4.49891,0,5413,6053,-0.0280609,-0.205898,0.0478668,0.239101,0.451492,1.05,1.07767,0.527322,0.41291,0.527322,0.932929,0.610012,0.361941,0.281735,420,132,0.0850167,-1,1,1,8,0
hk_pairs,416,45,1,329,4.37344,1,6120,224,0.0509748,0.0237045,-0.221721,0.0423927,0.273467,1.05,1.06351,0.472678,0.37352,0.47541,0.960898,0.47428,0.520091,0.456019,420,132,0.0883138,-1,1,1,5,3
hk_pairs,417,45,1,199,2.46911,0,6355,5939,0.0776005,-0.248301,0.0334406,0.0661564,0.317543,1.05,1.11115,0.610656,0.476093,0.610656,0.971035,0.517591,0.615883,0.540807,420,132,0.0935514,1,1,1,8,5
hk_pairs,418,45,1,244,2.30487,0,4636,9747,-0.117997,-0.342522,0.196574,0.196699,0.624293,1.05,1.05078,0.756831,0.555442,0.756831,0.981988,0.739024,0.599554,0.531181,420,132,0.076854,1,1,1,9,1
hk_pairs,419,45,1,87,1.08094,0,10428,5939,0.212633,0.0399647,0.0334406,0.0661564,0.181303,1.05,1.26228,0.510929,0.471425,0.565574,0.839971,0.462936,0.642146,0.577125,420,132,0.0921599,-1,1,1,4,5
hk_pairs,420,45,1,92,2.98957,1,9933,224,0.182703,0.19986,-0.221721,0.0423927,0.433998,1.05,0.991385,0.413934,0.307377,0.413934,0.970764,0.599531,0.300238,0.237974,420,132,0.0937739,-1,1,1,2,3
hk_pairs,421,45,1,227,3.39507,1,6895,310,0.117936,0.22892,-0.219474,0.0443707,0.384585,1.05,1.06479,0.539617,0.39128,0.539617,0.970583,0.521983,0.414559,0.345318,420,132,0.0824516,-1,1,1,0,4
hk_pairs,422,45,1,44,2.96519,1,5645,10195,-0.00140858,-0.144583,0.216139,-0.341412,0.293527,1.05,1.09752,0.662568,0.548497,0.681694,0.947049,0.492431,0.640476,0.603996,420,132,0.0710902,1,1,1,8,9
hk_pairs,423,45,1,91,3.31752,1,10121,4108,0.219951,0.0363712,-0.147857,-0.339954,0.526239,1.05,1.04464,0.882514,0.621357,0.882514,0.974928,0.729571,0.67858,0.612853,420,132,0.0856673,-1,1,1,4,11
hk_pairs,424,45,1,115,3.29544,1,3069,5978,-0.143905,-0.0775318,0.036871,0.0694427,0.232984,1.05,1.14018,0.483607,0.445014,0.515027,0.911568,0.399622,0.544041,0.463932,420,132,0.090097,-1,1,1,6,5
hk_pairs,425,45,1,224,3.38494,1,5733,9955,0.00331974,-0.348007,0.202683,-0.118843,0.30379,1.05,1.07601,0.622951,0.501594,0.622951,0.945329,0.512008,0.632047,0.566408,420,132,0.0782803,-1,1,1,10,7
hk_pairs,426,45,1,267,1.93181,0,6716,3682,0.111661,-0.328478,-0.145237,-0.120049,0.330816,1.05,0.984166,0.379781,0.325592,0.382514,0.929852,0.553808,0.534568,0.456846,420,132,0.0799692,-1,1,1,11,6
hk_pairs,427,45,1,177,4.31843,1,6756,5930,0.104531,-0.171541,0.0371904,-0.349297,0.190084,1.05,1.04679,0.763661,0.602004,0.763661,0.955829,0.400271,0.803127,0.748538,420,132,0.0799862,-1,1,1,8,10
hk_pairs,428,45,1,267,2.98183,1,6716,224,0.111661,-0.328478,-0.221721,0.0423927,0.498687,1.05,1.05171,0.759563,0.550888,0.759563,0.991673,0.654591,0.706215,0.642655,420,132,0.0779575,1,1,1,11,3
hk_pairs,429,45,1,98,4.25961,0,5863,10195,0.0214481,-0.16329,0.216139,-0.341412,0.263878,1.05,1.10221,0.706284,0.571608,0.714481,0.964066,0.530102,0.705323,0.646842,420,132,0.0760335,1,1,1,8,9
hk_pairs,430,45,1,106,0.928525,1,8738,5905,0.188034,0.180145,0.030447,-0.17753,0.390977,1.05,1.02747,0.401639,0.379098,0.401639,0.904236,0.567691,0.46354,0.367848,420,132,0.0970876,-1,1,1,2,8
hk_pairs,431,45,1,319,0.291548,0,6265,5858,0.0644598,0.127008,0.0263662,0.235632,0.115109,1.05,1.24568,0.479508,0.425433,0.479508,0.956372,0.320057,0.610198,0.559697,420,132,0.0750837,1,1,1,5,0
hk_pairs,432,45,1,105,2.12726,1,6653,4229,0.101108,-0.290789,-0.12455,0.197117,0.537728,1.05,1.02332,0.605191,0.429531,0.605191,0.990587,0.723551,0.37122,0.295156,420,132,0.0803921,-1,1,1,11,1
hk_pairs,433,45,1,299,3.58957,0,5677,9841,0.00559902,0.232574,0.197027,0.204229,0.193515,1.05,0.993871,0.531421,0.43306,0.538251,0.947864,0.294538,0.621481,0.541899,420,132,0.0783536,-1,1,1,0,2
hk_pairs,434,45,1,71,0.773247,0,5804,9747,0.0184364,-0.361752,0.196574,0.196699,0.586187,1.05,1.05785,0.465847,0.329918,0.465847,0.974566,0.765539,0.26355,0.195213,420,132,0.100839,1,1,1,10,1
hk_pairs,435,45,1,241,2.01193,0,3662,6053,-0.153935,-0.152021,0.0478668,0.239101,0.440115,1.05,1.07383,0.754098,0.553393,0.77459,0.982893,0.577291,0.498799,0.445194,420,132,0.0892989,-1,1,1,6,0
hk_pairs,436,45,1,7,1.27474,1,164,10195,-0.223902,0.0221577,0.216139,-0.341412,0.570859,1.05,1.0249,0.79918,0.577414,0.79918,0.980992,0.678504,0.655202,0.605948,420,132,0.0898405,1,1,1,3,9
hk_pairs,437,45,1,282,3.09222,0,5785,10195,0.0100203,-0.333939,0.216139,-0.341412,0.206321,1.05,1.11084,0.703552,0.588456,0.711749,0.967958,0.344695,0.835668,0.787929,420,132,0.0713423,1,1,1,10,11
hk_pairs,438,45,1,27,2.4444,0,8788,5905,0.173862,-0.131302,0.030447,-0.17753,0.150931,1.05,0.994169,0.595628,0.551685,0.61612,0.97013,0.36709,0.776297,0.710225,420,132,0.0766103,-1,1,1,7,8
hk_pairs,439,45,1,299,5.32037,0,5677,10964,0.00559902,0.232574,0.284098,0.0404701,0.338328,1.05,1.06055,0.808743,0.589367,0.808743,0.973751,0.511624,0.674553,0.615777,420,132,0.0743693,-1,1,1,0,3
hk_pairs,440,45,1,222,1.52935,0,3934,5978,-0.151329,-0.294903,0.036871,0.0694427,0.410096,1.05,1.04664,0.562842,0.461407,0.564208,0.951032,0.536764,0.530412,0.45264,420,132,0.077108,1,1,1,9,5
hk_pairs,441,45,1,12,3.60282,0,5868,10964,0.0214767,-0.215532,0.284098,0.0404701,0.366834,1.05,1.03393,0.751366,0.59301,0.755464,0.975018,0.587109,0.717926,0.689236,420,132,0.0750256,1,1,1,8,4
hk_pairs,442,45,1,193,0.401459,1,8574,5939,0.170078,0.197699,0.0334406,0.0661564,0.189668,1.05,0.998112,0.479508,0.438183,0.489071,0.947049,0.382101,0.620685,0.552998,420,132,0.0877442,1,1,1,2,5
hk_pairs,443,45,1,3,3.81235,0,6806,4116,0.10325,0.0450993,-0.129105,0.207911,0.28444,1.05,1.09244,0.586066,0.442395,0.586066,0.97891,0.445807,0.425646,0.342682,420,132,0.0862844,-1,1,1,5,2
hk_pairs,444,45,1,126,1.3533,1,6357,5930,0.0781794,-0.235918,0.0371904,-0.349297,0.12056,1.05,1.02593,0.654372,0.542008,0.677596,0.961169,0.334555,0.83431,0.777328,420,132,0.129471,-1,1,1,8,10
hk_pairs,445,45,1,66,0.0828403,1,10754,5858,0.231322,0.19311,0.0263662,0.235632,0.20937,1.05,0.972844,0.625683,0.515369,0.625683,0.951122,0.334005,0.721208,0.647332,420,132,0.0794161,1,1,1,2,0
hk_pairs,446,45,1,310,3.44502,1,5736,6021,0.0107288,0.154242,0.0385189,-0.17988,0.335279,1.05,1.06032,0.5,0.373975,0.5,0.965424,0.506279,0.436998,0.348932,420,132,0.102383,-1,1,1,0,8
hk_pairs,447,45,1,155,4.57177,1,64,6021,-0.233828,0.0385914,0.0385189,-0.17988,0.349187,1.05,0.988719,0.598361,0.522541,0.618852,0.932567,0.49382,0.672711,0.609429,420,132,0.087807,1,1,1,3,8
hk_pairs,448,45,1,277,3.58488,0,2945,10195,-0.153891,0.22728,0.216139,-0.341412,0.678544,1.05,0.995331,0.733607,0.538821,0.733607,0.981807,0.79003,0.530704,0.491221,420,150,0.0750322,1,1,1,1,11
hk_pairs,449,45,1,91,0.74469,1,10121,5930,0.219951,0.0363712,0.0371904,-0.349297,0.426808,1.05,1.0502,0.411202,0.373065,0.428962,0.907404,0.583707,0.450752,0.387275,420,150,0.0953248,1,1,1,4,10
hk_pairs,450,45,1,78,6.18496,1,324,9747,-0.22358,0.0506763,0.196574,0.196699,0.444975,1.05,1.06938,0.601093,0.459016,0.601093,0.91365,0.577201,0.447391,0.370309,420,150,0.105686,1,1,1,3,1
hk_pairs,451,45,1,3,0.517872,1,6806,4229,0.10325,0.0450993,-0.12455,0.197117,0.274613,1.05,0.938569,0.532787,0.407559,0.532787,0.955286,0.428868,0.42334,0.345465,420,150,0.086346,-1,1,1,5,1
hk_pairs,452,45,1,197,0.636667,1,6470,4108,0.0838451,0.227665,-0.147857,-0.339954,0.613088,1.05,1.02416,0.740437,0.525501,0.740437,0.98244,0.729123,0.508842,0.437591,420,150,0.0759479,-1,1,1,0,9
hk_pairs,453,45,1,227,5.12965,0,6895,224,0.117936,0.22892,-0.221721,0.0423927,0.387585,1.05,0.958183,0.504098,0.389913,0.504098,0.939265,0.519142,0.407407,0.322471,420,150,0.0893786,-1,1,1,0,3
hk_pairs,454,45,1,198,0.567814,1,4867,9747,-0.088707,-0.363306,0.196574,0.196699,0.628495,1.05,1.00669,0.513661,0.376708,0.513661,0.964609,0.780617,0.315882,0.25225,420,150,0.0825935,-1,1,1,9,1
hk_pairs,455,45,1,197,2.06283,0,6470,3892,0.0838451,0.227665,-0.136424,-0.123369,0.41445,1.05,0.980025,0.655738,0.48873,0.655738,0.97013,0.562162,0.454265,0.367586,420,150,0.0839911,-1,1,1,0,7
hk_pairs,456,45,1,198,4.0648,0,4867,5930,-0.088707,-0.363306,0.0371904,-0.349297,0.126674,1.05,0.924095,0.648907,0.538138,0.653005,0.973389,0.266877,0.861292,0.790429,420,150,0.0738892,-1,1,1,9,10
hk_pairs,457,45,1,54,4.9541,0,9937,5939,0.186937,0.220581,0.0334406,0.0661564,0.217905,1.05,0.959505,0.449454,0.416781,0.479508,0.910663,0.396138,0.619647,0.556022,420,150,0.102301,1,1,1,2,5
hk_pairs,458,45,1,323,4.35461,1,9776,4108,0.192118,-0.121008,-0.147857,-0.339954,0.404376,1.05,1.01942,0.913935,0.668261,0.941257,0.99294,0.557285,0.723679,0.653876,420,150,0.0766033,1,1,1,7,9
hk_pairs,459,45,1,172,4.88886,0,9878,224,0.195704,-0.145012,-0.221721,0.0423927,0.45765,1.05,1.0731,0.636612,0.514686,0.636612,0.930395,0.624995,0.542912,0.478307,420,150,0.0767724,1,1,1,7,3
hk_pairs,460,45,1,172,3.8763,1,9878,224,0.195704,-0.145012,-0.221721,0.0423927,0.45765,1.05,1.026,0.620219,0.499317,0.629781,0.959812,0.623433,0.541732,0.477247,420,150,0.0774538,1,1,1,7,3
hk_pairs,461,45,1,172,2.38194,1,9878,5905,0.195704,-0.145012,0.030447,-0.17753,0.168662,1.05,1.24344,0.596995,0.552482,0.602459,0.940804,0.366792,0.778409,0.715209,420,150,0.0740322,-1,1,1,7,8
hk_pairs,462,45,1,235,4.79408,0,2606,10195,-0.156796,0.191725,0.216139,-0.341412,0.650696,1.05,1.10323,0.687159,0.515369,0.687159,0.965967,0.787885,0.525013,0.486346,420,150,0.0810096,1,1,1,1,9
hk_pairs,463,45,1,114,2.9134,0,5668,6021,0.00233459,0.0733776,0.0385189,-0.17988,0.255942,1.05,1.03596,0.463115,0.366803,0.463115,0.900616,0.416123,0.447756,0.378668,420,150,0.107808,-1,1,1,5,8
hk_pairs,464,45,1,227,2.54092,1,6895,3892,0.117936,0.22892,-0.136424,-0.123369,0.434529,1.05,1.00023,0.681694,0.510018,0.681694,0.945601,0.58314,0.54128,0.453698,420,150,0.0810897,1,1,1,0,7
hk_pairs,465,45,1,183,0.488826,1,4310,9955,-0.132963,-0.342716,0.202683,-0.118843,0.403542,1.05,1.0093,0.90847,0.650615,0.90847,0.985608,0.548046,0.70593,0.652457,420,150,0.0744646,-1,1,1,9,6
hk_pairs,466,45,1,346,5.2856,1,6883,310,0.116501,-0.263332,-0.219474,0.0443707,0.455612,1.05,1.02451,0.639344,0.492828,0.639344,0.969497,0.629819,0.646181,0.584746,420,150,0.0805276,1,1,1,11,4
hk_pairs,467,45,1,174,6.19684,1,9442,5858,0.233411,0.0544262,0.0263662,0.235632,0.276036,1.05,1.14387,0.491803,0.421562,0.494536,0.951937,0.436611,0.593173,0.525608,420,150,0.0911196,-1,1,1,4,0
hk_pairs,468,45,1,177,5.4264,1,6756,4108,0.104531,-0.171541,-0.147857,-0.339954,0.303418,1.05,1.119,0.726776,0.554531,0.745902,0.992487,0.423033,0.722943,0.652296,420,150,0.0778128,-1,1,1,8,11
hk_pairs,469,45,1,184,3.05099,1,6043,5858,0.048605,-0.316998,0.0263662,0.235632,0.553077,1.05,1.05177,0.515027,0.373748,0.515027,0.983889,0.747493,0.376951,0.29688,420,150,0.103536,-1,1,1,10,0
hk_pairs,470,45,1,345,0.322767,0,9708,5905,0.179444,0.202303,0.030447,-0.17753,0.408012,1.05,1.14458,0.52459,0.419627,0.52459,0.949946,0.568093,0.461019,0.382403,420,150,0.0965987,-1,1,1,2,8
hk_pairs,471,45,1,24,5.50408,0,2921,10964,-0.174654,-0.295691,0.284098,0.0404701,0.568733,1.05,1.05881,0.728142,0.527095,0.728142,0.98941,0.705078,0.661488,0.629841,420,150,0.0736334,-1,1,1,9,3
hk_pairs,472,45,1,202,5.11199,1,144,9747,-0.231685,0.0509739,0.196574,0.196699,0.452408,1.05,1.01511,0.885246,0.614526,0.885246,0.984975,0.557692,0.554667,0.47683,420,150,0.0881738,1,1,1,3,1
hk_pairs,473,45,1,44,0.708149,0,5645,10195,-0.00140858,-0.144583,0.216139,-0.341412,0.293527,1.05,1.08808,0.648907,0.528347,0.657104,0.963613,0.488903,0.640714,0.603164,420,150,0.0715746,1,1,1,8,11
hk_pairs,474,45,1,143,0.343742,0,4100,10964,-0.141575,-0.163162,0.284098,0.0404701,0.472057,1.05,1.12065,0.575137,0.455829,0.586066,0.981807,0.628575,0.511905,0.47499,420,150,0.078136,1,1,1,6,3
hk_pairs,475,45,1,345,3.01852,0,9708,4229,0.179444,0.202303,-0.12455,0.197117,0.304038,1.05,0.934169,0.754098,0.560223,0.754098,0.992849,0.416622,0.581828,0.504356,420,150,0.0783457,-1,1,1,2,1
hk_pairs,476,45,1,286,3.39019,0,5732,10964,0.0032053,-0.347618,0.284098,0.0404701,0.479169,1.05,1.0454,0.872951,0.65107,0.872951,0.990858,0.662023,0.784553,0.755395,420,150,0.0740865,-1,1,1,10,3
hk_pairs,477,45,1,7,5.24928,0,164,9841,-0.223902,0.0221577,0.197027,0.204229,0.458622,1.05,1.02219,0.815574,0.58265,0.815574,0.981264,0.568481,0.54341,0.464808,420,150,0.0917145,-1,1,1,3,2
hk_pairs,478,45,1,327,1.17515,0,9518,4108,0.186737,-0.138107,-0.147857,-0.339954,0.390862,1.05,1.06936,0.984973,0.687614,0.984973,0.991673,0.595265,0.733585,0.663099,420,150,0.0768292,-1,1,1,7,9
hk_pairs,479,45,1,323,2.17948,1,9776,310,0.192118,-0.121008,-0.219474,0.0443707,0.443671,1.05,1.11037,0.653005,0.525159,0.653005,0.949222,0.601222,0.555419,0.49592,420,150,0.0834208,1,1,1,7,4
hk_pairs,480,45,1,198,2.87162,1,4867,9747,-0.088707,-0.363306,0.196574,0.196699,0.628495,1.05,1.11293,0.52459,0.367486,0.52459,0.9895,0.811567,0.299612,0.236027,420,150,0.0846114,-1,1,1,9,1
hk_pairs,481,45,1,310,0.90701,1,5736,10964,0.0107288,0.154242,0.284098,0.0404701,0.296238,1.05,1.15613,0.61612,0.492031,0.621585,0.924964,0.531001,0.608991,0.558644,420,150,0.071587,1,1,1,0,3
hk_pairs,482,45,1,175,0.0623181,0,5584,6053,-0.00548744,0.10948,0.0478668,0.239101,0.140493,1.05,1.2312,0.461749,0.415642,0.461749,0.851195,0.305593,0.566855,0.496741,420,150,0.0731277,-1,1,1,5,0
hk_pairs,483,45,1,287,2.82827,1,1051,9955,-0.206388,0.0350857,0.202683,-0.118843,0.437602,1.05,1.02472,0.617486,0.453893,0.617486,0.982259,0.602933,0.456394,0.405807,420,150,0.093286,1,1,1,3,6
hk_pairs,484,45,1,3,1.26795,1,6806,224,0.10325,0.0450993,-0.221721,0.0423927,0.325611,1.05,0.945848,0.52459,0.421903,0.52459,0.939084,0.444081,0.5661,0.500854,420,150,0.0857579,-1,1,1,5,3
hk_pairs,485,45,1,199,4.57585,0,6355,5939,0.0776005,-0.248301,0.0334406,0.0661564,0.317543,1.05,1.1079,0.581967,0.475751,0.588798,0.956644,0.47542,0.612634,0.541079,420,150,0.0983637,1,1,1,8,5
hk_pairs,486,45,1,84,0.823101,0,6511,4108,0.0878019,0.250875,-0.147857,-0.339954,0.636152,1.05,1.09564,0.744536,0.532901,0.744536,0.959269,0.752399,0.475705,0.408185,420,150,0.0795797,1,1,1,0,11
hk_pairs,487,45,1,224,2.67749,1,5733,10195,0.00331974,-0.348007,0.216139,-0.341412,0.212921,1.05,1.13898,0.756831,0.596425,0.756831,0.983707,0.374447,0.83561,0.79093,420,150,0.0716914,-1,1,1,10,11
hk_pairs,488,45,1,92,1.11264,0,9933,3682,0.182703,0.19986,-0.145237,-0.120049,0.458133,1.05,1.16876,0.704918,0.513092,0.713115,0.985246,0.631179,0.506059,0.437622,420,150,0.0872399,1,1,1,2,6
hk_pairs,489,45,1,229,1.30984,0,6569,3892,0.0888796,0.0682087,-0.136424,-0.123369,0.295785,1.05,0.892847,0.48224,0.366917,0.48224,0.961713,0.517391,0.452945,0.38853,420,150,0.0890435,1,1,1,5,7
hk_pairs,490,45,1,31,0.546459,0,6472,310,0.0860271,-0.329134,-0.219474,0.0443707,0.482548,1.05,1.03843,0.733607,0.555214,0.733607,0.973479,0.649734,0.706579,0.646134,420,150,0.0777804,-1,1,1,11,4
hk_pairs,491,45,1,280,1.74456,1,3801,10195,-0.15529,-0.32687,0.216139,-0.341412,0.371752,1.05,1.08487,0.63388,0.494536,0.635246,0.978186,0.563981,0.626688,0.566586,420,150,0.0770441,-1,1,1,9,11
hk_pairs,492,45,1,345,6.25487,1,9708,5930,0.179444,0.202303,0.0371904,-0.349297,0.569647,1.05,1.1235,0.502732,0.370105,0.502732,0.966148,0.735547,0.344876,0.290751,420,150,0.094898,1,1,1,2,10
hk_pairs,493,45,1,345,1.88392,1,9708,5905,0.179444,0.202303,0.030447,-0.17753,0.408012,1.05,1.04869,0.536885,0.42179,0.536885,0.958997,0.604874,0.478998,0.390627,420,150,0.0885917,-1,1,1,2,8
hk_pairs,494,45,1,220,5.62801,1,2899,5930,-0.152348,0.177713,0.0371904,-0.349297,0.560372,1.05,0.965874,0.445355,0.317965,0.445355,0.937636,0.725566,0.254071,0.196069,420,150,0.0963524,-1,1,1,1,10
hk_pairs,495,45,1,126,0.352649,0,6357,310,0.0781794,-0.235918,-0.219474,0.0443707,0.408957,1.05,1.05595,0.698087,0.513206,0.698087,0.986061,0.611208,0.636677,0.57577,420,150,0.0783704,1,1,1,8,4
hk_pairs,496,45,1,153,3.02687,0,3537,10195,-0.146295,-0.111834,0.216139,-0.341412,0.429117,1.05,1.02415,0.856557,0.621016,0.856557,0.984794,0.564385,0.670242,0.63148,420,150,0.0796673,-1,1,1,6,11
hk_pairs,497,45,1,231,2.39718,0,6617,5939,0.0955315,-0.347029,0.0334406,0.0661564,0.417982,1.05,1.11328,0.594262,0.458333,0.594262,0.944334,0.575369,0.599085,0.526508,420,150,0.0930628,1,1,1,11,5
hk_pairs,498,45,1,280,3.042,0,3801,10964,-0.15529,-0.32687,0.284098,0.0404701,0.572727,1.05,1.03649,0.67623,0.559085,0.67623,0.966872,0.682948,0.678023,0.645947,420,150,0.0716312,-1,1,1,9,3
hk_pairs,499,45,1,91,1.99261,0,10121,4116,0.219951,0.0363712,-0.129105,0.207911,0.38896,1.05,1.08434,0.874317,0.619536,0.874317,0.975199,0.542048,0.592082,0.508978,420,150,0.0903004,-1,1,1,4,2
hk_pairs,500,45,1,220,1.79404,1,2899,10964,-0.152348,0.177713,0.284098,0.0404701,0.4579,1.05,1.16218,0.855191,0.612022,0.860656,0.990587,0.606383,0.641253,0.588537,420,150,0.0914047,-1,1,1,1,3
hk_pairs,501,45,1,100,1.21527,1,8821,4108,0.195513,0.18189,-0.147857,-0.339954,0.624796,1.05,1.11527,0.599727,0.422473,0.599727,0.960083,0.825136,0.384032,0.300508,420,150,0.0935946,-1,1,1,2,11
hk_pairs,502,45,1,92,3.8104,0,9933,310,0.182703,0.19986,-0.219474,0.0443707,0.431288,1.05,0.93615,0.424863,0.318648,0.424863,0.976285,0.598695,0.328476,0.266196,420,150,0.0932117,1,1,1,2,4
hk_pairs,503,45,1,7,4.13416,1,164,10195,-0.223902,0.0221577,0.216139,-0.341412,0.570859,1.05,1.03566,0.801913,0.575137,0.801913,0.977824,0.68082,0.657176,0.607911,420,150,0.0882567,-1,1,1,3,11
hk_pairs,504,45,1,91,0.122506,1,10121,4108,0.219951,0.0363712,-0.147857,-0.339954,0.526239,1.05,1.04866,0.893443,0.620332,0.893443,0.97538,0.729166,0.678401,0.612621,420,150,0.085737,1,1,1,4,11
hk_pairs,505,45,1,329,2.46104,0,6120,3682,0.0509748,0.0237045,-0.145237,-0.120049,0.243388,1.05,1.01995,0.530055,0.412113,0.545082,0.94361,0.429592,0.470339,0.397613,420,150,0.0909052,-1,1,1,5,6
hk_pairs,506,45,1,69,6.12048,0,6992,5905,0.133078,-0.357527,0.030447,-0.17753,0.2072,1.05,0.99746,0.595628,0.480419,0.595628,0.966148,0.369568,0.782127,0.723024,420,150,0.094592,1,1,1,11,8
hk_pairs,507,45,1,193,3.35963,1,8574,4108,0.170078,0.197699,-0.147857,-0.339954,0.624693,1.05,1.11352,0.737705,0.524021,0.737705,0.982712,0.761446,0.551613,0.48419,420,150,0.0839298,1,1,1,2,9
hk_pairs,508,45,1,220,3.73946,1,2899,6053,-0.152348,0.177713,0.0478668,0.239101,0.210257,1.05,0.954718,0.52459,0.440005,0.532787,0.923606,0.338934,0.646557,0.573271,420,150,0.0920028,1,1,1,1,0
hk_pairs,509,45,1,100,4.1791,0,8821,3892,0.195513,0.18189,-0.136424,-0.123369,0.451016,1.05,1.14827,0.688525,0.494991,0.693989,0.994931,0.643942,0.487426,0.417814,420,150,0.0897206,1,1,1,2,7
hk_pairs,510,45,1,184,4.96847,1,6043,4229,0.048605,-0.316998,-0.12455,0.197117,0.542491,1.05,1.07096,0.528689,0.387409,0.528689,0.982712,0.657642,0.349852,0.26949,420,150,0.0792451,1,1,1,10,1
hk_pairs,511,45,1,98,5.29867,1,5863,10195,0.0214481,-0.16329,0.216139,-0.341412,0.263878,1.05,1.09466,0.729508,0.566712,0.73224,0.97357,0.528048,0.704632,0.647776,420,150,0.0718886,1,1,1,8,9
hk_pairs,512,45,1,312,3.75728,1,2296,10964,-0.170065,0.173468,0.284098,0.0404701,0.473257,1.05,1.06328,0.959016,0.671334,0.959016,0.997918,0.636471,0.651616,0.600127,420,130,0.0991405,-1,1,1,1,4
hk_pairs,513,45,1,92,0.347414,0,9933,5930,0.182703,0.19986,0.0371904,-0.349297,0.568108,1.05,0.991915,0.415301,0.309312,0.415301,0.962708,0.748297,0.297824,0.226374,420,130,0.105135,-1,1,1,2,10
hk_pairs,514,45,1,91,4.73727,1,10121,4108,0.219951,0.0363712,-0.147857,-0.339954,0.526239,1.05,0.972733,0.827869,0.598475,0.840164,0.975742,0.658719,0.667773,0.602079,420,130,0.0894306,-1,1,1,4,11
hk_pairs,515,45,1,100,4.98891,1,8821,5939,0.195513,0.18189,0.0334406,0.0661564,0.199183,1.05,1.25048,0.515027,0.437842,0.515027,0.977371,0.406297,0.619804,0.551012,420,130,0.103795,1,1,1,2,5
hk_pairs,516,45,1,319,3.35422,1,6265,4229,0.0644598,0.127008,-0.12455,0.197117,0.201593,1.05,1.07052,0.474044,0.375,0.474044,0.9437,0.329355,0.499278,0.428221,420,130,0.0896791,1,1,1,5,1
hk_pairs,517,45,1,286,1.10022,0,5732,10964,0.0032053,-0.347618,0.284098,0.0404701,0.479169,1.05,1.09199,0.551913,0.412796,0.551913,0.987328,0.634751,0.403813,0.373816,420,130,0.0770554,-1,1,1,10,4
hk_pairs,518,45,1,31,5.36932,1,6472,4108,0.0860271,-0.329134,-0.147857,-0.339954,0.234514,1.05,1.07402,0.810109,0.610656,0.810109,0.998371,0.398102,0.773525,0.699986,420,130,0.072684,1,1,1,11,9
hk_pairs,519,45,1,162,3.72223,1,5545,10195,-0.00940895,0.172716,0.216139,-0.341412,0.561435,1.05,1.07042,0.741803,0.545196,0.741803,0.995022,0.694349,0.452445,0.404289,420,130,0.075328,1,1,1,0,9
hk_pairs,520,45,1,174,0.0379679,1,9442,4108,0.233411,0.0544262,-0.147857,-0.339954,0.548994,1.05,0.982125,0.812842,0.590847,0.821038,0.98235,0.671394,0.658073,0.594432,420,130,0.0838027,1,1,1,4,11
hk_pairs,521,45,1,71,2.88594,0,5804,9955,0.0184364,-0.361752,0.202683,-0.118843,0.304911,1.05,1.08091,0.65847,0.526526,0.65847,0.96651,0.492502,0.665692,0.601396,420,130,0.0794317,1,1,1,10,7
hk_pairs,522,45,1,298,5.64202,0,5919,10195,0.0272675,-0.319218,0.216139,-0.341412,0.190204,1.05,1.23314,0.692623,0.584813,0.692623,0.952842,0.352436,0.845787,0.802479,420,130,0.070842,1,1,1,10,11
hk_pairs,523,45,1,84,4.615,1,6511,4108,0.0878019,0.250875,-0.147857,-0.339954,0.636152,1.05,1.05895,0.765027,0.547928,0.765027,0.929852,0.787329,0.485571,0.419018,420,130,0.0777933,-1,1,1,0,9
hk_pairs,524,45,1,174,5.30592,1,9442,4108,0.233411,0.0544262,-0.147857,-0.339954,0.548994,1.05,1.01312,0.853825,0.599271,0.853825,0.957006,0.73703,0.661375,0.597641,420,130,0.0843588,1,1,1,4,9
hk_pairs,525,45,1,286,0.0487371,1,5732,10964,0.0032053,-0.347618,0.284098,0.0404701,0.479169,1.05,1.06734,0.5,0.390255,0.5,0.979815,0.646157,0.400347,0.369432,420,130,0.0766013,-1,1,1,10,3
hk_pairs,526,45,1,82,5.84453,1,9822,224,0.200569,-0.095808,-0.221721,0.0423927,0.444333,1.05,1.06134,0.689891,0.513206,0.703552,0.958364,0.632213,0.556086,0.491376,420,130,0.0810366,-1,1,1,7,3
hk_pairs,527,45,1,161,2.48334,1,2296,10195,-0.170065,0.173468,0.216139,-0.341412,0.643645,1.05,1.09342,0.669399,0.509107,0.670765,0.963432,0.801648,0.539045,0.495253,420,130,0.0813337,-1,1,1,1,11
hk_pairs,528,45,1,197,1.09541,1,6470,3892,0.0838451,0.227665,-0.136424,-0.123369,0.41445,1.05,0.981176,0.648907,0.484176,0.648907,0.970311,0.563165,0.454117,0.367135,420,130,0.0815956,-1,1,1,0,7
hk_pairs,529,45,1,162,3.9212,1,5545,5930,-0.00940895,0.172716,0.0371904,-0.349297,0.524127,1.05,1.02508,0.64071,0.455943,0.642077,0.997828,0.653283,0.447864,0.387884,420,130,0.091475,-1,1,1,0,10
hk_pairs,530,45,1,231,1.5852,1,6617,4108,0.0955315,-0.347029,-0.147857,-0.339954,0.244317,1.05,1.02867,0.815574,0.617259,0.815574,0.981716,0.376974,0.751861,0.678664,420,130,0.0793393,-1,1,1,11,9
hk_pairs,531,45,1,277,1.56357,0,2945,5930,-0.153891,0.22728,0.0371904,-0.349297,0.607414,1.05,1.09097,0.547814,0.389117,0.547814,0.977281,0.780671,0.273189,0.203715,420,130,0.0919767,-1,1,1,1,10
hk_pairs,532,45,1,244,5.68229,1,4636,5930,-0.117997,-0.342522,0.0371904,-0.349297,0.155597,1.05,1.03525,0.691257,0.569444,0.691257,0.972303,0.319499,0.863569,0.795454,420,130,0.0743322,1,1,1,9,10
hk_pairs,533,45,1,281,1.41543,0,5959,9841,0.0328846,-0.188906,0.197027,0.204229,0.426109,1.05,1.02173,0.54918,0.403461,0.54918,0.949493,0.634063,0.364948,0.29293,420,130,0.0956981,1,1,1,8,2
hk_pairs,534,45,1,345,0.581959,0,9708,5939,0.179444,0.202303,0.0334406,0.0661564,0.199816,1.05,1.1718,0.461749,0.432377,0.480874,0.950036,0.368326,0.611542,0.54785,420,130,0.0922889,-1,1,1,2,5
hk_pairs,535,45,1,64,3.45263,0,3105,10964,-0.148814,0.158411,0.284098,0.0404701,0.44869,1.05,0.905019,0.852459,0.613616,0.852459,0.997737,0.581565,0.657279,0.606095,420,130,0.0884594,-1,1,1,1,4
hk_pairs,536,45,1,199,0.0532732,1,6355,3682,0.0776005,-0.248301,-0.145237,-0.120049,0.257253,1.05,1.04889,0.699454,0.54827,0.718579,0.95773,0.454457,0.694143,0.592286,420,130,0.0794262,-1,1,1,8,6
hk_pairs,537,45,1,12,3.7814,1,5868,10964,0.0214767,-0.215532,0.284098,0.0404701,0.366834,1.05,1.05992,0.704918,0.575706,0.704918,0.970311,0.548085,0.720376,0.691738,420,130,0.0747555,-1,1,1,8,3
hk_pairs,538,45,1,120,2.66472,0,6292,5930,0.0676842,0.00810242,0.0371904,-0.349297,0.358792,1.05,1.0574,0.598361,0.463115,0.598361,0.964518,0.551175,0.499875,0.426781,420,130,0.092662,1,1,1,5,10
hk_pairs,539,45,1,58,4.59403,1,10095,4108,0.206334,-0.160353,-0.147857,-0.339954,0.39713,1.05,0.973541,0.862022,0.649021,0.877049,0.988776,0.502616,0.749237,0.677553,420,130,0.0777654,1,1,1,7,9
hk_pairs,540,45,1,106,1.85901,1,8738,5939,0.188034,0.180145,0.0334406,0.0661564,0.192079,1.05,1.28868,0.51776,0.434312,0.51776,0.974294,0.426965,0.611675,0.548029,420,130,0.0913488,-1,1,1,2,5
hk_pairs,541,45,1,174,1.11858,1,9442,4108,0.233411,0.0544262,-0.147857,-0.339954,0.548994,1.05,1.0231,0.789618,0.579804,0.796448,0.979634,0.656217,0.668231,0.604609,420,130,0.0853813,1,1,1,4,9
hk_pairs,542,45,1,3,1.52203,1,6806,4108,0.10325,0.0450993,-0.147857,-0.339954,0.460143,1.05,0.991527,0.706284,0.512295,0.706284,0.975652,0.631866,0.611228,0.547155,420,130,0.0819601,-1,1,1,5,11
hk_pairs,543,45,1,12,5.90697,1,5868,9955,0.0214767,-0.215532,0.202683,-0.118843,0.205418,1.05,1.14384,0.70765,0.570583,0.70765,0.979725,0.422007,0.748872,0.697011,420,130,0.0735036,1,1,1,8,7
hk_pairs,544,45,1,7,6.18098,0,164,10195,-0.223902,0.0221577,0.216139,-0.341412,0.570859,1.05,1.02957,0.86612,0.602687,0.86612,0.969859,0.732277,0.646109,0.596804,420,130,0.0893848,1,1,1,3,9
hk_pairs,545,45,1,186,5.57259,1,2504,10964,-0.170369,-0.154715,0.284098,0.0404701,0.494635,1.05,1.06261,0.622951,0.491576,0.636612,0.957096,0.657588,0.535983,0.49776,420,130,0.075406,1,1,1,6,4
hk_pairs,546,45,1,72,1.64765,1,504,9955,-0.210823,0.0496616,0.202683,-0.118843,0.446553,1.05,1.04104,0.64071,0.459017,0.64071,0.96126,0.609864,0.456725,0.405441,420,130,0.0903341,1,1,1,3,7
hk_pairs,547,45,1,174,2.18828,1,9442,5939,0.233411,0.0544262,0.0334406,0.0661564,0.200777,1.05,1.03109,0.560109,0.458561,0.560109,0.918537,0.475324,0.639684,0.571937,420,130,0.0958437,-1,1,1,4,5
hk_pairs,548,45,1,215,3.25717,1,507,6021,-0.208078,0.0250587,0.0385189,-0.17988,0.320645,1.05,0.996712,0.637978,0.531649,0.655738,0.977281,0.475934,0.669742,0.609679,420,130,0.114347,-1,1,1,3,8
hk_pairs,549,45,1,161,0.336945,1,2296,5930,-0.170065,0.173468,0.0371904,-0.349297,0.562368,1.05,1.12456,0.461749,0.350296,0.461749,0.875724,0.711035,0.273716,0.209143,420,130,0.104526,-1,1,1,1,10
hk_pairs,550,45,1,69,5.7328,1,6992,5939,0.133078,-0.357527,0.0334406,0.0661564,0.435326,1.05,1.07456,0.698087,0.529599,0.706284,0.986694,0.598124,0.618317,0.549353,420,130,0.0907171,1,1,1,11,5
hk_pairs,551,45,1,220,4.20895,0,2899,9955,-0.152348,0.177713,0.202683,-0.118843,0.462819,1.05,1.05222,0.70765,0.521175,0.713115,0.916455,0.598012,0.493278,0.440647,420,130,0.0880426,-1,1,1,1,7
hk_pairs,552,45,1,265,2.16687,0,9994,3892,0.247507,0.00558472,-0.136424,-0.123369,0.405009,1.05,1.04467,0.581967,0.440005,0.592896,0.930395,0.580238,0.49339,0.413582,420,130,0.0828502,-1,1,1,4,7
hk_pairs,553,45,1,231,0.535704,0,6617,3892,0.0955315,-0.347029,-0.136424,-0.123369,0.322574,1.05,1.0043,0.435792,0.376822,0.442623,0.928856,0.488639,0.547154,0.466916,420,130,0.0793731,1,1,1,11,7
hk_pairs,554,45,1,7,6.15949,0,164,5978,-0.223902,0.0221577,0.036871,0.0694427,0.26503,1.05,0.999087,0.47541,0.390938,0.487705,0.843954,0.50213,0.485726,0.425272,420,130,0.0944665,1,1,1,3,5
hk_pairs,555,45,1,267,3.50409,1,6716,4229,0.111661,-0.328478,-0.12455,0.197117,0.576234,1.05,1.08387,0.569672,0.424522,0.569672,0.964971,0.683296,0.362514,0.291274,420,130,0.0796211,1,1,1,11,1
hk_pairs,556,45,1,184,1.78029,1,6043,5939,0.048605,-0.316998,0.0334406,0.0661564,0.38355,1.05,1.02895,0.508197,0.416211,0.508197,0.956734,0.532891,0.559037,0.48227,420,130,0.0937485,-1,1,1,10,5
hk_pairs,557,45,1,246,3.55249,0,3742,10964,-0.139513,-0.105675,0.284098,0.0404701,0.448112,1.05,1.00531,0.632514,0.500228,0.632514,0.949765,0.620392,0.536012,0.495842,420,130,0.0790119,1,1,1,6,4
hk_pairs,558,45,1,132,1.69396,0,6771,224,0.110125,-0.342058,-0.221721,0.0423927,0.507961,1.05,0.992877,0.736339,0.558857,0.736339,0.977824,0.648444,0.713392,0.649275,420,130,0.0757887,1,1,1,11,3
hk_pairs,559,45,1,277,4.50786,0,2945,10195,-0.153891,0.22728,0.216139,-0.341412,0.678544,1.05,1.04958,0.722678,0.53791,0.722678,0.974022,0.80295,0.528002,0.489505,420,130,0.0757095,1,1,1,1,11
hk_pairs,560,45,1,177,0.973298,1,6756,4108,0.104531,-0.171541,-0.147857,-0.339954,0.303418,1.05,0.970658,0.821038,0.60724,0.8347,0.991854,0.493277,0.719984,0.649302,420,130,0.0784713,1,1,1,8,9
hk_pairs,561,45,1,299,3.04158,1,5677,6021,0.00559902,0.232574,0.0385189,-0.17988,0.413836,1.05,1.13126,0.536885,0.403689,0.536885,0.966962,0.57632,0.432047,0.347919,420,130,0.12451,-1,1,1,0,8
hk_pairs,562,45,1,289,6.07281,1,10063,5905,0.254643,0.00918388,0.030447,-0.17753,0.291815,1.05,0.943068,0.733607,0.581398,0.752732,0.954562,0.502351,0.747159,0.676454,420,130,0.0780521,-1,1,1,4,8
hk_pairs,563,45,1,100,1.42128,0,8821,4229,0.195513,0.18189,-0.12455,0.197117,0.320651,1.05,0.951374,0.479508,0.379212,0.486339,0.956191,0.497173,0.465716,0.389671,420,130,0.0942674,1,1,1,2,1
hk_pairs,564,45,1,177,3.71878,0,6756,310,0.104531,-0.171541,-0.219474,0.0443707,0.389466,1.05,0.965734,0.572404,0.486225,0.573771,0.93664,0.556414,0.555002,0.4932,420,130,0.0891476,1,1,1,8,4
hk_pairs,565,45,1,329,3.30351,1,6120,4108,0.0509748,0.0237045,-0.147857,-0.339954,0.414553,1.05,0.963231,0.564208,0.423725,0.564208,0.910753,0.585888,0.428478,0.326256,420,130,0.0889284,1,1,1,5,11
hk_pairs,566,45,1,98,2.73746,0,5863,5978,0.0214481,-0.16329,0.036871,0.0694427,0.233429,1.05,0.994746,0.486339,0.427254,0.486339,0.861604,0.453171,0.528511,0.456578,420,130,0.0913092,1,1,1,8,5
hk_pairs,567,45,1,299,1.429,0,5677,10195,0.00559902,0.232574,0.216139,-0.341412,0.611455,1.05,1.03296,0.575137,0.398224,0.575137,0.997375,0.727622,0.418706,0.371383,420,130,0.0918435,1,1,1,0,9
hk_pairs,568,45,1,289,6.12892,1,10063,4108,0.254643,0.00918388,-0.147857,-0.339954,0.532855,1.05,1.01364,0.456284,0.357468,0.456284,0.839156,0.695688,0.293501,0.222746,420,130,0.0847387,-1,1,1,4,11
hk_pairs,569,45,1,72,2.52431,0,504,10195,-0.210823,0.0496616,0.216139,-0.341412,0.578995,1.05,1.01474,0.766393,0.558516,0.777322,0.980268,0.685623,0.62543,0.581124,420,130,0.0898507,1,1,1,3,9
hk_pairs,570,45,1,346,4.00329,0,6883,310,0.116501,-0.263332,-0.219474,0.0443707,0.455612,1.05,1.07102,0.706284,0.51628,0.706284,0.994931,0.634502,0.648277,0.586737,420,130,0.0815962,-1,1,1,11,4
hk_pairs,571,45,1,69,2.40355,1,6992,4116,0.133078,-0.357527,-0.129105,0.207911,0.623265,1.05,1.05431,0.601093,0.425205,0.601093,0.988776,0.815836,0.381619,0.298029,420,130,0.0788826,1,1,1,11,2
hk_pairs,572,45,1,126,0.302586,0,6357,4229,0.0781794,-0.235918,-0.12455,0.197117,0.478141,1.05,1.10143,0.601093,0.435792,0.601093,0.97176,0.651936,0.383363,0.311192,420,130,0.0800436,1,1,1,8,1
hk_pairs,573,45,1,72,1.04731,0,504,10195,-0.210823,0.0496616,0.216139,-0.341412,0.578995,1.05,1.05419,0.804645,0.567168,0.804645,0.96298,0.750391,0.619058,0.574759,420,130,0.0885011,1,1,1,3,11
hk_pairs,574,45,1,82,3.13136,0,9822,310,0.200569,-0.095808,-0.219474,0.0443707,0.442878,1.05,1.09026,0.717213,0.535747,0.717213,0.943248,0.653008,0.56896,0.508169,420,130,0.0782694,-1,1,1,7,4
hk_pairs,575,45,1,7,0.729811,1,164,5930,-0.223902,0.0221577,0.0371904,-0.349297,0.454038,1.05,1.03649,0.516393,0.412455,0.51776,0.855992,0.594223,0.422722,0.356757,420,130,0.102265,1,1,1,3,10
hk_pairs,576,45,1,12,0.0795657,1,5868,9841,0.0214767,-0.215532,0.197027,0.204229,0.455059,1.05,0.987969,0.479508,0.374203,0.479508,0.948226,0.613809,0.33715,0.270909,420,141,0.0915911,1,1,1,8,2
hk_pairs,577,45,1,82,1.79453,0,9822,4116,0.200569,-0.095808,-0.129105,0.207911,0.448256,1.05,1.17405,0.698087,0.548497,0.710383,0.947592,0.560607,0.550039,0.471492,420,141,0.115061,-1,1,1,7,2
hk_pairs,578,45,1,289,4.55951,1,10063,5939,0.254643,0.00918388,0.0334406,0.0661564,0.228443,1.05,1.03508,0.52459,0.457309,0.547814,0.89781,0.444255,0.649024,0.569142,420,141,0.082834,-1,1,1,4,5
hk_pairs,579,45,1,202,5.00279,0,144,9955,-0.231685,0.0509739,0.202683,-0.118843,0.466411,1.05,1.08257,0.625683,0.475751,0.625683,0.942162,0.603393,0.452674,0.399998,420,141,0.0849274,-1,1,1,3,6
hk_pairs,580,45,1,327,5.80862,0,9518,5858,0.186737,-0.138107,0.0263662,0.235632,0.406789,1.05,1.15396,0.793716,0.583675,0.793716,0.952571,0.580143,0.534464,0.483525,420,141,0.0872041,1,1,1,7,0
hk_pairs,581,45,1,224,5.87083,1,5733,9747,0.00331974,-0.348007,0.196574,0.196699,0.578001,1.05,1.07238,0.47541,0.341644,0.47541,0.991401,0.739569,0.253744,0.191719,420,141,0.0950601,1,1,1,10,1
hk_pairs,582,45,1,265,1.55928,0,9994,5939,0.247507,0.00558472,0.0334406,0.0661564,0.222499,1.05,1.0305,0.530055,0.451617,0.536885,0.926865,0.431705,0.644877,0.574841,420,141,0.0854501,-1,1,1,4,5
hk_pairs,583,45,1,327,0.0959779,1,9518,4108,0.186737,-0.138107,-0.147857,-0.339954,0.390862,1.05,1.01427,0.900273,0.664959,0.920765,0.993302,0.541384,0.731473,0.66092,420,141,0.0757983,1,1,1,7,11
hk_pairs,584,45,1,193,5.56852,1,8574,3892,0.170078,0.197699,-0.136424,-0.123369,0.4439,1.05,1.15275,0.558743,0.414162,0.558743,0.94895,0.637506,0.438686,0.369223,420,141,0.0852115,-1,1,1,2,7
hk_pairs,585,45,1,91,3.60931,1,10121,5930,0.219951,0.0363712,0.0371904,-0.349297,0.426808,1.05,1.07397,0.400273,0.368169,0.400273,0.864048,0.630744,0.444599,0.382433,420,141,0.0994728,-1,1,1,4,10
hk_pairs,586,45,1,172,2.63685,0,9878,5930,0.195704,-0.145012,0.0371904,-0.349297,0.258725,1.05,1.02694,0.960383,0.715164,0.961749,0.986694,0.466583,0.871519,0.806296,420,141,0.0767608,1,1,1,7,10
hk_pairs,587,45,1,119,0.571598,0,6372,4108,0.07411,-0.000778198,-0.147857,-0.339954,0.405351,1.05,1.12573,0.452186,0.35633,0.452186,0.890206,0.54173,0.382345,0.312415,420,141,0.0905729,-1,1,1,5,9
hk_pairs,588,45,1,328,4.81164,0,145,9955,-0.231475,0.0557003,0.202683,-0.118843,0.467945,1.05,0.968021,0.620219,0.455032,0.620219,0.963885,0.644339,0.459494,0.409505,420,141,0.0885428,-1,1,1,3,6
hk_pairs,589,45,1,3,0.257416,1,6806,3682,0.10325,0.0450993,-0.145237,-0.120049,0.299052,1.05,1.25424,0.478142,0.392077,0.478142,0.936369,0.421072,0.420429,0.358181,420,141,0.0851521,1,1,1,5,6
hk_pairs,590,45,1,198,0.851275,1,4867,5978,-0.088707,-0.363306,0.036871,0.0694427,0.450601,1.05,1.10145,0.497268,0.391507,0.497268,0.974113,0.630516,0.510145,0.436504,420,141,0.0942613,-1,1,1,9,5
hk_pairs,591,45,1,328,0.0669509,1,145,9747,-0.231475,0.0557003,0.196574,0.196699,0.450694,1.05,1.03898,0.405738,0.32138,0.405738,0.876901,0.581224,0.297461,0.217849,420,141,0.0907373,1,1,1,3,1
hk_pairs,592,45,1,54,5.22976,0,9937,4108,0.186937,0.220581,-0.147857,-0.339954,0.652907,1.05,1.13094,0.728142,0.50888,0.728142,0.97529,0.817163,0.54981,0.486495,420,141,0.0792346,-1,1,1,2,9
hk_pairs,593,45,1,177,5.5972,1,6756,224,0.104531,-0.171541,-0.221721,0.0423927,0.390139,1.05,0.970399,0.583333,0.480077,0.596995,0.931662,0.546445,0.558985,0.494107,420,141,0.0840994,1,1,1,8,3
hk_pairs,594,45,1,155,4.10523,0,64,9955,-0.233828,0.0385914,0.202683,-0.118843,0.464039,1.05,1.00422,0.562842,0.435109,0.562842,0.965424,0.597704,0.454729,0.403823,420,141,0.0830571,1,1,1,3,7
hk_pairs,595,45,1,58,5.58744,1,10095,4108,0.206334,-0.160353,-0.147857,-0.339954,0.39713,1.05,1.09651,1.03142,0.729053,1.03142,0.995203,0.604235,0.743263,0.671639,420,141,0.0759958,-1,1,1,7,9
hk_pairs,596,45,1,84,5.78522,1,6511,4108,0.0878019,0.250875,-0.147857,-0.339954,0.636152,1.05,1.1028,0.73224,0.518784,0.73224,0.981445,0.776151,0.47087,0.403894,420,141,0.0794257,-1,1,1,0,9
hk_pairs,597,45,1,246,3.65321,1,3742,5978,-0.139513,-0.105675,0.036871,0.0694427,0.248551,1.05,1.16156,0.606557,0.479622,0.606557,0.965695,0.462783,0.528981,0.459709,420,141,0.0831761,-1,1,1,6,5
hk_pairs,598,45,1,98,2.321,0,5863,9955,0.0214481,-0.16329,0.202683,-0.118843,0.186672,1.05,1.07683,0.54918,0.49112,0.553279,0.934287,0.384997,0.694695,0.647577,420,141,0.0782581,-1,1,1,8,6
hk_pairs,599,45,1,7,1.62217,1,164,10964,-0.223902,0.0221577,0.284098,0.0404701,0.508332,1.05,1.10222,0.823771,0.616234,0.823771,0.942162,0.673193,0.635933,0.582515,420,141,0.0843404,-1,1,1,3,4
hk_pairs,600,45,1,66,0.6048,1,10754,5930,0.231322,0.19311,0.0371904,-0.349297,0.576118,1.05,1.13588,0.911202,0.653233,0.911202,0.962165,0.743052,0.667949,0.610388,420,141,0.0866137,-1,1,1,2,10
hk_pairs,601,45,1,199,4.75422,1,6355,5939,0.0776005,-0.248301,0.0334406,0.0661564,0.317543,1.05,1.01155,0.553279,0.462318,0.553279,0.920348,0.475576,0.610369,0.538837,420,141,0.0910456,-1,1,1,8,5
hk_pairs,602,45,1,115,2.4737,0,3069,10195,-0.143905,-0.0775318,0.216139,-0.341412,0.446491,1.05,1.04554,0.807377,0.599954,0.807377,0.963794,0.59733,0.651913,0.612076,420,141,0.0776275,1,1,1,6,11
hk_pairs,603,45,1,299,2.36215,0,5677,10964,0.00559902,0.232574,0.284098,0.0404701,0.338328,1.05,1.0624,0.788251,0.58117,0.788251,0.974475,0.509893,0.671665,0.615416,420,141,0.0729073,1,1,1,0,4
hk_pairs,604,45,1,143,0.941747,1,4100,6021,-0.141575,-0.163162,0.0385189,-0.17988,0.180955,1.05,1.07146,0.568306,0.479281,0.584699,0.978548,0.381531,0.711501,0.644289,420,141,0.0748212,1,1,1,6,8
hk_pairs,605,45,1,106,1.19661,0,8738,5858,0.188034,0.180145,0.0263662,0.235632,0.17121,1.05,1.03418,0.618852,0.496585,0.618852,0.976104,0.313731,0.715925,0.647295,420,141,0.0793581,1,1,1,2,0
hk_pairs,606,45,1,227,2.93862,1,6895,224,0.117936,0.22892,-0.221721,0.0423927,0.387585,1.05,1.00411,0.430328,0.352573,0.430328,0.921072,0.57807,0.385947,0.321436,420,141,0.0866596,1,1,1,0,3
hk_pairs,607,45,1,106,4.0812,1,8738,4229,0.188034,0.180145,-0.12455,0.197117,0.3132,1.05,1.00888,0.389344,0.369536,0.394809,0.879073,0.483213,0.46885,0.387241,420,141,0.0894485,1,1,1,2,1
hk_pairs,608,45,1,331,3.62177,1,6022,4116,0.0380592,-0.34828,-0.129105,0.207911,0.580849,1.05,1.0854,0.521858,0.385474,0.521858,0.956372,0.706883,0.330505,0.257278,420,141,0.0870971,-1,1,1,10,2
hk_pairs,609,45,1,220,4.01289,0,2899,10964,-0.152348,0.177713,0.284098,0.0404701,0.4579,1.05,0.905599,0.864754,0.619308,0.864754,0.994117,0.588708,0.666449,0.611197,420,141,0.0872594,-1,1,1,1,4
hk_pairs,610,45,1,298,5.72111,0,5919,9955,0.0272675,-0.319218,0.202683,-0.118843,0.266314,1.05,1.14604,0.740437,0.593807,0.740437,0.965786,0.454609,0.731258,0.666762,420,141,0.137157,1,1,1,10,6
hk_pairs,611,45,1,312,1.72619,0,2296,9955,-0.170065,0.173468,0.202683,-0.118843,0.473695,1.05,1.08798,0.673497,0.521175,0.673497,0.964066,0.577241,0.49878,0.445272,420,141,0.0991443,-1,1,1,1,7
hk_pairs,612,45,1,246,0.254533,0,3742,6053,-0.139513,-0.105675,0.0478668,0.239101,0.392405,1.05,1.07614,0.719945,0.536771,0.722678,0.983436,0.610281,0.455976,0.403851,420,141,0.102281,-1,1,1,6,0
hk_pairs,613,45,1,114,0.338059,0,5668,9955,0.00233459,0.0733776,0.202683,-0.118843,0.277682,1.05,1.08174,0.296448,0.266166,0.297814,0.907857,0.429491,0.349602,0.264263,420,141,0.107719,-1,1,1,5,7
hk_pairs,614,45,1,267,0.0513594,0,6716,310,0.111661,-0.328478,-0.219474,0.0443707,0.498751,1.05,1.05224,0.739071,0.545765,0.743169,0.980811,0.643342,0.702346,0.641848,420,141,0.0768231,1,1,1,11,4
hk_pairs,615,45,1,186,4.58861,1,2504,9841,-0.170369,-0.154715,0.197027,0.204229,0.513661,1.05,1.03775,0.72541,0.537682,0.72541,0.964518,0.622391,0.509688,0.435625,420,141,0.0819923,-1,1,1,6,2
hk_pairs,616,45,1,105,0.743283,1,6653,3892,0.101108,-0.290789,-0.136424,-0.123369,0.290724,1.05,1.16956,0.416667,0.355761,0.419399,0.970492,0.489965,0.571843,0.461526,420,141,0.0802458,1,1,1,11,7
hk_pairs,617,45,1,222,3.39543,1,3934,10964,-0.151329,-0.294903,0.284098,0.0404701,0.549621,1.05,1.00499,0.655738,0.544627,0.67623,0.958182,0.696867,0.668176,0.634503,420,141,0.071818,-1,1,1,9,4
hk_pairs,618,45,1,119,3.52598,1,6372,224,0.07411,-0.000778198,-0.221721,0.0423927,0.298964,1.05,0.873239,0.5,0.433174,0.5,0.902788,0.443178,0.528504,0.465171,420,141,0.0886483,1,1,1,5,3
hk_pairs,619,45,1,337,0.755361,1,3682,9841,-0.145237,-0.120049,0.197027,0.204229,0.471488,1.05,1.07555,0.715847,0.515597,0.715847,0.983889,0.644152,0.483088,0.406184,420,141,0.0813833,1,1,1,6,2
hk_pairs,620,45,1,90,1.56935,0,6647,3682,0.0964994,0.209301,-0.145237,-0.120049,0.408543,1.05,0.943331,0.685792,0.518215,0.698087,0.987509,0.553258,0.525795,0.450755,420,141,0.0819812,1,1,1,0,6
hk_pairs,621,45,1,328,1.00607,0,145,9747,-0.231475,0.0557003,0.196574,0.196699,0.450694,1.05,1.09942,0.416667,0.315005,0.416667,0.936912,0.611774,0.295813,0.217105,420,141,0.0863264,-1,1,1,3,1
hk_pairs,622,45,1,241,0.0912324,0,3662,9841,-0.153935,-0.152021,0.197027,0.204229,0.500089,1.05,1.08105,0.733607,0.528575,0.733607,0.962799,0.67377,0.508869,0.432678,420,141,0.0793413,1,1,1,6,2
hk_pairs,623,45,1,346,0.259077,0,6883,5905,0.116501,-0.263332,0.030447,-0.17753,0.121608,1.05,1.11692,0.532787,0.501822,0.557377,0.881789,0.320499,0.795795,0.738026,420,141,0.0768717,1,1,1,11,8
hk_pairs,624,45,1,287,2.802,1,1051,10195,-0.206388,0.0350857,0.216139,-0.341412,0.566169,1.05,1.02878,0.784153,0.565005,0.785519,0.976738,0.697703,0.621984,0.57499,420,141,0.0896299,1,1,1,3,9
hk_pairs,625,45,1,12,5.58724,1,5868,9955,0.0214767,-0.215532,0.202683,-0.118843,0.205418,1.05,1.15523,0.714481,0.570811,0.724044,0.985337,0.445404,0.752662,0.69697,420,141,0.07398,1,1,1,8,7
hk_pairs,626,45,1,172,1.64833,1,9878,5930,0.195704,-0.145012,0.0371904,-0.349297,0.258725,1.05,0.96844,0.860656,0.667122,0.897541,0.99294,0.41086,0.873375,0.808084,420,141,0.0781277,1,1,1,7,10
hk_pairs,627,45,1,115,2.49221,0,3069,10964,-0.143905,-0.0775318,0.284098,0.0404701,0.443971,1.05,1.02073,0.587432,0.484404,0.592896,0.949222,0.60433,0.53059,0.491614,420,141,0.0887493,1,1,1,6,4
hk_pairs,628,45,1,329,5.03308,0,6120,3682,0.0509748,0.0237045,-0.145237,-0.120049,0.243388,1.05,1.08723,0.579235,0.4227,0.587432,0.992397,0.484509,0.467865,0.395037,420,141,0.0911839,1,1,1,5,6
hk_pairs,629,45,1,132,5.50072,1,6771,3892,0.110125,-0.342058,-0.136424,-0.123369,0.329601,1.05,1.04093,0.553279,0.432491,0.553279,0.972846,0.456174,0.557699,0.47157,420,141,0.080103,-1,1,1,11,7
hk_pairs,630,45,1,327,5.96779,1,9518,4229,0.186737,-0.138107,-0.12455,0.197117,0.45755,1.05,1.0351,0.769126,0.551913,0.769126,0.990949,0.626402,0.530127,0.45312,420,141,0.0762008,-1,1,1,7,1
hk_pairs,631,45,1,177,0.184036,0,6756,5930,0.104531,-0.171541,0.0371904,-0.349297,0.190084,1.05,0.941293,0.781421,0.592441,0.781421,0.991673,0.384961,0.806394,0.751815,420,141,0.0820665,-1,1,1,8,10
hk_pairs,632,45,1,8,4.5756,0,9999,3892,0.200145,0.209965,-0.136424,-0.123369,0.473725,1.05,0.992155,0.360656,0.297359,0.360656,0.974203,0.627714,0.320728,0.241064,420,141,0.101493,1,1,1,2,7
hk_pairs,633,45,1,91,5.98815,0,10121,5930,0.219951,0.0363712,0.0371904,-0.349297,0.426808,1.05,1.08724,0.389344,0.374772,0.412568,0.817343,0.63476,0.448802,0.385238,420,141,0.0935232,-1,1,1,4,10
hk_pairs,634,45,1,323,2.7835,0,9776,4229,0.192118,-0.121008,-0.12455,0.197117,0.448867,1.05,1.00311,0.737705,0.547814,0.748634,0.99294,0.582821,0.526456,0.447799,420,141,0.0788278,1,1,1,7,1
hk_pairs,635,45,1,268,3.95158,0,5413,9841,-0.0280609,-0.205898,0.197027,0.204229,0.467893,1.05,1.04867,0.512295,0.368283,0.512295,0.990858,0.651386,0.355862,0.290904,420,141,0.0900235,-1,1,1,8,2
hk_pairs,636,45,1,323,1.02256,1,9776,224,0.192118,-0.121008,-0.221721,0.0423927,0.444929,1.05,1.06051,0.614754,0.486794,0.61612,0.976738,0.602148,0.545009,0.483011,420,141,0.0830554,1,1,1,7,3
hk_pairs,637,45,1,24,3.15455,0,2921,9747,-0.174654,-0.295691,0.196574,0.196699,0.616662,1.05,0.980985,0.729508,0.523224,0.733607,0.970311,0.721901,0.597147,0.525406,420,141,0.0752606,1,1,1,9,1
hk_pairs,638,45,1,331,2.77011,0,6022,5905,0.0380592,-0.34828,0.030447,-0.17753,0.171194,1.05,1.13472,0.39071,0.419513,0.453552,0.944877,0.303082,0.767306,0.696948,420,141,0.0853738,-1,1,1,10,8
hk_pairs,639,45,1,186,4.4629,1,2504,6053,-0.170369,-0.154715,0.0478668,0.239101,0.450272,1.05,1.04349,0.73224,0.550547,0.748634,0.989229,0.57629,0.528714,0.4642,420,141,0.0978494,-1,1,1,6,0
hk_pairs,640,45,1,331,3.66112,0,6022,4108,0.0380592,-0.34828,-0.147857,-0.339954,0.186356,1.05,0.98164,0.678962,0.554645,0.68306,0.98235,0.344906,0.805669,0.732053,420,128,0.0768948,1,1,1,10,9
hk_pairs,641,45,1,3,5.69616,0,6806,3682,0.10325,0.0450993,-0.145237,-0.120049,0.299052,1.05,1.2613,0.476776,0.399476,0.495902,0.931933,0.431592,0.422565,0.360529,420,128,0.0888677,-1,1,1,5,6
hk_pairs,642,45,1,264,4.71518,0,9884,5939,0.195301,-0.138306,0.0334406,0.0661564,0.260777,1.05,0.923189,0.628415,0.509791,0.631148,0.98063,0.402303,0.63047,0.566909,420,128,0.0916889,1,1,1,7,5
hk_pairs,643,45,1,229,1.08291,1,6569,4108,0.0888796,0.0682087,-0.147857,-0.339954,0.471849,1.05,0.951111,0.677596,0.512864,0.677596,0.935192,0.564406,0.601328,0.53391,420,128,0.0866214,1,1,1,5,11
hk_pairs,644,45,1,103,1.72272,1,7750,5930,0.152654,-0.326788,0.0371904,-0.349297,0.11789,1.05,1.03303,0.669399,0.583675,0.670765,0.983074,0.315974,0.939305,0.866678,420,128,0.073187,-1,1,1,11,10
hk_pairs,645,45,1,162,0.822427,1,5545,10964,-0.00940895,0.172716,0.284098,0.0404701,0.321986,1.05,1.11506,0.684426,0.530852,0.684426,0.968773,0.519788,0.605775,0.554274,420,128,0.0736063,-1,1,1,0,3
hk_pairs,646,45,1,54,5.53546,1,9937,4229,0.186937,0.220581,-0.12455,0.197117,0.31237,1.05,1.10818,0.696721,0.510132,0.696721,0.958545,0.471494,0.595234,0.514914,420,128,0.0774731,1,1,1,2,1
hk_pairs,647,45,1,331,1.57705,0,6022,4108,0.0380592,-0.34828,-0.147857,-0.339954,0.186356,1.05,1.03132,0.724044,0.556125,0.724044,0.982983,0.351155,0.80534,0.731639,420,128,0.0763599,-1,1,1,10,9
hk_pairs,648,45,1,106,4.83122,0,8738,3892,0.188034,0.180145,-0.136424,-0.123369,0.444318,1.05,1.09233,0.628415,0.480191,0.628415,0.965152,0.565534,0.500041,0.426581,420,128,0.0882848,1,1,1,2,7
hk_pairs,649,45,1,90,2.04488,1,6647,4116,0.0964994,0.209301,-0.129105,0.207911,0.225608,1.05,0.849872,0.594262,0.474158,0.602459,0.947321,0.405734,0.5734,0.492756,420,128,0.075301,1,1,1,0,2
hk_pairs,650,45,1,206,1.19393,1,8980,5939,0.221174,0.0692406,0.0334406,0.0661564,0.188315,1.05,0.951939,0.532787,0.460838,0.573771,0.935554,0.450766,0.637225,0.575118,420,128,0.0955089,-1,1,1,4,5
hk_pairs,651,45,1,90,2.67696,1,6647,3892,0.0964994,0.209301,-0.136424,-0.123369,0.406138,1.05,0.99702,0.672131,0.499545,0.672131,0.962165,0.545239,0.541788,0.458929,420,128,0.0783013,1,1,1,0,7
hk_pairs,652,45,1,175,5.79204,1,5584,10964,-0.00548744,0.10948,0.284098,0.0404701,0.297844,1.05,1.18226,0.491803,0.417577,0.493169,0.870836,0.485644,0.544697,0.501823,420,128,0.0736835,1,1,1,5,3
hk_pairs,653,45,1,46,0.365787,0,9358,4108,0.230137,0.0901203,-0.147857,-0.339954,0.573028,1.05,1.0358,0.851093,0.593921,0.851093,0.976828,0.761768,0.644366,0.581061,420,128,0.0946206,-1,1,1,4,9
hk_pairs,654,45,1,105,4.57123,0,6653,4116,0.101108,-0.290789,-0.129105,0.207911,0.549433,1.05,1.00263,0.580601,0.418488,0.580601,0.983617,0.699199,0.361409,0.295797,420,128,0.0859387,1,1,1,11,2
hk_pairs,655,45,1,3,4.87507,0,6806,4116,0.10325,0.0450993,-0.129105,0.207911,0.28444,1.05,1.1965,0.59153,0.441371,0.59153,0.960083,0.469735,0.424721,0.342358,420,128,0.0900969,-1,1,1,5,2
hk_pairs,656,45,1,143,4.83038,1,4100,10964,-0.141575,-0.163162,0.284098,0.0404701,0.472057,1.05,1.07468,0.61612,0.481557,0.61612,0.975652,0.650399,0.519277,0.482286,420,128,0.0764216,-1,1,1,6,3
hk_pairs,657,45,1,175,4.74435,0,5584,6053,-0.00548744,0.10948,0.0478668,0.239101,0.140493,1.05,1.26628,0.520492,0.414618,0.520492,0.908309,0.342483,0.568322,0.498012,420,128,0.0740633,1,1,1,5,0
hk_pairs,658,45,1,224,4.18128,1,5733,9955,0.00331974,-0.348007,0.202683,-0.118843,0.30379,1.05,1.04636,0.601093,0.483948,0.601093,0.960717,0.484254,0.622574,0.56185,420,128,0.0785249,-1,1,1,10,6
hk_pairs,659,45,1,183,2.43243,1,4310,9955,-0.132963,-0.342716,0.202683,-0.118843,0.403542,1.05,1.05879,0.879781,0.648452,0.879781,0.968411,0.528438,0.713425,0.651214,420,128,0.0798547,1,1,1,9,7
hk_pairs,660,45,1,183,3.22293,0,4310,10195,-0.132963,-0.342716,0.216139,-0.341412,0.349119,1.05,1.08415,0.956284,0.715392,0.956284,0.988414,0.496962,0.741978,0.695012,420,128,0.0749582,-1,1,1,9,11
hk_pairs,661,45,1,280,3.85359,0,3801,5978,-0.15529,-0.32687,0.036871,0.0694427,0.440461,1.05,1.06008,0.602459,0.458561,0.605191,0.975652,0.590238,0.52497,0.452787,420,128,0.0817972,1,1,1,9,5
hk_pairs,662,45,1,281,1.30261,0,5959,5930,0.0328846,-0.188906,0.0371904,-0.349297,0.160669,1.05,1.11102,0.579235,0.526298,0.579235,0.946054,0.376235,0.755289,0.684574,420,128,0.0706236,-1,1,1,8,10
hk_pairs,663,45,1,179,0.842498,1,10456,5905,0.233109,-0.0120106,0.030447,-0.17753,0.261665,1.05,0.893774,0.722678,0.569445,0.728142,0.936188,0.482866,0.745467,0.678834,420,128,0.0816688,1,1,1,4,8
hk_pairs,664,45,1,82,2.72768,0,9822,4108,0.200569,-0.095808,-0.147857,-0.339954,0.425455,1.05,0.974651,0.838798,0.629098,0.856557,0.992216,0.519659,0.723525,0.652961,420,128,0.0760661,1,1,1,7,11
hk_pairs,665,45,1,174,0.0508065,1,9442,4116,0.233411,0.0544262,-0.129105,0.207911,0.394294,1.05,1.00494,0.412568,0.333675,0.412568,0.88387,0.554871,0.3763,0.301965,420,128,0.0911477,1,1,1,4,2
hk_pairs,666,45,1,162,2.11462,0,5545,9955,-0.00940895,0.172716,0.202683,-0.118843,0.360547,1.05,1.02314,0.349727,0.274476,0.349727,0.954924,0.557774,0.347985,0.282931,420,128,0.0984016,1,1,1,0,7
hk_pairs,667,45,1,229,2.07173,1,6569,4116,0.0888796,0.0682087,-0.129105,0.207911,0.258909,1.05,1.17626,0.56694,0.432491,0.56694,0.976285,0.422165,0.452247,0.369688,420,128,0.0947404,-1,1,1,5,2
hk_pairs,668,45,1,179,5.29042,1,10456,3892,0.233109,-0.0120106,-0.136424,-0.123369,0.385979,1.05,1.11995,0.587432,0.452527,0.592896,0.945601,0.576511,0.494372,0.416346,420,128,0.0846895,1,1,1,4,7
hk_pairs,669,45,1,319,2.30958,0,6265,3892,0.0644598,0.127008,-0.136424,-0.123369,0.321042,1.05,1.16237,0.577869,0.421448,0.577869,0.958997,0.561401,0.43751,0.356176,420,128,0.0986271,1,1,1,5,7
hk_pairs,670,45,1,90,2.2342,1,6647,3682,0.0964994,0.209301,-0.145237,-0.120049,0.408543,1.05,0.974823,0.687159,0.51184,0.689891,0.967686,0.545372,0.544751,0.46124,420,128,0.0790217,1,1,1,0,6
hk_pairs,671,45,1,132,1.04201,0,6771,5905,0.110125,-0.342058,0.030447,-0.17753,0.183081,1.05,0.959468,0.525956,0.472678,0.528689,0.92605,0.366951,0.792581,0.727388,420,128,0.0794053,1,1,1,11,8
hk_pairs,672,45,1,338,3.60871,1,8247,3682,0.16576,-0.127426,-0.145237,-0.120049,0.311208,1.05,1.0513,0.650273,0.490665,0.650273,0.975018,0.551924,0.505806,0.430955,420,128,0.0823722,1,1,1,7,6
hk_pairs,673,45,1,282,0.027078,1,5785,6021,0.0100203,-0.333939,0.0385189,-0.17988,0.156709,1.05,1.06431,0.464481,0.477231,0.497268,0.8979,0.278247,0.768529,0.702137,420,128,0.0741406,-1,1,1,10,8
hk_pairs,674,45,1,289,2.56286,1,10063,4229,0.254643,0.00918388,-0.12455,0.197117,0.423245,1.05,1.14449,0.385246,0.322518,0.393443,0.956825,0.576722,0.387737,0.315399,420,128,0.0854365,-1,1,1,4,1
hk_pairs,675,45,1,84,5.92274,1,6511,310,0.0878019,0.250875,-0.219474,0.0443707,0.37022,1.05,0.996548,0.554645,0.444331,0.556011,0.97529,0.475815,0.514784,0.441149,420,128,0.0865474,1,1,1,0,4
hk_pairs,676,45,1,72,5.07982,1,504,5978,-0.210823,0.0496616,0.036871,0.0694427,0.248669,1.05,1.07563,0.625683,0.482924,0.642077,0.96126,0.42153,0.516461,0.451391,420,128,0.0938042,1,1,1,3,5
hk_pairs,677,45,1,54,3.99797,0,9937,3682,0.186937,0.220581,-0.145237,-0.120049,0.475782,1.05,1.08948,0.393443,0.311589,0.393443,0.973298,0.655247,0.323251,0.240096,420,128,0.105998,-1,1,1,2,6
hk_pairs,678,45,1,328,2.41879,0,145,9747,-0.231475,0.0557003,0.196574,0.196699,0.450694,1.05,1.00301,0.403006,0.315574,0.403006,0.868845,0.590581,0.299585,0.220715,420,128,0.0945083,1,1,1,3,1
hk_pairs,679,45,1,92,5.03334,1,9933,5858,0.182703,0.19986,0.0263662,0.235632,0.160377,1.05,0.909878,0.494536,0.448429,0.494536,0.931843,0.310879,0.690156,0.619648,420,128,0.0950613,1,1,1,2,0
hk_pairs,680,45,1,46,4.0395,1,9358,3892,0.230137,0.0901203,-0.136424,-0.123369,0.42457,1.05,1.01402,0.629781,0.464139,0.629781,0.975199,0.589496,0.474751,0.39963,420,128,0.0997268,-1,1,1,4,7
hk_pairs,681,45,1,244,5.36283,1,4636,9747,-0.117997,-0.342522,0.196574,0.196699,0.624293,1.05,1.11037,0.785519,0.53939,0.785519,0.995203,0.790962,0.580734,0.512604,420,128,0.0801798,-1,1,1,9,1
hk_pairs,682,45,1,161,5.66896,0,2296,5978,-0.170065,0.173468,0.036871,0.0694427,0.231655,1.05,1.00053,0.494536,0.428506,0.494536,0.858526,0.425053,0.53884,0.47184,420,128,0.0883398,-1,1,1,1,5
hk_pairs,683,45,1,84,1.90514,0,6511,4229,0.0878019,0.250875,-0.12455,0.197117,0.21922,1.05,1.07626,0.349727,0.33561,0.382514,0.932114,0.392345,0.555979,0.499202,420,128,0.107606,1,1,1,0,1
hk_pairs,684,45,1,197,0.0468953,1,6470,5930,0.0838451,0.227665,0.0371904,-0.349297,0.578845,1.05,1.13083,0.632514,0.45617,0.632514,0.981626,0.702507,0.464315,0.402569,420,128,0.0881718,1,1,1,0,10
hk_pairs,685,45,1,153,4.72334,1,3537,9747,-0.146295,-0.111834,0.196574,0.196699,0.461261,1.05,1.03679,0.72541,0.51571,0.72541,0.94723,0.661162,0.484544,0.409815,420,128,0.0820963,1,1,1,6,1
hk_pairs,686,45,1,233,2.18007,0,5612,5930,-0.00146675,0.233496,0.0371904,-0.349297,0.584073,1.05,1.02953,0.525956,0.399249,0.536885,0.962346,0.715656,0.429398,0.362814,420,128,0.0925329,-1,1,1,0,10
hk_pairs,687,45,1,197,5.04898,0,6470,5905,0.0838451,0.227665,0.030447,-0.17753,0.408699,1.05,1.01082,0.495902,0.377732,0.505465,0.967596,0.618885,0.391271,0.301446,420,128,0.1104,1,1,1,0,8
hk_pairs,688,45,1,69,3.11694,1,6992,5930,0.133078,-0.357527,0.0371904,-0.349297,0.0962397,1.05,0.871472,0.613388,0.521516,0.622951,0.978729,0.243712,0.932822,0.863666,420,128,0.0738304,1,1,1,11,10
hk_pairs,689,45,1,235,1.50897,1,2606,10195,-0.156796,0.191725,0.216139,-0.341412,0.650696,1.05,1.10223,0.684426,0.515369,0.684426,0.964066,0.788054,0.524675,0.48591,420,128,0.0797337,-1,1,1,1,9
hk_pairs,690,45,1,114,5.26356,1,5668,9841,0.00233459,0.0733776,0.197027,0.204229,0.234579,1.05,1.06641,0.392077,0.313525,0.392077,0.909395,0.376854,0.409936,0.338004,420,128,0.0872384,-1,1,1,5,2
hk_pairs,691,45,1,229,2.40811,1,6569,4116,0.0888796,0.0682087,-0.129105,0.207911,0.258909,1.05,1.12906,0.564208,0.432377,0.564208,0.963342,0.402088,0.45161,0.369322,420,128,0.0880954,-1,1,1,5,2
hk_pairs,692,45,1,177,3.37276,1,6756,224,0.104531,-0.171541,-0.221721,0.0423927,0.390139,1.05,0.988374,0.596995,0.459472,0.599727,0.944696,0.546601,0.557946,0.492997,420,128,0.0822242,-1,1,1,8,3
hk_pairs,693,45,1,31,5.17788,0,6472,5858,0.0860271,-0.329134,0.0263662,0.235632,0.568065,1.05,1.05585,0.443989,0.359745,0.443989,0.940713,0.730685,0.403058,0.335261,420,128,0.105903,1,1,1,11,0
hk_pairs,694,45,1,155,2.87219,0,64,9955,-0.233828,0.0385914,0.202683,-0.118843,0.464039,1.05,1.10545,0.629781,0.473588,0.632514,0.942252,0.599052,0.453317,0.402533,420,128,0.0829389,1,1,1,3,6
hk_pairs,695,45,1,327,5.51321,0,9518,5930,0.186737,-0.138107,0.0371904,-0.349297,0.258925,1.05,0.983331,0.86612,0.669741,0.898907,0.979091,0.424997,0.863295,0.79953,420,128,0.0754602,-1,1,1,7,10
hk_pairs,696,45,1,132,2.41592,0,6771,4229,0.110125,-0.342058,-0.12455,0.197117,0.588118,1.05,1.07849,0.572404,0.412682,0.572404,0.992849,0.770725,0.364025,0.284437,420,128,0.080422,1,1,1,11,1
hk_pairs,697,45,1,12,6.01632,0,5868,9955,0.0214767,-0.215532,0.202683,-0.118843,0.205418,1.05,1.09274,0.659836,0.556808,0.672131,0.978096,0.413074,0.748077,0.698636,420,128,0.0782176,-1,1,1,8,6
hk_pairs,698,45,1,241,1.86628,0,3662,5978,-0.153935,-0.152021,0.036871,0.0694427,0.292324,1.05,1.09299,0.59153,0.471995,0.60929,0.919895,0.530603,0.537178,0.467209,420,128,0.101092,1,1,1,6,5
hk_pairs,699,45,1,280,4.15996,1,3801,6021,-0.15529,-0.32687,0.0385189,-0.17988,0.24327,1.05,0.969917,0.513661,0.453552,0.540984,0.956644,0.406086,0.713189,0.646448,420,128,0.0785024,1,1,1,9,8
hk_pairs,700,45,1,161,3.80018,1,2296,10964,-0.170065,0.173468,0.284098,0.0404701,0.473257,1.05,0.984939,0.864754,0.621699,0.864754,0.993573,0.609381,0.660578,0.611569,420,128,0.0838484,-1,1,1,1,3
hk_pairs,701,45,1,31,2.11594,1,6472,3892,0.0860271,-0.329134,-0.136424,-0.123369,0.303139,1.05,1.00542,0.471312,0.386043,0.471312,0.930485,0.472126,0.566408,0.46699,420,128,0.0806019,-1,1,1,11,7
hk_pairs,702,45,1,78,1.45776,1,324,10964,-0.22358,0.0506763,0.284098,0.0404701,0.508034,1.05,1.13035,0.830601,0.619991,0.830601,0.961894,0.666033,0.62426,0.575424,420,128,0.0920135,-1,1,1,3,4
hk_pairs,703,45,1,323,6.10064,1,9776,5930,0.192118,-0.121008,0.0371904,-0.349297,0.275895,1.05,0.977434,0.797814,0.626025,0.825137,0.979815,0.424755,0.864594,0.798998,420,128,0.0849173,1,1,1,7,10
hk_pairs,704,45,1,235,4.46312,0,2606,9955,-0.156796,0.191725,0.202683,-0.118843,0.475076,1.05,1.10158,0.709016,0.532104,0.709016,0.96126,0.584671,0.523853,0.4683,383,126,0.0797046,1,1,1,1,6
hk_pairs,705,45,1,162,2.42988,0,5545,9955,-0.00940895,0.172716,0.202683,-0.118843,0.360547,1.05,1.02496,0.315574,0.255806,0.315574,0.958273,0.51696,0.311579,0.24438,383,126,0.101001,1,1,1,0,7
hk_pairs,706,45,1,280,3.35241,1,3801,9955,-0.15529,-0.32687,0.202683,-0.118843,0.414029,1.05,1.08206,0.867486,0.624545,0.871585,0.987056,0.556977,0.728342,0.656207,383,126,0.0742649,1,1,1,9,7
hk_pairs,707,45,1,91,2.62262,0,10121,4116,0.219951,0.0363712,-0.129105,0.207911,0.38896,1.05,1.07484,0.856557,0.603598,0.856557,0.99466,0.532991,0.59274,0.509663,383,126,0.0859008,-1,1,1,4,2
hk_pairs,708,45,1,149,4.38963,1,2641,9955,-0.166611,0.194302,0.202683,-0.118843,0.484319,1.05,1.04526,0.743169,0.539731,0.747268,0.968592,0.628194,0.516489,0.460707,383,126,0.0789815,-1,1,1,1,7
hk_pairs,709,45,1,280,3.98089,1,3801,5978,-0.15529,-0.32687,0.036871,0.0694427,0.440461,1.05,1.13215,0.539617,0.448429,0.556011,0.945692,0.581569,0.525453,0.451613,383,126,0.0776664,1,1,1,9,5
hk_pairs,710,45,1,58,0.471639,0,10095,4116,0.206334,-0.160353,-0.129105,0.207911,0.498137,1.05,0.971475,0.785519,0.562272,0.796448,0.990677,0.654585,0.531539,0.452636,383,126,0.0769368,-1,1,1,7,2
hk_pairs,711,45,1,10,0.707491,1,6119,224,0.0508642,-0.333344,-0.221721,0.0423927,0.464232,1.05,0.979067,0.775956,0.58413,0.775956,0.983074,0.635097,0.73844,0.676109,383,126,0.0754593,1,1,1,10,3
hk_pairs,712,45,1,105,5.34364,1,6653,5858,0.101108,-0.290789,0.0263662,0.235632,0.531868,1.05,1.02716,0.583333,0.430442,0.583333,0.972755,0.705224,0.450431,0.374136,383,126,0.104074,1,1,1,11,0
hk_pairs,713,45,1,233,4.48942,0,5612,9955,-0.00146675,0.233496,0.202683,-0.118843,0.407233,1.05,1.16726,0.855191,0.62204,0.855191,0.984884,0.545469,0.610092,0.548309,383,126,0.0812307,-1,1,1,0,7
hk_pairs,714,45,1,19,1.77242,1,4470,9841,-0.109414,0.186338,0.197027,0.204229,0.306963,1.05,0.865175,0.662568,0.486794,0.662568,0.985337,0.425195,0.574808,0.492576,383,126,0.086395,1,1,1,1,2
hk_pairs,715,45,1,264,0.904053,0,9884,4108,0.195301,-0.138306,-0.147857,-0.339954,0.398134,1.05,1.0681,0.993169,0.698429,0.993169,0.994569,0.607016,0.730304,0.659757,383,126,0.0752175,1,1,1,7,11
hk_pairs,716,45,1,82,0.805296,0,9822,5939,0.200569,-0.095808,0.0334406,0.0661564,0.232828,1.05,1.04613,0.558743,0.513775,0.577869,0.962346,0.392926,0.639587,0.567696,383,126,0.0886363,1,1,1,7,5
hk_pairs,717,45,1,244,0.436261,0,4636,6053,-0.117997,-0.342522,0.0478668,0.239101,0.604878,1.05,1.03723,0.560109,0.416325,0.560109,0.981897,0.761149,0.392268,0.328764,383,126,0.107106,1,1,1,9,0
hk_pairs,718,45,1,277,5.64631,1,2945,9955,-0.153891,0.22728,0.202683,-0.118843,0.496956,1.05,0.960762,0.389344,0.305442,0.389344,0.934739,0.690157,0.290132,0.210137,383,126,0.0950507,1,1,1,1,7
hk_pairs,719,45,1,98,1.48138,0,5863,10195,0.0214481,-0.16329,0.216139,-0.341412,0.263878,1.05,1.10962,0.689891,0.576161,0.710383,0.958545,0.518288,0.704679,0.64791,383,126,0.0728606,-1,1,1,8,9
hk_pairs,720,45,1,3,3.1344,1,6806,5930,0.10325,0.0450993,0.0371904,-0.349297,0.400402,1.05,1.10414,0.614754,0.461066,0.614754,0.962256,0.544017,0.53808,0.485172,383,126,0.101358,-1,1,1,5,10
hk_pairs,721,45,1,222,0.570208,1,3934,9747,-0.151329,-0.294903,0.196574,0.196699,0.602253,1.05,0.980548,0.68306,0.533015,0.68306,0.96479,0.746628,0.597059,0.528045,383,126,0.0749229,1,1,1,9,1
hk_pairs,722,45,1,186,5.45129,1,2504,10195,-0.170369,-0.154715,0.216139,-0.341412,0.429258,1.05,1.03962,0.931694,0.66143,0.931694,0.990043,0.585441,0.689778,0.647841,383,126,0.0761127,-1,1,1,6,9
hk_pairs,723,45,1,143,2.50293,0,4100,5930,-0.141575,-0.163162,0.0371904,-0.349297,0.258413,1.05,1.08598,0.803279,0.61373,0.821038,0.967958,0.444111,0.793223,0.728351,383,126,0.0803502,-1,1,1,6,10
hk_pairs,724,45,1,233,0.519183,1,5612,10964,-0.00146675,0.233496,0.284098,0.0404701,0.344682,1.05,1.02465,0.801913,0.583789,0.801913,0.979906,0.530874,0.667885,0.61295,383,126,0.0741619,-1,1,1,0,4
hk_pairs,725,45,1,220,3.87907,1,2899,10964,-0.152348,0.177713,0.284098,0.0404701,0.4579,1.05,1.00556,0.892076,0.638434,0.892076,0.995655,0.597872,0.65036,0.598628,383,126,0.0833971,1,1,1,1,3
hk_pairs,726,45,1,143,1.27853,1,4100,10964,-0.141575,-0.163162,0.284098,0.0404701,0.472057,1.05,1.04719,0.602459,0.492031,0.602459,0.960536,0.642785,0.518135,0.481088,383,126,0.0770823,1,1,1,6,4
hk_pairs,727,45,1,90,5.54513,1,6647,3682,0.0964994,0.209301,-0.145237,-0.120049,0.408543,1.05,0.98721,0.681694,0.505692,0.681694,0.970764,0.543784,0.54443,0.462917,383,126,0.077137,-1,1,1,0,6
hk_pairs,728,45,1,229,5.90796,0,6569,4116,0.0888796,0.0682087,-0.129105,0.207911,0.258909,1.05,0.933881,0.540984,0.408356,0.540984,0.978367,0.397102,0.452082,0.369468,383,126,0.0887147,-1,1,1,5,2
hk_pairs,729,45,1,64,2.829,1,3105,9955,-0.148814,0.158411,0.202683,-0.118843,0.447705,1.05,0.99412,0.710383,0.509904,0.718579,0.980992,0.609913,0.478104,0.427573,383,126,0.0956684,1,1,1,1,6
hk_pairs,730,45,1,312,5.86642,1,2296,10964,-0.170065,0.173468,0.284098,0.0404701,0.473257,1.05,1.01011,0.877049,0.633538,0.877049,0.997737,0.603515,0.662248,0.612749,383,126,0.0949988,1,1,1,1,3
hk_pairs,731,45,1,345,2.93751,0,9708,224,0.179444,0.202303,-0.221721,0.0423927,0.431862,1.05,0.967598,0.919399,0.658128,0.919399,0.983707,0.565138,0.613531,0.545924,383,126,0.0824788,-1,1,1,2,3
hk_pairs,732,45,1,193,4.37858,1,8574,3682,0.170078,0.197699,-0.145237,-0.120049,0.447745,1.05,1.04908,0.547814,0.445469,0.547814,0.90677,0.578049,0.445942,0.378114,383,126,0.0810512,-1,1,1,2,6
hk_pairs,733,45,1,268,2.68721,1,5413,5930,-0.0280609,-0.205898,0.0371904,-0.349297,0.15772,1.05,0.993971,0.560109,0.482127,0.560109,0.946235,0.338239,0.746655,0.685475,383,126,0.0736195,1,1,1,8,10
hk_pairs,734,45,1,289,0.686175,0,10063,4229,0.254643,0.00918388,-0.12455,0.197117,0.423245,1.05,1.14921,0.38388,0.321494,0.392077,0.945873,0.564881,0.387453,0.315245,383,126,0.0828732,-1,1,1,4,1
hk_pairs,735,45,1,222,4.58433,1,3934,9841,-0.151329,-0.294903,0.197027,0.204229,0.608685,1.05,1.00018,0.729508,0.529372,0.741803,0.978367,0.702714,0.591268,0.51889,383,126,0.0744142,-1,1,1,9,2
hk_pairs,736,45,1,90,5.73064,0,6647,4116,0.0964994,0.209301,-0.129105,0.207911,0.225608,1.05,1.03825,0.590164,0.464367,0.590164,0.961713,0.357919,0.578952,0.497859,383,126,0.077522,-1,1,1,0,2
hk_pairs,737,45,1,153,3.25056,1,3537,9955,-0.146295,-0.111834,0.202683,-0.118843,0.349068,1.05,1.08391,0.579235,0.47541,0.595628,0.982078,0.461742,0.479716,0.439689,383,126,0.0774933,1,1,1,6,7
hk_pairs,738,45,1,184,5.52419,1,6043,4229,0.048605,-0.316998,-0.12455,0.197117,0.542491,1.05,1.05952,0.551913,0.40107,0.551913,0.988414,0.666604,0.351693,0.268566,383,126,0.0798452,1,1,1,10,1
hk_pairs,739,45,1,15,3.28565,0,2437,9841,-0.165091,-0.120352,0.197027,0.204229,0.486294,1.05,1.01558,0.784153,0.549522,0.785519,0.983345,0.692942,0.498985,0.425175,383,126,0.0847511,-1,1,1,6,2
hk_pairs,740,45,1,224,1.02299,0,5733,10964,0.00331974,-0.348007,0.284098,0.0404701,0.479417,1.05,1.09093,0.497268,0.390597,0.502732,0.971126,0.617638,0.380744,0.348942,383,126,0.0766637,1,1,1,10,4
hk_pairs,741,45,1,161,6.2791,1,2296,6053,-0.170065,0.173468,0.0478668,0.239101,0.227645,1.05,1.10863,0.688525,0.52607,0.693989,0.990315,0.352872,0.662073,0.591019,383,126,0.0932552,-1,1,1,1,0
hk_pairs,742,45,1,8,3.69646,1,9999,5858,0.200145,0.209965,0.0263662,0.235632,0.175664,1.05,1.04978,0.547814,0.455487,0.553279,0.943338,0.324357,0.724266,0.651071,383,126,0.0773155,-1,1,1,2,0
hk_pairs,743,45,1,179,0.747254,0,10456,5905,0.233109,-0.0120106,0.030447,-0.17753,0.261665,1.05,0.979278,0.636612,0.545082,0.636612,0.971307,0.404632,0.74614,0.679498,383,126,0.0831055,1,1,1,4,8
hk_pairs,744,45,1,106,1.82925,0,8738,3892,0.188034,0.180145,-0.136424,-0.123369,0.444318,1.05,1.08006,0.637978,0.491917,0.637978,0.957911,0.571071,0.508957,0.43441,383,126,0.0875548,-1,1,1,2,7
hk_pairs,745,45,1,126,0.884717,0,6357,4116,0.0781794,-0.235918,-0.129105,0.207911,0.489847,1.05,1.10077,0.612022,0.438752,0.612022,0.996108,0.665366,0.388931,0.316022,383,126,0.0795556,1,1,1,8,2
hk_pairs,746,45,1,119,5.19264,0,6372,5930,0.07411,-0.000778198,0.0371904,-0.349297,0.350468,1.05,0.995509,0.737705,0.540642,0.737705,0.9876,0.598223,0.620623,0.532221,383,126,0.0996781,1,1,1,5,10
hk_pairs,747,45,1,100,3.32917,0,8821,4108,0.195513,0.18189,-0.147857,-0.339954,0.624796,1.05,1.02183,0.558743,0.407901,0.558743,0.944786,0.790018,0.362851,0.301941,383,126,0.0984676,-1,1,1,2,11
hk_pairs,748,45,1,87,2.53162,0,10428,4108,0.212633,0.0399647,-0.147857,-0.339954,0.523728,1.05,0.973754,0.833333,0.596084,0.84153,0.972031,0.671727,0.665262,0.599062,383,126,0.0847213,1,1,1,4,9
hk_pairs,749,45,1,155,0.702961,0,64,5978,-0.233828,0.0385914,0.036871,0.0694427,0.27246,1.05,1.21602,0.409836,0.364185,0.43306,0.937002,0.445259,0.493778,0.435897,383,126,0.0928486,1,1,1,3,5
hk_pairs,750,45,1,161,2.11004,1,2296,9955,-0.170065,0.173468,0.202683,-0.118843,0.473695,1.05,1.12377,0.691257,0.504781,0.691257,0.983979,0.634344,0.505538,0.453707,383,126,0.0799481,-1,1,1,1,6
hk_pairs,751,45,1,241,1.57328,0,3662,5930,-0.153935,-0.152021,0.0371904,-0.349297,0.274675,1.05,1.09362,0.797814,0.601662,0.811475,0.990134,0.441815,0.787718,0.723257,383,126,0.0797433,-1,1,1,6,10
hk_pairs,752,45,1,222,1.16731,1,3934,9747,-0.151329,-0.294903,0.196574,0.196699,0.602253,1.05,0.988996,0.715847,0.528347,0.72541,0.977915,0.695724,0.600179,0.531196,383,126,0.0747121,1,1,1,9,1
hk_pairs,753,45,1,179,1.09971,1,10456,4108,0.233109,-0.0120106,-0.147857,-0.339954,0.502674,1.05,0.930577,0.885246,0.634221,0.903006,0.987328,0.638566,0.69492,0.627717,383,126,0.0803871,1,1,1,4,11
hk_pairs,754,45,1,277,4.14343,1,2945,10964,-0.153891,0.22728,0.284098,0.0404701,0.476163,1.05,1.04716,0.95082,0.673156,0.95082,0.996017,0.612182,0.633908,0.577884,383,126,0.0792662,-1,1,1,1,4
hk_pairs,755,45,1,115,1.20435,0,3069,6053,-0.143905,-0.0775318,0.0478668,0.239101,0.37018,1.05,1.1021,0.795082,0.575706,0.795082,0.996923,0.571541,0.554726,0.500473,383,126,0.0885191,1,1,1,6,0
hk_pairs,756,45,1,87,0.643778,0,10428,4229,0.212633,0.0399647,-0.12455,0.197117,0.372007,1.05,1.04965,0.550547,0.439094,0.550547,0.938541,0.482062,0.483114,0.407857,383,126,0.0948837,1,1,1,4,1
hk_pairs,757,45,1,58,4.90377,1,10095,5939,0.206334,-0.160353,0.0334406,0.0661564,0.28503,1.05,1.21764,0.621585,0.498975,0.621585,0.960083,0.508248,0.633098,0.569588,383,126,0.0829944,-1,1,1,7,5
hk_pairs,758,45,1,78,6.03358,1,324,9955,-0.22358,0.0506763,0.202683,-0.118843,0.458885,1.05,1.09299,0.639344,0.480533,0.639344,0.959359,0.585815,0.450532,0.402132,383,126,0.0958374,-1,1,1,3,7
hk_pairs,759,45,1,224,2.36895,0,5733,10964,0.00331974,-0.348007,0.284098,0.0404701,0.479417,1.05,1.08163,0.476776,0.380578,0.479508,0.964881,0.636161,0.383301,0.349825,383,126,0.0768053,1,1,1,10,3
hk_pairs,760,45,1,106,4.45332,1,8738,5930,0.188034,0.180145,0.0371904,-0.349297,0.5506,1.05,1.07398,0.773224,0.544513,0.773224,0.988595,0.74382,0.585366,0.495797,383,126,0.0982333,1,1,1,2,10
hk_pairs,761,45,1,327,4.81654,1,9518,5930,0.186737,-0.138107,0.0371904,-0.349297,0.258925,1.05,1.01333,0.76776,0.616234,0.79918,0.975561,0.427378,0.867791,0.804023,383,126,0.0975608,-1,1,1,7,10
hk_pairs,762,45,1,92,1.1947,1,9933,5939,0.182703,0.19986,0.0334406,0.0661564,0.200571,1.05,1.34442,0.536885,0.438525,0.553279,0.968049,0.426983,0.614742,0.549566,383,126,0.0865022,1,1,1,2,5
hk_pairs,763,45,1,105,2.0601,0,6653,4229,0.101108,-0.290789,-0.12455,0.197117,0.537728,1.05,1.00449,0.558743,0.42771,0.558743,0.929671,0.653135,0.361149,0.296091,383,126,0.0806215,-1,1,1,11,1
hk_pairs,764,45,1,319,1.3876,1,6265,3892,0.0644598,0.127008,-0.136424,-0.123369,0.321042,1.05,0.889976,0.527322,0.404713,0.527322,0.966962,0.461935,0.455469,0.365832,383,126,0.0941513,-1,1,1,5,7
hk_pairs,765,45,1,46,2.21447,1,9358,5905,0.230137,0.0901203,0.030447,-0.17753,0.334707,1.05,1.09642,0.754098,0.567509,0.762295,0.955377,0.542948,0.701109,0.636858,383,126,0.0984313,-1,1,1,4,8
hk_pairs,766,45,1,120,3.90587,1,6292,4116,0.0676842,0.00810242,-0.129105,0.207911,0.280566,1.05,1.04871,0.602459,0.455715,0.602459,0.942162,0.438501,0.521016,0.439034,383,126,0.0810015,1,1,1,5,2
hk_pairs,767,45,1,298,1.72724,0,5919,10964,0.0272675,-0.319218,0.284098,0.0404701,0.442009,1.05,1.04424,0.872951,0.658128,0.872951,0.991039,0.632343,0.792997,0.766543,383,126,0.0722769,-1,1,1,10,3
hk_pairs,768,45,1,328,2.72559,1,145,6053,-0.231475,0.0557003,0.0478668,0.239101,0.334266,1.05,1.13132,0.423497,0.382741,0.435792,0.884595,0.492668,0.500048,0.434012,420,140,0.100579,-1,1,1,3,0
hk_pairs,769,45,1,199,2.49616,1,6355,224,0.0776005,-0.248301,-0.221721,0.0423927,0.417335,1.05,1.03231,0.662568,0.498975,0.663934,0.972936,0.591951,0.650601,0.586928,420,140,0.0858474,1,1,1,8,3
hk_pairs,770,45,1,153,1.05213,0,3537,10195,-0.146295,-0.111834,0.216139,-0.341412,0.429117,1.05,1.01487,0.864754,0.616917,0.864754,0.988686,0.624873,0.658177,0.619494,420,140,0.0792574,1,1,1,6,11
hk_pairs,771,45,1,69,0.988504,0,6992,3892,0.133078,-0.357527,-0.136424,-0.123369,0.357052,1.05,1.08225,0.374317,0.34597,0.403006,0.863505,0.53651,0.521339,0.440306,420,140,0.0931304,1,1,1,11,7
hk_pairs,772,45,1,233,1.41722,1,5612,10964,-0.00146675,0.233496,0.284098,0.0404701,0.344682,1.05,1.05482,0.710383,0.548611,0.724044,0.945782,0.490136,0.669404,0.612911,420,140,0.0745522,-1,1,1,0,4
hk_pairs,773,45,1,186,5.65341,1,2504,10964,-0.170369,-0.154715,0.284098,0.0404701,0.494635,1.05,1.0647,0.625683,0.494308,0.637978,0.961079,0.659335,0.536537,0.498344,420,140,0.0755883,1,1,1,6,3
hk_pairs,774,45,1,19,5.99464,0,4470,10964,-0.109414,0.186338,0.284098,0.0404701,0.419677,1.05,1.04533,0.827869,0.596995,0.827869,0.994388,0.554323,0.62438,0.571427,420,140,0.0841635,1,1,1,1,3
hk_pairs,775,45,1,87,1.71641,1,10428,3682,0.212633,0.0399647,-0.145237,-0.120049,0.392014,1.05,1.11979,0.594262,0.469832,0.612022,0.93664,0.584356,0.475371,0.405611,420,140,0.0889177,-1,1,1,4,6
hk_pairs,776,45,1,222,0.93808,0,3934,9747,-0.151329,-0.294903,0.196574,0.196699,0.602253,1.05,1.0507,0.758197,0.530396,0.758197,0.980449,0.731753,0.579127,0.510181,420,140,0.0737213,1,1,1,9,1
hk_pairs,777,45,1,172,5.55657,1,9878,4108,0.195704,-0.145012,-0.147857,-0.339954,0.395116,1.05,1.09821,0.995902,0.704918,0.995902,0.984341,0.593337,0.739871,0.66809,420,140,0.076295,1,1,1,7,11
hk_pairs,778,45,1,172,0.0611909,1,9878,4108,0.195704,-0.145012,-0.147857,-0.339954,0.395116,1.05,1.06044,1,0.704918,1.0082,0.994026,0.596501,0.734976,0.663144,420,140,0.0768787,1,1,1,7,11
hk_pairs,779,45,1,7,0.41808,1,164,9841,-0.223902,0.0221577,0.197027,0.204229,0.458622,1.05,1.05806,0.872951,0.614413,0.872951,0.988324,0.596098,0.544594,0.463304,420,140,0.0961705,1,1,1,3,2
hk_pairs,780,45,1,220,4.87448,0,2899,9841,-0.152348,0.177713,0.197027,0.204229,0.350884,1.05,1.08429,0.445355,0.358265,0.445355,0.958182,0.478967,0.444921,0.363529,420,140,0.102193,1,1,1,1,2
hk_pairs,781,45,1,15,2.17863,0,2437,10964,-0.165091,-0.120352,0.284098,0.0404701,0.47711,1.05,1.05125,0.617486,0.497723,0.617486,0.97176,0.606718,0.526443,0.483578,420,140,0.0813951,1,1,1,6,4
hk_pairs,782,45,1,143,1.73719,1,4100,10195,-0.141575,-0.163162,0.216139,-0.341412,0.399682,1.05,1.03329,0.864754,0.629668,0.864754,0.985337,0.55049,0.692086,0.646706,420,140,0.0772673,-1,1,1,6,9
hk_pairs,783,45,1,319,3.32953,0,6265,224,0.0644598,0.127008,-0.221721,0.0423927,0.298428,1.05,0.997926,0.545082,0.417236,0.545082,0.943881,0.468111,0.493937,0.430161,420,140,0.0912135,1,1,1,5,3
hk_pairs,784,45,1,235,3.29695,1,2606,5930,-0.156796,0.191725,0.0371904,-0.349297,0.574748,1.05,0.957694,0.456284,0.33561,0.456284,0.960626,0.725026,0.267949,0.210499,420,140,0.10636,-1,1,1,1,10
hk_pairs,785,45,1,346,2.12153,0,6883,310,0.116501,-0.263332,-0.219474,0.0443707,0.455612,1.05,0.972411,0.631148,0.51571,0.639344,0.934106,0.609305,0.647873,0.586398,420,140,0.0850267,-1,1,1,11,4
hk_pairs,786,45,1,231,3.66854,0,6617,3682,0.0955315,-0.347029,-0.145237,-0.120049,0.331503,1.05,1.01382,0.479508,0.390027,0.479508,0.945692,0.521144,0.536978,0.458471,420,140,0.0799247,-1,1,1,11,6
hk_pairs,787,45,1,346,0.804971,1,6883,5905,0.116501,-0.263332,0.030447,-0.17753,0.121608,1.05,0.987895,0.476776,0.521972,0.596995,0.935735,0.288728,0.806888,0.739266,420,140,0.0741214,-1,1,1,11,8
hk_pairs,788,45,1,310,3.40776,0,5736,10195,0.0107288,0.154242,0.216139,-0.341412,0.536531,1.05,1.04626,0.766393,0.560679,0.766393,0.969497,0.672082,0.471481,0.429259,420,140,0.0744877,1,1,1,0,11
hk_pairs,789,45,1,44,2.66442,0,5645,10195,-0.00140858,-0.144583,0.216139,-0.341412,0.293527,1.05,1.09033,0.724044,0.574454,0.739071,0.964337,0.554286,0.656859,0.604301,420,140,0.0706379,-1,1,1,8,9
hk_pairs,790,45,1,241,4.6834,1,3662,9841,-0.153935,-0.152021,0.197027,0.204229,0.500089,1.05,1.01056,0.73224,0.54975,0.73224,0.960717,0.658158,0.505609,0.429392,420,140,0.0829845,-1,1,1,6,2
hk_pairs,791,45,1,227,3.4422,0,6895,4108,0.117936,0.22892,-0.147857,-0.339954,0.627955,1.05,1.04406,0.759563,0.549522,0.759563,0.926231,0.779435,0.53115,0.450473,420,140,0.0767813,-1,1,1,0,11
hk_pairs,792,45,1,120,5.64822,0,6292,310,0.0676842,0.00810242,-0.219474,0.0443707,0.289441,1.05,1.03556,0.521858,0.411771,0.521858,0.943972,0.468473,0.528553,0.467847,420,140,0.0888544,1,1,1,5,4
hk_pairs,793,45,1,105,2.24545,1,6653,4116,0.101108,-0.290789,-0.129105,0.207911,0.549433,1.05,1.01736,0.620219,0.43454,0.620219,0.991582,0.743451,0.369289,0.297952,420,140,0.0818453,-1,1,1,11,2
hk_pairs,794,45,1,287,6.15578,0,1051,5978,-0.206388,0.0350857,0.036871,0.0694427,0.247029,1.05,1.0348,0.465847,0.406876,0.484973,0.919895,0.443013,0.484106,0.422402,420,140,0.0951954,1,1,1,3,5
hk_pairs,795,45,1,90,0.29931,1,6647,310,0.0964994,0.209301,-0.219474,0.0443707,0.35655,1.05,1.08125,0.602459,0.438638,0.602459,0.965967,0.485826,0.510973,0.440381,420,140,0.084326,1,1,1,0,4
hk_pairs,796,45,1,162,1.13083,0,5545,9747,-0.00940895,0.172716,0.196574,0.196699,0.20739,1.05,1.20564,0.584699,0.465619,0.584699,0.989319,0.332508,0.630683,0.54973,420,140,0.0830108,-1,1,1,0,1
hk_pairs,797,45,1,115,3.05436,1,3069,10964,-0.143905,-0.0775318,0.284098,0.0404701,0.443971,1.05,1.13549,0.575137,0.465847,0.580601,0.947592,0.601105,0.535479,0.496355,420,140,0.0814744,1,1,1,6,3
hk_pairs,798,45,1,87,5.51766,1,10428,5939,0.212633,0.0399647,0.0334406,0.0661564,0.181303,1.05,1.20994,0.557377,0.473588,0.580601,0.880883,0.479445,0.642733,0.576466,420,140,0.0897883,1,1,1,4,5
hk_pairs,799,45,1,44,3.03926,0,5645,9955,-0.00140858,-0.144583,0.202683,-0.118843,0.205755,1.05,1.12617,0.575137,0.499886,0.575137,0.946868,0.449914,0.64906,0.60421,420,140,0.0757274,-1,1,1,8,7
hk_pairs,800,45,1,175,2.86729,1,5584,9955,-0.00548744,0.10948,0.202683,-0.118843,0.309019,1.05,1.08044,0.26776,0.242031,0.275956,0.862509,0.452904,0.302404,0.231447,420,140,0.103702,-1,1,1,5,7
hk_pairs,801,45,1,100,4.69285,1,8821,5930,0.195513,0.18189,0.0371904,-0.349297,0.55441,1.05,1.1187,0.870219,0.625455,0.870219,0.958545,0.744262,0.64043,0.583565,420,140,0.0931442,1,1,1,2,10
hk_pairs,802,45,1,66,4.95402,1,10754,310,0.231322,0.19311,-0.219474,0.0443707,0.474724,1.05,1.00205,0.516393,0.393329,0.516393,0.93483,0.63165,0.413216,0.347327,420,140,0.0930411,-1,1,1,2,4
hk_pairs,803,45,1,24,1.99869,0,2921,9841,-0.174654,-0.295691,0.197027,0.204229,0.62295,1.05,1.05917,0.737705,0.518784,0.737705,0.974022,0.745342,0.555853,0.484418,420,140,0.0753233,1,1,1,9,2
hk_pairs,804,45,1,220,4.70068,0,2899,5978,-0.152348,0.177713,0.036871,0.0694427,0.218813,1.05,1.07417,0.493169,0.421903,0.497268,0.858617,0.427734,0.533101,0.465442,420,140,0.0948792,-1,1,1,1,5
hk_pairs,805,45,1,27,3.1507,1,8788,4108,0.173862,-0.131302,-0.147857,-0.339954,0.383555,1.05,1.03735,0.941257,0.676343,0.941257,0.992306,0.58356,0.727172,0.655249,420,140,0.0766665,1,1,1,7,9
hk_pairs,806,45,1,161,0.126189,1,2296,9955,-0.170065,0.173468,0.202683,-0.118843,0.473695,1.05,1.08688,0.677596,0.519809,0.695355,0.907766,0.591442,0.507453,0.454691,420,140,0.0850149,1,1,1,1,6
hk_pairs,807,45,1,90,2.70146,0,6647,3892,0.0964994,0.209301,-0.136424,-0.123369,0.406138,1.05,1.09669,0.653005,0.501138,0.653005,0.970402,0.51642,0.531127,0.454371,420,140,0.0783787,-1,1,1,0,7
hk_pairs,808,45,1,267,5.91948,1,6716,4108,0.111661,-0.328478,-0.147857,-0.339954,0.259771,1.05,1.09877,0.853825,0.644923,0.853825,0.996289,0.424863,0.775765,0.701502,420,140,0.0742866,1,1,1,11,9
hk_pairs,809,45,1,78,3.53453,0,324,9841,-0.22358,0.0506763,0.197027,0.204229,0.448049,1.05,1.07625,0.601093,0.458675,0.607924,0.937907,0.597088,0.453357,0.373801,420,140,0.0981469,1,1,1,3,2
hk_pairs,810,45,1,46,5.95964,0,9358,4229,0.230137,0.0901203,-0.12455,0.197117,0.371171,1.05,1.08609,0.419399,0.331056,0.419399,0.943519,0.57226,0.382423,0.310704,420,140,0.0985723,1,1,1,4,1
hk_pairs,811,45,1,227,2.91045,1,6895,310,0.117936,0.22892,-0.219474,0.0443707,0.384585,1.05,0.997759,0.441257,0.356444,0.441257,0.916727,0.557906,0.389975,0.326035,420,140,0.0831429,1,1,1,0,4
hk_pairs,812,45,1,197,5.63879,0,6470,5939,0.0838451,0.227665,0.0334406,0.0661564,0.169409,1.05,0.971236,0.461749,0.400387,0.478142,0.975923,0.375701,0.620969,0.545488,420,140,0.0885981,1,1,1,0,5
hk_pairs,813,45,1,329,2.39955,0,6120,4116,0.0509748,0.0237045,-0.129105,0.207911,0.257746,1.05,1.16779,0.565574,0.416667,0.565574,0.977281,0.436189,0.51904,0.439833,420,140,0.0871209,1,1,1,5,2
hk_pairs,814,45,1,235,2.8146,1,2606,10195,-0.156796,0.191725,0.216139,-0.341412,0.650696,1.05,1.02036,0.685792,0.50296,0.685792,0.984522,0.794379,0.540243,0.499319,420,140,0.0833816,-1,1,1,1,11
hk_pairs,815,45,1,220,5.30428,1,2899,5930,-0.152348,0.177713,0.0371904,-0.349297,0.560372,1.05,0.997635,0.42623,0.307946,0.42623,0.898081,0.723015,0.244422,0.187116,420,140,0.0973215,-1,1,1,1,10
hk_pairs,816,45,1,327,2.41493,1,9518,310,0.186737,-0.138107,-0.219474,0.0443707,0.445315,1.05,0.998247,0.595628,0.469376,0.595628,0.967053,0.601865,0.547879,0.48702,420,140,0.0740013,1,1,1,7,4
hk_pairs,817,45,1,46,0.364889,1,9358,4229,0.230137,0.0901203,-0.12455,0.197117,0.371171,1.05,1.0871,0.420765,0.333106,0.420765,0.916365,0.568818,0.382581,0.310356,420,140,0.0926255,-1,1,1,4,1
hk_pairs,818,45,1,177,4.78087,0,6756,4108,0.104531,-0.171541,-0.147857,-0.339954,0.303418,1.05,1.03023,0.806011,0.599727,0.822404,0.993936,0.50383,0.719493,0.648894,420,140,0.0797313,-1,1,1,8,9
hk_pairs,819,45,1,206,4.93702,0,8980,5930,0.221174,0.0692406,0.0371904,-0.349297,0.45777,1.05,0.998612,0.637978,0.48224,0.637978,0.921072,0.626364,0.499461,0.439784,420,140,0.0960931,1,1,1,4,10
hk_pairs,820,45,1,179,2.75044,0,10456,4108,0.233109,-0.0120106,-0.147857,-0.339954,0.502674,1.05,0.968818,0.938525,0.650956,0.938525,0.969044,0.677632,0.700108,0.633024,420,140,0.0808887,1,1,1,4,9
hk_pairs,821,45,1,10,4.41633,0,6119,5858,0.0508642,-0.333344,0.0263662,0.235632,0.56953,1.05,1.0601,0.400273,0.309085,0.400273,0.980811,0.762145,0.374344,0.29789,420,140,0.105585,-1,1,1,10,0
hk_pairs,822,45,1,338,4.70255,1,8247,5939,0.16576,-0.127426,0.0334406,0.0661564,0.234484,1.05,1.21453,0.637978,0.509449,0.637978,0.95592,0.495763,0.636023,0.564089,420,140,0.0999571,-1,1,1,7,5
hk_pairs,823,45,1,202,3.15569,0,144,10195,-0.231685,0.0509739,0.216139,-0.341412,0.595409,1.05,1.00478,0.765027,0.567395,0.771858,0.968863,0.69193,0.637811,0.591406,420,140,0.0840145,1,1,1,3,9
hk_pairs,824,45,1,298,2.53986,1,5919,10195,0.0272675,-0.319218,0.216139,-0.341412,0.190204,1.05,1.16624,0.703552,0.560451,0.703552,0.969406,0.379766,0.84488,0.801726,420,140,0.0714884,1,1,1,10,11
hk_pairs,825,45,1,244,4.79774,0,4636,10964,-0.117997,-0.342522,0.284098,0.0404701,0.555378,1.05,1.1052,0.755464,0.570583,0.755464,0.9771,0.677309,0.702418,0.672231,420,140,0.0746881,-1,1,1,9,3
hk_pairs,826,45,1,7,4.79229,0,164,9841,-0.223902,0.0221577,0.197027,0.204229,0.458622,1.05,1.00119,0.788251,0.566485,0.788251,0.973208,0.565525,0.543819,0.46519,420,140,0.0956238,-1,1,1,3,2
hk_pairs,827,45,1,198,3.9929,0,4867,9955,-0.088707,-0.363306,0.202683,-0.118843,0.380381,1.05,0.968653,0.692623,0.518557,0.692623,0.960355,0.488405,0.60163,0.516497,420,140,0.0816192,-1,1,1,9,7
hk_pairs,828,45,1,265,0.402864,0,9994,5858,0.247507,0.00558472,0.0263662,0.235632,0.31914,1.05,1.2353,0.449454,0.404941,0.45765,0.91193,0.439482,0.586458,0.520202,420,140,0.081357,1,1,1,4,0
hk_pairs,829,45,1,222,4.24673,1,3934,6053,-0.151329,-0.294903,0.0478668,0.239101,0.569957,1.05,1.02886,0.67623,0.486794,0.67623,0.97013,0.722317,0.432497,0.366787,420,140,0.089296,-1,1,1,9,0
hk_pairs,830,45,1,289,2.28591,0,10063,3892,0.254643,0.00918388,-0.136424,-0.123369,0.412922,1.05,1.02968,0.592896,0.446494,0.595628,0.92605,0.577196,0.492875,0.414236,420,140,0.0801504,1,1,1,4,7
hk_pairs,831,45,1,91,2.6596,1,10121,5939,0.219951,0.0363712,0.0334406,0.0661564,0.188909,1.05,1.29983,0.453552,0.458789,0.543716,0.849294,0.437248,0.642847,0.577788,420,140,0.0909115,-1,1,1,4,5
hk_pairs,832,45,1,54,3.40158,0,9937,3892,0.186937,0.220581,-0.136424,-0.123369,0.472112,1.05,1.10537,0.375683,0.305556,0.379781,0.969316,0.649525,0.305965,0.235536,420,143,0.0931424,1,1,1,2,7
hk_pairs,833,45,1,327,6.02413,1,9518,310,0.186737,-0.138107,-0.219474,0.0443707,0.445315,1.05,1.01633,0.60929,0.491006,0.60929,0.959812,0.619942,0.542695,0.481822,420,143,0.0750237,-1,1,1,7,4
hk_pairs,834,45,1,64,3.52227,0,3105,9955,-0.148814,0.158411,0.202683,-0.118843,0.447705,1.05,0.996818,0.717213,0.510588,0.717213,0.980721,0.61069,0.47805,0.427664,420,143,0.0954008,-1,1,1,1,6
hk_pairs,835,45,1,233,5.30258,0,5612,9955,-0.00146675,0.233496,0.202683,-0.118843,0.407233,1.05,1.00695,0.849727,0.605419,0.849727,0.979182,0.545015,0.608276,0.542462,420,143,0.0818312,1,1,1,0,7
hk_pairs,836,45,1,119,3.18777,1,6372,5905,0.07411,-0.000778198,0.030447,-0.17753,0.182065,1.05,1.13564,0.486339,0.425433,0.489071,0.903059,0.335389,0.599503,0.532829,420,143,0.104594,-1,1,1,5,8
hk_pairs,837,45,1,132,2.89849,0,6771,4229,0.110125,-0.342058,-0.12455,0.197117,0.588118,1.05,1.09869,0.553279,0.410861,0.553279,0.976014,0.729955,0.363398,0.285568,420,143,0.0794195,1,1,1,11,1
hk_pairs,838,45,1,174,5.7505,1,9442,3892,0.233411,0.0544262,-0.136424,-0.123369,0.410713,1.05,1.0306,0.602459,0.454349,0.602459,0.976285,0.571008,0.484021,0.406029,420,143,0.0900199,1,1,1,4,7
hk_pairs,839,45,1,197,1.35875,0,6470,4229,0.0838451,0.227665,-0.12455,0.197117,0.210622,1.05,0.985091,0.378415,0.343124,0.386612,0.95239,0.400335,0.536259,0.477359,420,143,0.0945967,-1,1,1,0,1
hk_pairs,840,45,1,90,4.27627,0,6647,4116,0.0964994,0.209301,-0.129105,0.207911,0.225608,1.05,0.848987,0.606557,0.478711,0.606557,0.974656,0.399317,0.57363,0.492829,420,143,0.0753616,-1,1,1,0,2
hk_pairs,841,45,1,19,6.1066,1,4470,9955,-0.109414,0.186338,0.202683,-0.118843,0.436531,1.05,1.10655,0.501366,0.373292,0.502732,0.979363,0.603255,0.398497,0.326263,420,143,0.0948261,1,1,1,1,7
hk_pairs,842,45,1,186,4.82721,0,2504,10195,-0.170369,-0.154715,0.216139,-0.341412,0.429258,1.05,1.04391,0.887978,0.642304,0.893443,0.997918,0.593367,0.690359,0.648556,420,143,0.0752637,-1,1,1,6,9
hk_pairs,843,45,1,227,0.413653,1,6895,310,0.117936,0.22892,-0.219474,0.0443707,0.384585,1.05,1.046,0.525956,0.388206,0.525956,0.978548,0.522658,0.410631,0.34353,420,143,0.0860024,1,1,1,0,4
hk_pairs,844,45,1,229,1.57166,1,6569,5905,0.0888796,0.0682087,0.030447,-0.17753,0.252591,1.05,0.958437,0.599727,0.477345,0.613388,0.980811,0.418245,0.627514,0.548101,420,143,0.0917966,1,1,1,5,8
hk_pairs,845,45,1,231,2.0532,0,6617,4116,0.0955315,-0.347029,-0.129105,0.207911,0.599017,1.05,1.07963,0.581967,0.413934,0.581967,0.964609,0.752562,0.337092,0.271277,420,143,0.0832434,1,1,1,11,2
hk_pairs,846,45,1,323,1.01963,0,9776,4108,0.192118,-0.121008,-0.147857,-0.339954,0.404376,1.05,0.990141,0.827869,0.620446,0.852459,0.997556,0.50177,0.728412,0.658598,420,143,0.077333,-1,1,1,7,11
hk_pairs,847,45,1,64,3.48882,0,3105,5978,-0.148814,0.158411,0.036871,0.0694427,0.205899,1.05,0.949027,0.403006,0.406421,0.449454,0.816075,0.365071,0.53328,0.458581,420,143,0.102089,-1,1,1,1,5
hk_pairs,848,45,1,193,0.950484,0,8574,310,0.170078,0.197699,-0.219474,0.0443707,0.418641,1.05,1.00301,0.887978,0.638547,0.887978,0.987056,0.554187,0.601862,0.532921,420,143,0.0831463,-1,1,1,2,4
hk_pairs,849,45,1,244,0.783986,0,4636,6053,-0.117997,-0.342522,0.0478668,0.239101,0.604878,1.05,1.05479,0.702186,0.497837,0.702186,0.976014,0.762815,0.422401,0.35315,420,143,0.103178,1,1,1,9,0
hk_pairs,850,45,1,233,2.83547,0,5612,5978,-0.00146675,0.233496,0.036871,0.0694427,0.168473,1.05,0.998795,0.545082,0.44194,0.564208,0.942614,0.367626,0.56444,0.491662,420,143,0.0781822,-1,1,1,0,5
hk_pairs,851,45,1,287,2.75885,1,1051,6021,-0.206388,0.0350857,0.0385189,-0.17988,0.326379,1.05,1.05146,0.661202,0.528006,0.663934,0.935192,0.513797,0.666302,0.599308,420,143,0.0891623,1,1,1,3,8
hk_pairs,852,45,1,227,1.9357,1,6895,3682,0.117936,0.22892,-0.145237,-0.120049,0.437154,1.05,0.954979,0.721312,0.531762,0.722678,0.980358,0.582113,0.542834,0.457882,420,143,0.0813945,1,1,1,0,6
hk_pairs,853,45,1,103,4.52529,1,7750,224,0.152654,-0.326788,-0.221721,0.0423927,0.525842,1.05,1.05262,0.740437,0.545196,0.740437,0.973841,0.681392,0.696949,0.633106,420,143,0.0796964,-1,1,1,11,3
hk_pairs,854,45,1,184,0.0193825,1,6043,5939,0.048605,-0.316998,0.0334406,0.0661564,0.38355,1.05,1.04554,0.505465,0.414162,0.505465,0.961351,0.557549,0.552103,0.481436,420,143,0.100837,1,1,1,10,5
hk_pairs,855,45,1,246,3.85391,1,3742,10964,-0.139513,-0.105675,0.284098,0.0404701,0.448112,1.05,1.09465,0.618852,0.471767,0.625683,0.97013,0.630505,0.531612,0.491569,420,143,0.0784572,-1,1,1,6,4
hk_pairs,856,45,1,69,5.17599,1,6992,310,0.133078,-0.357527,-0.219474,0.0443707,0.534697,1.05,1.06548,0.677596,0.5477,0.68306,0.962799,0.668588,0.712795,0.651417,420,143,0.0760303,-1,1,1,11,4
hk_pairs,857,45,1,15,1.42003,1,2437,9955,-0.165091,-0.120352,0.202683,-0.118843,0.367803,1.05,1.11849,0.639344,0.502505,0.646175,0.977552,0.504884,0.478124,0.436615,420,143,0.0793431,1,1,1,6,7
hk_pairs,858,45,1,268,4.76972,0,5413,5930,-0.0280609,-0.205898,0.0371904,-0.349297,0.15772,1.05,0.993809,0.595628,0.547017,0.651639,0.918899,0.372327,0.745822,0.684511,420,143,0.0722488,1,1,1,8,10
hk_pairs,859,45,1,19,5.58734,0,4470,10964,-0.109414,0.186338,0.284098,0.0404701,0.419677,1.05,1.1103,0.8347,0.597564,0.8347,0.990587,0.58204,0.622787,0.56846,420,143,0.0844288,1,1,1,1,3
hk_pairs,860,45,1,177,2.68448,0,6756,5858,0.104531,-0.171541,0.0263662,0.235632,0.414608,1.05,1.13352,0.741803,0.529372,0.741803,0.98941,0.622776,0.478216,0.410309,420,143,0.102866,-1,1,1,8,0
hk_pairs,861,45,1,319,2.26404,0,6265,310,0.0644598,0.127008,-0.219474,0.0443707,0.295861,1.05,0.985394,0.480874,0.384904,0.489071,0.934739,0.42402,0.485154,0.423112,420,143,0.0900111,-1,1,1,5,4
hk_pairs,862,45,1,126,0.312071,0,6357,3892,0.0781794,-0.235918,-0.136424,-0.123369,0.242377,1.05,1.01336,0.646175,0.52311,0.653005,0.960807,0.439193,0.674203,0.577143,420,143,0.0796902,-1,1,1,8,7
hk_pairs,863,45,1,8,4.20074,0,9999,3892,0.200145,0.209965,-0.136424,-0.123369,0.473725,1.05,0.957123,0.35929,0.294399,0.364754,0.977915,0.611064,0.319972,0.240119,420,143,0.101899,1,1,1,2,7
hk_pairs,864,45,1,244,3.28618,1,4636,10964,-0.117997,-0.342522,0.284098,0.0404701,0.555378,1.05,1.05513,0.734973,0.570583,0.734973,0.976647,0.699819,0.699329,0.66909,420,143,0.0746308,-1,1,1,9,4
hk_pairs,865,45,1,183,2.17292,0,4310,6053,-0.132963,-0.342716,0.0478668,0.239101,0.609402,1.05,1.05915,0.691257,0.49704,0.691257,0.961169,0.777327,0.42222,0.352658,420,143,0.101453,1,1,1,9,0
hk_pairs,866,45,1,222,6.17803,1,3934,10964,-0.151329,-0.294903,0.284098,0.0404701,0.549621,1.05,1.01087,0.67623,0.549294,0.68306,0.963161,0.690312,0.666309,0.632819,420,143,0.072626,1,1,1,9,4
hk_pairs,867,45,1,153,4.15433,0,3537,5978,-0.146295,-0.111834,0.036871,0.0694427,0.257704,1.05,1.11307,0.596995,0.475751,0.602459,0.971669,0.456348,0.529594,0.463984,420,143,0.0903674,1,1,1,6,5
hk_pairs,868,45,1,287,2.18143,0,1051,10195,-0.206388,0.0350857,0.216139,-0.341412,0.566169,1.05,1.07095,0.836066,0.595628,0.836066,0.943881,0.748857,0.630774,0.583582,420,143,0.0919051,-1,1,1,3,9
hk_pairs,869,45,1,100,5.04666,1,8821,4229,0.195513,0.18189,-0.12455,0.197117,0.320651,1.05,0.94184,0.472678,0.378643,0.486339,0.939356,0.493611,0.469987,0.390674,420,143,0.0909581,-1,1,1,2,1
hk_pairs,870,45,1,298,6.05101,1,5919,9747,0.0272675,-0.319218,0.196574,0.196699,0.542991,1.05,0.994211,0.443989,0.342669,0.446721,0.962708,0.688923,0.300527,0.232478,420,143,0.0908289,1,1,1,10,1
hk_pairs,871,45,1,106,4.87978,0,8738,4229,0.188034,0.180145,-0.12455,0.197117,0.3132,1.05,1.04837,0.460383,0.372496,0.472678,0.970673,0.437595,0.459553,0.383037,420,143,0.0933873,-1,1,1,2,1
hk_pairs,872,45,1,12,5.07792,1,5868,9841,0.0214767,-0.215532,0.197027,0.204229,0.455059,1.05,1.05165,0.506831,0.372837,0.510929,0.982531,0.63373,0.334527,0.271642,420,143,0.086027,1,1,1,8,2
hk_pairs,873,45,1,66,0.506872,0,10754,5858,0.231322,0.19311,0.0263662,0.235632,0.20937,1.05,1.08275,0.663934,0.512181,0.663934,0.982893,0.444472,0.72926,0.655222,420,143,0.0793274,1,1,1,2,0
hk_pairs,874,45,1,299,1.53634,0,5677,6021,0.00559902,0.232574,0.0385189,-0.17988,0.413836,1.05,0.986172,0.534153,0.404941,0.534153,0.991673,0.553825,0.430668,0.358604,420,143,0.119009,1,1,1,0,8
hk_pairs,875,45,1,331,5.8403,0,6022,310,0.0380592,-0.34828,-0.219474,0.0443707,0.469572,1.05,1.07414,0.75,0.585155,0.754098,0.978458,0.575785,0.756493,0.697803,420,143,0.0799966,1,1,1,10,4
hk_pairs,876,45,1,162,6.12974,0,5545,9955,-0.00940895,0.172716,0.202683,-0.118843,0.360547,1.05,1.06126,0.43306,0.331853,0.43306,0.935735,0.538068,0.386503,0.305391,420,143,0.100776,1,1,1,0,6
hk_pairs,877,45,1,44,2.47575,1,5645,6053,-0.00140858,-0.144583,0.0478668,0.239101,0.386835,1.05,1.02931,0.490437,0.399135,0.505465,0.932386,0.559139,0.354402,0.281024,420,143,0.0930681,-1,1,1,8,0
hk_pairs,878,45,1,345,1.7685,0,9708,4108,0.179444,0.202303,-0.147857,-0.339954,0.633379,1.05,0.987723,0.762295,0.543033,0.762295,0.978639,0.806092,0.594135,0.500294,420,143,0.0801091,-1,1,1,2,9
hk_pairs,879,45,1,323,3.17635,1,9776,4116,0.192118,-0.121008,-0.129105,0.207911,0.459751,1.05,0.978223,0.73224,0.548839,0.744536,0.993121,0.569195,0.540083,0.457855,420,143,0.0778536,-1,1,1,7,2
hk_pairs,880,45,1,346,1.08627,0,6883,5858,0.116501,-0.263332,0.0263662,0.235632,0.507061,1.05,1.07226,0.655738,0.474613,0.655738,0.989229,0.688806,0.472881,0.402958,420,143,0.117261,1,1,1,11,0
hk_pairs,881,45,1,199,4.04682,0,6355,4116,0.0776005,-0.248301,-0.129105,0.207911,0.500927,1.05,1.11172,0.598361,0.427823,0.598361,0.992578,0.663924,0.376416,0.305151,420,143,0.0809786,1,1,1,8,2
hk_pairs,882,45,1,323,2.92459,0,9776,5939,0.192118,-0.121008,0.0334406,0.0661564,0.245525,1.05,1.01417,0.620219,0.50888,0.620219,0.95601,0.394321,0.631002,0.567481,420,143,0.0770328,1,1,1,7,5
hk_pairs,883,45,1,199,2.15361,0,6355,4116,0.0776005,-0.248301,-0.129105,0.207911,0.500927,1.05,1.05524,0.586066,0.430328,0.588798,0.992216,0.671438,0.384879,0.305813,420,143,0.0788843,1,1,1,8,2
hk_pairs,884,45,1,10,4.04401,0,6119,4108,0.0508642,-0.333344,-0.147857,-0.339954,0.19891,1.05,0.948297,0.756831,0.605874,0.759563,0.988324,0.378201,0.781298,0.708267,420,143,0.0740661,-1,1,1,10,11
hk_pairs,885,45,1,319,2.78736,1,6265,5905,0.0644598,0.127008,0.030447,-0.17753,0.306432,1.05,1.03723,0.495902,0.383197,0.495902,0.973298,0.486146,0.458768,0.38369,420,143,0.0988839,-1,1,1,5,8
hk_pairs,886,45,1,19,2.77142,0,4470,10964,-0.109414,0.186338,0.284098,0.0404701,0.419677,1.05,1.05955,0.822404,0.597678,0.822404,0.989953,0.566031,0.625034,0.571914,420,143,0.0838133,-1,1,1,1,3
hk_pairs,887,45,1,328,5.8369,0,145,10195,-0.231475,0.0557003,0.216139,-0.341412,0.598379,1.05,1.01701,0.765027,0.556922,0.765027,0.947321,0.702343,0.64533,0.600322,420,143,0.0811301,-1,1,1,3,11
hk_pairs,888,45,1,198,5.57218,0,4867,6021,-0.088707,-0.363306,0.0385189,-0.17988,0.223359,1.05,0.985182,0.460383,0.459927,0.489071,0.916908,0.39271,0.724727,0.654049,420,143,0.0895511,1,1,1,9,8
hk_pairs,889,45,1,331,4.84595,1,6022,4229,0.0380592,-0.34828,-0.12455,0.197117,0.569205,1.05,1.03795,0.415301,0.314777,0.415301,0.991944,0.712158,0.345713,0.263917,420,143,0.0982962,1,1,1,10,1
hk_pairs,890,45,1,87,2.06487,1,10428,3892,0.212633,0.0399647,-0.136424,-0.123369,0.385415,1.05,1.10177,0.575137,0.45822,0.586066,0.920167,0.560711,0.483949,0.406684,420,143,0.0889282,-1,1,1,4,7
hk_pairs,891,45,1,115,2.3168,0,3069,10195,-0.143905,-0.0775318,0.216139,-0.341412,0.446491,1.05,1.053,0.737705,0.551571,0.744536,0.973751,0.554338,0.646391,0.606537,420,143,0.0813765,-1,1,1,6,11
hk_pairs,892,45,1,87,0.362817,0,10428,224,0.212633,0.0399647,-0.221721,0.0423927,0.434361,1.05,1.04137,0.795082,0.578097,0.795082,0.956372,0.598459,0.59997,0.536199,420,143,0.0902939,1,1,1,4,3
hk_pairs,893,45,1,64,6.14772,0,3105,10195,-0.148814,0.158411,0.216139,-0.341412,0.618953,1.05,1.11311,0.677596,0.488957,0.677596,0.974566,0.765005,0.533375,0.495922,420,143,0.0914212,-1,1,1,1,11
hk_pairs,894,45,1,153,1.31452,0,3537,5978,-0.146295,-0.111834,0.036871,0.0694427,0.257704,1.05,1.19776,0.602459,0.48281,0.602459,0.95954,0.461788,0.539159,0.46445,420,143,0.0871594,-1,1,1,6,5
hk_pairs,895,45,1,162,5.34388,1,5545,9747,-0.00940895,0.172716,0.196574,0.196699,0.20739,1.05,1.2124,0.602459,0.464026,0.606557,0.974022,0.359333,0.63201,0.551423,420,143,0.0845431,1,1,1,0,1
hk_pairs,896,45,1,19,0.537676,0,4470,10964,-0.109414,0.186338,0.284098,0.0404701,0.419677,1.05,0.916133,0.803279,0.588001,0.803279,0.996017,0.53879,0.635965,0.582436,420,130,0.0815718,1,1,1,1,4
hk_pairs,897,45,1,220,2.28997,0,2899,9955,-0.152348,0.177713,0.202683,-0.118843,0.462819,1.05,1.12507,0.688525,0.509449,0.688525,0.97176,0.613873,0.496078,0.44469,420,130,0.0849522,1,1,1,1,6
hk_pairs,898,45,1,231,4.89011,1,6617,224,0.0955315,-0.347029,-0.221721,0.0423927,0.502692,1.05,1.07878,0.754098,0.563866,0.754098,0.991401,0.627831,0.724122,0.661702,420,130,0.0843555,-1,1,1,11,3
hk_pairs,899,45,1,289,1.02529,1,10063,4108,0.254643,0.00918388,-0.147857,-0.339954,0.532855,1.05,1.03593,0.43306,0.337546,0.43306,0.847303,0.678132,0.310522,0.239543,420,130,0.0887238,1,1,1,4,9
hk_pairs,900,45,1,331,5.99157,0,6022,4108,0.0380592,-0.34828,-0.147857,-0.339954,0.186356,1.05,0.991851,0.688525,0.564663,0.688525,0.989138,0.330453,0.805801,0.731955,420,130,0.0790905,-1,1,1,10,11
hk_pairs,901,45,1,220,4.97751,0,2899,9841,-0.152348,0.177713,0.197027,0.204229,0.350884,1.05,1.07,0.43306,0.354964,0.439891,0.931481,0.47826,0.437308,0.355893,420,130,0.100264,1,1,1,1,2
hk_pairs,902,45,1,183,2.59785,0,4310,5978,-0.132963,-0.342716,0.036871,0.0694427,0.445957,1.05,1.06473,0.568306,0.438525,0.573771,0.968501,0.624021,0.536629,0.449869,420,130,0.0892473,-1,1,1,9,5
hk_pairs,903,45,1,78,3.5099,0,324,5978,-0.22358,0.0506763,0.036871,0.0694427,0.261621,1.05,1.15375,0.438525,0.373975,0.438525,0.951032,0.44802,0.493684,0.437477,420,130,0.102053,1,1,1,3,5
hk_pairs,904,45,1,229,2.76341,1,6569,4108,0.0888796,0.0682087,-0.147857,-0.339954,0.471849,1.05,1.08182,0.704918,0.501822,0.704918,0.976919,0.65495,0.587424,0.521272,420,130,0.0853404,1,1,1,5,9
hk_pairs,905,45,1,174,2.33036,0,9442,224,0.233411,0.0544262,-0.221721,0.0423927,0.455831,1.05,1.09011,0.829235,0.608151,0.829235,0.960626,0.661858,0.620092,0.556098,420,130,0.0862422,-1,1,1,4,3
hk_pairs,906,45,1,277,1.14052,0,2945,10964,-0.153891,0.22728,0.284098,0.0404701,0.476163,1.05,0.994264,0.919399,0.643784,0.919399,0.999638,0.605058,0.650793,0.59606,420,130,0.0777963,-1,1,1,1,3
hk_pairs,907,45,1,46,1.54565,0,9358,3682,0.230137,0.0901203,-0.145237,-0.120049,0.43081,1.05,1.11052,0.618852,0.475068,0.622951,0.949946,0.613941,0.467497,0.401161,420,130,0.101404,-1,1,1,4,6
hk_pairs,908,45,1,235,2.65202,0,2606,9955,-0.156796,0.191725,0.202683,-0.118843,0.475076,1.05,0.980802,0.760929,0.541439,0.760929,0.975561,0.633474,0.516344,0.460744,420,130,0.0870062,1,1,1,1,6
hk_pairs,909,45,1,155,2.94948,1,64,10964,-0.233828,0.0385914,0.284098,0.0404701,0.517933,1.05,1.11084,0.85929,0.619536,0.85929,0.979906,0.664473,0.644818,0.598053,420,130,0.0846526,1,1,1,3,4
hk_pairs,910,45,1,280,1.68358,1,3801,9955,-0.15529,-0.32687,0.202683,-0.118843,0.414029,1.05,1.05411,0.935792,0.67475,0.935792,0.992035,0.542159,0.706032,0.650614,420,130,0.0744211,1,1,1,9,7
hk_pairs,911,45,1,12,3.81949,0,5868,5930,0.0214767,-0.215532,0.0371904,-0.349297,0.134908,1.05,1.07071,0.561475,0.484517,0.561475,0.962437,0.367217,0.759848,0.694038,420,130,0.086354,-1,1,1,8,10
hk_pairs,912,45,1,227,1.08553,1,6895,4116,0.117936,0.22892,-0.129105,0.207911,0.24806,1.05,0.912478,0.448087,0.384677,0.460383,0.966962,0.375484,0.575467,0.493244,420,130,0.0804012,1,1,1,0,2
hk_pairs,913,45,1,229,1.70026,0,6569,310,0.0888796,0.0682087,-0.219474,0.0443707,0.309414,1.05,0.882599,0.521858,0.424294,0.521858,0.949131,0.407765,0.577381,0.516417,420,130,0.0894678,1,1,1,5,4
hk_pairs,914,45,1,338,5.10024,1,8247,4229,0.16576,-0.127426,-0.12455,0.197117,0.435527,1.05,1.11348,0.669399,0.507514,0.669399,0.96307,0.542105,0.504321,0.429943,420,130,0.083356,-1,1,1,7,1
hk_pairs,915,45,1,126,3.14201,0,6357,5930,0.0781794,-0.235918,0.0371904,-0.349297,0.12056,1.05,1.10408,0.651639,0.568761,0.668033,0.926684,0.354356,0.834714,0.777866,420,130,0.0734451,1,1,1,8,10
hk_pairs,916,45,1,186,2.18491,0,2504,10195,-0.170369,-0.154715,0.216139,-0.341412,0.429258,1.05,1.0489,0.863388,0.622951,0.863388,0.984613,0.59803,0.691859,0.649709,420,130,0.0813864,1,1,1,6,11
hk_pairs,917,45,1,265,0.733901,0,9994,4108,0.247507,0.00558472,-0.147857,-0.339954,0.525105,1.05,0.992821,0.501366,0.371243,0.501366,0.912744,0.715158,0.321448,0.253778,420,130,0.0873622,-1,1,1,4,11
hk_pairs,918,45,1,338,1.27173,1,8247,4108,0.16576,-0.127426,-0.147857,-0.339954,0.378946,1.05,1.0253,0.844262,0.625228,0.864754,0.994931,0.511113,0.718584,0.648949,420,130,0.0773163,-1,1,1,7,11
hk_pairs,919,45,1,282,2.32784,1,5785,9747,0.0100203,-0.333939,0.196574,0.196699,0.562476,1.05,0.997493,0.553279,0.397996,0.553279,0.976919,0.714367,0.333214,0.274259,420,130,0.0928403,1,1,1,10,1
hk_pairs,920,45,1,267,5.20292,1,6716,5939,0.111661,-0.328478,0.0334406,0.0661564,0.402403,1.05,1.11101,0.706284,0.520833,0.706284,0.979182,0.559771,0.618725,0.550386,420,130,0.0881707,-1,1,1,11,5
hk_pairs,921,45,1,92,5.26844,0,9933,224,0.182703,0.19986,-0.221721,0.0423927,0.433998,1.05,0.992523,0.389344,0.297017,0.389344,0.93311,0.542059,0.27353,0.205698,420,130,0.0951937,1,1,1,2,3
hk_pairs,922,45,1,179,0.58483,0,10456,3892,0.233109,-0.0120106,-0.136424,-0.123369,0.385979,1.05,1.08504,0.571038,0.446608,0.572404,0.917089,0.553817,0.494903,0.417012,420,130,0.0846954,-1,1,1,4,7
hk_pairs,923,45,1,186,4.10142,1,2504,9955,-0.170369,-0.154715,0.202683,-0.118843,0.374774,1.05,1.12666,0.691257,0.525843,0.70082,0.981173,0.549409,0.516213,0.475284,420,130,0.0767497,1,1,1,6,7
hk_pairs,924,45,1,27,3.68812,1,8788,3682,0.173862,-0.131302,-0.145237,-0.120049,0.319417,1.05,1.04915,0.653005,0.485656,0.653005,0.986061,0.554275,0.514539,0.439126,420,130,0.0798653,1,1,1,7,6
hk_pairs,925,45,1,58,5.57898,1,10095,5858,0.206334,-0.160353,0.0263662,0.235632,0.434967,1.05,0.960109,0.85929,0.629668,0.872951,0.990677,0.584882,0.566244,0.506025,420,130,0.0825869,1,1,1,7,0
hk_pairs,926,45,1,84,4.84867,1,6511,3682,0.0878019,0.250875,-0.145237,-0.120049,0.43814,1.05,1.12438,0.744536,0.556922,0.744536,0.964156,0.555727,0.549421,0.480235,420,130,0.0799267,-1,1,1,0,6
hk_pairs,927,45,1,282,1.97314,0,5785,6053,0.0100203,-0.333939,0.0478668,0.239101,0.574304,1.05,1.07054,0.647541,0.453893,0.647541,0.991401,0.719265,0.462332,0.391945,420,130,0.0888098,-1,1,1,10,0
hk_pairs,928,45,1,46,3.93164,1,9358,4116,0.230137,0.0901203,-0.129105,0.207911,0.378743,1.05,1.08199,0.403006,0.320355,0.403006,0.948045,0.570598,0.380654,0.301682,420,130,0.0947015,1,1,1,4,2
hk_pairs,929,45,1,231,2.89006,0,6617,5939,0.0955315,-0.347029,0.0334406,0.0661564,0.417982,1.05,1.03535,0.539617,0.436475,0.546448,0.960626,0.609605,0.596285,0.52409,420,130,0.0986309,-1,1,1,11,5
hk_pairs,930,45,1,264,5.90606,0,9884,4116,0.195301,-0.138306,-0.129105,0.207911,0.474548,1.05,1.06563,0.785519,0.55954,0.785519,0.941075,0.659633,0.528825,0.445613,420,130,0.0744961,-1,1,1,7,2
hk_pairs,931,45,1,329,4.01393,1,6120,4108,0.0509748,0.0237045,-0.147857,-0.339954,0.414553,1.05,1.03578,0.573771,0.429531,0.573771,0.870112,0.624104,0.427336,0.32703,420,130,0.0874838,1,1,1,5,11
hk_pairs,932,45,1,106,4.43704,1,8738,5939,0.188034,0.180145,0.0334406,0.0661564,0.192079,1.05,1.25099,0.468579,0.431352,0.486339,0.951575,0.39637,0.611008,0.547349,420,130,0.0814428,1,1,1,2,5
hk_pairs,933,45,1,229,5.35379,0,6569,224,0.0888796,0.0682087,-0.221721,0.0423927,0.311671,1.05,0.910868,0.560109,0.442054,0.560109,0.948226,0.410482,0.566313,0.502909,420,130,0.0860182,-1,1,1,5,3
hk_pairs,934,45,1,175,4.88241,1,5584,10195,-0.00548744,0.10948,0.216139,-0.341412,0.502416,1.05,1.07644,0.692623,0.507286,0.692623,0.970854,0.642978,0.472457,0.425635,420,130,0.0779215,1,1,1,5,11
hk_pairs,935,45,1,120,1.47512,1,6292,5930,0.0676842,0.00810242,0.0371904,-0.349297,0.358792,1.05,1.13661,0.637978,0.496129,0.653005,0.954381,0.505778,0.601237,0.53758,420,130,0.0954197,1,1,1,5,10
hk_pairs,936,45,1,82,0.125613,1,9822,3682,0.200569,-0.095808,-0.145237,-0.120049,0.34666,1.05,1.12979,0.642077,0.475182,0.653005,0.944605,0.519963,0.49983,0.426645,420,130,0.0770944,-1,1,1,7,6
hk_pairs,937,45,1,298,2.59801,1,5919,5978,0.0272675,-0.319218,0.036871,0.0694427,0.388824,1.05,0.979751,0.469945,0.410519,0.469945,0.896723,0.536249,0.508391,0.438846,420,130,0.0931098,-1,1,1,10,5
hk_pairs,938,45,1,143,2.29241,1,4100,6053,-0.141575,-0.163162,0.0478668,0.239101,0.444836,1.05,1.07707,0.751366,0.545537,0.751366,0.982893,0.627842,0.466491,0.408439,420,130,0.0933509,1,1,1,6,0
hk_pairs,939,45,1,120,3.9454,0,6292,3682,0.0676842,0.00810242,-0.145237,-0.120049,0.248651,1.05,0.935707,0.469945,0.391166,0.479508,0.889301,0.400764,0.479471,0.404794,420,130,0.0866655,1,1,1,5,6
hk_pairs,940,45,1,31,4.9138,0,6472,5858,0.0860271,-0.329134,0.0263662,0.235632,0.568065,1.05,1.05066,0.441257,0.353597,0.443989,0.962256,0.746552,0.405804,0.335042,420,130,0.104541,1,1,1,11,0
hk_pairs,941,45,1,244,3.23059,0,4636,9841,-0.117997,-0.342522,0.197027,0.204229,0.631077,1.05,1.00021,0.580601,0.414845,0.580601,0.985065,0.808093,0.363061,0.29581,420,130,0.0784633,1,1,1,9,2
hk_pairs,942,45,1,149,0.690743,1,2641,6021,-0.166611,0.194302,0.0385189,-0.17988,0.426796,1.05,1.10312,0.706284,0.51332,0.706284,0.988052,0.636356,0.598531,0.507055,420,130,0.0912309,1,1,1,1,8
hk_pairs,943,45,1,233,5.92924,1,5612,6021,-0.00146675,0.233496,0.0385189,-0.17988,0.415375,1.05,1.08712,0.392077,0.298042,0.392077,0.942524,0.605591,0.32386,0.252509,420,130,0.108723,-1,1,1,0,8
hk_pairs,944,45,1,78,1.26992,1,324,9955,-0.22358,0.0506763,0.202683,-0.118843,0.458885,1.05,1.15663,0.657104,0.490893,0.657104,0.950127,0.625764,0.448263,0.399931,420,130,0.0951175,-1,1,1,3,6
hk_pairs,945,45,1,310,0.749429,1,5736,9955,0.0107288,0.154242,0.202683,-0.118843,0.333833,1.05,1.03016,0.307377,0.260018,0.312842,0.953928,0.516756,0.306743,0.236768,420,130,0.108414,-1,1,1,0,6
hk_pairs,946,45,1,39,4.08721,1,4259,6053,-0.13482,-0.326654,0.0478668,0.239101,0.594559,1.05,1.08439,0.728142,0.512409,0.728142,0.962527,0.731015,0.426673,0.359632,420,130,0.0861127,1,1,1,9,0
hk_pairs,947,45,1,98,1.59129,0,5863,9955,0.0214481,-0.16329,0.202683,-0.118843,0.186672,1.05,1.16404,0.588798,0.522086,0.588798,0.960536,0.440936,0.697755,0.647072,420,130,0.0743465,-1,1,1,8,6
hk_pairs,948,45,1,115,0.115466,0,3069,9747,-0.143905,-0.0775318,0.196574,0.196699,0.437199,1.05,1.12447,0.692623,0.512409,0.692623,0.965424,0.571398,0.512282,0.436801,420,130,0.0834443,1,1,1,6,1
hk_pairs,949,45,1,329,3.64431,0,6120,5858,0.0509748,0.0237045,0.0263662,0.235632,0.213521,1.05,0.98083,0.560109,0.446608,0.560109,0.949765,0.376009,0.52444,0.454973,420,130,0.11112,-1,1,1,5,0
hk_pairs,950,45,1,143,0.118983,0,4100,9955,-0.141575,-0.163162,0.202683,-0.118843,0.347212,1.05,1.08582,0.607924,0.498862,0.607924,0.982169,0.441073,0.524609,0.480271,420,130,0.0793585,-1,1,1,6,7
hk_pairs,951,45,1,46,5.64757,1,9358,224,0.230137,0.0901203,-0.221721,0.0423927,0.454939,1.05,1.02498,0.874317,0.630351,0.874317,0.989953,0.592197,0.616347,0.552585,420,130,0.0963755,-1,1,1,4,3
hk_pairs,952,45,1,197,1.70567,0,6470,3892,0.0838451,0.227665,-0.136424,-0.123369,0.41445,1.05,1.00574,0.648907,0.486111,0.648907,0.938722,0.563713,0.449659,0.363078,420,130,0.0801582,-1,1,1,0,7
hk_pairs,953,45,1,24,6.2163,0,2921,9747,-0.174654,-0.295691,0.196574,0.196699,0.616662,1.05,0.99215,0.740437,0.528575,0.743169,0.980087,0.724453,0.59401,0.523154,420,130,0.075443,-1,1,1,9,1
hk_pairs,954,45,1,46,5.45125,0,9358,5905,0.230137,0.0901203,0.030447,-0.17753,0.334707,1.05,0.988071,0.760929,0.578097,0.771858,0.963251,0.536049,0.704853,0.632205,420,130,0.0912576,-1,1,1,4,8
hk_pairs,955,45,1,103,0.967336,0,7750,4229,0.152654,-0.326788,-0.12455,0.197117,0.592771,1.05,1.06953,0.599727,0.437728,0.599727,0.93664,0.717651,0.398356,0.325541,420,130,0.0753332,1,1,1,11,1
hk_pairs,956,45,1,44,4.68479,1,5645,5930,-0.00140858,-0.144583,0.0371904,-0.349297,0.208321,1.05,0.963592,0.599727,0.52755,0.620219,0.939989,0.398792,0.669039,0.603333,420,130,0.0748639,-1,1,1,8,10
hk_pairs,957,45,1,44,3.14937,1,5645,9955,-0.00140858,-0.144583,0.202683,-0.118843,0.205755,1.05,1.11759,0.571038,0.5,0.571038,0.937726,0.445021,0.648437,0.603351,420,130,0.0800878,1,1,1,8,7
hk_pairs,958,45,1,175,5.56068,1,5584,9747,-0.00548744,0.10948,0.196574,0.196699,0.220155,1.05,1.19444,0.539617,0.431808,0.54235,0.927589,0.35891,0.563425,0.492731,420,130,0.0860541,1,1,1,5,1
hk_pairs,959,45,1,46,0.954673,0,9358,3892,0.230137,0.0901203,-0.136424,-0.123369,0.42457,1.05,1.09143,0.598361,0.466985,0.598361,0.952209,0.561825,0.475789,0.400625,420,130,0.0969652,-1,1,1,4,7
hk_pairs,960,45,1,233,5.17238,0,5612,9747,-0.00146675,0.233496,0.196574,0.196699,0.201467,1.05,0.929688,0.525956,0.443306,0.530055,0.882151,0.317395,0.617481,0.535482,420,144,0.0785996,1,1,1,0,1
hk_pairs,961,45,1,328,0.463499,1,145,9841,-0.231475,0.0557003,0.197027,0.204229,0.453586,1.05,1.00729,0.409836,0.323543,0.409836,0.860156,0.59761,0.312458,0.231148,420,144,0.0938418,1,1,1,3,2
hk_pairs,962,45,1,265,4.5124,0,9994,4108,0.247507,0.00558472,-0.147857,-0.339954,0.525105,1.05,1.00846,0.510929,0.37056,0.510929,0.919895,0.724751,0.318649,0.251696,420,144,0.0832541,1,1,1,4,9
hk_pairs,963,45,1,298,1.93892,0,5919,10964,0.0272675,-0.319218,0.284098,0.0404701,0.442009,1.05,1.04686,0.867486,0.658698,0.867486,0.990315,0.631682,0.791423,0.764944,420,144,0.0724584,-1,1,1,10,4
hk_pairs,964,45,1,119,3.25893,1,6372,4108,0.07411,-0.000778198,-0.147857,-0.339954,0.405351,1.05,0.931272,0.504098,0.39572,0.504098,0.888125,0.576941,0.382191,0.31262,420,144,0.0861424,1,1,1,5,9
hk_pairs,965,45,1,282,2.32993,1,5785,10195,0.0100203,-0.333939,0.216139,-0.341412,0.206321,1.05,1.10204,0.691257,0.54235,0.691257,0.984341,0.344427,0.835368,0.787663,420,144,0.072472,1,1,1,10,11
hk_pairs,966,45,1,39,2.76274,0,4259,9955,-0.13482,-0.326654,0.202683,-0.118843,0.396358,1.05,1.07083,0.920765,0.67179,0.920765,0.990858,0.536736,0.71369,0.655895,420,144,0.0758022,1,1,1,9,6
hk_pairs,967,45,1,337,1.24755,0,3682,9955,-0.145237,-0.120049,0.202683,-0.118843,0.347951,1.05,1.08847,0.613388,0.488502,0.625683,0.978458,0.481694,0.481316,0.440498,420,144,0.0780163,-1,1,1,6,7
hk_pairs,968,45,1,264,1.32619,1,9884,224,0.195301,-0.138306,-0.221721,0.0423927,0.454587,1.05,1.11946,0.643443,0.5148,0.643443,0.962165,0.582421,0.541507,0.478524,420,144,0.0790228,1,1,1,7,3
hk_pairs,969,45,1,54,0.199027,1,9937,4108,0.186937,0.220581,-0.147857,-0.339954,0.652907,1.05,1.12381,0.733607,0.537341,0.733607,0.977734,0.769426,0.556672,0.493442,420,144,0.0783697,1,1,1,2,9
hk_pairs,970,45,1,10,1.25578,1,6119,5939,0.0508642,-0.333344,0.0334406,0.0661564,0.399891,1.05,1.04513,0.489071,0.415187,0.497268,0.951665,0.570542,0.55373,0.483151,420,144,0.100197,1,1,1,10,5
hk_pairs,971,45,1,103,1.81015,1,7750,3682,0.152654,-0.326788,-0.145237,-0.120049,0.362686,1.05,1.05938,0.431694,0.389686,0.434426,0.905232,0.502067,0.522079,0.443585,420,144,0.0835113,-1,1,1,11,6
hk_pairs,972,45,1,220,3.46383,1,2899,5978,-0.152348,0.177713,0.036871,0.0694427,0.218813,1.05,0.912934,0.454918,0.397996,0.465847,0.959269,0.365019,0.529756,0.461587,420,144,0.0915989,1,1,1,1,5
hk_pairs,973,45,1,54,5.11549,0,9937,4108,0.186937,0.220581,-0.147857,-0.339954,0.652907,1.05,1.12741,0.72541,0.505692,0.72541,0.97891,0.819211,0.548741,0.485353,420,144,0.0833819,-1,1,1,2,9
hk_pairs,974,45,1,277,2.75076,1,2945,5930,-0.153891,0.22728,0.0371904,-0.349297,0.607414,1.05,0.983213,0.547814,0.396403,0.547814,0.977462,0.768489,0.290182,0.20439,420,144,0.0939826,-1,1,1,1,10
hk_pairs,975,45,1,289,2.93466,1,10063,3682,0.254643,0.00918388,-0.145237,-0.120049,0.420281,1.05,0.990425,0.603825,0.455146,0.612022,0.9771,0.590478,0.479546,0.408699,420,144,0.08191,1,1,1,4,6
hk_pairs,976,45,1,12,1.36915,1,5868,9955,0.0214767,-0.215532,0.202683,-0.118843,0.205418,1.05,1.13069,0.666667,0.567737,0.672131,0.975742,0.416383,0.779012,0.696723,420,144,0.074815,-1,1,1,8,6
hk_pairs,977,45,1,155,0.45936,0,64,6021,-0.233828,0.0385914,0.0385189,-0.17988,0.349187,1.05,1.02308,0.696721,0.533584,0.702186,0.922429,0.5674,0.663722,0.600403,420,144,0.08514,-1,1,1,3,8
hk_pairs,978,45,1,268,5.75589,0,5413,10195,-0.0280609,-0.205898,0.216139,-0.341412,0.279288,1.05,1.08556,0.628415,0.508994,0.636612,0.962889,0.411623,0.676164,0.628893,420,144,0.0768106,1,1,1,8,11
hk_pairs,979,45,1,72,5.91208,1,504,6021,-0.210823,0.0496616,0.0385189,-0.17988,0.338917,1.05,1.11712,0.695355,0.529485,0.695355,0.949946,0.572593,0.657803,0.590044,420,144,0.0923488,-1,1,1,3,8
hk_pairs,980,45,1,198,5.43195,1,4867,9841,-0.088707,-0.363306,0.197027,0.204229,0.635406,1.05,1.0998,0.52459,0.380578,0.52459,0.949041,0.77082,0.303532,0.240709,420,144,0.0839441,1,1,1,9,2
hk_pairs,981,45,1,174,1.77087,0,9442,5939,0.233411,0.0544262,0.0334406,0.0661564,0.200777,1.05,1.24899,0.51776,0.452983,0.553279,0.892107,0.475179,0.63817,0.570801,420,144,0.0959779,-1,1,1,4,5
hk_pairs,982,45,1,78,0.740062,1,324,9955,-0.22358,0.0506763,0.202683,-0.118843,0.458885,1.05,1.15768,0.627049,0.481785,0.627049,0.924964,0.59163,0.448644,0.400342,420,144,0.0959269,-1,1,1,3,6
hk_pairs,983,45,1,87,0.586688,1,10428,4116,0.212633,0.0399647,-0.129105,0.207911,0.380776,1.05,1.09757,0.852459,0.614527,0.852459,0.978277,0.525704,0.589219,0.5059,420,144,0.0868743,-1,1,1,4,2
hk_pairs,984,45,1,8,2.54812,0,9999,5930,0.200145,0.209965,0.0371904,-0.349297,0.582518,1.05,1.03031,0.35929,0.303051,0.368852,0.893012,0.776232,0.278124,0.212916,420,144,0.0995176,1,1,1,2,10
hk_pairs,985,45,1,69,2.24433,0,6992,5905,0.133078,-0.357527,0.030447,-0.17753,0.2072,1.05,1.19513,0.484973,0.464822,0.54235,0.934287,0.356806,0.782581,0.723526,420,144,0.0905042,1,1,1,11,8
hk_pairs,986,45,1,277,0.583527,0,2945,5978,-0.153891,0.22728,0.036871,0.0694427,0.247593,1.05,0.901294,0.32377,0.336635,0.349727,0.876539,0.400234,0.560505,0.50144,420,144,0.101156,-1,1,1,1,5
hk_pairs,987,45,1,290,1.69127,0,4930,5978,-0.0828028,-0.344391,0.036871,0.0694427,0.43079,1.05,1.08343,0.428962,0.359745,0.428962,0.927498,0.551834,0.507309,0.423066,420,144,0.0972528,1,1,1,9,5
hk_pairs,988,45,1,198,5.26311,0,4867,5930,-0.088707,-0.363306,0.0371904,-0.349297,0.126674,1.05,1.09124,0.618852,0.51571,0.618852,0.971488,0.293052,0.861355,0.790343,420,144,0.0740464,1,1,1,9,10
hk_pairs,989,45,1,64,0.245783,0,3105,10964,-0.148814,0.158411,0.284098,0.0404701,0.44869,1.05,0.915752,0.85929,0.611567,0.85929,0.998099,0.588653,0.654805,0.604216,420,144,0.0839732,1,1,1,1,3
hk_pairs,990,45,1,331,5.37675,0,6022,4116,0.0380592,-0.34828,-0.129105,0.207911,0.580849,1.05,1.08512,0.520492,0.382514,0.520492,0.932114,0.719592,0.330112,0.256595,420,144,0.0826275,-1,1,1,10,2
hk_pairs,991,45,1,175,1.02754,0,5584,5930,-0.00548744,0.10948,0.0371904,-0.349297,0.460855,1.05,1.00195,0.487705,0.358265,0.487705,0.956644,0.615854,0.451135,0.387541,420,144,0.0965755,1,1,1,5,10
hk_pairs,992,45,1,264,0.58284,0,9884,4108,0.195301,-0.138306,-0.147857,-0.339954,0.398134,1.05,1.04873,0.976776,0.69786,0.980874,0.994388,0.594318,0.728822,0.65852,420,144,0.0748541,1,1,1,7,11
hk_pairs,993,45,1,66,0.741668,1,10754,5939,0.231322,0.19311,0.0334406,0.0661564,0.235139,1.05,1.30345,0.501366,0.447974,0.501366,0.95773,0.401809,0.620703,0.55583,420,144,0.0847191,-1,1,1,2,5
hk_pairs,994,45,1,265,5.0665,1,9994,5858,0.247507,0.00558472,0.0263662,0.235632,0.31914,1.05,1.24348,0.484973,0.41439,0.484973,0.945963,0.454494,0.585788,0.520194,420,144,0.0841642,-1,1,1,4,0
hk_pairs,995,45,1,312,2.24306,0,2296,10964,-0.170065,0.173468,0.284098,0.0404701,0.473257,1.05,1.07707,0.937159,0.664731,0.937159,0.983345,0.634798,0.650118,0.600774,420,144,0.104529,1,1,1,1,3
hk_pairs,996,45,1,179,3.84538,0,10456,4108,0.233109,-0.0120106,-0.147857,-0.339954,0.502674,1.05,1.01986,0.8347,0.612136,0.840164,0.973751,0.60415,0.691021,0.623923,420,144,0.0818292,-1,1,1,4,11
hk_pairs,997,45,1,3,1.64866,1,6806,5858,0.10325,0.0450993,0.0263662,0.235632,0.206456,1.05,1.2905,0.655738,0.525843,0.665301,0.981445,0.440635,0.603865,0.555919,420,144,0.0939734,1,1,1,5,0
hk_pairs,998,45,1,3,6.00648,0,6806,3892,0.10325,0.0450993,-0.136424,-0.123369,0.293357,1.05,1.25327,0.412568,0.354508,0.423497,0.939446,0.413203,0.455477,0.384182,420,144,0.091828,-1,1,1,5,7
hk_pairs,999,45,1,103,5.48373,1,7750,3892,0.152654,-0.326788,-0.136424,-0.123369,0.353487,1.05,1.04838,0.418033,0.365893,0.419399,0.913559,0.522736,0.524563,0.448544,420,144,0.0792769,-1,1,1,11,7
hk_pairs,1000,45,1,143,0.952484,0,4100,10195,-0.141575,-0.163162,0.216139,-0.341412,0.399682,1.05,1.0088,0.875683,0.631603,0.875683,0.986151,0.553483,0.691862,0.645809,420,144,0.0764249,-1,1,1,6,11
hk_pairs,1001,45,1,286,5.57941,0,5732,6053,0.0032053,-0.347618,0.0478668,0.239101,0.588493,1.05,1.05571,0.627049,0.445355,0.627049,0.9771,0.73665,0.40677,0.344596,420,144,0.0932802,1,1,1,10,0
hk_pairs,1002,45,1,287,1.81594,1,1051,6053,-0.206388,0.0350857,0.0478668,0.239101,0.327012,1.05,1.15993,0.654372,0.511157,0.654372,0.928765,0.505591,0.528223,0.45933,420,144,0.101795,-1,1,1,3,0
hk_pairs,1003,45,1,184,0.385227,0,6043,3682,0.048605,-0.316998,-0.145237,-0.120049,0.27634,1.05,0.985718,0.72541,0.551913,0.734973,0.969859,0.451758,0.742714,0.665743,420,144,0.0787303,-1,1,1,10,6
hk_pairs,1004,45,1,120,3.77388,0,6292,310,0.0676842,0.00810242,-0.219474,0.0443707,0.289441,1.05,0.931896,0.493169,0.39071,0.493169,0.963794,0.450655,0.517349,0.456691,420,144,0.0887606,1,1,1,5,4
hk_pairs,1005,45,1,39,1.10176,1,4259,10964,-0.13482,-0.326654,0.284098,0.0404701,0.557062,1.05,1.02365,0.717213,0.556808,0.717213,0.988324,0.694284,0.678728,0.64761,420,144,0.0752254,1,1,1,9,3
hk_pairs,1006,45,1,7,4.01667,0,164,6021,-0.223902,0.0221577,0.0385189,-0.17988,0.331239,1.05,0.983928,0.618852,0.537113,0.628415,0.944062,0.462896,0.684788,0.618845,420,144,0.0939134,-1,1,1,3,8
hk_pairs,1007,45,1,264,5.30299,0,9884,4116,0.195301,-0.138306,-0.129105,0.207911,0.474548,1.05,1.01516,0.726776,0.521289,0.726776,0.991673,0.583743,0.545867,0.462702,420,144,0.0770131,1,1,1,7,2
hk_pairs,1008,45,1,183,2.65477,1,4310,5930,-0.132963,-0.342716,0.0371904,-0.349297,0.170748,1.05,0.951567,0.668033,0.575364,0.68306,0.975833,0.3626,0.844177,0.775693,420,144,0.0747542,1,1,1,9,10
hk_pairs,1009,45,1,183,5.41974,0,4310,9747,-0.132963,-0.342716,0.196574,0.196699,0.632172,1.05,1.0107,0.77459,0.555442,0.77459,0.971398,0.805673,0.588162,0.519155,420,144,0.0788924,1,1,1,9,1
hk_pairs,1010,45,1,281,3.32205,1,5959,5930,0.0328846,-0.188906,0.0371904,-0.349297,0.160669,1.05,1.08468,0.643443,0.52015,0.643443,0.959812,0.381783,0.755768,0.685232,420,144,0.198234,1,1,1,8,10
hk_pairs,1011,45,1,329,5.80707,0,6120,224,0.0509748,0.0237045,-0.221721,0.0423927,0.273467,1.05,0.952742,0.474044,0.383311,0.47541,0.974203,0.417832,0.489962,0.425809,420,144,0.0946617,1,1,1,5,3
hk_pairs,1012,45,1,231,3.31624,1,6617,4116,0.0955315,-0.347029,-0.129105,0.207911,0.599017,1.05,1.04412,0.592896,0.411658,0.592896,0.971126,0.806624,0.348083,0.271533,420,144,0.090534,1,1,1,11,2
hk_pairs,1013,45,1,287,5.82272,0,1051,9955,-0.206388,0.0350857,0.202683,-0.118843,0.437602,1.05,1.10362,0.587432,0.459699,0.587432,0.948316,0.565617,0.45711,0.406567,420,144,0.0915915,1,1,1,3,6
hk_pairs,1014,45,1,265,2.01243,0,9994,5939,0.247507,0.00558472,0.0334406,0.0661564,0.222499,1.05,1.15797,0.468579,0.453324,0.513661,0.901611,0.426742,0.643537,0.576065,420,144,0.0851996,-1,1,1,4,5
hk_pairs,1015,45,1,78,2.74992,0,324,9747,-0.22358,0.0506763,0.196574,0.196699,0.444975,1.05,1.03923,0.569672,0.441598,0.569672,0.895637,0.54885,0.433882,0.357723,420,144,0.1107,1,1,1,3,1
hk_pairs,1016,45,1,215,3.21191,0,507,6021,-0.208078,0.0250587,0.0385189,-0.17988,0.320645,1.05,0.987288,0.625683,0.52459,0.636612,0.953385,0.46147,0.671263,0.61121,420,144,0.115069,1,1,1,3,8
hk_pairs,1017,45,1,91,5.28671,0,10121,4229,0.219951,0.0363712,-0.12455,0.197117,0.380189,1.05,1.07619,0.56694,0.439435,0.56694,0.92777,0.519781,0.46795,0.394378,420,144,0.0960529,1,1,1,4,1
hk_pairs,1018,45,1,69,0.633199,0,6992,3682,0.133078,-0.357527,-0.145237,-0.120049,0.365862,1.05,1.06424,0.400273,0.334813,0.400273,0.901159,0.553263,0.511936,0.432933,420,144,0.0959115,1,1,1,11,6
hk_pairs,1019,45,1,100,1.84761,1,8821,5858,0.195513,0.18189,0.0263662,0.235632,0.177887,1.05,0.997763,0.614754,0.532673,0.629781,0.962618,0.338102,0.712894,0.643836,420,144,0.0833359,1,1,1,2,0
hk_pairs,1020,45,1,277,3.22486,1,2945,10195,-0.153891,0.22728,0.216139,-0.341412,0.678544,1.05,0.983831,0.739071,0.529713,0.739071,0.993302,0.788649,0.527386,0.482376,420,144,0.077893,-1,1,1,1,11
hk_pairs,1021,45,1,241,0.619381,0,3662,10195,-0.153935,-0.152021,0.216139,-0.341412,0.415829,1.05,1.04507,0.852459,0.615096,0.852459,0.993302,0.552582,0.686574,0.642516,420,144,0.078998,-1,1,1,6,9
hk_pairs,1022,45,1,103,3.95601,0,7750,224,0.152654,-0.326788,-0.221721,0.0423927,0.525842,1.05,1.03871,0.646175,0.542691,0.650273,0.968863,0.638271,0.694551,0.630779,420,144,0.0752716,-1,1,1,11,3
hk_pairs,1023,45,1,64,5.29638,1,3105,9841,-0.148814,0.158411,0.197027,0.204229,0.348863,1.05,0.924938,0.501366,0.389913,0.501366,0.970492,0.505749,0.541009,0.460264,420,144,0.0916567,-1,1,1,1,2
hk_pairs,1024,45,1,8,6.19443,0,9999,3892,0.200145,0.209965,-0.136424,-0.123369,0.473725,1.05,0.949475,0.36612,0.300433,0.36612,0.944243,0.671447,0.303568,0.238531,420,134,0.102855,-1,1,1,2,7
hk_pairs,1025,45,1,310,2.05107,1,5736,10195,0.0107288,0.154242,0.216139,-0.341412,0.536531,1.05,1.00491,0.784153,0.556352,0.784153,0.971398,0.668246,0.471953,0.431274,420,134,0.0760223,-1,1,1,0,9
hk_pairs,1026,45,1,105,4.38716,0,6653,3892,0.101108,-0.290789,-0.136424,-0.123369,0.290724,1.05,0.892925,0.38388,0.331853,0.385246,0.931028,0.486762,0.538847,0.45787,420,134,0.0836649,1,1,1,11,7
hk_pairs,1027,45,1,235,0.913482,0,2606,10195,-0.156796,0.191725,0.216139,-0.341412,0.650696,1.05,1.06025,0.677596,0.51332,0.677596,0.955286,0.779766,0.549497,0.492434,420,134,0.0779253,-1,1,1,1,9
hk_pairs,1028,45,1,98,4.52918,0,5863,6053,0.0214481,-0.16329,0.0478668,0.239101,0.403365,1.05,1.03635,0.590164,0.433971,0.590164,0.958635,0.581825,0.373092,0.298554,420,134,0.096402,-1,1,1,8,0
hk_pairs,1029,45,1,54,4.0001,1,9937,310,0.186937,0.220581,-0.219474,0.0443707,0.443066,1.05,0.962683,0.709016,0.523452,0.709016,0.969859,0.5664,0.563048,0.486935,420,134,0.0834528,1,1,1,2,4
hk_pairs,1030,45,1,280,3.81496,0,3801,9955,-0.15529,-0.32687,0.202683,-0.118843,0.414029,1.05,1.0766,0.900273,0.647427,0.900273,0.989319,0.557998,0.715901,0.653576,420,134,0.0727696,-1,1,1,9,6
hk_pairs,1031,45,1,215,2.3252,1,507,10195,-0.208078,0.0250587,0.216139,-0.341412,0.56059,1.05,1.07587,0.815574,0.593352,0.821038,0.961079,0.717677,0.641183,0.595423,420,134,0.103814,1,1,1,3,9
hk_pairs,1032,45,1,286,1.67377,0,5732,10964,0.0032053,-0.347618,0.284098,0.0404701,0.479169,1.05,1.10025,0.506831,0.406535,0.506831,0.982893,0.593655,0.402667,0.372342,420,134,0.0745769,-1,1,1,10,3
hk_pairs,1033,45,1,310,2.82828,1,5736,9841,0.0107288,0.154242,0.197027,0.204229,0.193102,1.05,0.904086,0.60929,0.496926,0.60929,0.963794,0.354712,0.633734,0.556299,420,134,0.0758957,-1,1,1,0,2
hk_pairs,1034,45,1,24,2.20413,0,2921,9955,-0.174654,-0.295691,0.202683,-0.118843,0.416746,1.05,1.09897,0.889344,0.643557,0.889344,0.9895,0.563212,0.680961,0.631555,420,134,0.0760986,-1,1,1,9,7
hk_pairs,1035,45,1,103,1.2597,1,7750,5858,0.152654,-0.326788,0.0263662,0.235632,0.576476,1.05,1.03258,0.625683,0.459813,0.625683,0.993573,0.722332,0.459188,0.39328,420,134,0.097032,1,1,1,11,0
hk_pairs,1036,45,1,84,6.20832,0,6511,5939,0.0878019,0.250875,0.0334406,0.0661564,0.192552,1.05,1.24542,0.456284,0.391849,0.463115,0.922701,0.359235,0.615622,0.542965,420,134,0.0862171,1,1,1,0,5
hk_pairs,1037,45,1,105,3.32968,0,6653,3682,0.101108,-0.290789,-0.145237,-0.120049,0.30003,1.05,1.04632,0.427596,0.368739,0.427596,0.945239,0.472573,0.560005,0.452547,420,134,0.0841148,1,1,1,11,6
hk_pairs,1038,45,1,92,2.91327,1,9933,4229,0.182703,0.19986,-0.12455,0.197117,0.307265,1.05,0.980938,0.409836,0.375569,0.413934,0.950489,0.506965,0.50094,0.417829,420,134,0.0872476,-1,1,1,2,1
hk_pairs,1039,45,1,206,3.01151,0,8980,5858,0.221174,0.0692406,0.0263662,0.235632,0.257229,1.05,1.07726,0.775956,0.578097,0.775956,0.969497,0.414533,0.695741,0.628771,420,134,0.0888658,1,1,1,4,0
hk_pairs,1040,45,1,58,0.629098,0,10095,224,0.206334,-0.160353,-0.221721,0.0423927,0.473646,1.05,1.00929,0.60929,0.474841,0.60929,0.981626,0.589167,0.538929,0.476512,420,134,0.0775787,-1,1,1,7,3
hk_pairs,1041,45,1,87,1.23478,0,10428,5939,0.212633,0.0399647,0.0334406,0.0661564,0.181303,1.05,1.2816,0.479508,0.470173,0.543716,0.83445,0.451001,0.641809,0.57677,420,134,0.0898967,-1,1,1,4,5
hk_pairs,1042,45,1,268,0.93249,1,5413,10195,-0.0280609,-0.205898,0.216139,-0.341412,0.279288,1.05,1.08529,0.677596,0.543261,0.695355,0.958273,0.409072,0.674901,0.628016,420,134,0.0735797,-1,1,1,8,11
hk_pairs,1043,45,1,87,0.989476,0,10428,5905,0.212633,0.0399647,0.030447,-0.17753,0.283718,1.05,1.11703,0.748634,0.560906,0.748634,0.976014,0.531287,0.726128,0.658967,420,134,0.0949082,-1,1,1,4,8
hk_pairs,1044,45,1,175,3.8543,1,5584,9747,-0.00548744,0.10948,0.196574,0.196699,0.220155,1.05,1.15185,0.42623,0.325706,0.42623,0.969678,0.383911,0.450029,0.379123,420,134,0.0917681,-1,1,1,5,1
hk_pairs,1045,45,1,90,1.9964,1,6647,310,0.0964994,0.209301,-0.219474,0.0443707,0.35655,1.05,0.923341,0.586066,0.453097,0.588798,0.96307,0.509899,0.514447,0.443912,420,134,0.0791759,1,1,1,0,4
hk_pairs,1046,45,1,66,0.927668,1,10754,4108,0.231322,0.19311,-0.147857,-0.339954,0.654182,1.05,0.969324,0.556011,0.394923,0.556011,0.932838,0.826875,0.338409,0.287588,420,134,0.0937414,1,1,1,2,9
hk_pairs,1047,45,1,184,1.96851,1,6043,310,0.048605,-0.316998,-0.219474,0.0443707,0.450044,1.05,0.966749,0.728142,0.573315,0.728142,0.979272,0.589371,0.735621,0.675303,420,134,0.0743434,-1,1,1,10,4
hk_pairs,1048,45,1,161,1.47032,0,2296,9955,-0.170065,0.173468,0.202683,-0.118843,0.473695,1.05,1.11412,0.713115,0.505806,0.713115,0.987328,0.655926,0.501273,0.449393,420,134,0.0878294,-1,1,1,1,6
hk_pairs,1049,45,1,175,3.765,1,5584,6053,-0.00548744,0.10948,0.0478668,0.239101,0.140493,1.05,1.08527,0.495902,0.411088,0.495902,0.914012,0.315292,0.566332,0.496263,420,134,0.0738314,-1,1,1,5,0
hk_pairs,1050,45,1,220,3.96152,1,2899,6053,-0.152348,0.177713,0.0478668,0.239101,0.210257,1.05,1.005,0.535519,0.434996,0.539617,0.91546,0.335911,0.64694,0.573144,420,134,0.0900003,1,1,1,1,0
hk_pairs,1051,45,1,198,5.08639,1,4867,6021,-0.088707,-0.363306,0.0385189,-0.17988,0.223359,1.05,1.1738,0.502732,0.441029,0.502732,0.955014,0.372208,0.725031,0.654373,420,134,0.0923904,1,1,1,9,8
hk_pairs,1052,45,1,229,1.99,1,6569,5905,0.0888796,0.0682087,0.030447,-0.17753,0.252591,1.05,1.04146,0.612022,0.478939,0.622951,0.986785,0.449372,0.62692,0.546783,420,134,0.0925149,1,1,1,5,8
hk_pairs,1053,45,1,337,2.87296,1,3682,10964,-0.145237,-0.120049,0.284098,0.0404701,0.458361,1.05,1.02886,0.644809,0.497382,0.644809,0.956644,0.644798,0.525091,0.486449,420,134,0.0769069,-1,1,1,6,4
hk_pairs,1054,45,1,58,3.35098,1,10095,4116,0.206334,-0.160353,-0.129105,0.207911,0.498137,1.05,1.03859,0.790984,0.555442,0.790984,0.972122,0.690911,0.523269,0.444579,420,134,0.0770648,-1,1,1,7,2
hk_pairs,1055,45,1,281,2.71162,0,5959,10195,0.0328846,-0.188906,0.216139,-0.341412,0.238414,1.05,1.07586,0.561475,0.499545,0.583333,0.974475,0.408742,0.731852,0.691871,420,134,0.0830355,-1,1,1,8,11
hk_pairs,1056,45,1,175,0.526818,1,5584,9955,-0.00548744,0.10948,0.202683,-0.118843,0.309019,1.05,1.05585,0.286885,0.242942,0.286885,0.924783,0.471395,0.300777,0.233774,420,134,0.111037,1,1,1,5,6
hk_pairs,1057,45,1,346,6.20612,0,6883,4229,0.116501,-0.263332,-0.12455,0.197117,0.51975,1.05,1.0593,0.625683,0.449909,0.625683,0.956734,0.678024,0.404907,0.329475,420,134,0.0803727,1,1,1,11,1
hk_pairs,1058,45,1,10,1.50846,0,6119,4116,0.0508642,-0.333344,-0.129105,0.207911,0.570418,1.05,1.09588,0.562842,0.39572,0.562842,0.990677,0.753112,0.329663,0.250744,420,134,0.083253,-1,1,1,10,2
hk_pairs,1059,45,1,280,5.29752,1,3801,5978,-0.15529,-0.32687,0.036871,0.0694427,0.440461,1.05,1.07795,0.612022,0.45469,0.612022,0.970583,0.591601,0.532294,0.450162,420,134,0.0829506,1,1,1,9,5
hk_pairs,1060,45,1,126,5.60314,1,6357,5939,0.0781794,-0.235918,0.0334406,0.0661564,0.30549,1.05,1.1377,0.587432,0.476207,0.595628,0.96307,0.459298,0.611609,0.539163,420,134,0.0889177,-1,1,1,8,5
hk_pairs,1061,45,1,10,5.34707,1,6119,4116,0.0508642,-0.333344,-0.129105,0.207911,0.570418,1.05,1.10626,0.519126,0.382514,0.519126,0.993936,0.713853,0.331683,0.252753,420,134,0.0792933,1,1,1,10,2
hk_pairs,1062,45,1,206,1.72915,0,8980,5930,0.221174,0.0692406,0.0371904,-0.349297,0.45777,1.05,0.993729,0.620219,0.47689,0.620219,0.921162,0.614316,0.500713,0.439613,420,134,0.0912318,-1,1,1,4,10
hk_pairs,1063,45,1,149,6.03643,1,2641,10195,-0.166611,0.194302,0.216139,-0.341412,0.658425,1.05,1.11691,0.681694,0.513206,0.681694,0.976195,0.784695,0.535165,0.494985,420,134,0.0806126,1,1,1,1,9
hk_pairs,1064,45,1,149,5.93933,0,2641,5978,-0.166611,0.194302,0.036871,0.0694427,0.239247,1.05,1.1311,0.513661,0.40551,0.515027,0.964881,0.413316,0.547796,0.479299,420,134,0.0827689,-1,1,1,1,5
hk_pairs,1065,45,1,231,0.258759,1,6617,3892,0.0955315,-0.347029,-0.136424,-0.123369,0.322574,1.05,0.992217,0.453552,0.392077,0.453552,0.903693,0.489381,0.568194,0.467493,420,134,0.0851428,-1,1,1,11,7
hk_pairs,1066,45,1,202,1.35759,1,144,6021,-0.231685,0.0509739,0.0385189,-0.17988,0.355397,1.05,1.09599,0.713115,0.536885,0.718579,0.929852,0.591904,0.671302,0.598855,420,134,0.0906475,1,1,1,3,8
hk_pairs,1067,45,1,267,1.51387,0,6716,3682,0.111661,-0.328478,-0.145237,-0.120049,0.330816,1.05,1.01164,0.400273,0.337659,0.400273,0.916546,0.552599,0.53766,0.455688,420,134,0.082583,-1,1,1,11,6
hk_pairs,1068,45,1,233,4.09923,0,5612,9955,-0.00146675,0.233496,0.202683,-0.118843,0.407233,1.05,1.17466,0.871585,0.628188,0.871585,0.980177,0.561308,0.610741,0.547285,420,134,0.0779399,-1,1,1,0,6
hk_pairs,1069,45,1,172,5.3171,0,9878,3682,0.195704,-0.145012,-0.145237,-0.120049,0.341973,1.05,1.08436,0.674863,0.498406,0.674863,0.975923,0.552867,0.53132,0.458236,420,134,0.0777977,1,1,1,7,6
hk_pairs,1070,45,1,281,4.35836,1,5959,6053,0.0328846,-0.188906,0.0478668,0.239101,0.428352,1.05,1.00853,0.546448,0.413593,0.546448,0.911568,0.630938,0.385182,0.311594,420,134,0.0950535,-1,1,1,8,0
hk_pairs,1071,45,1,227,3.55135,0,6895,4108,0.117936,0.22892,-0.147857,-0.339954,0.627955,1.05,1.03642,0.760929,0.550205,0.760929,0.929852,0.786034,0.532077,0.451001,420,134,0.0771494,-1,1,1,0,11
hk_pairs,1072,45,1,202,4.17156,0,144,9955,-0.231685,0.0509739,0.202683,-0.118843,0.466411,1.05,1.14711,0.624317,0.485542,0.625683,0.941799,0.590635,0.453337,0.400975,420,134,0.0874523,-1,1,1,3,6
hk_pairs,1073,45,1,299,4.24587,1,5677,5930,0.00559902,0.232574,0.0371904,-0.349297,0.582728,1.05,1.08484,0.583333,0.405624,0.583333,0.993573,0.745016,0.424504,0.348846,420,134,0.0995836,1,1,1,0,10
hk_pairs,1074,45,1,277,1.40815,1,2945,9955,-0.153891,0.22728,0.202683,-0.118843,0.496956,1.05,1.04642,0.387978,0.314777,0.387978,0.977552,0.62133,0.300536,0.213011,420,134,0.098162,1,1,1,1,6
hk_pairs,1075,45,1,299,2.17443,0,5677,5930,0.00559902,0.232574,0.0371904,-0.349297,0.582728,1.05,1.07919,0.569672,0.401184,0.569672,0.992216,0.734745,0.425495,0.349036,420,134,0.0979374,-1,1,1,0,10
hk_pairs,1076,45,1,162,4.92649,0,5545,10964,-0.00940895,0.172716,0.284098,0.0404701,0.321986,1.05,1.16739,0.654372,0.513889,0.65847,0.974656,0.51321,0.607105,0.554718,420,134,0.0749722,1,1,1,0,4
hk_pairs,1077,45,1,71,4.48603,1,5804,9841,0.0184364,-0.361752,0.197027,0.204229,0.593489,1.05,1.0773,0.378415,0.312386,0.389344,0.903965,0.689515,0.267908,0.196052,420,134,0.0983228,-1,1,1,10,2
hk_pairs,1078,45,1,197,0.801365,1,6470,5905,0.0838451,0.227665,0.030447,-0.17753,0.408699,1.05,0.986731,0.456284,0.375911,0.471312,0.975652,0.578055,0.396958,0.308402,420,134,0.109933,-1,1,1,0,8
hk_pairs,1079,45,1,161,0.577474,0,2296,6021,-0.170065,0.173468,0.0385189,-0.17988,0.410331,1.05,1.11296,0.51776,0.396289,0.51776,0.944062,0.631659,0.465403,0.354998,420,134,0.0989302,-1,1,1,1,8
hk_pairs,1080,45,1,106,3.75076,1,8738,5858,0.188034,0.180145,0.0263662,0.235632,0.17121,1.05,0.986884,0.629781,0.500114,0.629781,0.928132,0.377254,0.719912,0.651328,420,134,0.0806229,1,1,1,2,0
hk_pairs,1081,45,1,175,4.56948,0,5584,10964,-0.00548744,0.10948,0.284098,0.0404701,0.297844,1.05,1.07472,0.502732,0.429986,0.505465,0.893193,0.484539,0.546018,0.502927,420,134,0.072652,1,1,1,5,3
hk_pairs,1082,45,1,91,3.66543,0,10121,4229,0.219951,0.0363712,-0.12455,0.197117,0.380189,1.05,1.03171,0.532787,0.437045,0.538251,0.914555,0.495344,0.463672,0.389898,420,134,0.0945735,-1,1,1,4,1
hk_pairs,1083,45,1,268,1.2683,1,5413,10964,-0.0280609,-0.205898,0.284098,0.0404701,0.397737,1.05,1.07357,0.68306,0.533698,0.692623,0.972755,0.581663,0.652574,0.622197,420,134,0.0833865,1,1,1,8,4
hk_pairs,1084,45,1,345,2.32478,0,9708,3892,0.179444,0.202303,-0.136424,-0.123369,0.453718,1.05,0.959373,0.715847,0.533128,0.715847,0.93845,0.637684,0.515255,0.431393,420,134,0.0909229,-1,1,1,2,7
hk_pairs,1085,45,1,31,1.42186,0,6472,5858,0.0860271,-0.329134,0.0263662,0.235632,0.568065,1.05,1.05983,0.479508,0.366803,0.483607,0.980268,0.761974,0.407891,0.336564,420,134,0.106025,-1,1,1,11,0
hk_pairs,1086,45,1,44,3.7531,0,5645,10964,-0.00140858,-0.144583,0.284098,0.0404701,0.340233,1.05,1.07968,0.560109,0.478711,0.565574,0.932567,0.530691,0.632675,0.603541,420,134,0.077285,1,1,1,8,3
hk_pairs,1087,45,1,106,4.6813,1,8738,5930,0.188034,0.180145,0.0371904,-0.349297,0.5506,1.05,1.08281,0.771858,0.541098,0.771858,0.993573,0.736843,0.577707,0.4923,420,134,0.102598,1,1,1,2,10
hk_pairs,1088,45,1,78,5.09158,1,324,9955,-0.22358,0.0506763,0.202683,-0.118843,0.458885,1.05,0.993151,0.657104,0.476662,0.657104,0.977552,0.632706,0.449346,0.400993,420,127,0.0980309,-1,1,1,3,7
hk_pairs,1089,45,1,346,1.59478,1,6883,310,0.116501,-0.263332,-0.219474,0.0443707,0.455612,1.05,0.989269,0.636612,0.506148,0.636612,0.92605,0.609859,0.646848,0.585306,420,127,0.0824374,-1,1,1,11,4
hk_pairs,1090,45,1,174,2.61664,0,9442,5858,0.233411,0.0544262,0.0263662,0.235632,0.276036,1.05,0.986799,0.464481,0.417805,0.464481,0.886133,0.399568,0.594963,0.52715,420,127,0.0986651,1,1,1,4,0
hk_pairs,1091,45,1,222,5.20813,0,3934,9955,-0.151329,-0.294903,0.202683,-0.118843,0.395377,1.05,1.16432,0.441257,0.362477,0.441257,0.939899,0.532962,0.530638,0.472501,420,127,0.0785587,1,1,1,9,7
hk_pairs,1092,45,1,246,5.4434,0,3742,5978,-0.139513,-0.105675,0.036871,0.0694427,0.248551,1.05,1.13923,0.584699,0.470059,0.599727,0.976647,0.456944,0.529534,0.459635,420,127,0.0935134,-1,1,1,6,5
hk_pairs,1093,45,1,199,0.930744,0,6355,4108,0.0776005,-0.248301,-0.147857,-0.339954,0.243525,1.05,0.946437,0.85929,0.639572,0.85929,0.990224,0.45382,0.742934,0.671792,420,127,0.0755863,1,1,1,8,11
hk_pairs,1094,45,1,179,1.42301,1,10456,4116,0.233109,-0.0120106,-0.129105,0.207911,0.42375,1.05,0.977879,0.515027,0.401867,0.515027,0.900978,0.569265,0.390982,0.307766,420,127,0.0850084,1,1,1,4,2
hk_pairs,1095,45,1,105,4.07184,0,6653,4108,0.101108,-0.290789,-0.147857,-0.339954,0.254124,1.05,0.945388,0.644809,0.53939,0.668033,0.97176,0.402457,0.76721,0.696193,420,127,0.0766847,1,1,1,11,9
hk_pairs,1096,45,1,71,0.937155,0,5804,5978,0.0184364,-0.361752,0.036871,0.0694427,0.431588,1.05,1.03715,0.657104,0.489526,0.657104,0.964609,0.591206,0.557676,0.4807,420,127,0.0960038,-1,1,1,10,5
hk_pairs,1097,45,1,328,2.98806,0,145,9841,-0.231475,0.0557003,0.197027,0.204229,0.453586,1.05,1.02645,0.405738,0.320128,0.405738,0.902969,0.577797,0.303285,0.223286,420,127,0.0910583,1,1,1,3,2
hk_pairs,1098,45,1,82,3.56431,0,9822,4116,0.200569,-0.095808,-0.129105,0.207911,0.448256,1.05,1.06843,0.68306,0.501025,0.684426,0.977734,0.563839,0.545513,0.467144,420,127,0.194297,1,1,1,7,2
hk_pairs,1099,45,1,183,1.22329,0,4310,6021,-0.132963,-0.342716,0.0385189,-0.17988,0.236531,1.05,1.15964,0.576503,0.549067,0.620219,0.940442,0.378409,0.741666,0.673112,420,127,0.0724434,-1,1,1,9,8
hk_pairs,1100,45,1,10,1.83706,1,6119,4229,0.0508642,-0.333344,-0.12455,0.197117,0.558739,1.05,1.0922,0.508197,0.376708,0.510929,0.995836,0.711869,0.34347,0.264349,420,127,0.0834307,-1,1,1,10,1
hk_pairs,1101,45,1,72,2.44246,0,504,9955,-0.210823,0.0496616,0.202683,-0.118843,0.446553,1.05,1.15105,0.650273,0.487705,0.659836,0.94189,0.608013,0.454223,0.402896,420,127,0.0893031,-1,1,1,3,6
hk_pairs,1102,45,1,31,1.75531,0,6472,5858,0.0860271,-0.329134,0.0263662,0.235632,0.568065,1.05,1.05971,0.45765,0.364413,0.464481,0.968501,0.751222,0.402874,0.336602,420,127,0.104042,-1,1,1,11,0
hk_pairs,1103,45,1,319,1.52341,0,6265,4229,0.0644598,0.127008,-0.12455,0.197117,0.201593,1.05,0.865686,0.464481,0.375911,0.464481,0.932476,0.333291,0.498246,0.427511,420,127,0.0853956,-1,1,1,5,1
hk_pairs,1104,45,1,298,0.553282,1,5919,9841,0.0272675,-0.319218,0.197027,0.204229,0.550318,1.05,1.03873,0.506831,0.368966,0.506831,0.985608,0.737136,0.305922,0.230127,420,127,0.0874164,1,1,1,10,2
hk_pairs,1105,45,1,286,0.426426,1,5732,6021,0.0032053,-0.347618,0.0385189,-0.17988,0.171425,1.05,1.1734,0.519126,0.496585,0.557377,0.945873,0.340917,0.761557,0.693664,420,127,0.0858906,-1,1,1,10,8
hk_pairs,1106,45,1,82,0.944413,1,9822,310,0.200569,-0.095808,-0.219474,0.0443707,0.442878,1.05,1.13799,0.691257,0.540073,0.706284,0.952933,0.616015,0.556852,0.496093,420,127,0.0799699,-1,1,1,7,4
hk_pairs,1107,45,1,299,1.86894,1,5677,10964,0.00559902,0.232574,0.284098,0.0404701,0.338328,1.05,1.04844,0.784153,0.586293,0.784153,0.965243,0.514496,0.671475,0.615374,420,127,0.0743036,1,1,1,0,4
hk_pairs,1108,45,1,241,2.23976,0,3662,5978,-0.153935,-0.152021,0.036871,0.0694427,0.292324,1.05,1.05242,0.571038,0.4523,0.587432,0.9208,0.524465,0.542763,0.466366,420,127,0.11131,1,1,1,6,5
hk_pairs,1109,45,1,286,5.25893,1,5732,6021,0.0032053,-0.347618,0.0385189,-0.17988,0.171425,1.05,1.17339,0.519126,0.442281,0.519126,0.957368,0.347637,0.759539,0.691331,420,127,0.0772316,1,1,1,10,8
hk_pairs,1110,45,1,69,2.68884,0,6992,4229,0.133078,-0.357527,-0.12455,0.197117,0.611557,1.05,1.10531,0.60929,0.433174,0.612022,0.972755,0.756231,0.359141,0.288738,420,127,0.0810668,1,1,1,11,1
hk_pairs,1111,45,1,235,2.66447,1,2606,6021,-0.156796,0.191725,0.0385189,-0.17988,0.419876,1.05,1.03528,0.670765,0.493283,0.670765,0.990315,0.624846,0.574599,0.491537,420,127,0.0976751,-1,1,1,1,8
hk_pairs,1112,45,1,172,0.848366,0,9878,5905,0.195704,-0.145012,0.030447,-0.17753,0.168662,1.05,1.24803,0.61612,0.547587,0.61612,0.938631,0.357575,0.778212,0.715037,420,127,0.0753222,-1,1,1,7,8
hk_pairs,1113,45,1,193,4.28523,1,8574,310,0.170078,0.197699,-0.219474,0.0443707,0.418641,1.05,0.990969,0.851093,0.60724,0.851093,0.995746,0.571226,0.604524,0.54191,420,127,0.0831739,-1,1,1,2,4
hk_pairs,1114,45,1,206,3.70743,0,8980,5858,0.221174,0.0692406,0.0263662,0.235632,0.257229,1.05,1.00117,0.696721,0.548953,0.704918,0.979001,0.363871,0.690183,0.624603,420,127,0.0970906,1,1,1,4,0
hk_pairs,1115,45,1,10,5.77931,0,6119,224,0.0508642,-0.333344,-0.221721,0.0423927,0.464232,1.05,0.978411,0.760929,0.583561,0.760929,0.985427,0.620158,0.739716,0.677286,420,127,0.0743128,-1,1,1,10,3
hk_pairs,1116,45,1,126,4.11267,0,6357,224,0.0781794,-0.235918,-0.221721,0.0423927,0.409142,1.05,1.00982,0.63388,0.48224,0.63388,0.955739,0.590965,0.637,0.573164,420,127,0.0801824,1,1,1,8,3
hk_pairs,1117,45,1,12,1.6194,1,5868,10195,0.0214767,-0.215532,0.216139,-0.341412,0.231823,1.05,1.08759,0.721312,0.593238,0.743169,0.952661,0.459506,0.740719,0.70012,420,127,0.0719582,-1,1,1,8,9
hk_pairs,1118,45,1,277,1.45349,1,2945,5930,-0.153891,0.22728,0.0371904,-0.349297,0.607414,1.05,1.1016,0.545082,0.384335,0.545082,0.979091,0.774539,0.270488,0.202202,420,127,0.092802,-1,1,1,1,10
hk_pairs,1119,45,1,7,3.37536,0,164,6053,-0.223902,0.0221577,0.0478668,0.239101,0.347743,1.05,1.1506,0.849727,0.62944,0.852459,0.966148,0.497321,0.628783,0.560191,420,127,0.0923306,1,1,1,3,0
hk_pairs,1120,45,1,265,4.82394,0,9994,4108,0.247507,0.00558472,-0.147857,-0.339954,0.525105,1.05,1.02287,0.494536,0.360883,0.494536,0.889482,0.735283,0.312483,0.244004,420,127,0.0847011,1,1,1,4,11
hk_pairs,1121,45,1,323,4.10582,1,9776,3682,0.192118,-0.121008,-0.145237,-0.120049,0.337356,1.05,1.07345,0.662568,0.488502,0.662568,0.987238,0.568437,0.504467,0.430349,420,127,0.0811699,1,1,1,7,6
hk_pairs,1122,45,1,179,1.25239,0,10456,3892,0.233109,-0.0120106,-0.136424,-0.123369,0.385979,1.05,0.966958,0.592896,0.439777,0.592896,0.984794,0.581015,0.491039,0.413128,420,127,0.0848963,1,1,1,4,7
hk_pairs,1123,45,1,54,5.40941,0,9937,4108,0.186937,0.220581,-0.147857,-0.339954,0.652907,1.05,1.13401,0.733607,0.517418,0.733607,0.987328,0.811871,0.550223,0.486814,420,127,0.0842045,-1,1,1,2,11
hk_pairs,1124,45,1,120,5.96842,0,6292,3892,0.0676842,0.00810242,-0.136424,-0.123369,0.242808,1.05,1.07404,0.546448,0.411771,0.553279,0.99122,0.487197,0.473958,0.402152,420,127,0.0860577,-1,1,1,5,7
hk_pairs,1125,45,1,100,5.83794,1,8821,3682,0.195513,0.18189,-0.145237,-0.120049,0.455438,1.05,0.995082,0.70082,0.510815,0.706284,0.963523,0.628346,0.504562,0.43735,420,127,0.08869,-1,1,1,2,6
hk_pairs,1126,45,1,184,2.4701,1,6043,4108,0.048605,-0.316998,-0.147857,-0.339954,0.197798,1.05,1.24008,0.709016,0.554303,0.713115,0.989048,0.345993,0.776155,0.703408,420,127,0.0779631,1,1,1,10,11
hk_pairs,1127,45,1,161,1.85194,1,2296,10964,-0.170065,0.173468,0.284098,0.0404701,0.473257,1.05,1.04485,0.924863,0.656535,0.924863,0.998371,0.626598,0.653385,0.603101,420,127,0.0841109,1,1,1,1,4
hk_pairs,1128,45,1,329,1.71778,1,6120,4116,0.0509748,0.0237045,-0.129105,0.207911,0.257746,1.05,1.01995,0.576503,0.435679,0.576503,0.932386,0.411472,0.528977,0.449763,420,127,0.0847604,1,1,1,5,2
hk_pairs,1129,45,1,227,1.53717,0,6895,4108,0.117936,0.22892,-0.147857,-0.339954,0.627955,1.05,1.1206,0.70765,0.498748,0.709016,0.993936,0.810515,0.481363,0.418546,420,127,0.0838305,-1,1,1,0,9
hk_pairs,1130,45,1,27,5.91175,0,8788,3682,0.173862,-0.131302,-0.145237,-0.120049,0.319417,1.05,1.05973,0.655738,0.487933,0.655738,0.989138,0.554975,0.514099,0.438341,420,127,0.0797414,1,1,1,7,6
hk_pairs,1131,45,1,233,5.99774,1,5612,9747,-0.00146675,0.233496,0.196574,0.196699,0.201467,1.05,1.0667,0.618852,0.489071,0.635246,0.965786,0.377282,0.616729,0.534795,420,127,0.0766902,-1,1,1,0,1
hk_pairs,1132,45,1,72,0.283627,0,504,9747,-0.210823,0.0496616,0.196574,0.196699,0.433159,1.05,1.03226,0.838798,0.595856,0.838798,0.98063,0.557861,0.553369,0.475947,420,127,0.107376,-1,1,1,3,1
hk_pairs,1133,45,1,267,4.44626,0,6716,5858,0.111661,-0.328478,0.0263662,0.235632,0.570522,1.05,1.0424,0.613388,0.450478,0.613388,0.995746,0.745632,0.458385,0.382279,420,127,0.110002,1,1,1,11,0
hk_pairs,1134,45,1,105,2.20803,0,6653,5939,0.101108,-0.290789,0.0334406,0.0661564,0.363334,1.05,1.06641,0.625683,0.506489,0.63388,0.966057,0.491716,0.623782,0.548008,420,127,0.0850015,-1,1,1,11,5
hk_pairs,1135,45,1,72,0.425373,0,504,10195,-0.210823,0.0496616,0.216139,-0.341412,0.578995,1.05,1.07458,0.823771,0.587546,0.831967,0.950579,0.754903,0.628054,0.583705,420,127,0.0906803,1,1,1,3,9
hk_pairs,1136,45,1,235,6.18598,1,2606,5978,-0.156796,0.191725,0.036871,0.0694427,0.229041,1.05,0.959345,0.464481,0.408015,0.464481,0.887944,0.396352,0.561539,0.485287,420,127,0.0854246,1,1,1,1,5
hk_pairs,1137,45,1,126,5.56206,1,6357,4108,0.0781794,-0.235918,-0.147857,-0.339954,0.248829,1.05,0.970095,0.823771,0.633766,0.825137,0.99466,0.457033,0.735568,0.665267,420,127,0.0743694,1,1,1,8,9
hk_pairs,1138,45,1,155,1.41537,1,64,9955,-0.233828,0.0385914,0.202683,-0.118843,0.464039,1.05,1.13638,0.653005,0.485997,0.653005,0.951937,0.630631,0.454577,0.403759,420,127,0.0827506,1,1,1,3,7
hk_pairs,1139,45,1,7,5.83785,1,164,5978,-0.223902,0.0221577,0.036871,0.0694427,0.26503,1.05,1.19861,0.519126,0.425888,0.523224,0.923697,0.431833,0.48969,0.424966,420,127,0.0950469,1,1,1,3,5
hk_pairs,1140,45,1,39,3.26726,1,4259,5930,-0.13482,-0.326654,0.0371904,-0.349297,0.173626,1.05,1.102,0.771858,0.617714,0.785519,0.984884,0.34385,0.852985,0.783715,420,127,0.0735448,-1,1,1,9,10
hk_pairs,1141,45,1,31,4.29722,0,6472,4108,0.0860271,-0.329134,-0.147857,-0.339954,0.234514,1.05,1.05368,0.775956,0.599954,0.781421,0.993483,0.393356,0.77663,0.703122,420,127,0.0732337,1,1,1,11,9
hk_pairs,1142,45,1,231,0.526915,1,6617,3682,0.0955315,-0.347029,-0.145237,-0.120049,0.331503,1.05,1.01513,0.469945,0.404713,0.469945,0.921977,0.492468,0.565829,0.458878,420,127,0.0840503,-1,1,1,11,6
hk_pairs,1143,45,1,328,0.370032,1,145,9955,-0.231475,0.0557003,0.202683,-0.118843,0.467945,1.05,1.15088,0.632514,0.47985,0.632514,0.949855,0.602097,0.454552,0.404102,420,127,0.0850491,-1,1,1,3,7
hk_pairs,1144,45,1,337,0.884533,1,3682,5930,-0.145237,-0.120049,0.0371904,-0.349297,0.292975,1.05,0.960956,0.901639,0.668374,0.901639,0.975923,0.500463,0.768297,0.706305,420,127,0.077257,-1,1,1,6,10
hk_pairs,1145,45,1,90,2.71909,1,6647,224,0.0964994,0.209301,-0.221721,0.0423927,0.359336,1.05,0.953589,0.523224,0.388661,0.523224,0.915912,0.565306,0.356176,0.291246,420,127,0.0877601,1,1,1,0,3
hk_pairs,1146,45,1,98,2.52911,1,5863,10195,0.0214481,-0.16329,0.216139,-0.341412,0.263878,1.05,1.08628,0.714481,0.556922,0.714481,0.975471,0.512369,0.70388,0.648495,420,127,0.0744916,-1,1,1,8,11
hk_pairs,1147,45,1,299,3.86278,1,5677,5930,0.00559902,0.232574,0.0371904,-0.349297,0.582728,1.05,1.06935,0.580601,0.407901,0.580601,0.993755,0.71364,0.432608,0.352363,420,127,0.0980797,1,1,1,0,10
hk_pairs,1148,45,1,69,1.97298,0,6992,4108,0.133078,-0.357527,-0.147857,-0.339954,0.281483,1.05,1.02418,0.84153,0.644467,0.84153,0.999276,0.425196,0.774475,0.701286,420,127,0.0788402,-1,1,1,11,9
hk_pairs,1149,45,1,224,5.95071,0,5733,10195,0.00331974,-0.348007,0.216139,-0.341412,0.212921,1.05,1.10967,0.769126,0.586635,0.769126,0.990224,0.371304,0.835608,0.791095,420,127,0.0736342,-1,1,1,10,11
hk_pairs,1150,45,1,224,3.27023,0,5733,9955,0.00331974,-0.348007,0.202683,-0.118843,0.30379,1.05,1.08645,0.644809,0.508083,0.644809,0.96823,0.518991,0.635381,0.56562,420,127,0.0801979,1,1,1,10,6
hk_pairs,1151,45,1,184,3.31095,0,6043,4116,0.048605,-0.316998,-0.129105,0.207911,0.554174,1.05,1.02968,0.573771,0.409608,0.573771,0.994117,0.696136,0.352978,0.254552,420,127,0.0764816,1,1,1,10,2
hk_pairs,1152,45,1,310,4.76777,0,5736,9955,0.0107288,0.154242,0.202683,-0.118843,0.333833,1.05,0.99932,0.327869,0.26776,0.327869,0.958454,0.519992,0.31248,0.241813,420,131,0.101618,1,1,1,0,6
hk_pairs,1153,45,1,126,5.51029,0,6357,5858,0.0781794,-0.235918,0.0263662,0.235632,0.474388,1.05,1.0523,0.531421,0.42771,0.534153,0.923063,0.668126,0.42794,0.358549,420,131,0.102117,1,1,1,8,0
hk_pairs,1154,45,1,197,3.57667,1,6470,3892,0.0838451,0.227665,-0.136424,-0.123369,0.41445,1.05,0.955808,0.659836,0.482924,0.670765,0.988595,0.564737,0.45957,0.379979,420,131,0.0822699,1,1,1,0,7
hk_pairs,1155,45,1,120,2.76861,0,6292,4108,0.0676842,0.00810242,-0.147857,-0.339954,0.409475,1.05,1.06153,0.54235,0.407559,0.546448,0.934739,0.590524,0.397393,0.31042,420,131,0.0828436,1,1,1,5,9
hk_pairs,1156,45,1,244,1.98736,1,4636,9955,-0.117997,-0.342522,0.202683,-0.118843,0.391012,1.05,1.0476,0.924863,0.667691,0.924863,0.995655,0.533322,0.739166,0.67696,420,131,0.0755382,-1,1,1,9,7
hk_pairs,1157,45,1,64,0.778393,1,3105,5930,-0.148814,0.158411,0.0371904,-0.349297,0.540708,1.05,1.12238,0.605191,0.442737,0.605191,0.961079,0.709513,0.389499,0.322311,420,131,0.107331,1,1,1,1,10
hk_pairs,1158,45,1,241,2.4167,1,3662,10964,-0.153935,-0.152021,0.284098,0.0404701,0.478462,1.05,1.04913,0.629781,0.504326,0.629781,0.955377,0.667637,0.515952,0.480629,420,131,0.0780334,1,1,1,6,4
hk_pairs,1159,45,1,115,4.63838,1,3069,5930,-0.143905,-0.0775318,0.0371904,-0.349297,0.326575,1.05,0.986901,0.612022,0.482013,0.612022,0.921343,0.488465,0.539919,0.474545,420,131,0.085738,1,1,1,6,10
hk_pairs,1160,45,1,91,4.6105,0,10121,5939,0.219951,0.0363712,0.0334406,0.0661564,0.188909,1.05,1.30451,0.437158,0.457195,0.527322,0.898624,0.356272,0.642041,0.576859,420,131,0.0908573,1,1,1,4,5
hk_pairs,1161,45,1,193,0.650263,0,8574,5930,0.170078,0.197699,0.0371904,-0.349297,0.562983,1.05,0.952788,0.403006,0.330032,0.40847,0.930576,0.690539,0.296661,0.24127,420,131,0.0965024,-1,1,1,2,10
hk_pairs,1162,45,1,84,4.60504,0,6511,5905,0.0878019,0.250875,0.030447,-0.17753,0.432313,1.05,1.13019,0.438525,0.371016,0.446721,0.954109,0.575614,0.382913,0.307829,420,131,0.10286,-1,1,1,0,8
hk_pairs,1163,45,1,155,1.15155,1,64,5930,-0.233828,0.0385914,0.0371904,-0.349297,0.473194,1.05,0.971839,0.430328,0.341075,0.431694,0.824041,0.640861,0.338696,0.244304,420,131,0.0973336,-1,1,1,3,10
hk_pairs,1164,45,1,153,0.879109,0,3537,9955,-0.146295,-0.111834,0.202683,-0.118843,0.349068,1.05,1.04676,0.612022,0.484631,0.627049,0.956825,0.493607,0.478501,0.438754,420,131,0.0813759,1,1,1,6,7
hk_pairs,1165,45,1,346,3.83403,0,6883,224,0.116501,-0.263332,-0.221721,0.0423927,0.455942,1.05,1.05956,0.710383,0.520378,0.713115,0.992035,0.638547,0.651979,0.586658,420,131,0.0832756,-1,1,1,11,3
hk_pairs,1166,45,1,175,3.1301,0,5584,5930,-0.00548744,0.10948,0.0371904,-0.349297,0.460855,1.05,0.983848,0.510929,0.3676,0.510929,0.955105,0.614962,0.451658,0.387364,420,131,0.093157,-1,1,1,5,10
hk_pairs,1167,45,1,299,4.5419,1,5677,5978,0.00559902,0.232574,0.036871,0.0694427,0.166102,1.05,0.912071,0.404372,0.365779,0.412568,0.945148,0.308333,0.560764,0.485779,420,131,0.0818405,-1,1,1,0,5
hk_pairs,1168,45,1,8,2.56679,1,9999,3682,0.200145,0.209965,-0.145237,-0.120049,0.4777,1.05,0.933034,0.370219,0.284381,0.370219,0.984703,0.656183,0.299732,0.237481,420,131,0.101794,-1,1,1,2,6
hk_pairs,1169,45,1,337,3.24238,0,3682,9841,-0.145237,-0.120049,0.197027,0.204229,0.471488,1.05,1.02405,0.729508,0.524249,0.729508,0.935735,0.672926,0.48901,0.41271,420,131,0.082496,1,1,1,6,2
hk_pairs,1170,45,1,186,5.29406,0,2504,10195,-0.170369,-0.154715,0.216139,-0.341412,0.429258,1.05,1.04796,0.896175,0.641166,0.896175,0.983164,0.607459,0.694131,0.650436,420,131,0.0792975,-1,1,1,6,11
hk_pairs,1171,45,1,287,5.03713,0,1051,10964,-0.206388,0.0350857,0.284098,0.0404701,0.491195,1.05,1.1109,0.778689,0.584244,0.778689,0.976195,0.648279,0.603185,0.554659,420,131,0.0920599,1,1,1,3,4
hk_pairs,1172,45,1,327,2.87874,1,9518,224,0.186737,-0.138107,-0.221721,0.0423927,0.446649,1.05,1.01599,0.607924,0.491234,0.613388,0.956553,0.616981,0.538507,0.473901,420,131,0.0755277,1,1,1,7,3
hk_pairs,1173,45,1,12,6.0405,0,5868,5930,0.0214767,-0.215532,0.0371904,-0.349297,0.134908,1.05,1.14503,0.556011,0.521744,0.56694,0.91908,0.365665,0.763518,0.697641,420,131,0.0716689,1,1,1,8,10
hk_pairs,1174,45,1,98,3.76049,0,5863,6053,0.0214481,-0.16329,0.0478668,0.239101,0.403365,1.05,1.05317,0.560109,0.417691,0.560109,0.969406,0.566767,0.377209,0.300254,420,131,0.0935742,-1,1,1,8,0
hk_pairs,1175,45,1,197,0.428244,0,6470,4116,0.0838451,0.227665,-0.129105,0.207911,0.213864,1.05,1.06529,0.340164,0.33026,0.345628,0.921162,0.342544,0.540704,0.46696,420,131,0.0866447,1,1,1,0,2
hk_pairs,1176,45,1,119,5.0364,0,6372,224,0.07411,-0.000778198,-0.221721,0.0423927,0.298964,1.05,0.946288,0.530055,0.42031,0.530055,0.975742,0.482705,0.527067,0.461408,420,131,0.0871991,1,1,1,5,3
hk_pairs,1177,45,1,72,0.406506,0,504,9841,-0.210823,0.0496616,0.197027,0.204229,0.436264,1.05,1.03207,0.662568,0.498292,0.662568,0.91908,0.560375,0.473162,0.392723,420,131,0.101111,-1,1,1,3,2
hk_pairs,1178,45,1,15,4.62954,0,2437,10964,-0.165091,-0.120352,0.284098,0.0404701,0.47711,1.05,1.02876,0.685792,0.529485,0.685792,0.936731,0.663359,0.548955,0.506485,420,131,0.0930553,-1,1,1,6,3
hk_pairs,1179,45,1,174,4.62394,1,9442,5858,0.233411,0.0544262,0.0263662,0.235632,0.276036,1.05,1.06649,0.486339,0.429873,0.495902,0.843863,0.400872,0.593354,0.526031,420,131,0.0943853,-1,1,1,4,0
hk_pairs,1180,45,1,39,4.70812,1,4259,9747,-0.13482,-0.326654,0.196574,0.196699,0.619459,1.05,0.996991,0.733607,0.539959,0.740437,0.957549,0.78942,0.585661,0.516953,420,131,0.0759533,-1,1,1,9,1
hk_pairs,1181,45,1,310,4.70472,1,5736,10964,0.0107288,0.154242,0.284098,0.0404701,0.296238,1.05,1.21043,0.576503,0.473247,0.59153,0.904327,0.503815,0.609147,0.558574,420,131,0.0725139,-1,1,1,0,4
hk_pairs,1182,45,1,162,2.04155,1,5545,9955,-0.00940895,0.172716,0.202683,-0.118843,0.360547,1.05,1.02346,0.409836,0.315688,0.409836,0.933925,0.553425,0.367135,0.301726,420,131,0.0970128,1,1,1,0,6
hk_pairs,1183,45,1,193,2.14666,0,8574,310,0.170078,0.197699,-0.219474,0.0443707,0.418641,1.05,0.976075,0.879781,0.614413,0.879781,0.995022,0.568574,0.609135,0.546478,420,131,0.0903131,1,1,1,2,4
hk_pairs,1184,45,1,310,4.00373,1,5736,10195,0.0107288,0.154242,0.216139,-0.341412,0.536531,1.05,1.10325,0.751366,0.535519,0.751366,0.982259,0.672675,0.479567,0.427719,420,131,0.0762517,-1,1,1,0,9
hk_pairs,1185,45,1,177,1.93936,1,6756,4108,0.104531,-0.171541,-0.147857,-0.339954,0.303418,1.05,1.08219,0.752732,0.569445,0.769126,0.993573,0.457171,0.72042,0.64963,420,131,0.0787852,1,1,1,8,9
hk_pairs,1186,45,1,132,0.915832,1,6771,5930,0.110125,-0.342058,0.0371904,-0.349297,0.0739789,1.05,1.01231,0.484973,0.477004,0.489071,0.937002,0.287727,0.911417,0.860225,420,131,0.0706987,1,1,1,11,10
hk_pairs,1187,45,1,31,1.47783,1,6472,3682,0.0860271,-0.329134,-0.145237,-0.120049,0.312057,1.05,0.979912,0.423497,0.370902,0.424863,0.916908,0.499817,0.534017,0.456432,420,131,0.0780499,-1,1,1,11,6
hk_pairs,1188,45,1,72,4.57015,1,504,9747,-0.210823,0.0496616,0.196574,0.196699,0.433159,1.05,1.09611,0.882514,0.620105,0.882514,0.999276,0.599684,0.554321,0.474733,420,131,0.095015,1,1,1,3,1
hk_pairs,1189,45,1,153,0.714508,0,3537,10964,-0.146295,-0.111834,0.284098,0.0404701,0.456546,1.05,1.10029,0.588798,0.463342,0.602459,0.971488,0.622069,0.531669,0.492647,420,131,0.0787266,-1,1,1,6,4
hk_pairs,1190,45,1,120,0.604204,1,6292,310,0.0676842,0.00810242,-0.219474,0.0443707,0.289441,1.05,1.04021,0.519126,0.411544,0.519126,0.936731,0.468929,0.520573,0.459888,420,131,0.109851,-1,1,1,5,4
hk_pairs,1191,45,1,90,1.31061,0,6647,3682,0.0964994,0.209301,-0.145237,-0.120049,0.408543,1.05,0.951991,0.698087,0.518443,0.70082,0.972303,0.547807,0.538626,0.452435,420,131,0.0814279,1,1,1,0,6
hk_pairs,1192,45,1,277,1.77284,0,2945,5930,-0.153891,0.22728,0.0371904,-0.349297,0.607414,1.05,1.10847,0.54235,0.384449,0.54235,0.975652,0.766516,0.269053,0.203641,420,131,0.0902822,-1,1,1,1,10
hk_pairs,1193,45,1,175,2.56326,1,5584,6021,-0.00548744,0.10948,0.0385189,-0.17988,0.292693,1.05,1.06179,0.486339,0.37352,0.486339,0.97529,0.445881,0.442973,0.374392,420,131,0.102221,1,1,1,5,8
hk_pairs,1194,45,1,84,2.22966,0,6511,3682,0.0878019,0.250875,-0.145237,-0.120049,0.43814,1.05,1.04608,0.763661,0.552596,0.763661,0.971398,0.580909,0.552974,0.477857,420,131,0.0786447,1,1,1,0,6
hk_pairs,1195,45,1,312,5.6854,0,2296,9955,-0.170065,0.173468,0.202683,-0.118843,0.473695,1.05,1.10017,0.711749,0.507628,0.711749,0.97719,0.666675,0.49398,0.440457,420,131,0.10475,1,1,1,1,7
hk_pairs,1196,45,1,27,5.91196,1,8788,4116,0.173862,-0.131302,-0.129105,0.207911,0.454895,1.05,1.11889,0.602459,0.4597,0.602459,0.946235,0.561983,0.449706,0.371424,420,131,0.0954684,-1,1,1,7,2
hk_pairs,1197,45,1,39,2.56641,0,4259,5978,-0.13482,-0.326654,0.036871,0.0694427,0.43176,1.05,1.07287,0.605191,0.453097,0.620219,0.981807,0.578575,0.527113,0.453096,420,131,0.0801897,-1,1,1,9,5
hk_pairs,1198,45,1,282,0.750289,1,5785,6021,0.0100203,-0.333939,0.0385189,-0.17988,0.156709,1.05,1.05031,0.510929,0.462887,0.527322,0.958092,0.332509,0.765928,0.699146,420,131,0.0739759,-1,1,1,10,8
hk_pairs,1199,45,1,220,4.06333,0,2899,9841,-0.152348,0.177713,0.197027,0.204229,0.350884,1.05,0.931212,0.419399,0.351093,0.430328,0.949855,0.50434,0.444095,0.35898,420,131,0.0945302,-1,1,1,1,2
hk_pairs,1200,45,1,115,3.8757,1,3069,10195,-0.143905,-0.0775318,0.216139,-0.341412,0.446491,1.05,1.04789,0.803279,0.596312,0.803279,0.957187,0.596909,0.651245,0.611324,420,131,0.0780312,-1,1,1,6,9
hk_pairs,1201,45,1,184,5.71636,1,6043,4229,0.048605,-0.316998,-0.12455,0.197117,0.542491,1.05,1.05785,0.556011,0.402778,0.556011,0.988686,0.671358,0.354557,0.268301,420,131,0.0812216,1,1,1,10,1
hk_pairs,1202,45,1,114,1.34737,0,5668,10195,0.00233459,0.0733776,0.216139,-0.341412,0.466746,1.05,1.04838,0.613388,0.490323,0.617486,0.888758,0.622731,0.497356,0.458615,420,131,0.0796081,-1,1,1,5,11
hk_pairs,1203,45,1,233,1.44233,1,5612,9747,-0.00146675,0.233496,0.196574,0.196699,0.201467,1.05,0.92699,0.532787,0.433402,0.532787,0.896633,0.309557,0.617289,0.535341,420,131,0.078749,-1,1,1,0,1
hk_pairs,1204,45,1,179,2.08507,0,10456,3892,0.233109,-0.0120106,-0.136424,-0.123369,0.385979,1.05,0.950041,0.54235,0.426002,0.547814,0.973117,0.524047,0.496162,0.418286,420,131,0.0847851,1,1,1,4,7
hk_pairs,1205,45,1,299,4.15297,1,5677,10195,0.00559902,0.232574,0.216139,-0.341412,0.611455,1.05,1.07534,0.569672,0.393215,0.569672,0.99819,0.744123,0.40926,0.361547,420,131,0.0885534,-1,1,1,0,11
hk_pairs,1206,45,1,227,5.11619,0,6895,3682,0.117936,0.22892,-0.145237,-0.120049,0.437154,1.05,0.934784,0.717213,0.526298,0.722678,0.994207,0.57766,0.520405,0.4524,420,131,0.0814582,-1,1,1,0,6
hk_pairs,1207,45,1,345,3.60591,0,9708,224,0.179444,0.202303,-0.221721,0.0423927,0.431862,1.05,1.02841,0.909836,0.642532,0.909836,0.994569,0.566989,0.604163,0.535995,420,131,0.0823096,-1,1,1,2,3
hk_pairs,1208,45,1,12,4.02392,0,5868,10964,0.0214767,-0.215532,0.284098,0.0404701,0.366834,1.05,1.02904,0.778689,0.593693,0.778689,0.97529,0.616774,0.718161,0.689282,420,131,0.0791733,1,1,1,8,4
hk_pairs,1209,45,1,277,6.16035,1,2945,6021,-0.153891,0.22728,0.0385189,-0.17988,0.450398,1.05,0.952379,0.714481,0.521858,0.714481,0.966691,0.627249,0.574775,0.485348,420,131,0.0846312,1,1,1,1,8
hk_pairs,1210,45,1,281,5.70342,0,5959,10964,0.0328846,-0.188906,0.284098,0.0404701,0.340282,1.05,1.05911,0.474044,0.387864,0.486339,0.955467,0.546085,0.328936,0.300626,420,131,0.0758578,-1,1,1,8,3
hk_pairs,1211,45,1,290,4.75864,1,4930,6021,-0.0828028,-0.344391,0.0385189,-0.17988,0.20455,1.05,1.14909,0.527322,0.449909,0.532787,0.9437,0.346724,0.733533,0.662673,420,131,0.0829152,-1,1,1,9,8
hk_pairs,1212,45,1,58,0.0608571,1,10095,5905,0.206334,-0.160353,0.030447,-0.17753,0.176735,1.05,1.08762,0.709016,0.571835,0.709016,0.976104,0.402206,0.783337,0.718267,420,131,0.0748264,-1,1,1,7,8
hk_pairs,1213,45,1,328,5.30396,0,145,5930,-0.231475,0.0557003,0.0371904,-0.349297,0.486075,1.05,0.967142,0.446721,0.349271,0.446721,0.857621,0.643564,0.324647,0.234501,420,131,0.0961688,-1,1,1,3,10
hk_pairs,1214,45,1,90,3.40828,1,6647,5930,0.0964994,0.209301,0.0371904,-0.349297,0.561737,1.05,1.05397,0.739071,0.51924,0.739071,0.967867,0.706448,0.539575,0.456635,420,131,0.0843596,1,1,1,0,10
hk_pairs,1215,45,1,184,4.72911,1,6043,4108,0.048605,-0.316998,-0.147857,-0.339954,0.197798,1.05,1.1688,0.76776,0.602118,0.76776,0.987056,0.43829,0.778871,0.705887,420,131,0.0729458,-1,1,1,10,11
hk_pairs,1216,45,1,119,4.72765,1,6372,4108,0.07411,-0.000778198,-0.147857,-0.339954,0.405351,1.05,1.01073,0.545082,0.405624,0.545082,0.869026,0.609706,0.398484,0.311956,420,139,0.0797926,1,1,1,5,11
hk_pairs,1217,45,1,286,5.2271,0,5732,9955,0.0032053,-0.347618,0.202683,-0.118843,0.303572,1.05,1.08808,0.629781,0.500455,0.629781,0.973932,0.48159,0.645263,0.576135,420,139,0.0801692,1,1,1,10,7
hk_pairs,1218,45,1,69,1.65924,1,6992,3892,0.133078,-0.357527,-0.136424,-0.123369,0.357052,1.05,1.09123,0.337432,0.34745,0.367486,0.878259,0.508351,0.520971,0.439129,420,139,0.0919779,1,1,1,11,7
hk_pairs,1219,45,1,155,2.40712,0,64,10964,-0.233828,0.0385914,0.284098,0.0404701,0.517933,1.05,1.05603,0.815574,0.596995,0.815574,0.975923,0.633955,0.643945,0.593377,420,139,0.0860607,-1,1,1,3,4
hk_pairs,1220,45,1,290,2.97509,1,4930,5930,-0.0828028,-0.344391,0.0371904,-0.349297,0.120093,1.05,0.918603,0.60929,0.530624,0.60929,0.967505,0.287796,0.860989,0.79214,420,139,0.0712581,-1,1,1,9,10
hk_pairs,1221,45,1,193,0.172368,0,8574,5939,0.170078,0.197699,0.0334406,0.0661564,0.189668,1.05,0.874148,0.491803,0.430897,0.497268,0.977371,0.370999,0.621994,0.554854,420,139,0.0931395,-1,1,1,2,5
hk_pairs,1222,45,1,7,1.65456,0,164,6053,-0.223902,0.0221577,0.0478668,0.239101,0.347743,1.05,0.956873,0.76776,0.566712,0.76776,0.952027,0.454046,0.626672,0.557909,420,139,0.0931688,1,1,1,3,0
hk_pairs,1223,45,1,54,5.73591,1,9937,5939,0.186937,0.220581,0.0334406,0.0661564,0.217905,1.05,1.1544,0.459016,0.427026,0.480874,0.915098,0.395334,0.620311,0.556692,420,139,0.102474,1,1,1,2,5
hk_pairs,1224,45,1,233,0.463335,1,5612,10195,-0.00146675,0.233496,0.216139,-0.341412,0.614785,1.05,1.05542,0.829235,0.579918,0.829235,0.998371,0.783517,0.457894,0.405629,420,139,0.0794469,-1,1,1,0,9
hk_pairs,1225,45,1,328,1.39906,0,145,5930,-0.231475,0.0557003,0.0371904,-0.349297,0.486075,1.05,1.09234,0.386612,0.307149,0.398907,0.917994,0.644741,0.306273,0.234226,420,139,0.0909954,-1,1,1,3,10
hk_pairs,1226,45,1,120,0.573578,1,6292,310,0.0676842,0.00810242,-0.219474,0.0443707,0.289441,1.05,1.0438,0.523224,0.414048,0.523224,0.942886,0.489816,0.522379,0.461696,420,139,0.0891998,-1,1,1,5,4
hk_pairs,1227,45,1,329,1.11596,0,6120,310,0.0509748,0.0237045,-0.219474,0.0443707,0.271238,1.05,0.959142,0.48224,0.392304,0.48224,0.9208,0.42917,0.520252,0.459274,420,139,0.0863562,1,1,1,5,4
hk_pairs,1228,45,1,39,4.88726,0,4259,6021,-0.13482,-0.326654,0.0385189,-0.17988,0.227134,1.05,1.11319,0.415301,0.430669,0.464481,0.919714,0.41817,0.720589,0.65325,420,139,0.0884153,-1,1,1,9,8
hk_pairs,1229,45,1,12,1.86395,0,5868,5930,0.0214767,-0.215532,0.0371904,-0.349297,0.134908,1.05,1.14389,0.571038,0.53347,0.595628,0.947049,0.352092,0.764541,0.698626,420,139,0.0706235,-1,1,1,8,10
hk_pairs,1230,45,1,15,1.77498,0,2437,10964,-0.165091,-0.120352,0.284098,0.0404701,0.47711,1.05,1.03646,0.637978,0.502049,0.639344,0.977643,0.622199,0.520892,0.478474,420,139,0.0822675,1,1,1,6,3
hk_pairs,1231,45,1,98,6.27248,1,5863,10964,0.0214481,-0.16329,0.284098,0.0404701,0.33255,1.05,1.07975,0.661202,0.55214,0.663934,0.978729,0.525617,0.674049,0.645634,420,139,0.0722467,1,1,1,8,3
hk_pairs,1232,45,1,281,1.56287,1,5959,9955,0.0328846,-0.188906,0.202683,-0.118843,0.183731,1.05,1.0827,0.530055,0.519126,0.579235,0.949765,0.342541,0.757296,0.690548,420,139,0.0776241,-1,1,1,8,6
hk_pairs,1233,45,1,44,6.08662,0,5645,9955,-0.00140858,-0.144583,0.202683,-0.118843,0.205755,1.05,1.14225,0.581967,0.501252,0.581967,0.949946,0.453133,0.649074,0.604091,420,139,0.0761342,1,1,1,8,7
hk_pairs,1234,45,1,268,1.47296,0,5413,10195,-0.0280609,-0.205898,0.216139,-0.341412,0.279288,1.05,1.07191,0.75,0.588798,0.759563,0.953838,0.455119,0.667365,0.625708,420,139,0.0872834,-1,1,1,8,9
hk_pairs,1235,45,1,265,1.3568,0,9994,4116,0.247507,0.00558472,-0.129105,0.207911,0.427548,1.05,1.16262,0.423497,0.336749,0.423497,0.919533,0.571225,0.379164,0.303457,420,139,0.0820896,1,1,1,4,2
hk_pairs,1236,45,1,222,1.38247,1,3934,6053,-0.151329,-0.294903,0.0478668,0.239101,0.569957,1.05,1.02503,0.699454,0.492145,0.699454,0.979272,0.710311,0.431138,0.366962,420,139,0.0846745,1,1,1,9,0
hk_pairs,1237,45,1,337,2.16001,0,3682,10964,-0.145237,-0.120049,0.284098,0.0404701,0.458361,1.05,1.10789,0.586066,0.462204,0.610656,0.967958,0.629996,0.524392,0.485845,420,139,0.0766132,1,1,1,6,4
hk_pairs,1238,45,1,202,5.34842,1,144,10964,-0.231685,0.0509739,0.284098,0.0404701,0.515974,1.05,1.02283,0.875683,0.630009,0.875683,0.988686,0.639928,0.631978,0.584013,420,139,0.0885207,1,1,1,3,4
hk_pairs,1239,45,1,39,4.17529,0,4259,10964,-0.13482,-0.326654,0.284098,0.0404701,0.557062,1.05,1.05054,0.693989,0.561817,0.693989,0.980449,0.691487,0.682182,0.651127,420,139,0.0728368,-1,1,1,9,4
hk_pairs,1240,45,1,3,2.78647,1,6806,5930,0.10325,0.0450993,0.0371904,-0.349297,0.400402,1.05,1.08704,0.64071,0.480077,0.64071,0.977824,0.561659,0.543676,0.49157,420,139,0.0974544,-1,1,1,5,10
hk_pairs,1241,45,1,155,0.514294,1,64,9955,-0.233828,0.0385914,0.202683,-0.118843,0.464039,1.05,1.12028,0.64071,0.477345,0.64071,0.923787,0.607858,0.453133,0.402236,420,139,0.0847479,1,1,1,3,6
hk_pairs,1242,45,1,91,3.5661,1,10121,4116,0.219951,0.0363712,-0.129105,0.207911,0.38896,1.05,1.07248,0.85929,0.602459,0.85929,0.994479,0.528876,0.592386,0.509265,420,139,0.089408,1,1,1,4,2
hk_pairs,1243,45,1,119,5.46298,1,6372,5930,0.07411,-0.000778198,0.0371904,-0.349297,0.350468,1.05,1.04641,0.670765,0.512978,0.693989,0.984975,0.54043,0.603286,0.541851,420,139,0.0947227,1,1,1,5,10
hk_pairs,1244,45,1,244,4.05121,0,4636,9955,-0.117997,-0.342522,0.202683,-0.118843,0.391012,1.05,1.0573,0.927596,0.665984,0.927596,0.993483,0.544459,0.749237,0.676602,420,139,0.074972,1,1,1,9,6
hk_pairs,1245,45,1,161,5.394,1,2296,10195,-0.170065,0.173468,0.216139,-0.341412,0.643645,1.05,1.10275,0.669399,0.49852,0.669399,0.964428,0.806572,0.53668,0.496914,420,139,0.086676,1,1,1,1,9
hk_pairs,1246,45,1,319,0.958392,1,6265,5905,0.0644598,0.127008,0.030447,-0.17753,0.306432,1.05,1.18704,0.530055,0.407559,0.530055,0.95067,0.494516,0.458663,0.385484,420,139,0.0967222,1,1,1,5,8
hk_pairs,1247,45,1,241,0.624826,0,3662,10964,-0.153935,-0.152021,0.284098,0.0404701,0.478462,1.05,1.05711,0.628415,0.504668,0.628415,0.952118,0.659533,0.514341,0.479016,420,139,0.0777825,1,1,1,6,3
hk_pairs,1248,45,1,319,4.46949,0,6265,5858,0.0644598,0.127008,0.0263662,0.235632,0.115109,1.05,0.976056,0.459016,0.39663,0.459016,0.965786,0.258148,0.616404,0.566593,420,139,0.0761458,1,1,1,5,0
hk_pairs,1249,45,1,39,3.85907,0,4259,5930,-0.13482,-0.326654,0.0371904,-0.349297,0.173626,1.05,1.01123,0.61612,0.509904,0.61612,0.977915,0.330365,0.859526,0.78891,420,139,0.0733691,-1,1,1,9,10
hk_pairs,1250,45,1,289,1.0238,0,10063,3892,0.254643,0.00918388,-0.136424,-0.123369,0.412922,1.05,0.96271,0.539617,0.441029,0.54235,0.977281,0.516701,0.494448,0.415588,420,139,0.0799473,1,1,1,4,7
hk_pairs,1251,45,1,106,3.2152,1,8738,5930,0.188034,0.180145,0.0371904,-0.349297,0.5506,1.05,1.09221,0.715847,0.516052,0.718579,0.985608,0.701803,0.557757,0.500966,420,139,0.105934,-1,1,1,2,10
hk_pairs,1252,45,1,82,1.8916,0,9822,4229,0.200569,-0.095808,-0.12455,0.197117,0.43762,1.05,1.17316,0.65847,0.515369,0.661202,0.960626,0.529826,0.528893,0.452563,420,139,0.0845661,-1,1,1,7,1
hk_pairs,1253,45,1,44,0.848282,1,5645,9841,-0.00140858,-0.144583,0.197027,0.204229,0.401306,1.05,1.04581,0.508197,0.381034,0.508197,0.963523,0.566802,0.370713,0.303988,420,139,0.0933626,-1,1,1,8,2
hk_pairs,1254,45,1,64,4.29592,1,3105,9955,-0.148814,0.158411,0.202683,-0.118843,0.447705,1.05,1.09662,0.655738,0.499772,0.655738,0.946144,0.567627,0.486648,0.436334,420,139,0.0906287,-1,1,1,1,7
hk_pairs,1255,45,1,84,5.00574,1,6511,5930,0.0878019,0.250875,0.0371904,-0.349297,0.602364,1.05,1.11422,0.464481,0.347222,0.464481,0.930576,0.749952,0.32817,0.262031,420,139,0.0980895,-1,1,1,0,10
hk_pairs,1256,45,1,143,5.05584,0,4100,9955,-0.141575,-0.163162,0.202683,-0.118843,0.347212,1.05,1.06736,0.678962,0.511498,0.678962,0.980449,0.581981,0.52634,0.481849,420,139,0.0767562,-1,1,1,6,7
hk_pairs,1257,45,1,235,3.72289,1,2606,10964,-0.156796,0.191725,0.284098,0.0404701,0.466118,1.05,0.904933,0.577869,0.448201,0.577869,0.965062,0.627037,0.455988,0.401785,420,139,0.0875518,-1,1,1,1,3
hk_pairs,1258,45,1,149,3.18951,0,2641,5930,-0.166611,0.194302,0.0371904,-0.349297,0.580757,1.05,1.11185,0.516393,0.371129,0.516393,0.964247,0.791437,0.266528,0.199368,420,139,0.0902859,1,1,1,1,10
hk_pairs,1259,45,1,3,0.765039,1,6806,310,0.10325,0.0450993,-0.219474,0.0443707,0.32291,1.05,0.922767,0.54918,0.441485,0.54918,0.937726,0.432722,0.586195,0.521428,420,139,0.0905452,-1,1,1,5,4
hk_pairs,1260,45,1,197,5.51834,1,6470,5930,0.0838451,0.227665,0.0371904,-0.349297,0.578845,1.05,1.10328,0.693989,0.481785,0.693989,0.966057,0.718335,0.487745,0.416211,420,139,0.0863308,1,1,1,0,10
hk_pairs,1261,45,1,161,1.53091,1,2296,10195,-0.170065,0.173468,0.216139,-0.341412,0.643645,1.05,1.11361,0.680328,0.490665,0.680328,0.983436,0.786783,0.533829,0.49657,420,139,0.0829752,-1,1,1,1,11
hk_pairs,1262,45,1,174,4.04136,0,9442,4108,0.233411,0.0544262,-0.147857,-0.339954,0.548994,1.05,1.00903,0.846995,0.601434,0.848361,0.956372,0.7315,0.657817,0.594398,420,139,0.085466,1,1,1,4,11
hk_pairs,1263,45,1,231,2.53966,1,6617,5905,0.0955315,-0.347029,0.030447,-0.17753,0.182667,1.05,1.14619,0.465847,0.462318,0.47541,0.944062,0.331978,0.803336,0.73423,420,139,0.077922,1,1,1,11,8
hk_pairs,1264,45,1,287,5.73507,0,1051,6053,-0.206388,0.0350857,0.0478668,0.239101,0.327012,1.05,1.05238,0.459016,0.405282,0.461749,0.85382,0.458509,0.493102,0.424945,420,139,0.0940762,-1,1,1,3,0
hk_pairs,1265,45,1,337,1.57112,1,3682,5930,-0.145237,-0.120049,0.0371904,-0.349297,0.292975,1.05,1.00912,0.856557,0.644923,0.86612,0.984341,0.437176,0.786139,0.713902,420,139,0.077777,-1,1,1,6,10
hk_pairs,1266,45,1,327,2.51164,1,9518,4229,0.186737,-0.138107,-0.12455,0.197117,0.45755,1.05,1.03756,0.773224,0.54087,0.773224,0.999276,0.60903,0.530676,0.451421,420,139,0.0786005,1,1,1,7,1
hk_pairs,1267,45,1,265,3.17035,0,9994,4108,0.247507,0.00558472,-0.147857,-0.339954,0.525105,1.05,1.00612,0.460383,0.353142,0.463115,0.855902,0.702106,0.29315,0.224743,420,139,0.0856094,1,1,1,4,11
hk_pairs,1268,45,1,193,2.70066,0,8574,3892,0.170078,0.197699,-0.136424,-0.123369,0.4439,1.05,0.965624,0.515027,0.392418,0.516393,0.95782,0.607146,0.449826,0.373373,420,139,0.0826213,1,1,1,2,7
hk_pairs,1269,45,1,103,0.964561,0,7750,4116,0.152654,-0.326788,-0.129105,0.207911,0.604442,1.05,1.05449,0.61612,0.441598,0.61612,0.916908,0.727183,0.405927,0.327703,420,139,0.0746428,1,1,1,11,2
hk_pairs,1270,45,1,162,4.2661,0,5545,5978,-0.00940895,0.172716,0.036871,0.0694427,0.113345,1.05,1.05312,0.400273,0.405169,0.448087,0.813903,0.268942,0.569858,0.504111,420,139,0.0749696,-1,1,1,0,5
hk_pairs,1271,45,1,312,2.57741,1,2296,6053,-0.170065,0.173468,0.0478668,0.239101,0.227645,1.05,0.995855,0.709016,0.532673,0.709016,0.941256,0.441406,0.655273,0.587441,420,139,0.117879,-1,1,1,1,0
hk_pairs,1272,45,1,346,4.37373,0,6883,5930,0.116501,-0.263332,0.0371904,-0.349297,0.117053,1.05,0.881197,0.685792,0.575706,0.685792,0.94198,0.270977,0.906401,0.849558,420,139,0.0732068,1,1,1,11,10
hk_pairs,1273,45,1,44,5.57533,0,5645,6053,-0.00140858,-0.144583,0.0478668,0.239101,0.386835,1.05,1.01751,0.545082,0.401298,0.545082,0.971216,0.543711,0.361731,0.288953,420,139,0.0948989,-1,1,1,8,0
hk_pairs,1274,45,1,172,2.15471,0,9878,3682,0.195704,-0.145012,-0.145237,-0.120049,0.341973,1.05,1.08666,0.668033,0.496926,0.668033,0.978548,0.543491,0.531646,0.458591,420,139,0.077372,-1,1,1,7,6
hk_pairs,1275,45,1,268,4.91181,0,5413,9841,-0.0280609,-0.205898,0.197027,0.204229,0.467893,1.05,1.09717,0.513661,0.378871,0.513661,0.977915,0.663847,0.355544,0.29071,420,139,0.0800024,-1,1,1,8,2
hk_pairs,1276,45,1,162,5.29044,1,5545,9747,-0.00940895,0.172716,0.196574,0.196699,0.20739,1.05,1.21213,0.59153,0.463684,0.59153,0.983889,0.346088,0.631535,0.550724,420,139,0.083205,1,1,1,0,1
hk_pairs,1277,45,1,286,1.61928,1,5732,9747,0.0032053,-0.347618,0.196574,0.196699,0.577672,1.05,1.06785,0.416667,0.316598,0.428962,0.942795,0.729721,0.239644,0.175099,420,139,0.0957007,-1,1,1,10,1
hk_pairs,1278,45,1,287,2.36418,0,1051,10195,-0.206388,0.0350857,0.216139,-0.341412,0.566169,1.05,1.06563,0.818306,0.588229,0.818306,0.934558,0.744665,0.627736,0.580718,420,139,0.0842779,-1,1,1,3,9
hk_pairs,1279,45,1,277,5.48135,0,2945,6021,-0.153891,0.22728,0.0385189,-0.17988,0.450398,1.05,1.19019,0.693989,0.51924,0.693989,0.963794,0.590155,0.543468,0.476607,420,139,0.0845201,1,1,1,1,8
hk_pairs,1280,45,1,346,1.69869,0,6883,4229,0.116501,-0.263332,-0.12455,0.197117,0.51975,1.05,0.999252,0.613388,0.440346,0.613388,0.98769,0.693577,0.406478,0.334012,420,134,0.0827918,-1,1,1,11,1
hk_pairs,1281,45,1,346,4.83063,1,6883,4116,0.116501,-0.263332,-0.129105,0.207911,0.531426,1.05,1.11352,0.65847,0.464367,0.65847,0.995927,0.685571,0.406298,0.33129,420,134,0.080918,-1,1,1,11,2
hk_pairs,1282,45,1,290,0.879793,0,4930,9955,-0.0828028,-0.344391,0.202683,-0.118843,0.363859,1.05,1.05337,0.915301,0.65551,0.915301,0.988595,0.505201,0.763429,0.693857,420,134,0.0775993,-1,1,1,9,7
hk_pairs,1283,45,1,220,3.6356,1,2899,5930,-0.152348,0.177713,0.0371904,-0.349297,0.560372,1.05,1.16104,0.476776,0.344262,0.480874,0.958273,0.784862,0.269135,0.193103,420,134,0.100635,-1,1,1,1,10
hk_pairs,1284,45,1,149,0.0671932,0,2641,10195,-0.166611,0.194302,0.216139,-0.341412,0.658425,1.05,1.11109,0.673497,0.516394,0.67623,0.97538,0.780914,0.536774,0.496746,420,134,0.0803539,-1,1,1,1,9
hk_pairs,1285,45,1,277,3.55952,1,2945,10195,-0.153891,0.22728,0.216139,-0.341412,0.678544,1.05,0.985674,0.744536,0.526412,0.744536,0.988595,0.805658,0.524205,0.473411,420,134,0.0772066,-1,1,1,1,9
hk_pairs,1286,45,1,331,3.30408,0,6022,4108,0.0380592,-0.34828,-0.147857,-0.339954,0.186356,1.05,0.978884,0.688525,0.557263,0.688525,0.988233,0.345215,0.80608,0.732482,420,134,0.0785798,1,1,1,10,9
hk_pairs,1287,45,1,10,3.39383,1,6119,4108,0.0508642,-0.333344,-0.147857,-0.339954,0.19891,1.05,1.13207,0.743169,0.573429,0.743169,0.996017,0.383492,0.777794,0.704828,420,134,0.0887995,1,1,1,10,9
hk_pairs,1288,45,1,149,5.18188,1,2641,10964,-0.166611,0.194302,0.284098,0.0404701,0.476494,1.05,1.0263,0.954918,0.667122,0.954918,0.996108,0.624736,0.651663,0.594444,420,134,0.0790717,-1,1,1,1,4
hk_pairs,1289,45,1,103,4.53898,1,7750,5858,0.152654,-0.326788,0.0263662,0.235632,0.576476,1.05,1.03467,0.624317,0.462887,0.628415,0.979725,0.720216,0.461753,0.396163,420,134,0.0992753,-1,1,1,11,0
hk_pairs,1290,45,1,329,4.88831,1,6120,5930,0.0509748,0.0237045,0.0371904,-0.349297,0.373352,1.05,1.10456,0.45765,0.350979,0.45765,0.840243,0.522977,0.409342,0.343042,420,134,0.107298,1,1,1,5,10
hk_pairs,1291,45,1,12,5.59752,1,5868,9747,0.0214767,-0.215532,0.196574,0.196699,0.447895,1.05,1.02181,0.546448,0.399932,0.546448,0.923968,0.627618,0.344446,0.275324,420,134,0.0882104,1,1,1,8,1
hk_pairs,1292,45,1,103,3.10503,1,7750,5858,0.152654,-0.326788,0.0263662,0.235632,0.576476,1.05,1.07253,0.612022,0.455715,0.612022,0.964518,0.772491,0.462091,0.3953,420,134,0.0924806,1,1,1,11,0
hk_pairs,1293,45,1,24,4.43293,1,2921,9747,-0.174654,-0.295691,0.196574,0.196699,0.616662,1.05,1.03,0.714481,0.520947,0.719945,0.97004,0.784341,0.580923,0.509668,420,134,0.0783804,1,1,1,9,1
hk_pairs,1294,45,1,78,4.38325,0,324,9841,-0.22358,0.0506763,0.197027,0.204229,0.448049,1.05,1.10951,0.685792,0.49112,0.685792,0.941709,0.622477,0.490666,0.411106,420,134,0.100438,1,1,1,3,2
hk_pairs,1295,45,1,312,5.85004,0,2296,10964,-0.170065,0.173468,0.284098,0.0404701,0.473257,1.05,1.05343,0.923497,0.65699,0.923497,0.992035,0.620507,0.653182,0.602815,420,134,0.0977703,-1,1,1,1,3
hk_pairs,1296,45,1,215,3.35078,1,507,10964,-0.208078,0.0250587,0.284098,0.0404701,0.492505,1.05,1.11568,0.84153,0.61373,0.84153,0.978367,0.66814,0.620975,0.573644,420,134,0.10219,1,1,1,3,4
hk_pairs,1297,45,1,331,0.595041,1,6022,224,0.0380592,-0.34828,-0.221721,0.0423927,0.46926,1.05,1.06705,0.45765,0.379098,0.467213,0.965967,0.582817,0.391862,0.332627,420,134,0.0840648,-1,1,1,10,3
hk_pairs,1298,45,1,69,1.47057,0,6992,4108,0.133078,-0.357527,-0.147857,-0.339954,0.281483,1.05,1.05587,0.845628,0.641507,0.845628,0.996289,0.408672,0.777778,0.704274,420,134,0.0791,-1,1,1,11,9
hk_pairs,1299,45,1,90,5.54689,0,6647,310,0.0964994,0.209301,-0.219474,0.0443707,0.35655,1.05,1.02662,0.618852,0.450137,0.618852,0.957277,0.502129,0.518544,0.446459,420,134,0.0806335,-1,1,1,0,4
hk_pairs,1300,45,1,90,1.57952,1,6647,3682,0.0964994,0.209301,-0.145237,-0.120049,0.408543,1.05,0.946244,0.693989,0.516393,0.709016,0.991401,0.554893,0.525593,0.450261,420,134,0.0790362,1,1,1,0,6
hk_pairs,1301,45,1,8,4.96632,1,9999,5930,0.200145,0.209965,0.0371904,-0.349297,0.582518,1.05,1.14617,0.36612,0.289845,0.36612,0.978458,0.767613,0.283401,0.214799,420,134,0.10474,-1,1,1,2,10
hk_pairs,1302,45,1,174,4.65866,1,9442,5939,0.233411,0.0544262,0.0334406,0.0661564,0.200777,1.05,1.21532,0.535519,0.457764,0.551913,0.905051,0.479652,0.638496,0.570706,420,134,0.0925793,1,1,1,4,5
hk_pairs,1303,45,1,286,1.07128,0,5732,9955,0.0032053,-0.347618,0.202683,-0.118843,0.303572,1.05,1.0816,0.651639,0.502732,0.651639,0.986332,0.490351,0.639711,0.566128,420,134,0.0830203,1,1,1,10,7
hk_pairs,1304,45,1,115,5.33081,1,3069,6053,-0.143905,-0.0775318,0.0478668,0.239101,0.37018,1.05,1.09221,0.782787,0.56398,0.782787,0.987509,0.564121,0.551616,0.49778,420,134,0.091577,-1,1,1,6,0
hk_pairs,1305,45,1,235,1.15816,1,2606,5930,-0.156796,0.191725,0.0371904,-0.349297,0.574748,1.05,1.16153,0.501366,0.363388,0.505465,0.969316,0.782943,0.273033,0.198469,420,134,0.0947066,-1,1,1,1,10
hk_pairs,1306,45,1,10,5.7013,0,6119,3682,0.0508642,-0.333344,-0.145237,-0.120049,0.289798,1.05,0.991808,0.748634,0.554645,0.748634,0.973117,0.488167,0.744861,0.672857,420,134,0.0772081,-1,1,1,10,6
hk_pairs,1307,45,1,106,4.85932,0,8738,4108,0.188034,0.180145,-0.147857,-0.339954,0.619213,1.05,1.08628,0.603825,0.421903,0.603825,0.896542,0.802671,0.410182,0.299821,420,134,0.0922678,1,1,1,2,9
hk_pairs,1308,45,1,338,5.60276,0,8247,5905,0.16576,-0.127426,0.030447,-0.17753,0.144553,1.05,1.01192,0.603825,0.53199,0.61612,0.971307,0.354519,0.774129,0.705472,420,134,0.0779581,1,1,1,7,8
hk_pairs,1309,45,1,106,5.87059,1,8738,310,0.188034,0.180145,-0.219474,0.0443707,0.429532,1.05,0.983567,0.471312,0.354394,0.471312,0.948316,0.587563,0.394751,0.324712,420,134,0.0946471,-1,1,1,2,4
hk_pairs,1310,45,1,161,3.61749,0,2296,10195,-0.170065,0.173468,0.216139,-0.341412,0.643645,1.05,1.08462,0.665301,0.507058,0.665301,0.956101,0.794119,0.550026,0.497777,420,134,0.0799554,1,1,1,1,9
hk_pairs,1311,45,1,155,4.04802,0,64,9747,-0.233828,0.0385914,0.196574,0.196699,0.458526,1.05,1.13016,0.400273,0.309882,0.400273,0.928494,0.606577,0.288434,0.208014,420,134,0.0843513,-1,1,1,3,1
hk_pairs,1312,45,1,115,5.36944,0,3069,10964,-0.143905,-0.0775318,0.284098,0.0404701,0.443971,1.05,1.0366,0.631148,0.5074,0.631148,0.944605,0.63236,0.54472,0.506217,420,134,0.079624,-1,1,1,6,3
hk_pairs,1313,45,1,268,2.80108,0,5413,6053,-0.0280609,-0.205898,0.0478668,0.239101,0.451492,1.05,1.10222,0.590164,0.423839,0.590164,0.966329,0.649745,0.358503,0.279572,420,134,0.0896405,1,1,1,8,0
hk_pairs,1314,45,1,290,1.11356,1,4930,6053,-0.0828028,-0.344391,0.0478668,0.239101,0.597945,1.05,1.01733,0.418033,0.322974,0.418033,0.962799,0.751262,0.374467,0.298381,420,134,0.0935909,1,1,1,9,0
hk_pairs,1315,45,1,82,0.683145,0,9822,5905,0.200569,-0.095808,0.030447,-0.17753,0.188742,1.05,1.07151,0.651639,0.578552,0.669399,0.921615,0.412307,0.773799,0.704037,420,134,0.0748833,-1,1,1,7,8
hk_pairs,1316,45,1,84,2.42021,1,6511,5939,0.0878019,0.250875,0.0334406,0.0661564,0.192552,1.05,1.36207,0.439891,0.403575,0.441257,0.914193,0.351833,0.616014,0.542534,420,134,0.088899,1,1,1,0,5
hk_pairs,1317,45,1,319,1.2193,0,6265,4116,0.0644598,0.127008,-0.129105,0.207911,0.209791,1.05,0.875291,0.469945,0.384335,0.469945,0.900163,0.342087,0.50098,0.425899,420,134,0.0876997,-1,1,1,5,2
hk_pairs,1318,45,1,64,4.40731,0,3105,9955,-0.148814,0.158411,0.202683,-0.118843,0.447705,1.05,1.0513,0.674863,0.505351,0.689891,0.941528,0.580705,0.4861,0.432248,420,134,0.0942719,-1,1,1,1,7
hk_pairs,1319,45,1,119,5.49541,0,6372,4108,0.07411,-0.000778198,-0.147857,-0.339954,0.405351,1.05,0.936692,0.562842,0.438752,0.562842,0.921434,0.576887,0.45236,0.312024,420,134,0.0887118,1,1,1,5,11
hk_pairs,1320,45,1,177,0.436627,1,6756,4116,0.104531,-0.171541,-0.129105,0.207911,0.445611,1.05,1.11017,0.68306,0.480533,0.68306,0.992125,0.631706,0.453121,0.375907,420,134,0.0810685,-1,1,1,8,2
hk_pairs,1321,45,1,87,1.56181,1,10428,4108,0.212633,0.0399647,-0.147857,-0.339954,0.523728,1.05,0.988675,0.790984,0.581284,0.803279,0.975652,0.617439,0.668517,0.602659,420,134,0.0858036,1,1,1,4,11
hk_pairs,1322,45,1,153,4.69626,0,3537,6053,-0.146295,-0.111834,0.0478668,0.239101,0.401067,1.05,1.04591,0.747268,0.548042,0.747268,0.984251,0.610186,0.469722,0.415003,420,134,0.0915546,1,1,1,6,0
hk_pairs,1323,45,1,197,6.19826,1,6470,5905,0.0838451,0.227665,0.030447,-0.17753,0.408699,1.05,1.11626,0.498634,0.397427,0.498634,0.915912,0.533345,0.386109,0.303979,420,134,0.0996113,1,1,1,0,8
hk_pairs,1324,45,1,98,0.555077,1,5863,5978,0.0214481,-0.16329,0.036871,0.0694427,0.233429,1.05,0.992639,0.478142,0.422017,0.478142,0.885047,0.440434,0.529234,0.457329,420,134,0.0945916,1,1,1,8,5
hk_pairs,1325,45,1,267,3.60798,1,6716,4229,0.111661,-0.328478,-0.12455,0.197117,0.576234,1.05,1.08244,0.572404,0.423839,0.572404,0.977824,0.681982,0.363039,0.291924,420,134,0.077601,1,1,1,11,1
hk_pairs,1326,45,1,345,4.49415,1,9708,224,0.179444,0.202303,-0.221721,0.0423927,0.431862,1.05,0.958689,0.752732,0.552596,0.752732,0.953476,0.573807,0.559431,0.496223,420,134,0.0879663,1,1,1,2,3
hk_pairs,1327,45,1,220,3.93952,0,2899,5930,-0.152348,0.177713,0.0371904,-0.349297,0.560372,1.05,0.98003,0.442623,0.317623,0.442623,0.929399,0.725743,0.264737,0.206199,420,134,0.0980349,-1,1,1,1,10
hk_pairs,1328,45,1,268,5.63635,0,5413,6053,-0.0280609,-0.205898,0.0478668,0.239101,0.451492,1.05,1.10555,0.587432,0.426116,0.587432,0.937545,0.655599,0.361564,0.281668,420,134,0.0912156,-1,1,1,8,0
hk_pairs,1329,45,1,346,2.98273,1,6883,3892,0.116501,-0.263332,-0.136424,-0.123369,0.289069,1.05,1.12335,0.349727,0.339367,0.36612,0.904236,0.435887,0.542112,0.467355,420,134,0.0856626,-1,1,1,11,7
hk_pairs,1330,45,1,54,4.38205,1,9937,310,0.186937,0.220581,-0.219474,0.0443707,0.443066,1.05,0.96989,0.677596,0.512067,0.677596,0.96307,0.576371,0.564361,0.488213,420,134,0.0848129,1,1,1,2,4
hk_pairs,1331,45,1,206,0.16562,1,8980,4108,0.221174,0.0692406,-0.147857,-0.339954,0.551503,1.05,1.05283,0.862022,0.60485,0.862022,0.969768,0.754125,0.658321,0.592616,420,134,0.0873055,-1,1,1,4,9
hk_pairs,1332,45,1,290,1.65929,0,4930,9747,-0.0828028,-0.344391,0.196574,0.196699,0.60897,1.05,1.05253,0.506831,0.373634,0.506831,0.91727,0.719195,0.311206,0.235646,420,134,0.0836995,1,1,1,9,1
hk_pairs,1333,45,1,202,2.79755,1,144,9841,-0.231685,0.0509739,0.197027,0.204229,0.455378,1.05,0.985121,0.56694,0.429417,0.56694,0.915188,0.58548,0.404693,0.325791,420,134,0.100566,-1,1,1,3,2
hk_pairs,1334,45,1,277,2.13334,1,2945,6053,-0.153891,0.22728,0.0478668,0.239101,0.202103,1.05,1.01501,0.553279,0.434312,0.553279,0.965605,0.334579,0.647332,0.575189,420,134,0.0756257,-1,1,1,1,0
hk_pairs,1335,45,1,39,4.5053,0,4259,10195,-0.13482,-0.326654,0.216139,-0.341412,0.351279,1.05,1.05533,0.698087,0.539276,0.698087,0.933291,0.485028,0.639428,0.5838,420,134,0.0737084,-1,1,1,9,11
hk_pairs,1336,45,1,78,2.0948,0,324,9955,-0.22358,0.0506763,0.202683,-0.118843,0.458885,1.05,1.16127,0.646175,0.485997,0.646175,0.94017,0.607225,0.451352,0.400414,420,134,0.0912996,-1,1,1,3,7
hk_pairs,1337,45,1,184,0.426004,0,6043,4108,0.048605,-0.316998,-0.147857,-0.339954,0.197798,1.05,0.865808,0.773224,0.579804,0.780055,0.99475,0.393764,0.77983,0.706839,420,134,0.0735117,-1,1,1,10,11
hk_pairs,1338,45,1,161,2.5834,1,2296,10195,-0.170065,0.173468,0.216139,-0.341412,0.643645,1.05,1.0888,0.659836,0.51184,0.662568,0.960536,0.797619,0.541098,0.495506,420,134,0.0821335,-1,1,1,1,11
hk_pairs,1339,45,1,46,1.05257,1,9358,4108,0.230137,0.0901203,-0.147857,-0.339954,0.573028,1.05,0.986751,0.773224,0.56398,0.789618,0.973117,0.68047,0.63835,0.57481,420,134,0.0927097,1,1,1,4,9
hk_pairs,1340,45,1,222,1.48709,0,3934,6053,-0.151329,-0.294903,0.0478668,0.239101,0.569957,1.05,1.01617,0.70765,0.5,0.70765,0.985337,0.707872,0.431746,0.36767,420,134,0.0889127,1,1,1,9,0
hk_pairs,1341,45,1,179,3.70533,1,10456,3682,0.233109,-0.0120106,-0.145237,-0.120049,0.393469,1.05,0.983407,0.553279,0.434654,0.553279,0.966329,0.509884,0.482276,0.415348,420,134,0.0831197,-1,1,1,4,6
hk_pairs,1342,45,1,103,5.74991,1,7750,5858,0.152654,-0.326788,0.0263662,0.235632,0.576476,1.05,1.06389,0.551913,0.448429,0.562842,0.968863,0.752775,0.454254,0.393622,420,134,0.090372,-1,1,1,11,0
hk_pairs,1343,45,1,229,2.48174,0,6569,224,0.0888796,0.0682087,-0.221721,0.0423927,0.311671,1.05,0.928549,0.562842,0.447177,0.562842,0.966148,0.414902,0.561024,0.497569,420,134,0.0878873,1,1,1,5,3
hk_pairs,1344,45,1,31,3.31063,0,6472,4108,0.0860271,-0.329134,-0.147857,-0.339954,0.234514,1.05,1.12567,0.85929,0.650501,0.85929,0.993302,0.424033,0.776063,0.702514,420,130,0.0745574,1,1,1,11,9
hk_pairs,1345,45,1,337,1.27,0,3682,6021,-0.145237,-0.120049,0.0385189,-0.17988,0.193403,1.05,1.07989,0.558743,0.505009,0.573771,0.934649,0.367214,0.69532,0.629686,420,130,0.13305,-1,1,1,6,8
hk_pairs,1346,45,1,155,2.23974,0,64,9955,-0.233828,0.0385914,0.202683,-0.118843,0.464039,1.05,1.13524,0.662568,0.481444,0.662568,0.912925,0.613127,0.454136,0.403301,420,130,0.0829109,1,1,1,3,7
hk_pairs,1347,45,1,72,5.88171,1,504,9955,-0.210823,0.0496616,0.202683,-0.118843,0.446553,1.05,1.14419,0.601093,0.465392,0.601093,0.923606,0.572445,0.455436,0.404217,420,130,0.0936061,-1,1,1,3,7
hk_pairs,1348,45,1,206,1.12935,0,8980,5905,0.221174,0.0692406,0.030447,-0.17753,0.312734,1.05,0.975246,0.713115,0.584586,0.73224,0.946235,0.466906,0.71507,0.647311,420,130,0.083732,-1,1,1,4,8
hk_pairs,1349,45,1,264,0.208897,1,9884,5905,0.195301,-0.138306,0.030447,-0.17753,0.169723,1.05,0.979685,0.651639,0.559996,0.65847,0.986423,0.396941,0.777053,0.714908,420,130,0.0741284,-1,1,1,7,8
hk_pairs,1350,45,1,120,3.73584,1,6292,5858,0.0676842,0.00810242,0.0263662,0.235632,0.231398,1.05,1.18491,0.618852,0.493852,0.618852,0.940351,0.430799,0.542324,0.487164,420,130,0.0890217,1,1,1,5,0
hk_pairs,1351,45,1,299,5.50274,0,5677,9955,0.00559902,0.232574,0.202683,-0.118843,0.402934,1.05,1.1006,0.603825,0.444672,0.607924,0.953928,0.552016,0.450847,0.382132,420,130,0.0859405,-1,1,1,0,6
hk_pairs,1352,45,1,199,5.26585,0,6355,5930,0.0776005,-0.248301,0.0371904,-0.349297,0.109113,1.05,1.08717,0.538251,0.502618,0.557377,0.939989,0.291115,0.833939,0.78584,420,130,0.0727582,1,1,1,8,10
hk_pairs,1353,45,1,184,4.88479,1,6043,3682,0.048605,-0.316998,-0.145237,-0.120049,0.27634,1.05,0.935343,0.693989,0.527778,0.693989,0.955105,0.445243,0.737027,0.667838,420,130,0.0789124,1,1,1,10,6
hk_pairs,1354,45,1,78,3.09554,0,324,5978,-0.22358,0.0506763,0.036871,0.0694427,0.261621,1.05,1.10269,0.449454,0.383766,0.449454,0.837256,0.51086,0.497187,0.440466,420,130,0.0967242,-1,1,1,3,5
hk_pairs,1355,45,1,91,4.58954,0,10121,5930,0.219951,0.0363712,0.0371904,-0.349297,0.426808,1.05,0.981046,0.472678,0.38832,0.483607,0.927408,0.599994,0.46218,0.38622,420,130,0.0949776,-1,1,1,4,10
hk_pairs,1356,45,1,126,5.19649,0,6357,3892,0.0781794,-0.235918,-0.136424,-0.123369,0.242377,1.05,0.987449,0.610656,0.479394,0.610656,0.976738,0.408773,0.651371,0.575426,420,130,0.0766262,1,1,1,8,7
hk_pairs,1357,45,1,15,1.78708,0,2437,10964,-0.165091,-0.120352,0.284098,0.0404701,0.47711,1.05,1.0356,0.631148,0.498634,0.637978,0.97538,0.620973,0.521249,0.478599,420,130,0.0907042,1,1,1,6,3
hk_pairs,1358,45,1,115,4.86128,1,3069,5930,-0.143905,-0.0775318,0.0371904,-0.349297,0.326575,1.05,0.976987,0.617486,0.48372,0.617486,0.933472,0.50025,0.537055,0.471944,420,130,0.0876114,1,1,1,6,10
hk_pairs,1359,45,1,346,0.684836,0,6883,4108,0.116501,-0.263332,-0.147857,-0.339954,0.275277,1.05,1.00977,0.821038,0.628643,0.821038,0.995474,0.451971,0.76839,0.69644,420,130,0.0747016,-1,1,1,11,9
hk_pairs,1360,45,1,202,1.93213,1,144,9955,-0.231685,0.0509739,0.202683,-0.118843,0.466411,1.05,1.13861,0.625683,0.482013,0.625683,0.927951,0.587218,0.453682,0.401474,420,130,0.0877418,1,1,1,3,6
hk_pairs,1361,45,1,66,3.23982,0,10754,3892,0.231322,0.19311,-0.136424,-0.123369,0.485177,1.05,1.10935,0.677596,0.523224,0.678962,0.936097,0.637045,0.520222,0.448723,420,130,0.0836989,-1,1,1,2,7
hk_pairs,1362,45,1,179,2.07021,1,10456,4108,0.233109,-0.0120106,-0.147857,-0.339954,0.502674,1.05,0.980055,0.842896,0.621471,0.864754,0.979272,0.593482,0.69122,0.624303,420,130,0.0797957,1,1,1,4,9
hk_pairs,1363,45,1,215,3.55753,0,507,9955,-0.208078,0.0250587,0.202683,-0.118843,0.435267,1.05,1.15365,0.614754,0.482127,0.636612,0.914736,0.586879,0.462128,0.411285,420,130,0.10578,-1,1,1,3,6
hk_pairs,1364,45,1,66,5.57157,1,10754,4229,0.231322,0.19311,-0.12455,0.197117,0.355924,1.05,1.02547,0.427596,0.392076,0.435792,0.917451,0.560636,0.487553,0.408799,420,130,0.0886766,-1,1,1,2,1
hk_pairs,1365,45,1,15,2.57809,0,2437,10195,-0.165091,-0.120352,0.216139,-0.341412,0.440787,1.05,1.03895,0.878415,0.641621,0.878415,0.97891,0.595856,0.681833,0.638719,420,130,0.0790408,1,1,1,6,11
hk_pairs,1366,45,1,281,4.53018,1,5959,9955,0.0328846,-0.188906,0.202683,-0.118843,0.183731,1.05,1.06561,0.539617,0.510929,0.561475,0.947683,0.340396,0.752752,0.691482,420,130,0.0754392,1,1,1,8,7
hk_pairs,1367,45,1,90,3.49573,1,6647,5905,0.0964994,0.209301,0.030447,-0.17753,0.39243,1.05,1.13251,0.692623,0.537796,0.692623,0.956644,0.52498,0.563217,0.483892,420,130,0.0863854,1,1,1,0,8
hk_pairs,1368,45,1,206,5.42027,0,8980,3892,0.221174,0.0692406,-0.136424,-0.123369,0.406572,1.05,1.06107,0.588798,0.448429,0.588798,0.966872,0.564343,0.478662,0.403264,420,130,0.0891871,1,1,1,4,7
hk_pairs,1369,45,1,233,4.11691,0,5612,5978,-0.00146675,0.233496,0.036871,0.0694427,0.168473,1.05,1.28276,0.538251,0.441029,0.553279,0.911115,0.333677,0.562865,0.49007,420,130,0.0778268,-1,1,1,0,5
hk_pairs,1370,45,1,220,3.83583,1,2899,5978,-0.152348,0.177713,0.036871,0.0694427,0.218813,1.05,1.17368,0.465847,0.407559,0.472678,0.915007,0.432966,0.534216,0.466488,420,130,0.099825,-1,1,1,1,5
hk_pairs,1371,45,1,206,1.80427,1,8980,5930,0.221174,0.0692406,0.0371904,-0.349297,0.45777,1.05,0.968234,0.614754,0.473361,0.614754,0.901792,0.621699,0.509058,0.434268,420,130,0.093991,-1,1,1,4,10
hk_pairs,1372,45,1,184,0.696418,1,6043,3682,0.048605,-0.316998,-0.145237,-0.120049,0.27634,1.05,1.10411,0.77459,0.589709,0.77459,0.986332,0.433733,0.756944,0.66453,420,130,0.0793643,1,1,1,10,6
hk_pairs,1373,45,1,345,0.444453,1,9708,3892,0.179444,0.202303,-0.136424,-0.123369,0.453718,1.05,0.929896,0.655738,0.488502,0.655738,0.970583,0.619601,0.467261,0.378341,420,130,0.0961885,-1,1,1,2,7
hk_pairs,1374,45,1,267,0.527793,0,6716,4108,0.111661,-0.328478,-0.147857,-0.339954,0.259771,1.05,1.08697,0.856557,0.63092,0.856557,0.99466,0.415838,0.774558,0.699874,420,130,0.0739897,-1,1,1,11,9
hk_pairs,1375,45,1,199,3.29114,1,6355,3892,0.0776005,-0.248301,-0.136424,-0.123369,0.247844,1.05,1.06107,0.625683,0.48964,0.625683,0.986332,0.459525,0.664657,0.591907,420,130,0.081768,-1,1,1,8,7
hk_pairs,1376,45,1,193,2.61052,1,8574,4229,0.170078,0.197699,-0.12455,0.197117,0.294778,1.05,0.967744,0.478142,0.396516,0.478142,0.956553,0.44219,0.569395,0.494332,420,130,0.0881186,-1,1,1,2,1
hk_pairs,1377,45,1,331,4.13223,1,6022,5939,0.0380592,-0.34828,0.0334406,0.0661564,0.414464,1.05,1.11565,0.449454,0.379554,0.463115,0.949312,0.534474,0.52804,0.45708,420,130,0.0955486,1,1,1,10,5
hk_pairs,1378,45,1,220,5.16349,1,2899,10195,-0.152348,0.177713,0.216139,-0.341412,0.636679,1.05,1.03021,0.685792,0.497609,0.685792,0.962256,0.786815,0.54203,0.500134,420,130,0.0819389,-1,1,1,1,11
hk_pairs,1379,45,1,44,5.01144,1,5645,10964,-0.00140858,-0.144583,0.284098,0.0404701,0.340233,1.05,1.07406,0.594262,0.508197,0.594262,0.962889,0.523779,0.632174,0.60296,420,130,0.0725782,1,1,1,8,3
hk_pairs,1380,45,1,220,5.94578,1,2899,9841,-0.152348,0.177713,0.197027,0.204229,0.350884,1.05,0.901417,0.456284,0.35724,0.456284,0.95429,0.488854,0.445338,0.363854,420,130,0.0914857,-1,1,1,1,2
hk_pairs,1381,45,1,161,3.35321,0,2296,5930,-0.170065,0.173468,0.0371904,-0.349297,0.562368,1.05,1.0845,0.474044,0.35485,0.474044,0.880612,0.715784,0.259826,0.195349,420,130,0.0939089,-1,1,1,1,10
hk_pairs,1382,45,1,46,2.9522,1,9358,4108,0.230137,0.0901203,-0.147857,-0.339954,0.573028,1.05,1.02488,0.846995,0.595059,0.846995,0.966148,0.762821,0.641277,0.578042,420,130,0.0953098,-1,1,1,4,9
hk_pairs,1383,45,1,280,2.4078,0,3801,6053,-0.15529,-0.32687,0.0478668,0.239101,0.601342,1.05,1.06608,0.628415,0.456398,0.628415,0.988505,0.764935,0.41027,0.355491,420,130,0.0881149,-1,1,1,9,0
hk_pairs,1384,45,1,12,5.41123,0,5868,5978,0.0214767,-0.215532,0.036871,0.0694427,0.285496,1.05,0.961696,0.498634,0.416211,0.498634,0.890025,0.490109,0.518264,0.447287,420,130,0.0887567,-1,1,1,8,5
hk_pairs,1385,45,1,328,2.08998,1,145,5930,-0.231475,0.0557003,0.0371904,-0.349297,0.486075,1.05,1.06352,0.407104,0.313411,0.409836,0.938269,0.651181,0.308349,0.236497,420,130,0.0905424,-1,1,1,3,10
hk_pairs,1386,45,1,87,2.60872,1,10428,5858,0.212633,0.0399647,0.0263662,0.235632,0.27015,1.05,1.08207,0.773224,0.58026,0.773224,0.981445,0.417322,0.679347,0.616375,420,130,0.106555,1,1,1,4,0
hk_pairs,1387,45,1,15,3.25319,1,2437,6021,-0.165091,-0.120352,0.0385189,-0.17988,0.21227,1.05,1.07158,0.620219,0.536771,0.621585,0.953295,0.417106,0.709047,0.645724,420,130,0.0807319,-1,1,1,6,8
hk_pairs,1388,45,1,114,2.80783,1,5668,9955,0.00233459,0.0733776,0.202683,-0.118843,0.277682,1.05,1.07978,0.300546,0.266052,0.308743,0.901702,0.429196,0.351939,0.266376,420,130,0.106486,-1,1,1,5,7
hk_pairs,1389,45,1,162,2.37121,0,5545,10195,-0.00940895,0.172716,0.216139,-0.341412,0.561435,1.05,1.07884,0.747268,0.53939,0.747268,0.993936,0.694413,0.451258,0.404121,420,130,0.0800063,-1,1,1,0,11
hk_pairs,1390,45,1,199,0.417322,1,6355,4108,0.0776005,-0.248301,-0.147857,-0.339954,0.243525,1.05,1.07887,0.747268,0.587204,0.759563,0.990677,0.422467,0.741889,0.670698,420,130,0.0780273,-1,1,1,8,9
hk_pairs,1391,45,1,277,0.23229,0,2945,6021,-0.153891,0.22728,0.0385189,-0.17988,0.450398,1.05,0.964409,0.718579,0.522086,0.718579,0.970945,0.634873,0.576473,0.48663,420,130,0.0815403,-1,1,1,1,8
hk_pairs,1392,45,1,179,2.20519,1,10456,224,0.233109,-0.0120106,-0.221721,0.0423927,0.458071,1.05,1.08651,0.747268,0.566143,0.752732,0.967324,0.638225,0.604622,0.541216,420,130,0.089824,-1,1,1,4,3
hk_pairs,1393,45,1,281,6.14006,0,5959,5978,0.0328846,-0.188906,0.036871,0.0694427,0.258516,1.05,0.995035,0.497268,0.420196,0.497268,0.92786,0.422867,0.536086,0.465805,420,130,0.0999549,-1,1,1,8,5
hk_pairs,1394,45,1,222,2.99737,0,3934,9841,-0.151329,-0.294903,0.197027,0.204229,0.608685,1.05,0.983938,0.688525,0.525615,0.691257,0.969768,0.760004,0.585198,0.512729,420,130,0.0849823,1,1,1,9,2
hk_pairs,1395,45,1,184,3.21677,1,6043,224,0.048605,-0.316998,-0.221721,0.0423927,0.449708,1.05,1.02412,0.763661,0.571152,0.763661,0.982078,0.649973,0.731431,0.66766,420,130,0.0784009,-1,1,1,10,3
hk_pairs,1396,45,1,244,0.59376,0,4636,5978,-0.117997,-0.342522,0.036871,0.0694427,0.440205,1.05,1.02709,0.540984,0.422587,0.54235,0.972303,0.613622,0.518032,0.444913,420,130,0.0837215,-1,1,1,9,5
hk_pairs,1397,45,1,126,2.52154,0,6357,4108,0.0781794,-0.235918,-0.147857,-0.339954,0.248829,1.05,1.11068,0.703552,0.555328,0.721312,0.988233,0.413567,0.73497,0.664853,420,130,0.0755837,1,1,1,8,9
hk_pairs,1398,45,1,235,5.92649,1,2606,9955,-0.156796,0.191725,0.202683,-0.118843,0.475076,1.05,1.03803,0.737705,0.533356,0.737705,0.958182,0.621551,0.528114,0.465842,420,130,0.083745,1,1,1,1,6
hk_pairs,1399,45,1,106,5.03879,0,8738,5858,0.188034,0.180145,0.0263662,0.235632,0.17121,1.05,1.08296,0.598361,0.489982,0.603825,0.960988,0.284527,0.709123,0.640348,420,130,0.0854085,-1,1,1,2,0
hk_pairs,1400,45,1,91,0.369427,1,10121,4108,0.219951,0.0363712,-0.147857,-0.339954,0.526239,1.05,1.02993,0.887978,0.618739,0.887978,0.965333,0.727737,0.677567,0.611859,420,130,0.0948675,1,1,1,4,11
hk_pairs,1401,45,1,162,2.85425,0,5545,9955,-0.00940895,0.172716,0.202683,-0.118843,0.360547,1.05,1.03579,0.396175,0.301913,0.396175,0.958092,0.531429,0.370073,0.302101,420,130,0.102172,1,1,1,0,7
hk_pairs,1402,45,1,229,0.330663,1,6569,5858,0.0888796,0.0682087,0.0263662,0.235632,0.178713,1.05,1.00958,0.565574,0.466302,0.565574,0.974475,0.314957,0.598029,0.553841,420,130,0.0999709,1,1,1,5,0
hk_pairs,1403,45,1,177,0.753386,0,6756,4229,0.104531,-0.171541,-0.12455,0.197117,0.434036,1.05,1.04295,0.627049,0.476776,0.628415,0.961713,0.585861,0.454252,0.383364,420,130,0.0766157,-1,1,1,8,1
hk_pairs,1404,45,1,345,0.434523,0,9708,4229,0.179444,0.202303,-0.12455,0.197117,0.304038,1.05,0.975296,0.751366,0.562614,0.751366,0.984341,0.42252,0.577863,0.501423,420,130,0.0821609,1,1,1,2,1
hk_pairs,1405,45,1,149,3.63906,0,2641,10964,-0.166611,0.194302,0.284098,0.0404701,0.476494,1.05,1.03279,0.974044,0.674977,0.974044,0.995022,0.615643,0.643664,0.588769,420,130,0.0804095,-1,1,1,1,3
hk_pairs,1406,45,1,92,1.77684,0,9933,310,0.182703,0.19986,-0.219474,0.0443707,0.431288,1.05,0.948819,0.411202,0.315915,0.411202,0.948226,0.53968,0.303236,0.23729,420,130,0.0979263,-1,1,1,2,4
hk_pairs,1407,45,1,224,2.47426,0,5733,6021,0.00331974,-0.348007,0.0385189,-0.17988,0.171783,1.05,1.12875,0.497268,0.473588,0.550547,0.956825,0.327621,0.755836,0.685567,420,130,0.0752545,1,1,1,10,8
hk_pairs,1408,45,1,82,1.10989,0,9822,4108,0.200569,-0.095808,-0.147857,-0.339954,0.425455,1.05,1.0625,0.972678,0.683857,0.972678,0.990134,0.619208,0.719346,0.649236,324,131,0.0748555,-1,1,1,7,11
hk_pairs,1409,45,1,100,2.17809,1,8821,310,0.195513,0.18189,-0.219474,0.0443707,0.437188,1.05,0.986224,0.478142,0.36316,0.478142,0.939899,0.593616,0.408719,0.338125,324,131,0.0921651,1,1,1,2,4
hk_pairs,1410,45,1,338,3.29535,0,8247,310,0.16576,-0.127426,-0.219474,0.0443707,0.421805,1.05,1.05252,0.573771,0.450478,0.580601,0.979634,0.575566,0.526561,0.465629,324,131,0.0824451,1,1,1,7,4
hk_pairs,1411,45,1,235,5.08089,0,2606,10195,-0.156796,0.191725,0.216139,-0.341412,0.650696,1.05,1.1136,0.674863,0.501025,0.674863,0.977009,0.788004,0.522007,0.483225,324,131,0.0789903,1,1,1,1,11
hk_pairs,1412,45,1,227,3.53918,0,6895,224,0.117936,0.22892,-0.221721,0.0423927,0.387585,1.05,0.983252,0.443989,0.353711,0.443989,0.941166,0.545968,0.375201,0.306734,324,131,0.0875073,-1,1,1,0,3
hk_pairs,1413,45,1,105,2.34413,0,6653,4229,0.101108,-0.290789,-0.12455,0.197117,0.537728,1.05,1.00736,0.579235,0.425774,0.579235,0.947321,0.666497,0.360862,0.295919,324,131,0.0819295,-1,1,1,11,1
hk_pairs,1414,45,1,12,0.0319693,1,5868,5930,0.0214767,-0.215532,0.0371904,-0.349297,0.134908,1.05,1.13217,0.557377,0.51719,0.577869,0.935282,0.359451,0.76303,0.69702,324,131,0.0719978,-1,1,1,8,10
hk_pairs,1415,45,1,103,0.982423,1,7750,5939,0.152654,-0.326788,0.0334406,0.0661564,0.410631,1.05,1.0902,0.689891,0.516166,0.689891,0.975109,0.555433,0.626448,0.548817,324,131,0.0823156,1,1,1,11,5
hk_pairs,1416,45,1,233,6.05185,0,5612,10964,-0.00146675,0.233496,0.284098,0.0404701,0.344682,1.05,1.01581,0.806011,0.594262,0.806011,0.962256,0.537903,0.667958,0.613,324,131,0.0754951,1,1,1,0,4
hk_pairs,1417,45,1,222,5.53702,0,3934,6053,-0.151329,-0.294903,0.0478668,0.239101,0.569957,1.05,1.04202,0.663934,0.479508,0.666667,0.993302,0.745613,0.426496,0.365727,324,131,0.0883812,-1,1,1,9,0
hk_pairs,1418,45,1,87,1.57145,1,10428,4116,0.212633,0.0399647,-0.129105,0.207911,0.380776,1.05,1.02553,0.741803,0.552596,0.741803,0.970945,0.469921,0.591528,0.505618,324,131,0.086954,1,1,1,4,2
hk_pairs,1419,45,1,87,1.75523,0,10428,4108,0.212633,0.0399647,-0.147857,-0.339954,0.523728,1.05,0.98024,0.795082,0.58117,0.806011,0.973298,0.622365,0.668328,0.602179,324,131,0.085985,1,1,1,4,9
hk_pairs,1420,45,1,44,2.14994,1,5645,5930,-0.00140858,-0.144583,0.0371904,-0.349297,0.208321,1.05,0.904564,0.558743,0.515824,0.581967,0.89093,0.417761,0.668989,0.603401,324,131,0.0754414,1,1,1,8,10
hk_pairs,1421,45,1,10,4.9407,0,6119,4108,0.0508642,-0.333344,-0.147857,-0.339954,0.19891,1.05,0.883622,0.795082,0.596653,0.795082,0.998009,0.403201,0.78065,0.707628,324,131,0.0737578,-1,1,1,10,11
hk_pairs,1422,45,1,331,2.82062,1,6022,4116,0.0380592,-0.34828,-0.129105,0.207911,0.580849,1.05,1.07195,0.536885,0.386384,0.536885,0.992668,0.70355,0.330344,0.257654,324,131,0.0820808,-1,1,1,10,2
hk_pairs,1423,45,1,162,5.41657,1,5545,10964,-0.00940895,0.172716,0.284098,0.0404701,0.321986,1.05,1.18597,0.590164,0.460155,0.599727,0.969678,0.509007,0.604596,0.553731,324,131,0.0769068,1,1,1,0,4
hk_pairs,1424,45,1,100,0.00100781,1,8821,310,0.195513,0.18189,-0.219474,0.0443707,0.437188,1.05,1.01449,0.478142,0.371471,0.478142,0.905956,0.605803,0.395446,0.332538,324,131,0.0914324,-1,1,1,2,4
hk_pairs,1425,45,1,12,2.18998,0,5868,10195,0.0214767,-0.215532,0.216139,-0.341412,0.231823,1.05,1.09805,0.661202,0.568534,0.673497,0.949946,0.427504,0.740071,0.700978,324,131,0.0716012,-1,1,1,8,11
hk_pairs,1426,45,1,241,5.10974,1,3662,9955,-0.153935,-0.152021,0.202683,-0.118843,0.358186,1.05,1.08772,0.659836,0.500569,0.662568,0.957006,0.545841,0.515956,0.470536,324,131,0.0791473,-1,1,1,6,7
hk_pairs,1427,45,1,87,4.94232,1,10428,5930,0.212633,0.0399647,0.0371904,-0.349297,0.426971,1.05,0.964648,0.483607,0.39572,0.483607,0.881698,0.597022,0.460472,0.378492,324,131,0.101978,-1,1,1,4,10
hk_pairs,1428,45,1,177,2.79974,0,6756,4108,0.104531,-0.171541,-0.147857,-0.339954,0.303418,1.05,0.931788,0.846995,0.623179,0.846995,0.976104,0.494477,0.721735,0.651177,324,131,0.0764637,1,1,1,8,9
hk_pairs,1429,45,1,235,5.2665,1,2606,10195,-0.156796,0.191725,0.216139,-0.341412,0.650696,1.05,1.06699,0.688525,0.512978,0.688525,0.956191,0.778405,0.537906,0.492536,324,131,0.0838227,1,1,1,1,9
hk_pairs,1430,45,1,183,1.96133,1,4310,10195,-0.132963,-0.342716,0.216139,-0.341412,0.349119,1.05,1.08586,0.967213,0.692168,0.967213,0.997466,0.513306,0.738143,0.691341,324,131,0.0818068,1,1,1,9,11
hk_pairs,1431,45,1,119,5.66857,1,6372,224,0.07411,-0.000778198,-0.221721,0.0423927,0.298964,1.05,0.964791,0.531421,0.428734,0.532787,0.961441,0.493749,0.531443,0.468122,324,131,0.0856135,-1,1,1,5,3
hk_pairs,1432,45,1,92,3.454,0,9933,4108,0.182703,0.19986,-0.147857,-0.339954,0.632984,1.05,1.02784,0.558743,0.39572,0.558743,0.961079,0.804621,0.343138,0.28274,324,131,0.0940112,1,1,1,2,11
hk_pairs,1433,45,1,206,4.27957,0,8980,5930,0.221174,0.0692406,0.0371904,-0.349297,0.45777,1.05,0.959026,0.642077,0.5,0.642077,0.905684,0.608962,0.533108,0.459772,324,131,0.0907335,1,1,1,4,10
hk_pairs,1434,45,1,98,4.22324,0,5863,5930,0.0214481,-0.16329,0.0371904,-0.349297,0.186903,1.05,1.07345,0.596995,0.515938,0.614754,0.969135,0.394394,0.707804,0.636942,324,131,0.0746915,1,1,1,8,10
hk_pairs,1435,45,1,220,4.97213,0,2899,6053,-0.152348,0.177713,0.0478668,0.239101,0.210257,1.05,1.12302,0.54918,0.441485,0.54918,0.902064,0.335424,0.647749,0.573975,324,131,0.088352,1,1,1,1,0
hk_pairs,1436,45,1,87,0.0330749,1,10428,4229,0.212633,0.0399647,-0.12455,0.197117,0.372007,1.05,1.0705,0.613388,0.470856,0.613388,0.916546,0.503559,0.4929,0.416225,324,131,0.08854,-1,1,1,4,1
hk_pairs,1437,45,1,267,4.50154,0,6716,5930,0.111661,-0.328478,0.0371904,-0.349297,0.0773258,1.05,0.912154,0.540984,0.502846,0.557377,0.936821,0.249953,0.902298,0.85696,324,131,0.0702824,1,1,1,11,10
hk_pairs,1438,45,1,286,6.2067,1,5732,6021,0.0032053,-0.347618,0.0385189,-0.17988,0.171425,1.05,1.10356,0.584699,0.506261,0.59153,0.95601,0.38048,0.762376,0.694062,324,131,0.0755558,-1,1,1,10,8
hk_pairs,1439,45,1,71,5.88582,1,5804,10964,0.0184364,-0.361752,0.284098,0.0404701,0.482035,1.05,1.0266,0.889344,0.660405,0.889344,0.983889,0.679492,0.797788,0.768835,324,131,0.075591,1,1,1,10,3
hk_pairs,1440,45,1,149,3.84993,1,2641,6021,-0.166611,0.194302,0.0385189,-0.17988,0.426796,1.05,1.10055,0.706284,0.515141,0.706284,0.983436,0.632593,0.598655,0.507392,324,131,0.0897249,-1,1,1,1,8
hk_pairs,1441,45,1,44,1.69052,1,5645,9747,-0.00140858,-0.144583,0.196574,0.196699,0.394569,1.05,1.01998,0.509563,0.381034,0.509563,0.906137,0.578423,0.377693,0.30718,324,131,0.084072,-1,1,1,8,1
hk_pairs,1442,45,1,298,2.16404,0,5919,10195,0.0272675,-0.319218,0.216139,-0.341412,0.190204,1.05,1.21199,0.689891,0.570811,0.689891,0.978277,0.34123,0.845446,0.802405,324,131,0.0716772,-1,1,1,10,11
hk_pairs,1443,45,1,120,4.45205,0,6292,5930,0.0676842,0.00810242,0.0371904,-0.349297,0.358792,1.05,0.951847,0.70765,0.530396,0.724044,0.96651,0.534389,0.608594,0.544123,324,131,0.103787,1,1,1,5,10
hk_pairs,1444,45,1,10,3.17783,0,6119,4229,0.0508642,-0.333344,-0.12455,0.197117,0.558739,1.05,1.09537,0.510929,0.382514,0.510929,0.994931,0.664416,0.343809,0.264181,324,131,0.0792975,1,1,1,10,1
hk_pairs,1445,45,1,82,4.93261,0,9822,5858,0.200569,-0.095808,0.0263662,0.235632,0.374437,1.05,0.972366,0.740437,0.582992,0.775956,0.971579,0.493409,0.576858,0.521597,324,131,0.0890108,-1,1,1,7,0
hk_pairs,1446,45,1,287,1.48562,0,1051,9955,-0.206388,0.0350857,0.202683,-0.118843,0.437602,1.05,1.15713,0.63388,0.488843,0.650273,0.900616,0.594722,0.455467,0.405002,324,131,0.0912747,-1,1,1,3,6
hk_pairs,1447,45,1,106,4.57866,1,8738,4108,0.188034,0.180145,-0.147857,-0.339954,0.619213,1.05,1.08672,0.594262,0.422359,0.594262,0.9208,0.802444,0.415648,0.301147,324,131,0.0915676,1,1,1,2,9
hk_pairs,1448,45,1,337,6.19709,1,3682,9955,-0.145237,-0.120049,0.202683,-0.118843,0.347951,1.05,1.0114,0.668033,0.482696,0.668033,0.991673,0.564401,0.479463,0.438888,324,131,0.079965,-1,1,1,6,7
hk_pairs,1449,45,1,193,0.485173,0,8574,4108,0.170078,0.197699,-0.147857,-0.339954,0.624693,1.05,1.10495,0.741803,0.532104,0.741803,0.96832,0.773652,0.561737,0.480356,324,131,0.0776938,1,1,1,2,9
hk_pairs,1450,45,1,183,3.9043,1,4310,10195,-0.132963,-0.342716,0.216139,-0.341412,0.349119,1.05,1.05685,0.972678,0.695697,0.972678,0.998009,0.472187,0.742274,0.69535,324,131,0.0748812,1,1,1,9,11
hk_pairs,1451,45,1,39,1.61717,1,4259,9747,-0.13482,-0.326654,0.196574,0.196699,0.619459,1.05,0.997005,0.730874,0.53939,0.730874,0.967867,0.787602,0.584397,0.517392,324,131,0.0773831,1,1,1,9,1
hk_pairs,1452,45,1,31,1.98652,1,6472,4108,0.0860271,-0.329134,-0.147857,-0.339954,0.234514,1.05,1.05368,0.793716,0.604167,0.793716,0.99828,0.39537,0.77872,0.705261,324,131,0.0730396,-1,1,1,11,9
hk_pairs,1453,45,1,229,4.05992,0,6569,4116,0.0888796,0.0682087,-0.129105,0.207911,0.258909,1.05,1.15661,0.558743,0.435223,0.558743,0.968773,0.413164,0.452319,0.369904,324,131,0.0911861,1,1,1,5,2
hk_pairs,1454,45,1,161,4.71897,1,2296,10195,-0.170065,0.173468,0.216139,-0.341412,0.643645,1.05,1.11411,0.681694,0.491234,0.681694,0.983617,0.789639,0.533329,0.495843,324,131,0.0910145,1,1,1,1,9
hk_pairs,1455,45,1,215,2.4189,0,507,10195,-0.208078,0.0250587,0.216139,-0.341412,0.56059,1.05,1.01417,0.810109,0.577983,0.81694,0.978548,0.700436,0.632448,0.586537,324,131,0.103814,1,1,1,3,11
hk_pairs,1456,45,1,8,1.93785,1,9999,310,0.200145,0.209965,-0.219474,0.0443707,0.451208,1.05,0.986208,0.663934,0.508197,0.663934,0.951756,0.559118,0.545236,0.471297,324,131,0.0895585,-1,1,1,2,4
hk_pairs,1457,45,1,114,2.36145,1,5668,5930,0.00233459,0.0733776,0.0371904,-0.349297,0.424109,1.05,1.07175,0.51776,0.380692,0.51776,0.970945,0.580209,0.46882,0.409854,324,131,0.0960838,-1,1,1,5,10
hk_pairs,1458,45,1,328,5.13638,0,145,5930,-0.231475,0.0557003,0.0371904,-0.349297,0.486075,1.05,0.973348,0.45765,0.354281,0.45765,0.837075,0.651282,0.33117,0.235192,324,131,0.0970501,-1,1,1,3,10
hk_pairs,1459,45,1,346,1.4396,1,6883,3682,0.116501,-0.263332,-0.145237,-0.120049,0.298428,1.05,0.997278,0.368852,0.319444,0.374317,0.813812,0.477352,0.522949,0.463215,324,131,0.0799189,-1,1,1,11,6
hk_pairs,1460,45,1,202,2.55889,1,144,10964,-0.231685,0.0509739,0.284098,0.0404701,0.515974,1.05,0.996276,0.79918,0.592327,0.79918,0.988052,0.629965,0.620664,0.571507,324,131,0.0843005,-1,1,1,3,4
hk_pairs,1461,45,1,66,3.48677,1,10754,5939,0.231322,0.19311,0.0334406,0.0661564,0.235139,1.05,1.29997,0.5,0.452186,0.512295,0.940623,0.448055,0.618448,0.553657,324,131,0.081848,1,1,1,2,5
hk_pairs,1462,45,1,179,0.58305,1,10456,5905,0.233109,-0.0120106,0.030447,-0.17753,0.261665,1.05,0.924032,0.728142,0.559199,0.728142,0.933472,0.484312,0.744849,0.67829,324,131,0.0810218,1,1,1,4,8
hk_pairs,1463,45,1,92,4.84394,1,9933,310,0.182703,0.19986,-0.219474,0.0443707,0.431288,1.05,0.926635,0.419399,0.321494,0.422131,0.942433,0.556642,0.320821,0.254759,324,131,0.089049,1,1,1,2,4
hk_pairs,1464,45,1,227,1.23814,1,6895,310,0.117936,0.22892,-0.219474,0.0443707,0.384585,1.05,0.962363,0.523224,0.398907,0.523224,0.936188,0.525372,0.423742,0.345984,324,131,0.0876237,1,1,1,0,4
hk_pairs,1465,45,1,193,2.51266,0,8574,5905,0.170078,0.197699,0.030447,-0.17753,0.400476,1.05,0.992631,0.413934,0.378871,0.418033,0.925959,0.625181,0.425712,0.346758,324,131,0.101059,1,1,1,2,8
hk_pairs,1466,45,1,3,0.0861255,0,6806,3682,0.10325,0.0450993,-0.145237,-0.120049,0.299052,1.05,1.22542,0.48224,0.386384,0.48224,0.974656,0.427721,0.424365,0.362039,324,131,0.0873584,-1,1,1,5,6
hk_pairs,1467,45,1,199,0.353977,1,6355,3892,0.0776005,-0.248301,-0.136424,-0.123369,0.247844,1.05,1.04305,0.636612,0.49408,0.636612,0.984613,0.459946,0.66656,0.593501,324,131,0.0806076,1,1,1,8,7
hk_pairs,1468,45,1,298,0.903717,0,5919,6021,0.0272675,-0.319218,0.0385189,-0.17988,0.139801,1.05,0.971441,0.493169,0.498634,0.568306,0.907585,0.290627,0.793207,0.721702,324,131,0.0738354,-1,1,1,10,8
hk_pairs,1469,45,1,78,1.57114,0,324,6053,-0.22358,0.0506763,0.0478668,0.239101,0.330827,1.05,1.17135,0.463115,0.380123,0.463115,0.945511,0.509415,0.494478,0.422811,324,131,0.098608,-1,1,1,3,0
hk_pairs,1470,45,1,90,0.380602,0,6647,3682,0.0964994,0.209301,-0.145237,-0.120049,0.408543,1.05,1.02117,0.669399,0.499089,0.669399,0.944153,0.541859,0.545362,0.464337,324,131,0.0781479,1,1,1,0,6
hk_pairs,1471,45,1,15,3.49025,1,2437,10964,-0.165091,-0.120352,0.284098,0.0404701,0.47711,1.05,1.03546,0.614754,0.483151,0.632514,0.965605,0.641676,0.547169,0.504594,324,131,0.079771,1,1,1,6,3
hk_pairs,1472,45,1,328,0.217554,0,145,6053,-0.231475,0.0557003,0.0478668,0.239101,0.334266,1.05,1.1143,0.416667,0.381034,0.423497,0.849203,0.486839,0.500303,0.434151,420,133,0.0985952,-1,1,1,3,0
hk_pairs,1473,45,1,346,5.42914,1,6883,5858,0.116501,-0.263332,0.0263662,0.235632,0.507061,1.05,1.07022,0.646175,0.472336,0.646175,0.97719,0.694764,0.478432,0.402406,420,133,0.106811,-1,1,1,11,0
hk_pairs,1474,45,1,289,2.9926,0,10063,4229,0.254643,0.00918388,-0.12455,0.197117,0.423245,1.05,1.01339,0.446721,0.353028,0.446721,0.853729,0.611364,0.393181,0.314922,420,133,0.0844905,-1,1,1,4,1
hk_pairs,1475,45,1,54,0.251832,0,9937,4108,0.186937,0.220581,-0.147857,-0.339954,0.652907,1.05,1.09932,0.730874,0.546903,0.730874,0.965424,0.775,0.560669,0.497431,420,133,0.0769415,-1,1,1,2,9
hk_pairs,1476,45,1,177,4.41651,0,6756,4229,0.104531,-0.171541,-0.12455,0.197117,0.434036,1.05,1.0692,0.655738,0.488274,0.657104,0.963704,0.594719,0.456447,0.383505,420,133,0.0787994,1,1,1,8,1
hk_pairs,1477,45,1,198,1.18838,1,4867,6021,-0.088707,-0.363306,0.0385189,-0.17988,0.223359,1.05,1.0644,0.479508,0.457764,0.48224,0.928584,0.386783,0.724381,0.655239,420,133,0.0859019,-1,1,1,9,8
hk_pairs,1478,45,1,287,1.1505,0,1051,6021,-0.206388,0.0350857,0.0385189,-0.17988,0.326379,1.05,1.00808,0.637978,0.524932,0.637978,0.959088,0.469407,0.668904,0.60191,420,133,0.0931964,1,1,1,3,8
hk_pairs,1479,45,1,215,2.14257,1,507,10195,-0.208078,0.0250587,0.216139,-0.341412,0.56059,1.05,1.06846,0.823771,0.593465,0.830601,0.960083,0.722915,0.639465,0.593651,420,133,0.100284,1,1,1,3,9
hk_pairs,1480,45,1,72,4.90889,0,504,10195,-0.210823,0.0496616,0.216139,-0.341412,0.578995,1.05,1.02875,0.789618,0.564322,0.790984,0.976647,0.711235,0.619443,0.575101,420,133,0.0885183,-1,1,1,3,9
hk_pairs,1481,45,1,198,5.758,0,4867,9955,-0.088707,-0.363306,0.202683,-0.118843,0.380381,1.05,1.0817,0.689891,0.519353,0.689891,0.951575,0.542231,0.596962,0.510732,420,133,0.0803135,1,1,1,9,6
hk_pairs,1482,45,1,120,1.05366,0,6292,3682,0.0676842,0.00810242,-0.145237,-0.120049,0.248651,1.05,0.922622,0.459016,0.39219,0.465847,0.865134,0.384759,0.481138,0.406462,420,133,0.0864878,-1,1,1,5,6
hk_pairs,1483,45,1,69,1.16209,1,6992,4108,0.133078,-0.357527,-0.147857,-0.339954,0.281483,1.05,1.02307,0.831967,0.640938,0.831967,0.992397,0.420083,0.774567,0.701304,420,133,0.0771924,-1,1,1,11,9
hk_pairs,1484,45,1,199,6.13853,1,6355,5939,0.0776005,-0.248301,0.0334406,0.0661564,0.317543,1.05,1.15895,0.61612,0.475751,0.61612,0.949222,0.504713,0.614481,0.542273,420,133,0.0913222,1,1,1,8,5
hk_pairs,1485,45,1,103,4.1038,1,7750,3682,0.152654,-0.326788,-0.145237,-0.120049,0.362686,1.05,1.0525,0.476776,0.388661,0.476776,0.882151,0.514056,0.522949,0.443632,420,133,0.0776053,1,1,1,11,6
hk_pairs,1486,45,1,177,2.07362,0,6756,5939,0.104531,-0.171541,0.0334406,0.0661564,0.248249,1.05,1.2137,0.63388,0.517418,0.646175,0.97719,0.471545,0.619259,0.558419,420,133,0.0843152,-1,1,1,8,5
hk_pairs,1487,45,1,87,1.76104,1,10428,3682,0.212633,0.0399647,-0.145237,-0.120049,0.392014,1.05,1.11927,0.612022,0.477687,0.622951,0.955195,0.580918,0.475335,0.405486,420,133,0.088926,-1,1,1,4,6
hk_pairs,1488,45,1,233,5.52325,0,5612,10195,-0.00146675,0.233496,0.216139,-0.341412,0.614785,1.05,1.03278,0.793716,0.560109,0.793716,0.999638,0.760588,0.455894,0.406109,420,133,0.081344,1,1,1,0,9
hk_pairs,1489,45,1,54,1.37918,1,9937,4229,0.186937,0.220581,-0.12455,0.197117,0.31237,1.05,0.967961,0.654372,0.512523,0.654372,0.943248,0.435084,0.598763,0.518601,420,133,0.0793626,-1,1,1,2,1
hk_pairs,1490,45,1,175,2.71802,0,5584,9747,-0.00548744,0.10948,0.196574,0.196699,0.220155,1.05,1.18199,0.423497,0.327983,0.423497,0.938812,0.385011,0.450588,0.37984,420,133,0.0888837,1,1,1,5,1
hk_pairs,1491,45,1,120,2.52624,0,6292,3682,0.0676842,0.00810242,-0.145237,-0.120049,0.248651,1.05,1.09951,0.558743,0.413024,0.558743,0.995384,0.483464,0.472353,0.397578,420,133,0.0886072,1,1,1,5,6
hk_pairs,1492,45,1,215,0.557661,0,507,9747,-0.208078,0.0250587,0.196574,0.196699,0.439584,1.05,1.0233,0.795082,0.572518,0.795082,0.978005,0.558925,0.556535,0.47847,420,133,0.114987,-1,1,1,3,1
hk_pairs,1493,45,1,282,3.5067,0,5785,9955,0.0100203,-0.333939,0.202683,-0.118843,0.288765,1.05,0.960511,0.632514,0.509677,0.651639,0.936278,0.450146,0.681119,0.619801,420,133,0.0812627,-1,1,1,10,7
hk_pairs,1494,45,1,54,4.25933,1,9937,3892,0.186937,0.220581,-0.136424,-0.123369,0.472112,1.05,0.935328,0.367486,0.299067,0.367486,0.944515,0.659299,0.306773,0.237296,420,133,0.111083,1,1,1,2,7
hk_pairs,1495,45,1,115,5.52077,0,3069,5978,-0.143905,-0.0775318,0.036871,0.0694427,0.232984,1.05,1.12929,0.562842,0.46949,0.564208,0.83798,0.458842,0.526902,0.46559,420,133,0.0866405,-1,1,1,6,5
hk_pairs,1496,45,1,244,5.36485,1,4636,9955,-0.117997,-0.342522,0.202683,-0.118843,0.391012,1.05,1.05678,0.927596,0.670424,0.927596,0.996017,0.544882,0.749097,0.676667,420,133,0.074921,1,1,1,9,6
hk_pairs,1497,45,1,290,0.123931,0,4930,10964,-0.0828028,-0.344391,0.284098,0.0404701,0.531727,1.05,1.00915,0.759563,0.57878,0.759563,0.991311,0.689997,0.71481,0.685266,420,133,0.0752283,-1,1,1,9,3
hk_pairs,1498,45,1,193,5.57592,0,8574,3892,0.170078,0.197699,-0.136424,-0.123369,0.4439,1.05,0.988527,0.515027,0.39811,0.519126,0.930576,0.600421,0.453213,0.376596,420,133,0.0848031,-1,1,1,2,7
hk_pairs,1499,45,1,39,6.1096,1,4259,9955,-0.13482,-0.326654,0.202683,-0.118843,0.396358,1.05,1.05224,0.935792,0.675774,0.935792,0.989681,0.529974,0.709478,0.655293,420,133,0.0770143,1,1,1,9,6
hk_pairs,1500,45,1,224,4.18162,0,5733,9955,0.00331974,-0.348007,0.202683,-0.118843,0.30379,1.05,1.08878,0.657104,0.50888,0.657104,0.94008,0.50625,0.639967,0.56521,420,133,0.0827476,1,1,1,10,7
hk_pairs,1501,45,1,220,0.441641,1,2899,5930,-0.152348,0.177713,0.0371904,-0.349297,0.560372,1.05,1.16059,0.476776,0.342327,0.476776,0.974294,0.785541,0.264968,0.190865,420,133,0.108878,1,1,1,1,10
hk_pairs,1502,45,1,265,0.380179,0,9994,4116,0.247507,0.00558472,-0.129105,0.207911,0.427548,1.05,1.14492,0.397541,0.321494,0.397541,0.914283,0.566509,0.379311,0.303951,420,133,0.0817892,1,1,1,4,2
hk_pairs,1503,45,1,153,1.61746,1,3537,9747,-0.146295,-0.111834,0.196574,0.196699,0.461261,1.05,1.0211,0.711749,0.51184,0.711749,0.954833,0.656708,0.484223,0.410503,420,133,0.083928,-1,1,1,6,1
hk_pairs,1504,45,1,82,0.564254,0,9822,310,0.200569,-0.095808,-0.219474,0.0443707,0.442878,1.05,1.04187,0.684426,0.510246,0.693989,0.97013,0.62791,0.564682,0.504103,420,133,0.0787036,1,1,1,7,4
hk_pairs,1505,45,1,227,5.88198,1,6895,5930,0.117936,0.22892,0.0371904,-0.349297,0.583881,1.05,1.03798,0.445355,0.327755,0.445355,0.948678,0.77811,0.299749,0.23256,420,133,0.0998073,-1,1,1,0,10
hk_pairs,1506,45,1,331,3.37652,1,6022,310,0.0380592,-0.34828,-0.219474,0.0443707,0.469572,1.05,1.07394,0.773224,0.584813,0.773224,0.983164,0.589212,0.751776,0.693169,420,133,0.0808484,1,1,1,10,4
hk_pairs,1507,45,1,54,2.4345,1,9937,3682,0.186937,0.220581,-0.145237,-0.120049,0.475782,1.05,1.07161,0.397541,0.313638,0.397541,0.969406,0.653617,0.324686,0.241878,420,133,0.102127,1,1,1,2,6
hk_pairs,1508,45,1,197,5.40227,1,6470,3682,0.0838451,0.227665,-0.145237,-0.120049,0.416393,1.05,1.08162,0.687159,0.525501,0.687159,0.957911,0.536552,0.537091,0.469127,420,133,0.0784308,1,1,1,0,6
hk_pairs,1509,45,1,10,1.07922,0,6119,5905,0.0508642,-0.333344,0.030447,-0.17753,0.157245,1.05,1.09857,0.508197,0.471084,0.54918,0.91908,0.333411,0.773576,0.708055,420,133,0.0781261,-1,1,1,10,8
hk_pairs,1510,45,1,329,3.07509,1,6120,5905,0.0509748,0.0237045,0.030447,-0.17753,0.202457,1.05,0.95,0.381148,0.369649,0.434426,0.888758,0.399544,0.512739,0.443667,420,133,0.10061,1,1,1,5,8
hk_pairs,1511,45,1,199,5.78638,1,6355,310,0.0776005,-0.248301,-0.219474,0.0443707,0.417025,1.05,1.06915,0.692623,0.510929,0.692623,0.99122,0.613613,0.650723,0.589448,420,133,0.0803298,1,1,1,8,4
hk_pairs,1512,45,1,286,0.379754,0,5732,9955,0.0032053,-0.347618,0.202683,-0.118843,0.303572,1.05,1.11038,0.657104,0.523338,0.661202,0.944334,0.502711,0.655675,0.572922,420,133,0.0799715,1,1,1,10,7
hk_pairs,1513,45,1,143,3.97925,0,4100,9841,-0.141575,-0.163162,0.197027,0.204229,0.499803,1.05,1.07048,0.729508,0.515824,0.729508,0.960626,0.666567,0.512012,0.437001,420,133,0.0825818,-1,1,1,6,2
hk_pairs,1514,45,1,286,2.07157,0,5732,9955,0.0032053,-0.347618,0.202683,-0.118843,0.303572,1.05,1.08833,0.643443,0.507969,0.643443,0.966419,0.484753,0.643777,0.572491,420,133,0.0829377,-1,1,1,10,6
hk_pairs,1515,45,1,8,5.57111,1,9999,5930,0.200145,0.209965,0.0371904,-0.349297,0.582518,1.05,0.937958,0.367486,0.282332,0.367486,0.974384,0.74057,0.274792,0.214554,420,133,0.117944,1,1,1,2,10
hk_pairs,1516,45,1,193,1.93222,1,8574,5930,0.170078,0.197699,0.0371904,-0.349297,0.562983,1.05,1.13779,0.445355,0.329577,0.445355,0.892107,0.747501,0.293932,0.229344,420,133,0.0944917,1,1,1,2,10
hk_pairs,1517,45,1,84,6.06437,1,6511,224,0.0878019,0.250875,-0.221721,0.0423927,0.373287,1.05,0.977871,0.538251,0.432036,0.546448,0.981535,0.482768,0.497842,0.422655,420,133,0.0909727,1,1,1,0,3
hk_pairs,1518,45,1,179,2.42237,1,10456,5930,0.233109,-0.0120106,0.0371904,-0.349297,0.390059,1.05,1.11823,0.45765,0.372723,0.459016,0.933653,0.57212,0.506139,0.442787,420,133,0.0940037,-1,1,1,4,10
hk_pairs,1519,45,1,337,0.340256,1,3682,6021,-0.145237,-0.120049,0.0385189,-0.17988,0.193403,1.05,1.01772,0.610656,0.513206,0.610656,0.96832,0.425446,0.695673,0.629375,420,133,0.0764168,-1,1,1,6,8
hk_pairs,1520,45,1,235,3.49431,0,2606,9955,-0.156796,0.191725,0.202683,-0.118843,0.475076,1.05,1.03715,0.729508,0.532445,0.743169,0.961169,0.621201,0.530224,0.467004,420,133,0.0858823,1,1,1,1,7
hk_pairs,1521,45,1,92,1.4684,1,9933,5905,0.182703,0.19986,0.030447,-0.17753,0.406946,1.05,0.939495,0.489071,0.387523,0.491803,0.958092,0.550303,0.441357,0.355807,420,133,0.0942008,-1,1,1,2,8
hk_pairs,1522,45,1,162,4.60012,1,5545,10964,-0.00940895,0.172716,0.284098,0.0404701,0.321986,1.05,1.17293,0.648907,0.516735,0.657104,0.963794,0.518237,0.606979,0.554127,420,133,0.0744833,1,1,1,0,3
hk_pairs,1523,45,1,193,1.64066,0,8574,4229,0.170078,0.197699,-0.12455,0.197117,0.294778,1.05,1.10723,0.448087,0.397883,0.467213,0.925416,0.416441,0.566315,0.492606,420,133,0.0947342,-1,1,1,2,1
hk_pairs,1524,45,1,149,4.19806,1,2641,9955,-0.166611,0.194302,0.202683,-0.118843,0.484319,1.05,1.06169,0.718579,0.535633,0.733607,0.923787,0.61906,0.515685,0.459788,420,133,0.0798363,-1,1,1,1,7
hk_pairs,1525,45,1,338,3.14066,0,8247,4116,0.16576,-0.127426,-0.129105,0.207911,0.446623,1.05,1.11091,0.607924,0.449681,0.607924,0.94723,0.56155,0.445034,0.367423,420,133,0.0839718,-1,1,1,7,2
hk_pairs,1526,45,1,345,4.63101,0,9708,5930,0.179444,0.202303,0.0371904,-0.349297,0.569647,1.05,1.11632,0.454918,0.347791,0.460383,0.955558,0.712497,0.332806,0.283333,420,133,0.0992529,-1,1,1,2,10
hk_pairs,1527,45,1,100,1.00015,1,8821,4108,0.195513,0.18189,-0.147857,-0.339954,0.624796,1.05,1.10524,0.594262,0.425319,0.594262,0.953023,0.812229,0.398535,0.302089,420,133,0.0975394,-1,1,1,2,11
hk_pairs,1528,45,1,227,1.0627,1,6895,5905,0.117936,0.22892,0.030447,-0.17753,0.415835,1.05,1.1615,0.465847,0.374089,0.467213,0.973479,0.607761,0.406685,0.326062,420,133,0.102927,-1,1,1,0,8
hk_pairs,1529,45,1,327,5.25962,0,9518,4229,0.186737,-0.138107,-0.12455,0.197117,0.45755,1.05,1.04588,0.695355,0.545879,0.695355,0.969497,0.557919,0.524425,0.447426,420,133,0.0771118,-1,1,1,7,1
hk_pairs,1530,45,1,186,0.495518,1,2504,9841,-0.170369,-0.154715,0.197027,0.204229,0.513661,1.05,1.07469,0.721312,0.541211,0.721312,0.963704,0.629473,0.501705,0.427499,420,133,0.0824773,1,1,1,6,2
hk_pairs,1531,45,1,78,2.36437,1,324,6053,-0.22358,0.0506763,0.0478668,0.239101,0.330827,1.05,1.17152,0.460383,0.390027,0.472678,0.929218,0.501724,0.494235,0.423207,420,133,0.104258,-1,1,1,3,0
hk_pairs,1532,45,1,282,5.99037,0,5785,10964,0.0100203,-0.333939,0.284098,0.0404701,0.464024,1.05,1.07495,0.814208,0.623065,0.814208,0.978458,0.57589,0.78792,0.760753,420,133,0.0716881,1,1,1,10,3
hk_pairs,1533,45,1,92,3.51839,1,9933,3892,0.182703,0.19986,-0.136424,-0.123369,0.45425,1.05,1.05234,0.668033,0.500683,0.668033,0.967505,0.589022,0.519194,0.445333,420,133,0.0826421,-1,1,1,2,7
hk_pairs,1534,45,1,298,6.11279,0,5919,9955,0.0272675,-0.319218,0.202683,-0.118843,0.266314,1.05,1.17875,0.717213,0.587659,0.717213,0.925235,0.418671,0.729505,0.664284,420,133,0.136762,1,1,1,10,7
hk_pairs,1535,45,1,338,0.502448,0,8247,5939,0.16576,-0.127426,0.0334406,0.0661564,0.234484,1.05,1.0011,0.547814,0.503074,0.569672,0.954019,0.389624,0.634276,0.562597,420,133,0.102251,-1,1,1,7,5
hk_pairs,1536,45,1,233,5.85965,1,5612,9955,-0.00146675,0.233496,0.202683,-0.118843,0.407233,1.05,1.15523,0.879781,0.627277,0.879781,0.988052,0.578815,0.612154,0.545594,420,132,0.0763094,-1,1,1,0,7
hk_pairs,1537,45,1,312,0.525438,1,2296,6053,-0.170065,0.173468,0.0478668,0.239101,0.227645,1.05,1.02754,0.685792,0.541098,0.685792,0.974928,0.361105,0.655548,0.587865,420,132,0.106235,1,1,1,1,0
hk_pairs,1538,45,1,69,0.439986,1,6992,3892,0.133078,-0.357527,-0.136424,-0.123369,0.357052,1.05,1.02531,0.452186,0.378757,0.463115,0.904236,0.495737,0.540696,0.440074,420,132,0.0905348,-1,1,1,11,7
hk_pairs,1539,45,1,184,4.28204,0,6043,224,0.048605,-0.316998,-0.221721,0.0423927,0.449708,1.05,0.972499,0.745902,0.582195,0.75,0.987509,0.5992,0.737815,0.67419,420,132,0.0750166,1,1,1,10,3
hk_pairs,1540,45,1,183,5.06067,1,4310,9841,-0.132963,-0.342716,0.197027,0.204229,0.638907,1.05,1.05795,0.561475,0.412682,0.561475,0.95429,0.760659,0.371133,0.30209,420,132,0.0769556,1,1,1,9,2
hk_pairs,1541,45,1,231,5.72411,1,6617,224,0.0955315,-0.347029,-0.221721,0.0423927,0.502692,1.05,1.01583,0.730874,0.557036,0.730874,0.961351,0.647669,0.719199,0.656733,420,132,0.0831565,-1,1,1,11,3
hk_pairs,1542,45,1,155,2.22101,1,64,5978,-0.233828,0.0385914,0.036871,0.0694427,0.27246,1.05,1.23945,0.398907,0.361908,0.42623,0.947864,0.430997,0.494359,0.436476,420,132,0.0903412,1,1,1,3,5
hk_pairs,1543,45,1,3,5.41148,0,6806,4108,0.10325,0.0450993,-0.147857,-0.339954,0.460143,1.05,0.96403,0.677596,0.520036,0.677596,0.926322,0.574409,0.61521,0.551031,420,132,0.0821068,1,1,1,5,9
hk_pairs,1544,45,1,233,1.1037,1,5612,9955,-0.00146675,0.233496,0.202683,-0.118843,0.407233,1.05,0.992333,0.840164,0.599271,0.840164,0.993211,0.542757,0.608012,0.542352,420,132,0.0778275,-1,1,1,0,7
hk_pairs,1545,45,1,268,1.02447,0,5413,6053,-0.0280609,-0.205898,0.0478668,0.239101,0.451492,1.05,1.06011,0.528689,0.407787,0.528689,0.969044,0.594995,0.363758,0.282782,420,132,0.0876374,1,1,1,8,0
hk_pairs,1546,45,1,82,2.65655,1,9822,224,0.200569,-0.095808,-0.221721,0.0423927,0.444333,1.05,1.05828,0.681694,0.509108,0.70082,0.96126,0.628563,0.557521,0.493599,420,132,0.0791295,1,1,1,7,3
hk_pairs,1547,45,1,222,0.183794,0,3934,5930,-0.151329,-0.294903,0.0371904,-0.349297,0.19624,1.05,0.965761,0.800546,0.619763,0.822404,0.986332,0.367086,0.862865,0.79169,420,132,0.0713548,-1,1,1,9,10
hk_pairs,1548,45,1,31,5.49525,1,6472,5905,0.0860271,-0.329134,0.030447,-0.17753,0.162019,1.05,1.06072,0.510929,0.464367,0.512295,0.901249,0.341383,0.797318,0.726815,420,132,0.0820247,1,1,1,11,8
hk_pairs,1549,45,1,268,5.08165,0,5413,9841,-0.0280609,-0.205898,0.197027,0.204229,0.467893,1.05,1.1017,0.523224,0.383197,0.523224,0.973479,0.664662,0.356541,0.291742,420,132,0.0814363,-1,1,1,8,2
hk_pairs,1550,45,1,282,3.73144,0,5785,10964,0.0100203,-0.333939,0.284098,0.0404701,0.464024,1.05,1.06567,0.844262,0.65255,0.844262,0.980902,0.58581,0.784741,0.757534,420,132,0.0720183,-1,1,1,10,3
hk_pairs,1551,45,1,287,3.83075,0,1051,9841,-0.206388,0.0350857,0.197027,0.204229,0.438203,1.05,1.09459,0.706284,0.500228,0.706284,0.962346,0.608826,0.466049,0.384711,420,132,0.0983521,1,1,1,3,2
hk_pairs,1552,45,1,71,4.41507,1,5804,10195,0.0184364,-0.361752,0.216139,-0.341412,0.198972,1.05,1.02968,0.670765,0.552937,0.670765,0.950217,0.309056,0.855689,0.810485,420,132,0.0742455,1,1,1,10,11
hk_pairs,1553,45,1,281,2.99459,1,5959,9747,0.0328846,-0.188906,0.196574,0.196699,0.418935,1.05,1.02996,0.5,0.382628,0.5,0.959178,0.572801,0.367935,0.305428,420,132,0.0900919,-1,1,1,8,1
hk_pairs,1554,45,1,39,5.50623,1,4259,5978,-0.13482,-0.326654,0.036871,0.0694427,0.43176,1.05,1.10952,0.521858,0.444445,0.532787,0.935644,0.590106,0.525498,0.451815,420,132,0.0809388,-1,1,1,9,5
hk_pairs,1555,45,1,290,2.04426,1,4930,9841,-0.0828028,-0.344391,0.197027,0.204229,0.615864,1.05,1.07123,0.502732,0.364413,0.502732,0.982802,0.748311,0.289112,0.226349,420,132,0.0885865,1,1,1,9,2
hk_pairs,1556,45,1,27,1.21572,0,8788,4116,0.173862,-0.131302,-0.129105,0.207911,0.454895,1.05,1.09346,0.696721,0.512978,0.696721,0.961079,0.574687,0.494951,0.415823,420,132,0.0843214,1,1,1,7,2
hk_pairs,1557,45,1,64,0.647439,1,3105,6053,-0.148814,0.158411,0.0478668,0.239101,0.21259,1.05,1.04738,0.642077,0.496471,0.642077,0.985337,0.34075,0.65391,0.584342,420,132,0.0928875,-1,1,1,1,0
hk_pairs,1558,45,1,100,0.197941,0,8821,5905,0.195513,0.18189,0.030447,-0.17753,0.395695,1.05,0.994747,0.43306,0.405169,0.448087,0.871379,0.578538,0.461413,0.360725,420,132,0.0953655,1,1,1,2,8
hk_pairs,1559,45,1,161,4.59152,0,2296,10195,-0.170065,0.173468,0.216139,-0.341412,0.643645,1.05,1.11355,0.691257,0.494308,0.691257,0.990134,0.794037,0.533972,0.495213,420,132,0.0846766,1,1,1,1,9
hk_pairs,1560,45,1,244,0.628807,0,4636,6053,-0.117997,-0.342522,0.0478668,0.239101,0.604878,1.05,1.04713,0.572404,0.42566,0.572404,0.989862,0.763004,0.395126,0.329564,420,132,0.102295,1,1,1,9,0
hk_pairs,1561,45,1,91,2.23135,1,10121,4108,0.219951,0.0363712,-0.147857,-0.339954,0.526239,1.05,0.986455,0.797814,0.586066,0.812842,0.979272,0.62847,0.670982,0.605137,420,132,0.0843198,1,1,1,4,9
hk_pairs,1562,45,1,312,5.73218,1,2296,6053,-0.170065,0.173468,0.0478668,0.239101,0.227645,1.05,0.997604,0.695355,0.526753,0.698087,0.945239,0.441109,0.65437,0.586704,420,132,0.101489,1,1,1,1,0
hk_pairs,1563,45,1,183,2.16601,0,4310,5978,-0.132963,-0.342716,0.036871,0.0694427,0.445957,1.05,1.10306,0.554645,0.439891,0.564208,0.926231,0.640695,0.534998,0.449474,420,132,0.0871127,-1,1,1,9,5
hk_pairs,1564,45,1,202,0.937904,1,144,9955,-0.231685,0.0509739,0.202683,-0.118843,0.466411,1.05,1.04724,0.622951,0.46801,0.622951,0.945239,0.627179,0.453075,0.400846,420,132,0.0842845,1,1,1,3,7
hk_pairs,1565,45,1,215,5.72851,0,507,9747,-0.208078,0.0250587,0.196574,0.196699,0.439584,1.05,1.11667,0.898907,0.626138,0.898907,0.996017,0.608888,0.554471,0.47656,420,132,0.102578,1,1,1,3,1
hk_pairs,1566,45,1,105,1.25135,0,6653,5905,0.101108,-0.290789,0.030447,-0.17753,0.134157,1.05,0.948809,0.418033,0.48133,0.52459,0.936278,0.258526,0.797133,0.735701,420,132,0.0728525,-1,1,1,11,8
hk_pairs,1567,45,1,327,0.720369,1,9518,5930,0.186737,-0.138107,0.0371904,-0.349297,0.258925,1.05,0.982887,0.857924,0.673042,0.901639,0.980992,0.423073,0.863241,0.799566,420,132,0.076338,1,1,1,7,10
hk_pairs,1568,45,1,286,5.50812,1,5732,9955,0.0032053,-0.347618,0.202683,-0.118843,0.303572,1.05,1.09628,0.669399,0.517304,0.669399,0.958273,0.494124,0.648922,0.574369,420,132,0.07882,-1,1,1,10,6
hk_pairs,1569,45,1,132,2.09624,0,6771,3892,0.110125,-0.342058,-0.136424,-0.123369,0.329601,1.05,1.00305,0.596995,0.459358,0.596995,0.968954,0.494877,0.597374,0.471046,420,132,0.0774473,1,1,1,11,7
hk_pairs,1570,45,1,27,5.18268,0,8788,4108,0.173862,-0.131302,-0.147857,-0.339954,0.383555,1.05,1.01629,0.88388,0.651184,0.903006,0.997375,0.547824,0.72951,0.657637,420,132,0.0790299,1,1,1,7,11
hk_pairs,1571,45,1,267,6.13933,1,6716,310,0.111661,-0.328478,-0.219474,0.0443707,0.498751,1.05,1.05358,0.740437,0.548156,0.75,0.98769,0.647547,0.705257,0.644771,420,132,0.0794305,-1,1,1,11,4
hk_pairs,1572,45,1,327,1.20893,0,9518,224,0.186737,-0.138107,-0.221721,0.0423927,0.446649,1.05,0.982757,0.599727,0.477004,0.599727,0.971488,0.586302,0.530946,0.466307,420,132,0.0816092,1,1,1,7,3
hk_pairs,1573,45,1,31,3.77507,0,6472,5930,0.0860271,-0.329134,0.0371904,-0.349297,0.0544888,1.05,0.994393,0.535519,0.491576,0.551913,0.930304,0.253253,0.87969,0.841607,420,132,0.0699832,1,1,1,11,10
hk_pairs,1574,45,1,277,3.11044,1,2945,6053,-0.153891,0.22728,0.0478668,0.239101,0.202103,1.05,0.882295,0.547814,0.443648,0.547814,0.94723,0.329705,0.636153,0.563721,420,132,0.0782461,-1,1,1,1,0
hk_pairs,1575,45,1,174,3.072,0,9442,5905,0.233411,0.0544262,0.030447,-0.17753,0.309014,1.05,0.964838,0.726776,0.585269,0.75,0.953114,0.499458,0.724205,0.656994,420,132,0.086155,1,1,1,4,8
hk_pairs,1576,45,1,46,2.07256,0,9358,5858,0.230137,0.0901203,0.0263662,0.235632,0.251423,1.05,1.14599,0.525956,0.443648,0.525956,0.914826,0.441714,0.643241,0.579563,420,132,0.0984338,-1,1,1,4,0
hk_pairs,1577,45,1,12,3.60119,0,5868,5930,0.0214767,-0.215532,0.0371904,-0.349297,0.134908,1.05,1.0904,0.586066,0.499431,0.586066,0.946054,0.409183,0.76135,0.695393,420,132,0.0784642,-1,1,1,8,10
hk_pairs,1578,45,1,66,0.602872,0,10754,224,0.231322,0.19311,-0.221721,0.0423927,0.477477,1.05,1.04289,0.486339,0.38832,0.486339,0.930938,0.649753,0.38993,0.324513,420,132,0.0913175,1,1,1,2,3
hk_pairs,1579,45,1,319,2.13001,1,6265,5858,0.0644598,0.127008,0.0263662,0.235632,0.115109,1.05,0.920644,0.468579,0.39219,0.468579,0.958364,0.273911,0.617571,0.568176,420,132,0.0773157,-1,1,1,5,0
hk_pairs,1580,45,1,329,0.854541,1,6120,5930,0.0509748,0.0237045,0.0371904,-0.349297,0.373352,1.05,0.992575,0.453552,0.348588,0.453552,0.937002,0.513176,0.415019,0.340076,420,132,0.117408,-1,1,1,5,10
hk_pairs,1581,45,1,329,1.1904,0,6120,4229,0.0509748,0.0237045,-0.12455,0.197117,0.246887,1.05,0.98098,0.540984,0.423383,0.540984,0.905503,0.382962,0.520869,0.441988,420,132,0.0839249,1,1,1,5,1
hk_pairs,1582,45,1,46,0.901741,1,9358,4108,0.230137,0.0901203,-0.147857,-0.339954,0.573028,1.05,0.986319,0.781421,0.564435,0.788251,0.972574,0.686021,0.636813,0.573593,420,132,0.0960751,1,1,1,4,11
hk_pairs,1583,45,1,183,3.37547,0,4310,9955,-0.132963,-0.342716,0.202683,-0.118843,0.403542,1.05,1.03557,0.882514,0.653119,0.882514,0.986242,0.51229,0.711008,0.651901,420,132,0.0785169,-1,1,1,9,6
hk_pairs,1584,45,1,299,4.6612,1,5677,10195,0.00559902,0.232574,0.216139,-0.341412,0.611455,1.05,1.04345,0.580601,0.400956,0.580601,0.998371,0.731696,0.417196,0.368152,420,132,0.0886378,-1,1,1,0,11
hk_pairs,1585,45,1,162,1.76359,1,5545,10964,-0.00940895,0.172716,0.284098,0.0404701,0.321986,1.05,1.18765,0.639344,0.499772,0.639344,0.967324,0.520592,0.604542,0.553811,420,132,0.0742314,-1,1,1,0,4
hk_pairs,1586,45,1,91,0.373346,1,10121,224,0.219951,0.0363712,-0.221721,0.0423927,0.44174,1.05,1.04015,0.758197,0.561475,0.758197,0.90134,0.591778,0.592702,0.529116,420,132,0.088786,-1,1,1,4,3
hk_pairs,1587,45,1,153,2.89006,0,3537,10964,-0.146295,-0.111834,0.284098,0.0404701,0.456546,1.05,0.983575,0.610656,0.506034,0.610656,0.938903,0.593246,0.541296,0.500265,420,132,0.0829071,-1,1,1,6,4
hk_pairs,1588,45,1,100,4.65625,0,8821,5930,0.195513,0.18189,0.0371904,-0.349297,0.55441,1.05,1.12142,0.864754,0.618397,0.864754,0.976828,0.74421,0.640216,0.583264,420,132,0.0939963,1,1,1,2,10
hk_pairs,1589,45,1,199,3.08074,1,6355,224,0.0776005,-0.248301,-0.221721,0.0423927,0.417335,1.05,1.02857,0.715847,0.530282,0.715847,0.990496,0.614801,0.656216,0.592673,420,132,0.0790107,-1,1,1,8,3
hk_pairs,1590,45,1,264,1.5656,0,9884,3682,0.195301,-0.138306,-0.145237,-0.120049,0.341162,1.05,1.151,0.601093,0.498292,0.612022,0.974747,0.459423,0.526304,0.453754,420,132,0.0784574,1,1,1,7,6
hk_pairs,1591,45,1,327,4.12429,0,9518,4229,0.186737,-0.138107,-0.12455,0.197117,0.45755,1.05,1.03483,0.748634,0.543944,0.760929,0.975471,0.577138,0.529957,0.450715,420,132,0.0797485,-1,1,1,7,1
hk_pairs,1592,45,1,91,2.30054,0,10121,4116,0.219951,0.0363712,-0.129105,0.207911,0.38896,1.05,1.08112,0.870219,0.613388,0.870219,0.977915,0.534515,0.591901,0.508842,420,132,0.0919715,-1,1,1,4,2
hk_pairs,1593,45,1,44,4.19236,1,5645,10195,-0.00140858,-0.144583,0.216139,-0.341412,0.293527,1.05,1.07535,0.75,0.569217,0.75,0.959631,0.557371,0.654459,0.603365,420,132,0.0722054,1,1,1,8,9
hk_pairs,1594,45,1,328,2.24182,1,145,9747,-0.231475,0.0557003,0.196574,0.196699,0.450694,1.05,1.09449,0.407104,0.3125,0.407104,0.927317,0.602276,0.299613,0.222907,420,132,0.0860785,-1,1,1,3,1
hk_pairs,1595,45,1,87,0.622009,1,10428,5858,0.212633,0.0399647,0.0263662,0.235632,0.27015,1.05,1.23188,0.796448,0.620105,0.796448,0.968139,0.433958,0.687689,0.621309,420,132,0.0897883,-1,1,1,4,0
hk_pairs,1596,45,1,338,2.26721,0,8247,5905,0.16576,-0.127426,0.030447,-0.17753,0.144553,1.05,1.00089,0.625683,0.541325,0.627049,0.954381,0.38003,0.774388,0.705729,420,132,0.0760321,-1,1,1,7,8
hk_pairs,1597,45,1,179,0.0609281,0,10456,4108,0.233109,-0.0120106,-0.147857,-0.339954,0.502674,1.05,1.01751,0.941257,0.653006,0.941257,0.982983,0.679983,0.703945,0.636841,420,132,0.0808894,-1,1,1,4,9
hk_pairs,1598,45,1,206,0.88293,0,8980,5930,0.221174,0.0692406,0.0371904,-0.349297,0.45777,1.05,1.14659,0.468579,0.394012,0.474044,0.946325,0.620468,0.496194,0.43726,420,132,0.0930011,1,1,1,4,10
hk_pairs,1599,45,1,90,4.18332,0,6647,3892,0.0964994,0.209301,-0.136424,-0.123369,0.406138,1.05,0.947589,0.67623,0.506831,0.677596,0.978005,0.547155,0.539823,0.451831,420,132,0.0808998,-1,1,1,0,7
hk_pairs,1600,45,1,310,0.8738,0,5736,10195,0.0107288,0.154242,0.216139,-0.341412,0.536531,1.05,1.01344,0.769126,0.555214,0.769126,0.971579,0.668754,0.472079,0.431207,420,133,0.0737513,-1,1,1,0,9
hk_pairs,1601,45,1,246,4.47031,0,3742,9955,-0.139513,-0.105675,0.202683,-0.118843,0.342478,1.05,1.07092,0.557377,0.474158,0.569672,0.983526,0.435844,0.481397,0.441013,420,133,0.077062,1,1,1,6,7
hk_pairs,1602,45,1,24,2.51332,1,2921,5978,-0.174654,-0.295691,0.036871,0.0694427,0.421978,1.05,1.08274,0.569672,0.468807,0.576503,0.972122,0.563019,0.523223,0.454145,420,133,0.0779978,-1,1,1,9,5
hk_pairs,1603,45,1,224,4.7577,1,5733,9955,0.00331974,-0.348007,0.202683,-0.118843,0.30379,1.05,1.07901,0.624317,0.485883,0.624317,0.96479,0.479757,0.632163,0.556746,420,133,0.0823968,1,1,1,10,7
hk_pairs,1604,45,1,222,3.59223,0,3934,9955,-0.151329,-0.294903,0.202683,-0.118843,0.395377,1.05,1.07793,0.420765,0.34005,0.420765,0.826575,0.568013,0.514585,0.470784,420,133,0.076355,1,1,1,9,7
hk_pairs,1605,45,1,132,4.26502,1,6771,3682,0.110125,-0.342058,-0.145237,-0.120049,0.338527,1.05,1.02744,0.842896,0.605988,0.842896,0.979182,0.509778,0.772913,0.665757,420,133,0.0756832,-1,1,1,11,6
hk_pairs,1606,45,1,241,4.92734,1,3662,6021,-0.153935,-0.152021,0.0385189,-0.17988,0.194609,1.05,1.08171,0.595628,0.497723,0.595628,0.963161,0.36672,0.707566,0.641129,420,133,0.0770051,-1,1,1,6,8
hk_pairs,1607,45,1,10,4.66322,0,6119,4108,0.0508642,-0.333344,-0.147857,-0.339954,0.19891,1.05,0.888419,0.777322,0.594945,0.777322,0.991944,0.374702,0.780472,0.707367,420,133,0.0745603,-1,1,1,10,11
hk_pairs,1608,45,1,132,3.40465,0,6771,3892,0.110125,-0.342058,-0.136424,-0.123369,0.329601,1.05,1.06315,0.821038,0.605305,0.821038,0.978096,0.460714,0.735836,0.658941,420,133,0.078536,-1,1,1,11,7
hk_pairs,1609,45,1,282,5.41213,1,5785,10195,0.0100203,-0.333939,0.216139,-0.341412,0.206321,1.05,1.1086,0.685792,0.541439,0.685792,0.983979,0.347325,0.834817,0.787087,420,133,0.0724648,-1,1,1,10,11
hk_pairs,1610,45,1,106,4.11151,1,8738,310,0.188034,0.180145,-0.219474,0.0443707,0.429532,1.05,1.03348,0.460383,0.361225,0.460383,0.896271,0.586082,0.384522,0.32268,420,133,0.0961268,1,1,1,2,4
hk_pairs,1611,45,1,227,4.38744,0,6895,5905,0.117936,0.22892,0.030447,-0.17753,0.415835,1.05,0.972175,0.441257,0.363274,0.441257,0.972393,0.587965,0.411777,0.32578,420,133,0.1061,-1,1,1,0,8
hk_pairs,1612,45,1,345,6.0959,1,9708,5930,0.179444,0.202303,0.0371904,-0.349297,0.569647,1.05,1.11026,0.487705,0.365096,0.487705,0.986242,0.7326,0.342561,0.28703,420,133,0.0957402,1,1,1,2,10
hk_pairs,1613,45,1,331,4.84748,0,6022,5858,0.0380592,-0.34828,0.0263662,0.235632,0.58411,1.05,1.09306,0.483607,0.346312,0.483607,0.972484,0.751973,0.359856,0.274761,420,133,0.10591,1,1,1,10,0
hk_pairs,1614,45,1,331,1.92862,1,6022,4108,0.0380592,-0.34828,-0.147857,-0.339954,0.186356,1.05,1.01028,0.726776,0.556466,0.726776,0.983164,0.363197,0.805183,0.73147,420,133,0.0770347,-1,1,1,10,11
hk_pairs,1615,45,1,71,3.40764,1,5804,6053,0.0184364,-0.361752,0.0478668,0.239101,0.601573,1.05,1.10319,0.748634,0.521744,0.748634,0.987781,0.738475,0.4573,0.38908,420,133,0.088453,-1,1,1,10,0
hk_pairs,1616,45,1,193,2.4842,1,8574,4108,0.170078,0.197699,-0.147857,-0.339954,0.624693,1.05,1.09849,0.736339,0.532673,0.736339,0.958273,0.777254,0.560162,0.480833,420,133,0.0798736,1,1,1,2,11
hk_pairs,1617,45,1,290,3.40966,1,4930,9955,-0.0828028,-0.344391,0.202683,-0.118843,0.363859,1.05,1.0456,0.92623,0.662227,0.92623,0.996923,0.547765,0.768525,0.69765,420,133,0.0754086,-1,1,1,9,7
hk_pairs,1618,45,1,277,0.281187,0,2945,6053,-0.153891,0.22728,0.0478668,0.239101,0.202103,1.05,0.905099,0.558743,0.439777,0.558743,0.977824,0.321539,0.645176,0.573017,420,133,0.0768257,-1,1,1,1,0
hk_pairs,1619,45,1,235,0.19069,0,2606,10195,-0.156796,0.191725,0.216139,-0.341412,0.650696,1.05,1.01263,0.688525,0.50148,0.688525,0.984522,0.793454,0.53963,0.499386,420,133,0.0845112,-1,1,1,1,9
hk_pairs,1620,45,1,215,3.47308,1,507,9955,-0.208078,0.0250587,0.202683,-0.118843,0.435267,1.05,0.984913,0.624317,0.455032,0.624317,0.982621,0.606103,0.465701,0.415119,420,133,0.106167,-1,1,1,3,6
hk_pairs,1621,45,1,206,2.45711,0,8980,4108,0.221174,0.0692406,-0.147857,-0.339954,0.551503,1.05,1.0239,0.840164,0.591872,0.840164,0.955195,0.744608,0.650768,0.585361,420,133,0.0859595,-1,1,1,4,9
hk_pairs,1622,45,1,114,1.49823,0,5668,9955,0.00233459,0.0733776,0.202683,-0.118843,0.277682,1.05,1.05087,0.325137,0.26924,0.325137,0.883689,0.455612,0.348465,0.269404,420,133,0.11038,-1,1,1,5,7
hk_pairs,1623,45,1,72,4.97467,0,504,6021,-0.210823,0.0496616,0.0385189,-0.17988,0.338917,1.05,1.05025,0.673497,0.531193,0.680328,0.956372,0.5225,0.659846,0.595108,420,133,0.0961355,-1,1,1,3,8
hk_pairs,1624,45,1,44,5.85272,1,5645,5978,-0.00140858,-0.144583,0.036871,0.0694427,0.217422,1.05,0.972617,0.453552,0.401298,0.454918,0.949855,0.406423,0.496908,0.424046,420,133,0.0956351,1,1,1,8,5
hk_pairs,1625,45,1,71,5.82194,0,5804,9841,0.0184364,-0.361752,0.197027,0.204229,0.593489,1.05,1.07254,0.439891,0.320469,0.439891,0.982802,0.758865,0.272327,0.197336,420,133,0.097674,-1,1,1,10,2
hk_pairs,1626,45,1,153,3.91556,1,3537,6053,-0.146295,-0.111834,0.0478668,0.239101,0.401067,1.05,1.06181,0.698087,0.520378,0.698087,0.969316,0.593474,0.443042,0.386226,420,133,0.0912727,1,1,1,6,0
hk_pairs,1627,45,1,299,1.82237,1,5677,9955,0.00559902,0.232574,0.202683,-0.118843,0.402934,1.05,1.16415,0.572404,0.422245,0.572404,0.983979,0.565828,0.448976,0.383342,420,133,0.0880155,-1,1,1,0,7
hk_pairs,1628,45,1,323,4.26726,1,9776,5939,0.192118,-0.121008,0.0334406,0.0661564,0.245525,1.05,1.17055,0.590164,0.520378,0.590164,0.872013,0.432822,0.632181,0.567797,420,133,0.0777781,-1,1,1,7,5
hk_pairs,1629,45,1,115,5.17646,1,3069,10964,-0.143905,-0.0775318,0.284098,0.0404701,0.443971,1.05,1.12414,0.642077,0.486794,0.642077,0.949765,0.644498,0.54142,0.502661,420,133,0.0779092,-1,1,1,6,4
hk_pairs,1630,45,1,280,3.93422,0,3801,5930,-0.15529,-0.32687,0.0371904,-0.349297,0.193825,1.05,1.08087,0.758197,0.617942,0.769126,0.97538,0.350744,0.857598,0.788227,420,133,0.0715581,-1,1,1,9,10
hk_pairs,1631,45,1,186,2.01292,0,2504,6021,-0.170369,-0.154715,0.0385189,-0.17988,0.210412,1.05,1.1597,0.628415,0.513661,0.629781,0.976376,0.405945,0.714626,0.650666,420,133,0.0778787,-1,1,1,6,8
hk_pairs,1632,45,1,153,5.15122,1,3537,5930,-0.146295,-0.111834,0.0371904,-0.349297,0.300093,1.05,0.960461,0.922131,0.66735,0.922131,0.988595,0.523138,0.76343,0.700927,420,133,0.0766051,-1,1,1,6,10
hk_pairs,1633,45,1,90,4.65808,1,6647,224,0.0964994,0.209301,-0.221721,0.0423927,0.359336,1.05,0.920131,0.588798,0.449567,0.588798,0.972665,0.483467,0.505512,0.438095,420,133,0.0829384,-1,1,1,0,3
hk_pairs,1634,45,1,19,0.407583,0,4470,5930,-0.109414,0.186338,0.0371904,-0.349297,0.555336,1.05,0.968919,0.64071,0.471881,0.64071,0.987147,0.717119,0.494598,0.417856,420,133,0.0974124,1,1,1,1,10
hk_pairs,1635,45,1,310,0.397519,0,5736,6021,0.0107288,0.154242,0.0385189,-0.17988,0.335279,1.05,1.05278,0.489071,0.3824,0.489071,0.914555,0.484086,0.442807,0.351792,420,133,0.104784,-1,1,1,0,8
hk_pairs,1636,45,1,143,2.58661,1,4100,6053,-0.141575,-0.163162,0.0478668,0.239101,0.444836,1.05,1.06778,0.722678,0.536544,0.741803,0.988957,0.599444,0.465255,0.40752,420,133,0.0920637,1,1,1,6,0
hk_pairs,1637,45,1,186,3.82371,1,2504,10195,-0.170369,-0.154715,0.216139,-0.341412,0.429258,1.05,1.05147,0.830601,0.611111,0.837432,0.985789,0.553886,0.69068,0.648682,420,133,0.0798831,-1,1,1,6,9
hk_pairs,1638,45,1,246,1.47123,1,3742,6021,-0.139513,-0.105675,0.0385189,-0.17988,0.193027,1.05,1.0429,0.587432,0.501594,0.587432,0.966057,0.390311,0.697484,0.633117,420,133,0.076411,-1,1,1,6,8
hk_pairs,1639,45,1,328,2.94516,0,145,9747,-0.231475,0.0557003,0.196574,0.196699,0.450694,1.05,1.03077,0.430328,0.324226,0.430328,0.895094,0.595222,0.318961,0.238037,420,133,0.0915654,1,1,1,3,1
hk_pairs,1640,45,1,153,3.80808,0,3537,6021,-0.146295,-0.111834,0.0385189,-0.17988,0.197064,1.05,1.05118,0.592896,0.504668,0.592896,0.958726,0.405777,0.696785,0.630656,420,133,0.132465,-1,1,1,6,8
hk_pairs,1641,45,1,103,6.12331,1,7750,224,0.152654,-0.326788,-0.221721,0.0423927,0.525842,1.05,1.03366,0.655738,0.540756,0.655738,0.974022,0.645502,0.694803,0.628883,420,133,0.0743301,-1,1,1,11,3
hk_pairs,1642,45,1,329,3.52702,0,6120,5858,0.0509748,0.0237045,0.0263662,0.235632,0.213521,1.05,0.976496,0.562842,0.448884,0.562842,0.961169,0.378002,0.525178,0.455216,420,133,0.10764,-1,1,1,5,0
hk_pairs,1643,45,1,105,2.65129,0,6653,5930,0.101108,-0.290789,0.0371904,-0.349297,0.0876728,1.05,1.27268,0.59153,0.51571,0.592896,0.957639,0.285492,0.872546,0.825233,420,133,0.0742048,1,1,1,11,10
hk_pairs,1644,45,1,282,6.09113,0,5785,9841,0.0100203,-0.333939,0.197027,0.204229,0.569749,1.05,1.0999,0.554645,0.407332,0.554645,0.961351,0.718025,0.32218,0.261316,420,133,0.0876112,-1,1,1,10,2
hk_pairs,1645,45,1,175,1.83439,0,5584,6021,-0.00548744,0.10948,0.0385189,-0.17988,0.292693,1.05,1.078,0.497268,0.372496,0.497268,0.978458,0.455206,0.44143,0.364793,420,133,0.107216,-1,1,1,5,8
hk_pairs,1646,45,1,54,2.11188,0,9937,4108,0.186937,0.220581,-0.147857,-0.339954,0.652907,1.05,1.1314,0.73224,0.51332,0.73224,0.97719,0.815854,0.548964,0.485941,420,133,0.0828387,1,1,1,2,9
hk_pairs,1647,45,1,319,5.91311,0,6265,4116,0.0644598,0.127008,-0.129105,0.207911,0.209791,1.05,1.06186,0.484973,0.383311,0.484973,0.932295,0.335481,0.498722,0.423633,420,133,0.0933456,1,1,1,5,2
hk_pairs,1648,45,1,323,2.88171,1,9776,4108,0.192118,-0.121008,-0.147857,-0.339954,0.404376,1.05,1.09933,0.978142,0.692395,0.978142,0.973932,0.598143,0.7283,0.658689,420,133,0.0823685,1,1,1,7,9
hk_pairs,1649,45,1,82,4.9618,1,9822,5939,0.200569,-0.095808,0.0334406,0.0661564,0.232828,1.05,0.900194,0.536885,0.502846,0.547814,0.95429,0.373185,0.634882,0.567523,420,133,0.0973282,-1,1,1,7,5
hk_pairs,1650,45,1,91,0.300021,0,10121,3682,0.219951,0.0363712,-0.145237,-0.120049,0.397308,1.05,1.10695,0.577869,0.460269,0.584699,0.931843,0.578986,0.476818,0.407241,420,133,0.0924332,-1,1,1,4,6
hk_pairs,1651,45,1,298,6.28068,1,5919,5978,0.0272675,-0.319218,0.036871,0.0694427,0.388824,1.05,0.980718,0.493169,0.421448,0.5,0.94542,0.528335,0.50835,0.438457,420,133,0.0983671,1,1,1,10,5
hk_pairs,1652,45,1,126,0.597438,1,6357,3892,0.0781794,-0.235918,-0.136424,-0.123369,0.242377,1.05,1.0208,0.628415,0.488388,0.628415,0.986875,0.423326,0.653616,0.576931,420,133,0.0783574,-1,1,1,8,7
hk_pairs,1653,45,1,290,1.35546,0,4930,6053,-0.0828028,-0.344391,0.0478668,0.239101,0.597945,1.05,1.07634,0.480874,0.36612,0.480874,0.95239,0.750019,0.391122,0.304235,420,133,0.0966513,-1,1,1,9,0
hk_pairs,1654,45,1,199,6.01608,1,6355,310,0.0776005,-0.248301,-0.219474,0.0443707,0.417025,1.05,1.05127,0.715847,0.530624,0.715847,0.993664,0.614394,0.654462,0.593233,420,133,0.0798939,1,1,1,8,4
hk_pairs,1655,45,1,280,5.61899,1,3801,5930,-0.15529,-0.32687,0.0371904,-0.349297,0.193825,1.05,1.07761,0.736339,0.610087,0.748634,0.96823,0.343204,0.858028,0.788446,420,133,0.0704507,-1,1,1,9,10
hk_pairs,1656,45,1,183,0.533241,0,4310,9747,-0.132963,-0.342716,0.196574,0.196699,0.632172,1.05,1.09495,0.758197,0.551457,0.758197,0.971579,0.731424,0.591307,0.522447,420,133,0.0771435,-1,1,1,9,1
hk_pairs,1657,45,1,91,5.05207,1,10121,3682,0.219951,0.0363712,-0.145237,-0.120049,0.397308,1.05,0.989278,0.607924,0.442395,0.607924,0.98244,0.595398,0.473866,0.404315,420,133,0.0876937,-1,1,1,4,6
hk_pairs,1658,45,1,244,3.76437,1,4636,5930,-0.117997,-0.342522,0.0371904,-0.349297,0.155597,1.05,1.06481,0.598361,0.498748,0.610656,0.976828,0.32748,0.861639,0.793526,420,133,0.0745367,-1,1,1,9,10
hk_pairs,1659,45,1,267,3.78312,1,6716,5939,0.111661,-0.328478,0.0334406,0.0661564,0.402403,1.05,1.12469,0.60929,0.49704,0.60929,0.986242,0.54884,0.617752,0.549193,420,133,0.083785,1,1,1,11,5
hk_pairs,1660,45,1,267,2.97997,0,6716,3892,0.111661,-0.328478,-0.136424,-0.123369,0.321933,1.05,1.11046,0.442623,0.384677,0.449454,0.949493,0.5063,0.580162,0.459121,420,133,0.0858377,1,1,1,11,7
hk_pairs,1661,45,1,91,2.62964,0,10121,4108,0.219951,0.0363712,-0.147857,-0.339954,0.526239,1.05,1.01945,0.896175,0.618397,0.896175,0.968501,0.736111,0.676793,0.611194,420,133,0.0901884,1,1,1,4,9
hk_pairs,1662,45,1,54,2.35529,0,9937,3682,0.186937,0.220581,-0.145237,-0.120049,0.475782,1.05,0.934051,0.360656,0.286999,0.360656,0.989229,0.636839,0.307778,0.239788,420,133,0.108018,-1,1,1,2,6
hk_pairs,1663,45,1,78,1.39188,1,324,6021,-0.22358,0.0506763,0.0385189,-0.17988,0.349177,1.05,0.982353,0.625683,0.527664,0.631148,0.963342,0.497459,0.664417,0.602067,420,133,0.100032,1,1,1,3,8
hk_pairs,1664,45,1,54,2.80078,0,9937,5930,0.186937,0.220581,0.0371904,-0.349297,0.589224,1.05,1.1596,0.401639,0.301913,0.401639,0.991854,0.791556,0.280542,0.207776,420,130,0.110994,1,1,1,2,10
hk_pairs,1665,45,1,286,6.20941,0,5732,6021,0.0032053,-0.347618,0.0385189,-0.17988,0.171425,1.05,1.12775,0.551913,0.50592,0.580601,0.947592,0.359636,0.761191,0.692717,420,130,0.0779657,1,1,1,10,8
hk_pairs,1666,45,1,289,3.78676,0,10063,4108,0.254643,0.00918388,-0.147857,-0.339954,0.532855,1.05,1.0026,0.478142,0.356671,0.478142,0.88387,0.728105,0.29492,0.224087,420,130,0.0862221,-1,1,1,4,11
hk_pairs,1667,45,1,224,2.57732,0,5733,10195,0.00331974,-0.348007,0.216139,-0.341412,0.212921,1.05,1.0953,0.765027,0.583675,0.765027,0.98416,0.362448,0.835925,0.791275,420,130,0.0736733,1,1,1,10,11
hk_pairs,1668,45,1,98,1.31688,1,5863,5978,0.0214481,-0.16329,0.036871,0.0694427,0.233429,1.05,1.00314,0.502732,0.426913,0.505465,0.904598,0.422284,0.528639,0.456588,420,130,0.0966634,1,1,1,8,5
hk_pairs,1669,45,1,215,4.25815,1,507,10195,-0.208078,0.0250587,0.216139,-0.341412,0.56059,1.05,1.02619,0.823771,0.581398,0.823771,0.967324,0.719047,0.63211,0.586252,420,130,0.100584,-1,1,1,3,11
hk_pairs,1670,45,1,3,5.37382,0,6806,4229,0.10325,0.0450993,-0.12455,0.197117,0.274613,1.05,0.910022,0.527322,0.400729,0.527322,0.971035,0.418441,0.423388,0.345856,420,130,0.0888345,1,1,1,5,1
hk_pairs,1671,45,1,120,5.25044,0,6292,4229,0.0676842,0.00810242,-0.12455,0.197117,0.269719,1.05,1.02372,0.596995,0.457992,0.596995,0.951213,0.424855,0.520247,0.441026,420,130,0.0832402,1,1,1,5,1
hk_pairs,1672,45,1,328,0.599012,1,145,10195,-0.231475,0.0557003,0.216139,-0.341412,0.598379,1.05,1.01081,0.759563,0.556694,0.759563,0.946959,0.699753,0.642583,0.597599,420,130,0.0803836,1,1,1,3,11
hk_pairs,1673,45,1,323,1.78451,1,9776,5858,0.192118,-0.121008,0.0263662,0.235632,0.393275,1.05,1.10455,0.75,0.557605,0.75,0.979182,0.599599,0.529994,0.481341,420,130,0.0906674,1,1,1,7,0
hk_pairs,1674,45,1,331,3.0863,1,6022,310,0.0380592,-0.34828,-0.219474,0.0443707,0.469572,1.05,1.03036,0.77459,0.57969,0.77459,0.979815,0.603357,0.739435,0.680784,420,130,0.0768375,-1,1,1,10,4
hk_pairs,1675,45,1,72,1.38003,0,504,6053,-0.210823,0.0496616,0.0478668,0.239101,0.320782,1.05,1.13071,0.657104,0.519923,0.657104,0.937817,0.458749,0.562983,0.495874,420,130,0.0942165,-1,1,1,3,0
hk_pairs,1676,45,1,82,3.32212,1,9822,3682,0.200569,-0.095808,-0.145237,-0.120049,0.34666,1.05,1.1351,0.628415,0.472336,0.631148,0.954652,0.513609,0.499072,0.425927,420,130,0.0770883,1,1,1,7,6
hk_pairs,1677,45,1,126,4.38604,1,6357,310,0.0781794,-0.235918,-0.219474,0.0443707,0.408957,1.05,0.964244,0.627049,0.509449,0.627049,0.967777,0.57722,0.636211,0.575295,420,130,0.076112,1,1,1,8,4
hk_pairs,1678,45,1,346,3.67068,1,6883,5939,0.116501,-0.263332,0.0334406,0.0661564,0.33982,1.05,1.09,0.60929,0.500569,0.60929,0.976104,0.542013,0.625437,0.55636,420,130,0.0877448,1,1,1,11,5
hk_pairs,1679,45,1,265,5.70631,0,9994,4108,0.247507,0.00558472,-0.147857,-0.339954,0.525105,1.05,1.03294,0.445355,0.353256,0.445355,0.860065,0.671117,0.290345,0.221665,420,130,0.0848968,-1,1,1,4,9
hk_pairs,1680,45,1,44,2.59769,1,5645,10195,-0.00140858,-0.144583,0.216139,-0.341412,0.293527,1.05,1.09156,0.639344,0.532559,0.653005,0.95601,0.464767,0.641507,0.603637,420,130,0.0722144,1,1,1,8,11
hk_pairs,1681,45,1,193,2.89392,1,8574,5858,0.170078,0.197699,0.0263662,0.235632,0.148929,1.05,0.903136,0.557377,0.496585,0.583333,0.945058,0.306147,0.711679,0.640989,420,130,0.0776944,-1,1,1,2,0
hk_pairs,1682,45,1,72,5.39017,1,504,10964,-0.210823,0.0496616,0.284098,0.0404701,0.495099,1.05,1.07139,0.849727,0.614185,0.849727,0.970673,0.649223,0.614525,0.567358,420,130,0.0954943,1,1,1,3,4
hk_pairs,1683,45,1,69,1.60535,1,6992,3682,0.133078,-0.357527,-0.145237,-0.120049,0.365862,1.05,1.0805,0.327869,0.343238,0.35929,0.921705,0.511991,0.513245,0.432174,420,130,0.087657,1,1,1,11,6
hk_pairs,1684,45,1,184,2.23646,0,6043,224,0.048605,-0.316998,-0.221721,0.0423927,0.449708,1.05,1.08517,0.789618,0.594149,0.789618,0.972393,0.641206,0.724036,0.660423,420,130,0.07963,1,1,1,10,3
hk_pairs,1685,45,1,24,4.33784,0,2921,9955,-0.174654,-0.295691,0.202683,-0.118843,0.416746,1.05,1.00408,0.842896,0.61168,0.845628,0.988414,0.595888,0.680236,0.633188,420,130,0.0754513,1,1,1,9,6
hk_pairs,1686,45,1,126,3.01958,1,6357,310,0.0781794,-0.235918,-0.219474,0.0443707,0.408957,1.05,1.0351,0.706284,0.521858,0.706284,0.991582,0.610581,0.637838,0.576888,420,130,0.0790002,1,1,1,8,4
hk_pairs,1687,45,1,44,1.40511,1,5645,10195,-0.00140858,-0.144583,0.216139,-0.341412,0.293527,1.05,1.04868,0.528689,0.463456,0.558743,0.94886,0.453673,0.637616,0.601061,420,130,0.0743711,1,1,1,8,11
hk_pairs,1688,45,1,10,1.31137,0,6119,310,0.0508642,-0.333344,-0.219474,0.0443707,0.464504,1.05,1.02289,0.786885,0.576389,0.786885,0.99122,0.651801,0.733173,0.67128,420,130,0.0799849,1,1,1,10,4
hk_pairs,1689,45,1,15,5.10586,0,2437,10195,-0.165091,-0.120352,0.216139,-0.341412,0.440787,1.05,1.05342,0.797814,0.587887,0.797814,0.975833,0.548595,0.68311,0.639961,420,130,0.0837147,1,1,1,6,9
hk_pairs,1690,45,1,39,3.57361,1,4259,9747,-0.13482,-0.326654,0.196574,0.196699,0.619459,1.05,1.07472,0.76776,0.538593,0.76776,0.986694,0.751404,0.584924,0.517966,420,130,0.0790768,1,1,1,9,1
hk_pairs,1691,45,1,177,1.31105,0,6756,5939,0.104531,-0.171541,0.0334406,0.0661564,0.248249,1.05,1.16361,0.564208,0.512067,0.587432,0.951213,0.424806,0.619233,0.558209,420,130,0.0807123,-1,1,1,8,5
hk_pairs,1692,45,1,115,3.59433,1,3069,9747,-0.143905,-0.0775318,0.196574,0.196699,0.437199,1.05,1.08452,0.65847,0.511612,0.65847,0.933563,0.544247,0.511738,0.436239,420,130,0.0860091,1,1,1,6,1
hk_pairs,1693,45,1,202,5.35846,0,144,9747,-0.231685,0.0509739,0.196574,0.196699,0.452408,1.05,1.07518,0.89071,0.625683,0.89071,0.990405,0.595055,0.556455,0.474665,420,130,0.0891537,1,1,1,3,1
hk_pairs,1694,45,1,280,0.109194,1,3801,9955,-0.15529,-0.32687,0.202683,-0.118843,0.414029,1.05,1.08279,0.882514,0.626935,0.882514,0.991039,0.558581,0.72596,0.655946,420,130,0.0750955,-1,1,1,9,6
hk_pairs,1695,45,1,10,3.41196,0,6119,310,0.0508642,-0.333344,-0.219474,0.0443707,0.464504,1.05,1.00941,0.763661,0.576844,0.763661,0.992125,0.593488,0.742329,0.680406,420,130,0.0772401,1,1,1,10,4
hk_pairs,1696,45,1,27,1.29843,0,8788,5905,0.173862,-0.131302,0.030447,-0.17753,0.150931,1.05,1.17929,0.56694,0.519581,0.576503,0.908309,0.326066,0.779796,0.713738,420,130,0.0723633,1,1,1,7,8
hk_pairs,1697,45,1,268,1.72872,0,5413,5978,-0.0280609,-0.205898,0.036871,0.0694427,0.28299,1.05,1.11414,0.480874,0.408242,0.490437,0.927589,0.483597,0.50611,0.433454,420,130,0.0823862,1,1,1,8,5
hk_pairs,1698,45,1,91,4.82228,0,10121,3682,0.219951,0.0363712,-0.145237,-0.120049,0.397308,1.05,1.00681,0.595628,0.4449,0.595628,0.965152,0.567036,0.474015,0.404458,420,130,0.0890651,-1,1,1,4,6
hk_pairs,1699,45,1,331,5.97088,0,6022,3682,0.0380592,-0.34828,-0.145237,-0.120049,0.292887,1.05,1.07228,0.577869,0.479736,0.579235,0.932295,0.40479,0.627881,0.535244,420,130,0.0870459,-1,1,1,10,6
hk_pairs,1700,45,1,161,0.163671,1,2296,10964,-0.170065,0.173468,0.284098,0.0404701,0.473257,1.05,1.11536,0.901639,0.644353,0.901639,0.989772,0.604454,0.641862,0.592895,420,130,0.0878846,-1,1,1,1,4
hk_pairs,1701,45,1,220,5.27934,0,2899,10964,-0.152348,0.177713,0.284098,0.0404701,0.4579,1.05,1.04924,0.885246,0.630806,0.885246,0.996017,0.603863,0.645413,0.593795,420,130,0.0818573,1,1,1,1,4
hk_pairs,1702,45,1,235,1.23449,1,2606,6021,-0.156796,0.191725,0.0385189,-0.17988,0.419876,1.05,1.19227,0.695355,0.503757,0.695355,0.986151,0.647175,0.576542,0.48443,420,130,0.0919222,-1,1,1,1,8
hk_pairs,1703,45,1,177,2.6674,0,6756,310,0.104531,-0.171541,-0.219474,0.0443707,0.389466,1.05,1.10049,0.579235,0.447291,0.590164,0.991944,0.599506,0.550618,0.48877,420,130,0.0848606,-1,1,1,8,4
hk_pairs,1704,45,1,19,5.37343,1,4470,6053,-0.109414,0.186338,0.0478668,0.239101,0.165895,1.05,0.751079,0.528689,0.425546,0.528689,0.97538,0.29461,0.635182,0.565907,420,130,0.0835166,-1,1,1,1,0
hk_pairs,1705,45,1,114,3.06604,0,5668,5930,0.00233459,0.0733776,0.0371904,-0.349297,0.424109,1.05,0.996859,0.515027,0.374545,0.515027,0.985156,0.586839,0.47513,0.415924,420,130,0.101898,-1,1,1,5,10
hk_pairs,1706,45,1,229,4.45362,0,6569,4116,0.0888796,0.0682087,-0.129105,0.207911,0.258909,1.05,0.90863,0.530055,0.403119,0.530055,0.967053,0.409335,0.453676,0.369662,420,130,0.0884334,-1,1,1,5,2
hk_pairs,1707,45,1,202,0.125541,1,144,6053,-0.231685,0.0509739,0.0478668,0.239101,0.33709,1.05,1.16662,0.556011,0.44194,0.556011,0.911749,0.494753,0.577698,0.50811,420,130,0.090368,-1,1,1,3,0
hk_pairs,1708,45,1,246,1.35561,1,3742,10964,-0.139513,-0.105675,0.284098,0.0404701,0.448112,1.05,1.13216,0.575137,0.459813,0.595628,0.973479,0.61631,0.530767,0.490849,420,130,0.0815362,1,1,1,6,4
hk_pairs,1709,45,1,66,2.9563,1,10754,310,0.231322,0.19311,-0.219474,0.0443707,0.474724,1.05,1.02782,0.530055,0.385815,0.530055,0.939084,0.606572,0.397179,0.32611,420,130,0.0852437,-1,1,1,2,4
hk_pairs,1710,45,1,114,3.64644,1,5668,9955,0.00233459,0.0733776,0.202683,-0.118843,0.277682,1.05,1.07874,0.290984,0.255123,0.290984,0.924149,0.426985,0.348238,0.265473,420,130,0.106915,-1,1,1,5,6
hk_pairs,1711,45,1,186,6.17024,1,2504,5978,-0.170369,-0.154715,0.036871,0.0694427,0.305323,1.05,1.18005,0.486339,0.420765,0.52459,0.914555,0.466697,0.525816,0.468401,420,130,0.0982869,-1,1,1,6,5
hk_pairs,1712,45,1,58,6.25196,1,10095,4116,0.206334,-0.160353,-0.129105,0.207911,0.498137,1.05,1.01,0.81694,0.564094,0.81694,0.965605,0.686783,0.529144,0.450355,420,130,0.0748824,1,1,1,7,2
hk_pairs,1713,45,1,222,4.25945,1,3934,9955,-0.151329,-0.294903,0.202683,-0.118843,0.395377,1.05,1.16544,0.445355,0.36669,0.445355,0.975923,0.532564,0.529034,0.472686,420,130,0.0792396,1,1,1,9,7
hk_pairs,1714,45,1,331,0.0754806,1,6022,224,0.0380592,-0.34828,-0.221721,0.0423927,0.46926,1.05,1.03412,0.461749,0.36373,0.461749,0.981173,0.612299,0.397225,0.338068,420,130,0.0800676,1,1,1,10,3
hk_pairs,1715,45,1,177,0.247702,1,6756,4108,0.104531,-0.171541,-0.147857,-0.339954,0.303418,1.05,0.930014,0.851093,0.616348,0.851093,0.990315,0.49159,0.722397,0.651723,420,130,0.0779046,1,1,1,8,9
hk_pairs,1716,45,1,78,1.23695,0,324,9955,-0.22358,0.0506763,0.202683,-0.118843,0.458885,1.05,0.988978,0.644809,0.471653,0.644809,0.981173,0.637657,0.44897,0.40065,420,130,0.100243,1,1,1,3,6
hk_pairs,1717,45,1,31,1.62447,0,6472,4116,0.0860271,-0.329134,-0.129105,0.207911,0.578685,1.05,1.0292,0.594262,0.416667,0.594262,0.996741,0.754853,0.352964,0.271743,420,130,0.0803394,-1,1,1,11,2
hk_pairs,1718,45,1,15,3.69989,1,2437,10964,-0.165091,-0.120352,0.284098,0.0404701,0.47711,1.05,1.04265,0.601093,0.478939,0.61612,0.965605,0.623098,0.547398,0.504845,420,130,0.0806507,1,1,1,6,3
hk_pairs,1719,45,1,231,5.8372,1,6617,5858,0.0955315,-0.347029,0.0263662,0.235632,0.587094,1.05,1.07495,0.422131,0.340278,0.422131,0.970854,0.773794,0.407113,0.340607,420,130,0.107243,-1,1,1,11,0
hk_pairs,1720,45,1,224,0.410761,1,5733,10195,0.00331974,-0.348007,0.216139,-0.341412,0.212921,1.05,1.10409,0.769126,0.591872,0.769126,0.988233,0.368832,0.835744,0.791127,420,130,0.073877,1,1,1,10,11
hk_pairs,1721,45,1,90,4.7636,1,6647,224,0.0964994,0.209301,-0.221721,0.0423927,0.359336,1.05,0.914176,0.494536,0.38775,0.494536,0.9542,0.506197,0.375308,0.307726,420,130,0.0833897,-1,1,1,0,3
hk_pairs,1722,45,1,202,1.83149,1,144,9747,-0.231685,0.0509739,0.196574,0.196699,0.452408,1.05,1.02203,0.88388,0.612819,0.88388,0.995293,0.561434,0.55369,0.47569,420,130,0.0918375,-1,1,1,3,1
hk_pairs,1723,45,1,143,2.32367,0,4100,9747,-0.141575,-0.163162,0.196574,0.196699,0.493896,1.05,0.998975,0.693989,0.527778,0.693989,0.973117,0.660656,0.525724,0.449139,420,130,0.0807966,1,1,1,6,1
hk_pairs,1724,45,1,290,4.65734,0,4930,6021,-0.0828028,-0.344391,0.0385189,-0.17988,0.20455,1.05,1.15208,0.527322,0.45173,0.528689,0.945601,0.345943,0.733971,0.662533,420,130,0.0827734,-1,1,1,9,8
hk_pairs,1725,45,1,84,4.0979,0,6511,4108,0.0878019,0.250875,-0.147857,-0.339954,0.636152,1.05,1.09154,0.743169,0.531421,0.743169,0.951394,0.74662,0.477053,0.410133,420,130,0.0783361,-1,1,1,0,9
hk_pairs,1726,45,1,267,5.99007,1,6716,5939,0.111661,-0.328478,0.0334406,0.0661564,0.402403,1.05,1.14845,0.662568,0.502846,0.662568,0.974113,0.545517,0.618477,0.549553,420,130,0.0858369,-1,1,1,11,5
hk_pairs,1727,45,1,46,4.8702,1,9358,5905,0.230137,0.0901203,0.030447,-0.17753,0.334707,1.05,0.986117,0.706284,0.581853,0.729508,0.957368,0.495651,0.706513,0.642262,420,130,0.0984753,-1,1,1,4,8
hk_pairs,1728,45,1,227,4.97796,0,6895,4116,0.117936,0.22892,-0.129105,0.207911,0.24806,1.05,0.88626,0.460383,0.384335,0.460383,0.971579,0.385296,0.574044,0.491919,420,143,0.0798506,-1,1,1,0,2
hk_pairs,1729,45,1,183,2.32803,0,4310,10964,-0.132963,-0.342716,0.284098,0.0404701,0.566507,1.05,1.01494,0.748634,0.574226,0.748634,0.97882,0.724244,0.691393,0.660587,420,143,0.0730115,-1,1,1,9,4
hk_pairs,1730,45,1,15,5.46097,0,2437,6053,-0.165091,-0.120352,0.0478668,0.239101,0.417801,1.05,1.10841,0.63388,0.478142,0.653005,0.97013,0.567037,0.448819,0.388223,420,143,0.0979118,-1,1,1,6,0
hk_pairs,1731,45,1,12,5.92556,0,5868,10964,0.0214767,-0.215532,0.284098,0.0404701,0.366834,1.05,1.05127,0.730874,0.589367,0.730874,0.981173,0.549794,0.720965,0.692251,420,143,0.0738626,-1,1,1,8,4
hk_pairs,1732,45,1,179,2.92527,1,10456,5930,0.233109,-0.0120106,0.0371904,-0.349297,0.390059,1.05,1.06898,0.446721,0.378188,0.460383,0.91908,0.551971,0.504835,0.44145,420,143,0.0869737,-1,1,1,4,10
hk_pairs,1733,45,1,267,4.60452,1,6716,5939,0.111661,-0.328478,0.0334406,0.0661564,0.402403,1.05,1.05341,0.610656,0.475068,0.610656,0.963432,0.578368,0.617448,0.548683,420,143,0.0917019,1,1,1,11,5
hk_pairs,1734,45,1,331,1.7062,1,6022,4108,0.0380592,-0.34828,-0.147857,-0.339954,0.186356,1.05,1.02179,0.715847,0.553165,0.715847,0.979272,0.355676,0.804803,0.731007,420,143,0.0769892,-1,1,1,10,9
hk_pairs,1735,45,1,174,0.554998,0,9442,224,0.233411,0.0544262,-0.221721,0.0423927,0.455831,1.05,1.04876,0.821038,0.605533,0.821038,0.971035,0.612056,0.610192,0.546339,420,143,0.0869972,1,1,1,4,3
hk_pairs,1736,45,1,282,4.12667,1,5785,6053,0.0100203,-0.333939,0.0478668,0.239101,0.574304,1.05,1.06086,0.65847,0.451047,0.65847,0.996017,0.724782,0.458699,0.388067,420,143,0.0815561,1,1,1,10,0
hk_pairs,1737,45,1,39,2.38483,1,4259,9955,-0.13482,-0.326654,0.202683,-0.118843,0.396358,1.05,1.07073,0.856557,0.617486,0.856557,0.992306,0.544099,0.726556,0.661681,420,143,0.0757696,1,1,1,9,6
hk_pairs,1738,45,1,92,4.67297,1,9933,4108,0.182703,0.19986,-0.147857,-0.339954,0.632984,1.05,1.12849,0.60929,0.426343,0.60929,0.95773,0.83277,0.375484,0.281261,420,143,0.0836222,-1,1,1,2,9
hk_pairs,1739,45,1,177,3.97109,0,6756,4116,0.104531,-0.171541,-0.129105,0.207911,0.445611,1.05,1.04155,0.647541,0.482127,0.647541,0.963161,0.596006,0.466602,0.386663,420,143,0.0773731,1,1,1,8,2
hk_pairs,1740,45,1,58,3.05202,0,10095,5858,0.206334,-0.160353,0.0263662,0.235632,0.434967,1.05,1.03385,0.898907,0.634677,0.898907,0.989319,0.624096,0.559406,0.506984,420,143,0.0799989,1,1,1,7,0
hk_pairs,1741,45,1,44,6.06639,1,5645,9955,-0.00140858,-0.144583,0.202683,-0.118843,0.205755,1.05,1.08644,0.569672,0.499317,0.576503,0.939356,0.429567,0.64813,0.602838,420,143,0.0752678,-1,1,1,8,6
hk_pairs,1742,45,1,328,1.75296,0,145,5978,-0.231475,0.0557003,0.036871,0.0694427,0.268819,1.05,1.25235,0.346995,0.358834,0.374317,0.882422,0.413497,0.492189,0.42819,420,143,0.0883294,-1,1,1,3,5
hk_pairs,1743,45,1,281,1.90645,0,5959,9747,0.0328846,-0.188906,0.196574,0.196699,0.418935,1.05,1.01809,0.510929,0.391621,0.513661,0.893646,0.612662,0.364107,0.3035,420,143,0.0905615,1,1,1,8,1
hk_pairs,1744,45,1,31,1.2238,1,6472,4229,0.0860271,-0.329134,-0.12455,0.197117,0.566975,1.05,1.04722,0.575137,0.412568,0.575137,0.987871,0.730289,0.364786,0.275193,420,143,0.0789761,-1,1,1,11,1
hk_pairs,1745,45,1,143,4.40739,1,4100,10195,-0.141575,-0.163162,0.216139,-0.341412,0.399682,1.05,1.05825,0.840164,0.608948,0.842896,0.986513,0.548441,0.690795,0.647617,420,143,0.07587,1,1,1,6,11
hk_pairs,1746,45,1,71,4.54575,0,5804,9841,0.0184364,-0.361752,0.197027,0.204229,0.593489,1.05,1.06752,0.392077,0.307832,0.404372,0.930304,0.712378,0.262508,0.196887,420,143,0.102262,-1,1,1,10,2
hk_pairs,1747,45,1,149,0.934871,0,2641,10195,-0.166611,0.194302,0.216139,-0.341412,0.658425,1.05,1.12165,0.702186,0.496585,0.702186,0.987781,0.804922,0.533079,0.492922,420,143,0.0826595,-1,1,1,1,9
hk_pairs,1748,45,1,233,5.47473,0,5612,9747,-0.00146675,0.233496,0.196574,0.196699,0.201467,1.05,0.945363,0.540984,0.462318,0.562842,0.922067,0.325492,0.617016,0.534971,420,143,0.0810468,1,1,1,0,1
hk_pairs,1749,45,1,319,5.35151,1,6265,4116,0.0644598,0.127008,-0.129105,0.207911,0.209791,1.05,0.883244,0.474044,0.381148,0.474044,0.883327,0.347243,0.498101,0.422481,420,143,0.090242,1,1,1,5,2
hk_pairs,1750,45,1,282,4.88399,1,5785,9955,0.0100203,-0.333939,0.202683,-0.118843,0.288765,1.05,1.0223,0.695355,0.532104,0.695355,0.969225,0.501666,0.680904,0.619631,420,143,0.0777595,-1,1,1,10,7
hk_pairs,1751,45,1,98,4.605,0,5863,9955,0.0214481,-0.16329,0.202683,-0.118843,0.186672,1.05,1.16649,0.594262,0.519923,0.601093,0.970583,0.442266,0.697332,0.647399,420,143,0.0742455,1,1,1,8,6
hk_pairs,1752,45,1,197,5.70639,0,6470,3682,0.0838451,0.227665,-0.145237,-0.120049,0.416393,1.05,0.963444,0.743169,0.533128,0.743169,0.987328,0.566005,0.546697,0.459292,420,143,0.0802894,1,1,1,0,6
hk_pairs,1753,45,1,46,3.92703,0,9358,5858,0.230137,0.0901203,0.0263662,0.235632,0.251423,1.05,1.07117,0.568306,0.466302,0.568306,0.878259,0.391845,0.648522,0.584495,420,143,0.0957866,-1,1,1,4,0
hk_pairs,1754,45,1,106,5.1238,0,8738,3682,0.188034,0.180145,-0.145237,-0.120049,0.448648,1.05,1.0763,0.646175,0.49408,0.650273,0.917089,0.577488,0.510084,0.437424,420,143,0.0894985,1,1,1,2,6
hk_pairs,1755,45,1,280,6.05473,0,3801,9955,-0.15529,-0.32687,0.202683,-0.118843,0.414029,1.05,1.08192,0.86612,0.625911,0.86612,0.975561,0.555369,0.728609,0.656391,420,143,0.0734125,1,1,1,9,6
hk_pairs,1756,45,1,338,4.40938,1,8247,4108,0.16576,-0.127426,-0.147857,-0.339954,0.378946,1.05,1.02576,0.86612,0.63388,0.874317,0.996198,0.550236,0.719131,0.649481,420,143,0.0781031,1,1,1,7,11
hk_pairs,1757,45,1,115,0.194551,1,3069,10964,-0.143905,-0.0775318,0.284098,0.0404701,0.443971,1.05,0.983409,0.568306,0.468352,0.572404,0.946144,0.580829,0.513968,0.475303,420,143,0.0913474,1,1,1,6,4
hk_pairs,1758,45,1,177,0.513873,0,6756,4108,0.104531,-0.171541,-0.147857,-0.339954,0.303418,1.05,1.14774,0.67623,0.530055,0.695355,0.990768,0.420898,0.722281,0.651726,420,143,0.0824292,1,1,1,8,11
hk_pairs,1759,45,1,143,4.46584,1,4100,9841,-0.141575,-0.163162,0.197027,0.204229,0.499803,1.05,1.00958,0.719945,0.531421,0.719945,0.957639,0.682879,0.523596,0.448653,420,143,0.0832768,-1,1,1,6,2
hk_pairs,1760,45,1,215,2.63578,0,507,6021,-0.208078,0.0250587,0.0385189,-0.17988,0.320645,1.05,1.02085,0.665301,0.544399,0.681694,0.968773,0.505755,0.667454,0.607276,420,143,0.110388,1,1,1,3,8
hk_pairs,1761,45,1,175,3.80349,0,5584,9841,-0.00548744,0.10948,0.197027,0.204229,0.223784,1.05,1.2115,0.54918,0.434768,0.54918,0.930214,0.361819,0.564955,0.494059,420,143,0.0868787,1,1,1,5,2
hk_pairs,1762,45,1,39,2.84977,0,4259,6021,-0.13482,-0.326654,0.0385189,-0.17988,0.227134,1.05,0.951213,0.491803,0.441143,0.494536,0.94008,0.373919,0.721558,0.653672,420,143,0.0867028,-1,1,1,9,8
hk_pairs,1763,45,1,7,1.2874,0,164,10195,-0.223902,0.0221577,0.216139,-0.341412,0.570859,1.05,1.01022,0.79235,0.586179,0.79235,0.972393,0.6713,0.64949,0.600231,420,143,0.0870543,1,1,1,3,9
hk_pairs,1764,45,1,69,2.55232,1,6992,5930,0.133078,-0.357527,0.0371904,-0.349297,0.0962397,1.05,0.995467,0.61612,0.536771,0.63388,0.944243,0.271202,0.934172,0.864963,420,143,0.0724618,1,1,1,11,10
hk_pairs,1765,45,1,10,5.45946,1,6119,4116,0.0508642,-0.333344,-0.129105,0.207911,0.570418,1.05,1.10556,0.51776,0.383311,0.51776,0.991039,0.711034,0.331622,0.252604,420,143,0.0789567,1,1,1,10,2
hk_pairs,1766,45,1,27,0.415637,0,8788,4116,0.173862,-0.131302,-0.129105,0.207911,0.454895,1.05,1.11801,0.557377,0.425774,0.561475,0.912111,0.602491,0.448527,0.370372,420,143,0.0786426,1,1,1,7,2
hk_pairs,1767,45,1,286,5.31245,0,5732,5978,0.0032053,-0.347618,0.036871,0.0694427,0.418525,1.05,1.05837,0.506831,0.403689,0.506831,0.949493,0.552199,0.505189,0.435022,420,143,0.100423,1,1,1,10,5
hk_pairs,1768,45,1,286,4.3057,1,5732,9841,0.0032053,-0.347618,0.197027,0.204229,0.584972,1.05,1.06715,0.378415,0.306694,0.38388,0.912382,0.694707,0.242265,0.173447,420,143,0.102829,1,1,1,10,2
hk_pairs,1769,45,1,224,1.95459,0,5733,5978,0.00331974,-0.348007,0.036871,0.0694427,0.418904,1.05,1.04705,0.64071,0.475182,0.64071,0.975199,0.545584,0.55647,0.489231,420,143,0.090848,1,1,1,10,5
hk_pairs,1770,45,1,69,4.44459,1,6992,310,0.133078,-0.357527,-0.219474,0.0443707,0.534697,1.05,1.09239,0.678962,0.558288,0.703552,0.982078,0.634583,0.714496,0.652819,420,143,0.076081,-1,1,1,11,4
hk_pairs,1771,45,1,7,5.80471,1,164,9841,-0.223902,0.0221577,0.197027,0.204229,0.458622,1.05,1.10151,0.875683,0.610428,0.875683,0.986966,0.604837,0.539912,0.46068,420,143,0.0904265,1,1,1,3,2
hk_pairs,1772,45,1,345,5.03256,1,9708,4108,0.179444,0.202303,-0.147857,-0.339954,0.633379,1.05,1.02262,0.75,0.552368,0.75,0.975742,0.793479,0.58608,0.505519,420,143,0.0797795,1,1,1,2,11
hk_pairs,1773,45,1,172,3.3808,0,9878,310,0.195704,-0.145012,-0.219474,0.0443707,0.456332,1.05,0.983295,0.60929,0.476321,0.612022,0.983617,0.606147,0.566046,0.504,420,143,0.0850861,-1,1,1,7,4
hk_pairs,1774,45,1,222,0.698386,1,3934,6021,-0.151329,-0.294903,0.0385189,-0.17988,0.222013,1.05,0.987503,0.583333,0.497268,0.583333,0.954562,0.371463,0.735509,0.672775,420,143,0.07217,1,1,1,9,8
hk_pairs,1775,45,1,91,3.24341,0,10121,5905,0.219951,0.0363712,0.030447,-0.17753,0.285814,1.05,1.07735,0.733607,0.558971,0.748634,0.974475,0.522496,0.727284,0.662478,420,143,0.0863951,1,1,1,4,8
hk_pairs,1776,45,1,100,0.950869,1,8821,5858,0.195513,0.18189,0.0263662,0.235632,0.177887,1.05,1.03593,0.646175,0.510018,0.646175,0.972031,0.329049,0.713578,0.644346,420,143,0.0846987,1,1,1,2,0
hk_pairs,1777,45,1,132,5.42116,1,6771,5930,0.110125,-0.342058,0.0371904,-0.349297,0.0739789,1.05,0.884308,0.554645,0.509335,0.575137,0.976738,0.243961,0.908396,0.85721,420,143,0.0710603,-1,1,1,11,10
hk_pairs,1778,45,1,197,2.5391,0,6470,3682,0.0838451,0.227665,-0.145237,-0.120049,0.416393,1.05,0.966724,0.665301,0.482127,0.665301,0.989319,0.565164,0.467162,0.379339,420,143,0.0829149,-1,1,1,0,6
hk_pairs,1779,45,1,246,2.4873,1,3742,10964,-0.139513,-0.105675,0.284098,0.0404701,0.448112,1.05,0.989874,0.627049,0.509335,0.627049,0.944696,0.604112,0.53404,0.493341,420,143,0.0784472,-1,1,1,6,3
hk_pairs,1780,45,1,106,2.11563,0,8738,5939,0.188034,0.180145,0.0334406,0.0661564,0.192079,1.05,1.21314,0.454918,0.427937,0.478142,0.942976,0.388785,0.612308,0.546265,420,143,0.0802867,-1,1,1,2,5
hk_pairs,1781,45,1,184,1.99466,0,6043,4108,0.048605,-0.316998,-0.147857,-0.339954,0.197798,1.05,1.09997,0.73224,0.599954,0.73224,0.988414,0.385538,0.777458,0.704545,420,143,0.0740034,1,1,1,10,11
hk_pairs,1782,45,1,15,2.80573,1,2437,6021,-0.165091,-0.120352,0.0385189,-0.17988,0.21227,1.05,1.02057,0.620219,0.522655,0.620219,0.981173,0.398606,0.709416,0.646072,420,143,0.0787194,-1,1,1,6,8
hk_pairs,1783,45,1,197,5.92617,0,6470,5930,0.0838451,0.227665,0.0371904,-0.349297,0.578845,1.05,1.1284,0.617486,0.457081,0.617486,0.983526,0.728465,0.468232,0.406166,420,143,0.0915478,-1,1,1,0,10
hk_pairs,1784,45,1,337,1.17111,1,3682,6021,-0.145237,-0.120049,0.0385189,-0.17988,0.193403,1.05,1.05238,0.581967,0.499317,0.581967,0.939084,0.393843,0.694332,0.628069,420,143,0.15458,-1,1,1,6,8
hk_pairs,1785,45,1,100,0.158421,1,8821,4108,0.195513,0.18189,-0.147857,-0.339954,0.624796,1.05,1.04922,0.556011,0.409836,0.556011,0.933563,0.785,0.36856,0.30629,420,143,0.0916171,-1,1,1,2,9
hk_pairs,1786,45,1,175,0.891649,1,5584,6053,-0.00548744,0.10948,0.0478668,0.239101,0.140493,1.05,1.0141,0.5,0.40699,0.5,0.90677,0.318888,0.568113,0.497863,420,143,0.0742271,1,1,1,5,0
hk_pairs,1787,45,1,8,2.71651,1,9999,5858,0.200145,0.209965,0.0263662,0.235632,0.175664,1.05,0.925641,0.562842,0.478597,0.562842,0.935644,0.331596,0.720983,0.647982,420,143,0.0799966,-1,1,1,2,0
hk_pairs,1788,45,1,246,1.13239,1,3742,5930,-0.139513,-0.105675,0.0371904,-0.349297,0.300958,1.05,0.962857,0.603825,0.476662,0.603825,0.917361,0.491663,0.670629,0.6018,420,143,0.0765026,-1,1,1,6,10
hk_pairs,1789,45,1,87,3.05376,0,10428,5930,0.212633,0.0399647,0.0371904,-0.349297,0.426971,1.05,1.03815,0.446721,0.372154,0.452186,0.92433,0.586931,0.44265,0.380166,420,143,0.0916336,1,1,1,4,10
hk_pairs,1790,45,1,310,4.77107,0,5736,9955,0.0107288,0.154242,0.202683,-0.118843,0.333833,1.05,0.998756,0.326503,0.265824,0.326503,0.959721,0.522707,0.312268,0.241353,420,143,0.098103,1,1,1,0,6
hk_pairs,1791,45,1,220,2.49279,1,2899,10964,-0.152348,0.177713,0.284098,0.0404701,0.4579,1.05,0.896315,0.868852,0.621243,0.868852,0.995565,0.583969,0.661898,0.610242,420,143,0.0849685,1,1,1,1,4
hk_pairs,1792,45,1,290,2.66074,0,4930,9955,-0.0828028,-0.344391,0.202683,-0.118843,0.363859,1.05,1.04475,0.909836,0.658812,0.909836,0.990043,0.577287,0.752043,0.695806,265,131,0.0748675,1,1,1,9,7
hk_pairs,1793,45,1,143,3.23722,0,4100,10964,-0.141575,-0.163162,0.284098,0.0404701,0.472057,1.05,0.985241,0.607924,0.508311,0.613388,0.959721,0.602678,0.518389,0.481461,265,131,0.081747,1,1,1,6,4
hk_pairs,1794,45,1,155,3.38546,0,64,10195,-0.233828,0.0385914,0.216139,-0.341412,0.589003,1.05,1.02278,0.510929,0.373065,0.510929,0.909305,0.770356,0.287096,0.241997,265,131,0.0862031,1,1,1,3,11
hk_pairs,1795,45,1,233,3.67146,0,5612,9955,-0.00146675,0.233496,0.202683,-0.118843,0.407233,1.05,1.16173,0.882514,0.626025,0.882514,0.984884,0.577271,0.610917,0.545367,265,131,0.077372,-1,1,1,0,7
hk_pairs,1796,45,1,78,4.50852,1,324,5978,-0.22358,0.0506763,0.036871,0.0694427,0.261621,1.05,1.2946,0.375683,0.379098,0.428962,0.821235,0.479644,0.494304,0.43853,265,131,0.102545,1,1,1,3,5
hk_pairs,1797,45,1,327,0.411155,1,9518,4229,0.186737,-0.138107,-0.12455,0.197117,0.45755,1.05,1.04483,0.762295,0.567851,0.762295,0.937364,0.622047,0.527205,0.450119,265,131,0.077571,-1,1,1,7,1
hk_pairs,1798,45,1,268,4.54509,1,5413,9955,-0.0280609,-0.205898,0.202683,-0.118843,0.246639,1.05,1.07162,0.647541,0.5222,0.647541,0.953838,0.429131,0.676067,0.624273,265,131,0.0755827,1,1,1,8,6
hk_pairs,1799,45,1,153,4.11948,1,3537,9747,-0.146295,-0.111834,0.196574,0.196699,0.461261,1.05,1.00601,0.709016,0.515824,0.709016,0.881879,0.647163,0.487186,0.413321,265,131,0.084842,1,1,1,6,1
hk_pairs,1800,45,1,328,2.51829,0,145,9955,-0.231475,0.0557003,0.202683,-0.118843,0.467945,1.05,1.15891,0.639344,0.479053,0.639344,0.951575,0.60316,0.456191,0.405905,265,131,0.0880708,-1,1,1,3,6
hk_pairs,1801,45,1,233,0.119078,0,5612,5978,-0.00146675,0.233496,0.036871,0.0694427,0.168473,1.05,1.11224,0.584699,0.446608,0.584699,0.957277,0.38936,0.563654,0.49114,265,131,0.0758184,1,1,1,0,5
hk_pairs,1802,45,1,287,1.91316,1,1051,9955,-0.206388,0.0350857,0.202683,-0.118843,0.437602,1.05,1.1526,0.654372,0.488616,0.666667,0.932476,0.604836,0.453964,0.4035,265,131,0.0960328,-1,1,1,3,7
hk_pairs,1803,45,1,268,1.54143,0,5413,5978,-0.0280609,-0.205898,0.036871,0.0694427,0.28299,1.05,1.09893,0.487705,0.408698,0.487705,0.922882,0.47478,0.506061,0.433602,265,131,0.0841821,1,1,1,8,5
hk_pairs,1804,45,1,12,5.11672,1,5868,6053,0.0214767,-0.215532,0.0478668,0.239101,0.455466,1.05,1.05679,0.612022,0.432719,0.612022,0.953747,0.631255,0.375016,0.303309,265,131,0.0918719,-1,1,1,8,0
hk_pairs,1805,45,1,64,5.27992,1,3105,5978,-0.148814,0.158411,0.036871,0.0694427,0.205899,1.05,0.979386,0.42623,0.412113,0.446721,0.826213,0.41914,0.531312,0.463164,265,131,0.0947695,-1,1,1,1,5
hk_pairs,1806,45,1,82,5.9219,1,9822,3682,0.200569,-0.095808,-0.145237,-0.120049,0.34666,1.05,1.03476,0.662568,0.48577,0.662568,0.983707,0.596892,0.498572,0.425475,265,131,0.0767366,1,1,1,7,6
hk_pairs,1807,45,1,10,0.14957,1,6119,224,0.0508642,-0.333344,-0.221721,0.0423927,0.464232,1.05,0.985029,0.770492,0.587432,0.770492,0.983436,0.606969,0.742148,0.679882,265,131,0.0808109,1,1,1,10,3
hk_pairs,1808,45,1,31,0.393025,0,6472,5930,0.0860271,-0.329134,0.0371904,-0.349297,0.0544888,1.05,0.994396,0.553279,0.50592,0.56694,0.946959,0.255328,0.880136,0.841702,265,131,0.0711442,-1,1,1,11,10
hk_pairs,1809,45,1,78,3.14338,0,324,9955,-0.22358,0.0506763,0.202683,-0.118843,0.458885,1.05,1.11614,0.631148,0.479281,0.631148,0.955829,0.589733,0.449686,0.401168,265,131,0.0962812,-1,1,1,3,7
hk_pairs,1810,45,1,114,1.48829,0,5668,10964,0.00233459,0.0733776,0.284098,0.0404701,0.283678,1.05,1.14657,0.45082,0.385018,0.45082,0.951756,0.45755,0.513639,0.472608,265,131,0.0735364,1,1,1,5,4
hk_pairs,1811,45,1,58,3.73302,0,10095,5858,0.206334,-0.160353,0.0263662,0.235632,0.434967,1.05,0.968093,0.874317,0.630009,0.877049,0.996379,0.593269,0.563996,0.50481,265,131,0.0840341,1,1,1,7,0
hk_pairs,1812,45,1,299,0.504418,0,5677,10964,0.00559902,0.232574,0.284098,0.0404701,0.338328,1.05,1.03948,0.687159,0.545993,0.703552,0.965876,0.480492,0.673668,0.616147,265,131,0.0761999,1,1,1,0,4
hk_pairs,1813,45,1,184,0.587305,0,6043,5905,0.048605,-0.316998,0.030447,-0.17753,0.140644,1.05,1.01025,0.460383,0.485087,0.546448,0.933472,0.296881,0.788318,0.720647,265,131,0.07305,-1,1,1,10,8
hk_pairs,1814,45,1,233,1.78104,1,5612,5978,-0.00146675,0.233496,0.036871,0.0694427,0.168473,1.05,1.3181,0.48224,0.434882,0.525956,0.912654,0.29529,0.562139,0.489277,265,131,0.0774509,1,1,1,0,5
hk_pairs,1815,45,1,184,4.07808,1,6043,4108,0.048605,-0.316998,-0.147857,-0.339954,0.197798,1.05,1.05939,0.777322,0.601093,0.777322,0.992849,0.390555,0.778389,0.705691,265,131,0.0748526,-1,1,1,10,11
hk_pairs,1816,45,1,155,3.85479,0,64,5978,-0.233828,0.0385914,0.036871,0.0694427,0.27246,1.05,1.2161,0.413934,0.363046,0.438525,0.955105,0.443979,0.494868,0.43574,265,131,0.088216,-1,1,1,3,5
hk_pairs,1817,45,1,3,0.705954,1,6806,5905,0.10325,0.0450993,0.030447,-0.17753,0.235103,1.05,0.917945,0.569672,0.488616,0.571038,0.91899,0.378413,0.667072,0.581959,265,131,0.0817372,-1,1,1,5,8
hk_pairs,1818,45,1,126,1.07596,0,6357,4108,0.0781794,-0.235918,-0.147857,-0.339954,0.248829,1.05,0.946219,0.826503,0.612477,0.826503,0.981988,0.459252,0.73812,0.6678,265,131,0.0781065,-1,1,1,8,11
hk_pairs,1819,45,1,337,3.14084,0,3682,9955,-0.145237,-0.120049,0.202683,-0.118843,0.347951,1.05,1.01285,0.677596,0.489868,0.677596,0.994569,0.572212,0.480729,0.440198,265,131,0.080321,-1,1,1,6,7
hk_pairs,1820,45,1,12,3.34277,1,5868,9747,0.0214767,-0.215532,0.196574,0.196699,0.447895,1.05,0.99056,0.489071,0.37944,0.489071,0.901521,0.616824,0.339625,0.277871,265,131,0.0885492,-1,1,1,8,1
hk_pairs,1821,45,1,197,5.42769,0,6470,3682,0.0838451,0.227665,-0.145237,-0.120049,0.416393,1.05,0.972542,0.719945,0.531193,0.722678,0.986785,0.564698,0.544945,0.459778,265,131,0.0787328,1,1,1,0,6
hk_pairs,1822,45,1,184,5.4639,0,6043,3682,0.048605,-0.316998,-0.145237,-0.120049,0.27634,1.05,1.11639,0.784153,0.590847,0.784153,0.987328,0.433681,0.756636,0.664646,265,131,0.0789245,-1,1,1,10,6
hk_pairs,1823,45,1,310,2.09706,0,5736,9955,0.0107288,0.154242,0.202683,-0.118843,0.333833,1.05,1.01427,0.330601,0.26571,0.330601,0.950127,0.527865,0.309323,0.23979,265,131,0.100877,-1,1,1,0,6
hk_pairs,1824,45,1,268,2.09883,0,5413,10964,-0.0280609,-0.205898,0.284098,0.0404701,0.397737,1.05,1.06733,0.661202,0.525273,0.67623,0.97719,0.58285,0.649948,0.619357,265,131,0.0726608,1,1,1,8,4
hk_pairs,1825,45,1,310,5.19608,1,5736,9841,0.0107288,0.154242,0.197027,0.204229,0.193102,1.05,1.2573,0.598361,0.475979,0.598361,0.946235,0.354775,0.635232,0.557849,265,131,0.0764109,-1,1,1,0,2
hk_pairs,1826,45,1,310,2.40409,1,5736,9841,0.0107288,0.154242,0.197027,0.204229,0.193102,1.05,1.2508,0.587432,0.461863,0.587432,0.967958,0.337161,0.63454,0.557132,265,131,0.0755207,1,1,1,0,2
hk_pairs,1827,45,1,82,1.3465,1,9822,5858,0.200569,-0.095808,0.0263662,0.235632,0.374437,1.05,0.972935,0.741803,0.580715,0.771858,0.964156,0.489697,0.579932,0.524553,265,131,0.087417,1,1,1,7,0
hk_pairs,1828,45,1,120,1.00094,0,6292,4108,0.0676842,0.00810242,-0.147857,-0.339954,0.409475,1.05,0.924826,0.538251,0.416325,0.538251,0.919986,0.5665,0.389928,0.313345,265,131,0.0868959,-1,1,1,5,11
hk_pairs,1829,45,1,345,3.88003,0,9708,5905,0.179444,0.202303,0.030447,-0.17753,0.408012,1.05,1.10697,0.534153,0.425888,0.534153,0.947773,0.586756,0.477232,0.388862,265,131,0.0921955,1,1,1,2,8
hk_pairs,1830,45,1,193,5.53956,1,8574,5858,0.170078,0.197699,0.0263662,0.235632,0.148929,1.05,0.976958,0.536885,0.487819,0.564208,0.960626,0.272346,0.710906,0.640103,265,131,0.0768578,1,1,1,2,0
hk_pairs,1831,45,1,39,1.16133,0,4259,6021,-0.13482,-0.326654,0.0385189,-0.17988,0.227134,1.05,1.05972,0.443989,0.465506,0.508197,0.935554,0.405987,0.72131,0.653935,265,131,0.0843365,1,1,1,9,8
hk_pairs,1832,45,1,3,5.64695,1,6806,5930,0.10325,0.0450993,0.0371904,-0.349297,0.400402,1.05,1.06989,0.657104,0.483834,0.657104,0.986513,0.554232,0.55054,0.495949,265,131,0.0982371,1,1,1,5,10
hk_pairs,1833,45,1,246,3.21956,0,3742,9841,-0.139513,-0.105675,0.197027,0.204229,0.457493,1.05,1.01158,0.706284,0.512523,0.706284,0.896814,0.655775,0.475366,0.401739,265,131,0.0831325,1,1,1,6,2
hk_pairs,1834,45,1,12,2.63806,1,5868,9747,0.0214767,-0.215532,0.196574,0.196699,0.447895,1.05,1.01258,0.527322,0.389913,0.527322,0.933291,0.625052,0.338286,0.276602,265,131,0.0898135,-1,1,1,8,1
hk_pairs,1835,45,1,92,0.254079,0,9933,5930,0.182703,0.19986,0.0371904,-0.349297,0.568108,1.05,1.00078,0.409836,0.309426,0.409836,0.968954,0.753557,0.293432,0.223698,265,131,0.104246,-1,1,1,2,10
hk_pairs,1836,45,1,119,5.42719,1,6372,4108,0.07411,-0.000778198,-0.147857,-0.339954,0.405351,1.05,1.0946,0.509563,0.393557,0.510929,0.885228,0.55717,0.380542,0.312035,265,131,0.0859944,1,1,1,5,11
hk_pairs,1837,45,1,115,1.86318,0,3069,9841,-0.143905,-0.0775318,0.197027,0.204229,0.442294,1.05,1.11002,0.737705,0.545082,0.737705,0.931028,0.621305,0.521857,0.446084,265,131,0.0802521,1,1,1,6,2
hk_pairs,1838,45,1,27,3.89313,1,8788,4108,0.173862,-0.131302,-0.147857,-0.339954,0.383555,1.05,1.01951,0.887978,0.653461,0.894809,0.993573,0.538452,0.727485,0.65564,265,131,0.0755837,1,1,1,7,9
hk_pairs,1839,45,1,220,5.89987,0,2899,5930,-0.152348,0.177713,0.0371904,-0.349297,0.560372,1.05,1.16198,0.48224,0.344604,0.483607,0.955648,0.791684,0.264579,0.188982,265,131,0.0989028,-1,1,1,1,10
hk_pairs,1840,45,1,105,2.22716,0,6653,5930,0.101108,-0.290789,0.0371904,-0.349297,0.0876728,1.05,1.41337,0.603825,0.538251,0.603825,0.941437,0.295565,0.868124,0.820943,265,131,0.0745631,1,1,1,11,10
hk_pairs,1841,45,1,143,2.44339,0,4100,10195,-0.141575,-0.163162,0.216139,-0.341412,0.399682,1.05,1.09019,0.801913,0.588912,0.801913,0.977734,0.531754,0.690081,0.646152,265,131,0.077604,-1,1,1,6,11
hk_pairs,1842,45,1,298,1.82869,0,5919,9747,0.0272675,-0.319218,0.196574,0.196699,0.542991,1.05,1.01728,0.48224,0.347336,0.48224,0.991763,0.719178,0.321076,0.232601,265,131,0.0975665,-1,1,1,10,1
hk_pairs,1843,45,1,132,5.247,1,6771,5930,0.110125,-0.342058,0.0371904,-0.349297,0.0739789,1.05,0.877028,0.551913,0.504668,0.560109,0.950036,0.255984,0.908054,0.856586,265,131,0.0708812,-1,1,1,11,10
hk_pairs,1844,45,1,282,0.0105433,1,5785,5978,0.0100203,-0.333939,0.036871,0.0694427,0.404296,1.05,1.11899,0.509563,0.414731,0.509563,0.925416,0.563989,0.498767,0.42994,265,131,0.0930489,1,1,1,10,5
hk_pairs,1845,45,1,265,2.4363,1,9994,5930,0.247507,0.00558472,0.0371904,-0.349297,0.412552,1.05,0.969451,0.418033,0.403575,0.474044,0.845945,0.582352,0.496042,0.415029,265,131,0.090607,-1,1,1,4,10
hk_pairs,1846,45,1,58,5.19139,1,10095,3682,0.206334,-0.160353,-0.145237,-0.120049,0.35388,1.05,1.15738,0.655738,0.51924,0.657104,0.976828,0.463779,0.554049,0.480013,265,131,0.0751133,-1,1,1,7,6
hk_pairs,1847,45,1,224,5.32606,0,5733,9841,0.00331974,-0.348007,0.197027,0.204229,0.585302,1.05,1.04984,0.446721,0.329463,0.446721,0.965876,0.732257,0.257128,0.196837,265,131,0.0950257,-1,1,1,10,2
hk_pairs,1848,45,1,229,0.598008,1,6569,4229,0.0888796,0.0682087,-0.12455,0.197117,0.249338,1.05,0.910083,0.534153,0.406876,0.534153,0.975018,0.385426,0.446899,0.369269,265,131,0.0860713,1,1,1,5,1
hk_pairs,1849,45,1,197,5.42255,1,6470,4108,0.0838451,0.227665,-0.147857,-0.339954,0.613088,1.05,1.03322,0.771858,0.542008,0.771858,0.960536,0.776697,0.501737,0.42784,265,131,0.0747614,1,1,1,0,9
hk_pairs,1850,45,1,246,1.4986,1,3742,5978,-0.139513,-0.105675,0.036871,0.0694427,0.248551,1.05,1.10263,0.54918,0.44194,0.54918,0.936369,0.484085,0.529598,0.460094,265,131,0.0871374,-1,1,1,6,5
hk_pairs,1851,45,1,227,4.66386,0,6895,3682,0.117936,0.22892,-0.145237,-0.120049,0.437154,1.05,0.938372,0.726776,0.530966,0.733607,0.98769,0.578665,0.532303,0.454942,265,131,0.0801247,-1,1,1,0,6
hk_pairs,1852,45,1,287,0.815371,1,1051,6021,-0.206388,0.0350857,0.0385189,-0.17988,0.326379,1.05,1.11048,0.703552,0.538138,0.703552,0.937274,0.557411,0.664176,0.597062,265,131,0.0905236,-1,1,1,3,8
hk_pairs,1853,45,1,177,0.725912,0,6756,4108,0.104531,-0.171541,-0.147857,-0.339954,0.303418,1.05,1.13087,0.70765,0.547017,0.726776,0.991944,0.425222,0.721247,0.650531,265,131,0.0789822,1,1,1,8,9
hk_pairs,1854,45,1,103,0.620906,1,7750,5858,0.152654,-0.326788,0.0263662,0.235632,0.576476,1.05,1.07191,0.629781,0.443989,0.629781,0.974113,0.778111,0.466955,0.394137,265,131,0.105236,-1,1,1,11,0
hk_pairs,1855,45,1,149,5.8014,1,2641,10195,-0.166611,0.194302,0.216139,-0.341412,0.658425,1.05,1.12207,0.68306,0.502391,0.68306,0.980087,0.792572,0.533257,0.493302,265,131,0.0801667,1,1,1,1,9
hk_pairs,1856,45,1,346,1.3275,1,6883,3682,0.116501,-0.263332,-0.145237,-0.120049,0.298428,1.05,0.987118,0.385246,0.321038,0.385246,0.827027,0.492176,0.5243,0.464794,420,135,0.0844742,-1,1,1,11,6
hk_pairs,1857,45,1,91,2.2445,0,10121,5930,0.219951,0.0363712,0.0371904,-0.349297,0.426808,1.05,1.03773,0.427596,0.37204,0.431694,0.918537,0.581684,0.450987,0.388011,420,135,0.0932214,1,1,1,4,10
hk_pairs,1858,45,1,299,2.78576,0,5677,9955,0.00559902,0.232574,0.202683,-0.118843,0.402934,1.05,1.15474,0.61612,0.445355,0.61612,0.965152,0.548159,0.451607,0.382348,420,135,0.0852842,1,1,1,0,7
hk_pairs,1859,45,1,231,2.0607,0,6617,224,0.0955315,-0.347029,-0.221721,0.0423927,0.502692,1.05,0.98556,0.748634,0.563638,0.748634,0.981445,0.623908,0.712712,0.650332,420,135,0.0814257,-1,1,1,11,3
hk_pairs,1860,45,1,299,3.77631,0,5677,9955,0.00559902,0.232574,0.202683,-0.118843,0.402934,1.05,1.20528,0.573771,0.435565,0.577869,0.971941,0.52627,0.450318,0.382462,420,135,0.0845044,1,1,1,0,7
hk_pairs,1861,45,1,114,0.0989578,1,5668,9955,0.00233459,0.0733776,0.202683,-0.118843,0.277682,1.05,1.08455,0.300546,0.260246,0.300546,0.900706,0.432764,0.348319,0.265323,420,135,0.108007,1,1,1,5,6
hk_pairs,1862,45,1,246,1.42274,1,3742,9747,-0.139513,-0.105675,0.196574,0.196699,0.452105,1.05,1.10083,0.699454,0.502846,0.699454,0.99303,0.593921,0.459271,0.38568,420,135,0.0860148,1,1,1,6,1
hk_pairs,1863,45,1,179,3.66238,1,10456,5930,0.233109,-0.0120106,0.0371904,-0.349297,0.390059,1.05,0.99091,0.419399,0.391507,0.435792,0.867125,0.531176,0.517667,0.446877,420,135,0.102872,-1,1,1,4,10
hk_pairs,1864,45,1,299,5.42167,0,5677,10964,0.00559902,0.232574,0.284098,0.0404701,0.338328,1.05,1.05845,0.803279,0.589709,0.803279,0.976919,0.511181,0.673043,0.61589,420,135,0.0743308,-1,1,1,0,4
hk_pairs,1865,45,1,327,0.318909,1,9518,5930,0.186737,-0.138107,0.0371904,-0.349297,0.258925,1.05,0.988632,0.918033,0.693761,0.937159,0.993573,0.455723,0.862815,0.799041,420,135,0.0756884,1,1,1,7,10
hk_pairs,1866,45,1,184,3.44044,0,6043,4229,0.048605,-0.316998,-0.12455,0.197117,0.542491,1.05,1.04442,0.553279,0.408242,0.553279,0.993664,0.676441,0.357126,0.268779,420,135,0.0792668,1,1,1,10,1
hk_pairs,1867,45,1,103,2.84566,0,7750,3682,0.152654,-0.326788,-0.145237,-0.120049,0.362686,1.05,1.04754,0.47541,0.378074,0.47541,0.878621,0.520713,0.518299,0.44337,420,135,0.0818863,-1,1,1,11,6
hk_pairs,1868,45,1,199,3.46191,0,6355,5858,0.0776005,-0.248301,0.0263662,0.235632,0.486712,1.05,1.06767,0.587432,0.431239,0.587432,0.952933,0.673495,0.431307,0.355394,420,135,0.0966618,1,1,1,8,0
hk_pairs,1869,45,1,327,2.85837,1,9518,4108,0.186737,-0.138107,-0.147857,-0.339954,0.390862,1.05,1.02847,0.938525,0.674522,0.954918,0.991492,0.567671,0.731156,0.660668,420,135,0.074673,-1,1,1,7,11
hk_pairs,1870,45,1,162,5.09745,0,5545,10195,-0.00940895,0.172716,0.216139,-0.341412,0.561435,1.05,1.01121,0.751366,0.532104,0.751366,0.99647,0.693107,0.446636,0.40572,420,135,0.0789126,-1,1,1,0,11
hk_pairs,1871,45,1,12,4.88365,1,5868,9747,0.0214767,-0.215532,0.196574,0.196699,0.447895,1.05,1.06547,0.506831,0.380237,0.508197,0.953295,0.622706,0.335939,0.270984,420,135,0.092586,1,1,1,8,1
hk_pairs,1872,45,1,331,2.8452,0,6022,4116,0.0380592,-0.34828,-0.129105,0.207911,0.580849,1.05,1.08379,0.51776,0.381831,0.51776,0.971216,0.699875,0.330804,0.257748,420,135,0.0860133,1,1,1,10,2
hk_pairs,1873,45,1,267,4.57528,0,6716,3892,0.111661,-0.328478,-0.136424,-0.123369,0.321933,1.05,1.02094,0.38388,0.333447,0.38388,0.897448,0.558713,0.540628,0.457963,420,135,0.0801505,1,1,1,11,7
hk_pairs,1874,45,1,231,2.58632,1,6617,5858,0.0955315,-0.347029,0.0263662,0.235632,0.587094,1.05,1.079,0.45082,0.351434,0.45082,0.989319,0.771894,0.407282,0.338952,420,135,0.11265,1,1,1,11,0
hk_pairs,1875,45,1,175,0.460373,1,5584,9955,-0.00548744,0.10948,0.202683,-0.118843,0.309019,1.05,1.05889,0.282787,0.237705,0.282787,0.928856,0.469802,0.298431,0.231788,420,135,0.111856,1,1,1,5,7
hk_pairs,1876,45,1,100,4.44442,0,8821,310,0.195513,0.18189,-0.219474,0.0443707,0.437188,1.05,0.990354,0.491803,0.371243,0.491803,0.928132,0.599592,0.410382,0.337315,420,135,0.0974566,-1,1,1,2,4
hk_pairs,1877,45,1,345,3.53427,0,9708,4229,0.179444,0.202303,-0.12455,0.197117,0.304038,1.05,0.973713,0.747268,0.564322,0.75,0.994931,0.421037,0.577659,0.501049,420,135,0.0803747,-1,1,1,2,1
hk_pairs,1878,45,1,265,5.60237,1,9994,5858,0.247507,0.00558472,0.0263662,0.235632,0.31914,1.05,1.25025,0.472678,0.410861,0.472678,0.962889,0.450224,0.586559,0.520514,420,135,0.0868907,-1,1,1,4,0
hk_pairs,1879,45,1,277,5.42615,1,2945,10964,-0.153891,0.22728,0.284098,0.0404701,0.476163,1.05,0.982932,0.937159,0.650956,0.937159,0.999547,0.604311,0.651734,0.597204,420,135,0.0780886,1,1,1,1,4
hk_pairs,1880,45,1,27,5.3848,0,8788,5905,0.173862,-0.131302,0.030447,-0.17753,0.150931,1.05,0.97095,0.618852,0.544968,0.620219,0.970492,0.388723,0.777089,0.711049,420,135,0.075286,1,1,1,7,8
hk_pairs,1881,45,1,66,4.56144,1,10754,3682,0.231322,0.19311,-0.145237,-0.120049,0.489782,1.05,0.953349,0.743169,0.528689,0.743169,0.979091,0.674527,0.518718,0.448967,420,135,0.0901512,-1,1,1,2,6
hk_pairs,1882,45,1,298,2.35445,0,5919,6021,0.0272675,-0.319218,0.0385189,-0.17988,0.139801,1.05,1.01465,0.54235,0.463229,0.556011,0.958726,0.326129,0.792503,0.720994,420,135,0.0787439,1,1,1,10,8
hk_pairs,1883,45,1,7,0.449168,0,164,9955,-0.223902,0.0221577,0.202683,-0.118843,0.449292,1.05,1.00275,0.63388,0.460496,0.63388,0.950127,0.626738,0.465188,0.412513,420,135,0.0913947,1,1,1,3,6
hk_pairs,1884,45,1,186,5.6066,0,2504,5930,-0.170369,-0.154715,0.0371904,-0.349297,0.284553,1.05,1.01383,0.810109,0.603939,0.819672,0.986151,0.436718,0.798999,0.733329,420,135,0.0786307,-1,1,1,6,10
hk_pairs,1885,45,1,58,3.94824,0,10095,4108,0.206334,-0.160353,-0.147857,-0.339954,0.39713,1.05,1.10297,1.03825,0.731102,1.03825,0.990043,0.608633,0.744213,0.672401,420,135,0.0766086,-1,1,1,7,11
hk_pairs,1886,45,1,265,1.74878,0,9994,5905,0.247507,0.00558472,0.030447,-0.17753,0.284027,1.05,0.996771,0.710383,0.549067,0.721312,0.989138,0.476577,0.748055,0.677909,420,135,0.0781453,-1,1,1,4,8
hk_pairs,1887,45,1,103,1.248,1,7750,4108,0.152654,-0.326788,-0.147857,-0.339954,0.300899,1.05,1.03572,0.894809,0.667919,0.894809,0.999728,0.482301,0.778309,0.705036,420,135,0.0742868,-1,1,1,11,9
hk_pairs,1888,45,1,92,4.71536,0,9933,5905,0.182703,0.19986,0.030447,-0.17753,0.406946,1.05,0.939094,0.483607,0.387295,0.486339,0.973298,0.54912,0.443203,0.356001,420,135,0.0982498,1,1,1,2,8
hk_pairs,1889,45,1,184,1.24435,1,6043,224,0.048605,-0.316998,-0.221721,0.0423927,0.449708,1.05,0.997162,0.763661,0.574454,0.763661,0.983074,0.587867,0.742212,0.678408,420,135,0.0780294,-1,1,1,10,3
hk_pairs,1890,45,1,222,1.43142,1,3934,9841,-0.151329,-0.294903,0.197027,0.204229,0.608685,1.05,0.998971,0.737705,0.534381,0.737705,0.984522,0.702213,0.591806,0.519579,420,135,0.0729302,1,1,1,9,2
hk_pairs,1891,45,1,287,4.80381,0,1051,9747,-0.206388,0.0350857,0.196574,0.196699,0.434721,1.05,1.00783,0.788251,0.567623,0.788251,0.970492,0.54856,0.535985,0.456666,420,135,0.100583,-1,1,1,3,1
hk_pairs,1892,45,1,27,4.91173,1,8788,4108,0.173862,-0.131302,-0.147857,-0.339954,0.383555,1.05,1.02223,0.806011,0.600524,0.818306,0.987056,0.507026,0.731012,0.659155,420,135,0.0796798,1,1,1,7,11
hk_pairs,1893,45,1,183,1.73444,1,4310,5978,-0.132963,-0.342716,0.036871,0.0694427,0.445957,1.05,1.14257,0.527322,0.432377,0.527322,0.934468,0.601082,0.524104,0.449785,420,135,0.085957,-1,1,1,9,5
hk_pairs,1894,45,1,66,1.31283,0,10754,5930,0.231322,0.19311,0.0371904,-0.349297,0.576118,1.05,1.12417,0.918033,0.640369,0.918033,0.979091,0.762135,0.656352,0.599996,420,135,0.0889916,-1,1,1,2,10
hk_pairs,1895,45,1,337,0.31869,0,3682,9841,-0.145237,-0.120049,0.197027,0.204229,0.471488,1.05,1.01285,0.724044,0.51867,0.724044,0.88387,0.668352,0.490413,0.413884,420,135,0.084075,-1,1,1,6,2
hk_pairs,1896,45,1,149,2.0041,1,2641,9955,-0.166611,0.194302,0.202683,-0.118843,0.484319,1.05,0.98823,0.765027,0.542122,0.765027,0.975833,0.649356,0.512651,0.459218,420,135,0.0868443,1,1,1,1,6
hk_pairs,1897,45,1,31,2.87864,1,6472,3892,0.0860271,-0.329134,-0.136424,-0.123369,0.303139,1.05,1.06835,0.454918,0.387409,0.454918,0.960174,0.479834,0.576475,0.467559,420,135,0.078813,-1,1,1,11,7
hk_pairs,1898,45,1,281,2.99902,0,5959,5930,0.0328846,-0.188906,0.0371904,-0.349297,0.160669,1.05,1.08374,0.663934,0.531421,0.663934,0.947502,0.421278,0.747843,0.677392,420,135,0.18415,-1,1,1,8,10
hk_pairs,1899,45,1,92,3.29256,1,9933,3682,0.182703,0.19986,-0.145237,-0.120049,0.458133,1.05,1.0369,0.67623,0.509221,0.688525,0.954743,0.596185,0.525292,0.453013,420,135,0.081814,-1,1,1,2,6
hk_pairs,1900,45,1,202,2.51422,0,144,9955,-0.231685,0.0509739,0.202683,-0.118843,0.466411,1.05,1.01361,0.657104,0.478825,0.657104,0.956825,0.644404,0.453707,0.401232,420,135,0.0917377,1,1,1,3,6
hk_pairs,1901,45,1,126,3.73036,0,6357,4108,0.0781794,-0.235918,-0.147857,-0.339954,0.248829,1.05,0.981797,0.800546,0.604736,0.804645,0.990858,0.430231,0.737909,0.667753,420,135,0.0757303,1,1,1,8,11
hk_pairs,1902,45,1,78,0.547018,0,324,10964,-0.22358,0.0506763,0.284098,0.0404701,0.508034,1.05,1.0958,0.830601,0.605874,0.831967,0.986604,0.653676,0.618619,0.570033,420,135,0.0948571,-1,1,1,3,4
hk_pairs,1903,45,1,24,3.14973,1,2921,9955,-0.174654,-0.295691,0.202683,-0.118843,0.416746,1.05,1.14784,0.915301,0.658812,0.915301,0.992035,0.560688,0.690086,0.633656,420,135,0.0738428,1,1,1,9,7
hk_pairs,1904,45,1,69,3.49549,1,6992,5905,0.133078,-0.357527,0.030447,-0.17753,0.2072,1.05,0.968793,0.561475,0.482013,0.579235,0.965333,0.358996,0.782354,0.723365,420,135,0.0954191,1,1,1,11,8
hk_pairs,1905,45,1,155,3.75977,0,64,10195,-0.233828,0.0385914,0.216139,-0.341412,0.589003,1.05,1.00937,0.508197,0.373975,0.508197,0.903784,0.749012,0.284677,0.239561,420,135,0.0889546,1,1,1,3,9
hk_pairs,1906,45,1,197,6.25549,1,6470,5930,0.0838451,0.227665,0.0371904,-0.349297,0.578845,1.05,1.13072,0.637978,0.462204,0.637978,0.976557,0.693439,0.465768,0.403145,420,135,0.0892008,1,1,1,0,10
hk_pairs,1907,45,1,244,2.49915,1,4636,9955,-0.117997,-0.342522,0.202683,-0.118843,0.391012,1.05,1.06765,0.923497,0.661999,0.923497,0.995112,0.553079,0.75302,0.677291,420,135,0.0737946,-1,1,1,9,7
hk_pairs,1908,45,1,115,2.3175,1,3069,6021,-0.143905,-0.0775318,0.0385189,-0.17988,0.209312,1.05,1.03261,0.586066,0.504554,0.586066,0.963523,0.426891,0.68,0.612898,420,135,0.0788387,-1,1,1,6,8
hk_pairs,1909,45,1,106,2.1336,1,8738,3892,0.188034,0.180145,-0.136424,-0.123369,0.444318,1.05,1.13919,0.628415,0.481671,0.628415,0.980449,0.584071,0.495219,0.424916,420,135,0.0933107,-1,1,1,2,7
hk_pairs,1910,45,1,202,2.53052,0,144,6053,-0.231685,0.0509739,0.0478668,0.239101,0.33709,1.05,1.15052,0.516393,0.420765,0.519126,0.911839,0.487264,0.55671,0.487227,420,135,0.0923796,-1,1,1,3,0
hk_pairs,1911,45,1,277,5.39907,0,2945,5930,-0.153891,0.22728,0.0371904,-0.349297,0.607414,1.05,1.14061,0.498634,0.35724,0.498634,0.978096,0.776912,0.268962,0.20188,420,135,0.093602,1,1,1,1,10
hk_pairs,1912,45,1,82,0.17002,0,9822,310,0.200569,-0.095808,-0.219474,0.0443707,0.442878,1.05,1.07552,0.711749,0.527436,0.711749,0.958816,0.65048,0.565955,0.505333,420,135,0.0779383,1,1,1,7,4
hk_pairs,1913,45,1,105,6.00124,0,6653,5939,0.101108,-0.290789,0.0334406,0.0661564,0.363334,1.05,1.07256,0.67623,0.515597,0.680328,0.969587,0.513988,0.618047,0.547451,420,135,0.0881556,1,1,1,11,5
hk_pairs,1914,45,1,268,0.747884,0,5413,6053,-0.0280609,-0.205898,0.0478668,0.239101,0.451492,1.05,1.04562,0.532787,0.405738,0.532787,0.986513,0.593708,0.367347,0.283435,420,135,0.0918927,1,1,1,8,0
hk_pairs,1915,45,1,338,1.58996,0,8247,5930,0.16576,-0.127426,0.0371904,-0.349297,0.256578,1.05,1.00304,0.598361,0.507286,0.598361,0.959902,0.409021,0.71019,0.649322,420,135,0.0822744,-1,1,1,7,10
hk_pairs,1916,45,1,103,3.20267,1,7750,310,0.152654,-0.326788,-0.219474,0.0443707,0.525585,1.05,1.02615,0.662568,0.538251,0.662568,0.960264,0.652466,0.693003,0.631976,420,135,0.0741718,1,1,1,11,4
hk_pairs,1917,45,1,193,4.72868,1,8574,3892,0.170078,0.197699,-0.136424,-0.123369,0.4439,1.05,1.08481,0.502732,0.400387,0.502732,0.900797,0.563148,0.443051,0.373553,420,135,0.085247,-1,1,1,2,7
hk_pairs,1918,45,1,265,1.08235,1,9994,5939,0.247507,0.00558472,0.0334406,0.0661564,0.222499,1.05,1.16607,0.465847,0.448543,0.502732,0.910753,0.421223,0.644508,0.575457,420,135,0.0836212,-1,1,1,4,5
hk_pairs,1919,45,1,78,4.81155,1,324,5978,-0.22358,0.0506763,0.036871,0.0694427,0.261621,1.05,1.29537,0.377049,0.378415,0.397541,0.871651,0.434698,0.496002,0.440155,420,135,0.0986449,1,1,1,3,5
hk_pairs,1920,45,1,282,1.95059,0,5785,10964,0.0100203,-0.333939,0.284098,0.0404701,0.464024,1.05,1.0383,0.86612,0.648793,0.86612,0.993936,0.658719,0.78065,0.753475,420,137,0.0736437,1,1,1,10,3
hk_pairs,1921,45,1,244,2.98766,1,4636,6021,-0.117997,-0.342522,0.0385189,-0.17988,0.225725,1.05,1.05526,0.442623,0.44194,0.452186,0.939446,0.428889,0.723669,0.652127,420,137,0.0888542,-1,1,1,9,8
hk_pairs,1922,45,1,265,3.73176,1,9994,4108,0.247507,0.00558472,-0.147857,-0.339954,0.525105,1.05,1.03122,0.452186,0.357013,0.452186,0.846579,0.672346,0.297112,0.228837,420,137,0.0864689,-1,1,1,4,9
hk_pairs,1923,45,1,100,4.06221,0,8821,5930,0.195513,0.18189,0.0371904,-0.349297,0.55441,1.05,1.12815,0.886612,0.620902,0.886612,0.984703,0.738852,0.640077,0.583197,420,137,0.097714,1,1,1,2,10
hk_pairs,1924,45,1,105,4.83913,0,6653,4229,0.101108,-0.290789,-0.12455,0.197117,0.537728,1.05,1.00714,0.562842,0.420537,0.562842,0.955648,0.657207,0.366115,0.295257,420,137,0.0799174,1,1,1,11,1
hk_pairs,1925,45,1,289,3.97886,0,10063,5858,0.254643,0.00918388,0.0263662,0.235632,0.321589,1.05,1.23714,0.461749,0.410178,0.465847,0.95954,0.445177,0.585217,0.517028,420,137,0.0841154,1,1,1,4,0
hk_pairs,1926,45,1,282,5.87664,0,5785,9955,0.0100203,-0.333939,0.202683,-0.118843,0.288765,1.05,1.12844,0.70082,0.570924,0.70082,0.949493,0.47687,0.680325,0.613265,420,137,0.0834581,-1,1,1,10,6
hk_pairs,1927,45,1,175,5.86659,0,5584,6021,-0.00548744,0.10948,0.0385189,-0.17988,0.292693,1.05,1.08454,0.515027,0.384904,0.515027,0.94198,0.449628,0.439693,0.370084,420,137,0.100237,1,1,1,5,8
hk_pairs,1928,45,1,10,6.17927,0,6119,4108,0.0508642,-0.333344,-0.147857,-0.339954,0.19891,1.05,1.1083,0.741803,0.584358,0.741803,0.993664,0.392755,0.778828,0.705671,420,137,0.0807371,1,1,1,10,11
hk_pairs,1929,45,1,143,0.426823,1,4100,9841,-0.141575,-0.163162,0.197027,0.204229,0.499803,1.05,0.986528,0.70765,0.539731,0.70765,0.976104,0.664118,0.51674,0.441642,420,137,0.079548,1,1,1,6,2
hk_pairs,1930,45,1,298,3.4616,1,5919,5978,0.0272675,-0.319218,0.036871,0.0694427,0.388824,1.05,0.994888,0.519126,0.426799,0.531421,0.962346,0.554276,0.50891,0.439866,420,137,0.0971163,-1,1,1,10,5
hk_pairs,1931,45,1,98,0.479223,0,5863,10964,0.0214481,-0.16329,0.284098,0.0404701,0.33255,1.05,1.0678,0.670765,0.55123,0.670765,0.962437,0.555604,0.673358,0.644809,420,137,0.0719963,-1,1,1,8,3
hk_pairs,1932,45,1,327,2.66313,1,9518,5939,0.186737,-0.138107,0.0334406,0.0661564,0.255389,1.05,0.933778,0.573771,0.515141,0.581967,0.933382,0.469499,0.631442,0.564368,420,137,0.0962861,1,1,1,7,5
hk_pairs,1933,45,1,103,3.7969,1,7750,5858,0.152654,-0.326788,0.0263662,0.235632,0.576476,1.05,1.07602,0.63388,0.447974,0.63388,0.977734,0.777407,0.468512,0.394851,420,137,0.100414,1,1,1,11,0
hk_pairs,1934,45,1,46,3.30401,0,9358,5858,0.230137,0.0901203,0.0263662,0.235632,0.251423,1.05,1.12426,0.54918,0.466644,0.54918,0.912563,0.410836,0.647994,0.584419,420,137,0.0979057,-1,1,1,4,0
hk_pairs,1935,45,1,229,0.0259834,0,6569,3892,0.0888796,0.0682087,-0.136424,-0.123369,0.295785,1.05,1.16867,0.489071,0.365551,0.489071,0.973027,0.480638,0.438104,0.374182,420,137,0.0929227,1,1,1,5,7
hk_pairs,1936,45,1,153,1.80408,1,3537,9841,-0.146295,-0.111834,0.197027,0.204229,0.466654,1.05,1.02857,0.729508,0.52072,0.729508,0.975561,0.652676,0.481238,0.408566,420,137,0.0841235,-1,1,1,6,2
hk_pairs,1937,45,1,215,5.02223,1,507,6053,-0.208078,0.0250587,0.0478668,0.239101,0.33378,1.05,1.06935,0.680328,0.532104,0.680328,0.895366,0.448173,0.535381,0.467019,420,137,0.112503,1,1,1,3,0
hk_pairs,1938,45,1,310,0.635738,1,5736,9955,0.0107288,0.154242,0.202683,-0.118843,0.333833,1.05,1.07011,0.340164,0.275615,0.340164,0.931662,0.505983,0.314102,0.240109,420,137,0.113357,1,1,1,0,7
hk_pairs,1939,45,1,69,3.26661,1,6992,5858,0.133078,-0.357527,0.0263662,0.235632,0.602681,1.05,1.10747,0.734973,0.51776,0.734973,0.9876,0.774107,0.466688,0.402175,420,137,0.104783,-1,1,1,11,0
hk_pairs,1940,45,1,132,4.30048,0,6771,4108,0.110125,-0.342058,-0.147857,-0.339954,0.258187,1.05,1.00285,0.67623,0.558174,0.702186,0.969406,0.380707,0.73702,0.662046,420,137,0.0796152,-1,1,1,11,9
hk_pairs,1941,45,1,105,5.06024,1,6653,4229,0.101108,-0.290789,-0.12455,0.197117,0.537728,1.05,1.01559,0.599727,0.428506,0.599727,0.984703,0.70462,0.370822,0.295906,420,137,0.0812847,1,1,1,11,1
hk_pairs,1942,45,1,126,5.83987,1,6357,4116,0.0781794,-0.235918,-0.129105,0.207911,0.489847,1.05,1.10803,0.602459,0.434085,0.602459,0.986513,0.654563,0.389968,0.314289,420,137,0.0797944,-1,1,1,8,2
hk_pairs,1943,45,1,186,4.48415,1,2504,5930,-0.170369,-0.154715,0.0371904,-0.349297,0.284553,1.05,0.984273,0.853825,0.63536,0.863388,0.991401,0.464678,0.79926,0.73298,420,137,0.0776923,-1,1,1,6,10
hk_pairs,1944,45,1,24,0.296785,0,2921,6053,-0.174654,-0.295691,0.0478668,0.239101,0.579239,1.05,1.01409,0.695355,0.500342,0.695355,0.976014,0.716247,0.437063,0.375888,420,137,0.0848456,-1,1,1,9,0
hk_pairs,1945,45,1,105,1.07267,1,6653,3892,0.101108,-0.290789,-0.136424,-0.123369,0.290724,1.05,1.20049,0.42623,0.36464,0.428962,0.954109,0.472619,0.571132,0.464805,420,137,0.0833671,1,1,1,11,7
hk_pairs,1946,45,1,114,2.2508,1,5668,9955,0.00233459,0.0733776,0.202683,-0.118843,0.277682,1.05,1.07177,0.307377,0.265369,0.312842,0.895547,0.43527,0.34341,0.266201,420,137,0.108987,-1,1,1,5,7
hk_pairs,1947,45,1,287,1.0918,1,1051,10195,-0.206388,0.0350857,0.216139,-0.341412,0.566169,1.05,1.07483,0.81694,0.591985,0.825137,0.949312,0.738905,0.631501,0.584541,420,137,0.105271,-1,1,1,3,9
hk_pairs,1948,45,1,155,0.410816,1,64,6053,-0.233828,0.0385914,0.0478668,0.239101,0.345776,1.05,1.07758,0.393443,0.378643,0.400273,0.810011,0.473597,0.498901,0.42663,420,137,0.107054,-1,1,1,3,0
hk_pairs,1949,45,1,290,3.69823,1,4930,9955,-0.0828028,-0.344391,0.202683,-0.118843,0.363859,1.05,1.04329,0.88388,0.641394,0.88388,0.993573,0.55973,0.752496,0.69501,420,137,0.0766237,-1,1,1,9,7
hk_pairs,1950,45,1,174,1.52735,1,9442,3892,0.233411,0.0544262,-0.136424,-0.123369,0.410713,1.05,1.08805,0.56694,0.449454,0.56694,0.922791,0.561772,0.483911,0.405878,420,137,0.08854,-1,1,1,4,7
hk_pairs,1951,45,1,241,4.7164,0,3662,10964,-0.153935,-0.152021,0.284098,0.0404701,0.478462,1.05,1.00556,0.620219,0.524249,0.620219,0.936369,0.628694,0.520291,0.484308,420,137,0.0786885,-1,1,1,6,3
hk_pairs,1952,45,1,299,1.56577,0,5677,10964,0.00559902,0.232574,0.284098,0.0404701,0.338328,1.05,1.04145,0.786885,0.590278,0.786885,0.965333,0.513746,0.673643,0.616064,420,137,0.0739968,1,1,1,0,4
hk_pairs,1953,45,1,286,5.58395,0,5732,9841,0.0032053,-0.347618,0.197027,0.204229,0.584972,1.05,1.06994,0.392077,0.306808,0.398907,0.946597,0.720113,0.245414,0.173623,420,137,0.102467,1,1,1,10,2
hk_pairs,1954,45,1,175,1.81817,0,5584,9955,-0.00548744,0.10948,0.202683,-0.118843,0.309019,1.05,1.0742,0.296448,0.251138,0.296448,0.953657,0.487398,0.315353,0.23417,420,137,0.112493,-1,1,1,5,7
hk_pairs,1955,45,1,206,5.41206,1,8980,4229,0.221174,0.0692406,-0.12455,0.197117,0.369335,1.05,1.00732,0.418033,0.346198,0.424863,0.898262,0.558367,0.379433,0.308623,420,137,0.093175,1,1,1,4,1
hk_pairs,1956,45,1,149,5.33248,0,2641,9955,-0.166611,0.194302,0.202683,-0.118843,0.484319,1.05,1.07072,0.718579,0.529372,0.72541,0.942976,0.612164,0.5158,0.46091,420,137,0.0789729,-1,1,1,1,6
hk_pairs,1957,45,1,312,4.49844,0,2296,6053,-0.170065,0.173468,0.0478668,0.239101,0.227645,1.05,1.01239,0.693989,0.51184,0.693989,0.966238,0.44681,0.654241,0.586476,420,137,0.0993032,1,1,1,1,0
hk_pairs,1958,45,1,277,5.61334,1,2945,6053,-0.153891,0.22728,0.0478668,0.239101,0.202103,1.05,0.956648,0.554645,0.431466,0.554645,0.987781,0.334406,0.645138,0.572983,420,137,0.0779494,1,1,1,1,0
hk_pairs,1959,45,1,177,0.665251,0,6756,3892,0.104531,-0.171541,-0.136424,-0.123369,0.245774,1.05,0.977687,0.545082,0.446152,0.547814,0.973117,0.381107,0.571988,0.493363,420,137,0.0801149,-1,1,1,8,7
hk_pairs,1960,45,1,69,5.32414,0,6992,224,0.133078,-0.357527,-0.221721,0.0423927,0.534619,1.05,1.09961,0.734973,0.565346,0.75,0.977824,0.658129,0.713116,0.649401,420,137,0.0751516,-1,1,1,11,3
hk_pairs,1961,45,1,199,4.42573,0,6355,5858,0.0776005,-0.248301,0.0263662,0.235632,0.486712,1.05,1.04756,0.558743,0.416667,0.558743,0.970945,0.690998,0.427016,0.355524,420,137,0.106498,-1,1,1,8,0
hk_pairs,1962,45,1,174,1.59298,0,9442,5858,0.233411,0.0544262,0.0263662,0.235632,0.276036,1.05,1.07259,0.48224,0.429986,0.490437,0.876629,0.399254,0.59339,0.526544,420,137,0.0952309,1,1,1,4,0
hk_pairs,1963,45,1,175,5.85277,1,5584,9841,-0.00548744,0.10948,0.197027,0.204229,0.223784,1.05,1.22272,0.54235,0.432946,0.54235,0.908581,0.35634,0.56503,0.494251,420,137,0.0827944,1,1,1,5,2
hk_pairs,1964,45,1,66,0.0436263,1,10754,5905,0.231322,0.19311,0.030447,-0.17753,0.421598,1.05,1.02454,0.430328,0.372609,0.439891,0.909667,0.546401,0.434134,0.361352,420,137,0.100361,1,1,1,2,8
hk_pairs,1965,45,1,91,2.5984,1,10121,4108,0.219951,0.0363712,-0.147857,-0.339954,0.526239,1.05,1.00733,0.796448,0.583903,0.804645,0.988143,0.629869,0.673405,0.607739,420,137,0.0867167,1,1,1,4,11
hk_pairs,1966,45,1,31,2.78724,1,6472,224,0.0860271,-0.329134,-0.221721,0.0423927,0.482616,1.05,1.05169,0.76776,0.562955,0.76776,0.988143,0.645863,0.716622,0.655589,420,137,0.0833196,1,1,1,11,3
hk_pairs,1967,45,1,193,2.02367,0,8574,3892,0.170078,0.197699,-0.136424,-0.123369,0.4439,1.05,1.03482,0.501366,0.401981,0.504098,0.923335,0.584032,0.448538,0.375886,420,137,0.0841817,1,1,1,2,7
hk_pairs,1968,45,1,115,1.09975,0,3069,9747,-0.143905,-0.0775318,0.196574,0.196699,0.437199,1.05,1.13636,0.739071,0.525729,0.739071,0.990768,0.631474,0.518819,0.443325,420,137,0.0822036,1,1,1,6,1
hk_pairs,1969,45,1,87,3.6239,0,10428,4116,0.212633,0.0399647,-0.129105,0.207911,0.380776,1.05,1.0731,0.8347,0.587204,0.8347,0.990224,0.516596,0.586836,0.50337,420,137,0.0922034,-1,1,1,4,2
hk_pairs,1970,45,1,66,6.23931,0,10754,5905,0.231322,0.19311,0.030447,-0.17753,0.421598,1.05,1.02472,0.431694,0.372837,0.437158,0.909667,0.546204,0.434408,0.361624,420,137,0.0982263,-1,1,1,2,8
hk_pairs,1971,45,1,162,0.8279,0,5545,9747,-0.00940895,0.172716,0.196574,0.196699,0.20739,1.05,1.21733,0.594262,0.461863,0.594262,0.982078,0.349571,0.630917,0.550294,420,137,0.0848821,-1,1,1,0,1
hk_pairs,1972,45,1,7,2.05736,0,164,10195,-0.223902,0.0221577,0.216139,-0.341412,0.570859,1.05,1.03213,0.800546,0.575478,0.800546,0.976919,0.68042,0.656194,0.60697,420,137,0.09006,1,1,1,3,11
hk_pairs,1973,45,1,289,4.48293,1,10063,5930,0.254643,0.00918388,0.0371904,-0.349297,0.419314,1.05,1.01445,0.448087,0.373065,0.45765,0.887129,0.610599,0.464621,0.399246,420,137,0.084827,-1,1,1,4,10
hk_pairs,1974,45,1,149,5.9448,0,2641,10195,-0.166611,0.194302,0.216139,-0.341412,0.658425,1.05,1.09013,0.674863,0.523679,0.674863,0.953204,0.77632,0.540602,0.500485,420,137,0.078385,-1,1,1,1,9
hk_pairs,1975,45,1,119,3.03145,0,6372,4116,0.07411,-0.000778198,-0.129105,0.207911,0.291285,1.05,0.98021,0.598361,0.470059,0.599727,0.935644,0.436647,0.522361,0.435819,420,137,0.0811468,-1,1,1,5,2
hk_pairs,1976,45,1,120,0.731685,0,6292,5858,0.0676842,0.00810242,0.0263662,0.235632,0.231398,1.05,1.20474,0.588798,0.470856,0.594262,0.97882,0.449715,0.538141,0.482611,420,137,0.105139,1,1,1,5,0
hk_pairs,1977,45,1,12,2.72558,0,5868,9747,0.0214767,-0.215532,0.196574,0.196699,0.447895,1.05,0.987734,0.487705,0.375569,0.487705,0.897991,0.620735,0.339824,0.278138,420,137,0.089266,1,1,1,8,1
hk_pairs,1978,45,1,31,4.42907,1,6472,4229,0.0860271,-0.329134,-0.12455,0.197117,0.566975,1.05,1.04762,0.573771,0.411885,0.573771,0.985518,0.733702,0.364948,0.275366,420,137,0.0801812,1,1,1,11,1
hk_pairs,1979,45,1,193,0.379775,0,8574,4108,0.170078,0.197699,-0.147857,-0.339954,0.624693,1.05,1.10805,0.748634,0.534381,0.748634,0.97004,0.771114,0.562081,0.480594,420,137,0.0808565,1,1,1,2,11
hk_pairs,1980,45,1,329,0.414225,1,6120,4108,0.0509748,0.0237045,-0.147857,-0.339954,0.414553,1.05,0.984494,0.59153,0.443875,0.59153,0.92261,0.609341,0.461938,0.326651,420,137,0.0893519,-1,1,1,5,9
hk_pairs,1981,45,1,24,6.10234,1,2921,10195,-0.174654,-0.295691,0.216139,-0.341412,0.393572,1.05,1.06605,1.12842,0.782445,1.12842,0.999004,0.569038,0.730255,0.680427,420,137,0.0738298,-1,1,1,9,11
hk_pairs,1982,45,1,153,5.81339,1,3537,10195,-0.146295,-0.111834,0.216139,-0.341412,0.429117,1.05,1.01333,0.879781,0.629326,0.879781,0.990315,0.610762,0.663163,0.624423,420,137,0.0784939,-1,1,1,6,9
hk_pairs,1983,45,1,231,1.15393,0,6617,4108,0.0955315,-0.347029,-0.147857,-0.339954,0.244317,1.05,1.06938,0.719945,0.550319,0.719945,0.979815,0.371168,0.755396,0.682019,420,137,0.0812607,1,1,1,11,9
hk_pairs,1984,45,1,186,2.25449,1,2504,5978,-0.170369,-0.154715,0.036871,0.0694427,0.305323,1.05,1.13104,0.427596,0.369763,0.434426,0.956734,0.439077,0.527447,0.470208,420,147,0.0917193,1,1,1,6,5
hk_pairs,1985,45,1,224,2.13905,1,5733,9955,0.00331974,-0.348007,0.202683,-0.118843,0.30379,1.05,1.08968,0.666667,0.514003,0.666667,0.957096,0.510164,0.641665,0.565302,420,147,0.0814371,-1,1,1,10,7
hk_pairs,1986,45,1,143,1.64076,0,4100,6021,-0.141575,-0.163162,0.0385189,-0.17988,0.180955,1.05,1.02981,0.618852,0.509677,0.618852,0.975018,0.389643,0.713741,0.643543,420,147,0.0774648,-1,1,1,6,8
hk_pairs,1987,45,1,3,6.22578,0,6806,224,0.10325,0.0450993,-0.221721,0.0423927,0.325611,1.05,0.995604,0.59153,0.463229,0.592896,0.939808,0.4491,0.567823,0.505474,420,147,0.0877225,1,1,1,5,3
hk_pairs,1988,45,1,299,1.06051,1,5677,10195,0.00559902,0.232574,0.216139,-0.341412,0.611455,1.05,1.07187,0.572404,0.39572,0.572404,0.988686,0.743509,0.411654,0.362292,420,147,0.0913448,1,1,1,0,9
hk_pairs,1989,45,1,319,5.45879,0,6265,310,0.0644598,0.127008,-0.219474,0.0443707,0.295861,1.05,0.993631,0.474044,0.388434,0.493169,0.950489,0.427526,0.484744,0.42273,420,147,0.0888695,1,1,1,5,4
hk_pairs,1990,45,1,241,3.53392,1,3662,10195,-0.153935,-0.152021,0.216139,-0.341412,0.415829,1.05,1.00649,0.887978,0.636384,0.887978,0.978639,0.566246,0.686424,0.643372,420,147,0.0748531,-1,1,1,6,9
hk_pairs,1991,45,1,72,0.596398,0,504,10195,-0.210823,0.0496616,0.216139,-0.341412,0.578995,1.05,1.0694,0.823771,0.581626,0.823771,0.937907,0.772343,0.626696,0.582319,420,147,0.0913341,1,1,1,3,9
hk_pairs,1992,45,1,298,1.29787,1,5919,9955,0.0272675,-0.319218,0.202683,-0.118843,0.266314,1.05,1.04395,0.733607,0.564435,0.733607,0.969768,0.46189,0.729123,0.66568,420,147,0.0765039,-1,1,1,10,6
hk_pairs,1993,45,1,71,5.22925,1,5804,10195,0.0184364,-0.361752,0.216139,-0.341412,0.198972,1.05,1.11006,0.709016,0.575934,0.709016,0.967415,0.339545,0.855579,0.810597,420,147,0.0738433,1,1,1,10,11
hk_pairs,1994,45,1,162,4.13545,0,5545,10195,-0.00940895,0.172716,0.216139,-0.341412,0.561435,1.05,1.00355,0.76776,0.549067,0.76776,0.965605,0.685684,0.444577,0.405443,420,147,0.0769029,-1,1,1,0,9
hk_pairs,1995,45,1,282,4.06969,0,5785,10964,0.0100203,-0.333939,0.284098,0.0404701,0.464024,1.05,1.05847,0.85929,0.651981,0.85929,0.983889,0.613795,0.783665,0.756498,420,147,0.0734225,-1,1,1,10,4
hk_pairs,1996,45,1,265,2.51206,0,9994,5905,0.247507,0.00558472,0.030447,-0.17753,0.284027,1.05,1.0115,0.65847,0.567281,0.684426,0.943157,0.453186,0.749372,0.678915,420,147,0.0826432,1,1,1,4,8
hk_pairs,1997,45,1,265,1.41234,1,9994,4116,0.247507,0.00558472,-0.129105,0.207911,0.427548,1.05,1.14211,0.40847,0.334927,0.40847,0.92605,0.566241,0.379815,0.304208,420,147,0.0902264,1,1,1,4,2
hk_pairs,1998,45,1,231,2.92557,1,6617,310,0.0955315,-0.347029,-0.219474,0.0443707,0.502531,1.05,1.00477,0.734973,0.556808,0.734973,0.954833,0.653769,0.713958,0.653505,420,147,0.0804427,1,1,1,11,4
hk_pairs,1999,45,1,290,3.61845,0,4930,10964,-0.0828028,-0.344391,0.284098,0.0404701,0.531727,1.05,1.00066,0.766393,0.579463,0.766393,0.994207,0.67886,0.712399,0.682863,420,147,0.0758558,1,1,1,9,3
hk_pairs,2000,45,1,327,0.185811,1,9518,4108,0.186737,-0.138107,-0.147857,-0.339954,0.390862,1.05,1.01167,0.893443,0.659153,0.909836,0.994569,0.533123,0.732351,0.661793,420,147,0.0762283,1,1,1,7,9
hk_pairs,2001,45,1,329,0.403046,0,6120,3682,0.0509748,0.0237045,-0.145237,-0.120049,0.243388,1.05,0.93372,0.452186,0.39128,0.452186,0.879345,0.360432,0.474559,0.40023,420,147,0.0877959,1,1,1,5,6
hk_pairs,2002,45,1,202,2.92855,1,144,9955,-0.231685,0.0509739,0.202683,-0.118843,0.466411,1.05,1.15281,0.663934,0.495332,0.669399,0.940351,0.637151,0.45296,0.400238,420,147,0.0907937,1,1,1,3,6
hk_pairs,2003,45,1,115,5.87119,0,3069,9841,-0.143905,-0.0775318,0.197027,0.204229,0.442294,1.05,1.03139,0.745902,0.552937,0.745902,0.951937,0.595147,0.52756,0.45199,420,147,0.0814231,-1,1,1,6,2
hk_pairs,2004,45,1,319,3.34153,0,6265,4108,0.0644598,0.127008,-0.147857,-0.339954,0.512964,1.05,1.01213,0.715847,0.510246,0.715847,0.969768,0.681218,0.533314,0.464448,420,147,0.0794408,1,1,1,5,11
hk_pairs,2005,45,1,54,3.4944,0,9937,3682,0.186937,0.220581,-0.145237,-0.120049,0.475782,1.05,1.02919,0.378415,0.306011,0.379781,0.98597,0.635875,0.317469,0.23958,420,147,0.106727,-1,1,1,2,6
hk_pairs,2006,45,1,69,3.89988,1,6992,5858,0.133078,-0.357527,0.0263662,0.235632,0.602681,1.05,1.12486,0.695355,0.503302,0.703552,0.985608,0.752888,0.465473,0.402128,420,147,0.103811,-1,1,1,11,0
hk_pairs,2007,45,1,46,5.49315,1,9358,5858,0.230137,0.0901203,0.0263662,0.235632,0.251423,1.05,1.07126,0.564208,0.466758,0.571038,0.874366,0.390387,0.647427,0.583427,420,147,0.0943655,-1,1,1,4,0
hk_pairs,2008,45,1,312,5.45043,0,2296,10964,-0.170065,0.173468,0.284098,0.0404701,0.473257,1.05,1.07436,0.927596,0.657559,0.927596,0.984794,0.63756,0.649473,0.59991,420,147,0.105573,-1,1,1,1,3
hk_pairs,2009,45,1,327,2.39905,0,9518,310,0.186737,-0.138107,-0.219474,0.0443707,0.445315,1.05,1.07261,0.669399,0.51036,0.669399,0.960174,0.626843,0.536286,0.475404,420,147,0.0820604,-1,1,1,7,4
hk_pairs,2010,45,1,327,2.58856,0,9518,3682,0.186737,-0.138107,-0.145237,-0.120049,0.332583,1.05,1.10787,0.639344,0.486453,0.644809,0.9437,0.512787,0.52281,0.446109,420,147,0.0792282,-1,1,1,7,6
hk_pairs,2011,45,1,12,0.408313,0,5868,10964,0.0214767,-0.215532,0.284098,0.0404701,0.366834,1.05,1.03458,0.75,0.587318,0.75,0.973841,0.582692,0.718525,0.689902,420,147,0.0746167,-1,1,1,8,4
hk_pairs,2012,45,1,265,2.93375,0,9994,4108,0.247507,0.00558472,-0.147857,-0.339954,0.525105,1.05,1.01304,0.461749,0.363957,0.465847,0.845492,0.68823,0.300021,0.230533,420,147,0.0842949,1,1,1,4,9
hk_pairs,2013,45,1,126,3.34916,0,6357,3682,0.0781794,-0.235918,-0.145237,-0.120049,0.251676,1.05,1.03272,0.659836,0.526525,0.665301,0.976014,0.452355,0.688742,0.577479,420,147,0.0773891,1,1,1,8,6
hk_pairs,2014,45,1,92,2.92978,0,9933,5930,0.182703,0.19986,0.0371904,-0.349297,0.568108,1.05,1.05024,0.370219,0.310109,0.372951,0.914464,0.745125,0.283853,0.215234,420,147,0.10854,1,1,1,2,10
hk_pairs,2015,45,1,24,3.34207,1,2921,10964,-0.174654,-0.295691,0.284098,0.0404701,0.568733,1.05,1.0367,0.698087,0.525273,0.698087,0.990587,0.679014,0.665969,0.6332,420,147,0.0719731,-1,1,1,9,4
hk_pairs,2016,45,1,114,0.904297,1,5668,10964,0.00233459,0.0733776,0.284098,0.0404701,0.283678,1.05,1.1349,0.442623,0.399818,0.442623,0.847303,0.475012,0.511125,0.47228,420,147,0.0723275,1,1,1,5,3
hk_pairs,2017,45,1,44,2.24615,0,5645,10195,-0.00140858,-0.144583,0.216139,-0.341412,0.293527,1.05,1.08086,0.751366,0.568875,0.751366,0.955105,0.5625,0.658194,0.603386,420,147,0.0718042,-1,1,1,8,9
hk_pairs,2018,45,1,69,1.81004,1,6992,224,0.133078,-0.357527,-0.221721,0.0423927,0.534619,1.05,1.07575,0.672131,0.553962,0.677596,0.965695,0.651682,0.714143,0.650423,420,147,0.0767493,1,1,1,11,3
hk_pairs,2019,45,1,149,3.80811,0,2641,9841,-0.166611,0.194302,0.197027,0.204229,0.36411,1.05,0.990929,0.684426,0.505123,0.684426,0.966691,0.497253,0.56728,0.48402,420,147,0.0870192,-1,1,1,1,2
hk_pairs,2020,45,1,12,5.75922,0,5868,5978,0.0214767,-0.215532,0.036871,0.0694427,0.285496,1.05,0.957484,0.478142,0.413821,0.484973,0.845854,0.495324,0.517852,0.446698,420,147,0.0950644,-1,1,1,8,5
hk_pairs,2021,45,1,132,3.10602,1,6771,4229,0.110125,-0.342058,-0.12455,0.197117,0.588118,1.05,1.10472,0.539617,0.409608,0.539617,0.97366,0.705341,0.360998,0.284779,420,147,0.0818896,-1,1,1,11,1
hk_pairs,2022,45,1,319,0.107151,1,6265,5905,0.0644598,0.127008,0.030447,-0.17753,0.306432,1.05,1.10381,0.510929,0.394923,0.510929,0.956734,0.495433,0.458201,0.385186,420,147,0.0940756,1,1,1,5,8
hk_pairs,2023,45,1,153,4.17547,1,3537,10964,-0.146295,-0.111834,0.284098,0.0404701,0.456546,1.05,1.01099,0.646175,0.507741,0.646175,0.955648,0.63824,0.534211,0.494593,420,147,0.0821517,1,1,1,6,3
hk_pairs,2024,45,1,244,4.71448,0,4636,10195,-0.117997,-0.342522,0.216139,-0.341412,0.334138,1.05,1.13348,0.689891,0.515141,0.689891,0.988957,0.512185,0.645316,0.586754,420,147,0.0814929,-1,1,1,9,11
hk_pairs,2025,45,1,153,1.2029,0,3537,10964,-0.146295,-0.111834,0.284098,0.0404701,0.456546,1.05,1.06153,0.622951,0.477573,0.632514,0.954109,0.640673,0.531752,0.49162,420,147,0.078761,-1,1,1,6,4
hk_pairs,2026,45,1,46,1.12979,0,9358,224,0.230137,0.0901203,-0.221721,0.0423927,0.454939,1.05,1.02458,0.829235,0.602231,0.829235,0.965243,0.588501,0.614062,0.550293,420,147,0.101772,1,1,1,4,3
hk_pairs,2027,45,1,286,3.74198,0,5732,10964,0.0032053,-0.347618,0.284098,0.0404701,0.479169,1.05,1.03108,0.863388,0.649476,0.863388,0.981083,0.668591,0.783526,0.754338,420,147,0.0743045,-1,1,1,10,4
hk_pairs,2028,45,1,202,0.106678,1,144,9955,-0.231685,0.0509739,0.202683,-0.118843,0.466411,1.05,1.13866,0.685792,0.498862,0.685792,0.958635,0.647705,0.452263,0.399982,420,147,0.0883938,-1,1,1,3,6
hk_pairs,2029,45,1,162,1.74007,1,5545,10964,-0.00940895,0.172716,0.284098,0.0404701,0.321986,1.05,1.18715,0.64071,0.500228,0.64071,0.970492,0.525322,0.604735,0.554149,420,147,0.074501,-1,1,1,0,3
hk_pairs,2030,45,1,184,4.69508,1,6043,5939,0.048605,-0.316998,0.0334406,0.0661564,0.38355,1.05,1.03013,0.502732,0.413365,0.502732,0.96126,0.529728,0.559555,0.482061,420,147,0.0985219,1,1,1,10,5
hk_pairs,2031,45,1,58,1.24259,1,10095,310,0.206334,-0.160353,-0.219474,0.0443707,0.472523,1.05,1.10511,0.670765,0.529941,0.670765,0.928403,0.628389,0.551996,0.492189,420,147,0.0809965,1,1,1,7,4
hk_pairs,2032,45,1,82,1.11731,1,9822,5939,0.200569,-0.095808,0.0334406,0.0661564,0.232828,1.05,1.34572,0.622951,0.507741,0.622951,0.94895,0.488678,0.635568,0.567337,420,147,0.0993957,-1,1,1,7,5
hk_pairs,2033,45,1,346,5.77014,1,6883,4229,0.116501,-0.263332,-0.12455,0.197117,0.51975,1.05,1.08762,0.624317,0.452186,0.624317,0.969768,0.668616,0.39827,0.325962,420,147,0.0809038,-1,1,1,11,1
hk_pairs,2034,45,1,174,4.65815,1,9442,3682,0.233411,0.0544262,-0.145237,-0.120049,0.417506,1.05,1.09901,0.573771,0.454007,0.577869,0.947411,0.567642,0.472723,0.404869,420,147,0.0866693,1,1,1,4,6
hk_pairs,2035,45,1,183,2.97753,1,4310,10195,-0.132963,-0.342716,0.216139,-0.341412,0.349119,1.05,1.08614,0.942623,0.711407,0.942623,0.983526,0.495637,0.741743,0.694461,420,147,0.0748929,1,1,1,9,11
hk_pairs,2036,45,1,268,2.61995,0,5413,10195,-0.0280609,-0.205898,0.216139,-0.341412,0.279288,1.05,1.08608,0.631148,0.508652,0.635246,0.967143,0.411668,0.676736,0.628951,420,147,0.0742516,-1,1,1,8,9
hk_pairs,2037,45,1,91,1.39594,1,10121,224,0.219951,0.0363712,-0.221721,0.0423927,0.44174,1.05,1.07644,0.797814,0.582878,0.797814,0.970402,0.600707,0.596877,0.533291,420,147,0.0885207,-1,1,1,4,3
hk_pairs,2038,45,1,72,6.19034,0,504,9841,-0.210823,0.0496616,0.197027,0.204229,0.436264,1.05,1.0132,0.650273,0.492828,0.650273,0.927951,0.554447,0.470558,0.390008,420,147,0.0976661,-1,1,1,3,2
hk_pairs,2039,45,1,224,4.63274,1,5733,9747,0.00331974,-0.348007,0.196574,0.196699,0.578001,1.05,1.04913,0.434426,0.334927,0.435792,0.929127,0.678144,0.255945,0.194875,420,147,0.0909835,-1,1,1,10,1
hk_pairs,2040,45,1,105,4.87819,0,6653,5930,0.101108,-0.290789,0.0371904,-0.349297,0.0876728,1.05,1.50933,0.622951,0.530282,0.622951,0.963613,0.299446,0.866939,0.819766,420,147,0.0726829,-1,1,1,11,10
hk_pairs,2041,45,1,106,2.98805,0,8738,4229,0.188034,0.180145,-0.12455,0.197117,0.3132,1.05,0.935941,0.38388,0.376935,0.418033,0.932929,0.475647,0.466307,0.387514,420,147,0.0876031,-1,1,1,2,1
hk_pairs,2042,45,1,186,5.13603,0,2504,6053,-0.170369,-0.154715,0.0478668,0.239101,0.450272,1.05,1.04348,0.736339,0.550433,0.741803,0.979182,0.56436,0.530317,0.464799,420,147,0.0972313,-1,1,1,6,0
hk_pairs,2043,45,1,87,3.71555,1,10428,5939,0.212633,0.0399647,0.0334406,0.0661564,0.181303,1.05,0.882043,0.489071,0.459016,0.56694,0.918356,0.437801,0.64257,0.577538,420,147,0.0931383,-1,1,1,4,5
hk_pairs,2044,45,1,198,1.43344,0,4867,6021,-0.088707,-0.363306,0.0385189,-0.17988,0.223359,1.05,1.1459,0.497268,0.441485,0.497268,0.91555,0.373135,0.723083,0.653961,420,147,0.0904889,-1,1,1,9,8
hk_pairs,2045,45,1,328,1.9613,1,145,10195,-0.231475,0.0557003,0.216139,-0.341412,0.598379,1.05,1.00959,0.784153,0.570924,0.795082,0.964156,0.733515,0.628363,0.583318,420,147,0.090751,1,1,1,3,9
hk_pairs,2046,45,1,329,1.25255,1,6120,310,0.0509748,0.0237045,-0.219474,0.0443707,0.271238,1.05,1.06394,0.478142,0.375683,0.478142,0.967324,0.466743,0.520898,0.459975,420,147,0.0872597,1,1,1,5,4
hk_pairs,2047,45,1,268,4.93194,1,5413,6053,-0.0280609,-0.205898,0.0478668,0.239101,0.451492,1.05,1.07675,0.527322,0.40995,0.528689,0.937998,0.609461,0.363808,0.281909,420,147,0.0854309,-1,1,1,8,0
hk_pairs,2048,45,1,84,1.62835,0,6511,224,0.0878019,0.250875,-0.221721,0.0423927,0.373287,1.05,1.07306,0.561475,0.426571,0.561475,0.963161,0.505918,0.495083,0.425932,420,147,0.0828006,-1,1,1,0,3
hk_pairs,2049,45,1,277,6.18959,1,2945,10964,-0.153891,0.22728,0.284098,0.0404701,0.476163,1.05,0.984097,0.95765,0.670196,0.95765,0.987238,0.590324,0.64471,0.590229,420,147,0.0809996,1,1,1,1,3
hk_pairs,2050,45,1,8,4.13885,1,9999,4108,0.200145,0.209965,-0.147857,-0.339954,0.650781,1.05,1.06173,0.718579,0.544399,0.718579,0.950489,0.777061,0.581468,0.514861,420,147,0.0796643,-1,1,1,2,11
hk_pairs,2051,45,1,149,5.4985,0,2641,9955,-0.166611,0.194302,0.202683,-0.118843,0.484319,1.05,1.08457,0.70765,0.53347,0.718579,0.960536,0.600511,0.517617,0.459764,420,147,0.0794736,-1,1,1,1,7
hk_pairs,2052,45,1,105,4.95013,0,6653,5858,0.101108,-0.290789,0.0263662,0.235632,0.531868,1.05,1.02057,0.561475,0.428506,0.561475,0.946144,0.666828,0.44545,0.372414,420,147,0.0985308,1,1,1,11,0
hk_pairs,2053,45,1,220,1.40928,1,2899,6053,-0.152348,0.177713,0.0478668,0.239101,0.210257,1.05,1.14283,0.543716,0.441485,0.543716,0.928403,0.33291,0.648345,0.574671,420,147,0.0910298,-1,1,1,1,0
hk_pairs,2054,45,1,19,3.73475,0,4470,5930,-0.109414,0.186338,0.0371904,-0.349297,0.555336,1.05,0.969477,0.648907,0.475068,0.648907,0.993483,0.721296,0.503257,0.424095,420,147,0.0992532,-1,1,1,1,10
hk_pairs,2055,45,1,202,4.70147,1,144,9955,-0.231685,0.0509739,0.202683,-0.118843,0.466411,1.05,1.1092,0.622951,0.477231,0.622951,0.942705,0.59157,0.452985,0.400426,420,147,0.0821721,-1,1,1,3,6
hk_pairs,2056,45,1,24,3.13292,0,2921,6053,-0.174654,-0.295691,0.0478668,0.239101,0.579239,1.05,0.990777,0.762295,0.53643,0.762295,0.984794,0.717429,0.45353,0.394139,420,147,0.0826412,1,1,1,9,0
hk_pairs,2057,45,1,153,3.65403,1,3537,5978,-0.146295,-0.111834,0.036871,0.0694427,0.257704,1.05,1.21092,0.587432,0.475979,0.587432,0.953657,0.495748,0.534099,0.464757,420,147,0.0838985,1,1,1,6,5
hk_pairs,2058,45,1,82,4.04177,1,9822,4108,0.200569,-0.095808,-0.147857,-0.339954,0.425455,1.05,0.977274,0.814208,0.604167,0.814208,0.98588,0.516469,0.724064,0.653591,420,147,0.0740029,-1,1,1,7,9
hk_pairs,2059,45,1,7,4.08878,0,164,9841,-0.223902,0.0221577,0.197027,0.204229,0.458622,1.05,1.11131,0.872951,0.6102,0.872951,0.967686,0.617488,0.540175,0.46145,420,147,0.0895695,1,1,1,3,2
hk_pairs,2060,45,1,114,3.1747,0,5668,9841,0.00233459,0.0733776,0.197027,0.204229,0.234579,1.05,1.13221,0.397541,0.310337,0.397541,0.949765,0.389568,0.40993,0.338074,420,147,0.0888766,1,1,1,5,2
hk_pairs,2061,45,1,222,0.981666,0,3934,10964,-0.151329,-0.294903,0.284098,0.0404701,0.549621,1.05,1.05965,0.714481,0.528802,0.714481,0.988505,0.682684,0.665627,0.63182,420,147,0.0718615,1,1,1,9,3
hk_pairs,2062,45,1,241,2.26957,0,3662,9955,-0.153935,-0.152021,0.202683,-0.118843,0.358186,1.05,1.08646,0.617486,0.498634,0.622951,0.979453,0.466957,0.514145,0.468767,420,147,0.0772239,1,1,1,6,7
hk_pairs,2063,45,1,87,2.66964,0,10428,224,0.212633,0.0399647,-0.221721,0.0423927,0.434361,1.05,1.07255,0.79918,0.581967,0.79918,0.983255,0.610696,0.594798,0.531002,420,147,0.0865221,-1,1,1,4,3
hk_pairs,2064,45,1,7,2.688,1,164,6053,-0.223902,0.0221577,0.0478668,0.239101,0.347743,1.05,1.16469,0.857924,0.625911,0.857924,0.974384,0.498621,0.629654,0.56099,420,147,0.0937373,-1,1,1,3,0
hk_pairs,2065,45,1,120,1.51983,0,6292,5930,0.0676842,0.00810242,0.0371904,-0.349297,0.358792,1.05,1.14318,0.625683,0.490779,0.646175,0.980539,0.508703,0.602695,0.539307,420,147,0.0930936,1,1,1,5,10
hk_pairs,2066,45,1,3,4.70358,0,6806,4229,0.10325,0.0450993,-0.12455,0.197117,0.274613,1.05,1.18748,0.588798,0.446152,0.588798,0.967053,0.457098,0.419881,0.34232,420,147,0.090474,-1,1,1,5,1
hk_pairs,2067,45,1,215,5.7855,1,507,5978,-0.208078,0.0250587,0.036871,0.0694427,0.249112,1.05,1.17046,0.551913,0.476434,0.554645,0.827027,0.459073,0.513886,0.447585,420,147,0.106979,-1,1,1,3,5
hk_pairs,2068,45,1,215,3.53836,1,507,9955,-0.208078,0.0250587,0.202683,-0.118843,0.435267,1.05,0.991013,0.612022,0.448087,0.612022,0.971941,0.600836,0.465071,0.414515,420,147,0.108464,-1,1,1,3,6
hk_pairs,2069,45,1,66,1.81406,0,10754,4108,0.231322,0.19311,-0.147857,-0.339954,0.654182,1.05,0.97297,0.554645,0.394923,0.554645,0.871379,0.836841,0.341694,0.290709,420,147,0.089628,1,1,1,2,9
hk_pairs,2070,45,1,46,0.41104,1,9358,3682,0.230137,0.0901203,-0.145237,-0.120049,0.43081,1.05,1.0337,0.622951,0.460269,0.622951,0.949403,0.579756,0.467335,0.400899,420,147,0.093889,1,1,1,4,6
hk_pairs,2071,45,1,19,3.28878,0,4470,10964,-0.109414,0.186338,0.284098,0.0404701,0.419677,1.05,0.975576,0.819672,0.592327,0.819672,0.991673,0.540896,0.630212,0.576933,420,147,0.0840769,-1,1,1,1,4
hk_pairs,2072,45,1,199,0.0324084,0,6355,4229,0.0776005,-0.248301,-0.12455,0.197117,0.489218,1.05,1.10991,0.598361,0.432605,0.598361,0.968954,0.65507,0.378423,0.301469,420,147,0.0808886,-1,1,1,8,1
hk_pairs,2073,45,1,78,1.0161,0,324,6053,-0.22358,0.0506763,0.0478668,0.239101,0.330827,1.05,1.17806,0.464481,0.384221,0.464481,0.94361,0.501218,0.493565,0.422234,420,147,0.1028,-1,1,1,3,0
hk_pairs,2074,45,1,235,5.59781,0,2606,10195,-0.156796,0.191725,0.216139,-0.341412,0.650696,1.05,1.11931,0.684426,0.491348,0.684426,0.990315,0.782659,0.520159,0.481482,420,147,0.0849508,1,1,1,1,9
hk_pairs,2075,45,1,337,5.13114,1,3682,9747,-0.145237,-0.120049,0.196574,0.196699,0.466025,1.05,1.00685,0.703552,0.527209,0.703552,0.930757,0.614302,0.487329,0.41239,420,147,0.0857592,1,1,1,6,1
hk_pairs,2076,45,1,345,3.65261,0,9708,5939,0.179444,0.202303,0.0334406,0.0661564,0.199816,1.05,1.17271,0.460383,0.431922,0.490437,0.950217,0.361958,0.612208,0.548395,420,147,0.0914669,1,1,1,2,5
hk_pairs,2077,45,1,172,2.53142,1,9878,310,0.195704,-0.145012,-0.219474,0.0443707,0.456332,1.05,0.982588,0.576503,0.461976,0.581967,0.969949,0.587019,0.566594,0.504683,420,147,0.0870882,1,1,1,7,4
hk_pairs,2078,45,1,280,3.47845,1,3801,9955,-0.15529,-0.32687,0.202683,-0.118843,0.414029,1.05,1.08021,0.856557,0.619422,0.857924,0.98244,0.553576,0.729851,0.656614,420,147,0.073198,1,1,1,9,7
hk_pairs,2079,45,1,105,4.34708,1,6653,3682,0.101108,-0.290789,-0.145237,-0.120049,0.30003,1.05,1.2125,0.423497,0.364754,0.424863,0.934468,0.47083,0.55081,0.458158,420,147,0.0793515,-1,1,1,11,6
hk_pairs,2080,45,1,231,1.3667,0,6617,224,0.0955315,-0.347029,-0.221721,0.0423927,0.502692,1.05,1.07771,0.763661,0.569786,0.763661,0.995384,0.626108,0.72264,0.660253,420,147,0.0800679,1,1,1,11,3
hk_pairs,2081,45,1,222,0.647885,0,3934,10964,-0.151329,-0.294903,0.284098,0.0404701,0.549621,1.05,1.0751,0.687159,0.511271,0.687159,0.98941,0.690945,0.661592,0.627839,420,147,0.0757677,1,1,1,9,4
hk_pairs,2082,45,1,265,0.499426,1,9994,5930,0.247507,0.00558472,0.0371904,-0.349297,0.412552,1.05,1.10272,0.456284,0.384563,0.460383,0.868483,0.602485,0.47872,0.413686,420,147,0.0844138,-1,1,1,4,10
hk_pairs,2083,45,1,206,2.73009,1,8980,3682,0.221174,0.0692406,-0.145237,-0.120049,0.413063,1.05,1.11391,0.592896,0.468579,0.598361,0.943157,0.570807,0.469953,0.401014,420,147,0.0886647,1,1,1,4,6
hk_pairs,2084,45,1,220,6.26052,1,2899,5978,-0.152348,0.177713,0.036871,0.0694427,0.218813,1.05,0.909337,0.431694,0.412454,0.461749,0.920619,0.354816,0.543513,0.46406,420,147,0.0914354,-1,1,1,1,5
hk_pairs,2085,45,1,246,2.19865,1,3742,10964,-0.139513,-0.105675,0.284098,0.0404701,0.448112,1.05,0.974138,0.595628,0.501252,0.595628,0.948588,0.584437,0.537885,0.498081,420,147,0.0795543,-1,1,1,6,4
hk_pairs,2086,45,1,268,5.29388,0,5413,9955,-0.0280609,-0.205898,0.202683,-0.118843,0.246639,1.05,1.09389,0.628415,0.513206,0.628415,0.981445,0.441499,0.672968,0.626216,420,147,0.0740547,-1,1,1,8,6
hk_pairs,2087,45,1,227,0.813145,0,6895,310,0.117936,0.22892,-0.219474,0.0443707,0.384585,1.05,0.950309,0.515027,0.387181,0.515027,0.947864,0.588237,0.394858,0.330902,420,147,0.0948142,1,1,1,0,4
hk_pairs,2088,45,1,115,3.4526,1,3069,9841,-0.143905,-0.0775318,0.197027,0.204229,0.442294,1.05,1.08371,0.674863,0.517532,0.674863,0.948316,0.55451,0.511681,0.435732,420,147,0.0879485,1,1,1,6,2
hk_pairs,2089,45,1,153,2.73753,0,3537,9955,-0.146295,-0.111834,0.202683,-0.118843,0.349068,1.05,1.09069,0.607924,0.481557,0.618852,0.978639,0.496165,0.479249,0.439171,420,147,0.0778415,-1,1,1,6,7
hk_pairs,2090,45,1,287,0.624014,1,1051,10964,-0.206388,0.0350857,0.284098,0.0404701,0.491195,1.05,1.07547,0.76776,0.564094,0.775956,0.973751,0.646869,0.59298,0.544613,420,147,0.0928575,-1,1,1,3,4
hk_pairs,2091,45,1,299,3.86268,0,5677,9955,0.00559902,0.232574,0.202683,-0.118843,0.402934,1.05,1.20362,0.587432,0.439208,0.587432,0.964247,0.549581,0.449862,0.382974,420,147,0.0860276,1,1,1,0,6
hk_pairs,2092,45,1,299,3.45,1,5677,5930,0.00559902,0.232574,0.0371904,-0.349297,0.582728,1.05,1.04662,0.546448,0.417464,0.556011,0.957096,0.703378,0.441768,0.351661,420,147,0.0894201,1,1,1,0,10
hk_pairs,2093,45,1,184,5.62147,0,6043,4229,0.048605,-0.316998,-0.12455,0.197117,0.542491,1.05,1.07338,0.513661,0.381944,0.513661,0.985518,0.687234,0.346361,0.269381,420,147,0.0832182,1,1,1,10,1
hk_pairs,2094,45,1,100,0.567855,0,8821,5930,0.195513,0.18189,0.0371904,-0.349297,0.55441,1.05,1.12043,0.88388,0.622154,0.88388,0.990587,0.692385,0.636294,0.579241,420,147,0.0980893,-1,1,1,2,10
hk_pairs,2095,45,1,345,1.51598,0,9708,5930,0.179444,0.202303,0.0371904,-0.349297,0.569647,1.05,1.11811,0.459016,0.350182,0.461749,0.954833,0.713039,0.330843,0.283521,420,147,0.101606,1,1,1,2,10
hk_pairs,2096,45,1,71,0.768715,0,5804,10195,0.0184364,-0.361752,0.216139,-0.341412,0.198972,1.05,1.13192,0.719945,0.585952,0.719945,0.967053,0.352797,0.85569,0.810642,420,147,0.0732167,-1,1,1,10,9
hk_pairs,2097,45,1,231,1.92534,0,6617,4116,0.0955315,-0.347029,-0.129105,0.207911,0.599017,1.05,1.08229,0.576503,0.41587,0.576503,0.976557,0.746611,0.337832,0.271828,420,147,0.0868299,1,1,1,11,2
hk_pairs,2098,45,1,12,5.46454,1,5868,9747,0.0214767,-0.215532,0.196574,0.196699,0.447895,1.05,1.02928,0.532787,0.395947,0.532787,0.95239,0.628928,0.346482,0.277492,420,147,0.0890935,1,1,1,8,1
hk_pairs,2099,45,1,149,2.58702,1,2641,9955,-0.166611,0.194302,0.202683,-0.118843,0.484319,1.05,1.13623,0.726776,0.526412,0.726776,0.969044,0.658204,0.51421,0.460737,420,147,0.082114,-1,1,1,1,7
hk_pairs,2100,45,1,229,2.94145,0,6569,4116,0.0888796,0.0682087,-0.129105,0.207911,0.258909,1.05,0.961176,0.545082,0.414048,0.545082,0.988143,0.402914,0.451727,0.369307,420,147,0.0901543,1,1,1,5,2
hk_pairs,2101,45,1,119,4.49938,0,6372,224,0.07411,-0.000778198,-0.221721,0.0423927,0.298964,1.05,1.03504,0.459016,0.386726,0.476776,0.954019,0.478283,0.528845,0.463139,420,147,0.0874843,1,1,1,5,3
hk_pairs,2102,45,1,281,5.6872,0,5959,10195,0.0328846,-0.188906,0.216139,-0.341412,0.238414,1.05,1.0898,0.564208,0.505123,0.581967,0.980902,0.393393,0.731714,0.69179,420,147,0.0736863,1,1,1,8,11
hk_pairs,2103,45,1,331,4.68185,0,6022,4108,0.0380592,-0.34828,-0.147857,-0.339954,0.186356,1.05,1.02308,0.719945,0.553962,0.719945,0.979634,0.35511,0.804806,0.731454,420,147,0.077938,1,1,1,10,9
hk_pairs,2104,45,1,58,0.451755,0,10095,4116,0.206334,-0.160353,-0.129105,0.207911,0.498137,1.05,0.972277,0.784153,0.562842,0.797814,0.99303,0.654766,0.530614,0.4519,420,147,0.0765888,-1,1,1,7,2
hk_pairs,2105,45,1,345,5.03922,0,9708,310,0.179444,0.202303,-0.219474,0.0443707,0.429144,1.05,0.937745,0.903006,0.636157,0.903006,0.993936,0.571045,0.620291,0.555287,420,147,0.0820665,1,1,1,2,4
hk_pairs,2106,45,1,286,0.318759,1,5732,9955,0.0032053,-0.347618,0.202683,-0.118843,0.303572,1.05,1.11619,0.642077,0.510132,0.642077,0.964247,0.491253,0.648201,0.575611,420,147,0.0795561,-1,1,1,10,7
hk_pairs,2107,45,1,155,5.09101,0,64,6021,-0.233828,0.0385914,0.0385189,-0.17988,0.349187,1.05,0.99311,0.595628,0.519809,0.595628,0.931662,0.471266,0.673701,0.610468,420,147,0.0894099,1,1,1,3,8
hk_pairs,2108,45,1,179,2.6552,0,10456,4116,0.233109,-0.0120106,-0.129105,0.207911,0.42375,1.05,1.14483,0.594262,0.452983,0.594262,0.8626,0.557331,0.435557,0.356495,420,147,0.091786,-1,1,1,4,2
hk_pairs,2109,45,1,92,5.98932,0,9933,224,0.182703,0.19986,-0.221721,0.0423927,0.433998,1.05,1.04082,0.40847,0.317168,0.412568,0.955014,0.592953,0.293048,0.230747,420,147,0.0933313,-1,1,1,2,3
hk_pairs,2110,45,1,115,4.99199,1,3069,10964,-0.143905,-0.0775318,0.284098,0.0404701,0.443971,1.05,1.11591,0.644809,0.494877,0.647541,0.956915,0.646906,0.542818,0.503773,420,147,0.076564,-1,1,1,6,3
hk_pairs,2111,45,1,119,2.12711,0,6372,5930,0.07411,-0.000778198,0.0371904,-0.349297,0.350468,1.05,0.994792,0.741803,0.544285,0.741803,0.985699,0.599249,0.623538,0.534227,420,147,0.0999256,-1,1,1,5,10
hk_pairs,2112,45,1,46,4.87205,1,9358,5858,0.230137,0.0901203,0.0263662,0.235632,0.251423,1.05,1.00889,0.543716,0.454349,0.547814,0.85563,0.375911,0.648346,0.584678,420,143,0.105545,-1,1,1,4,0
hk_pairs,2113,45,1,319,0.031088,0,6265,224,0.0644598,0.127008,-0.221721,0.0423927,0.298428,1.05,1.0165,0.543716,0.41735,0.554645,0.905594,0.482408,0.493603,0.429881,420,143,0.0889652,-1,1,1,5,3
hk_pairs,2114,45,1,312,0.296133,1,2296,10195,-0.170065,0.173468,0.216139,-0.341412,0.643645,1.05,1.11029,0.689891,0.493852,0.689891,0.979544,0.786732,0.534989,0.496531,420,143,0.0951307,-1,1,1,1,11
hk_pairs,2115,45,1,90,0.903054,1,6647,5930,0.0964994,0.209301,0.0371904,-0.349297,0.561737,1.05,1.07526,0.687159,0.496926,0.687159,0.962889,0.705932,0.525317,0.447798,420,143,0.0871661,-1,1,1,0,10
hk_pairs,2116,45,1,197,1.58322,0,6470,5930,0.0838451,0.227665,0.0371904,-0.349297,0.578845,1.05,1.04461,0.715847,0.493169,0.715847,0.994479,0.756934,0.474849,0.41044,420,143,0.0933743,-1,1,1,0,10
hk_pairs,2117,45,1,82,4.01151,1,9822,5939,0.200569,-0.095808,0.0334406,0.0661564,0.232828,1.05,1.34863,0.639344,0.515027,0.639344,0.952299,0.490594,0.637021,0.568795,420,143,0.0958758,1,1,1,7,5
hk_pairs,2118,45,1,119,0.706779,1,6372,4116,0.07411,-0.000778198,-0.129105,0.207911,0.291285,1.05,0.939576,0.598361,0.471767,0.598361,0.932205,0.418139,0.531839,0.43873,420,143,0.0819853,-1,1,1,5,2
hk_pairs,2119,45,1,120,1.48939,0,6292,4116,0.0676842,0.00810242,-0.129105,0.207911,0.280566,1.05,0.89976,0.599727,0.458903,0.599727,0.906499,0.414305,0.535719,0.442314,420,143,0.0816152,-1,1,1,5,2
hk_pairs,2120,45,1,184,1.93329,0,6043,4229,0.048605,-0.316998,-0.12455,0.197117,0.542491,1.05,1.07759,0.510929,0.378643,0.510929,0.98244,0.674382,0.346712,0.269617,420,143,0.0784844,-1,1,1,10,1
hk_pairs,2121,45,1,244,1.9874,1,4636,10964,-0.117997,-0.342522,0.284098,0.0404701,0.555378,1.05,1.10451,0.737705,0.549863,0.737705,0.995022,0.694149,0.699943,0.669718,420,143,0.0766769,1,1,1,9,4
hk_pairs,2122,45,1,78,1.53963,1,324,6021,-0.22358,0.0506763,0.0385189,-0.17988,0.349177,1.05,0.990467,0.632514,0.529713,0.64071,0.953838,0.492872,0.663693,0.601378,420,143,0.0961098,1,1,1,3,8
hk_pairs,2123,45,1,224,1.92771,1,5733,6053,0.00331974,-0.348007,0.0478668,0.239101,0.588873,1.05,1.05405,0.673497,0.48577,0.673497,0.99303,0.708247,0.448605,0.382928,420,143,0.0845622,-1,1,1,10,0
hk_pairs,2124,45,1,162,2.66014,0,5545,9955,-0.00940895,0.172716,0.202683,-0.118843,0.360547,1.05,1.03111,0.397541,0.29975,0.397541,0.940442,0.544394,0.369005,0.302026,420,143,0.100476,1,1,1,0,7
hk_pairs,2125,45,1,329,0.503754,1,6120,224,0.0509748,0.0237045,-0.221721,0.0423927,0.273467,1.05,0.959063,0.469945,0.378188,0.469945,0.97357,0.426742,0.477983,0.413786,420,143,0.0904309,-1,1,1,5,3
hk_pairs,2126,45,1,290,0.33108,0,4930,6021,-0.0828028,-0.344391,0.0385189,-0.17988,0.20455,1.05,1.00404,0.545082,0.496243,0.576503,0.942976,0.362863,0.731402,0.65778,420,143,0.0805535,-1,1,1,9,8
hk_pairs,2127,45,1,149,3.21381,1,2641,5930,-0.166611,0.194302,0.0371904,-0.349297,0.580757,1.05,1.10181,0.493169,0.364185,0.493169,0.958726,0.775453,0.265312,0.196042,420,143,0.0877107,-1,1,1,1,10
hk_pairs,2128,45,1,90,1.48371,0,6647,5905,0.0964994,0.209301,0.030447,-0.17753,0.39243,1.05,1.10672,0.699454,0.511726,0.699454,0.995293,0.560207,0.540223,0.471472,420,143,0.0918079,-1,1,1,0,8
hk_pairs,2129,45,1,126,0.731172,0,6357,310,0.0781794,-0.235918,-0.219474,0.0443707,0.408957,1.05,1.01904,0.636612,0.488046,0.642077,0.962527,0.590506,0.637537,0.574136,420,143,0.0894541,-1,1,1,8,4
hk_pairs,2130,45,1,244,5.32123,1,4636,9841,-0.117997,-0.342522,0.197027,0.204229,0.631077,1.05,1.11112,0.573771,0.401753,0.573771,0.993664,0.795269,0.338409,0.271335,420,143,0.0813241,-1,1,1,9,2
hk_pairs,2131,45,1,174,3.07294,0,9442,5905,0.233411,0.0544262,0.030447,-0.17753,0.309014,1.05,0.964917,0.718579,0.586635,0.745902,0.952118,0.499159,0.724713,0.657167,420,143,0.0857984,1,1,1,4,8
hk_pairs,2132,45,1,290,3.36177,1,4930,6021,-0.0828028,-0.344391,0.0385189,-0.17988,0.20455,1.05,1.06332,0.519126,0.491348,0.538251,0.92958,0.366303,0.730618,0.659163,420,143,0.079163,-1,1,1,9,8
hk_pairs,2133,45,1,7,6.08291,0,164,10195,-0.223902,0.0221577,0.216139,-0.341412,0.570859,1.05,1.03353,0.860656,0.602573,0.860656,0.954743,0.738605,0.647668,0.598322,420,143,0.0875993,1,1,1,3,11
hk_pairs,2134,45,1,235,4.35711,0,2606,10964,-0.156796,0.191725,0.284098,0.0404701,0.466118,1.05,1.06857,0.428962,0.344604,0.435792,0.916274,0.588831,0.324623,0.271523,420,143,0.0930886,-1,1,1,1,4
hk_pairs,2135,45,1,264,4.60504,1,9884,4108,0.195301,-0.138306,-0.147857,-0.339954,0.398134,1.05,0.998408,0.795082,0.594149,0.795082,0.987238,0.494368,0.737407,0.667056,420,143,0.0752433,1,1,1,7,9
hk_pairs,2136,45,1,126,4.79574,1,6357,3892,0.0781794,-0.235918,-0.136424,-0.123369,0.242377,1.05,0.968737,0.620219,0.488388,0.620219,0.959812,0.405573,0.651333,0.575484,420,143,0.0778403,1,1,1,8,7
hk_pairs,2137,45,1,162,0.482314,1,5545,6021,-0.00940895,0.172716,0.0385189,-0.17988,0.355841,1.05,1.0432,0.484973,0.352801,0.484973,0.989862,0.535791,0.377257,0.30255,420,143,0.124645,1,1,1,0,8
hk_pairs,2138,45,1,327,3.11975,1,9518,5930,0.186737,-0.138107,0.0371904,-0.349297,0.258925,1.05,1.00111,0.964481,0.715278,0.964481,0.990224,0.492807,0.862121,0.798387,420,143,0.0786768,-1,1,1,7,10
hk_pairs,2139,45,1,323,2.26062,0,9776,5858,0.192118,-0.121008,0.0263662,0.235632,0.393275,1.05,1.0085,0.728142,0.558174,0.728142,0.960898,0.583282,0.533153,0.482549,420,143,0.0909928,1,1,1,7,0
hk_pairs,2140,45,1,155,1.22682,0,64,9747,-0.233828,0.0385914,0.196574,0.196699,0.458526,1.05,1.12961,0.40847,0.302823,0.40847,0.933201,0.626932,0.283984,0.207593,420,143,0.0829393,1,1,1,3,1
hk_pairs,2141,45,1,105,5.92636,0,6653,5905,0.101108,-0.290789,0.030447,-0.17753,0.134157,1.05,1.2177,0.571038,0.473361,0.571038,0.95592,0.331224,0.796534,0.735098,420,143,0.0769772,-1,1,1,11,8
hk_pairs,2142,45,1,198,0.131639,1,4867,9747,-0.088707,-0.363306,0.196574,0.196699,0.628495,1.05,0.989838,0.502732,0.366462,0.502732,0.980268,0.804866,0.312098,0.24833,420,143,0.0857743,-1,1,1,9,1
hk_pairs,2143,45,1,92,5.73995,1,9933,5930,0.182703,0.19986,0.0371904,-0.349297,0.568108,1.05,0.975321,0.412568,0.309654,0.412568,0.97176,0.760621,0.296164,0.222892,420,143,0.116394,1,1,1,2,10
hk_pairs,2144,45,1,280,3.93327,1,3801,9747,-0.15529,-0.32687,0.196574,0.196699,0.630819,1.05,1.0282,0.703552,0.538024,0.709016,0.965967,0.744373,0.594589,0.525605,420,143,0.0745592,1,1,1,9,1
hk_pairs,2145,45,1,282,3.88316,0,5785,10964,0.0100203,-0.333939,0.284098,0.0404701,0.464024,1.05,1.06243,0.845628,0.652323,0.846995,0.978096,0.604819,0.784415,0.757241,420,143,0.0738615,-1,1,1,10,3
hk_pairs,2146,45,1,265,4.85716,1,9994,4116,0.247507,0.00558472,-0.129105,0.207911,0.427548,1.05,1.15898,0.411202,0.336635,0.412568,0.884685,0.571248,0.379047,0.303652,420,143,0.0890507,-1,1,1,4,2
hk_pairs,2147,45,1,331,0.481497,0,6022,4108,0.0380592,-0.34828,-0.147857,-0.339954,0.186356,1.05,0.98092,0.681694,0.553962,0.698087,0.963432,0.342236,0.80659,0.732681,420,143,0.0760683,-1,1,1,10,9
hk_pairs,2148,45,1,87,5.48609,1,10428,224,0.212633,0.0399647,-0.221721,0.0423927,0.434361,1.05,1.0257,0.72541,0.55123,0.733607,0.964518,0.570992,0.582919,0.518174,420,143,0.0907446,-1,1,1,4,3
hk_pairs,2149,45,1,346,2.41329,0,6883,224,0.116501,-0.263332,-0.221721,0.0423927,0.455942,1.05,0.97992,0.610656,0.52015,0.614754,0.970583,0.60615,0.652637,0.587372,420,143,0.0783209,-1,1,1,11,3
hk_pairs,2150,45,1,132,1.3823,0,6771,5930,0.110125,-0.342058,0.0371904,-0.349297,0.0739789,1.05,0.882857,0.550547,0.491576,0.550547,0.944515,0.257668,0.908453,0.857021,420,143,0.0735812,1,1,1,11,10
hk_pairs,2151,45,1,286,4.64189,0,5732,9955,0.0032053,-0.347618,0.202683,-0.118843,0.303572,1.05,1.05466,0.677596,0.509904,0.680328,0.992125,0.501792,0.648694,0.572684,420,143,0.085938,-1,1,1,10,7
hk_pairs,2152,45,1,126,6.00761,0,6357,4108,0.0781794,-0.235918,-0.147857,-0.339954,0.248829,1.05,1.07517,0.743169,0.582081,0.766393,0.987509,0.425052,0.73583,0.665658,420,143,0.0742088,-1,1,1,8,11
hk_pairs,2153,45,1,103,1.0363,0,7750,5939,0.152654,-0.326788,0.0334406,0.0661564,0.410631,1.05,1.14187,0.625683,0.510587,0.635246,0.96651,0.565987,0.630212,0.547238,420,143,0.0806018,1,1,1,11,5
hk_pairs,2154,45,1,105,2.78633,0,6653,4229,0.101108,-0.290789,-0.12455,0.197117,0.537728,1.05,1.02082,0.59153,0.42862,0.59153,0.982983,0.683726,0.361497,0.296834,420,143,0.0862961,-1,1,1,11,1
hk_pairs,2155,45,1,177,2.56998,1,6756,4229,0.104531,-0.171541,-0.12455,0.197117,0.434036,1.05,1.03323,0.624317,0.474499,0.631148,0.957639,0.594209,0.454428,0.381758,420,143,0.0770455,-1,1,1,8,1
hk_pairs,2156,45,1,10,6.02955,1,6119,3682,0.0508642,-0.333344,-0.145237,-0.120049,0.289798,1.05,1.09213,0.801913,0.598247,0.801913,0.983164,0.4429,0.758764,0.670269,420,143,0.0806742,-1,1,1,10,6
hk_pairs,2157,45,1,8,4.44183,1,9999,224,0.200145,0.209965,-0.221721,0.0423927,0.453928,1.05,1.09855,0.711749,0.516963,0.711749,0.942795,0.636268,0.537464,0.467822,420,143,0.0843884,-1,1,1,2,3
hk_pairs,2158,45,1,27,1.57861,1,8788,310,0.173862,-0.131302,-0.219474,0.0443707,0.430783,1.05,1.08073,0.681694,0.513661,0.681694,0.978729,0.623698,0.530328,0.468471,420,143,0.0768586,1,1,1,7,4
hk_pairs,2159,45,1,312,3.91741,1,2296,9955,-0.170065,0.173468,0.202683,-0.118843,0.473695,1.05,1.09965,0.696721,0.511726,0.696721,0.977643,0.652295,0.495509,0.441888,420,143,0.104006,1,1,1,1,7
hk_pairs,2160,45,1,227,3.32675,1,6895,5930,0.117936,0.22892,0.0371904,-0.349297,0.583881,1.05,1.08403,0.442623,0.329463,0.442623,0.955648,0.762196,0.301618,0.230962,420,143,0.098159,1,1,1,0,10
hk_pairs,2161,45,1,64,1.8955,1,3105,6021,-0.148814,0.158411,0.0385189,-0.17988,0.386772,1.05,0.974415,0.674863,0.508311,0.674863,0.968411,0.604266,0.606974,0.511501,420,143,0.100423,1,1,1,1,8
hk_pairs,2162,45,1,224,2.12085,0,5733,9841,0.00331974,-0.348007,0.197027,0.204229,0.585302,1.05,1.04878,0.45765,0.333789,0.45765,0.961079,0.723574,0.257966,0.197682,420,143,0.0917404,1,1,1,10,2
hk_pairs,2163,45,1,193,2.04809,0,8574,224,0.170078,0.197699,-0.221721,0.0423927,0.421561,1.05,0.987784,0.881148,0.617031,0.881148,0.998009,0.571876,0.604964,0.541555,420,143,0.0847677,1,1,1,2,3
hk_pairs,2164,45,1,282,0.82655,1,5785,9955,0.0100203,-0.333939,0.202683,-0.118843,0.288765,1.05,1.10215,0.724044,0.572632,0.724044,0.952299,0.486886,0.683343,0.616953,420,143,0.0801742,1,1,1,10,7
hk_pairs,2165,45,1,206,1.78737,1,8980,5930,0.221174,0.0692406,0.0371904,-0.349297,0.45777,1.05,0.969172,0.607924,0.477231,0.607924,0.913921,0.606057,0.512538,0.439014,420,143,0.0890572,-1,1,1,4,10
hk_pairs,2166,45,1,346,1.29273,0,6883,5939,0.116501,-0.263332,0.0334406,0.0661564,0.33982,1.05,1.16255,0.653005,0.506489,0.659836,0.970583,0.496648,0.626432,0.557489,420,143,0.087937,1,1,1,11,5
hk_pairs,2167,45,1,90,0.433381,0,6647,5939,0.0964994,0.209301,0.0334406,0.0661564,0.156654,1.05,1.13357,0.434426,0.404599,0.469945,0.936097,0.360165,0.626297,0.554703,420,143,0.103233,1,1,1,0,5
hk_pairs,2168,45,1,7,5.80503,0,164,5930,-0.223902,0.0221577,0.0371904,-0.349297,0.454038,1.05,1.0472,0.513661,0.39128,0.513661,0.902245,0.66049,0.42448,0.358503,420,143,0.0918329,1,1,1,3,10
hk_pairs,2169,45,1,10,2.60596,0,6119,4108,0.0508642,-0.333344,-0.147857,-0.339954,0.19891,1.05,1.16684,0.714481,0.564777,0.714481,0.980449,0.349657,0.781083,0.708025,420,143,0.0741951,-1,1,1,10,11
hk_pairs,2170,45,1,298,3.29241,0,5919,10964,0.0272675,-0.319218,0.284098,0.0404701,0.442009,1.05,1.04467,0.829235,0.641621,0.829235,0.989862,0.56694,0.800129,0.772407,420,143,0.0711935,1,1,1,10,3
hk_pairs,2171,45,1,282,2.95087,0,5785,9747,0.0100203,-0.333939,0.196574,0.196699,0.562476,1.05,1.10298,0.561475,0.41439,0.565574,0.933291,0.705185,0.334648,0.275663,420,143,0.0857947,1,1,1,10,1
hk_pairs,2172,45,1,27,4.00664,0,8788,3682,0.173862,-0.131302,-0.145237,-0.120049,0.319417,1.05,1.1118,0.587432,0.478939,0.590164,0.969768,0.450886,0.516268,0.440553,420,143,0.0764392,-1,1,1,7,6
hk_pairs,2173,45,1,310,3.85159,0,5736,9955,0.0107288,0.154242,0.202683,-0.118843,0.333833,1.05,1.00196,0.353825,0.280055,0.353825,0.917723,0.50387,0.322934,0.240186,420,143,0.101568,1,1,1,0,6
hk_pairs,2174,45,1,231,3.99389,1,6617,224,0.0955315,-0.347029,-0.221721,0.0423927,0.502692,1.05,0.978005,0.744536,0.563866,0.744536,0.978458,0.61692,0.713112,0.650717,420,143,0.0806331,1,1,1,11,3
hk_pairs,2175,45,1,69,0.142409,1,6992,4229,0.133078,-0.357527,-0.12455,0.197117,0.611557,1.05,1.09085,0.622951,0.432149,0.622951,0.984703,0.768581,0.359806,0.288801,420,143,0.0839105,1,1,1,11,1
hk_pairs,2176,45,1,8,3.58776,1,9999,5930,0.200145,0.209965,0.0371904,-0.349297,0.582518,1.05,1.01355,0.370219,0.305442,0.381148,0.899801,0.778332,0.278176,0.213956,420,140,0.101673,-1,1,1,2,10
hk_pairs,2177,45,1,184,0.629087,1,6043,224,0.048605,-0.316998,-0.221721,0.0423927,0.449708,1.05,1.06555,0.803279,0.592327,0.803279,0.972846,0.648325,0.72766,0.663953,420,140,0.0783737,1,1,1,10,3
hk_pairs,2178,45,1,319,1.80609,1,6265,4229,0.0644598,0.127008,-0.12455,0.197117,0.201593,1.05,0.863483,0.461749,0.380237,0.461749,0.918356,0.331722,0.498949,0.427892,420,140,0.0835219,-1,1,1,5,1
hk_pairs,2179,45,1,312,0.0381753,1,2296,10195,-0.170065,0.173468,0.216139,-0.341412,0.643645,1.05,1.10864,0.681694,0.486339,0.681694,0.981445,0.778538,0.537938,0.499408,420,140,0.0980562,-1,1,1,1,11
hk_pairs,2180,45,1,78,5.9978,1,324,6053,-0.22358,0.0506763,0.0478668,0.239101,0.330827,1.05,1.13596,0.437158,0.387864,0.437158,0.88206,0.482858,0.494532,0.423471,420,140,0.108192,1,1,1,3,0
hk_pairs,2181,45,1,246,5.268,1,3742,10964,-0.139513,-0.105675,0.284098,0.0404701,0.448112,1.05,0.97114,0.599727,0.507058,0.599727,0.955377,0.580054,0.536303,0.496537,420,140,0.0773446,1,1,1,6,4
hk_pairs,2182,45,1,172,1.7856,1,9878,4116,0.195704,-0.145012,-0.129105,0.207911,0.479724,1.05,1.02129,0.714481,0.560223,0.714481,0.977281,0.577736,0.528199,0.446351,420,140,0.0773771,1,1,1,7,2
hk_pairs,2183,45,1,7,2.59409,0,164,9747,-0.223902,0.0221577,0.196574,0.196699,0.455269,1.05,1.0603,0.881148,0.609517,0.881148,0.978367,0.590279,0.544659,0.465295,420,140,0.092918,1,1,1,3,1
hk_pairs,2184,45,1,246,4.742,1,3742,6053,-0.139513,-0.105675,0.0478668,0.239101,0.392405,1.05,1.0384,0.677596,0.511043,0.689891,0.986332,0.549995,0.464806,0.410845,420,140,0.104794,-1,1,1,6,0
hk_pairs,2185,45,1,7,1.0738,1,164,9841,-0.223902,0.0221577,0.197027,0.204229,0.458622,1.05,1.02071,0.822404,0.585269,0.822404,0.980087,0.567906,0.544686,0.46615,420,140,0.0968012,1,1,1,3,2
hk_pairs,2186,45,1,64,2.28743,0,3105,5978,-0.148814,0.158411,0.036871,0.0694427,0.205899,1.05,1.0983,0.45765,0.401867,0.459016,0.932114,0.422409,0.531232,0.462986,420,140,0.10868,1,1,1,1,5
hk_pairs,2187,45,1,162,0.947396,0,5545,6021,-0.00940895,0.172716,0.0385189,-0.17988,0.355841,1.05,1.04716,0.446721,0.362363,0.446721,0.97185,0.510224,0.414196,0.328773,420,140,0.101284,1,1,1,0,8
hk_pairs,2188,45,1,87,1.89348,1,10428,5939,0.212633,0.0399647,0.0334406,0.0661564,0.181303,1.05,1.28344,0.476776,0.473019,0.550547,0.845945,0.443254,0.64216,0.577093,420,140,0.0870837,-1,1,1,4,5
hk_pairs,2189,45,1,64,0.53262,0,3105,5978,-0.148814,0.158411,0.036871,0.0694427,0.205899,1.05,0.955274,0.392077,0.399135,0.422131,0.823678,0.384447,0.533714,0.462434,420,140,0.0967012,1,1,1,1,5
hk_pairs,2190,45,1,31,1.42244,1,6472,4229,0.0860271,-0.329134,-0.12455,0.197117,0.566975,1.05,1.03667,0.573771,0.413707,0.573771,0.982259,0.736601,0.365019,0.274719,420,140,0.0790266,-1,1,1,11,1
hk_pairs,2191,45,1,126,3.75103,0,6357,310,0.0781794,-0.235918,-0.219474,0.0443707,0.408957,1.05,1.03172,0.63388,0.485883,0.63388,0.966238,0.584885,0.637804,0.574316,420,140,0.0840885,1,1,1,8,4
hk_pairs,2192,45,1,172,4.87358,1,9878,5905,0.195704,-0.145012,0.030447,-0.17753,0.168662,1.05,1.24542,0.587432,0.53199,0.587432,0.89962,0.312281,0.778256,0.715586,420,140,0.0746575,1,1,1,7,8
hk_pairs,2193,45,1,329,0.791742,0,6120,5858,0.0509748,0.0237045,0.0263662,0.235632,0.213521,1.05,0.996184,0.560109,0.458903,0.569672,0.901521,0.380678,0.523689,0.453012,420,140,0.109237,1,1,1,5,0
hk_pairs,2194,45,1,149,5.5796,1,2641,6021,-0.166611,0.194302,0.0385189,-0.17988,0.426796,1.05,1.20351,0.673497,0.517532,0.673497,0.983345,0.588389,0.581025,0.50776,420,140,0.0937675,1,1,1,1,8
hk_pairs,2195,45,1,31,1.49059,0,6472,4108,0.0860271,-0.329134,-0.147857,-0.339954,0.234514,1.05,1.02261,0.706284,0.563183,0.739071,0.984884,0.383306,0.777145,0.703572,420,140,0.0740183,-1,1,1,11,9
hk_pairs,2196,45,1,280,2.08822,0,3801,9747,-0.15529,-0.32687,0.196574,0.196699,0.630819,1.05,1.03725,0.728142,0.538365,0.736339,0.958182,0.735212,0.596182,0.526901,420,140,0.0737414,-1,1,1,9,1
hk_pairs,2197,45,1,27,3.64334,0,8788,5930,0.173862,-0.131302,0.0371904,-0.349297,0.257442,1.05,1.05575,0.680328,0.561475,0.70765,0.948226,0.410062,0.769384,0.697031,420,140,0.181951,-1,1,1,7,10
hk_pairs,2198,45,1,197,3.24811,1,6470,3892,0.0838451,0.227665,-0.136424,-0.123369,0.41445,1.05,1.13925,0.617486,0.461407,0.621585,0.983889,0.571223,0.432149,0.363208,420,140,0.0832607,-1,1,1,0,7
hk_pairs,2199,45,1,331,4.42917,1,6022,224,0.0380592,-0.34828,-0.221721,0.0423927,0.46926,1.05,1.06136,0.465847,0.37796,0.471312,0.920167,0.618996,0.390692,0.33107,420,140,0.0780215,1,1,1,10,3
hk_pairs,2200,45,1,244,5.59138,0,4636,5978,-0.117997,-0.342522,0.036871,0.0694427,0.440205,1.05,1.11618,0.528689,0.430214,0.528689,0.943791,0.575474,0.515643,0.44403,420,140,0.0787896,-1,1,1,9,5
hk_pairs,2201,45,1,282,1.16844,0,5785,5978,0.0100203,-0.333939,0.036871,0.0694427,0.404296,1.05,1.05264,0.576503,0.432946,0.576503,0.968592,0.5434,0.497375,0.428548,420,140,0.0925208,-1,1,1,10,5
hk_pairs,2202,45,1,177,6.03008,1,6756,3682,0.104531,-0.171541,-0.145237,-0.120049,0.255021,1.05,0.965997,0.54235,0.44934,0.54235,0.98416,0.377798,0.563872,0.491706,420,140,0.0795498,1,1,1,8,6
hk_pairs,2203,45,1,267,3.53699,1,6716,5930,0.111661,-0.328478,0.0371904,-0.349297,0.0773258,1.05,1.19134,0.662568,0.543716,0.662568,0.983526,0.29391,0.901824,0.856481,420,140,0.0713581,-1,1,1,11,10
hk_pairs,2204,45,1,64,5.0328,0,3105,9955,-0.148814,0.158411,0.202683,-0.118843,0.447705,1.05,1.09006,0.64071,0.496699,0.642077,0.933472,0.565686,0.483817,0.433488,420,140,0.0929359,-1,1,1,1,6
hk_pairs,2205,45,1,328,5.10786,0,145,5978,-0.231475,0.0557003,0.036871,0.0694427,0.268819,1.05,1.25494,0.353825,0.357354,0.385246,0.860699,0.418244,0.492035,0.429244,420,140,0.0930199,1,1,1,3,5
hk_pairs,2206,45,1,8,1.751,1,9999,5905,0.200145,0.209965,0.030447,-0.17753,0.423025,1.05,1.1946,0.76776,0.582423,0.76776,0.983979,0.589708,0.630299,0.546585,420,140,0.0933867,1,1,1,2,8
hk_pairs,2207,45,1,78,5.68048,1,324,5978,-0.22358,0.0506763,0.036871,0.0694427,0.261621,1.05,1.19761,0.427596,0.375455,0.443989,0.95239,0.446728,0.49375,0.437631,420,140,0.106121,1,1,1,3,5
hk_pairs,2208,45,1,222,1.75111,0,3934,6021,-0.151329,-0.294903,0.0385189,-0.17988,0.222013,1.05,0.93969,0.621585,0.495332,0.621585,0.981445,0.389967,0.733354,0.670167,420,140,0.0767681,1,1,1,9,8
hk_pairs,2209,45,1,268,4.3982,0,5413,9955,-0.0280609,-0.205898,0.202683,-0.118843,0.246639,1.05,1.12157,0.674863,0.546107,0.674863,0.964428,0.473241,0.679544,0.625368,420,140,0.0722915,1,1,1,8,7
hk_pairs,2210,45,1,3,4.57441,1,6806,5905,0.10325,0.0450993,0.030447,-0.17753,0.235103,1.05,0.968112,0.627049,0.491803,0.639344,0.937998,0.433718,0.669751,0.582383,420,140,0.0849948,1,1,1,5,8
hk_pairs,2211,45,1,172,0.633772,0,9878,5939,0.195704,-0.145012,0.0334406,0.0661564,0.266311,1.05,0.867162,0.598361,0.525046,0.624317,0.979906,0.416951,0.630228,0.567077,420,140,0.10326,1,1,1,7,5
hk_pairs,2212,45,1,10,5.02202,1,6119,5939,0.0508642,-0.333344,0.0334406,0.0661564,0.399891,1.05,1.06205,0.508197,0.410064,0.508197,0.910934,0.586932,0.553236,0.482807,420,140,0.101171,1,1,1,10,5
hk_pairs,2213,45,1,331,4.6153,1,6022,3682,0.0380592,-0.34828,-0.145237,-0.120049,0.292887,1.05,0.972113,0.601093,0.472222,0.601093,0.945058,0.484046,0.619019,0.534458,420,140,0.0846985,1,1,1,10,6
hk_pairs,2214,45,1,337,0.546672,0,3682,9841,-0.145237,-0.120049,0.197027,0.204229,0.471488,1.05,1.00521,0.711749,0.51776,0.711749,0.903331,0.658189,0.489312,0.413018,420,140,0.08298,-1,1,1,6,2
hk_pairs,2215,45,1,27,3.11977,1,8788,5858,0.173862,-0.131302,0.0263662,0.235632,0.395564,1.05,1.028,0.806011,0.600182,0.822404,0.986242,0.573374,0.544032,0.491806,420,140,0.0878114,-1,1,1,7,0
hk_pairs,2216,45,1,175,5.81998,0,5584,10195,-0.00548744,0.10948,0.216139,-0.341412,0.502416,1.05,1.00314,0.722678,0.526184,0.72541,0.94895,0.65458,0.467187,0.426732,420,140,0.0765977,1,1,1,5,11
hk_pairs,2217,45,1,310,0.457822,1,5736,9747,0.0107288,0.154242,0.196574,0.196699,0.190706,1.05,1.03378,0.646175,0.51184,0.646175,0.919352,0.410698,0.633305,0.556544,420,140,0.0751808,1,1,1,0,1
hk_pairs,2218,45,1,82,1.08466,1,9822,5939,0.200569,-0.095808,0.0334406,0.0661564,0.232828,1.05,1.3497,0.628415,0.508538,0.628415,0.94886,0.488041,0.636244,0.568074,420,140,0.0998404,-1,1,1,7,5
hk_pairs,2219,45,1,186,0.198669,1,2504,9955,-0.170369,-0.154715,0.202683,-0.118843,0.374774,1.05,1.12307,0.639344,0.515141,0.639344,0.980449,0.473724,0.516193,0.475106,420,140,0.0769987,-1,1,1,6,7
hk_pairs,2220,45,1,183,2.15077,1,4310,10964,-0.132963,-0.342716,0.284098,0.0404701,0.566507,1.05,1.08165,0.681694,0.560565,0.681694,0.965695,0.686767,0.695652,0.664848,420,140,0.0731007,-1,1,1,9,3
hk_pairs,2221,45,1,286,4.98365,1,5732,10964,0.0032053,-0.347618,0.284098,0.0404701,0.479169,1.05,1.09784,0.530055,0.408698,0.530055,0.974656,0.620272,0.40775,0.377792,420,140,0.0747222,1,1,1,10,4
hk_pairs,2222,45,1,132,0.227381,1,6771,5858,0.110125,-0.342058,0.0263662,0.235632,0.583817,1.05,1.09444,0.460383,0.356671,0.460383,0.97357,0.755112,0.417162,0.351852,420,140,0.10378,1,1,1,11,0
hk_pairs,2223,45,1,114,4.47108,0,5668,9955,0.00233459,0.0733776,0.202683,-0.118843,0.277682,1.05,1.06064,0.32377,0.27015,0.32377,0.913106,0.453513,0.347616,0.269915,420,140,0.104167,1,1,1,5,7
hk_pairs,2224,45,1,119,1.88681,0,6372,310,0.07411,-0.000778198,-0.219474,0.0443707,0.297181,1.05,0.939791,0.512295,0.417008,0.515027,0.965152,0.499548,0.527883,0.467185,420,140,0.0880174,-1,1,1,5,4
hk_pairs,2225,45,1,280,6.26354,0,3801,10195,-0.15529,-0.32687,0.216139,-0.341412,0.371752,1.05,1.04326,0.565574,0.4926,0.580601,0.91021,0.501512,0.629859,0.560997,420,140,0.0741153,1,1,1,9,11
hk_pairs,2226,45,1,338,3.10805,1,8247,5905,0.16576,-0.127426,0.030447,-0.17753,0.144553,1.05,1.06844,0.607924,0.553165,0.607924,0.954833,0.391952,0.775296,0.706638,420,140,0.0746642,1,1,1,7,8
hk_pairs,2227,45,1,100,0.924501,0,8821,4108,0.195513,0.18189,-0.147857,-0.339954,0.624796,1.05,0.981726,0.54235,0.386157,0.54235,0.957911,0.808175,0.3428,0.289573,420,140,0.0962354,1,1,1,2,11
hk_pairs,2228,45,1,338,0.405031,1,8247,310,0.16576,-0.127426,-0.219474,0.0443707,0.421805,1.05,1.05369,0.599727,0.470856,0.610656,0.942252,0.598174,0.527195,0.46619,420,140,0.0806943,1,1,1,7,4
hk_pairs,2229,45,1,161,1.75256,0,2296,6021,-0.170065,0.173468,0.0385189,-0.17988,0.410331,1.05,1.12662,0.474044,0.386271,0.480874,0.942976,0.561782,0.450443,0.353793,420,140,0.100043,-1,1,1,1,8
hk_pairs,2230,45,1,327,3.69736,1,9518,4108,0.186737,-0.138107,-0.147857,-0.339954,0.390862,1.05,1.00413,0.844262,0.636384,0.878415,0.994388,0.51932,0.73387,0.663424,420,140,0.0762746,-1,1,1,7,9
hk_pairs,2231,45,1,290,5.66074,1,4930,10195,-0.0828028,-0.344391,0.216139,-0.341412,0.299107,1.05,0.964952,0.793716,0.615893,0.793716,0.95782,0.431621,0.734847,0.675108,420,140,0.077888,1,1,1,9,11
hk_pairs,2232,45,1,265,5.98885,0,9994,4108,0.247507,0.00558472,-0.147857,-0.339954,0.525105,1.05,1.01677,0.480874,0.375569,0.480874,0.800054,0.685266,0.320122,0.252312,420,140,0.085204,-1,1,1,4,11
hk_pairs,2233,45,1,44,2.21334,1,5645,10195,-0.00140858,-0.144583,0.216139,-0.341412,0.293527,1.05,1.08236,0.60929,0.513661,0.621585,0.945692,0.486082,0.641007,0.604029,420,140,0.0727483,1,1,1,8,11
hk_pairs,2234,45,1,244,1.26825,1,4636,5930,-0.117997,-0.342522,0.0371904,-0.349297,0.155597,1.05,1.0264,0.754098,0.594262,0.754098,0.984794,0.317457,0.859457,0.791408,420,140,0.0729473,-1,1,1,9,10
hk_pairs,2235,45,1,15,4.17216,1,2437,6053,-0.165091,-0.120352,0.0478668,0.239101,0.417801,1.05,1.11578,0.648907,0.484745,0.665301,0.971488,0.564173,0.448329,0.388017,420,140,0.0938748,-1,1,1,6,0
hk_pairs,2236,45,1,280,2.29861,0,3801,10195,-0.15529,-0.32687,0.216139,-0.341412,0.371752,1.05,1.07432,0.61612,0.486111,0.620219,0.937817,0.533037,0.629631,0.562633,420,140,0.0760267,-1,1,1,9,11
hk_pairs,2237,45,1,328,2.07456,0,145,10195,-0.231475,0.0557003,0.216139,-0.341412,0.598379,1.05,0.99951,0.747268,0.558516,0.754098,0.948135,0.692739,0.636532,0.591458,420,140,0.0835107,1,1,1,3,11
hk_pairs,2238,45,1,186,4.3427,0,2504,6053,-0.170369,-0.154715,0.0478668,0.239101,0.450272,1.05,1.05741,0.79235,0.594262,0.79235,0.991763,0.668854,0.537331,0.472867,420,140,0.0921181,1,1,1,6,0
hk_pairs,2239,45,1,282,2.1712,1,5785,9955,0.0100203,-0.333939,0.202683,-0.118843,0.288765,1.05,0.987843,0.670765,0.519923,0.673497,0.957549,0.487915,0.680787,0.619456,420,140,0.0781606,1,1,1,10,6
hk_pairs,2240,45,1,184,3.14399,0,6043,5939,0.048605,-0.316998,0.0334406,0.0661564,0.38355,1.05,1.04378,0.498634,0.405055,0.498634,0.973932,0.556739,0.554716,0.483084,420,138,0.10052,1,1,1,10,5
hk_pairs,2241,45,1,72,6.20112,0,504,10964,-0.210823,0.0496616,0.284098,0.0404701,0.495099,1.05,1.01314,0.801913,0.596539,0.801913,0.976104,0.621367,0.61561,0.566881,420,138,0.0952643,-1,1,1,3,4
hk_pairs,2242,45,1,8,5.12098,1,9999,5930,0.200145,0.209965,0.0371904,-0.349297,0.582518,1.05,1.154,0.375683,0.293147,0.375683,0.980539,0.776876,0.284522,0.215694,420,138,0.106741,-1,1,1,2,10
hk_pairs,2243,45,1,286,2.27815,0,5732,9955,0.0032053,-0.347618,0.202683,-0.118843,0.303572,1.05,1.09772,0.620219,0.500228,0.620219,0.968049,0.479456,0.646738,0.576181,420,138,0.0799558,-1,1,1,10,6
hk_pairs,2244,45,1,179,3.89207,1,10456,5930,0.233109,-0.0120106,0.0371904,-0.349297,0.390059,1.05,0.970769,0.435792,0.394012,0.445355,0.891202,0.528799,0.521811,0.44675,420,138,0.0910018,-1,1,1,4,10
hk_pairs,2245,45,1,10,4.9941,0,6119,4108,0.0508642,-0.333344,-0.147857,-0.339954,0.19891,1.05,0.884895,0.781421,0.587318,0.781421,0.993664,0.402649,0.779997,0.706967,420,138,0.0743239,-1,1,1,10,9
hk_pairs,2246,45,1,175,1.52065,1,5584,9955,-0.00548744,0.10948,0.202683,-0.118843,0.309019,1.05,1.07846,0.306011,0.252391,0.306011,0.93492,0.493536,0.311292,0.234676,420,138,0.118058,-1,1,1,5,7
hk_pairs,2247,45,1,280,4.6116,1,3801,9955,-0.15529,-0.32687,0.202683,-0.118843,0.414029,1.05,1.05206,0.928962,0.673383,0.928962,0.990405,0.535019,0.702258,0.649007,420,138,0.0755856,-1,1,1,9,6
hk_pairs,2248,45,1,229,6.27898,0,6569,4108,0.0888796,0.0682087,-0.147857,-0.339954,0.471849,1.05,1.11457,0.695355,0.490323,0.695355,0.990587,0.651399,0.579836,0.513886,420,138,0.0880294,1,1,1,5,9
hk_pairs,2249,45,1,174,2.85322,0,9442,5930,0.233411,0.0544262,0.0371904,-0.349297,0.449429,1.05,1.11989,0.449454,0.369991,0.45765,0.936007,0.665359,0.439861,0.379675,420,138,0.0917153,-1,1,1,4,10
hk_pairs,2250,45,1,287,5.16896,0,1051,9841,-0.206388,0.0350857,0.197027,0.204229,0.438203,1.05,1.02001,0.627049,0.477459,0.628415,0.853458,0.555223,0.442198,0.360916,420,138,0.101325,-1,1,1,3,2
hk_pairs,2251,45,1,132,6.13424,1,6771,3892,0.110125,-0.342058,-0.136424,-0.123369,0.329601,1.05,1.06778,0.561475,0.445583,0.561475,0.976738,0.456401,0.550071,0.469419,420,138,0.0807138,-1,1,1,11,7
hk_pairs,2252,45,1,8,3.97488,0,9999,4108,0.200145,0.209965,-0.147857,-0.339954,0.650781,1.05,1.13003,0.72541,0.5222,0.72541,0.960083,0.789517,0.55919,0.496865,420,138,0.0801144,-1,1,1,2,11
hk_pairs,2253,45,1,105,3.99058,0,6653,4116,0.101108,-0.290789,-0.129105,0.207911,0.549433,1.05,1.01891,0.625683,0.435223,0.625683,0.995927,0.745467,0.370071,0.297715,420,138,0.086452,1,1,1,11,2
hk_pairs,2254,45,1,184,5.94304,1,6043,5939,0.048605,-0.316998,0.0334406,0.0661564,0.38355,1.05,1.03827,0.5,0.417919,0.5,0.972665,0.546062,0.555238,0.483044,420,138,0.0941813,1,1,1,10,5
hk_pairs,2255,45,1,114,2.41143,1,5668,10195,0.00233459,0.0733776,0.216139,-0.341412,0.466746,1.05,1.08102,0.620219,0.501252,0.635246,0.862781,0.619112,0.497892,0.457609,420,138,0.0800517,-1,1,1,5,9
hk_pairs,2256,45,1,345,5.17411,1,9708,3892,0.179444,0.202303,-0.136424,-0.123369,0.453718,1.05,1.10406,0.67623,0.48281,0.67623,0.895547,0.691227,0.44109,0.368678,420,138,0.089056,1,1,1,2,7
hk_pairs,2257,45,1,282,4.48043,1,5785,10195,0.0100203,-0.333939,0.216139,-0.341412,0.206321,1.05,1.16907,0.714481,0.577186,0.715847,0.987147,0.37447,0.835173,0.787481,420,138,0.0711881,-1,1,1,10,9
hk_pairs,2258,45,1,244,0.948494,1,4636,10964,-0.117997,-0.342522,0.284098,0.0404701,0.555378,1.05,1.09294,0.734973,0.575934,0.736339,0.987328,0.689739,0.699838,0.669671,420,138,0.0745547,1,1,1,9,4
hk_pairs,2259,45,1,91,0.479545,0,10121,5905,0.219951,0.0363712,0.030447,-0.17753,0.285814,1.05,1.00915,0.669399,0.571494,0.68306,0.952299,0.427323,0.731807,0.666904,420,138,0.0903731,1,1,1,4,8
hk_pairs,2260,45,1,44,6.13846,0,5645,10195,-0.00140858,-0.144583,0.216139,-0.341412,0.293527,1.05,1.09814,0.68306,0.559768,0.714481,0.935644,0.530313,0.645528,0.604285,420,138,0.0700358,1,1,1,8,9
hk_pairs,2261,45,1,327,0.0151865,1,9518,4229,0.186737,-0.138107,-0.12455,0.197117,0.45755,1.05,1.03892,0.77459,0.557149,0.77459,0.961169,0.633268,0.528217,0.451183,420,138,0.0761956,-1,1,1,7,1
hk_pairs,2262,45,1,132,2.49266,1,6771,3682,0.110125,-0.342058,-0.145237,-0.120049,0.338527,1.05,1.05055,0.823771,0.60633,0.823771,0.979544,0.449047,0.745635,0.662238,420,138,0.0780639,1,1,1,11,6
hk_pairs,2263,45,1,215,0.497899,1,507,5930,-0.208078,0.0250587,0.0371904,-0.349297,0.447644,1.05,1.01245,0.439891,0.339139,0.439891,0.90324,0.643882,0.358646,0.289565,420,138,0.107365,1,1,1,3,10
hk_pairs,2264,45,1,105,2.00903,1,6653,5930,0.101108,-0.290789,0.0371904,-0.349297,0.0876728,1.05,0.599475,0.48224,0.463001,0.527322,0.970764,0.253873,0.876067,0.828904,420,138,0.0717162,-1,1,1,11,10
hk_pairs,2265,45,1,31,2.45183,0,6472,3682,0.0860271,-0.329134,-0.145237,-0.120049,0.312057,1.05,0.965201,0.43306,0.362933,0.43306,0.941347,0.49844,0.527705,0.456667,420,138,0.0792366,-1,1,1,11,6
hk_pairs,2266,45,1,299,6.26557,0,5677,9955,0.00559902,0.232574,0.202683,-0.118843,0.402934,1.05,1.18522,0.596995,0.440802,0.596995,0.949131,0.528002,0.451216,0.382079,420,138,0.0850396,-1,1,1,0,7
hk_pairs,2267,45,1,153,2.61521,0,3537,9747,-0.146295,-0.111834,0.196574,0.196699,0.461261,1.05,1.00146,0.699454,0.520947,0.699454,0.908128,0.621721,0.484106,0.41105,420,138,0.0860926,-1,1,1,6,1
hk_pairs,2268,45,1,149,0.971498,1,2641,5978,-0.166611,0.194302,0.036871,0.0694427,0.239247,1.05,1.04317,0.516393,0.410405,0.516393,0.910934,0.431697,0.547624,0.4791,420,138,0.0797767,1,1,1,1,5
hk_pairs,2269,45,1,184,5.27205,1,6043,224,0.048605,-0.316998,-0.221721,0.0423927,0.449708,1.05,0.971569,0.748634,0.580373,0.755464,0.98244,0.601849,0.736549,0.672696,420,138,0.0755534,1,1,1,10,3
hk_pairs,2270,45,1,44,1.75271,0,5645,10195,-0.00140858,-0.144583,0.216139,-0.341412,0.293527,1.05,1.04844,0.534153,0.463456,0.554645,0.97357,0.451629,0.638159,0.601706,420,138,0.0748001,1,1,1,8,9
hk_pairs,2271,45,1,46,3.00364,1,9358,5858,0.230137,0.0901203,0.0263662,0.235632,0.251423,1.05,1.12561,0.562842,0.467213,0.562842,0.905956,0.409446,0.649369,0.58574,420,138,0.0935533,1,1,1,4,0
hk_pairs,2272,45,1,231,4.39358,0,6617,5905,0.0955315,-0.347029,0.030447,-0.17753,0.182667,1.05,1.1651,0.491803,0.462432,0.491803,0.924692,0.313729,0.805577,0.736729,420,138,0.0820416,-1,1,1,11,8
hk_pairs,2273,45,1,329,1.33195,1,6120,5905,0.0509748,0.0237045,0.030447,-0.17753,0.202457,1.05,1.07388,0.452186,0.377391,0.452186,0.884866,0.379433,0.514901,0.446111,420,138,0.115566,-1,1,1,5,8
hk_pairs,2274,45,1,215,4.6523,0,507,10195,-0.208078,0.0250587,0.216139,-0.341412,0.56059,1.05,1.04725,0.830601,0.580943,0.830601,0.931843,0.743525,0.635088,0.589263,420,138,0.0967939,-1,1,1,3,11
hk_pairs,2275,45,1,155,3.53265,1,64,9841,-0.233828,0.0385914,0.197027,0.204229,0.461602,1.05,1.05297,0.404372,0.323771,0.404372,0.864591,0.601727,0.291596,0.212745,420,138,0.0856124,1,1,1,3,2
hk_pairs,2276,45,1,222,3.78915,1,3934,9841,-0.151329,-0.294903,0.197027,0.204229,0.608685,1.05,0.975,0.688525,0.52459,0.688525,0.943791,0.745819,0.593067,0.520602,420,138,0.0750927,-1,1,1,9,2
hk_pairs,2277,45,1,126,2.64943,1,6357,310,0.0781794,-0.235918,-0.219474,0.0443707,0.408957,1.05,1.06647,0.684426,0.505692,0.684426,0.99122,0.605553,0.635303,0.574305,420,138,0.0840318,1,1,1,8,4
hk_pairs,2278,45,1,264,0.649239,1,9884,3682,0.195301,-0.138306,-0.145237,-0.120049,0.341162,1.05,1.12479,0.644809,0.493625,0.648907,0.947502,0.498174,0.525714,0.453237,420,138,0.0778801,1,1,1,7,6
hk_pairs,2279,45,1,114,2.76169,0,5668,10195,0.00233459,0.0733776,0.216139,-0.341412,0.466746,1.05,0.994216,0.624317,0.456398,0.624317,0.974022,0.595647,0.500052,0.458905,420,138,0.0839682,-1,1,1,5,9
hk_pairs,2280,45,1,338,3.09635,1,8247,5930,0.16576,-0.127426,0.0371904,-0.349297,0.256578,1.05,0.995641,0.60929,0.496129,0.60929,0.953566,0.400317,0.711661,0.651316,420,138,0.176445,1,1,1,7,10
hk_pairs,2281,45,1,337,6.11224,1,3682,10195,-0.145237,-0.120049,0.216139,-0.341412,0.423893,1.05,1.03782,0.826503,0.596995,0.827869,0.992035,0.556191,0.664473,0.62163,420,138,0.0915322,-1,1,1,6,11
hk_pairs,2282,45,1,329,5.22201,0,6120,310,0.0509748,0.0237045,-0.219474,0.0443707,0.271238,1.05,1.09102,0.474044,0.37204,0.483607,0.960626,0.472529,0.517336,0.456315,420,138,0.0868554,-1,1,1,5,4
hk_pairs,2283,45,1,345,2.46756,0,9708,5930,0.179444,0.202303,0.0371904,-0.349297,0.569647,1.05,1.14948,0.493169,0.363502,0.493169,0.956915,0.733503,0.339562,0.288957,420,138,0.0947738,1,1,1,2,10
hk_pairs,2284,45,1,98,5.44879,1,5863,5978,0.0214481,-0.16329,0.036871,0.0694427,0.233429,1.05,1.04857,0.502732,0.417577,0.508197,0.937183,0.404269,0.528503,0.456483,420,138,0.0893644,1,1,1,8,5
hk_pairs,2285,45,1,3,1.36501,1,6806,310,0.10325,0.0450993,-0.219474,0.0443707,0.32291,1.05,0.922086,0.501366,0.415528,0.501366,0.949222,0.449481,0.581424,0.521606,420,138,0.091037,-1,1,1,5,4
hk_pairs,2286,45,1,280,0.762803,0,3801,6053,-0.15529,-0.32687,0.0478668,0.239101,0.601342,1.05,1.0424,0.624317,0.45469,0.624317,0.991492,0.757113,0.418062,0.358452,420,138,0.104193,-1,1,1,9,0
hk_pairs,2287,45,1,327,5.35282,0,9518,5858,0.186737,-0.138107,0.0263662,0.235632,0.406789,1.05,1.16319,0.786885,0.577869,0.786885,0.962618,0.57659,0.529228,0.479465,420,138,0.0870162,1,1,1,7,0
hk_pairs,2288,45,1,328,2.45934,0,145,9955,-0.231475,0.0557003,0.202683,-0.118843,0.467945,1.05,1.15998,0.636612,0.479394,0.636612,0.941256,0.603503,0.45662,0.406546,420,138,0.0865725,-1,1,1,3,7
hk_pairs,2289,45,1,54,2.01967,1,9937,5905,0.186937,0.220581,0.030447,-0.17753,0.427764,1.05,1.05312,0.782787,0.571038,0.782787,0.982169,0.647964,0.621431,0.546042,420,138,0.0938881,-1,1,1,2,8
hk_pairs,2290,45,1,312,3.29146,1,2296,9955,-0.170065,0.173468,0.202683,-0.118843,0.473695,1.05,1.00586,0.751366,0.526981,0.751366,0.980449,0.651854,0.486519,0.43318,420,138,0.102881,-1,1,1,1,6
hk_pairs,2291,45,1,19,6.11715,1,4470,6021,-0.109414,0.186338,0.0385189,-0.17988,0.395042,1.05,0.960224,0.696721,0.510132,0.711749,0.986966,0.583607,0.560862,0.476179,420,138,0.0880536,-1,1,1,1,8
hk_pairs,2292,45,1,119,3.88003,0,6372,4108,0.07411,-0.000778198,-0.147857,-0.339954,0.405351,1.05,1.10887,0.454918,0.35724,0.460383,0.903874,0.547626,0.379669,0.312538,420,138,0.0843539,1,1,1,5,9
hk_pairs,2293,45,1,177,3.43843,0,6756,5858,0.104531,-0.171541,0.0263662,0.235632,0.414608,1.05,1.10908,0.674863,0.510474,0.692623,0.9876,0.571162,0.477137,0.409365,420,138,0.107988,-1,1,1,8,0
hk_pairs,2294,45,1,71,4.08675,1,5804,10964,0.0184364,-0.361752,0.284098,0.0404701,0.482035,1.05,1.09402,0.86612,0.664731,0.86612,0.989681,0.623356,0.799556,0.771067,420,138,0.0745945,-1,1,1,10,3
hk_pairs,2295,45,1,199,3.17263,1,6355,4229,0.0776005,-0.248301,-0.12455,0.197117,0.489218,1.05,1.10927,0.584699,0.427823,0.584699,0.976466,0.656518,0.377384,0.301683,420,138,0.0795901,-1,1,1,8,1
hk_pairs,2296,45,1,78,5.60124,1,324,9955,-0.22358,0.0506763,0.202683,-0.118843,0.458885,1.05,1.04667,0.644809,0.479736,0.644809,0.967596,0.60479,0.449787,0.401363,420,138,0.0998241,-1,1,1,3,6
hk_pairs,2297,45,1,69,0.656486,0,6992,3682,0.133078,-0.357527,-0.145237,-0.120049,0.365862,1.05,1.06575,0.386612,0.332536,0.386612,0.899077,0.554165,0.51215,0.433073,420,138,0.0939216,1,1,1,11,6
hk_pairs,2298,45,1,91,1.72526,1,10121,5930,0.219951,0.0363712,0.0371904,-0.349297,0.426808,1.05,0.978881,0.484973,0.387181,0.490437,0.92433,0.604881,0.461956,0.385481,420,138,0.0944795,1,1,1,4,10
hk_pairs,2299,45,1,162,3.06684,1,5545,9955,-0.00940895,0.172716,0.202683,-0.118843,0.360547,1.05,1.05592,0.439891,0.32878,0.439891,0.91555,0.548449,0.387611,0.305179,420,138,0.0956186,1,1,1,0,6
hk_pairs,2300,45,1,106,6.14191,1,8738,5930,0.188034,0.180145,0.0371904,-0.349297,0.5506,1.05,1.09773,0.713115,0.515027,0.713115,0.989772,0.707159,0.5482,0.493739,420,138,0.106671,1,1,1,2,10
hk_pairs,2301,45,1,206,5.41844,1,8980,3682,0.221174,0.0692406,-0.145237,-0.120049,0.413063,1.05,1.11079,0.605191,0.473588,0.624317,0.951213,0.598524,0.470274,0.40142,420,138,0.0868966,-1,1,1,4,6
hk_pairs,2302,45,1,87,2.18943,0,10428,5939,0.212633,0.0399647,0.0334406,0.0661564,0.181303,1.05,1.29683,0.443989,0.470173,0.523224,0.874457,0.357311,0.641624,0.576521,420,138,0.0898582,-1,1,1,4,5
hk_pairs,2303,45,1,229,2.5197,1,6569,4116,0.0888796,0.0682087,-0.129105,0.207911,0.258909,1.05,1.1093,0.564208,0.430442,0.564208,0.973027,0.403845,0.452112,0.369259,420,138,0.0894626,-1,1,1,5,2
hk_pairs,2304,45,1,87,1.14315,0,10428,3682,0.212633,0.0399647,-0.145237,-0.120049,0.392014,1.05,1.11441,0.586066,0.46653,0.596995,0.929852,0.575993,0.475644,0.405775,420,139,0.0922887,-1,1,1,4,6
hk_pairs,2305,45,1,66,0.0728559,1,10754,5858,0.231322,0.19311,0.0263662,0.235632,0.20937,1.05,0.974094,0.625683,0.504212,0.625683,0.953747,0.333927,0.723876,0.650035,420,139,0.0839649,1,1,1,2,0
hk_pairs,2306,45,1,202,3.32878,1,144,9955,-0.231685,0.0509739,0.202683,-0.118843,0.466411,1.05,0.97412,0.653005,0.470287,0.653005,0.969587,0.650846,0.455318,0.40293,420,139,0.0879562,-1,1,1,3,7
hk_pairs,2307,45,1,155,2.24483,0,64,10195,-0.233828,0.0385914,0.216139,-0.341412,0.589003,1.05,1.02648,0.519126,0.388775,0.519126,0.886043,0.694982,0.283292,0.238061,420,139,0.0831545,-1,1,1,3,9
hk_pairs,2308,45,1,24,2.1973,0,2921,6053,-0.174654,-0.295691,0.0478668,0.239101,0.579239,1.05,0.99448,0.752732,0.541211,0.752732,0.992035,0.715178,0.458789,0.393944,420,139,0.0968386,1,1,1,9,0
hk_pairs,2309,45,1,197,5.31317,1,6470,3892,0.0838451,0.227665,-0.136424,-0.123369,0.41445,1.05,1.07304,0.618852,0.48281,0.618852,0.919623,0.540924,0.466628,0.382837,420,139,0.0811252,1,1,1,0,7
hk_pairs,2310,45,1,92,1.96349,0,9933,310,0.182703,0.19986,-0.219474,0.0443707,0.431288,1.05,0.965868,0.396175,0.307832,0.396175,0.953657,0.536048,0.301924,0.234483,420,139,0.0975161,-1,1,1,2,4
hk_pairs,2311,45,1,153,2.52609,0,3537,10195,-0.146295,-0.111834,0.216139,-0.341412,0.429117,1.05,1.0624,0.782787,0.571835,0.796448,0.99303,0.537077,0.660824,0.619755,420,139,0.0852435,1,1,1,6,11
hk_pairs,2312,45,1,244,2.64145,1,4636,10964,-0.117997,-0.342522,0.284098,0.0404701,0.555378,1.05,1.02231,0.740437,0.570811,0.740437,0.987056,0.693162,0.696954,0.666758,420,139,0.0748974,-1,1,1,9,3
hk_pairs,2313,45,1,58,1.17186,1,10095,5858,0.206334,-0.160353,0.0263662,0.235632,0.434967,1.05,1.13352,0.853825,0.614413,0.857924,0.994388,0.579833,0.555931,0.506575,420,139,0.0806399,1,1,1,7,0
hk_pairs,2314,45,1,323,3.67703,1,9776,5930,0.192118,-0.121008,0.0371904,-0.349297,0.275895,1.05,1.06742,1.01093,0.726662,1.01093,0.991311,0.486602,0.857562,0.791982,420,139,0.0772726,1,1,1,7,10
hk_pairs,2315,45,1,267,2.88005,1,6716,3892,0.111661,-0.328478,-0.136424,-0.123369,0.321933,1.05,1.09348,0.418033,0.368739,0.420765,0.946687,0.504179,0.576971,0.459436,420,139,0.0857467,-1,1,1,11,7
hk_pairs,2316,45,1,202,5.07835,1,144,5978,-0.231685,0.0509739,0.036871,0.0694427,0.269353,1.05,1.16034,0.416667,0.366803,0.424863,0.818519,0.489108,0.499123,0.43667,420,139,0.0908722,-1,1,1,3,5
hk_pairs,2317,45,1,44,0.0606895,1,5645,10195,-0.00140858,-0.144583,0.216139,-0.341412,0.293527,1.05,1.0957,0.685792,0.558857,0.70082,0.937907,0.519182,0.643401,0.60462,420,139,0.0700089,-1,1,1,8,9
hk_pairs,2318,45,1,246,0.580632,1,3742,9955,-0.139513,-0.105675,0.202683,-0.118843,0.342478,1.05,1.01447,0.636612,0.477345,0.644809,0.965514,0.546665,0.481274,0.4409,420,139,0.08031,-1,1,1,6,7
hk_pairs,2319,45,1,280,2.30274,1,3801,9747,-0.15529,-0.32687,0.196574,0.196699,0.630819,1.05,1.08771,0.763661,0.528575,0.763661,0.985789,0.76827,0.576152,0.507137,420,139,0.0790219,-1,1,1,9,1
hk_pairs,2320,45,1,282,5.51303,0,5785,5978,0.0100203,-0.333939,0.036871,0.0694427,0.404296,1.05,1.11905,0.437158,0.368739,0.437158,0.943881,0.561099,0.498798,0.430112,420,139,0.0880497,-1,1,1,10,5
hk_pairs,2321,45,1,103,5.87852,1,7750,3892,0.152654,-0.326788,-0.136424,-0.123369,0.353487,1.05,1.05043,0.423497,0.36521,0.427596,0.893555,0.515673,0.525028,0.448896,420,139,0.0816719,-1,1,1,11,7
hk_pairs,2322,45,1,46,5.33621,1,9358,5905,0.230137,0.0901203,0.030447,-0.17753,0.334707,1.05,1.00734,0.661202,0.569672,0.684426,0.957187,0.480947,0.709524,0.645224,420,139,0.0984936,-1,1,1,4,8
hk_pairs,2323,45,1,84,5.4624,0,6511,4108,0.0878019,0.250875,-0.147857,-0.339954,0.636152,1.05,1.02495,0.782787,0.543944,0.782787,0.968411,0.821714,0.495708,0.41752,420,139,0.0769612,-1,1,1,0,9
hk_pairs,2324,45,1,281,0.472589,0,5959,5930,0.0328846,-0.188906,0.0371904,-0.349297,0.160669,1.05,1.0632,0.558743,0.499772,0.568306,0.951213,0.359794,0.757245,0.686736,420,139,0.0726667,-1,1,1,8,10
hk_pairs,2325,45,1,312,5.30651,0,2296,10964,-0.170065,0.173468,0.284098,0.0404701,0.473257,1.05,1.08084,0.92623,0.658015,0.92623,0.996289,0.635809,0.648784,0.599503,420,139,0.0985985,-1,1,1,1,3
hk_pairs,2326,45,1,265,2.03559,1,9994,4108,0.247507,0.00558472,-0.147857,-0.339954,0.525105,1.05,1.00197,0.498634,0.35724,0.498634,0.914283,0.731775,0.292475,0.224003,420,139,0.0838087,-1,1,1,4,9
hk_pairs,2327,45,1,58,2.12626,1,10095,310,0.206334,-0.160353,-0.219474,0.0443707,0.472523,1.05,0.995043,0.59153,0.461179,0.59153,0.977552,0.586006,0.546679,0.486864,420,139,0.078226,-1,1,1,7,4
hk_pairs,2328,45,1,174,2.43206,0,9442,5939,0.233411,0.0544262,0.0334406,0.0661564,0.200777,1.05,1.34441,0.405738,0.454349,0.509563,0.836803,0.424439,0.638181,0.570504,420,139,0.0922748,-1,1,1,4,5
hk_pairs,2329,45,1,280,0.342209,1,3801,10195,-0.15529,-0.32687,0.216139,-0.341412,0.371752,1.05,1.04974,0.613388,0.505464,0.613388,0.908762,0.511845,0.630555,0.563866,420,139,0.0733808,-1,1,1,9,11
hk_pairs,2330,45,1,114,4.59817,1,5668,6021,0.00233459,0.0733776,0.0385189,-0.17988,0.255942,1.05,1.11029,0.478142,0.381034,0.478142,0.886314,0.42347,0.448971,0.379771,420,139,0.112819,1,1,1,5,8
hk_pairs,2331,45,1,10,3.54173,1,6119,310,0.0508642,-0.333344,-0.219474,0.0443707,0.464504,1.05,0.979654,0.754098,0.578894,0.754098,0.986785,0.611599,0.740701,0.678794,420,139,0.0752295,-1,1,1,10,4
hk_pairs,2332,45,1,244,5.15111,1,4636,9955,-0.117997,-0.342522,0.202683,-0.118843,0.391012,1.05,1.04824,0.927596,0.670993,0.927596,0.987238,0.535066,0.738872,0.676705,420,139,0.0757133,1,1,1,9,6
hk_pairs,2333,45,1,186,2.05928,0,2504,10195,-0.170369,-0.154715,0.216139,-0.341412,0.429258,1.05,1.04702,0.882514,0.632855,0.882514,0.993573,0.602117,0.692695,0.650664,420,139,0.0841307,1,1,1,6,11
hk_pairs,2334,45,1,289,2.98769,1,10063,3892,0.254643,0.00918388,-0.136424,-0.123369,0.412922,1.05,0.993684,0.60929,0.453097,0.618852,0.986604,0.591126,0.490185,0.411334,420,139,0.0803756,1,1,1,4,7
hk_pairs,2335,45,1,281,6.00319,1,5959,5978,0.0328846,-0.188906,0.036871,0.0694427,0.258516,1.05,1.02015,0.5,0.414162,0.508197,0.972484,0.42066,0.536217,0.46549,420,139,0.103447,1,1,1,8,5
hk_pairs,2336,45,1,69,1.2232,1,6992,5939,0.133078,-0.357527,0.0334406,0.0661564,0.435326,1.05,1.18066,0.628415,0.505806,0.63388,0.965876,0.55719,0.618559,0.54913,420,139,0.0788604,1,1,1,11,5
hk_pairs,2337,45,1,281,3.3799,0,5959,9841,0.0328846,-0.188906,0.197027,0.204229,0.426109,1.05,1.02753,0.5,0.381034,0.5,0.978096,0.582411,0.369027,0.300518,420,139,0.0923089,1,1,1,8,2
hk_pairs,2338,45,1,172,4.30655,0,9878,4108,0.195704,-0.145012,-0.147857,-0.339954,0.395116,1.05,0.992194,0.810109,0.60633,0.823771,0.989772,0.495167,0.740314,0.668502,420,139,0.0759735,-1,1,1,7,11
hk_pairs,2339,45,1,327,4.60256,1,9518,3682,0.186737,-0.138107,-0.145237,-0.120049,0.332583,1.05,1.13032,0.586066,0.489526,0.586066,0.96651,0.430038,0.523815,0.447158,420,139,0.0763173,1,1,1,7,6
hk_pairs,2340,45,1,31,5.59265,0,6472,3892,0.0860271,-0.329134,-0.136424,-0.123369,0.303139,1.05,0.973909,0.40847,0.352345,0.418033,0.961984,0.480871,0.539674,0.465356,420,139,0.0803867,1,1,1,11,7
hk_pairs,2341,45,1,241,4.20729,0,3662,10964,-0.153935,-0.152021,0.284098,0.0404701,0.478462,1.05,1.02919,0.617486,0.509221,0.617486,0.935463,0.661832,0.516438,0.481194,420,139,0.0777788,-1,1,1,6,4
hk_pairs,2342,45,1,24,3.39681,1,2921,9841,-0.174654,-0.295691,0.197027,0.204229,0.62295,1.05,0.996255,0.743169,0.524363,0.743169,0.980268,0.736166,0.581613,0.510239,420,139,0.0747111,-1,1,1,9,2
hk_pairs,2343,45,1,54,4.50839,0,9937,5939,0.186937,0.220581,0.0334406,0.0661564,0.217905,1.05,1.02684,0.416667,0.423611,0.463115,0.841057,0.384884,0.62037,0.556671,420,139,0.107415,1,1,1,2,5
hk_pairs,2344,45,1,345,5.59135,1,9708,5905,0.179444,0.202303,0.030447,-0.17753,0.408012,1.05,1.11221,0.532787,0.42714,0.532787,0.94017,0.584654,0.473264,0.387004,420,139,0.0937994,1,1,1,2,8
hk_pairs,2345,45,1,7,3.17658,1,164,5978,-0.223902,0.0221577,0.036871,0.0694427,0.26503,1.05,0.984121,0.467213,0.387864,0.47541,0.858889,0.499736,0.487519,0.42702,420,139,0.0944295,1,1,1,3,5
hk_pairs,2346,45,1,268,2.54851,1,5413,9955,-0.0280609,-0.205898,0.202683,-0.118843,0.246639,1.05,1.16236,0.677596,0.538024,0.677596,0.979815,0.468779,0.673139,0.624283,420,139,0.0739257,-1,1,1,8,7
hk_pairs,2347,45,1,327,3.95244,1,9518,224,0.186737,-0.138107,-0.221721,0.0423927,0.446649,1.05,1.08532,0.68306,0.525956,0.68306,0.95592,0.61841,0.544255,0.479635,420,139,0.0832786,1,1,1,7,3
hk_pairs,2348,45,1,175,6.17626,0,5584,9841,-0.00548744,0.10948,0.197027,0.204229,0.223784,1.05,1.22089,0.558743,0.422359,0.558743,0.945963,0.375664,0.565308,0.494228,420,139,0.0823144,-1,1,1,5,2
hk_pairs,2349,45,1,199,0.883886,0,6355,5930,0.0776005,-0.248301,0.0371904,-0.349297,0.109113,1.05,1.05389,0.663934,0.54918,0.663934,0.939718,0.327432,0.837116,0.78922,420,139,0.072292,1,1,1,8,10
hk_pairs,2350,45,1,161,3.80856,1,2296,9955,-0.170065,0.173468,0.202683,-0.118843,0.473695,1.05,1.04887,0.729508,0.528233,0.736339,0.968954,0.628638,0.504532,0.452394,420,139,0.0860779,-1,1,1,1,6
hk_pairs,2351,45,1,84,0.444933,0,6511,3682,0.0878019,0.250875,-0.145237,-0.120049,0.43814,1.05,1.1624,0.775956,0.558857,0.775956,0.988324,0.593124,0.549305,0.480408,420,139,0.0825026,1,1,1,0,6
hk_pairs,2352,45,1,222,5.57834,0,3934,9955,-0.151329,-0.294903,0.202683,-0.118843,0.395377,1.05,0.961224,0.393443,0.327072,0.393443,0.967505,0.564367,0.51428,0.470978,420,139,0.0779625,-1,1,1,9,6
hk_pairs,2353,45,1,224,5.5274,1,5733,10964,0.00331974,-0.348007,0.284098,0.0404701,0.479417,1.05,1.08054,0.5,0.386612,0.512295,0.983707,0.638731,0.373136,0.33946,420,139,0.0762085,-1,1,1,10,4
hk_pairs,2354,45,1,345,4.87048,1,9708,5930,0.179444,0.202303,0.0371904,-0.349297,0.569647,1.05,1.11146,0.45082,0.344376,0.453552,0.952933,0.710822,0.336081,0.283385,420,139,0.103364,-1,1,1,2,10
hk_pairs,2355,45,1,327,4.61711,1,9518,310,0.186737,-0.138107,-0.219474,0.0443707,0.445315,1.05,1.1029,0.661202,0.522883,0.662568,0.968501,0.594091,0.542764,0.481951,420,139,0.0793713,1,1,1,7,4
hk_pairs,2356,45,1,229,0.694002,1,6569,5930,0.0888796,0.0682087,0.0371904,-0.349297,0.420693,1.05,0.963685,0.43306,0.356102,0.43306,0.916274,0.587097,0.371026,0.304523,420,139,0.105978,1,1,1,5,10
hk_pairs,2357,45,1,244,4.23255,1,4636,10964,-0.117997,-0.342522,0.284098,0.0404701,0.555378,1.05,1.09704,0.744536,0.579463,0.744536,0.988233,0.681041,0.700382,0.670173,420,139,0.0736626,-1,1,1,9,4
hk_pairs,2358,45,1,54,0.0527416,0,9937,5858,0.186937,0.220581,0.0263662,0.235632,0.161275,1.05,0.945425,0.547814,0.46653,0.560109,0.962256,0.315238,0.715331,0.64173,420,139,0.0769272,1,1,1,2,0
hk_pairs,2359,45,1,69,0.429782,0,6992,4116,0.133078,-0.357527,-0.129105,0.207911,0.623265,1.05,1.0694,0.629781,0.437045,0.629781,0.994026,0.778576,0.363463,0.292045,420,139,0.0843503,-1,1,1,11,2
hk_pairs,2360,45,1,24,5.30863,0,2921,9955,-0.174654,-0.295691,0.202683,-0.118843,0.416746,1.05,1.09801,0.584699,0.445924,0.584699,0.952299,0.559973,0.513872,0.467413,420,139,0.0746433,1,1,1,9,7
hk_pairs,2361,45,1,7,1.46748,0,164,9841,-0.223902,0.0221577,0.197027,0.204229,0.458622,1.05,0.996199,0.77459,0.558629,0.77459,0.981354,0.562029,0.544113,0.465553,420,139,0.0970933,1,1,1,3,2
hk_pairs,2362,45,1,71,3.79009,0,5804,9955,0.0184364,-0.361752,0.202683,-0.118843,0.304911,1.05,1.08122,0.685792,0.535405,0.687159,0.967415,0.501886,0.670929,0.600934,420,139,0.0817233,1,1,1,10,6
hk_pairs,2363,45,1,197,5.33888,1,6470,3682,0.0838451,0.227665,-0.145237,-0.120049,0.416393,1.05,1.07756,0.692623,0.534381,0.692623,0.958182,0.54031,0.536311,0.466411,420,139,0.0794757,1,1,1,0,6
hk_pairs,2364,45,1,72,0.0883053,0,504,5978,-0.210823,0.0496616,0.036871,0.0694427,0.248669,1.05,1.15481,0.580601,0.465278,0.59153,0.878983,0.46983,0.516818,0.451718,420,139,0.0938474,1,1,1,3,5
hk_pairs,2365,45,1,338,1.26345,1,8247,3682,0.16576,-0.127426,-0.145237,-0.120049,0.311208,1.05,1.08452,0.599727,0.457878,0.603825,0.966329,0.483028,0.508162,0.433019,420,139,0.0778109,1,1,1,7,6
hk_pairs,2366,45,1,197,2.20503,0,6470,5905,0.0838451,0.227665,0.030447,-0.17753,0.408699,1.05,0.992143,0.471312,0.383311,0.48224,0.986604,0.582535,0.3932,0.305526,420,139,0.113025,-1,1,1,0,8
hk_pairs,2367,45,1,64,2.66378,0,3105,6053,-0.148814,0.158411,0.0478668,0.239101,0.21259,1.05,1.00719,0.637978,0.503757,0.637978,0.982712,0.346161,0.653645,0.584021,420,139,0.0975133,-1,1,1,1,0
hk_pairs,2368,45,1,198,3.55959,0,4867,6021,-0.088707,-0.363306,0.0385189,-0.17988,0.223359,1.05,0.879097,0.531421,0.463684,0.531421,0.953204,0.367163,0.724765,0.655594,420,150,0.0925279,-1,1,1,9,8
hk_pairs,2369,45,1,64,5.88658,1,3105,10195,-0.148814,0.158411,0.216139,-0.341412,0.618953,1.05,1.11475,0.669399,0.481102,0.669399,0.992306,0.754965,0.537042,0.499436,420,150,0.0898749,1,1,1,1,11
hk_pairs,2370,45,1,19,4.25675,0,4470,5930,-0.109414,0.186338,0.0371904,-0.349297,0.555336,1.05,0.983868,0.644809,0.473816,0.644809,0.983436,0.718704,0.504056,0.425558,420,150,0.0949826,-1,1,1,1,10
hk_pairs,2371,45,1,90,0.85839,0,6647,3892,0.0964994,0.209301,-0.136424,-0.123369,0.406138,1.05,0.960071,0.678962,0.501025,0.678962,0.966419,0.546965,0.541237,0.455513,420,150,0.081925,1,1,1,0,7
hk_pairs,2372,45,1,227,5.75351,0,6895,3682,0.117936,0.22892,-0.145237,-0.120049,0.437154,1.05,1.13446,0.710383,0.534495,0.713115,0.985427,0.556236,0.533337,0.464624,420,150,0.0790192,1,1,1,0,6
hk_pairs,2373,45,1,231,2.23889,0,6617,224,0.0955315,-0.347029,-0.221721,0.0423927,0.502692,1.05,0.979243,0.747268,0.562159,0.747268,0.979906,0.618235,0.712705,0.650324,420,150,0.079402,-1,1,1,11,3
hk_pairs,2374,45,1,126,0.571711,0,6357,3682,0.0781794,-0.235918,-0.145237,-0.120049,0.251676,1.05,1.01008,0.655738,0.526981,0.655738,0.977643,0.437269,0.67484,0.577589,420,150,0.0767692,-1,1,1,8,6
hk_pairs,2375,45,1,282,0.464686,1,5785,10964,0.0100203,-0.333939,0.284098,0.0404701,0.464024,1.05,1.07503,0.812842,0.618397,0.812842,0.981988,0.583063,0.786851,0.75968,420,150,0.0729285,-1,1,1,10,4
hk_pairs,2376,45,1,132,0.824294,0,6771,3892,0.110125,-0.342058,-0.136424,-0.123369,0.329601,1.05,1.04095,0.545082,0.433857,0.545082,0.960536,0.448677,0.551911,0.465844,420,150,0.0795085,1,1,1,11,7
hk_pairs,2377,45,1,175,1.66328,0,5584,10195,-0.00548744,0.10948,0.216139,-0.341412,0.502416,1.05,1.06109,0.689891,0.513889,0.689891,0.962618,0.645801,0.468895,0.425819,420,150,0.0779275,-1,1,1,5,11
hk_pairs,2378,45,1,319,2.5681,0,6265,5930,0.0644598,0.127008,0.0371904,-0.349297,0.477085,1.05,1.08286,0.627049,0.447518,0.628415,0.972665,0.680688,0.477717,0.401872,420,150,0.0969901,1,1,1,5,10
hk_pairs,2379,45,1,310,4.90599,1,5736,5930,0.0107288,0.154242,0.0371904,-0.349297,0.504315,1.05,0.963303,0.484973,0.391963,0.489071,0.984975,0.643038,0.440155,0.371782,420,150,0.0902074,1,1,1,0,10
hk_pairs,2380,45,1,299,1.66736,1,5677,6021,0.00559902,0.232574,0.0385189,-0.17988,0.413836,1.05,0.9813,0.534153,0.402209,0.534153,0.980268,0.553772,0.428706,0.357721,420,150,0.121432,1,1,1,0,8
hk_pairs,2381,45,1,299,4.46835,0,5677,10964,0.00559902,0.232574,0.284098,0.0404701,0.338328,1.05,1.05175,0.784153,0.58413,0.784153,0.971488,0.514062,0.672817,0.615575,420,150,0.0743141,-1,1,1,0,3
hk_pairs,2382,45,1,246,0.768985,1,3742,10964,-0.139513,-0.105675,0.284098,0.0404701,0.448112,1.05,1.10133,0.613388,0.473361,0.624317,0.973298,0.629943,0.531447,0.492083,420,150,0.0777106,1,1,1,6,3
hk_pairs,2383,45,1,177,1.37242,0,6756,5858,0.104531,-0.171541,0.0263662,0.235632,0.414608,1.05,1.08213,0.684426,0.53495,0.698087,0.988776,0.622656,0.478311,0.409262,420,150,0.103934,-1,1,1,8,0
hk_pairs,2384,45,1,198,2.58481,1,4867,5930,-0.088707,-0.363306,0.0371904,-0.349297,0.126674,1.05,0.926796,0.625683,0.532787,0.625683,0.97366,0.24773,0.861399,0.790533,420,150,0.0741322,1,1,1,9,10
hk_pairs,2385,45,1,10,1.75471,0,6119,5939,0.0508642,-0.333344,0.0334406,0.0661564,0.399891,1.05,1.04322,0.487705,0.410633,0.505465,0.937545,0.577925,0.554191,0.483564,420,150,0.0965732,1,1,1,10,5
hk_pairs,2386,45,1,280,0.865394,0,3801,10964,-0.15529,-0.32687,0.284098,0.0404701,0.572727,1.05,1.08755,0.718579,0.530169,0.718579,0.98769,0.707574,0.680419,0.647442,420,150,0.0721124,-1,1,1,9,4
hk_pairs,2387,45,1,198,3.05308,0,4867,9841,-0.088707,-0.363306,0.197027,0.204229,0.635406,1.05,0.988046,0.403006,0.301571,0.403006,0.978005,0.817267,0.238056,0.175772,420,150,0.0847678,-1,1,1,9,2
hk_pairs,2388,45,1,241,1.42374,0,3662,10195,-0.153935,-0.152021,0.216139,-0.341412,0.415829,1.05,1.08107,0.785519,0.578666,0.797814,0.992849,0.526492,0.68557,0.642524,420,150,0.0802711,-1,1,1,6,9
hk_pairs,2389,45,1,24,2.27934,1,2921,6053,-0.174654,-0.295691,0.0478668,0.239101,0.579239,1.05,1.03794,0.75,0.532104,0.75,0.987781,0.736131,0.456277,0.395005,420,150,0.0828181,-1,1,1,9,0
hk_pairs,2390,45,1,327,1.96114,1,9518,4108,0.186737,-0.138107,-0.147857,-0.339954,0.390862,1.05,1.0696,0.986339,0.690118,0.986339,0.991854,0.59905,0.733489,0.662971,420,150,0.0760306,-1,1,1,7,9
hk_pairs,2391,45,1,198,6.18433,0,4867,9747,-0.088707,-0.363306,0.196574,0.196699,0.628495,1.05,0.990923,0.483607,0.353484,0.483607,0.981264,0.804749,0.302453,0.238977,420,150,0.0850717,1,1,1,9,1
hk_pairs,2392,45,1,281,0.478172,1,5959,9747,0.0328846,-0.188906,0.196574,0.196699,0.418935,1.05,1.01609,0.528689,0.397541,0.528689,0.939175,0.584594,0.366194,0.305665,420,150,0.0882684,1,1,1,8,1
hk_pairs,2393,45,1,280,2.82866,1,3801,6053,-0.15529,-0.32687,0.0478668,0.239101,0.601342,1.05,1.06635,0.557377,0.425091,0.558743,0.967958,0.776714,0.41304,0.352774,420,150,0.095767,1,1,1,9,0
hk_pairs,2394,45,1,289,2.71204,1,10063,5930,0.254643,0.00918388,0.0371904,-0.349297,0.419314,1.05,1.12086,0.393443,0.370446,0.411202,0.949584,0.55895,0.464369,0.399014,420,150,0.0821601,-1,1,1,4,10
hk_pairs,2395,45,1,235,2.14641,1,2606,9955,-0.156796,0.191725,0.202683,-0.118843,0.475076,1.05,1.08823,0.703552,0.532104,0.703552,0.961713,0.584748,0.525159,0.46908,420,150,0.0806294,-1,1,1,1,6
hk_pairs,2396,45,1,103,3.9572,1,7750,5858,0.152654,-0.326788,0.0263662,0.235632,0.576476,1.05,1.02506,0.65847,0.462546,0.65847,0.987328,0.749914,0.458009,0.394176,420,150,0.105519,-1,1,1,11,0
hk_pairs,2397,45,1,27,5.42609,0,8788,4108,0.173862,-0.131302,-0.147857,-0.339954,0.383555,1.05,1.01776,0.882514,0.651412,0.90847,0.994479,0.542217,0.727615,0.655793,420,150,0.075036,1,1,1,7,9
hk_pairs,2398,45,1,66,1.28607,1,10754,4229,0.231322,0.19311,-0.12455,0.197117,0.355924,1.05,0.944292,0.478142,0.385132,0.478142,0.920076,0.521711,0.483298,0.40831,420,150,0.088482,1,1,1,2,1
hk_pairs,2399,45,1,84,1.75735,1,6511,5939,0.0878019,0.250875,0.0334406,0.0661564,0.192552,1.05,1.33993,0.45765,0.411544,0.469945,0.92261,0.37564,0.619303,0.547202,420,150,0.0933117,1,1,1,0,5
hk_pairs,2400,45,1,224,0.869088,1,5733,10964,0.00331974,-0.348007,0.284098,0.0404701,0.479417,1.05,1.08018,0.486339,0.384677,0.486339,0.966962,0.633547,0.399336,0.36876,420,150,0.0752818,1,1,1,10,3
hk_pairs,2401,45,1,15,3.56024,1,2437,10964,-0.165091,-0.120352,0.284098,0.0404701,0.47711,1.05,1.03553,0.603825,0.481557,0.63388,0.958454,0.636435,0.547144,0.504539,420,150,0.0819725,1,1,1,6,4
hk_pairs,2402,45,1,227,0.86555,0,6895,3682,0.117936,0.22892,-0.145237,-0.120049,0.437154,1.05,0.985417,0.714481,0.534836,0.714481,0.95945,0.57956,0.541951,0.460016,420,150,0.0795049,1,1,1,0,6
hk_pairs,2403,45,1,312,3.14387,1,2296,6021,-0.170065,0.173468,0.0385189,-0.17988,0.410331,1.05,1.17657,0.668033,0.502732,0.668033,0.967053,0.58767,0.577492,0.51049,420,150,0.0939107,1,1,1,1,8
hk_pairs,2404,45,1,119,3.53206,0,6372,3892,0.07411,-0.000778198,-0.136424,-0.123369,0.243676,1.05,0.956065,0.510929,0.410861,0.52459,0.935735,0.405373,0.485449,0.410143,420,150,0.0874398,-1,1,1,5,7
hk_pairs,2405,45,1,15,6.28255,0,2437,9955,-0.165091,-0.120352,0.202683,-0.118843,0.367803,1.05,1.04936,0.663934,0.490893,0.663934,0.97366,0.548551,0.476946,0.4354,420,150,0.0786698,-1,1,1,6,7
hk_pairs,2406,45,1,310,4.63565,0,5736,9955,0.0107288,0.154242,0.202683,-0.118843,0.333833,1.05,0.996003,0.327869,0.268215,0.327869,0.950127,0.514416,0.313328,0.242214,420,150,0.100104,1,1,1,0,6
hk_pairs,2407,45,1,71,5.93452,1,5804,9955,0.0184364,-0.361752,0.202683,-0.118843,0.304911,1.05,1.08677,0.693989,0.528347,0.693989,0.979996,0.493141,0.667067,0.601366,420,150,0.0781402,1,1,1,10,6
hk_pairs,2408,45,1,289,5.83877,0,10063,4108,0.254643,0.00918388,-0.147857,-0.339954,0.532855,1.05,1.03866,0.452186,0.351776,0.452186,0.813903,0.672646,0.293788,0.222791,420,150,0.0837896,1,1,1,4,9
hk_pairs,2409,45,1,15,5.83892,1,2437,10195,-0.165091,-0.120352,0.216139,-0.341412,0.440787,1.05,1.03301,0.86612,0.621699,0.871585,0.989048,0.578441,0.681281,0.638144,420,150,0.0801026,1,1,1,6,11
hk_pairs,2410,45,1,264,1.44732,1,9884,4108,0.195301,-0.138306,-0.147857,-0.339954,0.398134,1.05,0.997514,0.804645,0.60337,0.819672,0.983889,0.494138,0.737522,0.667175,420,150,0.0757936,-1,1,1,7,9
hk_pairs,2411,45,1,231,5.59389,0,6617,5905,0.0955315,-0.347029,0.030447,-0.17753,0.182667,1.05,0.99826,0.52459,0.47541,0.534153,0.872104,0.326103,0.803714,0.734256,420,150,0.0828809,1,1,1,11,8
hk_pairs,2412,45,1,268,6.07098,1,5413,9955,-0.0280609,-0.205898,0.202683,-0.118843,0.246639,1.05,1.16827,0.672131,0.529258,0.672131,0.983074,0.458529,0.670857,0.624142,420,150,0.0734557,1,1,1,8,7
hk_pairs,2413,45,1,319,1.56605,1,6265,310,0.0644598,0.127008,-0.219474,0.0443707,0.295861,1.05,0.919365,0.469945,0.385587,0.472678,0.938088,0.416638,0.48992,0.427841,420,150,0.0867605,-1,1,1,5,4
hk_pairs,2414,45,1,174,1.20604,0,9442,4116,0.233411,0.0544262,-0.129105,0.207911,0.394294,1.05,1.07525,0.409836,0.339936,0.409836,0.847936,0.536877,0.380063,0.305834,420,150,0.0902621,1,1,1,4,2
hk_pairs,2415,45,1,105,0.331015,0,6653,3892,0.101108,-0.290789,-0.136424,-0.123369,0.290724,1.05,1.00502,0.35929,0.348702,0.36612,0.924421,0.450076,0.558084,0.45852,420,150,0.0844617,-1,1,1,11,7
hk_pairs,2416,45,1,227,0.226711,0,6895,5930,0.117936,0.22892,0.0371904,-0.349297,0.583881,1.05,1.05321,0.443989,0.326844,0.443989,0.927679,0.777941,0.298106,0.232084,420,150,0.096666,1,1,1,0,10
hk_pairs,2417,45,1,78,3.50488,0,324,9955,-0.22358,0.0506763,0.202683,-0.118843,0.458885,1.05,1.0814,0.632514,0.48133,0.636612,0.95429,0.584664,0.449979,0.401271,420,150,0.0930544,-1,1,1,3,7
hk_pairs,2418,45,1,12,1.49282,1,5868,10195,0.0214767,-0.215532,0.216139,-0.341412,0.231823,1.05,1.09102,0.689891,0.598588,0.736339,0.959812,0.446273,0.740586,0.700149,420,150,0.0702091,-1,1,1,8,11
hk_pairs,2419,45,1,184,5.94544,1,6043,4229,0.048605,-0.316998,-0.12455,0.197117,0.542491,1.05,1.05076,0.553279,0.40847,0.553279,0.996017,0.675457,0.35639,0.268297,420,150,0.0793125,1,1,1,10,1
hk_pairs,2420,45,1,19,1.73902,0,4470,5930,-0.109414,0.186338,0.0371904,-0.349297,0.555336,1.05,1.02575,0.647541,0.468238,0.655738,0.979996,0.719504,0.504883,0.420592,420,150,0.0984722,1,1,1,1,10
hk_pairs,2421,45,1,331,4.4741,0,6022,3682,0.0380592,-0.34828,-0.145237,-0.120049,0.292887,1.05,0.972398,0.618852,0.471881,0.618852,0.94008,0.486471,0.616971,0.535152,420,150,0.0824108,1,1,1,10,6
hk_pairs,2422,45,1,287,5.5593,1,1051,5978,-0.206388,0.0350857,0.036871,0.0694427,0.247029,1.05,1.12521,0.519126,0.44046,0.528689,0.921162,0.393174,0.483007,0.42125,420,150,0.0898911,1,1,1,3,5
hk_pairs,2423,45,1,310,0.69418,0,5736,5978,0.0107288,0.154242,0.036871,0.0694427,0.0892003,1.05,1.011,0.389344,0.364071,0.392077,0.858707,0.235085,0.561371,0.506162,420,150,0.0729814,-1,1,1,0,5
hk_pairs,2424,45,1,10,1.95301,0,6119,310,0.0508642,-0.333344,-0.219474,0.0443707,0.464504,1.05,0.98707,0.765027,0.575023,0.765027,0.990496,0.657455,0.739507,0.677655,420,150,0.0813657,1,1,1,10,4
hk_pairs,2425,45,1,186,5.54105,0,2504,10964,-0.170369,-0.154715,0.284098,0.0404701,0.494635,1.05,1.0761,0.596995,0.497268,0.596995,0.933925,0.61727,0.534924,0.496609,420,150,0.0788206,-1,1,1,6,3
hk_pairs,2426,45,1,3,3.90545,1,6806,310,0.10325,0.0450993,-0.219474,0.0443707,0.32291,1.05,0.921183,0.546448,0.452413,0.556011,0.917813,0.431414,0.581089,0.521365,420,150,0.0857743,1,1,1,5,4
hk_pairs,2427,45,1,69,4.87344,1,6992,5858,0.133078,-0.357527,0.0263662,0.235632,0.602681,1.05,1.09938,0.691257,0.497723,0.691257,0.985156,0.783228,0.477157,0.403015,420,150,0.101164,-1,1,1,11,0
hk_pairs,2428,45,1,244,4.72549,1,4636,6021,-0.117997,-0.342522,0.0385189,-0.17988,0.225725,1.05,1.03944,0.484973,0.436362,0.486339,0.961532,0.379908,0.724287,0.653642,420,150,0.0949101,-1,1,1,9,8
hk_pairs,2429,45,1,98,2.12166,1,5863,5978,0.0214481,-0.16329,0.036871,0.0694427,0.233429,1.05,1.05995,0.504098,0.412227,0.504098,0.944424,0.409246,0.528293,0.456332,420,150,0.0944857,-1,1,1,8,5
hk_pairs,2430,45,1,224,5.72276,1,5733,10964,0.00331974,-0.348007,0.284098,0.0404701,0.479417,1.05,1.02743,0.460383,0.364413,0.463115,0.975561,0.647249,0.372846,0.341805,420,150,0.0767695,1,1,1,10,4
hk_pairs,2431,45,1,246,3.03621,1,3742,5930,-0.139513,-0.105675,0.0371904,-0.349297,0.300958,1.05,1.00018,0.588798,0.472336,0.595628,0.950127,0.47937,0.657624,0.598092,420,150,0.081098,1,1,1,6,10
hk_pairs,2432,45,1,277,5.50426,0,2945,6021,-0.153891,0.22728,0.0385189,-0.17988,0.450398,1.05,1.19114,0.693989,0.519695,0.693989,0.97176,0.591013,0.546517,0.47591,420,131,0.0810846,1,1,1,1,8
hk_pairs,2433,45,1,7,1.25072,0,164,10195,-0.223902,0.0221577,0.216139,-0.341412,0.570859,1.05,1.00966,0.790984,0.58709,0.790984,0.974747,0.670611,0.649841,0.600537,420,131,0.08648,1,1,1,3,11
hk_pairs,2434,45,1,3,4.06963,0,6806,5905,0.10325,0.0450993,0.030447,-0.17753,0.235103,1.05,1.06744,0.644809,0.512864,0.644809,0.969587,0.448237,0.646006,0.574957,420,131,0.0872477,1,1,1,5,8
hk_pairs,2435,45,1,87,2.89608,1,10428,4108,0.212633,0.0399647,-0.147857,-0.339954,0.523728,1.05,1.01924,0.879781,0.616348,0.879781,0.947502,0.734991,0.675116,0.608838,420,131,0.089563,-1,1,1,4,11
hk_pairs,2436,45,1,280,4.88938,1,3801,9747,-0.15529,-0.32687,0.196574,0.196699,0.630819,1.05,1.07438,0.769126,0.536544,0.769126,0.961351,0.748003,0.587873,0.518687,420,131,0.0764426,1,1,1,9,1
hk_pairs,2437,45,1,337,3.78435,1,3682,10195,-0.145237,-0.120049,0.216139,-0.341412,0.423893,1.05,1.01182,0.863388,0.624431,0.863388,0.967777,0.62002,0.664711,0.62092,420,131,0.0799297,1,1,1,6,11
hk_pairs,2438,45,1,78,1.31751,1,324,10195,-0.22358,0.0506763,0.216139,-0.341412,0.589177,1.05,1.00601,0.762295,0.560565,0.777322,0.961984,0.697072,0.632887,0.58996,420,131,0.0951291,1,1,1,3,11
hk_pairs,2439,45,1,215,1.80579,0,507,10195,-0.208078,0.0250587,0.216139,-0.341412,0.56059,1.05,1.03383,0.833333,0.585724,0.833333,0.960445,0.732882,0.630149,0.584388,420,131,0.106676,1,1,1,3,11
hk_pairs,2440,45,1,66,5.41033,0,10754,4229,0.231322,0.19311,-0.12455,0.197117,0.355924,1.05,0.947477,0.479508,0.384791,0.479508,0.922339,0.508956,0.48198,0.40661,420,131,0.0889623,-1,1,1,2,1
hk_pairs,2441,45,1,3,5.94515,0,6806,5905,0.10325,0.0450993,0.030447,-0.17753,0.235103,1.05,0.923823,0.565574,0.480761,0.576503,0.943791,0.39675,0.667565,0.581877,420,131,0.0897234,1,1,1,5,8
hk_pairs,2442,45,1,215,2.86126,1,507,5930,-0.208078,0.0250587,0.0371904,-0.349297,0.447644,1.05,1.01782,0.428962,0.352118,0.439891,0.909667,0.597833,0.356923,0.286168,420,131,0.116656,-1,1,1,3,10
hk_pairs,2443,45,1,198,5.04962,0,4867,10195,-0.088707,-0.363306,0.216139,-0.341412,0.305778,1.05,1.17407,0.76776,0.574909,0.76776,0.951575,0.503894,0.711549,0.656588,420,131,0.0761976,1,1,1,9,11
hk_pairs,2444,45,1,115,2.39654,0,3069,10964,-0.143905,-0.0775318,0.284098,0.0404701,0.443971,1.05,1.02809,0.605191,0.502049,0.605191,0.955739,0.612395,0.547943,0.508836,420,131,0.0793074,1,1,1,6,4
hk_pairs,2445,45,1,174,1.75856,0,9442,3682,0.233411,0.0544262,-0.145237,-0.120049,0.417506,1.05,1.10425,0.581967,0.45469,0.581967,0.942252,0.565444,0.474029,0.406161,420,131,0.0856666,-1,1,1,4,6
hk_pairs,2446,45,1,220,2.0101,1,2899,10964,-0.152348,0.177713,0.284098,0.0404701,0.4579,1.05,1.18433,0.830601,0.599841,0.830601,0.994026,0.593856,0.642905,0.589329,420,131,0.0913231,-1,1,1,1,4
hk_pairs,2447,45,1,12,5.08814,1,5868,10964,0.0214767,-0.215532,0.284098,0.0404701,0.366834,1.05,1.02898,0.762295,0.580032,0.762295,0.980358,0.617565,0.717805,0.689029,420,131,0.0776759,1,1,1,8,3
hk_pairs,2448,45,1,15,2.39113,0,2437,6053,-0.165091,-0.120352,0.0478668,0.239101,0.417801,1.05,1.10168,0.613388,0.461863,0.622951,0.972212,0.582456,0.44673,0.388046,420,131,0.0991544,1,1,1,6,0
hk_pairs,2449,45,1,72,4.4202,0,504,10195,-0.210823,0.0496616,0.216139,-0.341412,0.578995,1.05,1.04594,0.804645,0.566371,0.804645,0.970583,0.739619,0.618912,0.574673,420,131,0.0874424,-1,1,1,3,11
hk_pairs,2450,45,1,289,0.390189,1,10063,224,0.254643,0.00918388,-0.221721,0.0423927,0.477552,1.05,1.05876,0.819672,0.597905,0.819672,0.972755,0.652316,0.622956,0.558063,420,131,0.086034,1,1,1,4,3
hk_pairs,2451,45,1,319,1.68272,0,6265,3892,0.0644598,0.127008,-0.136424,-0.123369,0.321042,1.05,0.885005,0.521858,0.402664,0.521858,0.964247,0.453516,0.45058,0.365332,420,131,0.0968574,-1,1,1,5,7
hk_pairs,2452,45,1,82,1.54365,0,9822,3682,0.200569,-0.095808,-0.145237,-0.120049,0.34666,1.05,1.15499,0.595628,0.487363,0.612022,0.964156,0.512408,0.499459,0.426363,420,131,0.075609,-1,1,1,7,6
hk_pairs,2453,45,1,174,1.64634,1,9442,5939,0.233411,0.0544262,0.0334406,0.0661564,0.200777,1.05,1.18641,0.546448,0.459472,0.560109,0.920348,0.482457,0.641418,0.570585,420,131,0.0945001,-1,1,1,4,5
hk_pairs,2454,45,1,229,3.42875,1,6569,3892,0.0888796,0.0682087,-0.136424,-0.123369,0.295785,1.05,1.22251,0.469945,0.362477,0.480874,0.972665,0.453145,0.45231,0.38703,420,131,0.0907437,1,1,1,5,7
hk_pairs,2455,45,1,119,1.88474,1,6372,4229,0.07411,-0.000778198,-0.12455,0.197117,0.280407,1.05,1.10481,0.646175,0.470287,0.646175,0.988143,0.480356,0.508906,0.43332,420,131,0.088208,1,1,1,5,1
hk_pairs,2456,45,1,287,1.97527,0,1051,10964,-0.206388,0.0350857,0.284098,0.0404701,0.491195,1.05,1.11015,0.786885,0.5847,0.786885,0.947411,0.643268,0.607138,0.559702,420,131,0.0931351,-1,1,1,3,4
hk_pairs,2457,45,1,71,3.33931,1,5804,9955,0.0184364,-0.361752,0.202683,-0.118843,0.304911,1.05,1.08223,0.663934,0.526412,0.663934,0.965786,0.489142,0.663553,0.600259,420,131,0.0788646,-1,1,1,10,6
hk_pairs,2458,45,1,149,4.88269,1,2641,6021,-0.166611,0.194302,0.0385189,-0.17988,0.426796,1.05,1.16271,0.666667,0.507514,0.666667,0.990496,0.569683,0.577237,0.51066,420,131,0.0930365,1,1,1,1,8
hk_pairs,2459,45,1,264,3.74562,0,9884,5905,0.195301,-0.138306,0.030447,-0.17753,0.169723,1.05,1.13546,0.637978,0.568989,0.650273,0.960536,0.398121,0.776116,0.713987,420,131,0.0737405,-1,1,1,7,8
hk_pairs,2460,45,1,193,2.16122,1,8574,5905,0.170078,0.197699,0.030447,-0.17753,0.400476,1.05,1.16667,0.434426,0.371243,0.434426,0.960807,0.5912,0.432165,0.358732,420,131,0.11413,1,1,1,2,8
hk_pairs,2461,45,1,184,3.83022,0,6043,224,0.048605,-0.316998,-0.221721,0.0423927,0.449708,1.05,0.97938,0.748634,0.576389,0.748634,0.987781,0.611729,0.735797,0.671989,420,131,0.0762603,1,1,1,10,3
hk_pairs,2462,45,1,289,3.20878,0,10063,5905,0.254643,0.00918388,0.030447,-0.17753,0.291815,1.05,0.957531,0.721312,0.58026,0.739071,0.954381,0.492665,0.749261,0.678546,420,131,0.0774014,-1,1,1,4,8
hk_pairs,2463,45,1,115,3.157,0,3069,6021,-0.143905,-0.0775318,0.0385189,-0.17988,0.209312,1.05,1.07036,0.59153,0.500114,0.59153,0.924692,0.419822,0.680362,0.613228,420,131,0.0796721,1,1,1,6,8
hk_pairs,2464,45,1,299,2.11964,1,5677,9747,0.00559902,0.232574,0.196574,0.196699,0.194353,1.05,0.934285,0.497268,0.427482,0.504098,0.913921,0.297222,0.616029,0.536457,420,131,0.0784026,1,1,1,0,1
hk_pairs,2465,45,1,172,5.71341,1,9878,224,0.195704,-0.145012,-0.221721,0.0423927,0.45765,1.05,0.979181,0.572404,0.464822,0.583333,0.980449,0.596099,0.559729,0.495101,420,131,0.0896964,-1,1,1,7,3
hk_pairs,2466,45,1,329,5.80765,0,6120,4229,0.0509748,0.0237045,-0.12455,0.197117,0.246887,1.05,0.946948,0.553279,0.427596,0.557377,0.963885,0.379354,0.516668,0.435289,420,131,0.0877557,1,1,1,5,1
hk_pairs,2467,45,1,241,0.759775,1,3662,5930,-0.153935,-0.152021,0.0371904,-0.349297,0.274675,1.05,0.965348,0.878415,0.649135,0.878415,0.986785,0.45753,0.790649,0.72606,420,131,0.0764543,1,1,1,6,10
hk_pairs,2468,45,1,267,5.10732,0,6716,5858,0.111661,-0.328478,0.0263662,0.235632,0.570522,1.05,1.06481,0.592896,0.455487,0.599727,0.986423,0.739585,0.461277,0.383109,420,131,0.103112,1,1,1,11,0
hk_pairs,2469,45,1,327,0.134473,0,9518,3682,0.186737,-0.138107,-0.145237,-0.120049,0.332583,1.05,1.04742,0.692623,0.502391,0.692623,0.984703,0.575423,0.524699,0.448041,420,131,0.0786117,-1,1,1,7,6
hk_pairs,2470,45,1,126,5.2492,0,6357,310,0.0781794,-0.235918,-0.219474,0.0443707,0.408957,1.05,0.965834,0.610656,0.5148,0.618852,0.970583,0.573548,0.63709,0.576146,420,131,0.074789,1,1,1,8,4
hk_pairs,2471,45,1,186,3.26871,0,2504,9955,-0.170369,-0.154715,0.202683,-0.118843,0.374774,1.05,1.11008,0.669399,0.522427,0.677596,0.972665,0.494411,0.517,0.475537,420,131,0.0761882,-1,1,1,6,7
hk_pairs,2472,45,1,7,5.05713,1,164,5930,-0.223902,0.0221577,0.0371904,-0.349297,0.454038,1.05,0.94663,0.516393,0.409267,0.516393,0.817343,0.601199,0.420607,0.353268,420,131,0.0980803,-1,1,1,3,10
hk_pairs,2473,45,1,310,3.76357,1,5736,9747,0.0107288,0.154242,0.196574,0.196699,0.190706,1.05,1.06817,0.579235,0.457992,0.579235,0.932205,0.33812,0.630541,0.553795,420,131,0.0757477,-1,1,1,0,1
hk_pairs,2474,45,1,84,2.38045,0,6511,4116,0.0878019,0.250875,-0.129105,0.207911,0.221288,1.05,1.00528,0.393443,0.335496,0.393443,0.981354,0.397413,0.569453,0.50109,420,131,0.0882241,1,1,1,0,2
hk_pairs,2475,45,1,64,0.184145,0,3105,10195,-0.148814,0.158411,0.216139,-0.341412,0.618953,1.05,1.1174,0.663934,0.480988,0.663934,0.986423,0.756274,0.534511,0.496922,420,131,0.0935877,-1,1,1,1,11
hk_pairs,2476,45,1,338,5.00364,0,8247,5858,0.16576,-0.127426,0.0263662,0.235632,0.388996,1.05,1.02133,0.814208,0.586179,0.814208,0.99466,0.581512,0.532144,0.486386,420,131,0.103411,-1,1,1,7,0
hk_pairs,2477,45,1,235,3.91748,1,2606,9841,-0.156796,0.191725,0.197027,0.204229,0.354045,1.05,0.924643,0.413934,0.342327,0.413934,0.953566,0.486171,0.424879,0.331391,420,131,0.0962808,-1,1,1,1,2
hk_pairs,2478,45,1,184,5.04087,0,6043,4229,0.048605,-0.316998,-0.12455,0.197117,0.542491,1.05,1.07722,0.509563,0.377732,0.509563,0.981626,0.673924,0.346348,0.26951,420,131,0.0853048,1,1,1,10,1
hk_pairs,2479,45,1,15,1.26325,1,2437,5930,-0.165091,-0.120352,0.0371904,-0.349297,0.305505,1.05,1.02758,0.572404,0.484745,0.572404,0.953747,0.428406,0.685248,0.620736,420,131,0.0860308,-1,1,1,6,10
hk_pairs,2480,45,1,149,2.997,0,2641,6021,-0.166611,0.194302,0.0385189,-0.17988,0.426796,1.05,1.16848,0.706284,0.517532,0.706284,0.976466,0.623489,0.596816,0.505817,420,131,0.0904891,1,1,1,1,8
hk_pairs,2481,45,1,91,3.54043,1,10121,4229,0.219951,0.0363712,-0.12455,0.197117,0.380189,1.05,1.06005,0.550547,0.423953,0.550547,0.901792,0.505306,0.447014,0.373311,420,131,0.0958225,1,1,1,4,1
hk_pairs,2482,45,1,98,5.76478,1,5863,9747,0.0214481,-0.16329,0.196574,0.196699,0.400364,1.05,1.04055,0.521858,0.406421,0.52459,0.949765,0.552433,0.389583,0.314861,420,131,0.0854293,1,1,1,8,1
hk_pairs,2483,45,1,338,4.88666,1,8247,310,0.16576,-0.127426,-0.219474,0.0443707,0.421805,1.05,1.05103,0.625683,0.502505,0.627049,0.949312,0.577623,0.534338,0.473383,420,131,0.0809117,-1,1,1,7,4
hk_pairs,2484,45,1,290,5.44068,1,4930,9955,-0.0828028,-0.344391,0.202683,-0.118843,0.363859,1.05,1.05325,0.909836,0.657104,0.909836,0.993121,0.50508,0.764048,0.694286,420,131,0.0779755,1,1,1,9,6
hk_pairs,2485,45,1,281,3.43215,1,5959,10195,0.0328846,-0.188906,0.216139,-0.341412,0.238414,1.05,1.05361,0.718579,0.561931,0.718579,0.974113,0.472401,0.739666,0.691664,420,131,0.0813319,-1,1,1,8,9
hk_pairs,2486,45,1,19,2.52498,1,4470,6021,-0.109414,0.186338,0.0385189,-0.17988,0.395042,1.05,0.970178,0.693989,0.516507,0.703552,0.95592,0.579385,0.570083,0.48277,420,131,0.0834668,1,1,1,1,8
hk_pairs,2487,45,1,220,4.2524,1,2899,10964,-0.152348,0.177713,0.284098,0.0404701,0.4579,1.05,1.06579,0.885246,0.630123,0.885246,0.996017,0.607105,0.643871,0.591917,420,131,0.0833888,1,1,1,1,4
hk_pairs,2488,45,1,15,5.81606,1,2437,10195,-0.165091,-0.120352,0.216139,-0.341412,0.440787,1.05,1.03287,0.862022,0.617714,0.862022,0.988233,0.571211,0.681374,0.638177,420,131,0.0798866,1,1,1,6,11
hk_pairs,2489,45,1,119,3.34162,1,6372,4108,0.07411,-0.000778198,-0.147857,-0.339954,0.405351,1.05,0.928257,0.510929,0.394923,0.510929,0.896995,0.56951,0.380909,0.312666,420,131,0.0825826,1,1,1,5,11
hk_pairs,2490,45,1,268,1.51702,0,5413,10195,-0.0280609,-0.205898,0.216139,-0.341412,0.279288,1.05,1.07773,0.743169,0.584586,0.754098,0.976647,0.447008,0.668154,0.626513,420,131,0.0728847,-1,1,1,8,9
hk_pairs,2491,45,1,337,2.78287,0,3682,5978,-0.145237,-0.120049,0.036871,0.0694427,0.262812,1.05,1.17168,0.596995,0.482127,0.598361,0.950489,0.465019,0.541974,0.461336,420,131,0.0878244,1,1,1,6,5
hk_pairs,2492,45,1,100,3.64191,1,8821,4108,0.195513,0.18189,-0.147857,-0.339954,0.624796,1.05,1.07461,0.568306,0.411316,0.568306,0.915731,0.785517,0.384382,0.310394,420,131,0.0904838,1,1,1,2,11
hk_pairs,2493,45,1,161,4.02765,1,2296,6053,-0.170065,0.173468,0.0478668,0.239101,0.227645,1.05,0.969645,0.672131,0.530282,0.672131,0.941618,0.420267,0.662771,0.592053,420,131,0.0868164,-1,1,1,1,0
hk_pairs,2494,45,1,19,4.98117,0,4470,5978,-0.109414,0.186338,0.036871,0.0694427,0.187254,1.05,0.967734,0.377049,0.359403,0.400273,0.931209,0.386395,0.560344,0.498662,420,131,0.112062,-1,1,1,1,5
hk_pairs,2495,45,1,224,4.61231,1,5733,10964,0.00331974,-0.348007,0.284098,0.0404701,0.479417,1.05,1.09244,0.449454,0.39219,0.453552,0.941709,0.588213,0.391396,0.359556,420,131,0.0759401,-1,1,1,10,4
hk_pairs,2496,45,1,241,3.02771,1,3662,9955,-0.153935,-0.152021,0.202683,-0.118843,0.358186,1.05,1.05283,0.668033,0.504781,0.668033,0.966962,0.527925,0.514517,0.469151,420,128,0.0795851,-1,1,1,6,7
hk_pairs,2497,45,1,82,3.09414,0,9822,224,0.200569,-0.095808,-0.221721,0.0423927,0.444333,1.05,1.09795,0.706284,0.522541,0.706284,0.941618,0.644682,0.564316,0.500284,420,128,0.0820173,-1,1,1,7,3
hk_pairs,2498,45,1,78,5.16377,0,324,9747,-0.22358,0.0506763,0.196574,0.196699,0.444975,1.05,1.00092,0.534153,0.415528,0.534153,0.899167,0.568248,0.396864,0.321058,420,128,0.10641,-1,1,1,3,1
hk_pairs,2499,45,1,328,1.85442,0,145,5930,-0.231475,0.0557003,0.0371904,-0.349297,0.486075,1.05,0.98051,0.459016,0.350638,0.459016,0.845854,0.661457,0.332693,0.232851,420,128,0.09453,1,1,1,3,10
hk_pairs,2500,45,1,246,1.20806,0,3742,10195,-0.139513,-0.105675,0.216139,-0.341412,0.42679,1.05,1.0146,0.8347,0.619194,0.8347,0.983164,0.562988,0.6669,0.626675,420,128,0.0796575,-1,1,1,6,11
hk_pairs,2501,45,1,115,1.51027,1,3069,9747,-0.143905,-0.0775318,0.196574,0.196699,0.437199,1.05,1.11637,0.729508,0.534495,0.729508,0.93845,0.630888,0.519729,0.444416,420,128,0.0811254,1,1,1,6,1
hk_pairs,2502,45,1,10,5.65202,0,6119,4229,0.0508642,-0.333344,-0.12455,0.197117,0.558739,1.05,1.06726,0.531421,0.394126,0.532787,0.974837,0.675805,0.352241,0.265119,420,128,0.0783647,-1,1,1,10,1
hk_pairs,2503,45,1,345,4.13645,0,9708,4108,0.179444,0.202303,-0.147857,-0.339954,0.633379,1.05,1.04277,0.743169,0.550774,0.743169,0.957187,0.776987,0.579281,0.507083,420,128,0.0797087,1,1,1,2,9
hk_pairs,2504,45,1,8,2.00626,0,9999,310,0.200145,0.209965,-0.219474,0.0443707,0.451208,1.05,1.06781,0.70082,0.510246,0.70082,0.925959,0.62886,0.539756,0.470054,420,128,0.0889907,1,1,1,2,4
hk_pairs,2505,45,1,8,3.26261,0,9999,3682,0.200145,0.209965,-0.145237,-0.120049,0.4777,1.05,0.934728,0.364754,0.278461,0.364754,0.969497,0.665436,0.292451,0.240956,420,128,0.101076,1,1,1,2,6
hk_pairs,2506,45,1,206,1.81886,1,8980,3892,0.221174,0.0692406,-0.136424,-0.123369,0.406572,1.05,1.0129,0.605191,0.442965,0.605191,0.976195,0.597488,0.476218,0.400816,420,128,0.0888171,-1,1,1,4,7
hk_pairs,2507,45,1,100,0.263092,1,8821,4108,0.195513,0.18189,-0.147857,-0.339954,0.624796,1.05,1.05704,0.521858,0.390597,0.521858,0.919442,0.777869,0.36611,0.304164,420,128,0.0909663,-1,1,1,2,9
hk_pairs,2508,45,1,264,0.646519,0,9884,4229,0.195301,-0.138306,-0.12455,0.197117,0.463577,1.05,1.03707,0.736339,0.538821,0.739071,0.984794,0.6036,0.519151,0.442861,420,128,0.0759025,-1,1,1,7,1
hk_pairs,2509,45,1,8,1.90088,0,9999,5905,0.200145,0.209965,0.030447,-0.17753,0.423025,1.05,1.15034,0.778689,0.575592,0.778689,0.989772,0.627884,0.633237,0.550548,420,128,0.0952082,1,1,1,2,8
hk_pairs,2510,45,1,327,0.719921,0,9518,224,0.186737,-0.138107,-0.221721,0.0423927,0.446649,1.05,0.993129,0.59153,0.465847,0.59153,0.982893,0.605174,0.542464,0.477796,420,128,0.0763418,1,1,1,7,3
hk_pairs,2511,45,1,331,2.9754,0,6022,3682,0.0380592,-0.34828,-0.145237,-0.120049,0.292887,1.05,1.05747,0.427596,0.390824,0.448087,0.944696,0.421476,0.552104,0.456696,420,128,0.0860342,1,1,1,10,6
hk_pairs,2512,45,1,220,3.16193,1,2899,5930,-0.152348,0.177713,0.0371904,-0.349297,0.560372,1.05,0.932904,0.434426,0.321949,0.434426,0.968682,0.706694,0.255459,0.197113,420,128,0.10131,1,1,1,1,10
hk_pairs,2513,45,1,132,2.17637,1,6771,5930,0.110125,-0.342058,0.0371904,-0.349297,0.0739789,1.05,0.879061,0.534153,0.496243,0.540984,0.944967,0.228765,0.907476,0.85627,420,128,0.0713239,1,1,1,11,10
hk_pairs,2514,45,1,69,3.17217,0,6992,5858,0.133078,-0.357527,0.0263662,0.235632,0.602681,1.05,1.09982,0.765027,0.525159,0.765027,0.986423,0.769933,0.469024,0.402948,420,128,0.104131,1,1,1,11,0
hk_pairs,2515,45,1,222,2.87756,0,3934,5978,-0.151329,-0.294903,0.036871,0.0694427,0.410096,1.05,1.07608,0.573771,0.447632,0.581967,0.951575,0.605824,0.528776,0.45344,420,128,0.0778975,1,1,1,9,5
hk_pairs,2516,45,1,12,2.26227,1,5868,5978,0.0214767,-0.215532,0.036871,0.0694427,0.285496,1.05,1.06321,0.494536,0.395492,0.505465,0.965786,0.457411,0.517338,0.446389,420,128,0.102426,1,1,1,8,5
hk_pairs,2517,45,1,329,3.6805,1,6120,4116,0.0509748,0.0237045,-0.129105,0.207911,0.257746,1.05,1.18829,0.550547,0.414162,0.558743,0.985789,0.425418,0.515848,0.436633,420,128,0.0874092,-1,1,1,5,2
hk_pairs,2518,45,1,27,5.87474,0,8788,5939,0.173862,-0.131302,0.0334406,0.0661564,0.242297,1.05,1.10837,0.606557,0.515483,0.60929,0.943429,0.432392,0.638473,0.565102,420,128,0.0965399,-1,1,1,7,5
hk_pairs,2519,45,1,7,4.96302,0,164,9747,-0.223902,0.0221577,0.196574,0.196699,0.455269,1.05,1.00854,0.793716,0.570469,0.793716,0.976285,0.563871,0.545305,0.465798,420,128,0.0933568,-1,1,1,3,1
hk_pairs,2520,45,1,202,0.410363,0,144,5930,-0.231685,0.0509739,0.0371904,-0.349297,0.482284,1.05,0.976702,0.472678,0.371812,0.472678,0.837889,0.641951,0.340838,0.257184,420,128,0.0938121,-1,1,1,3,10
hk_pairs,2521,45,1,3,3.29798,0,6806,4108,0.10325,0.0450993,-0.147857,-0.339954,0.460143,1.05,0.99749,0.711749,0.525159,0.711749,0.946506,0.573779,0.621477,0.540882,420,128,0.0846636,-1,1,1,5,11
hk_pairs,2522,45,1,46,5.19564,1,9358,4116,0.230137,0.0901203,-0.129105,0.207911,0.378743,1.05,1.06124,0.405738,0.341075,0.405738,0.895999,0.537199,0.380547,0.301151,420,128,0.0933102,-1,1,1,4,2
hk_pairs,2523,45,1,231,2.3723,0,6617,5930,0.0955315,-0.347029,0.0371904,-0.349297,0.0617305,1.05,0.994735,0.510929,0.472905,0.510929,0.935644,0.237762,0.891724,0.853775,420,128,0.072175,-1,1,1,11,10
hk_pairs,2524,45,1,287,1.80864,0,1051,9747,-0.206388,0.0350857,0.196574,0.196699,0.434721,1.05,1.0116,0.621585,0.469945,0.621585,0.877353,0.555247,0.439264,0.360004,420,128,0.0977034,1,1,1,3,1
hk_pairs,2525,45,1,120,3.37658,1,6292,3682,0.0676842,0.00810242,-0.145237,-0.120049,0.248651,1.05,1.04935,0.540984,0.40699,0.547814,0.994026,0.482649,0.476276,0.401333,420,128,0.089291,-1,1,1,5,6
hk_pairs,2526,45,1,323,2.16066,1,9776,5939,0.192118,-0.121008,0.0334406,0.0661564,0.245525,1.05,1.23709,0.605191,0.512409,0.605191,0.878892,0.454966,0.630393,0.567031,420,128,0.0803725,1,1,1,7,5
hk_pairs,2527,45,1,19,2.98529,0,4470,10195,-0.109414,0.186338,0.216139,-0.341412,0.620157,1.05,1.02139,0.711749,0.501025,0.711749,0.994479,0.741711,0.516326,0.467264,420,128,0.0837786,-1,1,1,1,11
hk_pairs,2528,45,1,331,2.18532,1,6022,4116,0.0380592,-0.34828,-0.129105,0.207911,0.580849,1.05,1.04867,0.434426,0.319331,0.434426,0.998823,0.722392,0.334033,0.255062,420,128,0.0786827,-1,1,1,10,2
hk_pairs,2529,45,1,264,3.14132,0,9884,4116,0.195301,-0.138306,-0.129105,0.207911,0.474548,1.05,1.04953,0.785519,0.556922,0.788251,0.913016,0.650598,0.527981,0.444882,420,128,0.0769925,1,1,1,7,2
hk_pairs,2530,45,1,186,3.95164,1,2504,6053,-0.170369,-0.154715,0.0478668,0.239101,0.450272,1.05,1.04567,0.760929,0.553848,0.766393,0.980992,0.563849,0.527506,0.462357,420,128,0.0948918,-1,1,1,6,0
hk_pairs,2531,45,1,241,1.49103,1,3662,5978,-0.153935,-0.152021,0.036871,0.0694427,0.292324,1.05,1.11018,0.621585,0.487933,0.631148,0.928765,0.544668,0.535009,0.467244,420,128,0.0992194,1,1,1,6,5
hk_pairs,2532,45,1,337,4.08615,0,3682,5930,-0.145237,-0.120049,0.0371904,-0.349297,0.292975,1.05,1.03977,0.829235,0.632058,0.863388,0.989862,0.512879,0.765119,0.705183,420,128,0.0789336,-1,1,1,6,10
hk_pairs,2533,45,1,66,3.03281,1,10754,224,0.231322,0.19311,-0.221721,0.0423927,0.477477,1.05,1.02443,0.495902,0.367373,0.501366,0.926593,0.605424,0.373415,0.303227,420,128,0.0890241,-1,1,1,2,3
hk_pairs,2534,45,1,229,3.38213,1,6569,224,0.0888796,0.0682087,-0.221721,0.0423927,0.311671,1.05,0.973875,0.572404,0.445355,0.572404,0.966148,0.440439,0.56235,0.497721,420,128,0.0861918,-1,1,1,5,3
hk_pairs,2535,45,1,244,2.83019,1,4636,6021,-0.117997,-0.342522,0.0385189,-0.17988,0.225725,1.05,1.05881,0.420765,0.4375,0.454918,0.93483,0.429544,0.722191,0.651361,420,128,0.0903993,-1,1,1,9,8
hk_pairs,2536,45,1,39,5.77144,0,4259,6053,-0.13482,-0.326654,0.0478668,0.239101,0.594559,1.05,1.09379,0.713115,0.507514,0.713115,0.974747,0.736014,0.429518,0.359316,420,128,0.0893226,1,1,1,9,0
hk_pairs,2537,45,1,277,1.45114,0,2945,5930,-0.153891,0.22728,0.0371904,-0.349297,0.607414,1.05,1.08177,0.523224,0.376252,0.523224,0.957639,0.776129,0.273727,0.201945,420,128,0.0881532,-1,1,1,1,10
hk_pairs,2538,45,1,82,0.16842,0,9822,310,0.200569,-0.095808,-0.219474,0.0443707,0.442878,1.05,1.07553,0.709016,0.527209,0.709016,0.964971,0.65121,0.565624,0.504986,420,128,0.0762119,1,1,1,7,4
hk_pairs,2539,45,1,346,4.32799,0,6883,4229,0.116501,-0.263332,-0.12455,0.197117,0.51975,1.05,1.10369,0.636612,0.454918,0.636612,0.995384,0.660457,0.398431,0.327267,420,128,0.0806464,-1,1,1,11,1
hk_pairs,2540,45,1,174,2.90038,1,9442,4229,0.233411,0.0544262,-0.12455,0.197117,0.385991,1.05,1.10776,0.409836,0.328552,0.409836,0.901521,0.571345,0.384114,0.31308,420,128,0.0862265,1,1,1,4,1
hk_pairs,2541,45,1,215,0.722526,0,507,10964,-0.208078,0.0250587,0.284098,0.0404701,0.492505,1.05,1.06878,0.797814,0.603598,0.797814,0.94542,0.668484,0.624115,0.577789,420,128,0.109196,1,1,1,3,4
hk_pairs,2542,45,1,246,0.281429,0,3742,10964,-0.139513,-0.105675,0.284098,0.0404701,0.448112,1.05,1.00723,0.643443,0.502505,0.643443,0.945601,0.627978,0.535639,0.495396,420,128,0.0797869,-1,1,1,6,3
hk_pairs,2543,45,1,58,0.703509,1,10095,5930,0.206334,-0.160353,0.0371904,-0.349297,0.253601,1.05,0.974091,0.913935,0.718579,0.941257,0.980811,0.447248,0.887439,0.819643,420,128,0.0792033,-1,1,1,7,10
hk_pairs,2544,45,1,114,0.447205,1,5668,10195,0.00233459,0.0733776,0.216139,-0.341412,0.466746,1.05,0.995467,0.607924,0.446494,0.60929,0.978458,0.595634,0.497188,0.458386,420,128,0.0822023,-1,1,1,5,11
hk_pairs,2545,45,1,172,3.44774,1,9878,310,0.195704,-0.145012,-0.219474,0.0443707,0.456332,1.05,1.00182,0.624317,0.495219,0.624317,0.95239,0.629339,0.545656,0.483685,420,128,0.0748676,1,1,1,7,4
hk_pairs,2546,45,1,202,0.388367,1,144,10195,-0.231685,0.0509739,0.216139,-0.341412,0.595409,1.05,1.01385,0.785519,0.567851,0.790984,0.965967,0.721826,0.633377,0.586874,420,128,0.0922457,1,1,1,3,11
hk_pairs,2547,45,1,282,1.84559,1,5785,9841,0.0100203,-0.333939,0.197027,0.204229,0.569749,1.05,1.01054,0.564208,0.399249,0.564208,0.980539,0.737608,0.325728,0.261127,420,128,0.0867375,1,1,1,10,2
hk_pairs,2548,45,1,346,5.91389,1,6883,224,0.116501,-0.263332,-0.221721,0.0423927,0.455942,1.05,1.03688,0.669399,0.508424,0.677596,0.975652,0.620105,0.65225,0.586834,420,128,0.0789473,-1,1,1,11,3
hk_pairs,2549,45,1,264,1.7451,1,9884,4229,0.195301,-0.138306,-0.12455,0.197117,0.463577,1.05,1.00633,0.730874,0.534722,0.730874,0.995293,0.562558,0.526972,0.450609,420,128,0.0784423,-1,1,1,7,1
hk_pairs,2550,45,1,91,4.74493,1,10121,5905,0.219951,0.0363712,0.030447,-0.17753,0.285814,1.05,0.997487,0.747268,0.588798,0.766393,0.959269,0.505824,0.727022,0.662204,420,128,0.0866141,-1,1,1,4,8
hk_pairs,2551,45,1,323,6.10003,0,9776,3682,0.192118,-0.121008,-0.145237,-0.120049,0.337356,1.05,1.13811,0.606557,0.491917,0.635246,0.966691,0.489282,0.504006,0.429798,420,128,0.0791304,1,1,1,7,6
hk_pairs,2552,45,1,197,1.65745,0,6470,4108,0.0838451,0.227665,-0.147857,-0.339954,0.613088,1.05,1.01898,0.771858,0.536202,0.771858,0.972393,0.763884,0.518531,0.431126,420,128,0.0773603,-1,1,1,0,11
hk_pairs,2553,45,1,64,0.10592,1,3105,6053,-0.148814,0.158411,0.0478668,0.239101,0.21259,1.05,0.930746,0.63388,0.507514,0.63388,0.969859,0.337818,0.652333,0.583171,420,128,0.0911982,-1,1,1,1,0
hk_pairs,2554,45,1,227,4.02585,0,6895,3892,0.117936,0.22892,-0.136424,-0.123369,0.434529,1.05,0.967547,0.678962,0.509563,0.687159,0.954109,0.581581,0.540635,0.452072,420,128,0.0793023,-1,1,1,0,7
hk_pairs,2555,45,1,197,2.40664,1,6470,4108,0.0838451,0.227665,-0.147857,-0.339954,0.613088,1.05,1.0371,0.77459,0.540528,0.77459,0.980539,0.771376,0.499395,0.426189,420,128,0.0757851,-1,1,1,0,9
hk_pairs,2556,45,1,120,3.22414,0,6292,5930,0.0676842,0.00810242,0.0371904,-0.349297,0.358792,1.05,1.00401,0.733607,0.542122,0.736339,0.983255,0.587837,0.612403,0.529347,420,128,0.0960044,1,1,1,5,10
hk_pairs,2557,45,1,328,0.693001,0,145,10964,-0.231475,0.0557003,0.284098,0.0404701,0.515861,1.05,1.0968,0.889344,0.642873,0.889344,0.978639,0.657814,0.645296,0.598406,420,128,0.0841956,-1,1,1,3,4
hk_pairs,2558,45,1,281,1.10207,1,5959,5930,0.0328846,-0.188906,0.0371904,-0.349297,0.160669,1.05,1.12035,0.546448,0.533242,0.583333,0.912744,0.330992,0.75008,0.679532,420,128,0.140924,-1,1,1,8,10
hk_pairs,2559,45,1,227,5.41493,0,6895,310,0.117936,0.22892,-0.219474,0.0443707,0.384585,1.05,0.996352,0.516393,0.393101,0.516393,0.95601,0.507586,0.420226,0.345021,420,128,0.0841031,-1,1,1,0,4
