method,trial,seed,stage,bank_idx,yaw,mirror,idx_top,idx_move,rest_x_top,rest_y_top,rest_x_move,rest_y_move,rest_dist,target_ratio,meas_ratio,cov_plane,cov_yaw_mean,cov_yaw_max,extent_u,extent_v,drape_below_top,settle_steps,stretch_steps,p95_speed,x_sign,attached_ok,valid
h3,0,33,1,209,2.68594,0,3854,3453,-0.148292,-0.17313,-0.140798,-0.0872307,0.0871485,1.05,1.047,0.672154,0.579218,0.673525,0.339499,0.823071,0.769342,420,124,0.0731502,-1,1,1
h3,1,33,1,85,4.75803,1,1685,8513,-0.186081,0.0130043,0.181052,-0.237391,0.444418,1.05,1.082,0.685871,0.515889,0.685871,0.63836,0.566354,0.502827,420,124,0.0905726,1,1,1
h3,2,33,1,115,6.06722,0,3069,3224,-0.144746,-0.0782356,-0.138677,0.0603275,0.138928,1.05,1.14832,0.54321,0.485825,0.563786,0.308297,0.690218,0.607415,420,124,0.0810364,1,1,1
h3,3,33,1,142,1.45052,1,1398,6481,-0.198053,0.16757,0.0865211,-0.34864,0.589455,1.05,0.949038,0.496571,0.349223,0.496571,0.768612,0.264898,0.197494,420,124,0.105143,1,1,1
h3,4,33,1,38,1.317,0,1188,6796,-0.203801,0.17565,0.105049,0.0283146,0.342198,1.05,0.981494,0.647462,0.482853,0.651578,0.511411,0.530039,0.454739,420,124,0.0847383,1,1,1
h3,5,33,1,192,1.34728,0,6935,2749,0.117351,-0.187515,-0.154468,0.0652599,0.37342,1.05,1.02434,0.62963,0.491198,0.62963,0.521684,0.577284,0.49735,420,124,0.0776243,-1,1,1
h3,6,33,1,26,0.64478,0,6899,8877,0.113692,-0.10355,0.173271,0.0821228,0.194998,1.05,0.952108,0.668038,0.535551,0.679012,0.394897,0.642254,0.563632,420,124,0.0875472,1,1,1
h3,7,33,1,102,2.21099,0,7422,4306,0.135625,0.163994,-0.111746,0.0605888,0.268132,1.05,1.0252,0.54321,0.430384,0.548697,0.389706,0.503705,0.423509,420,124,0.0829948,1,1,1
h3,8,33,1,284,2.29662,0,5764,10210,0.0115757,-0.27326,0.220093,0.181969,0.500712,1.05,0.976208,0.580247,0.410608,0.580247,0.664077,0.331416,0.276885,420,124,0.0887507,1,1,1
h3,9,33,1,350,0.884375,1,7312,7090,0.13179,-0.0699139,0.133415,-0.262508,0.193276,1.05,0.961204,0.696845,0.571902,0.707819,0.36325,0.76693,0.696887,420,124,0.0921712,1,1,1
h3,10,33,1,38,6.06725,0,1188,6646,-0.203801,0.17565,0.0940533,-0.0639992,0.382404,1.05,1.12109,0.610425,0.477481,0.618656,0.557304,0.500094,0.429398,420,124,0.0844754,-1,1,1
h3,11,33,1,1,1.72615,1,7699,9690,0.142639,-0.134228,0.24404,0.0300751,0.193929,1.05,1.19885,0.644719,0.517033,0.644719,0.396436,0.599012,0.52868,420,124,0.0904902,1,1,1
h3,12,33,1,48,0.700202,0,3274,3747,-0.155908,0.0976639,-0.152134,-0.168016,0.266427,1.05,1.05347,0.765432,0.571788,0.765432,0.502282,0.672164,0.603243,420,124,0.102624,1,1,1
h3,13,33,1,181,1.98839,0,5016,10266,-0.0794039,-0.346125,0.188025,0.175343,0.58612,1.05,1.03187,0.532236,0.377572,0.532236,0.740431,0.335011,0.258809,420,124,0.0788356,-1,1,1
h3,14,33,1,154,4.2802,1,917,2074,-0.198119,0.156185,-0.17166,-0.0588646,0.216824,1.05,1.10744,0.695473,0.572702,0.733882,0.385147,0.702492,0.635271,420,124,0.134952,-1,1,1
h3,15,33,1,118,4.28737,1,7523,8898,0.134081,0.0461788,0.173094,0.0706139,0.0517088,1.05,0.926895,0.56653,0.475766,0.572016,0.300527,0.691667,0.650492,420,124,0.129569,-1,1,1
h3,16,33,1,97,0.298435,1,1810,8186,-0.17927,-0.0922394,0.164949,-0.137177,0.347148,1.05,1.0959,0.62963,0.490512,0.62963,0.507093,0.506883,0.436392,420,124,0.0784845,1,1,1
h3,17,33,1,256,1.06708,0,10399,1698,0.193256,0.136868,-0.191666,-0.0838509,0.443723,1.05,1.06904,0.698217,0.508459,0.707819,0.619813,0.479471,0.427806,420,124,0.0978003,-1,1,1
h3,18,33,1,35,4.25556,0,1295,7439,-0.189176,0.0323601,0.141798,-0.236628,0.426506,1.05,1.02161,0.643347,0.509145,0.652949,0.561148,0.587198,0.5045,420,124,0.0936758,1,1,1
h3,19,33,1,53,5.69381,1,346,2929,-0.202495,-0.0312653,-0.15018,0.111185,0.15209,1.05,0.956355,0.544582,0.521033,0.603567,0.33463,0.795559,0.739127,420,124,0.115125,1,1,1
h3,20,33,1,240,3.38111,0,9047,4184,0.185042,0.0494537,-0.136714,-0.269524,0.453167,1.05,0.999896,0.691358,0.503772,0.691358,0.619935,0.623888,0.546657,420,124,0.0889172,1,1,1
h3,21,33,1,222,6.01071,1,3934,9140,-0.149994,-0.295912,0.163048,0.0457058,0.463624,1.05,1.07409,0.751715,0.55407,0.751715,0.580267,0.65391,0.578952,420,124,0.0740481,1,1,1
h3,22,33,1,28,2.4914,0,10375,60,0.236131,0.100567,-0.234849,0.0246048,0.477068,1.05,1.12532,0.872428,0.651006,0.872428,0.666692,0.66599,0.616143,420,124,0.0946643,1,1,1
h3,23,33,1,301,3.0614,0,5144,9216,-0.0577011,-0.0352974,0.173269,0.199793,0.329687,1.05,1.03063,0.61454,0.461248,0.61454,0.496224,0.499035,0.421681,420,124,0.0801564,-1,1,1
h3,24,33,1,202,0.528463,1,144,4558,-0.231728,0.0513172,-0.104132,0.0316677,0.129392,1.05,1.38828,0.459534,0.456562,0.504801,0.308113,0.678822,0.610982,420,124,0.0958342,-1,1,1
h3,25,33,1,21,0.884735,1,3593,5666,-0.145467,0.131235,-0.000886917,-0.316898,0.471227,1.05,0.983817,0.430727,0.333676,0.430727,0.642738,0.324728,0.232278,420,124,0.0978102,1,1,1
h3,26,33,1,259,4.64024,1,2752,2068,-0.164621,-0.0724106,-0.168808,0.0486221,0.121107,1.05,1.26264,0.694102,0.579675,0.702332,0.355784,0.760888,0.682333,420,124,0.0886384,-1,1,1
h3,27,33,1,135,1.97808,0,5121,2919,-0.0596809,0.114508,-0.159371,-0.0339947,0.179562,1.05,1.07447,0.518519,0.413009,0.518519,0.370602,0.537266,0.470301,420,124,0.110311,-1,1,1
h3,28,33,1,158,4.20921,0,4264,7701,-0.122021,0.0299015,0.15027,-0.0951729,0.300816,1.05,0.939746,0.522634,0.402949,0.522634,0.515806,0.436099,0.366356,420,124,0.0933367,1,1,1
h3,29,33,1,307,5.15664,1,8510,10810,0.156878,0.118317,0.262856,0.0650597,0.119268,1.05,1.00517,0.625514,0.512003,0.63786,0.386469,0.741174,0.678685,420,124,0.0785207,1,1,1
h3,30,33,1,301,0.580004,1,5144,291,-0.0577011,-0.0352974,-0.231929,0.00185204,0.178243,1.05,1.16411,0.552812,0.492227,0.552812,0.378034,0.655526,0.590082,420,124,0.0871138,1,1,1
h3,31,33,1,6,6.00985,1,1637,8780,-0.190276,0.136393,0.159632,0.119894,0.350303,1.05,1.03829,0.641975,0.480453,0.647462,0.508713,0.489883,0.406697,420,124,0.0961842,1,1,1
h3,32,33,1,103,2.92079,1,7750,11019,0.152753,-0.326408,0.295915,0.0827446,0.433546,1.05,1.05494,0.56653,0.4369,0.56653,0.599726,0.427531,0.380466,420,124,0.0821029,1,1,1
h3,33,33,1,227,0.528742,0,6895,10478,0.117447,0.229137,0.235174,0.118732,0.161442,1.05,1.26061,0.716049,0.573617,0.716049,0.399979,0.732738,0.668928,420,124,0.0978175,-1,1,1
h3,34,33,1,97,5.73608,1,1810,10007,-0.17927,-0.0922394,0.193673,-0.187941,0.38513,1.05,1.01746,0.698217,0.514403,0.698217,0.562826,0.542686,0.492389,420,124,0.0805432,1,1,1
h3,35,33,1,62,0.573881,1,2669,6523,-0.149135,0.074728,0.0863476,0.0867615,0.23579,1.05,1.1044,0.397805,0.345107,0.399177,0.474404,0.459184,0.383267,420,124,0.113058,-1,1,1
h3,36,33,1,304,1.33489,1,7146,160,0.125883,0.00458527,-0.237975,-0.00500107,0.364089,1.05,0.980134,0.463649,0.398605,0.469136,0.51351,0.550052,0.503584,420,124,0.0868327,1,1,1
h3,37,33,1,116,5.81125,1,4458,4405,-0.115797,-0.278111,-0.112443,0.10107,0.379257,1.05,1.01389,0.621399,0.48011,0.621399,0.536645,0.60289,0.530453,420,124,0.100707,1,1,1
h3,38,33,1,267,4.31057,0,6716,3321,0.111701,-0.327877,-0.163957,-0.262251,0.283362,1.05,0.976873,0.79561,0.604938,0.805213,0.440329,0.762622,0.662513,420,124,0.0770418,1,1,1
h3,39,33,1,223,4.88757,0,3557,2942,-0.135983,0.0708008,-0.151736,0.13434,0.0685576,1.05,1.0578,0.625514,0.498628,0.625514,0.326334,0.690722,0.634745,420,124,0.0776131,-1,1,1
h3,40,33,1,15,2.78822,1,2437,4086,-0.165283,-0.121399,-0.132983,0.000413895,0.129019,1.05,1.12079,0.58299,0.551669,0.587106,0.335059,0.794401,0.721679,420,124,0.0734741,1,1,1
h3,41,33,1,110,1.07471,1,3810,10473,-0.131285,0.036211,0.240762,-0.0133038,0.375934,1.05,1.04332,0.681756,0.51326,0.681756,0.566935,0.574142,0.527839,420,124,0.0825613,-1,1,1
h3,42,33,1,164,2.20679,1,3718,2868,-0.146247,0.0971508,-0.153968,0.122707,0.0406564,1.05,0.959074,0.502058,0.462163,0.502058,0.279474,0.683295,0.651348,420,124,0.111485,1,1,1
h3,43,33,1,173,1.17356,0,10286,9731,0.189126,0.156836,0.190495,-0.137699,0.294681,1.05,1.14226,0.689986,0.552926,0.702332,0.440876,0.6638,0.595791,420,124,0.101191,1,1,1
h3,44,33,1,59,2.02355,1,4286,4909,-0.117836,0.104113,-0.0775776,0.22835,0.130622,1.05,0.914812,0.581619,0.478509,0.581619,0.28958,0.666608,0.612615,420,124,0.0961113,-1,1,1
h3,45,33,1,310,1.73218,0,5736,7087,0.0105352,0.153805,0.124619,-0.115118,0.292199,1.05,1.04348,0.478738,0.364883,0.478738,0.473654,0.438677,0.367563,420,124,0.105805,-1,1,1
h3,46,33,1,207,4.06729,0,5089,13,-0.0623932,-0.0812473,-0.249948,0.020277,0.213442,1.05,0.879664,0.471879,0.371628,0.478738,0.410916,0.452762,0.391341,420,124,0.0912867,-1,1,1
h3,47,33,1,330,1.43815,0,9588,4725,0.217487,-0.00680923,-0.0934362,0.258717,0.408924,1.05,1.04104,0.565158,0.45176,0.565158,0.515034,0.440308,0.378808,420,124,0.0911589,1,1,1
h3,48,33,1,123,0.248018,0,526,9633,-0.205878,0.083025,0.192349,-0.0879612,0.433384,1.05,1.14722,0.673525,0.496914,0.680384,0.615982,0.443439,0.395665,420,124,0.0893701,1,1,1
h3,49,33,1,237,3.28042,1,9929,5204,0.239137,0.124201,-0.0530453,0.0580482,0.299706,1.05,1.11351,0.437586,0.391061,0.466392,0.522219,0.508337,0.437291,420,124,0.0908181,1,1,1
h3,50,33,1,304,2.03898,1,7146,10751,0.125883,0.00458527,0.234795,0.18206,0.208896,1.05,1.19692,0.743484,0.564586,0.743484,0.429681,0.583557,0.544231,420,124,0.142524,-1,1,1
h3,51,33,1,10,1.83683,1,6119,9005,0.0505409,-0.333649,0.168524,0.189484,0.536314,1.05,1.0992,0.840878,0.577961,0.840878,0.709642,0.514951,0.44877,420,124,0.0881602,-1,1,1
h3,52,33,1,290,0.157417,1,4930,6908,-0.0825062,-0.343903,0.112297,0.105635,0.489994,1.05,1.06765,0.470508,0.358253,0.470508,0.666774,0.397959,0.326254,420,124,0.0882419,1,1,1
h3,53,33,1,234,4.57545,0,5227,2718,-0.0564718,-0.364157,-0.156952,0.116329,0.49088,1.05,1.08368,0.62963,0.463763,0.62963,0.637486,0.468213,0.387197,420,124,0.0864339,-1,1,1
h3,54,33,1,202,0.0432777,0,144,1640,-0.231728,0.0513172,-0.179172,0.198036,0.15607,1.05,1.20012,0.743484,0.617284,0.743484,0.326682,0.802742,0.746031,420,124,0.0945364,1,1,1
h3,55,33,1,84,0.240596,0,6511,485,0.0874529,0.250929,-0.212749,0.0797272,0.345589,1.05,1.01168,0.696845,0.514175,0.696845,0.464557,0.587243,0.507452,420,124,0.0883078,-1,1,1
h3,56,33,1,341,0.646446,1,4824,8464,-0.0860033,0.255322,0.204612,0.123819,0.319012,1.05,0.97905,0.422497,0.3738,0.434842,0.421373,0.445654,0.369357,420,124,0.0923503,-1,1,1
h3,57,33,1,80,5.41529,0,7155,8485,0.118459,0.0805721,0.195858,0.163378,0.114016,1.05,1.49013,0.622771,0.506173,0.622771,0.391296,0.671944,0.603153,420,124,0.0773179,1,1,1
h3,58,33,1,52,0.501032,1,9232,9234,0.178368,0.0172749,0.178177,-0.25178,0.269904,1.05,0.941303,0.844993,0.654207,0.844993,0.446722,0.765241,0.690252,420,124,0.0908556,1,1,1
h3,59,33,1,192,4.53278,0,6935,5514,0.117351,-0.187515,-0.0179043,-0.350706,0.211956,1.05,1.15981,0.791495,0.608368,0.798354,0.426102,0.817297,0.752267,420,124,0.082431,-1,1,1
h3,60,33,1,135,0.379167,0,5121,10460,-0.0596809,0.114508,0.205034,0.0381241,0.275515,1.05,0.992343,0.60631,0.472794,0.60631,0.400192,0.521186,0.459561,420,124,0.0958529,-1,1,1
h3,61,33,1,284,0.428034,0,5764,943,0.0115757,-0.27326,-0.210025,0.191252,0.514817,1.05,1.05134,0.500686,0.355624,0.500686,0.677807,0.287796,0.218645,420,124,0.10112,1,1,1
h3,62,33,1,199,4.79099,0,6355,10418,0.0775681,-0.248583,0.194975,0.0913544,0.359749,1.05,1.12146,0.599451,0.465135,0.60631,0.525505,0.475987,0.399803,420,124,0.0921502,1,1,1
h3,63,33,1,308,3.31033,1,3394,9187,-0.136115,-0.0248127,0.181076,0.0962639,0.339723,1.05,0.986509,0.580247,0.42444,0.580247,0.524166,0.444231,0.378764,420,124,0.0918419,-1,1,1
h3,64,33,1,204,5.75537,0,1163,10740,-0.192019,0.130819,0.265993,0.08918,0.460002,1.05,1.07235,0.932785,0.656722,0.932785,0.626538,0.603336,0.536071,420,129,0.113019,1,1,1
h3,65,33,1,227,5.26492,0,6895,2011,0.117447,0.229137,-0.180242,0.0698147,0.338032,1.05,0.931574,0.355281,0.302583,0.355281,0.466396,0.325935,0.249925,420,129,0.106204,-1,1,1
h3,66,33,1,9,3.37905,0,723,8564,-0.198546,0.0423527,0.160483,-0.0365829,0.367734,1.05,1.04396,0.615912,0.435871,0.615912,0.583591,0.423848,0.349612,420,129,0.0938079,1,1,1
h3,67,33,1,342,4.23151,0,126,605,-0.220748,-0.00660706,-0.211302,0.11762,0.124895,1.05,1.29789,0.680384,0.599794,0.680384,0.273367,0.855435,0.779606,420,129,0.0710546,-1,1,1
h3,68,33,1,182,5.47658,0,3774,6831,-0.131494,-0.00063324,0.123177,-0.344107,0.42769,1.05,0.949476,0.796982,0.568816,0.796982,0.624019,0.634234,0.568934,420,129,0.0910726,-1,1,1
h3,69,33,1,149,3.14735,0,2641,6986,-0.165598,0.193432,0.11995,-0.117418,0.422293,1.05,1.13414,0.631001,0.501486,0.631001,0.555902,0.494668,0.421163,420,129,0.0829034,1,1,1
h3,70,33,1,88,0.685432,0,8379,10091,0.173752,-0.184019,0.20633,0.204744,0.390241,1.05,1.01015,0.748971,0.591449,0.761317,0.561055,0.579791,0.516904,420,129,0.0983173,-1,1,1
h3,71,33,1,72,0.0885521,0,504,3031,-0.210534,0.0497398,-0.149932,0.146347,0.114429,1.05,0.777304,0.621399,0.540581,0.635117,0.275209,0.781088,0.725746,420,129,0.07947,-1,1,1
h3,72,33,1,296,2.6166,1,4264,10831,-0.122021,0.0299015,0.240937,0.180298,0.393779,1.05,1.1548,0.78738,0.556241,0.78738,0.558982,0.556445,0.493242,420,129,0.0953194,-1,1,1
h3,73,33,1,209,1.11428,0,3854,3534,-0.148292,-0.17313,-0.134531,0.0815105,0.255042,1.05,1.07904,0.706447,0.57636,0.722908,0.497268,0.658077,0.578439,420,129,0.0932445,1,1,1
h3,74,33,1,58,2.17868,1,10095,8609,0.206202,-0.159727,0.169989,0.0852203,0.247701,1.05,1.00258,0.696845,0.582076,0.737997,0.372112,0.724629,0.642621,420,129,0.0832825,-1,1,1
h3,75,33,1,188,3.31783,0,2079,5214,-0.178904,-0.0141182,-0.0506153,0.214798,0.262432,1.05,1.0248,0.441701,0.426726,0.455418,0.370777,0.59033,0.520928,420,129,0.121115,-1,1,1
h3,76,33,1,245,4.08522,0,9764,9413,0.21835,0.140244,0.220287,0.149038,0.0101318,1.05,1.0083,0.508916,0.501257,0.517147,0.22692,0.802497,0.777496,420,129,0.0889465,-1,1,1
h3,77,33,1,148,5.35474,0,1845,9934,-0.183132,0.0116653,0.225798,0.162798,0.435977,1.05,1.14439,0.823045,0.582876,0.823045,0.600101,0.554296,0.489847,420,129,0.0926464,1,1,1
h3,78,33,1,296,2.77671,1,4264,7971,-0.122021,0.0299015,0.148432,0.126259,0.288075,1.05,1.12768,0.563786,0.410608,0.563786,0.492243,0.435714,0.353479,420,129,0.0982039,-1,1,1
h3,79,33,1,219,5.5339,1,6988,9383,0.119556,-0.0891762,0.232315,0.0664425,0.193543,1.05,0.981749,0.596708,0.490398,0.604938,0.395652,0.547409,0.481158,420,129,0.104341,1,1,1
h3,80,33,1,195,1.30611,0,4564,6632,-0.105632,-0.174397,0.0949345,0.167492,0.396593,1.05,1.10816,0.63786,0.484797,0.641975,0.573456,0.446789,0.379311,420,129,0.0824884,1,1,1
h3,81,33,1,176,3.58616,1,778,5226,-0.210168,0.0676079,-0.0500355,0.208012,0.213748,1.05,1.10737,0.718793,0.569502,0.718793,0.378781,0.690165,0.630738,420,129,0.0920789,1,1,1
h3,82,33,1,288,5.58246,1,7857,6296,0.149915,0.102762,0.0745268,-0.297012,0.406821,1.05,1.04075,0.441701,0.377115,0.452675,0.628152,0.419658,0.343023,420,129,0.0960397,1,1,1
h3,83,33,1,160,3.03606,0,2337,8744,-0.175541,-0.208475,0.161757,0.137812,0.483496,1.05,0.995919,0.684499,0.513717,0.684499,0.650668,0.567035,0.488387,420,129,0.0774934,-1,1,1
h3,84,33,1,344,2.06778,1,4127,9068,-0.139666,-0.176815,0.191136,0.106962,0.435871,1.05,1.08341,0.663923,0.484111,0.663923,0.608089,0.554373,0.486704,420,129,0.0836534,1,1,1
h3,85,33,1,263,0.328484,1,10637,3214,0.239552,0.106575,-0.158638,0.09618,0.3991,1.05,1.08129,0.790123,0.565272,0.790123,0.603851,0.54519,0.479895,420,129,0.0866748,-1,1,1
h3,86,33,1,91,2.24155,1,10121,7324,0.223155,0.0374393,0.13099,0.138002,0.136552,1.05,1.23245,0.482853,0.521033,0.591221,0.304232,0.759386,0.69765,420,129,0.111461,-1,1,1
h3,87,33,1,98,1.34411,0,5863,776,0.0213842,-0.163582,-0.202049,0.134708,0.372814,1.05,1.04106,0.467764,0.364312,0.467764,0.575506,0.369843,0.307201,420,129,0.0881061,1,1,1
h3,88,33,1,61,5.90398,1,8155,10900,0.180044,0.115244,0.271996,0.0703754,0.105596,1.05,1.07934,0.534979,0.521605,0.60631,0.356724,0.734949,0.689948,420,129,0.0732382,-1,1,1
h3,89,33,1,84,3.45527,0,6511,7367,0.0874529,0.250929,0.132266,-0.0969791,0.35089,1.05,1.15991,0.374486,0.32636,0.388203,0.507878,0.486407,0.423289,420,129,0.108603,-1,1,1
h3,90,33,1,146,3.80415,0,4274,5653,-0.129034,-0.234116,-0.00109005,-0.0623837,0.214199,1.05,0.959485,0.696845,0.541495,0.696845,0.444758,0.701642,0.601161,420,129,0.0761517,1,1,1
h3,91,33,1,249,4.3773,1,1659,2077,-0.192745,0.141895,-0.171201,0.148069,0.0224118,1.05,1.03861,0.462277,0.465706,0.506173,0.205907,0.760892,0.732382,420,129,0.0933676,-1,1,1
h3,92,33,1,134,1.44887,0,6418,8910,0.0837402,-0.349382,0.175904,0.0420074,0.402161,1.05,1.13857,0.688615,0.500686,0.688615,0.554735,0.519862,0.435292,420,129,0.0860001,1,1,1
h3,93,33,1,15,1.57054,1,2437,2448,-0.165283,-0.121399,-0.165918,0.154644,0.276338,1.05,1.10621,0.710562,0.565729,0.746228,0.475123,0.620077,0.546846,420,129,0.103035,1,1,1
h3,94,33,1,108,3.95772,1,7225,4393,0.122186,0.108313,-0.113873,0.0380802,0.247461,1.05,0.964066,0.452675,0.372085,0.454047,0.47926,0.433043,0.356711,420,129,0.0895454,1,1,1
h3,95,33,1,34,5.35064,1,5499,5849,-0.0198965,-0.340536,0.0212841,-0.0122128,0.331013,1.05,1.10036,0.492455,0.429241,0.507545,0.487228,0.590477,0.52298,420,129,0.0875654,-1,1,1
h3,96,33,1,29,4.53522,1,2358,4204,-0.169245,0.095829,-0.119096,-0.0564346,0.160373,1.05,1.08141,0.48011,0.458276,0.508916,0.377095,0.636086,0.572851,420,129,0.10771,-1,1,1
h3,97,33,1,145,3.69638,1,10432,3705,0.196686,0.146017,-0.143372,0.126841,0.341214,1.05,1.09609,0.388203,0.312986,0.388203,0.522382,0.339698,0.256107,420,129,0.10268,-1,1,1
h3,98,33,1,298,4.4307,0,5919,383,0.0271606,-0.319424,-0.211511,0.0580235,0.446605,1.05,1.08557,0.791495,0.596936,0.791495,0.600913,0.740941,0.671118,420,129,0.0821395,-1,1,1
h3,99,33,1,60,1.62593,0,3920,8798,-0.146854,-0.234568,0.185123,-0.246498,0.332197,1.05,1.08515,0.777778,0.585734,0.777778,0.540297,0.630737,0.569847,420,129,0.0760507,-1,1,1
h3,100,33,1,173,4.93527,1,10286,9905,0.189126,0.156836,0.255644,-0.00909233,0.178966,1.05,1.23756,0.655693,0.591221,0.655693,0.346413,0.760661,0.719104,420,129,0.0866102,-1,1,1
h3,101,33,1,14,3.96377,1,5570,9866,-0.00832939,-0.0637875,0.242419,0.0594311,0.279802,1.05,1.02282,0.532236,0.460562,0.532236,0.546049,0.588791,0.524724,420,129,0.0752779,1,1,1
h3,102,33,1,14,0.845991,1,5570,5105,-0.00832939,-0.0637875,-0.0605574,-0.0314026,0.0614536,1.05,1.0037,0.489712,0.435299,0.502058,0.365464,0.572101,0.536188,420,129,0.0727071,1,1,1
h3,103,33,1,190,1.38858,1,5189,5647,-0.0535688,0.132942,-0.00177002,-0.163706,0.301136,1.05,1.03244,0.525377,0.387517,0.525377,0.478332,0.398166,0.315751,420,129,0.0940778,-1,1,1
h3,104,33,1,334,1.46605,1,5422,6867,-0.0271645,-0.063118,0.115036,-0.0384579,0.144323,1.05,1.20668,0.522634,0.435985,0.522634,0.40278,0.565055,0.486909,420,129,0.0802073,-1,1,1
h3,105,33,1,138,0.814008,1,830,5116,-0.200576,0.145721,-0.0604839,0.239464,0.168563,1.05,0.994901,0.615912,0.503887,0.615912,0.3032,0.735017,0.67482,420,129,0.111461,-1,1,1
h3,106,33,1,348,2.68202,0,4881,4777,-0.0816669,0.0519009,-0.0880308,0.243731,0.191937,1.05,1.1702,0.640604,0.50503,0.640604,0.343351,0.609893,0.559114,420,129,0.0924058,-1,1,1
h3,107,33,1,73,3.8209,0,535,9315,-0.21259,0.106255,0.222723,0.124609,0.435772,1.05,1.02968,0.920439,0.646891,0.920439,0.604863,0.581597,0.520332,420,129,0.0963509,-1,1,1
h3,108,33,1,321,2.55087,0,202,9205,-0.232926,0.09305,0.166821,0.049324,0.402686,1.05,1.13304,0.406036,0.344879,0.406036,0.589849,0.341971,0.264087,420,129,0.0866748,-1,1,1
h3,109,33,1,46,1.41978,0,9358,4868,0.231081,0.0915756,-0.0860615,-0.145615,0.396319,1.05,1.0851,0.644719,0.482053,0.644719,0.618446,0.556737,0.489032,420,129,0.0951366,-1,1,1
h3,110,33,1,240,3.69537,0,9047,5357,0.185042,0.0494537,-0.0341024,0.155685,0.243549,1.05,1.02894,0.51166,0.408551,0.514403,0.423281,0.541749,0.475261,420,129,0.0878873,1,1,1
h3,111,33,1,270,0.685795,0,7665,10555,0.148676,-0.0868168,0.208757,0.0741177,0.171784,1.05,1.20147,0.663923,0.566644,0.673525,0.381085,0.673841,0.596861,420,129,0.092594,1,1,1
h3,112,33,1,232,3.06983,0,778,10205,-0.210168,0.0676079,0.197501,0.218256,0.434724,1.05,1.03158,0.698217,0.509945,0.698217,0.573173,0.508413,0.426792,420,129,0.0941084,1,1,1
h3,113,33,1,272,6.1151,0,7898,3137,0.148517,0.059536,-0.139746,0.0790958,0.288946,1.05,1.02141,0.561043,0.4361,0.58299,0.432557,0.443102,0.374572,420,129,0.0840466,1,1,1
h3,114,33,1,142,3.54948,1,1398,7888,-0.198053,0.16757,0.150592,-0.0113907,0.392245,1.05,1.01589,0.713306,0.52995,0.720165,0.562779,0.52633,0.469206,420,129,0.0936864,-1,1,1
h3,115,33,1,92,3.05205,0,9933,8017,0.182489,0.200369,0.170621,0.0808334,0.121376,1.05,1.18855,0.580247,0.479995,0.61454,0.391879,0.74338,0.679298,420,129,0.0754807,1,1,1
h3,116,33,1,265,3.18591,0,9994,2454,0.249982,0.00729179,-0.176217,0.0456276,0.428087,1.05,1.14742,0.714678,0.576818,0.729767,0.570168,0.66503,0.612926,420,129,0.0781265,-1,1,1
h3,117,33,1,263,5.48855,1,10637,7474,0.239552,0.106575,0.149495,-0.327753,0.443569,1.05,1.12089,0.449931,0.384888,0.452675,0.663211,0.457404,0.384087,420,129,0.102312,1,1,1
h3,118,33,1,334,2.24135,1,5422,1446,-0.0271645,-0.063118,-0.188824,0.0663757,0.207343,1.05,1.10677,0.364883,0.347622,0.386831,0.425079,0.450433,0.39515,420,129,0.0819346,-1,1,1
h3,119,33,1,222,5.4364,1,3934,8965,-0.149994,-0.295912,0.170701,0.239382,0.624012,1.05,1.06258,0.776406,0.544696,0.776406,0.748028,0.538091,0.467466,420,129,0.0742546,-1,1,1
h3,120,33,1,296,6.23862,1,4264,3248,-0.122021,0.0299015,-0.161972,-0.324921,0.357489,1.05,1.01081,0.589849,0.46422,0.589849,0.556644,0.535643,0.450211,420,129,0.106173,-1,1,1
h3,121,33,1,343,5.93134,0,7016,8270,0.120867,-0.0550613,0.178416,0.116783,0.182569,1.05,1.01862,0.547325,0.477595,0.547325,0.388474,0.64411,0.560785,420,129,0.0892049,1,1,1
h3,122,33,1,86,3.48337,1,3744,7678,-0.1488,0.0601883,0.139453,0.123671,0.296322,1.05,1.01738,0.473251,0.3754,0.474623,0.470753,0.44507,0.364578,420,129,0.0888025,1,1,1
h3,123,33,1,351,3.36412,0,7516,10993,0.137561,0.0491657,0.301917,0.0600376,0.164839,1.05,1.20877,0.559671,0.561043,0.596708,0.347307,0.710484,0.657838,420,129,0.0892137,-1,1,1
h3,124,33,1,146,4.53507,0,4274,2931,-0.129034,-0.234116,-0.151692,-0.0621738,0.17347,1.05,1.11583,0.680384,0.566758,0.680384,0.370905,0.816582,0.742966,420,129,0.076958,-1,1,1
h3,125,33,1,128,5.38903,1,4565,8638,-0.10911,-0.0949249,0.161212,0.162609,0.373472,1.05,1.04978,0.636488,0.492227,0.636488,0.527523,0.478004,0.395873,420,129,0.0825753,-1,1,1
h3,126,33,1,122,0.375218,1,4608,6830,-0.100076,0.0399323,0.11138,-0.210739,0.328049,1.05,0.961233,0.55144,0.462849,0.56653,0.463507,0.587054,0.51167,420,129,0.0980961,-1,1,1
h3,127,33,1,49,3.33435,0,7102,10417,0.123331,0.0460663,0.205179,0.129358,0.11961,1.05,0.884761,0.567901,0.511546,0.625514,0.292526,0.662073,0.58805,420,129,0.0789485,-1,1,1
h3,128,33,1,162,5.01005,0,5545,10968,-0.00960922,0.172209,0.294964,0.0665436,0.322387,1.05,1.106,0.691358,0.536694,0.691358,0.503222,0.614689,0.554762,420,128,0.0772453,1,1,1
h3,129,33,1,111,5.82863,1,2251,5157,-0.17222,0.119293,-0.0560818,0.212061,0.150716,1.05,0.954318,0.537723,0.497942,0.545953,0.326803,0.686683,0.626081,420,128,0.0942287,1,1,1
h3,130,33,1,30,5.08775,1,1138,6200,-0.20122,0.208462,0.0589724,0.13582,0.270376,1.05,0.929187,0.445816,0.41278,0.48011,0.461267,0.548365,0.484765,420,128,0.0840617,1,1,1
h3,131,33,1,99,5.58848,0,5671,782,-0.000822067,-0.364136,-0.223092,0.0748577,0.492739,1.05,1.10924,0.934156,0.65775,0.934156,0.695968,0.743316,0.676457,420,128,0.0891318,-1,1,1
h3,132,33,1,252,1.85155,0,3134,4021,-0.141421,-0.0164928,-0.118163,0.0380535,0.0599426,1.05,0.976228,0.596708,0.504115,0.596708,0.305803,0.696196,0.65518,420,128,0.105529,-1,1,1
h3,133,33,1,4,4.11116,1,8825,3630,0.163641,0.167528,-0.147498,0.0840225,0.322917,1.05,0.966136,0.337449,0.305556,0.33882,0.466205,0.318586,0.2566,420,128,0.0905475,-1,1,1
h3,134,33,1,300,2.28637,0,1608,2818,-0.189309,0.0433655,-0.170485,-0.343199,0.387368,1.05,0.989906,0.625514,0.499086,0.625514,0.553834,0.581114,0.498056,420,128,0.110462,1,1,1
h3,135,33,1,209,6.19967,0,3854,9836,-0.148292,-0.17313,0.221767,0.168608,0.503744,1.05,1.07981,0.695473,0.498743,0.695473,0.666845,0.526992,0.466779,420,128,0.083381,1,1,1
h3,136,33,1,203,4.67294,0,626,2035,-0.213025,0.142426,-0.177076,0.0402164,0.108397,1.05,1.16684,0.655693,0.568587,0.668038,0.281131,0.801774,0.747489,420,128,0.0719674,-1,1,1
h3,137,33,1,181,5.39742,1,5016,746,-0.0794039,-0.346125,-0.211275,0.150421,0.513765,1.05,1.03737,0.470508,0.357453,0.470508,0.64014,0.349068,0.288608,420,128,0.0857993,1,1,1
h3,138,33,1,298,5.86554,1,5919,8949,0.0271606,-0.319424,0.164902,0.160593,0.499414,1.05,0.960535,0.66118,0.486054,0.66118,0.630456,0.449231,0.369963,420,128,0.0841551,1,1,1
h3,139,33,1,138,2.26032,0,830,8316,-0.200576,0.145721,0.164135,0.0787086,0.370816,1.05,0.973671,0.554184,0.434499,0.554184,0.530017,0.498605,0.437605,420,128,0.119511,-1,1,1
h3,140,33,1,219,5.7769,1,6988,1433,0.119556,-0.0891762,-0.19113,-0.128696,0.313351,1.05,1.06182,0.550069,0.454618,0.56653,0.439007,0.505328,0.452573,420,128,0.0752419,1,1,1
h3,141,33,1,306,1.82068,0,4455,4306,-0.108157,0.0669174,-0.111746,0.0605888,0.0162439,1.05,0.966608,0.40192,0.434957,0.524005,0.216358,0.646059,0.609914,420,128,0.108155,-1,1,1
h3,142,33,1,285,5.19949,1,3880,4407,-0.129134,0.0450554,-0.113831,0.0209503,0.0289642,1.05,1.158,0.463649,0.431642,0.463649,0.308883,0.679516,0.647687,420,128,0.117656,-1,1,1
h3,143,33,1,336,5.8738,1,2980,11,-0.138364,0.0193405,-0.243938,0.0155754,0.105981,1.05,0.956755,0.584362,0.506973,0.589849,0.287304,0.691566,0.660042,420,128,0.109995,-1,1,1
h3,144,33,1,64,5.17933,1,3105,10071,-0.148769,0.158648,0.212667,-0.348652,0.622991,1.05,1.00217,0.679012,0.50663,0.679012,0.773858,0.555616,0.518754,420,128,0.0881037,-1,1,1
h3,145,33,1,273,4.99821,0,108,5136,-0.227655,-0.00109291,-0.058507,0.0326424,0.172506,1.05,1.38114,0.499314,0.508802,0.56653,0.368636,0.72019,0.655378,420,128,0.0902493,-1,1,1
h3,146,33,1,20,2.96504,1,9641,10993,0.190678,-0.166733,0.301917,0.0600376,0.252585,1.05,1.13106,0.76406,0.563672,0.76406,0.481807,0.58839,0.525962,420,128,0.0842681,-1,1,1
h3,147,33,1,101,3.86768,0,7045,7290,0.118739,0.047718,0.130331,0.0945702,0.0489647,1.05,1.00022,0.539095,0.458048,0.555556,0.316686,0.655822,0.625913,420,128,0.0895709,-1,1,1
h3,148,33,1,232,4.46003,1,778,8119,-0.210168,0.0676079,0.157152,0.0739746,0.367591,1.05,1.14792,0.705075,0.525835,0.705075,0.523856,0.480663,0.418431,420,128,0.0868392,1,1,1
h3,149,33,1,34,2.73947,1,5499,9357,-0.0198965,-0.340536,0.174633,0.172421,0.548604,1.05,1.07954,0.495199,0.367856,0.495199,0.703372,0.28088,0.205492,420,128,0.0839337,1,1,1
h3,150,33,1,103,5.47045,0,7750,6201,0.152753,-0.326408,0.065834,-0.362587,0.0944685,1.05,1.02369,0.689986,0.59385,0.689986,0.264188,0.964276,0.901254,420,128,0.0718333,1,1,1
h3,151,33,1,225,3.88765,0,8041,6306,0.159416,0.08922,0.0738049,-0.262133,0.361895,1.05,1.0462,0.59808,0.45176,0.59808,0.561735,0.58199,0.483782,420,128,0.100634,-1,1,1
h3,152,33,1,334,2.79557,1,5422,9431,-0.0271645,-0.063118,0.22651,0.101231,0.302407,1.05,0.981511,0.455418,0.355853,0.459534,0.486726,0.413208,0.346479,420,128,0.0916201,1,1,1
h3,153,33,1,58,5.89102,0,10095,1920,0.206202,-0.159727,-0.170308,0.233967,0.544755,1.05,1.02204,0.832648,0.573388,0.832648,0.738402,0.520876,0.4324,420,128,0.0770759,-1,1,1
h3,154,33,1,301,5.98492,1,5144,6200,-0.0577011,-0.0352974,0.0589724,0.13582,0.207299,1.05,0.991621,0.525377,0.440101,0.525377,0.406882,0.473733,0.398581,420,128,0.0823103,-1,1,1
h3,155,33,1,116,0.805253,0,4458,7853,-0.115797,-0.278111,0.157545,-0.271912,0.273733,1.05,1.11866,0.902606,0.664495,0.902606,0.459494,0.7041,0.626828,420,128,0.0761152,1,1,1
h3,156,33,1,189,3.92864,0,2319,7537,-0.176646,0.0269089,0.141753,0.203857,0.364868,1.05,1.01732,0.373114,0.303498,0.374486,0.529918,0.347426,0.271309,420,128,0.0887817,-1,1,1
h3,157,33,1,180,2.04849,1,10765,120,0.25294,0.143925,-0.233582,0.0682755,0.492454,1.05,0.993083,0.762689,0.587677,0.762689,0.593794,0.566715,0.497226,420,128,0.0906387,-1,1,1
h3,158,33,1,152,1.36796,1,571,4897,-0.210078,0.0866566,-0.0822802,-0.134043,0.255178,1.05,1.13296,0.75583,0.563786,0.75583,0.515375,0.706116,0.637483,420,128,0.101277,1,1,1
h3,159,33,1,78,3.78947,0,324,8193,-0.224188,0.0509129,0.176308,0.0717087,0.401037,1.05,1.08435,0.72428,0.518519,0.72428,0.586272,0.465855,0.391807,420,128,0.0934019,1,1,1
h3,160,33,1,37,6.16508,1,1927,4439,-0.175637,-0.0659637,-0.114743,-0.0552692,0.0632431,1.05,1.02731,0.580247,0.536466,0.595336,0.353334,0.778002,0.750295,420,128,0.0795188,1,1,1
h3,161,33,1,25,4.36394,1,2870,169,-0.167792,-0.278759,-0.220767,0.0199966,0.303575,1.05,1.07907,0.609053,0.487769,0.62963,0.430181,0.510099,0.442585,420,128,0.0817467,-1,1,1
h3,162,33,1,261,3.91035,1,9649,3722,0.219245,0.164536,-0.150103,0.0234566,0.395455,1.05,1.12115,0.727023,0.543438,0.727023,0.58542,0.5455,0.486913,420,128,0.0802226,-1,1,1
h3,163,33,1,153,2.56963,1,3537,6453,-0.146329,-0.112431,0.095644,-0.329634,0.325249,1.05,1.013,0.895748,0.645176,0.895748,0.557161,0.712237,0.640543,420,128,0.0785714,1,1,1
h3,164,33,1,309,6.07114,0,1878,8679,-0.18328,-0.226486,0.206158,0.0453415,0.474943,1.05,1.02564,0.663923,0.498971,0.663923,0.641307,0.607657,0.548876,420,128,0.0779423,-1,1,1
h3,165,33,1,295,5.36475,0,6429,10187,0.0807295,0.138372,0.201891,-0.334694,0.488411,1.05,1.15174,0.510288,0.382602,0.510288,0.630711,0.348908,0.28901,420,128,0.100848,1,1,1
h3,166,33,1,29,6.14263,0,2358,5378,-0.169245,0.095829,-0.033638,-0.284819,0.404228,1.05,1.11182,0.465021,0.417695,0.469136,0.586751,0.478063,0.392195,420,128,0.0957074,-1,1,1
h3,167,33,1,96,5.34845,1,5101,10224,-0.0663376,-0.271591,0.205811,0.0148659,0.395123,1.05,1.08404,0.720165,0.548354,0.720165,0.583708,0.702296,0.631074,420,128,0.0780197,1,1,1
h3,168,33,1,113,2.81349,0,6345,5325,0.0724735,-0.0297298,-0.0380945,0.0701828,0.149213,1.05,0.986061,0.475994,0.440901,0.510288,0.362388,0.53614,0.464341,420,128,0.0829361,1,1,1
h3,169,33,1,182,0.649877,0,3774,9218,-0.131494,-0.00063324,0.193595,-0.26461,0.418807,1.05,1.05668,0.626886,0.463649,0.626886,0.567174,0.559425,0.508438,420,128,0.104442,-1,1,1
h3,170,33,1,178,3.40888,1,8607,5759,0.16803,-0.150829,0.0112343,-0.0636806,0.179387,1.05,1.04099,0.536351,0.486397,0.536351,0.349535,0.691795,0.627295,420,128,0.0723653,1,1,1
h3,171,33,1,128,3.78531,1,4565,1808,-0.10911,-0.0949249,-0.174668,0.193394,0.295817,1.05,1.07895,0.705075,0.525835,0.710562,0.503347,0.523054,0.456313,420,128,0.125004,1,1,1
h3,172,33,1,324,1.33868,1,4921,261,-0.0815163,-0.194134,-0.220556,0.053587,0.284096,1.05,1.01054,0.636488,0.47668,0.646091,0.506035,0.474156,0.405841,420,128,0.0897495,1,1,1
h3,173,33,1,186,1.00345,1,2504,3533,-0.170289,-0.155634,-0.142793,0.0817757,0.239397,1.05,1.15269,0.672154,0.515432,0.672154,0.510798,0.655417,0.574653,420,128,0.0944676,-1,1,1
h3,174,33,1,182,0.0751593,0,3774,1154,-0.131494,-0.00063324,-0.210217,0.153431,0.174804,1.05,1.23573,0.758573,0.584934,0.758573,0.424502,0.665443,0.607544,420,128,0.103376,1,1,1
h3,175,33,1,0,0.362145,0,8010,9618,0.152772,0.107101,0.239998,0.0327072,0.11629,1.05,1.26354,0.687243,0.562872,0.689986,0.348343,0.721897,0.661253,420,128,0.084414,-1,1,1
h3,176,33,1,124,0.965953,0,9146,1820,0.180683,0.0968037,-0.183189,0.159321,0.369381,1.05,1.04291,0.595336,0.451989,0.595336,0.55477,0.488544,0.411101,420,128,0.0892844,-1,1,1
h3,177,33,1,306,2.16077,0,4455,5901,-0.108157,0.0669174,0.0266323,-0.00364304,0.152814,1.05,0.75868,0.363512,0.378829,0.40192,0.331548,0.529894,0.455348,420,128,0.0978738,-1,1,1
h3,178,33,1,231,4.17034,0,6617,4204,0.0953665,-0.347071,-0.119096,-0.0564346,0.361246,1.05,1.09255,0.412894,0.356996,0.412894,0.529079,0.519781,0.430794,420,128,0.0903604,-1,1,1
h3,179,33,1,325,5.8734,1,1245,1027,-0.198516,0.195166,-0.202604,0.0135746,0.181648,1.05,1.30782,0.766804,0.612026,0.781893,0.317669,0.793061,0.737852,420,128,0.0705988,-1,1,1
h3,180,33,1,209,5.92272,1,3854,5212,-0.148292,-0.17313,-0.0509777,0.144245,0.331975,1.05,1.17752,0.761317,0.575446,0.761317,0.55355,0.601335,0.531522,420,128,0.0853183,-1,1,1
h3,181,33,1,288,2.34044,0,7857,413,0.149915,0.102762,-0.201018,-0.0239315,0.373102,1.05,0.938835,0.699588,0.526635,0.699588,0.537656,0.593154,0.543754,420,128,0.0869256,-1,1,1
h3,182,33,1,91,4.14578,1,10121,2127,0.223155,0.0374393,-0.179173,-0.226311,0.481101,1.05,1.03008,0.672154,0.519433,0.679012,0.621654,0.562529,0.499448,420,128,0.0908938,-1,1,1
h3,183,33,1,231,3.05119,0,6617,5132,0.0953665,-0.347071,-0.0590858,0.0733128,0.448014,1.05,1.03245,0.687243,0.511317,0.694102,0.60946,0.544209,0.462487,420,128,0.082018,-1,1,1
h3,184,33,1,226,4.41827,1,8630,7173,0.167731,-0.0673199,0.134508,0.239187,0.30845,1.05,1.14769,0.901235,0.660722,0.901235,0.500406,0.639085,0.571028,420,128,0.109517,-1,1,1
h3,185,33,1,107,4.80021,0,5514,2416,-0.0179043,-0.350706,-0.154428,0.081419,0.453311,1.05,1.09473,0.496571,0.369913,0.496571,0.61096,0.375682,0.286805,420,128,0.0815059,-1,1,1
h3,186,33,1,239,2.22385,0,10673,2041,0.249535,0.139597,-0.17719,0.184027,0.429098,1.05,1.0179,0.532236,0.405121,0.532236,0.608906,0.413708,0.330757,420,128,0.0895084,1,1,1
h3,187,33,1,236,1.98882,1,4146,4164,-0.121972,-0.0690746,-0.125885,0.151991,0.221104,1.05,0.975786,0.674897,0.555213,0.674897,0.447922,0.638299,0.557819,420,128,0.0924481,1,1,1
h3,188,33,1,340,5.8797,0,3313,6062,-0.153529,0.0467224,0.0478954,-0.122341,0.263441,1.05,1.01294,0.578875,0.467878,0.580247,0.502619,0.607946,0.535944,420,128,0.0933058,1,1,1
h3,189,33,1,85,0.721844,1,1685,8594,-0.186081,0.0130043,0.173789,-0.150688,0.395368,1.05,1.05247,0.559671,0.455304,0.559671,0.527296,0.491516,0.426229,420,128,0.0911212,-1,1,1
h3,190,33,1,203,4.27385,1,626,3134,-0.213025,0.142426,-0.141421,-0.0164928,0.174365,1.05,1.17106,0.506173,0.478281,0.507545,0.398262,0.70129,0.63231,420,128,0.100769,1,1,1
h3,191,33,1,152,5.87336,0,571,3607,-0.210078,0.0866566,-0.147066,0.0843086,0.064524,1.05,1.07033,0.525377,0.523091,0.541838,0.284739,0.776007,0.746113,420,128,0.0815184,1,1,1
h3,192,33,1,335,5.87796,1,464,1463,-0.226211,0.014286,-0.185332,0.130342,0.124554,1.05,1.02287,0.742113,0.620599,0.747599,0.319033,0.829683,0.769045,420,121,0.077277,1,1,1
h3,193,33,1,146,4.60141,1,4274,1394,-0.129034,-0.234116,-0.198194,0.1723,0.412383,1.05,1.02111,0.680384,0.506744,0.680384,0.628007,0.499571,0.44393,420,121,0.0857779,-1,1,1
h3,194,33,1,39,2.64963,1,4259,4236,-0.135017,-0.327379,-0.11391,-0.0186501,0.309553,1.05,0.992109,0.522634,0.449131,0.536351,0.467517,0.711551,0.639628,420,121,0.0911379,1,1,1
h3,195,33,1,87,3.57301,0,10428,6592,0.215432,0.0409565,0.100149,-0.144764,0.218592,1.05,1.02642,0.769547,0.595222,0.772291,0.476502,0.7917,0.716747,420,121,0.0955331,1,1,1
h3,196,33,1,303,1.67041,0,9405,2497,0.189682,-0.0120964,-0.159345,0.131878,0.377738,1.05,1.02375,0.613169,0.475995,0.620027,0.483013,0.487082,0.404619,420,121,0.0853694,-1,1,1
h3,197,33,1,344,3.84382,0,4127,3466,-0.139666,-0.176815,-0.1404,-0.00496101,0.172153,1.05,1.18799,0.710562,0.582762,0.710562,0.373576,0.767847,0.698339,420,121,0.0875068,-1,1,1
h3,198,33,1,257,2.61359,0,5403,9987,-0.0288754,0.154999,0.200078,-0.15877,0.388445,1.05,1.00803,0.576132,0.420553,0.576132,0.576684,0.454185,0.376141,420,121,0.0902336,-1,1,1
h3,199,33,1,138,3.69832,1,830,3573,-0.200576,0.145721,-0.14498,0.206888,0.0831427,1.05,0.904614,0.533608,0.502858,0.533608,0.229573,0.783822,0.744083,420,121,0.0930806,1,1,1
h3,200,33,1,245,5.08153,1,9764,6943,0.21835,0.140244,0.11596,-0.0816822,0.244419,1.05,1.10133,0.727023,0.557042,0.727023,0.515822,0.697785,0.630561,420,121,0.109532,1,1,1
h3,201,33,1,16,1.39915,1,6891,7579,0.116627,-0.245506,0.146519,0.248528,0.494938,1.05,1.06084,0.561043,0.428098,0.570645,0.658546,0.595424,0.542931,420,121,0.0961876,-1,1,1
h3,202,33,1,225,0.326655,1,8041,2308,0.159416,0.08922,-0.176046,-0.00165176,0.347554,1.05,1.0036,0.561043,0.418381,0.561043,0.537997,0.460828,0.379049,420,121,0.0914045,-1,1,1
h3,203,33,1,321,1.44243,1,202,3166,-0.232926,0.09305,-0.15647,0.0435467,0.0924271,1.05,0.940243,0.652949,0.58219,0.703704,0.266436,0.873357,0.826882,420,121,0.0781343,1,1,1
h3,204,33,1,303,2.68529,0,9405,10887,0.189682,-0.0120964,0.261721,0.111134,0.143222,1.05,1.48192,0.70096,0.610082,0.720165,0.36465,0.81989,0.753523,420,121,0.0836523,1,1,1
h3,205,33,1,115,2.40139,0,3069,1788,-0.144746,-0.0782356,-0.179408,-0.0743141,0.0358393,1.05,1.02407,0.48011,0.513375,0.569273,0.29104,0.75155,0.729544,420,121,0.0775249,-1,1,1
h3,206,33,1,349,4.24616,0,3277,2138,-0.153885,-0.0536518,-0.172081,0.0991573,0.153889,1.05,0.97273,0.558299,0.487654,0.56653,0.324803,0.691213,0.624164,420,121,0.112814,1,1,1
h3,207,33,1,139,5.08024,0,2677,10274,-0.163339,0.103594,0.238779,0.0586071,0.404756,1.05,1.0055,0.725652,0.560357,0.725652,0.546213,0.597862,0.536015,420,121,0.0814248,-1,1,1
h3,208,33,1,239,2.29024,1,10673,2855,0.249535,0.139597,-0.163825,0.105368,0.415101,1.05,1.14894,0.898491,0.622657,0.898491,0.623839,0.597522,0.526505,420,121,0.0864566,1,1,1
h3,209,33,1,30,4.98667,0,1138,3078,-0.20122,0.208462,-0.170848,-0.243444,0.453065,1.05,1.11667,0.688615,0.537723,0.688615,0.599015,0.584724,0.512977,420,121,0.102343,-1,1,1
h3,210,33,1,335,3.51119,1,464,3619,-0.226211,0.014286,-0.147999,0.108257,0.122667,1.05,1.53206,0.648834,0.585391,0.652949,0.300061,0.832505,0.775352,420,121,0.0720027,1,1,1
h3,211,33,1,13,4.28048,1,10912,7920,0.259609,0.157887,0.158477,-0.344742,0.512845,1.05,0.965502,0.406036,0.360311,0.415638,0.645673,0.383198,0.315148,420,121,0.0993379,1,1,1
h3,212,33,1,300,3.49428,1,1608,1287,-0.189309,0.0433655,-0.18851,0.0182972,0.0319009,1.05,0.996602,0.462277,0.513946,0.588477,0.202989,0.777639,0.746321,420,121,0.0895259,-1,1,1
h3,213,33,1,226,1.51257,1,8630,5954,0.167731,-0.0673199,0.032464,-0.116589,0.144075,1.05,1.00672,0.576132,0.504687,0.587106,0.352267,0.733269,0.66337,420,121,0.0780411,-1,1,1
h3,214,33,1,337,4.52997,1,3682,7424,-0.145157,-0.120501,0.136314,0.0078373,0.309632,1.05,1.00987,0.595336,0.46342,0.607682,0.490829,0.4944,0.421618,420,121,0.0823523,1,1,1
h3,215,33,1,194,5.85881,0,2925,7921,-0.14224,0.0363922,0.162045,0.0790405,0.307407,1.05,0.998274,0.475994,0.374943,0.475994,0.487106,0.40046,0.329961,420,121,0.0962008,1,1,1
h3,216,33,1,13,0.109288,0,10912,7604,0.259609,0.157887,0.141233,0.0684872,0.148406,1.05,1.15952,0.595336,0.544582,0.611797,0.298115,0.840308,0.788249,420,121,0.0829832,1,1,1
h3,217,33,1,246,3.5463,1,3742,4037,-0.139676,-0.106091,-0.142155,-0.130917,0.0307972,1.05,1.0047,0.524005,0.508459,0.587106,0.288292,0.772726,0.752386,420,121,0.0889101,1,1,1
h3,218,33,1,120,1.05137,0,6292,6033,0.067399,0.00792694,0.0492163,-0.364626,0.373096,1.05,0.955821,0.731139,0.537837,0.737997,0.570386,0.601406,0.539348,420,121,0.0990379,-1,1,1
h3,219,33,1,183,4.7773,0,4310,10479,-0.135221,-0.34234,0.200915,0.0512562,0.5178,1.05,1.06374,0.759945,0.576017,0.759945,0.666109,0.692409,0.631511,420,121,0.0797757,1,1,1
h3,220,33,1,255,1.9815,1,5114,9571,-0.0670481,-0.348042,0.204454,-0.347387,0.27167,1.05,1.0802,0.765432,0.584134,0.765432,0.489162,0.729678,0.675378,420,121,0.0762054,1,1,1
h3,221,33,1,230,4.64808,0,3837,883,-0.143252,-0.0414886,-0.209146,0.0132999,0.0857078,1.05,1.38025,0.625514,0.564472,0.657064,0.375463,0.764137,0.695023,420,121,0.082774,-1,1,1
h3,222,33,1,334,1.98389,1,5422,8456,-0.0271645,-0.063118,0.174156,-0.00539017,0.209434,1.05,1.0059,0.486968,0.410951,0.486968,0.416954,0.55315,0.49602,420,121,0.0742607,1,1,1
h3,223,33,1,274,1.31619,1,9173,717,0.184944,-0.0504227,-0.209839,0.129349,0.433882,1.05,1.1459,0.735254,0.529492,0.735254,0.629674,0.49004,0.427852,420,121,0.0952355,-1,1,1
h3,224,33,1,17,5.15288,1,5499,10104,-0.0198965,-0.340536,0.252859,0.0506554,0.476995,1.05,1.10339,0.872428,0.635803,0.872428,0.659478,0.775769,0.705996,420,121,0.0747093,-1,1,1
h3,225,33,1,145,3.56152,0,10432,1430,0.196686,0.146017,-0.205551,0.142126,0.403255,1.05,1.02814,0.411523,0.320302,0.411523,0.582799,0.329852,0.256578,420,121,0.104924,1,1,1
h3,226,33,1,22,5.73208,1,2257,3959,-0.169982,0.165693,-0.123364,-0.0762024,0.246458,1.05,1.16174,0.699588,0.540124,0.699588,0.465916,0.669874,0.604475,420,121,0.122107,1,1,1
h3,227,33,1,148,1.74358,1,1845,8465,-0.183132,0.0116653,0.207954,0.128082,0.408047,1.05,1.00158,0.577503,0.446502,0.581619,0.530249,0.476326,0.411734,420,121,0.108907,1,1,1
h3,228,33,1,35,4.77584,1,1295,10227,-0.189176,0.0323601,0.211568,0.131809,0.412985,1.05,1.02427,0.66941,0.496113,0.66941,0.526143,0.552739,0.489391,420,121,0.097201,1,1,1
h3,229,33,1,304,1.89525,0,7146,5184,0.125883,0.00458527,-0.0545444,0.102619,0.206018,1.05,0.759867,0.384088,0.388432,0.400549,0.35877,0.497882,0.425008,420,121,0.0852342,1,1,1
h3,230,33,1,24,1.69304,0,2921,7834,-0.173109,-0.296366,0.152104,-0.201689,0.338714,1.05,1.07481,0.477366,0.387403,0.491084,0.515783,0.596657,0.520564,420,121,0.0778905,-1,1,1
h3,231,33,1,146,6.22408,1,4274,6713,-0.129034,-0.234116,0.107145,-0.267439,0.238575,1.05,1.01632,0.77915,0.576703,0.77915,0.413364,0.691466,0.615065,420,121,0.0745037,1,1,1
h3,232,33,1,327,5.67236,1,9518,6154,0.186314,-0.137562,0.0565443,0.229391,0.389247,1.05,1.0687,0.796982,0.60128,0.796982,0.566139,0.580065,0.524105,420,121,0.0962709,-1,1,1
h3,233,33,1,17,3.09731,0,5499,482,-0.0198965,-0.340536,-0.221031,-0.00126266,0.394823,1.05,1.04046,0.796982,0.612826,0.796982,0.565585,0.777292,0.718704,420,121,0.0889191,-1,1,1
h3,234,33,1,149,5.46206,0,2641,1112,-0.165598,0.193432,-0.193741,0.137627,0.0647262,1.05,0.958458,0.510288,0.487883,0.510288,0.264231,0.761206,0.717245,420,121,0.0797877,1,1,1
h3,235,33,1,190,0.962624,0,5189,10633,-0.0535688,0.132942,0.270184,0.0418835,0.33644,1.05,1.0249,0.61454,0.461591,0.61454,0.488008,0.570855,0.517351,420,121,0.0778945,-1,1,1
h3,236,33,1,76,2.13498,0,3124,2405,-0.146205,0.0993652,-0.161874,0.209589,0.112623,1.05,1.18857,0.565158,0.492455,0.576132,0.311939,0.706452,0.661274,420,121,0.0811869,-1,1,1
h3,237,33,1,100,5.48394,0,8821,6935,0.194382,0.18203,0.117351,-0.187515,0.377631,1.05,1.09036,0.714678,0.525492,0.714678,0.6001,0.625719,0.537808,420,121,0.104476,1,1,1
h3,238,33,1,52,3.59346,1,9232,8327,0.178368,0.0172749,0.165271,-0.110682,0.1294,1.05,0.885841,0.651578,0.564815,0.668038,0.330445,0.777415,0.709961,420,121,0.0847871,-1,1,1
h3,239,33,1,339,3.14535,1,7784,6230,0.148911,-0.119907,0.0611391,-0.0412331,0.118216,1.05,1.29582,0.580247,0.489826,0.580247,0.396304,0.746421,0.678438,420,121,0.080354,-1,1,1
h3,240,33,1,348,0.642499,0,4881,5145,-0.0816669,0.0519009,-0.0577564,-0.00109863,0.0581437,1.05,0.630817,0.356653,0.399291,0.438957,0.226219,0.619664,0.581539,420,121,0.0912201,1,1,1
h3,241,33,1,193,4.74421,0,8574,1577,0.169032,0.197908,-0.197107,0.170246,0.367545,1.05,1.06919,0.429355,0.348651,0.434842,0.555489,0.456517,0.374414,420,121,0.0907387,-1,1,1
h3,242,33,1,102,2.23876,1,7422,6290,0.135625,0.163994,0.0669794,-0.0258865,0.20195,1.05,0.976457,0.486968,0.431413,0.496571,0.404179,0.615773,0.550974,420,121,0.117225,1,1,1
h3,243,33,1,205,0.742386,0,1025,4789,-0.191102,0.0364304,-0.0908413,-0.182064,0.2404,1.05,1.2105,0.434842,0.438843,0.482853,0.487021,0.576634,0.498236,420,121,0.111894,-1,1,1
h3,244,33,1,331,1.44714,1,6022,7824,0.0377855,-0.348446,0.154789,0.0727425,0.437247,1.05,1.07983,0.532236,0.403749,0.532236,0.586362,0.403252,0.321381,420,121,0.0937079,1,1,1
h3,245,33,1,26,4.42395,0,6899,3538,0.113692,-0.10355,-0.154474,0.0427647,0.305832,1.05,1.06213,0.518519,0.417353,0.51989,0.496146,0.472112,0.411825,420,121,0.0830583,-1,1,1
h3,246,33,1,240,2.06957,1,9047,1988,0.185042,0.0494537,-0.170695,0.229958,0.398915,1.05,1.04191,0.613169,0.448903,0.613169,0.586725,0.44304,0.35421,420,121,0.0956229,-1,1,1
h3,247,33,1,259,0.66912,0,2752,7907,-0.164621,-0.0724106,0.160455,0.047596,0.34652,1.05,1.10837,0.559671,0.418496,0.562414,0.515777,0.437301,0.373645,420,121,0.0835327,-1,1,1
h3,248,33,1,103,2.87607,1,7750,2115,0.152753,-0.326408,-0.169528,-0.0217247,0.443527,1.05,1.05672,0.792867,0.571902,0.792867,0.593126,0.664004,0.592493,420,121,0.0758566,1,1,1
h3,249,33,1,218,0.38195,1,7771,8203,0.14819,0.0978336,0.184971,0.141037,0.0608489,1.05,0.977832,0.470508,0.436671,0.470508,0.266268,0.675103,0.643728,420,121,0.0950611,1,1,1
h3,250,33,1,125,3.377,0,454,645,-0.216549,0.103605,-0.212438,0.138287,0.0349275,1.05,1.00099,0.45679,0.472679,0.508916,0.250526,0.799989,0.759034,420,121,0.0925692,-1,1,1
h3,251,33,1,276,0.490688,1,3716,1719,-0.146818,0.039669,-0.186081,0.0969524,0.0699424,1.05,1.01231,0.496571,0.507888,0.567901,0.247499,0.706365,0.663747,420,121,0.0970067,-1,1,1
h3,252,33,1,61,2.67493,0,8155,5880,0.180044,0.115244,0.0213203,-0.285585,0.431585,1.05,1.10033,0.515775,0.410494,0.522634,0.661379,0.462228,0.365045,420,121,0.0975173,1,1,1
h3,253,33,1,146,6.05926,1,4274,1797,-0.129034,-0.234116,-0.179476,0.0225086,0.261535,1.05,1.16016,0.554184,0.463535,0.595336,0.426968,0.480583,0.434139,420,121,0.084304,-1,1,1
h3,254,33,1,18,0.399039,1,3981,3503,-0.140279,-0.029398,-0.138924,0.0308018,0.0645696,1.05,0.976797,0.537723,0.486511,0.537723,0.257591,0.718459,0.659284,420,121,0.112797,1,1,1
h3,255,33,1,276,0.392139,0,3716,8225,-0.146818,0.039669,0.169868,0.023859,0.317351,1.05,1.03863,0.613169,0.448674,0.613169,0.522158,0.422477,0.362901,420,121,0.0837832,1,1,1
h3,256,33,1,198,4.1901,1,4867,2810,-0.0881186,-0.362789,-0.175103,-0.278448,0.12116,1.05,0.935792,0.635117,0.551212,0.635117,0.27395,0.9108,0.850785,420,144,0.0727207,-1,1,1
h3,257,33,1,201,4.37881,1,7662,3958,0.141445,0.0548306,-0.141726,0.0434456,0.283789,1.05,0.932824,0.436214,0.343164,0.445816,0.458607,0.385114,0.316661,420,144,0.0823176,1,1,1
h3,258,33,1,286,4.71267,1,5732,1284,0.00300121,-0.348114,-0.188608,0.018465,0.413654,1.05,1.0957,0.786008,0.617513,0.78738,0.545266,0.782503,0.743832,420,144,0.0770607,1,1,1
h3,259,33,1,114,2.73886,0,5668,3323,0.00246906,0.0739918,-0.154209,-0.0335598,0.19008,1.05,0.968597,0.477366,0.376315,0.48011,0.396494,0.470011,0.397399,420,144,0.0907689,-1,1,1
h3,260,33,1,75,1.71753,0,7934,2101,0.168866,0.0715923,-0.168074,0.238346,0.37596,1.05,1.12046,0.862826,0.607682,0.862826,0.553502,0.596115,0.507466,420,144,0.0801313,-1,1,1
h3,261,33,1,105,0.816046,0,6653,5476,0.101091,-0.290726,-0.0178661,0.104649,0.413113,1.05,1.05396,0.617284,0.471308,0.617284,0.599093,0.540885,0.463363,420,144,0.0892458,-1,1,1
h3,262,33,1,163,1.47845,1,10457,5575,0.210853,0.0954266,-0.00829124,-0.115297,0.304021,1.05,1.11025,0.644719,0.496228,0.644719,0.564016,0.640138,0.568198,420,144,0.0962716,1,1,1
h3,263,33,1,206,2.25056,1,8980,395,0.222597,0.070055,-0.224223,0.116728,0.44944,1.05,1.12698,0.868313,0.621513,0.868313,0.66401,0.595367,0.534271,420,144,0.0888557,1,1,1
h3,264,33,1,273,1.7429,1,108,8532,-0.227655,-0.00109291,0.201332,0.118988,0.445491,1.05,1.18281,0.765432,0.556241,0.765432,0.57544,0.486207,0.4204,420,144,0.0888842,1,1,1
h3,265,33,1,192,3.68342,0,6935,10226,0.117351,-0.187515,0.18961,0.138882,0.3343,1.05,0.97813,0.604938,0.474394,0.604938,0.500332,0.545046,0.471106,420,144,0.0967625,1,1,1
h3,266,33,1,186,0.752778,0,2504,4436,-0.170289,-0.155634,-0.126672,-0.319702,0.16985,1.05,1.02217,0.769547,0.647805,0.801097,0.363238,0.874808,0.807657,420,144,0.0769233,1,1,1
h3,267,33,1,138,0.436304,0,830,4768,-0.200576,0.145721,-0.095726,-0.305195,0.462946,1.05,1.08795,0.419753,0.349909,0.429355,0.635157,0.425447,0.326181,420,144,0.116359,1,1,1
h3,268,33,1,21,3.97174,0,3593,10353,-0.145467,0.131235,0.195748,0.0578232,0.349492,1.05,0.962987,0.561043,0.42684,0.561043,0.540396,0.467861,0.413579,420,144,0.104138,-1,1,1
h3,269,33,1,183,0.528269,0,4310,1347,-0.135221,-0.34234,-0.194566,0.122299,0.468449,1.05,1.08439,0.530864,0.401006,0.533608,0.596331,0.396129,0.327437,420,144,0.0994875,-1,1,1
h3,270,33,1,16,0.215654,1,6891,1444,0.116627,-0.245506,-0.190947,-0.121855,0.331569,1.05,1.018,0.721536,0.545039,0.721536,0.472016,0.62458,0.566291,420,144,0.0758254,-1,1,1
h3,271,33,1,55,2.1091,1,10391,1477,0.232349,0.168518,-0.185941,0.0364761,0.438653,1.05,1.03046,0.427984,0.352881,0.436214,0.542422,0.398508,0.341007,420,144,0.0826478,-1,1,1
h3,272,33,1,211,1.52277,1,7339,719,0.134583,0.0643883,-0.205269,0.0630341,0.339883,1.05,0.904121,0.650206,0.498971,0.650206,0.50227,0.600199,0.533585,420,144,0.0819612,-1,1,1
h3,273,33,1,241,5.96834,0,3662,2780,-0.153176,-0.152557,-0.148324,0.0430641,0.195856,1.05,1.13226,0.69273,0.567444,0.69273,0.421846,0.701514,0.627371,420,144,0.0988548,1,1,1
h3,274,33,1,183,6.27416,0,4310,4935,-0.135221,-0.34234,-0.0768232,0.0701141,0.416596,1.05,1.08866,0.596708,0.467878,0.596708,0.562978,0.614009,0.5448,420,144,0.101619,-1,1,1
h3,275,33,1,39,4.36115,0,4259,10405,-0.135017,-0.327379,0.239305,0.0122566,0.505442,1.05,0.991922,0.722908,0.568244,0.722908,0.656739,0.705106,0.653686,420,144,0.0744127,-1,1,1
h3,276,33,1,161,0.806516,1,2296,6947,-0.169459,0.173473,0.120536,-0.236507,0.502207,1.05,0.961919,0.689986,0.506516,0.689986,0.675801,0.539963,0.464223,420,144,0.0924418,1,1,1
h3,277,33,1,279,2.29664,0,3422,5908,-0.153614,-0.0240116,0.0270939,-0.0620728,0.18469,1.05,0.920848,0.500686,0.428555,0.503429,0.407086,0.626082,0.546524,420,144,0.100525,1,1,1
h3,278,33,1,323,4.50166,0,9776,4764,0.192008,-0.12038,-0.10929,-0.329096,0.366573,1.05,1.02227,0.851852,0.652035,0.883402,0.509989,0.747837,0.673238,420,144,0.0775528,1,1,1
h3,279,33,1,238,5.09629,1,10380,9919,0.195278,0.111032,0.202642,-0.111191,0.22238,1.05,1.16819,0.679012,0.545953,0.698217,0.393961,0.710741,0.637151,420,144,0.12985,-1,1,1
h3,280,33,1,55,5.28367,0,10391,787,0.232349,0.168518,-0.211329,-0.337955,0.673329,1.05,1.06352,0.673525,0.486168,0.673525,0.788946,0.572789,0.533033,420,144,0.0839081,1,1,1
h3,281,33,1,268,3.59963,1,5413,9334,-0.0282841,-0.2064,0.184915,0.0911636,0.36606,1.05,1.06752,0.736626,0.556127,0.736626,0.589922,0.64857,0.578622,420,144,0.076689,-1,1,1
h3,282,33,1,318,5.27916,0,4728,10037,-0.0996161,-0.166716,0.188883,0.0913582,0.38726,1.05,0.956217,0.596708,0.493941,0.596708,0.558416,0.552951,0.491081,420,144,0.0801176,1,1,1
h3,283,33,1,284,3.27383,1,5764,7432,0.0115757,-0.27326,0.132902,0.126926,0.418174,1.05,1.05522,0.558299,0.409694,0.558299,0.564927,0.401503,0.313461,420,144,0.0830188,-1,1,1
h3,284,33,1,144,2.3516,1,2236,8298,-0.158248,0.0812893,0.176661,-0.237101,0.462099,1.05,1.04835,0.628258,0.502286,0.628258,0.612613,0.544832,0.481316,420,144,0.0841202,-1,1,1
h3,285,33,1,197,1.135,1,6470,10929,0.0839882,0.22842,0.291339,0.0491753,0.274243,1.05,1.18327,0.890261,0.655693,0.890261,0.473159,0.687954,0.63782,420,144,0.0836972,1,1,1
h3,286,33,1,339,2.72109,1,7784,1069,0.148911,-0.119907,-0.201462,-0.262789,0.378464,1.05,1.06373,0.77915,0.577389,0.77915,0.533233,0.622515,0.573747,420,144,0.0759793,-1,1,1
h3,287,33,1,18,3.73011,0,3981,1655,-0.140279,-0.029398,-0.187737,0.104958,0.143239,1.05,1.19339,0.677641,0.566987,0.677641,0.371101,0.690414,0.627275,420,144,0.0954464,-1,1,1
h3,288,33,1,151,4.5385,0,8681,1599,0.178658,0.0536366,-0.178401,0.206186,0.388944,1.05,1.12639,0.61454,0.451646,0.61454,0.557211,0.421532,0.348158,420,144,0.0873259,-1,1,1
h3,289,33,1,8,4.09824,1,9999,8331,0.199837,0.210627,0.179855,0.145922,0.0693316,1.05,0.996315,0.500686,0.466507,0.500686,0.249946,0.787585,0.760159,420,144,0.0753906,-1,1,1
h3,290,33,1,125,0.431104,1,454,8943,-0.216549,0.103605,0.190173,0.120319,0.407081,1.05,1.15511,0.813443,0.586077,0.813443,0.566171,0.521547,0.451648,420,144,0.100578,1,1,1
h3,291,33,1,234,4.27868,0,5227,376,-0.0564718,-0.364157,-0.207379,-0.0261192,0.37037,1.05,1.13306,0.893004,0.654321,0.893004,0.586039,0.778078,0.721904,420,144,0.0816408,-1,1,1
h3,292,33,1,290,0.0995142,0,4930,3662,-0.0825062,-0.343903,-0.153176,-0.152557,0.203979,1.05,1.20344,0.75583,0.603567,0.765432,0.449612,0.812308,0.743109,420,144,0.0826685,1,1,1
h3,293,33,1,119,2.86286,0,6372,7516,0.0742025,-0.000125885,0.137561,0.0491657,0.0803064,1.05,0.828855,0.524005,0.469822,0.548697,0.361465,0.645821,0.586007,420,144,0.0754037,1,1,1
h3,294,33,1,95,0.902637,1,3656,10316,-0.144406,0.0710831,0.193319,0.101295,0.339857,1.05,1.11261,0.725652,0.516118,0.725652,0.537383,0.490173,0.423671,420,144,0.0946238,-1,1,1
h3,295,33,1,282,2.62939,0,5785,4897,0.00997925,-0.334198,-0.0822802,-0.134043,0.220434,1.05,1.14031,0.567901,0.497028,0.588477,0.43357,0.697744,0.621317,420,144,0.0776917,-1,1,1
h3,296,33,1,165,0.272471,0,8843,9471,0.164301,-0.0429077,0.185375,0.031908,0.0781727,1.05,0.890613,0.62963,0.538866,0.631001,0.342157,0.775199,0.717731,420,144,0.0813868,1,1,1
h3,297,33,1,83,4.43405,0,10890,7431,0.253678,0.148167,0.135453,-0.0429096,0.225237,1.05,1.17785,0.610425,0.541838,0.613169,0.415016,0.73405,0.667167,420,144,0.0972193,-1,1,1
h3,298,33,1,296,3.6966,0,4264,4291,-0.122021,0.0299015,-0.130925,-0.269228,0.299791,1.05,0.986892,0.482853,0.420896,0.495199,0.436625,0.524355,0.449915,420,144,0.116866,-1,1,1
h3,299,33,1,177,5.93444,0,6756,8163,0.104774,-0.171005,0.160455,-0.151693,0.0589351,1.05,1.00879,0.648834,0.554298,0.648834,0.343083,0.800536,0.770355,420,144,0.0738084,1,1,1
h3,300,33,1,3,3.58455,0,6806,10416,0.102597,0.0450497,0.216506,0.0242653,0.11757,1.05,1.30971,0.541838,0.48914,0.565158,0.294087,0.679984,0.601047,420,144,0.0908964,1,1,1
h3,301,33,1,221,2.26397,1,3538,8274,-0.154474,0.0427647,0.152768,0.116592,0.316135,1.05,1.12324,0.705075,0.515432,0.705075,0.490525,0.477366,0.390644,420,144,0.0870892,-1,1,1
h3,302,33,1,247,5.10701,1,7124,4200,0.134085,-0.23654,-0.11685,0.116177,0.432892,1.05,0.986921,0.569273,0.440786,0.569273,0.617778,0.410866,0.343816,420,144,0.0813302,-1,1,1
h3,303,33,1,123,0.355436,1,526,100,-0.205878,0.083025,-0.247137,0.0322762,0.0669641,1.05,0.829293,0.528121,0.530064,0.618656,0.231505,0.789512,0.761754,420,144,0.0787015,1,1,1
h3,304,33,1,98,1.17741,0,5863,9829,0.0213842,-0.163582,0.182984,0.142954,0.346652,1.05,1.04574,0.469136,0.364883,0.469136,0.518847,0.391771,0.312301,420,144,0.0909384,-1,1,1
h3,305,33,1,265,0.127093,1,9994,9718,0.249982,0.00729179,0.202581,0.180073,0.179234,1.05,1.26966,0.775034,0.652378,0.775034,0.329739,0.830121,0.770512,420,144,0.086493,-1,1,1
h3,306,33,1,215,5.76034,1,507,2089,-0.208806,0.0251598,-0.165228,0.0869255,0.0755915,1.05,0.936019,0.580247,0.546411,0.609053,0.277678,0.803257,0.758534,420,144,0.0774876,-1,1,1
h3,307,33,1,102,0.664823,1,7422,6729,0.135625,0.163994,0.101838,0.087141,0.0840415,1.05,1.25579,0.536351,0.477823,0.554184,0.296507,0.700246,0.64888,420,144,0.0760433,-1,1,1
h3,308,33,1,205,2.30995,1,1025,3269,-0.191102,0.0364304,-0.146689,0.203316,0.172694,1.05,1.2325,0.644719,0.565386,0.651578,0.312805,0.725147,0.679232,420,144,0.142096,-1,1,1
h3,309,33,1,90,4.45967,0,6647,6201,0.0965776,0.20997,0.065834,-0.362587,0.573382,1.05,1.01794,0.486968,0.35631,0.486968,0.739816,0.335001,0.238867,420,144,0.101026,-1,1,1
h3,310,33,1,325,2.08096,1,1245,1910,-0.198516,0.195166,-0.185766,-0.296886,0.492372,1.05,1.1686,0.758573,0.543096,0.758573,0.702608,0.589067,0.497698,420,144,0.101132,1,1,1
h3,311,33,1,293,5.33019,1,2257,9216,-0.169982,0.165693,0.173269,0.199793,0.345139,1.05,1.00505,0.465021,0.358596,0.465021,0.488412,0.435576,0.352424,420,144,0.105794,-1,1,1
h3,312,33,1,282,0.132258,0,5785,5119,0.00997925,-0.334198,-0.0622883,-0.274649,0.0937832,1.05,1.27951,0.515775,0.47005,0.534979,0.288038,0.791854,0.747979,420,144,0.0727764,1,1,1
h3,313,33,1,228,5.72354,0,2593,2036,-0.166303,0.0278931,-0.175181,0.024332,0.0098867,1.05,0.991783,0.584362,0.486054,0.587106,0.319275,0.723439,0.696055,420,144,0.117615,1,1,1
h3,314,33,1,27,4.73799,0,8788,4268,0.173526,-0.130814,-0.123601,-0.132799,0.297261,1.05,1.10921,0.620027,0.488226,0.62963,0.459913,0.556486,0.477872,420,144,0.0772274,-1,1,1
h3,315,33,1,21,2.76726,1,3593,10638,-0.145467,0.131235,0.237953,0.0884991,0.386186,1.05,1.05899,0.81893,0.58722,0.81893,0.556917,0.578716,0.502978,420,144,0.0966657,1,1,1
h3,316,33,1,283,4.8088,1,8530,1239,0.1571,0.124062,-0.191455,0.140488,0.349147,1.05,0.929792,0.392318,0.309556,0.392318,0.543743,0.324309,0.256499,420,144,0.0956666,-1,1,1
h3,317,33,1,340,2.98232,0,3313,9820,-0.153529,0.0467224,0.199665,-0.229595,0.448497,1.05,1.04979,0.643347,0.496456,0.643347,0.614386,0.538895,0.485182,420,144,0.0872565,-1,1,1
h3,318,33,1,224,3.29398,0,5733,4604,0.00316334,-0.348492,-0.099781,0.173485,0.532117,1.05,1.02316,0.507545,0.369342,0.507545,0.687992,0.367108,0.293607,420,144,0.106466,1,1,1
h3,319,33,1,167,0.233677,0,8147,9845,0.163493,0.0996017,0.206416,0.192741,0.102556,1.05,1.14962,0.624143,0.517604,0.639232,0.377577,0.696163,0.658887,420,144,0.0742651,1,1,1
h3,320,33,1,286,3.40898,1,5732,4406,0.00300121,-0.348114,-0.117649,-0.215712,0.179251,1.05,0.964958,0.592593,0.51246,0.592593,0.353266,0.767525,0.680856,420,126,0.0954192,-1,1,1
h3,321,33,1,167,1.12005,1,8147,10624,0.163493,0.0996017,0.236548,0.145372,0.0875316,1.05,0.849355,0.540466,0.509945,0.595336,0.25305,0.703884,0.672376,420,126,0.0912938,-1,1,1
h3,322,33,1,241,0.955221,0,3662,8913,-0.153176,-0.152557,0.172537,0.085516,0.403445,1.05,1.02459,0.626886,0.491884,0.626886,0.587403,0.53421,0.466694,420,126,0.078699,1,1,1
h3,323,33,1,112,5.17178,1,8840,3859,0.170516,-0.217371,-0.14023,0.10676,0.449892,1.05,1.05875,0.665295,0.50743,0.676269,0.582828,0.584143,0.504209,420,126,0.0767502,-1,1,1
h3,324,33,1,98,2.31451,1,5863,8719,0.0213842,-0.163582,0.169075,-0.130342,0.151678,1.05,1.10876,0.604938,0.507773,0.60631,0.400533,0.708595,0.646767,420,126,0.0731293,-1,1,1
h3,325,33,1,168,1.66346,0,4388,876,-0.122502,-0.251415,-0.194715,0.0391617,0.299799,1.05,0.981121,0.59808,0.470393,0.63786,0.500613,0.503318,0.436848,420,126,0.103771,-1,1,1
h3,326,33,1,343,5.23116,1,7016,10994,0.120867,-0.0550613,0.286387,0.101534,0.227998,1.05,1.18924,0.48011,0.399863,0.486968,0.407058,0.474884,0.413235,420,126,0.0990099,-1,1,1
h3,327,33,1,296,4.51566,1,4264,4955,-0.122021,0.0299015,-0.074049,0.161732,0.141331,1.05,1.08452,0.55144,0.489369,0.55144,0.327082,0.634281,0.574356,420,126,0.103026,1,1,1
h3,328,33,1,337,1.35648,1,3682,9955,-0.145157,-0.120501,0.202555,-0.118229,0.347749,1.05,1.06713,0.588477,0.48914,0.602195,0.45229,0.482033,0.440321,420,126,0.0755586,-1,1,1
h3,329,33,1,65,3.14687,0,8697,9919,0.212385,0.0523567,0.202642,-0.111191,0.164309,1.05,0.869495,0.624143,0.578418,0.631001,0.312442,0.793806,0.7229,420,126,0.087645,1,1,1
h3,330,33,1,90,1.45784,0,6647,8111,0.0965776,0.20997,0.158862,-0.174511,0.389494,1.05,1.14991,0.713306,0.520119,0.713306,0.532928,0.551559,0.482061,420,126,0.0998543,-1,1,1
h3,331,33,1,224,0.748038,0,5733,1631,0.00316334,-0.348492,-0.186049,0.0731068,0.462111,1.05,1.06912,0.415638,0.335505,0.415638,0.601061,0.309399,0.258576,420,126,0.0847397,1,1,1
h3,332,33,1,178,4.64175,1,8607,7559,0.16803,-0.150829,0.138863,-0.0544529,0.101149,1.05,1.21861,0.578875,0.551097,0.607682,0.306695,0.842125,0.785559,420,126,0.0708636,1,1,1
h3,333,33,1,92,2.4464,0,9933,8375,0.182489,0.200369,0.165483,0.0779018,0.123642,1.05,1.17628,0.481481,0.4393,0.489712,0.36704,0.720752,0.665261,420,126,0.078652,1,1,1
h3,334,33,1,62,2.97606,0,2669,7095,-0.149135,0.074728,0.131256,0.180853,0.299856,1.05,1.0327,0.727023,0.527321,0.729767,0.448017,0.581034,0.499438,420,126,0.0837357,-1,1,1
h3,335,33,1,222,1.74888,1,3934,6320,-0.149994,-0.295912,0.0704012,0.151539,0.498793,1.05,1.05069,0.643347,0.476566,0.643347,0.616475,0.448993,0.375203,420,126,0.0781648,1,1,1
h3,336,33,1,46,1.69362,1,9358,1983,0.231081,0.0915756,-0.171077,0.0555,0.404319,1.05,1.11403,0.48834,0.405921,0.507545,0.58991,0.443617,0.382601,420,126,0.10338,-1,1,1
h3,337,33,1,201,2.03683,0,7662,4821,0.141445,0.0548306,-0.0945969,-0.21106,0.355547,1.05,0.994895,0.460905,0.362712,0.460905,0.551966,0.438233,0.363364,420,126,0.0891319,-1,1,1
h3,338,33,1,203,0.0922306,0,626,6099,-0.213025,0.142426,0.0549202,-0.363291,0.572333,1.05,0.98328,0.737997,0.541495,0.737997,0.713538,0.479597,0.411953,420,126,0.126503,-1,1,1
h3,339,33,1,84,1.3685,0,6511,6096,0.0874529,0.250929,0.0481205,0.121363,0.135681,1.05,1.3186,0.400549,0.414266,0.454047,0.268374,0.668405,0.605491,420,126,0.0755201,1,1,1
h3,340,33,1,286,4.42363,0,5732,7538,0.00300121,-0.348114,0.14142,-0.174839,0.221776,1.05,1.01419,0.558299,0.478052,0.558299,0.391798,0.696871,0.614192,420,126,0.157529,-1,1,1
h3,341,33,1,55,4.32819,0,10391,4918,0.232349,0.168518,-0.0764675,-0.030283,0.367467,1.05,1.13276,0.45679,0.394033,0.458162,0.559194,0.503244,0.418547,420,126,0.0836643,-1,1,1
h3,342,33,1,270,0.618033,0,7665,3625,0.148676,-0.0868168,-0.152647,-0.173294,0.313779,1.05,1.05783,0.576132,0.480567,0.580247,0.454333,0.551966,0.478418,420,126,0.0776456,-1,1,1
h3,343,33,1,117,0.298305,0,609,10817,-0.202197,0.0623493,0.263662,0.0320587,0.466843,1.05,1.07743,0.849108,0.60631,0.849108,0.628925,0.618695,0.575699,420,126,0.0957756,1,1,1
h3,344,33,1,345,3.04845,1,9708,3430,0.179283,0.202862,-0.146662,0.103855,0.341351,1.05,0.931541,0.652949,0.48594,0.652949,0.484561,0.550683,0.476542,420,126,0.0928117,1,1,1
h3,345,33,1,26,4.35523,1,6899,2671,0.113692,-0.10355,-0.156877,0.205509,0.410805,1.05,1.12669,0.716049,0.501943,0.716049,0.601897,0.490518,0.406825,420,126,0.0829001,-1,1,1
h3,346,33,1,103,5.34073,1,7750,6115,0.152753,-0.326408,0.0516014,-0.149088,0.204291,1.05,1.01951,0.443073,0.505716,0.562414,0.33486,0.812537,0.743456,420,126,0.0770154,-1,1,1
h3,347,33,1,60,4.56768,1,3920,3695,-0.146854,-0.234568,-0.145159,0.0783653,0.31343,1.05,1.07812,0.676269,0.526063,0.680384,0.537708,0.6099,0.53113,420,126,0.088728,-1,1,1
h3,348,33,1,121,6.27597,1,7976,9910,0.148635,0.0479393,0.208226,0.19376,0.157641,1.05,1.00936,0.550069,0.483653,0.572016,0.341143,0.632854,0.587145,420,126,0.0896998,1,1,1
h3,349,33,1,70,4.20875,1,961,271,-0.20969,0.166059,-0.238665,0.0906906,0.0809114,1.05,1.29887,0.526749,0.501257,0.534979,0.218956,0.821546,0.782303,420,126,0.0799811,1,1,1
h3,350,33,1,139,2.04197,0,2677,5875,-0.163339,0.103594,0.0251818,0.0592995,0.19466,1.05,1.09463,0.427984,0.404092,0.469136,0.433442,0.527601,0.450857,420,126,0.088719,1,1,1
h3,351,33,1,228,5.60356,1,2593,1233,-0.166303,0.0278931,-0.202301,-0.309177,0.339113,1.05,1.0907,0.898491,0.67364,0.898491,0.528525,0.735979,0.658655,420,126,0.103595,-1,1,1
h3,352,33,1,312,6.22996,0,2296,9495,-0.169459,0.173473,0.193376,0.0141258,0.396296,1.05,0.968476,0.596708,0.454847,0.596708,0.577703,0.502881,0.442855,420,126,0.11619,-1,1,1
h3,353,33,1,155,4.62298,0,64,2599,-0.234214,0.0388947,-0.159053,0.05616,0.0850407,1.05,1.62639,0.482853,0.521948,0.565158,0.218185,0.836407,0.79295,420,126,0.0791577,-1,1,1
h3,354,33,1,271,5.09162,0,9670,1100,0.226532,0.108078,-0.193934,0.137369,0.421498,1.05,1.04724,0.864198,0.620485,0.871056,0.599098,0.574833,0.507892,420,126,0.0973241,-1,1,1
h3,355,33,1,191,1.13602,0,7105,4395,0.131029,-0.212738,-0.121514,-0.341957,0.284606,1.05,1.14174,0.780521,0.610654,0.817558,0.446421,0.751056,0.678387,420,126,0.0801893,-1,1,1
h3,356,33,1,296,0.41063,1,4264,1381,-0.122021,0.0299015,-0.195858,-0.321445,0.35953,1.05,1.00605,0.838134,0.603909,0.838134,0.583713,0.677299,0.593539,420,126,0.101017,-1,1,1
h3,357,33,1,32,1.30167,0,7744,9821,0.145741,-0.00799942,0.217689,0.140812,0.165291,1.05,1.15211,0.657064,0.554755,0.657064,0.38149,0.64835,0.589454,420,126,0.0903741,-1,1,1
h3,358,33,1,252,4.56252,1,3134,1783,-0.141421,-0.0164928,-0.188963,-0.065918,0.0686793,1.05,0.581245,0.632373,0.516575,0.632373,0.36048,0.717343,0.681523,420,126,0.0958301,-1,1,1
h3,359,33,1,180,4.2144,1,10765,10947,0.25294,0.143925,0.268765,0.120852,0.0294971,1.05,0.989009,0.559671,0.521262,0.559671,0.250267,0.887041,0.856471,420,126,0.0834094,1,1,1
h3,360,33,1,313,4.84747,0,5217,8492,-0.055892,-0.298761,0.173511,-0.353868,0.235929,1.05,1.08891,0.803841,0.639003,0.831276,0.390412,0.76645,0.699332,420,126,0.101202,-1,1,1
h3,361,33,1,235,3.01906,0,2606,8222,-0.156998,0.191967,0.160284,-0.0861034,0.421956,1.05,0.943272,0.702332,0.511203,0.717421,0.567019,0.530822,0.467002,420,126,0.0863464,1,1,1
h3,362,33,1,136,1.88329,0,92,9160,-0.244274,0.0134163,0.229174,0.0165176,0.473552,1.05,1.15056,0.788752,0.581161,0.803841,0.581201,0.595332,0.539233,420,126,0.0806818,1,1,1
h3,363,33,1,132,0.316413,0,6771,9877,0.110182,-0.34227,0.208653,-0.348755,0.0986852,1.05,1.11926,0.493827,0.500343,0.54321,0.245486,0.920542,0.902915,420,126,0.0713776,1,1,1
h3,364,33,1,66,2.29138,0,10754,7123,0.230483,0.193855,0.117966,0.0336704,0.195817,1.05,1.23506,0.680384,0.55487,0.683128,0.379892,0.742618,0.68684,420,126,0.111585,-1,1,1
h3,365,33,1,242,2.15805,0,8888,5450,0.194887,0.111317,-0.0221786,0.166035,0.224029,1.05,1.15543,0.378601,0.393233,0.410151,0.402359,0.539243,0.474766,420,126,0.0946462,-1,1,1
h3,366,33,1,244,3.85414,1,4636,9009,-0.119851,-0.342896,0.158981,0.0925961,0.517478,1.05,1.09896,0.855967,0.597394,0.855967,0.727699,0.650012,0.568421,420,126,0.0763168,-1,1,1
h3,367,33,1,54,5.60906,0,9937,2747,0.186617,0.221191,-0.164841,0.0295849,0.400505,1.05,1.00558,0.890261,0.643461,0.890261,0.524193,0.661629,0.608115,420,126,0.078142,1,1,1
h3,368,33,1,0,1.77617,1,8010,7341,0.152772,0.107101,0.127085,0.0391922,0.0731543,1.05,0.954117,0.506173,0.47508,0.554184,0.343917,0.689155,0.642487,420,126,0.0840419,-1,1,1
h3,369,33,1,36,5.43597,1,4675,5046,-0.0965948,0.0406284,-0.0664892,0.0111599,0.0436467,1.05,0.734742,0.536351,0.440101,0.541838,0.331344,0.638254,0.58921,420,126,0.101861,-1,1,1
h3,370,33,1,282,1.42074,0,5785,6277,0.00997925,-0.334198,0.0660267,-0.107271,0.233756,1.05,1.09224,0.622771,0.495999,0.624143,0.416595,0.686075,0.617211,420,126,0.0822245,1,1,1
h3,371,33,1,237,5.72305,1,9929,6503,0.239137,0.124201,0.0940409,-0.216146,0.370275,1.05,1.11513,0.42524,0.393576,0.452675,0.566063,0.489938,0.408066,420,126,0.116391,1,1,1
h3,372,33,1,232,3.35119,1,778,4088,-0.210168,0.0676079,-0.142245,-0.251869,0.326974,1.05,0.989901,0.799726,0.652606,0.817558,0.468874,0.754146,0.688251,420,126,0.109098,-1,1,1
h3,373,33,1,340,4.92022,1,3313,4482,-0.153529,0.0467224,-0.108584,0.139347,0.104141,1.05,1.18168,0.588477,0.514518,0.588477,0.313171,0.681851,0.619388,420,126,0.0898502,1,1,1
h3,374,33,1,179,3.48793,1,10456,10624,0.236302,-0.0106392,0.236548,0.145372,0.156012,1.05,1.37656,0.891632,0.713649,0.891632,0.363696,0.877676,0.807769,420,126,0.0805993,1,1,1
h3,375,33,1,246,5.42763,0,3742,3302,-0.139676,-0.106091,-0.150798,0.0939732,0.201315,1.05,1.21667,0.646091,0.51749,0.655693,0.417038,0.617253,0.541161,420,126,0.09657,-1,1,1
h3,376,33,1,271,4.04724,1,9670,5119,0.226532,0.108078,-0.0622883,-0.274649,0.479514,1.05,1.07836,0.799726,0.575217,0.799726,0.695261,0.640202,0.554999,420,126,0.0977289,1,1,1
h3,377,33,1,41,5.23436,1,1870,8640,-0.179029,0.0339069,0.190694,-0.346748,0.530654,1.05,1.02378,0.788752,0.568016,0.79561,0.695826,0.634966,0.581006,420,126,0.0846622,1,1,1
h3,378,33,1,146,5.74896,1,4274,3622,-0.129034,-0.234116,-0.139208,0.0958347,0.330472,1.05,1.12983,0.702332,0.53658,0.702332,0.5144,0.611101,0.52218,420,126,0.0929638,-1,1,1
h3,379,33,1,135,1.44566,1,5121,6265,-0.0596809,0.114508,0.0645962,0.127625,0.124967,1.05,1.04497,0.441701,0.373,0.452675,0.302423,0.548776,0.484173,420,126,0.0805635,-1,1,1
h3,380,33,1,318,6.13418,0,4728,4093,-0.0996161,-0.166716,-0.115067,0.0718422,0.239079,1.05,1.1304,0.628258,0.517604,0.66118,0.394718,0.651031,0.580383,420,126,0.104291,-1,1,1
h3,381,33,1,44,5.14053,0,5645,5535,-0.00159264,-0.144009,-0.0111303,0.103165,0.247523,1.05,1.10346,0.526749,0.412094,0.526749,0.42481,0.48228,0.411866,420,126,0.0961934,1,1,1
h3,382,33,1,178,3.01609,0,8607,10385,0.16803,-0.150829,0.22003,0.190163,0.345087,1.05,1.02613,0.684499,0.547554,0.684499,0.536091,0.584386,0.51753,420,126,0.0966422,-1,1,1
h3,383,33,1,127,3.13217,0,2482,4851,-0.163481,-0.00595093,-0.0817661,0.0208912,0.0875892,1.05,1.28684,0.459534,0.490055,0.532236,0.320019,0.706211,0.642614,420,126,0.107266,-1,1,1
h3,384,33,1,206,2.93028,0,8980,921,0.222597,0.070055,-0.202303,0.18161,0.439767,1.05,1.07461,0.879287,0.626315,0.879287,0.563242,0.571208,0.495555,420,128,0.0896426,1,1,1
h3,385,33,1,225,1.74612,0,8041,4895,0.159416,0.08922,-0.0794449,0.160168,0.249229,1.05,1.06401,0.625514,0.482282,0.636488,0.395545,0.517037,0.454821,420,128,0.0829239,1,1,1
h3,386,33,1,232,5.25299,1,778,3179,-0.210168,0.0676079,-0.152159,0.100018,0.0664578,1.05,1.02611,0.569273,0.550412,0.639232,0.247234,0.788334,0.753824,420,128,0.0858089,1,1,1
h3,387,33,1,88,5.01997,1,8379,5007,0.173752,-0.184019,-0.070406,0.235851,0.485724,1.05,1.03524,0.73251,0.54824,0.73251,0.605216,0.479584,0.416703,420,128,0.0826089,1,1,1
h3,388,33,1,180,3.69685,0,10765,2493,0.25294,0.143925,-0.167422,0.170021,0.421221,1.05,1.0014,0.798354,0.58802,0.798354,0.57876,0.574481,0.494944,420,128,0.0872495,1,1,1
h3,389,33,1,60,2.7199,0,3920,8255,-0.146854,-0.234568,0.176341,-0.245905,0.323403,1.05,1.01346,0.876543,0.626886,0.876543,0.522073,0.637342,0.572565,420,128,0.0744409,1,1,1
h3,390,33,1,281,5.17294,1,5959,8338,0.0327625,-0.189171,0.171984,0.00302315,0.237458,1.05,1.1625,0.69273,0.528464,0.69273,0.433846,0.670896,0.578782,420,128,0.0772337,1,1,1
h3,391,33,1,132,5.57903,0,6771,364,0.110182,-0.34227,-0.210181,0.034235,0.494455,1.05,1.00551,0.758573,0.580018,0.758573,0.662862,0.721779,0.65428,420,128,0.0761289,-1,1,1
h3,392,33,1,151,5.29246,1,8681,8576,0.178658,0.0536366,0.210904,0.092823,0.0520248,1.05,0.935333,0.522634,0.486283,0.55144,0.265651,0.746812,0.710224,420,128,0.0969362,-1,1,1
h3,393,33,1,268,6.10517,0,5413,2786,-0.0282841,-0.2064,-0.153831,0.144886,0.373135,1.05,1.08557,0.548697,0.410837,0.548697,0.576322,0.37424,0.287299,420,128,0.0902832,-1,1,1
h3,394,33,1,262,0.852569,0,778,8701,-0.210168,0.0676079,0.212305,0.0456963,0.423051,1.05,1.1762,0.775034,0.562986,0.775034,0.563025,0.538161,0.481131,420,128,0.0897475,-1,1,1
h3,395,33,1,9,2.47567,0,723,5106,-0.198546,0.0423527,-0.0609217,0.0193672,0.139531,1.05,1.20746,0.470508,0.449246,0.507545,0.36331,0.638232,0.571393,420,128,0.0932441,1,1,1
h3,396,33,1,302,2.19345,0,7722,3560,0.144269,0.158251,-0.137887,0.0397587,0.306027,1.05,1.03423,0.524005,0.390832,0.524005,0.51995,0.487374,0.404092,420,128,0.0878947,-1,1,1
h3,397,33,1,282,5.15674,1,5785,8429,0.00997925,-0.334198,0.17727,-0.210648,0.208036,1.05,1.00595,0.683128,0.527321,0.683128,0.439789,0.751673,0.677593,420,128,0.0789865,-1,1,1
h3,398,33,1,9,5.61781,1,723,902,-0.198546,0.0423527,-0.211295,-0.263023,0.305684,1.05,1.05843,0.831276,0.625629,0.836763,0.523273,0.740547,0.665951,420,128,0.116377,1,1,1
h3,399,33,1,18,1.72181,1,3981,1425,-0.140279,-0.029398,-0.185017,0.223431,0.257092,1.05,1.22987,0.847737,0.626658,0.847737,0.480817,0.625939,0.577061,420,128,0.130297,1,1,1
h3,400,33,1,115,4.73044,0,3069,4723,-0.144746,-0.0782356,-0.0892792,-0.00296021,0.0935037,1.05,1.12411,0.495199,0.516461,0.541838,0.314524,0.725666,0.670438,420,128,0.0765854,-1,1,1
h3,401,33,1,120,2.04448,1,6292,4783,0.067399,0.00792694,-0.0904207,-0.00635719,0.158466,1.05,0.852903,0.462277,0.407064,0.475994,0.383111,0.479625,0.405713,420,128,0.0813002,-1,1,1
h3,402,33,1,290,2.0584,0,4930,6729,-0.0825062,-0.343903,0.101838,0.087141,0.468809,1.05,1.12626,0.445816,0.354024,0.445816,0.602249,0.430274,0.349652,420,128,0.0810325,1,1,1
h3,403,33,1,297,1.30174,0,7839,7130,0.148783,-0.0432281,0.123716,0.167749,0.212583,1.05,1.24781,0.703704,0.544124,0.703704,0.413773,0.643669,0.574451,420,128,0.109807,-1,1,1
h3,404,33,1,54,2.6617,0,9937,7082,0.186617,0.221191,0.133607,-0.280071,0.504058,1.05,1.14918,0.451303,0.352195,0.451303,0.682873,0.388114,0.304775,420,128,0.106994,1,1,1
h3,405,33,1,203,1.55833,1,626,4312,-0.213025,0.142426,-0.107114,0.0461349,0.143193,1.05,1.11904,0.548697,0.495085,0.554184,0.319412,0.697972,0.630721,420,128,0.118133,1,1,1
h3,406,33,1,252,5.81241,0,3134,4666,-0.141421,-0.0164928,-0.0947657,0.154764,0.177499,1.05,1.21997,0.635117,0.539781,0.640604,0.388566,0.635237,0.573764,420,128,0.13199,1,1,1
h3,407,33,1,59,0.0759069,0,4286,5272,-0.117836,0.104113,-0.0452032,-0.1485,0.262896,1.05,1.15927,0.72428,0.544925,0.72428,0.521949,0.639171,0.572555,420,128,0.102126,1,1,1
h3,408,33,1,218,1.84072,0,7771,7205,0.14819,0.0978336,0.137781,-0.260096,0.358083,1.05,1.02145,0.743484,0.546982,0.743484,0.578942,0.632713,0.563275,420,128,0.10553,-1,1,1
h3,409,33,1,17,5.02532,0,5499,4469,-0.0198965,-0.340536,-0.126419,-0.358412,0.108012,1.05,1.10626,0.644719,0.529835,0.644719,0.321631,0.854278,0.796944,420,128,0.0708999,1,1,1
h3,410,33,1,341,3.07086,0,4824,3662,-0.0860033,0.255322,-0.153176,-0.152557,0.41341,1.05,1.15638,0.351166,0.293896,0.352538,0.58834,0.41479,0.342064,420,128,0.114397,1,1,1
h3,411,33,1,174,4.37547,1,9442,2259,0.234907,0.055912,-0.171452,0.181919,0.425499,1.05,1.00855,0.862826,0.60471,0.862826,0.551046,0.543129,0.461852,420,128,0.087874,-1,1,1
h3,412,33,1,3,4.61285,0,6806,6737,0.102597,0.0450497,0.108335,-0.322922,0.36807,1.05,1.02202,0.790123,0.566072,0.790123,0.601405,0.628891,0.54818,420,128,0.091809,1,1,1
h3,413,33,1,1,2.57728,1,7699,7592,0.142639,-0.134228,0.143564,0.0886211,0.222855,1.05,1.0232,0.662551,0.528807,0.662551,0.43598,0.651885,0.569578,420,128,0.0892053,1,1,1
h3,414,33,1,57,1.62307,1,4978,604,-0.0723915,-0.0892067,-0.210193,0.0283432,0.181326,1.05,1.31795,0.54321,0.448102,0.54321,0.410078,0.480766,0.439425,420,128,0.0845093,1,1,1
h3,415,33,1,131,0.618587,0,7877,9620,0.149018,0.0928917,0.185215,-0.277584,0.372276,1.05,0.939641,0.710562,0.540123,0.710562,0.561295,0.63525,0.563077,420,128,0.100471,1,1,1
h3,416,33,1,74,4.76345,0,8920,2381,0.171521,-0.18165,-0.166749,0.130875,0.46089,1.05,1.0781,0.622771,0.503429,0.640604,0.616943,0.54285,0.469903,420,128,0.078287,-1,1,1
h3,417,33,1,17,5.63861,1,5499,3343,-0.0198965,-0.340536,-0.144718,0.066824,0.426055,1.05,1.0694,0.506173,0.394719,0.506173,0.588331,0.431279,0.346035,420,128,0.0868188,-1,1,1
h3,418,33,1,304,3.84038,1,7146,10137,0.125883,0.00458527,0.21325,-0.329809,0.345669,1.05,0.938021,0.820302,0.625171,0.828532,0.516972,0.708512,0.638173,420,128,0.0934242,-1,1,1
h3,419,33,1,28,1.15257,1,10375,1737,0.236131,0.100567,-0.190531,0.161825,0.431359,1.05,0.993217,0.864198,0.611225,0.864198,0.563514,0.552054,0.472942,420,128,0.0975848,-1,1,1
h3,420,33,1,93,2.08643,1,5274,2838,-0.0442982,0.168304,-0.158199,0.116714,0.125456,1.05,0.951385,0.386831,0.331161,0.39369,0.304648,0.49897,0.42595,420,128,0.0960456,-1,1,1
h3,421,33,1,310,0.438039,1,5736,7583,0.0105352,0.153805,0.139944,0.0562592,0.16213,1.05,1.03085,0.443073,0.419639,0.449931,0.311061,0.529279,0.427419,420,128,0.0889908,1,1,1
h3,422,33,1,279,4.67008,0,3422,5163,-0.153614,-0.0240116,-0.0556755,0.208813,0.252646,1.05,1.18078,0.718793,0.561043,0.718793,0.462492,0.598195,0.541854,420,128,0.129631,1,1,1
h3,423,33,1,212,2.17766,1,1917,4626,-0.185428,-0.0455341,-0.111311,-0.344931,0.308469,1.05,0.91441,0.570645,0.464449,0.577503,0.474574,0.625352,0.565498,420,128,0.0991189,1,1,1
h3,424,33,1,70,1.60388,1,961,2045,-0.20969,0.166059,-0.188311,-0.332472,0.499286,1.05,1.16064,0.672154,0.5,0.672154,0.694346,0.55343,0.461894,420,128,0.0949204,-1,1,1
h3,425,33,1,76,3.6945,0,3124,8698,-0.146205,0.0993652,0.207031,0.0584259,0.355628,1.05,1.00629,0.750343,0.536351,0.750343,0.540661,0.507933,0.453388,420,128,0.0939263,-1,1,1
h3,426,33,1,102,5.22947,1,7422,3733,0.135625,0.163994,-0.137408,0.0614014,0.292514,1.05,0.950076,0.460905,0.407979,0.466392,0.443294,0.491976,0.429229,420,128,0.0911927,-1,1,1
h3,427,33,1,38,6.25172,0,1188,6786,-0.203801,0.17565,0.111097,-0.223413,0.508644,1.05,1.07197,0.680384,0.512803,0.681756,0.672871,0.540183,0.447138,420,128,0.0851877,-1,1,1
h3,428,33,1,222,3.84842,1,3934,3707,-0.149994,-0.295912,-0.146084,-0.0539589,0.242482,1.05,0.946454,0.591221,0.533036,0.613169,0.40211,0.811709,0.736949,420,128,0.0799855,-1,1,1
h3,429,33,1,202,3.79451,0,144,8702,-0.231728,0.0513172,0.212609,0.0324211,0.444769,1.05,1.18347,0.759945,0.566415,0.759945,0.55142,0.567553,0.505147,420,128,0.087869,-1,1,1
h3,430,33,1,26,4.23099,1,6899,7624,0.113692,-0.10355,0.145901,0.0646172,0.171294,1.05,1.22421,0.658436,0.51989,0.676269,0.384283,0.632842,0.551238,420,128,0.0951862,-1,1,1
h3,431,33,1,283,3.36161,0,8530,606,0.1571,0.124062,-0.20119,0.0386162,0.368532,1.05,1.0085,0.744856,0.549611,0.744856,0.543958,0.580092,0.51167,420,128,0.093278,1,1,1
h3,432,33,1,200,5.15225,0,7430,9610,0.141516,0.185507,0.22443,0.149042,0.090843,1.05,0.962755,0.58299,0.511317,0.58299,0.350101,0.744765,0.693919,420,128,0.0756319,1,1,1
h3,433,33,1,146,4.77094,1,4274,4009,-0.129034,-0.234116,-0.126983,-0.0215206,0.212715,1.05,0.969328,0.587106,0.54561,0.591221,0.403841,0.764698,0.692551,420,128,0.0903833,-1,1,1
h3,434,33,1,342,4.80372,0,126,1083,-0.220748,-0.00660706,-0.191511,0.0769157,0.0884921,1.05,0.829865,0.679012,0.602195,0.679012,0.285217,0.856455,0.790343,420,128,0.0738813,1,1,1
h3,435,33,1,286,1.73411,0,5732,6495,0.00300121,-0.348114,0.0840006,0.00489426,0.362307,1.05,1.11972,0.395062,0.361683,0.429355,0.480898,0.513481,0.439375,420,128,0.0954688,-1,1,1
h3,436,33,1,262,5.93195,1,778,4804,-0.210168,0.0676079,-0.0947647,-0.193493,0.285591,1.05,0.98127,0.828532,0.641861,0.854595,0.479484,0.744937,0.677245,420,128,0.101921,-1,1,1
h3,437,33,1,181,5.98963,1,5016,2838,-0.0794039,-0.346125,-0.158199,0.116714,0.469594,1.05,1.09041,0.581619,0.427069,0.581619,0.63668,0.449794,0.352582,420,128,0.0875908,1,1,1
h3,438,33,1,235,3.17339,0,2606,831,-0.156998,0.191967,-0.203442,0.0851116,0.116914,1.05,1.41544,0.609053,0.535894,0.617284,0.284699,0.745764,0.682705,420,128,0.0731858,-1,1,1
h3,439,33,1,105,2.1731,1,6653,10827,0.101091,-0.290726,0.240498,0.185394,0.496206,1.05,0.988826,0.412894,0.350137,0.412894,0.656587,0.429987,0.369576,420,128,0.09815,-1,1,1
h3,440,33,1,135,0.841846,1,5121,6402,-0.0596809,0.114508,0.0826139,-0.300922,0.439209,1.05,1.11308,0.688615,0.504687,0.688615,0.599323,0.537766,0.456441,420,128,0.0808147,-1,1,1
h3,441,33,1,238,5.53574,1,10380,5966,0.195278,0.111032,0.0323677,-0.319521,0.460418,1.05,1.08786,0.407407,0.342021,0.407407,0.678513,0.374125,0.286185,420,128,0.108644,1,1,1
h3,442,33,1,176,3.29123,1,778,10374,-0.210168,0.0676079,0.236877,0.0488949,0.447522,1.05,1.05961,0.816187,0.600709,0.816187,0.608889,0.620911,0.564513,420,128,0.0866347,1,1,1
h3,443,33,1,337,1.23524,1,3682,10988,-0.145157,-0.120501,0.283274,0.0951786,0.479656,1.05,1.12888,0.615912,0.468107,0.626886,0.62322,0.515799,0.451528,420,128,0.0813861,1,1,1
h3,444,33,1,12,6.03452,1,5868,9163,0.0214272,-0.215807,0.179569,0.0560818,0.314535,1.05,1.08876,0.776406,0.592021,0.776406,0.504326,0.715467,0.646843,420,128,0.0762051,1,1,1
h3,445,33,1,347,5.26948,0,505,10043,-0.220177,0.104008,0.18491,0.197908,0.416087,1.05,1.08426,0.932785,0.650434,0.932785,0.613972,0.581177,0.501936,420,128,0.100422,-1,1,1
h3,446,33,1,11,5.16349,0,2006,8634,-0.173589,-0.0157204,0.20686,0.0232201,0.382482,1.05,1.10988,0.624143,0.481824,0.624143,0.513971,0.536451,0.47322,420,128,0.101491,-1,1,1
h3,447,33,1,350,4.72756,0,7312,4541,0.13179,-0.0699139,-0.119907,-0.34063,0.370004,1.05,1.00471,0.865569,0.625629,0.865569,0.553049,0.69768,0.621577,420,128,0.0816023,1,1,1
h3,448,33,1,290,5.30142,1,4930,1678,-0.0825062,-0.343903,-0.175043,0.228741,0.580072,1.05,1.08267,0.934156,0.643461,0.934156,0.731669,0.565382,0.49797,420,130,0.0817929,-1,1,1
h3,449,33,1,184,4.32306,0,6043,4806,0.0484953,-0.316484,-0.104694,-0.326605,0.153556,1.05,0.963043,0.641975,0.539209,0.687243,0.343631,0.790466,0.717594,420,130,0.0739767,1,1,1
h3,450,33,1,82,2.18685,1,9822,9555,0.20051,-0.0951767,0.21376,0.162025,0.257553,1.05,0.961574,0.651578,0.575103,0.66118,0.418609,0.679537,0.622603,420,130,0.0925659,1,1,1
h3,451,33,1,25,1.92124,1,2870,4213,-0.167792,-0.278759,-0.138339,-0.327688,0.0573613,1.05,1.03311,0.57476,0.554527,0.61454,0.240771,0.974847,0.932093,420,130,0.06822,-1,1,1
h3,452,33,1,216,4.9405,0,4376,3752,-0.114228,0.055378,-0.131381,0.0538826,0.0175331,1.05,0.919007,0.51989,0.451075,0.532236,0.300859,0.663096,0.630119,420,130,0.0913321,-1,1,1
h3,453,33,1,251,0.129857,0,4139,7155,-0.13478,-0.061245,0.118459,0.0805721,0.291317,1.05,1.04382,0.552812,0.446388,0.552812,0.468264,0.425066,0.347951,420,130,0.0810226,1,1,1
h3,454,33,1,274,6.02145,1,9173,8387,0.184944,-0.0504227,0.167307,0.0638275,0.115618,1.05,0.872074,0.545953,0.518176,0.593964,0.279366,0.798302,0.724116,420,130,0.0796893,-1,1,1
h3,455,33,1,308,1.43984,0,3394,1233,-0.136115,-0.0248127,-0.202301,-0.309177,0.291966,1.05,1.16696,0.77915,0.598423,0.784636,0.467561,0.738154,0.663563,420,130,0.106097,-1,1,1
h3,456,33,1,98,3.08418,1,5863,2614,0.0213842,-0.163582,-0.151617,0.0417194,0.26848,1.05,1.08685,0.503429,0.403292,0.507545,0.405602,0.497426,0.421855,420,130,0.0867737,1,1,1
h3,457,33,1,306,5.16128,1,4455,8882,-0.108157,0.0669174,0.175658,-0.313967,0.475516,1.05,1.06989,0.672154,0.479652,0.672154,0.651537,0.574875,0.511203,420,130,0.091402,-1,1,1
h3,458,33,1,294,1.32949,0,3182,5950,-0.137576,0.036953,0.0327387,-0.0491409,0.190873,1.05,1.09364,0.503429,0.426612,0.518519,0.392993,0.584694,0.510889,420,130,0.0858307,-1,1,1
h3,459,33,1,234,1.36745,0,5227,640,-0.0564718,-0.364157,-0.223618,-0.345329,0.168256,1.05,1.31048,0.766804,0.600823,0.766804,0.323792,0.897511,0.840502,420,130,0.0739819,1,1,1
h3,460,33,1,133,0.65589,0,4070,4950,-0.125822,-0.0345516,-0.0842142,-0.29974,0.268546,1.05,1.10239,0.79561,0.603109,0.79561,0.471424,0.742242,0.667818,420,130,0.102068,-1,1,1
h3,461,33,1,310,0.561462,1,5736,2215,0.0105352,0.153805,-0.167884,0.00129128,0.235088,1.05,1.01304,0.430727,0.344193,0.430727,0.375924,0.406147,0.323458,420,130,0.0999879,-1,1,1
h3,462,33,1,76,5.67716,0,3124,8808,-0.146205,0.0993652,0.166485,0.219278,0.335325,1.05,1.15512,0.44856,0.350823,0.44856,0.463176,0.420554,0.338544,420,130,0.0918153,1,1,1
h3,463,33,1,82,1.42998,0,9822,2747,0.20051,-0.0951767,-0.164841,0.0295849,0.386214,1.05,1.16043,0.563786,0.493141,0.591221,0.531875,0.595606,0.554285,420,130,0.0757731,-1,1,1
h3,464,33,1,26,4.21534,1,6899,245,0.113692,-0.10355,-0.214717,0.0142765,0.348956,1.05,1.02956,0.517147,0.426383,0.529492,0.507996,0.494882,0.435812,420,130,0.0839686,1,1,1
h3,465,33,1,96,1.63799,1,5101,4854,-0.0663376,-0.271591,-0.0823498,0.241617,0.513535,1.05,1.10792,0.529492,0.384316,0.532236,0.689527,0.423571,0.356524,420,130,0.0863117,-1,1,1
h3,466,33,1,338,4.44669,1,8247,2417,0.165416,-0.127026,-0.162088,0.104301,0.401057,1.05,1.07494,0.650206,0.487083,0.650206,0.572602,0.507471,0.426183,420,130,0.079668,-1,1,1
h3,467,33,1,150,5.2898,1,7371,7157,0.134701,0.0694561,0.129251,-0.0865135,0.15613,1.05,1.12247,0.62963,0.514861,0.62963,0.370147,0.685491,0.618178,420,130,0.0892276,1,1,1
h3,468,33,1,86,2.34503,0,3744,4434,-0.1488,0.0601883,-0.114206,-0.0753536,0.142724,1.05,1.01138,0.477366,0.462734,0.510288,0.412318,0.65914,0.597103,420,130,0.0996208,-1,1,1
h3,469,33,1,33,3.87384,0,5177,6086,-0.0551548,0.00205994,0.048317,0.18614,0.211168,1.05,1.10386,0.572016,0.429813,0.572016,0.403527,0.506574,0.441402,420,130,0.0933805,-1,1,1
h3,470,33,1,3,1.66553,0,6806,4267,0.102597,0.0450497,-0.12001,0.0898285,0.227109,1.05,0.982299,0.452675,0.366598,0.452675,0.455331,0.41692,0.332779,420,130,0.0826589,-1,1,1
h3,471,33,1,228,4.9445,1,2593,2506,-0.166303,0.0278931,-0.157546,0.166134,0.138826,1.05,1.18344,0.567901,0.497257,0.592593,0.298374,0.700277,0.63986,420,130,0.166406,1,1,1
h3,472,33,1,289,3.62018,1,10063,7663,0.257437,0.0108929,0.140219,-0.106115,0.165623,1.05,1.01054,0.506173,0.516118,0.581619,0.348569,0.804366,0.736156,420,130,0.094451,-1,1,1
h3,473,33,1,138,3.61909,1,830,195,-0.200576,0.145721,-0.21533,-0.0187168,0.165099,1.05,1.25596,0.70096,0.559214,0.70096,0.338702,0.743045,0.69943,420,130,0.132709,-1,1,1
h3,474,33,1,273,5.22326,1,108,1682,-0.227655,-0.00109291,-0.177984,0.123325,0.134025,1.05,1.30229,0.716049,0.630087,0.716049,0.301964,0.829583,0.768385,420,130,0.069867,-1,1,1
h3,475,33,1,159,1.87659,1,10342,6723,0.201586,0.0346508,0.114249,-0.35519,0.399504,1.05,1.0094,0.578875,0.487883,0.578875,0.50103,0.586101,0.521865,420,130,0.095994,1,1,1
h3,476,33,1,348,0.128405,1,4881,8577,-0.0816669,0.0519009,0.169624,0.0780125,0.252665,1.05,0.862682,0.432099,0.341792,0.43347,0.432847,0.417719,0.352015,420,130,0.0895934,-1,1,1
h3,477,33,1,284,0.0532619,1,5764,7477,0.0115757,-0.27326,0.136172,-0.0166168,0.285408,1.05,1.05996,0.521262,0.417124,0.521262,0.445531,0.540442,0.449052,420,130,0.0825261,1,1,1
h3,478,33,1,302,0.00715395,1,7722,4006,0.144269,0.158251,-0.134207,-0.130051,0.401001,1.05,0.925012,0.640604,0.480796,0.647462,0.559915,0.47382,0.400698,420,130,0.0896341,-1,1,1
h3,479,33,1,112,2.32296,1,8840,3324,0.170516,-0.217371,-0.161268,-0.344154,0.355298,1.05,1.02937,0.982167,0.695702,0.982167,0.535179,0.740668,0.671775,420,130,0.0765184,1,1,1
h3,480,33,1,248,3.95083,0,7771,5628,0.14819,0.0978336,-0.000608444,0.192053,0.17612,1.05,1.12007,0.651578,0.495999,0.651578,0.357444,0.649101,0.5736,420,130,0.0855895,1,1,1
h3,481,33,1,143,0.998089,0,4100,2014,-0.14067,-0.164242,-0.169499,0.188206,0.353661,1.05,1.08373,0.572016,0.451075,0.585734,0.547144,0.635551,0.563493,420,130,0.0984848,-1,1,1
h3,482,33,1,324,4.77767,1,4921,7468,-0.0815163,-0.194134,0.150676,-0.340082,0.274278,1.05,1.07381,0.717421,0.562757,0.73251,0.415785,0.70741,0.634477,420,130,0.0766418,1,1,1
h3,483,33,1,282,5.0593,0,5785,2841,0.00997925,-0.334198,-0.147948,0.12875,0.490182,1.05,1.06099,0.518519,0.376772,0.51989,0.659694,0.358241,0.259327,420,130,0.0850283,1,1,1
h3,484,33,1,24,3.72879,1,2921,3319,-0.173109,-0.296366,-0.14101,0.123569,0.422535,1.05,0.982828,0.54321,0.429927,0.54321,0.593626,0.650866,0.569878,420,130,0.101514,-1,1,1
h3,485,33,1,18,2.1698,0,3981,4243,-0.140279,-0.029398,-0.127738,-0.0359325,0.0145071,1.05,0.986577,0.458162,0.454504,0.471879,0.230669,0.718521,0.683623,420,130,0.101996,-1,1,1
h3,486,33,1,217,2.84478,0,3432,1143,-0.147217,-0.0171223,-0.200911,-0.329418,0.316976,1.05,0.996714,0.813443,0.605967,0.813443,0.537222,0.696861,0.628715,420,130,0.111285,-1,1,1
h3,487,33,1,51,5.79081,0,7553,8886,0.139863,0.0657787,0.206182,0.155495,0.111793,1.05,1.37243,0.528121,0.489826,0.563786,0.380939,0.687234,0.618047,420,130,0.0755511,-1,1,1
h3,488,33,1,49,2.84426,0,7102,1473,0.123331,0.0460663,-0.180665,0.202913,0.342879,1.05,0.938448,0.558299,0.425697,0.558299,0.495765,0.412847,0.34292,420,130,0.0873971,-1,1,1
h3,489,33,1,18,2.10713,1,3981,859,-0.140279,-0.029398,-0.199594,0.146517,0.187074,1.05,1.13247,0.679012,0.5623,0.684499,0.40161,0.64489,0.585909,420,130,0.122408,1,1,1
h3,490,33,1,351,2.86827,1,7516,6142,0.137561,0.0491657,0.0533257,0.11183,0.105136,1.05,1.01321,0.408779,0.408436,0.421125,0.2456,0.634641,0.567319,420,130,0.0784765,-1,1,1
h3,491,33,1,262,6.18723,0,778,681,-0.210168,0.0676079,-0.207471,0.093586,0.0275648,1.05,1.00509,0.532236,0.502172,0.537723,0.226039,0.795361,0.760707,420,130,0.0884699,-1,1,1
h3,492,33,1,19,2.38424,0,4470,4322,-0.109062,0.186951,-0.125715,-0.260897,0.448226,1.05,1.10599,0.595336,0.438729,0.595336,0.621866,0.448976,0.364531,420,130,0.111315,1,1,1
h3,493,33,1,285,5.33137,1,3880,7430,-0.129134,0.0450554,0.141516,0.185507,0.304969,1.05,0.999185,0.592593,0.439072,0.595336,0.474371,0.475197,0.390481,420,130,0.084225,-1,1,1
h3,494,33,1,101,5.66568,0,7045,4244,0.118739,0.047718,-0.110257,0.0335579,0.229465,1.05,0.969549,0.51989,0.412323,0.524005,0.406417,0.422517,0.346505,420,130,0.0871279,1,1,1
h3,495,33,1,74,3.54506,0,8920,222,0.171521,-0.18165,-0.228461,0.0482254,0.46154,1.05,1.0542,0.581619,0.456562,0.592593,0.609015,0.539038,0.485776,420,130,0.0752228,1,1,1
h3,496,33,1,45,0.989774,1,10394,2816,0.232562,0.167913,-0.159879,0.127579,0.3946,1.05,1.09427,0.485597,0.396433,0.492455,0.609443,0.378775,0.303205,420,130,0.0898411,1,1,1
h3,497,33,1,310,0.39867,1,5736,10523,0.0105352,0.153805,0.2339,0.0453854,0.248287,1.05,1.00709,0.470508,0.3754,0.474623,0.395521,0.471914,0.409516,420,130,0.0799058,1,1,1
h3,498,33,1,76,1.60886,1,3124,5889,-0.146205,0.0993652,0.0310135,-0.364035,0.496421,1.05,0.954619,0.626886,0.466392,0.628258,0.652161,0.416288,0.345544,420,130,0.0974878,1,1,1
h3,499,33,1,157,4.73682,1,3355,5302,-0.15814,0.0335846,-0.0413637,0.127893,0.150656,1.05,1.19495,0.477366,0.453704,0.485597,0.380972,0.611744,0.54518,420,130,0.0942936,-1,1,1
h3,500,33,1,254,2.77512,1,8645,10682,0.203193,0.020977,0.244351,0.109837,0.0984139,1.05,1.3749,0.736626,0.599451,0.736626,0.385404,0.834081,0.782579,420,130,0.07652,-1,1,1
h3,501,33,1,295,1.20178,1,6429,9902,0.0807295,0.138372,0.206602,-0.309334,0.465065,1.05,1.17792,0.493827,0.368427,0.493827,0.601984,0.360928,0.290858,420,130,0.110793,-1,1,1
h3,502,33,1,116,1.35196,0,4458,8577,-0.115797,-0.278111,0.169624,0.0780125,0.456455,1.05,0.971292,0.750343,0.538866,0.750343,0.627851,0.671203,0.599692,420,130,0.0752088,-1,1,1
h3,503,33,1,127,0.537458,0,2482,3825,-0.163481,-0.00595093,-0.127167,0.077774,0.0927499,1.05,1.2126,0.563786,0.491541,0.565158,0.373833,0.724085,0.6673,420,130,0.0932825,1,1,1
h3,504,33,1,133,5.68074,0,4070,10954,-0.125822,-0.0345516,0.284167,0.0480442,0.418566,1.05,1.18749,0.635117,0.487997,0.641975,0.599743,0.553835,0.510809,420,130,0.0877332,1,1,1
h3,505,33,1,173,3.78044,0,10286,7958,0.189126,0.156836,0.163378,-0.340155,0.497801,1.05,1.05684,0.717421,0.509717,0.717421,0.720257,0.550923,0.48321,420,130,0.111653,1,1,1
h3,506,33,1,223,1.5464,1,3557,7459,-0.135983,0.0708008,0.135143,0.0290012,0.274366,1.05,1.02207,0.429355,0.35551,0.429355,0.51416,0.409185,0.318587,420,130,0.0929941,-1,1,1
h3,507,33,1,347,2.6133,1,505,546,-0.220177,0.104008,-0.219153,0.146275,0.0424241,1.05,1.00321,0.562414,0.511546,0.562414,0.250263,0.805629,0.765505,420,130,0.0826629,1,1,1
h3,508,33,1,264,0.267114,0,9884,4484,0.194904,-0.137753,-0.12443,-0.340368,0.378307,1.05,1.03955,0.987654,0.705418,1.00686,0.58703,0.742579,0.670229,420,130,0.074142,1,1,1
h3,509,33,1,111,2.76548,1,2251,8083,-0.17222,0.119293,0.159129,0.0802097,0.33401,1.05,1.0773,0.48834,0.405578,0.492455,0.48855,0.452509,0.387137,420,130,0.0959503,-1,1,1
h3,510,33,1,64,4.47359,1,3105,3657,-0.148769,0.158648,-0.151608,-0.225672,0.38441,1.05,1.0263,0.499314,0.418953,0.514403,0.584942,0.462303,0.391147,420,130,0.121982,-1,1,1
h3,511,33,1,281,2.74933,0,5959,8494,0.0327625,-0.189171,0.197224,0.129044,0.358204,1.05,1.11752,0.625514,0.470622,0.626886,0.54534,0.433481,0.350352,420,130,0.0818719,1,1,1
h3,512,33,1,103,4.04842,0,7750,9259,0.152753,-0.326408,0.190047,-0.220133,0.11263,1.05,1.05185,0.61454,0.550526,0.622771,0.27019,0.988198,0.92569,420,128,0.070844,-1,1,1
h3,513,33,1,269,2.89332,0,4914,9093,-0.0774136,0.0711575,0.185756,0.0571232,0.26379,1.05,0.993461,0.460905,0.381573,0.466392,0.433676,0.400517,0.34138,420,128,0.0918447,1,1,1
h3,514,33,1,211,3.18676,1,7339,2956,0.134583,0.0643883,-0.158823,0.115522,0.298327,1.05,1.08375,0.655693,0.475995,0.66941,0.482508,0.44364,0.363107,420,128,0.0848087,1,1,1
h3,515,33,1,323,4.10554,0,9776,9419,0.192008,-0.12038,0.231793,0.0520668,0.178407,1.05,0.88929,0.492455,0.486283,0.51166,0.285778,0.624379,0.545314,420,128,0.0910204,1,1,1
h3,516,33,1,230,4.14478,1,3837,10872,-0.143252,-0.0414886,0.250411,0.154545,0.440279,1.05,1.0803,0.758573,0.540238,0.758573,0.647299,0.521479,0.464236,420,128,0.0918719,-1,1,1
h3,517,33,1,49,4.17833,1,7102,3436,0.123331,0.0460663,-0.151546,0.140562,0.290674,1.05,0.981399,0.51989,0.399634,0.51989,0.41419,0.454545,0.372661,420,128,0.0843615,1,1,1
h3,518,33,1,11,1.80614,0,2006,7606,-0.173589,-0.0157204,0.140203,-0.154175,0.3434,1.05,1.05526,0.569273,0.455876,0.577503,0.528769,0.501712,0.428179,420,128,0.0990481,1,1,1
h3,519,33,1,33,4.35045,0,5177,11014,-0.0551548,0.00205994,0.308715,0.0601101,0.368601,1.05,1.06915,0.521262,0.401349,0.521262,0.561985,0.498492,0.452625,420,128,0.0848717,-1,1,1
h3,520,33,1,95,3.44366,0,3656,6203,-0.144406,0.0710831,0.0586576,0.0788803,0.204724,1.05,1.07016,0.395062,0.385574,0.414266,0.442271,0.49119,0.415843,420,128,0.106256,-1,1,1
h3,521,33,1,1,1.03017,0,7699,10011,0.142639,-0.134228,0.19927,0.209114,0.348087,1.05,0.999715,0.680384,0.530293,0.689986,0.541849,0.567851,0.498957,420,128,0.10715,1,1,1
h3,522,33,1,327,0.375209,1,9518,8892,0.186314,-0.137562,0.163274,0.118725,0.257695,1.05,1.15737,0.717421,0.570302,0.717421,0.492218,0.723355,0.641964,420,128,0.0868411,-1,1,1
h3,523,33,1,88,4.02452,0,8379,778,0.173752,-0.184019,-0.210168,0.0676079,0.459116,1.05,1.05633,0.569273,0.457019,0.569273,0.582721,0.548071,0.4881,420,128,0.0773469,1,1,1
h3,524,33,1,8,5.68624,1,9999,3102,0.199837,0.210627,-0.156141,-0.059557,0.447049,1.05,0.928106,0.375857,0.297211,0.375857,0.601637,0.359375,0.269026,420,128,0.0953783,1,1,1
h3,525,33,1,294,5.67955,1,3182,9347,-0.137576,0.036953,0.222729,0.116144,0.368906,1.05,1.12153,0.758573,0.526406,0.758573,0.586733,0.512861,0.454514,420,128,0.0978389,1,1,1
h3,526,33,1,164,0.306505,1,3718,8292,-0.146247,0.0971508,0.190429,0.143072,0.340005,1.05,1.04038,0.550069,0.433928,0.550069,0.476793,0.47014,0.393864,420,128,0.0944176,1,1,1
h3,527,33,1,268,6.19827,1,5413,2472,-0.0282841,-0.2064,-0.160287,0.203562,0.430766,1.05,1.06527,0.496571,0.377,0.504801,0.592562,0.360909,0.28383,420,128,0.0913654,-1,1,1
h3,528,33,1,225,6.24516,1,8041,6686,0.159416,0.08922,0.0986023,0.0363808,0.0806224,1.05,1.10412,0.427984,0.447645,0.485597,0.286343,0.689308,0.639591,420,128,0.0862999,-1,1,1
h3,529,33,1,54,1.95929,0,9937,9375,0.186617,0.221191,0.194141,-0.246981,0.468319,1.05,1.15214,0.492455,0.402835,0.504801,0.63463,0.422393,0.344354,420,128,0.116652,1,1,1
h3,530,33,1,140,3.18569,1,3904,545,-0.141647,-0.0162334,-0.22709,0.15543,0.192033,1.05,1.29423,0.674897,0.55407,0.694102,0.398728,0.664607,0.605902,420,128,0.123056,-1,1,1
h3,531,33,1,292,1.45651,1,1564,9128,-0.183478,0.217865,0.163658,0.0676193,0.378448,1.05,0.913536,0.421125,0.350137,0.432099,0.538892,0.392098,0.312236,420,128,0.0907597,1,1,1
h3,532,33,1,197,1.7868,0,6470,4251,0.0839882,0.22842,-0.121865,0.152481,0.219884,1.05,0.976964,0.492455,0.411294,0.492455,0.420433,0.510242,0.434212,420,128,0.0825289,-1,1,1
h3,533,33,1,305,6.08566,0,4299,7031,-0.121405,0.0127335,0.122652,-0.0688953,0.257884,1.05,0.992482,0.506173,0.382602,0.51166,0.493573,0.468193,0.390891,420,128,0.0933294,1,1,1
h3,534,33,1,306,1.25761,0,4455,9112,-0.108157,0.0669174,0.181326,0.0280857,0.292813,1.05,0.929171,0.595336,0.453361,0.604938,0.448166,0.496367,0.439456,420,128,0.10099,-1,1,1
h3,535,33,1,69,5.84758,0,6992,8105,0.133218,-0.357046,0.166695,-0.354698,0.0335591,1.05,0.997061,0.547325,0.513717,0.591221,0.23962,0.948523,0.930641,420,128,0.0712471,1,1,1
h3,536,33,1,317,5.08005,1,3441,3608,-0.1478,0.0824299,-0.13695,0.163717,0.0833538,1.05,0.845576,0.51989,0.472337,0.534979,0.280593,0.691211,0.642327,420,128,0.0836165,1,1,1
h3,537,33,1,318,2.01233,0,4728,3341,-0.0996161,-0.166716,-0.149561,0.0878563,0.259495,1.05,1.0097,0.663923,0.521033,0.66941,0.475669,0.580267,0.497748,420,128,0.0914778,-1,1,1
h3,538,33,1,265,0.892562,1,9994,1110,0.249982,0.00729179,-0.198845,0.187929,0.483813,1.05,1.09603,0.935528,0.64872,0.935528,0.616434,0.58286,0.50637,420,128,0.0820437,1,1,1
h3,539,33,1,29,4.34144,0,2358,1524,-0.169245,0.095829,-0.193104,0.1481,0.0578345,1.05,1.01574,0.56653,0.508573,0.572016,0.251797,0.72445,0.693946,420,128,0.0728938,-1,1,1
h3,540,33,1,167,4.56133,1,8147,5797,0.163493,0.0996017,0.0153437,-0.0245857,0.193517,1.05,0.997047,0.528121,0.451075,0.528121,0.416155,0.625917,0.558325,420,128,0.0904519,1,1,1
h3,541,33,1,298,5.96629,1,5919,6421,0.0271606,-0.319424,0.0900288,-0.313015,0.063256,1.05,1.02139,0.485597,0.474394,0.552812,0.249411,0.828494,0.795528,420,128,0.0724731,1,1,1
h3,542,33,1,137,2.65606,1,3987,9505,-0.134161,0.139454,0.21343,0.170103,0.349164,1.05,0.950075,0.775034,0.55407,0.775034,0.474248,0.55299,0.477837,420,128,0.0943025,1,1,1
h3,543,33,1,273,1.49559,1,108,8210,-0.227655,-0.00109291,0.173296,0.0456486,0.403724,1.05,1.1583,0.624143,0.486054,0.624143,0.546528,0.416231,0.345167,420,128,0.0835943,1,1,1
h3,544,33,1,121,3.2859,0,7976,7944,0.148635,0.0479393,0.157911,-0.125326,0.173617,1.05,1.14328,0.56653,0.487883,0.56653,0.319146,0.675015,0.606189,420,128,0.0960871,-1,1,1
h3,545,33,1,104,5.13791,1,2603,2456,-0.163857,-0.0592422,-0.164814,0.140047,0.199498,1.05,1.09153,0.710562,0.584248,0.727023,0.394063,0.671449,0.608802,420,128,0.114789,-1,1,1
h3,546,33,1,326,4.35978,1,8603,2896,0.209276,0.133911,-0.152662,0.171612,0.364192,1.05,1.11753,0.77915,0.564015,0.77915,0.56877,0.537918,0.457064,420,128,0.0909087,-1,1,1
h3,547,33,1,191,2.63045,0,7105,7960,0.131029,-0.212738,0.160443,0.0599747,0.2743,1.05,1.15213,0.731139,0.565043,0.731139,0.478889,0.62901,0.535182,420,128,0.086058,1,1,1
h3,548,33,1,200,4.64092,1,7430,3300,0.141516,0.185507,-0.145685,0.125553,0.293678,1.05,1.04426,0.462277,0.375972,0.463649,0.469945,0.448008,0.364822,420,128,0.0866173,-1,1,1
h3,549,33,1,198,4.17269,0,4867,4896,-0.0881186,-0.362789,-0.0793877,0.189859,0.552776,1.05,1.02188,0.518519,0.421011,0.526749,0.678209,0.484899,0.387388,420,128,0.0915517,-1,1,1
h3,550,33,1,352,2.90197,0,3098,2023,-0.156376,0.0952129,-0.173761,0.16777,0.0747957,1.05,0.918389,0.58299,0.492455,0.587106,0.263604,0.69829,0.665574,420,128,0.0744141,1,1,1
h3,551,33,1,88,5.59947,0,8379,4735,0.173752,-0.184019,-0.0908937,0.246193,0.505183,1.05,1.06569,0.821674,0.576246,0.821674,0.723926,0.48083,0.42225,420,128,0.077312,-1,1,1
h3,552,33,1,333,4.36647,0,5034,7547,-0.0675898,-0.0653362,0.135782,0.125666,0.279071,1.05,0.856887,0.518519,0.397234,0.528121,0.456468,0.440685,0.357975,420,128,0.0921329,1,1,1
h3,553,33,1,66,2.22887,0,10754,8174,0.230483,0.193855,0.161497,0.0692844,0.142407,1.05,1.40992,0.694102,0.575789,0.694102,0.285347,0.819181,0.747684,420,128,0.0713962,-1,1,1
h3,554,33,1,308,5.64121,0,3394,7137,-0.136115,-0.0248127,0.113227,0.0763969,0.269105,1.05,0.916219,0.534979,0.394833,0.539095,0.480167,0.41498,0.332785,420,128,0.0843589,-1,1,1
h3,555,33,1,234,2.96813,0,5227,6992,-0.0564718,-0.364157,0.133218,-0.357046,0.189823,1.05,1.21388,0.718793,0.540581,0.718793,0.395565,0.790046,0.717252,420,128,0.0786016,1,1,1
h3,556,33,1,186,2.84526,1,2504,8888,-0.170289,-0.155634,0.194887,0.111317,0.452427,1.05,1.08646,0.647462,0.49497,0.648834,0.579277,0.527804,0.465577,420,128,0.0830196,-1,1,1
h3,557,33,1,234,3.49461,0,5227,1848,-0.0564718,-0.364157,-0.187498,0.0712795,0.455118,1.05,1.07812,0.473251,0.352309,0.473251,0.651945,0.304162,0.261213,420,128,0.0933449,1,1,1
h3,558,33,1,96,2.89355,0,5101,376,-0.0663376,-0.271591,-0.207379,-0.0261192,0.283338,1.05,0.858266,0.703704,0.57396,0.703704,0.416218,0.781873,0.72261,420,128,0.0783905,1,1,1
h3,559,33,1,241,1.96917,1,3662,5461,-0.153176,-0.152557,-0.022831,-0.179867,0.133361,1.05,1.12695,0.547325,0.490398,0.567901,0.316008,0.764663,0.701314,420,128,0.0786141,1,1,1
h3,560,33,1,48,0.493722,0,3274,7770,-0.155908,0.0976639,0.15787,-0.324085,0.526258,1.05,1.0588,0.720165,0.512346,0.720165,0.702765,0.584509,0.508121,420,128,0.0846526,1,1,1
h3,561,33,1,66,0.044649,1,10754,4937,0.230483,0.193855,-0.0775518,-0.105932,0.429839,1.05,1.15433,0.570645,0.437929,0.570645,0.641211,0.513197,0.4359,420,128,0.0820781,-1,1,1
h3,562,33,1,22,1.87915,0,2257,10129,-0.169982,0.165693,0.185732,0.177231,0.356094,1.05,1.00584,0.390947,0.334476,0.414266,0.509365,0.37335,0.290033,420,128,0.104729,1,1,1
h3,563,33,1,349,5.3111,1,3277,667,-0.153885,-0.0536518,-0.222452,0.155436,0.220136,1.05,1.04561,0.618656,0.506287,0.631001,0.368546,0.637144,0.580466,420,128,0.126255,1,1,1
h3,564,33,1,148,2.29844,0,1845,3555,-0.183132,0.0116653,-0.148333,0.0899086,0.0866265,1.05,1.49978,0.514403,0.530521,0.570645,0.250124,0.770962,0.733089,420,128,0.0815857,-1,1,1
h3,565,33,1,5,3.07573,1,10596,8666,0.231307,0.165493,0.193124,0.176956,0.0410268,1.05,0.995185,0.493827,0.488569,0.567901,0.21537,0.825698,0.79112,420,128,0.0769266,-1,1,1
h3,566,33,1,50,5.42571,1,1982,5015,-0.183426,-0.0598698,-0.0708799,0.245289,0.325251,1.05,1.01691,0.540466,0.43187,0.55144,0.479526,0.600016,0.526,420,128,0.105394,1,1,1
h3,567,33,1,191,2.76838,0,7105,262,0.131029,-0.212738,-0.235347,0.107336,0.486504,1.05,1.10871,0.663923,0.48251,0.663923,0.657301,0.574167,0.517606,420,128,0.0893408,1,1,1
h3,568,33,1,210,3.22352,1,8066,3743,0.171865,0.0952969,-0.137334,0.0236149,0.3174,1.05,1.09218,0.507545,0.376886,0.507545,0.529228,0.407623,0.352395,420,128,0.0826521,1,1,1
h3,569,33,1,41,2.48347,1,1870,2720,-0.179029,0.0339069,-0.163996,0.0587025,0.0300636,1.05,0.951117,0.45679,0.480338,0.524005,0.271748,0.746647,0.715863,420,128,0.103556,-1,1,1
h3,570,33,1,98,3.57136,1,5863,6735,0.0213842,-0.163582,0.106402,-0.00101089,0.183702,1.05,1.13702,0.552812,0.46925,0.552812,0.399891,0.614677,0.54276,420,128,0.0754111,-1,1,1
h3,571,33,1,342,6.21566,1,126,8479,-0.220748,-0.00660706,0.158114,0.139418,0.406029,1.05,0.996449,0.445816,0.338249,0.445816,0.598209,0.32475,0.250271,420,128,0.0963645,1,1,1
h3,572,33,1,279,6.07227,0,3422,7663,-0.153614,-0.0240116,0.140219,-0.106115,0.305088,1.05,1.08662,0.51989,0.420553,0.548697,0.465771,0.462293,0.390916,420,128,0.114548,1,1,1
h3,573,33,1,328,5.16149,0,145,6275,-0.231436,0.0560284,0.0672636,-0.183115,0.382711,1.05,0.961531,0.572016,0.479995,0.572016,0.516754,0.609754,0.535029,420,128,0.0896585,-1,1,1
h3,574,33,1,226,1.75331,0,8630,7256,0.167731,-0.0673199,0.136204,0.240782,0.309711,1.05,1.13869,0.775034,0.597737,0.790123,0.499002,0.595002,0.524758,420,128,0.109291,1,1,1
h3,575,33,1,126,4.39047,1,6357,8765,0.0777397,-0.235508,0.162365,0.125166,0.370478,1.05,0.997501,0.570645,0.46182,0.578875,0.540173,0.507319,0.427411,420,128,0.0974009,1,1,1
h3,576,33,1,28,1.49149,0,10375,4253,0.236131,0.100567,-0.140191,-0.357166,0.592619,1.05,1.07076,0.861454,0.604595,0.861454,0.754254,0.655874,0.599509,420,126,0.0961381,1,1,1
h3,577,33,1,246,3.88691,0,3742,9333,-0.139676,-0.106091,0.169477,0.00440216,0.328438,1.05,1.08369,0.55144,0.460105,0.55144,0.491208,0.484677,0.412116,420,126,0.080134,1,1,1
h3,578,33,1,180,0.0297832,1,10765,9322,0.25294,0.143925,0.174585,0.21439,0.105792,1.05,1.06932,0.525377,0.509374,0.541838,0.285287,0.851065,0.78154,420,126,0.0795072,1,1,1
h3,579,33,1,312,1.88555,1,2296,6548,-0.169459,0.173473,0.092062,-0.212187,0.466018,1.05,1.0234,0.663923,0.501715,0.663923,0.660711,0.572315,0.468847,420,126,0.115563,-1,1,1
h3,580,33,1,174,1.00223,1,9442,1305,0.234907,0.055912,-0.209854,0.111334,0.448224,1.05,1.12015,0.844993,0.594307,0.844993,0.643421,0.53816,0.469422,420,126,0.093402,-1,1,1
h3,581,33,1,178,3.01275,0,8607,3939,0.16803,-0.150829,-0.142273,0.0653305,0.379299,1.05,1.06179,0.584362,0.462391,0.592593,0.518199,0.529562,0.454411,420,126,0.076315,-1,1,1
h3,582,33,1,155,2.00981,1,64,6288,-0.234214,0.0388947,0.0747337,-0.323648,0.476329,1.05,1.02477,0.463649,0.350137,0.466392,0.692972,0.32622,0.236731,420,126,0.0951115,-1,1,1
h3,583,33,1,16,5.02013,1,6891,8529,0.116627,-0.245506,0.157187,-0.00905228,0.239993,1.05,1.15026,0.625514,0.51166,0.625514,0.441442,0.735469,0.661479,420,126,0.0961739,-1,1,1
h3,584,33,1,70,5.5817,0,961,5896,-0.20969,0.166059,0.0307808,-0.345907,0.56589,1.05,1.10083,0.908093,0.618656,0.908093,0.756822,0.651741,0.587681,420,126,0.0896502,1,1,1
h3,585,33,1,318,4.53207,1,4728,307,-0.0996161,-0.166716,-0.236508,0.0467224,0.253674,1.05,0.993436,0.668038,0.523548,0.680384,0.476742,0.560128,0.472852,420,126,0.0974217,1,1,1
h3,586,33,1,298,3.61737,1,5919,3374,0.0271606,-0.319424,-0.148401,0.0890541,0.444801,1.05,1.02145,0.485597,0.35631,0.485597,0.61403,0.323129,0.254272,420,126,0.0764545,-1,1,1
h3,587,33,1,28,0.199008,0,10375,6658,0.236131,0.100567,0.0940104,-0.0321808,0.19452,1.05,1.1285,0.646091,0.527092,0.646091,0.421885,0.730991,0.669386,420,126,0.109964,1,1,1
h3,588,33,1,34,2.49409,0,5499,10452,-0.0198965,-0.340536,0.227166,0.172104,0.569069,1.05,1.09239,0.559671,0.406836,0.559671,0.710546,0.295354,0.243435,420,126,0.0815418,-1,1,1
h3,589,33,1,243,3.68293,1,7478,61,0.138792,-0.130936,-0.252373,0.043623,0.428351,1.05,1.05824,0.591221,0.455075,0.591221,0.625729,0.516608,0.459287,420,126,0.0818136,-1,1,1
h3,590,33,1,107,2.84207,0,5514,8516,-0.0179043,-0.350706,0.20657,0.114113,0.516314,1.05,1.05779,0.562414,0.396776,0.562414,0.687455,0.313518,0.24647,420,126,0.0818105,1,1,1
h3,591,33,1,231,3.50198,1,6617,10935,0.0953665,-0.347071,0.268807,0.109842,0.489128,1.05,1.03091,0.463649,0.352195,0.463649,0.683382,0.320342,0.263414,420,126,0.0914547,1,1,1
h3,592,33,1,36,3.10816,0,4675,4095,-0.0965948,0.0406284,-0.141046,-0.208191,0.252781,1.05,0.898265,0.628258,0.494856,0.632373,0.479243,0.629573,0.559945,420,126,0.11676,-1,1,1
h3,593,33,1,137,3.99453,0,3987,7510,-0.134161,0.139454,0.135744,-0.0338955,0.320959,1.05,0.966127,0.41701,0.333791,0.41701,0.529288,0.403521,0.298491,420,126,0.100636,-1,1,1
h3,594,33,1,119,4.47462,1,6372,3401,0.0742025,-0.000125885,-0.140683,0.0754318,0.228706,1.05,0.988436,0.44856,0.347737,0.44856,0.467031,0.382958,0.316893,420,126,0.0941038,1,1,1
h3,595,33,1,176,2.78318,0,778,4687,-0.210168,0.0676079,-0.0964985,0.019268,0.123782,1.05,0.885155,0.58299,0.530521,0.613169,0.307391,0.758621,0.699459,420,126,0.0899842,1,1,1
h3,596,33,1,328,0.544993,1,145,6112,-0.231436,0.0560284,0.0493584,-0.348799,0.492682,1.05,0.998237,0.444444,0.375057,0.444444,0.621148,0.376083,0.292533,420,126,0.0973031,1,1,1
h3,597,33,1,299,5.14509,0,5677,4084,0.00548267,0.232298,-0.129747,0.0387745,0.238165,1.05,1.13218,0.588477,0.474508,0.595336,0.388757,0.5594,0.480801,420,126,0.0919292,1,1,1
h3,598,33,1,240,0.291465,1,9047,882,0.185042,0.0494537,-0.217534,0.153513,0.416062,1.05,1.14032,0.722908,0.509717,0.722908,0.571788,0.432153,0.358047,420,126,0.091328,-1,1,1
h3,599,33,1,278,2.81933,0,4851,6657,-0.0817661,0.0208912,0.100204,-0.26437,0.338567,1.05,1.06079,0.657064,0.490398,0.662551,0.523331,0.586809,0.520141,420,126,0.109509,1,1,1
h3,600,33,1,141,4.89384,0,5312,1420,-0.0404863,-0.108587,-0.190337,-0.148748,0.155139,1.05,1.12163,0.615912,0.495885,0.621399,0.38692,0.679864,0.628047,420,126,0.0756204,-1,1,1
h3,601,33,1,150,3.32043,1,7371,7791,0.134701,0.0694561,0.152656,-0.103491,0.173943,1.05,0.887435,0.525377,0.446388,0.56653,0.347756,0.675595,0.61067,420,126,0.0906472,1,1,1
h3,602,33,1,210,5.12621,1,8066,2908,0.171865,0.0952969,-0.155848,0.18618,0.340172,1.05,1.03827,0.775034,0.576017,0.775034,0.515747,0.54882,0.460029,420,126,0.0839349,-1,1,1
h3,603,33,1,199,4.30276,1,6355,2600,0.0775681,-0.248583,-0.162647,0.079689,0.407981,1.05,1.0063,0.454047,0.358939,0.454047,0.592348,0.359471,0.28127,420,126,0.0799485,-1,1,1
h3,604,33,1,253,1.84481,1,3937,9235,-0.121672,0.0532417,0.163758,0.0238762,0.287354,1.05,0.964144,0.367627,0.307385,0.371742,0.484442,0.357365,0.269116,420,126,0.0933352,1,1,1
h3,605,33,1,193,6.20688,1,8574,3460,0.169032,0.197908,-0.135348,0.0617008,0.333543,1.05,0.969915,0.378601,0.323617,0.38546,0.500199,0.357939,0.293059,420,126,0.0892611,1,1,1
h3,606,33,1,266,3.72811,0,7692,10719,0.142586,0.0749931,0.249797,0.147612,0.129502,1.05,1.24038,0.603567,0.494056,0.603567,0.357228,0.699583,0.639565,420,126,0.0791801,-1,1,1
h3,607,33,1,218,2.90902,1,7771,6898,0.14819,0.0978336,0.112686,-0.0430794,0.145637,1.05,1.20506,0.561043,0.480338,0.561043,0.325779,0.682834,0.617296,420,126,0.0861297,-1,1,1
h3,608,33,1,132,4.93535,1,6771,8237,0.110182,-0.34227,0.157427,0.196445,0.540873,1.05,1.08342,1.03155,0.704847,1.03155,0.704559,0.633342,0.566084,420,126,0.0864592,1,1,1
h3,609,33,1,55,5.01839,1,10391,6746,0.232349,0.168518,0.103827,-0.184969,0.376131,1.05,1.04415,0.835391,0.620142,0.838134,0.567316,0.691751,0.619278,420,126,0.0975054,1,1,1
h3,610,33,1,231,5.36764,0,6617,6385,0.0953665,-0.347071,0.0883255,-0.360325,0.0190242,1.05,0.96981,0.45679,0.462049,0.470508,0.2094,0.893392,0.873838,420,126,0.0743049,1,1,1
h3,611,33,1,82,6.04255,0,9822,9067,0.20051,-0.0951767,0.191158,0.10655,0.202321,1.05,1.28729,0.699588,0.563443,0.699588,0.457331,0.719529,0.644188,420,126,0.0947263,1,1,1
h3,612,33,1,280,4.24309,0,3801,1471,-0.154073,-0.327936,-0.19458,-0.340897,0.0427466,1.05,1.03231,0.63786,0.542181,0.63786,0.271367,0.965918,0.947256,420,126,0.0691461,1,1,1
h3,613,33,1,273,3.74366,1,108,5560,-0.227655,-0.00109291,-0.00832939,0.194597,0.293953,1.05,1.08655,0.459534,0.426155,0.459534,0.431628,0.565506,0.513022,420,126,0.103063,1,1,1
h3,614,33,1,316,0.339588,1,1300,10176,-0.189615,0.133741,0.245651,0.00753784,0.453194,1.05,1.09342,0.8107,0.599451,0.825789,0.591444,0.62088,0.581659,420,126,0.116697,1,1,1
h3,615,33,1,346,2.74169,0,6883,5324,0.116446,-0.263124,-0.0374727,0.233355,0.51981,1.05,1.05521,0.668038,0.488226,0.674897,0.729052,0.444349,0.372774,420,126,0.0907377,-1,1,1
h3,616,33,1,276,4.80534,1,3716,11032,-0.146818,0.039669,0.325665,0.0643616,0.473218,1.05,1.14231,0.809328,0.576932,0.809328,0.68675,0.588261,0.542202,420,126,0.0884816,1,1,1
h3,617,33,1,20,5.19922,0,9641,4949,0.190678,-0.166733,-0.075141,0.241367,0.487057,1.05,1.03298,0.803841,0.570873,0.805213,0.600689,0.529393,0.470235,420,126,0.0824426,1,1,1
h3,618,33,1,326,2.49193,0,8603,3574,0.209276,0.133911,-0.148385,0.134542,0.357899,1.05,1.11524,0.729767,0.539552,0.729767,0.52801,0.537707,0.452283,420,126,0.090482,1,1,1
h3,619,33,1,88,1.65899,0,8379,5372,0.173752,-0.184019,-0.032074,0.00860405,0.28206,1.05,1.20212,0.56653,0.456104,0.573388,0.550162,0.579732,0.512515,420,126,0.092924,1,1,1
h3,620,33,1,146,5.1341,0,4274,7055,-0.129034,-0.234116,0.137022,-0.344116,0.287946,1.05,1.09144,0.828532,0.631916,0.84225,0.434458,0.746813,0.674682,420,126,0.0781112,1,1,1
h3,621,33,1,79,0.44272,0,2753,5309,-0.153544,0.0422401,-0.0398092,0.000328064,0.121212,1.05,1.1551,0.399177,0.444444,0.481481,0.347486,0.644742,0.578204,420,126,0.0970325,-1,1,1
h3,622,33,1,18,4.27335,1,3981,138,-0.140279,-0.029398,-0.244079,0.035862,0.122919,1.05,1.19278,0.508916,0.518747,0.545953,0.297621,0.735094,0.68507,420,126,0.0922766,1,1,1
h3,623,33,1,352,0.148786,0,3098,192,-0.156376,0.0952129,-0.223022,0.0330486,0.0928836,1.05,1.17679,0.507545,0.534636,0.59808,0.247591,0.718278,0.678473,420,126,0.0755529,1,1,1
h3,624,33,1,238,2.81868,0,10380,6823,0.195278,0.111032,0.1179,-0.236389,0.356142,1.05,1.04669,0.496571,0.410722,0.500686,0.602515,0.515251,0.437306,420,126,0.124393,1,1,1
h3,625,33,1,223,5.57185,0,3557,4818,-0.135983,0.0708008,-0.0854235,0.157831,0.101214,1.05,0.988792,0.51166,0.454275,0.532236,0.275249,0.647801,0.595064,420,126,0.0842264,-1,1,1
h3,626,33,1,139,4.92147,0,2677,5013,-0.163339,0.103594,-0.069972,0.173813,0.118488,1.05,1.13065,0.486968,0.469479,0.496571,0.354918,0.666132,0.59721,420,126,0.090785,-1,1,1
h3,627,33,1,152,0.356195,0,571,5393,-0.210078,0.0866566,-0.0298948,0.216339,0.222161,1.05,0.916917,0.676269,0.512003,0.676269,0.336826,0.683223,0.621876,420,126,0.103259,-1,1,1
h3,628,33,1,59,5.3026,1,4286,8651,-0.117836,0.104113,0.208709,0.0718918,0.328296,1.05,0.957659,0.716049,0.512117,0.716049,0.525507,0.507568,0.450181,420,126,0.104543,1,1,1
h3,629,33,1,318,4.65243,0,4728,4568,-0.0996161,-0.166716,-0.124375,-0.34346,0.17848,1.05,1.17603,0.694102,0.583562,0.694102,0.351017,0.818441,0.748581,420,126,0.0779799,-1,1,1
h3,630,33,1,316,2.51231,1,1300,3858,-0.189615,0.133741,-0.142199,0.0547199,0.0956994,1.05,1.35472,0.60631,0.525949,0.61454,0.274173,0.752597,0.722129,420,126,0.081203,-1,1,1
h3,631,33,1,106,3.36144,1,8738,1041,0.186513,0.180107,-0.203253,0.14451,0.391388,1.05,0.98469,0.681756,0.515889,0.681756,0.539808,0.559169,0.488318,420,126,0.0928051,1,1,1
h3,632,33,1,316,3.83307,0,1300,7712,-0.189615,0.133741,0.149831,0.0694027,0.34549,1.05,0.977697,0.558299,0.435414,0.558299,0.504791,0.489005,0.425913,420,126,0.115196,-1,1,1
h3,633,33,1,47,1.03231,0,9313,10469,0.186381,0.0964737,0.196247,0.116758,0.0254635,1.05,1.01812,0.533608,0.478395,0.533608,0.301285,0.727014,0.697805,420,126,0.105698,1,1,1
h3,634,33,1,17,1.06519,1,5499,9560,-0.0198965,-0.340536,0.204245,-0.348343,0.224486,1.05,1.13058,0.768176,0.600023,0.770919,0.379299,0.806289,0.761058,420,126,0.0723924,1,1,1
h3,635,33,1,293,4.93661,0,2257,1060,-0.169982,0.165693,-0.191489,0.184082,0.0306199,1.05,0.933446,0.537723,0.454047,0.537723,0.290121,0.757743,0.728233,420,126,0.106007,-1,1,1
h3,636,33,1,178,0.156521,0,8607,4236,0.16803,-0.150829,-0.11391,-0.0186501,0.311776,1.05,1.06716,0.643347,0.484682,0.648834,0.54278,0.519841,0.44867,420,126,0.0775959,-1,1,1
h3,637,33,1,173,0.16776,0,10286,2482,0.189126,0.156836,-0.163481,-0.00595093,0.388722,1.05,1.10559,0.683128,0.502172,0.683128,0.559477,0.519547,0.446988,420,126,0.086362,-1,1,1
h3,638,33,1,71,3.62885,1,5804,1090,0.0182896,-0.361223,-0.20221,-0.227489,0.258047,1.05,1.08172,0.843621,0.637174,0.843621,0.397755,0.835068,0.764765,420,126,0.0767177,1,1,1
h3,639,33,1,17,3.94332,0,5499,8774,-0.0198965,-0.340536,0.217475,0.0830307,0.485889,1.05,1.09894,0.91358,0.653978,0.91358,0.673033,0.736102,0.674148,420,126,0.0823427,-1,1,1
h3,640,33,1,238,4.42546,0,10380,4216,0.195278,0.111032,-0.130641,-0.0613613,0.36965,1.05,1.04926,0.657064,0.479881,0.659808,0.587916,0.47548,0.397699,420,135,0.100926,1,1,1
h3,641,33,1,5,0.516801,0,10596,10266,0.231307,0.165493,0.188025,0.175343,0.0443883,1.05,1.00239,0.530864,0.479652,0.550069,0.302242,0.822692,0.780547,420,135,0.0871568,1,1,1
h3,642,33,1,339,1.91381,1,7784,10326,0.148911,-0.119907,0.217094,-0.336464,0.227063,1.05,1.16594,0.78738,0.636488,0.835391,0.434212,0.827221,0.764713,420,135,0.0833661,1,1,1
h3,643,33,1,78,3.2509,1,324,1128,-0.224188,0.0509129,-0.213969,0.0965881,0.0478557,1.05,1.00512,0.576132,0.529607,0.580247,0.262093,0.829114,0.795082,420,135,0.0929782,-1,1,1
h3,644,33,1,72,5.31606,1,504,10554,-0.210534,0.0497398,0.201538,0.112654,0.416913,1.05,1.01947,0.805213,0.572131,0.805213,0.559894,0.53543,0.47175,420,135,0.0974088,1,1,1
h3,645,33,1,207,2.18962,0,5089,4169,-0.0623932,-0.0812473,-0.133929,-0.0763607,0.0733195,1.05,1.04425,0.496571,0.454161,0.496571,0.296357,0.672464,0.634369,420,135,0.0826524,1,1,1
h3,646,33,1,175,4.33178,0,5584,2724,-0.00572777,0.109005,-0.160524,0.208754,0.184152,1.05,0.931087,0.496571,0.395862,0.514403,0.341345,0.497489,0.409268,420,135,0.0887956,-1,1,1
h3,647,33,1,185,4.03358,1,4601,678,-0.10037,0.141411,-0.215558,-0.34186,0.496812,1.05,1.02372,0.573388,0.410265,0.573388,0.669174,0.402894,0.3356,420,135,0.105127,1,1,1
h3,648,33,1,5,4.68201,0,10596,8537,0.231307,0.165493,0.167644,0.0822926,0.104763,1.05,0.9602,0.604938,0.547211,0.618656,0.260906,0.839687,0.770799,420,135,0.0832429,1,1,1
h3,649,33,1,312,0.590177,1,2296,9337,-0.169459,0.173473,0.229949,0.0768051,0.411307,1.05,0.984423,0.699588,0.51246,0.699588,0.576288,0.528109,0.463666,420,135,0.136309,1,1,1
h3,650,33,1,80,4.07947,0,7155,6926,0.118459,0.0805721,0.118826,-0.0336838,0.114276,1.05,1.2294,0.569273,0.494399,0.57476,0.315511,0.67658,0.609703,420,135,0.0825869,-1,1,1
h3,651,33,1,336,0.321199,0,2980,4997,-0.138364,0.0193405,-0.0706434,0.128916,0.129089,1.05,1.20941,0.631001,0.490855,0.631001,0.365292,0.635672,0.576246,420,135,0.106663,-1,1,1
h3,652,33,1,236,2.56768,0,4146,6923,-0.121972,-0.0690746,0.126089,-0.334295,0.363469,1.05,0.978661,0.817558,0.599223,0.817558,0.53713,0.675304,0.605122,420,135,0.0789714,1,1,1
h3,653,33,1,78,1.01356,1,324,1586,-0.224188,0.0509129,-0.199612,0.13201,0.0854109,1.05,0.752975,0.611797,0.533265,0.618656,0.308963,0.828873,0.784271,420,135,0.0803502,1,1,1
h3,654,33,1,318,4.41131,0,4728,4774,-0.0996161,-0.166716,-0.0998392,-0.219265,0.0526374,1.05,1.01147,0.528121,0.523091,0.610425,0.280902,0.781828,0.753924,420,135,0.0800123,-1,1,1
h3,655,33,1,184,1.16505,1,6043,1474,0.0484953,-0.316484,-0.197953,-0.333576,0.24704,1.05,1.15273,0.802469,0.630316,0.802469,0.453255,0.765891,0.702041,420,135,0.0729884,1,1,1
h3,656,33,1,319,4.22709,0,6265,9762,0.0645962,0.127625,0.239136,0.015131,0.208402,1.05,1.26279,0.593964,0.488112,0.609053,0.381389,0.566926,0.504716,420,135,0.0995763,-1,1,1
h3,657,33,1,224,3.93542,1,5733,7454,0.00316334,-0.348492,0.127082,0.0789375,0.445133,1.05,1.08426,0.43347,0.347622,0.440329,0.581185,0.375393,0.273222,420,135,0.0832453,-1,1,1
h3,658,33,1,347,4.75713,1,505,5532,-0.220177,0.104008,-0.0111179,0.126249,0.210323,1.05,1.19778,0.458162,0.453246,0.510288,0.399513,0.603104,0.534222,420,135,0.0981193,-1,1,1
h3,659,33,1,280,0.877343,0,3801,9131,-0.154073,-0.327936,0.176457,0.0886669,0.531808,1.05,1.04651,0.780521,0.563786,0.780521,0.67802,0.6518,0.584019,420,135,0.0763788,1,1,1
h3,660,33,1,286,6.03335,1,5732,2084,0.00300121,-0.348114,-0.179924,-0.0217457,0.374147,1.05,1.09377,0.611797,0.466049,0.611797,0.525756,0.555493,0.483235,420,135,0.0836119,1,1,1
h3,661,33,1,39,5.70782,1,4259,3476,-0.135017,-0.327379,-0.143548,0.210407,0.537908,1.05,1.10959,0.580247,0.451646,0.580247,0.683581,0.538667,0.474,420,135,0.092082,1,1,1
h3,662,33,1,355,5.13171,1,1726,2338,-0.178057,0.123343,-0.172171,0.0534382,0.0706319,1.05,0.980587,0.621399,0.508688,0.628258,0.313241,0.729994,0.692259,420,135,0.083401,1,1,1
h3,663,33,1,245,2.23765,1,9764,2284,0.21835,0.140244,-0.170814,0.17477,0.391038,1.05,1.06918,0.529492,0.410837,0.529492,0.570029,0.506418,0.426364,420,135,0.159364,1,1,1
h3,664,33,1,2,3.38426,0,5149,1455,-0.0572729,-0.0472622,-0.204996,0.126143,0.228393,1.05,1.08146,0.588477,0.464563,0.593964,0.451789,0.483433,0.419995,420,135,0.100354,1,1,1
h3,665,33,1,295,1.91176,1,6429,5145,0.0807295,0.138372,-0.0577564,-0.00109863,0.196547,1.05,1.0487,0.412894,0.37963,0.440329,0.413722,0.468005,0.397502,420,135,0.0876432,1,1,1
h3,666,33,1,97,3.83258,0,1810,3999,-0.17927,-0.0922394,-0.122723,0.00803375,0.11512,1.05,1.2195,0.578875,0.539095,0.578875,0.319113,0.77937,0.720583,420,135,0.0734123,-1,1,1
h3,667,33,1,326,4.13214,1,8603,10740,0.209276,0.133911,0.265993,0.08918,0.072242,1.05,1.00628,0.477366,0.532808,0.609053,0.224595,0.804154,0.766475,420,135,0.0967603,1,1,1
h3,668,33,1,217,5.95865,1,3432,4903,-0.147217,-0.0171223,-0.0785847,0.233032,0.260004,1.05,1.19987,0.757202,0.581962,0.759945,0.421914,0.621011,0.569965,420,135,0.117354,1,1,1
h3,669,33,1,258,3.58736,0,8871,536,0.168713,-0.0770855,-0.22429,0.162865,0.460507,1.05,1.07554,0.770919,0.554641,0.770919,0.681092,0.505048,0.438544,420,135,0.0866077,-1,1,1
h3,670,33,1,146,5.04918,0,4274,4482,-0.129034,-0.234116,-0.108584,0.139347,0.374058,1.05,1.03447,0.658436,0.53818,0.66941,0.571214,0.617189,0.537049,420,135,0.0844795,-1,1,1
h3,671,33,1,139,1.64334,1,2677,2895,-0.163339,0.103594,-0.155327,0.119276,0.0176143,1.05,0.970689,0.493827,0.472794,0.528121,0.319106,0.72284,0.684817,420,135,0.0910902,1,1,1
h3,672,33,1,216,0.0569153,1,4376,8259,-0.114228,0.055378,0.161835,0.0775242,0.277551,1.05,0.896812,0.525377,0.40112,0.525377,0.463843,0.434837,0.369778,420,135,0.0930029,-1,1,1
h3,673,33,1,203,5.86484,0,626,10203,-0.213025,0.142426,0.209879,-0.221745,0.558093,1.05,1.1424,0.703704,0.525034,0.711934,0.731343,0.507959,0.459743,420,135,0.0952782,1,1,1
h3,674,33,1,191,4.63757,0,7105,6176,0.131029,-0.212738,0.0558195,-0.00156403,0.224367,1.05,1.16027,0.576132,0.505258,0.576132,0.402249,0.717496,0.651677,420,135,0.0855068,-1,1,1
h3,675,33,1,61,2.40249,1,8155,8483,0.180044,0.115244,0.174484,0.110495,0.0149178,1.05,0.988533,0.379973,0.492798,0.596708,0.250934,0.703669,0.674703,420,135,0.0924181,-1,1,1
h3,676,33,1,33,3.08743,0,5177,4939,-0.0551548,0.00205994,-0.075428,0.164162,0.163365,1.05,1.23439,0.588477,0.47005,0.588477,0.409596,0.566493,0.480747,420,135,0.0922744,-1,1,1
h3,677,33,1,233,4.56508,0,5612,9505,-0.00157356,0.23317,0.21343,0.170103,0.224175,1.05,0.965403,0.559671,0.450732,0.559671,0.332685,0.602068,0.524569,420,135,0.0794985,1,1,1
h3,678,33,1,18,2.65745,1,3981,7739,-0.140279,-0.029398,0.144059,0.0582314,0.297675,1.05,0.993133,0.540466,0.40192,0.54321,0.489805,0.395924,0.32429,420,135,0.0963104,-1,1,1
h3,679,33,1,49,3.11755,0,7102,258,0.123331,0.0460663,-0.223069,0.023716,0.347393,1.05,1.00146,0.620027,0.489941,0.620027,0.484984,0.593081,0.549111,420,135,0.0799921,-1,1,1
h3,680,33,1,271,5.38009,1,9670,6219,0.226532,0.108078,0.0623217,-0.219048,0.366042,1.05,1.05279,0.552812,0.477823,0.572016,0.539186,0.567109,0.463952,420,135,0.105497,1,1,1
h3,681,33,1,238,0.593765,1,10380,6502,0.195278,0.111032,0.0985613,-0.359203,0.480099,1.05,1.06463,0.807956,0.570073,0.807956,0.706524,0.612517,0.552044,420,135,0.108758,1,1,1
h3,682,33,1,68,3.15833,0,4756,2004,-0.0916338,0.0273952,-0.170918,0.13925,0.13727,1.05,1.08349,0.648834,0.520805,0.648834,0.37366,0.61642,0.547697,420,135,0.085716,1,1,1
h3,683,33,1,284,2.79915,1,5764,6433,0.0115757,-0.27326,0.0791426,-0.0293045,0.25314,1.05,1.04322,0.540466,0.447874,0.540466,0.430247,0.628751,0.536062,420,135,0.087927,-1,1,1
h3,684,33,1,287,5.64419,1,1051,6243,-0.208361,0.0346947,0.0638046,-0.0799656,0.296549,1.05,1.00872,0.537723,0.426955,0.537723,0.486677,0.539679,0.467293,420,135,0.0919782,-1,1,1
h3,685,33,1,355,0.610174,0,1726,6525,-0.178057,0.123343,0.096983,-0.259672,0.471539,1.05,1.06085,0.659808,0.509602,0.676269,0.592853,0.590985,0.511283,420,135,0.115933,1,1,1
h3,686,33,1,322,3.90278,0,5527,9752,-0.0120497,-0.0560322,0.241681,0.070488,0.283712,1.05,1.05767,0.526749,0.447531,0.526749,0.51615,0.572612,0.505174,420,135,0.0834176,-1,1,1
h3,687,33,1,281,2.08196,1,5959,673,0.0327625,-0.189171,-0.211142,0.157831,0.424191,1.05,1.07379,0.513032,0.387403,0.513032,0.620991,0.36971,0.303018,420,135,0.0810361,1,1,1
h3,688,33,1,302,5.42885,0,7722,6184,0.144269,0.158251,0.0589142,-0.104572,0.276336,1.05,1.02023,0.702332,0.549497,0.702332,0.51726,0.636301,0.560699,420,135,0.0934723,1,1,1
h3,689,33,1,137,0.64587,1,3987,5466,-0.134161,0.139454,-0.0239506,-0.311117,0.464268,1.05,1.09493,0.521262,0.39209,0.521262,0.678453,0.404636,0.331063,420,135,0.107371,1,1,1
h3,690,33,1,340,5.36782,1,3313,3292,-0.153529,0.0467224,-0.146804,0.0923843,0.0487412,1.05,0.92963,0.524005,0.486854,0.534979,0.27509,0.693993,0.643465,420,135,0.107389,1,1,1
h3,691,33,1,14,0.962948,1,5570,2226,-0.00832939,-0.0637875,-0.169671,0.110342,0.237953,1.05,1.02327,0.422497,0.346365,0.436214,0.399642,0.420763,0.353765,420,135,0.0898252,1,1,1
h3,692,33,1,40,0.0941065,1,3056,5270,-0.148311,0.0392227,-0.050395,-0.340162,0.391817,1.05,1.09341,0.898491,0.643118,0.901235,0.55762,0.698416,0.640883,420,135,0.0977146,-1,1,1
h3,693,33,1,330,3.89046,1,9588,2691,0.217487,-0.00680923,-0.155346,0.186274,0.419955,1.05,0.994858,0.70096,0.530521,0.70096,0.520678,0.587484,0.487494,420,135,0.083846,-1,1,1
h3,694,33,1,146,3.85907,1,4274,196,-0.129034,-0.234116,-0.234841,-0.00795555,0.249739,1.05,1.04208,0.562414,0.439986,0.562414,0.478552,0.480404,0.42322,420,135,0.0889805,-1,1,1
h3,695,33,1,24,4.84889,1,2921,10598,-0.173109,-0.296366,0.217024,0.203625,0.634188,1.05,1.001,0.706447,0.537151,0.717421,0.803847,0.582233,0.514816,420,135,0.07894,1,1,1
h3,696,33,1,328,6.11602,1,145,7604,-0.231436,0.0560284,0.141233,0.0684872,0.372884,1.05,1.11182,0.607682,0.445016,0.607682,0.57682,0.465829,0.400194,420,135,0.0870762,-1,1,1
h3,697,33,1,176,3.76367,1,778,1908,-0.210168,0.0676079,-0.177627,0.136215,0.0761055,1.05,0.977922,0.625514,0.564472,0.666667,0.269186,0.793108,0.751441,420,135,0.0785901,1,1,1
h3,698,33,1,174,2.68491,1,9442,10969,0.234907,0.055912,0.276516,0.118061,0.0780064,1.05,1.06937,0.680384,0.590649,0.733882,0.280949,0.853192,0.821453,420,135,0.0793803,1,1,1
h3,699,33,1,216,4.24572,1,4376,3886,-0.114228,0.055378,-0.147304,-0.225672,0.283565,1.05,1.10489,0.699588,0.532007,0.699588,0.484266,0.638709,0.571674,420,135,0.102684,-1,1,1
h3,700,33,1,32,3.09047,0,7744,345,0.145741,-0.00799942,-0.211614,-0.0251904,0.357886,1.05,1.10849,0.62963,0.488455,0.636488,0.541826,0.567053,0.516025,420,135,0.0808303,1,1,1
h3,701,33,1,118,2.36969,0,7523,8189,0.134081,0.0461788,0.160959,0.0781631,0.0449695,1.05,0.923054,0.556927,0.468336,0.565158,0.302788,0.675857,0.641327,420,135,0.0890272,1,1,1
h3,702,33,1,6,4.98273,1,1637,9625,-0.190276,0.136393,0.214554,0.169523,0.406184,1.05,1.07288,0.459534,0.352995,0.459534,0.597519,0.333706,0.258644,420,135,0.101367,1,1,1
h3,703,33,1,161,0.825379,1,2296,936,-0.169459,0.173473,-0.210698,-0.346689,0.521824,1.05,1.11042,0.711934,0.524234,0.711934,0.670214,0.567907,0.497165,420,135,0.107325,-1,1,1
h3,704,33,1,11,1.54626,1,2006,9847,-0.173589,-0.0157204,0.193851,-0.100441,0.377183,1.05,1.12926,0.580247,0.455075,0.593964,0.550691,0.44602,0.394519,420,126,0.0945754,1,1,1
h3,705,33,1,133,0.326778,1,4070,3260,-0.125822,-0.0345516,-0.140006,0.0769634,0.112415,1.05,1.28168,0.668038,0.548011,0.668038,0.398711,0.692006,0.613571,420,126,0.0867186,-1,1,1
h3,706,33,1,284,5.20341,1,5764,3692,0.0115757,-0.27326,-0.151068,0.0399952,0.353571,1.05,1.01693,0.816187,0.602423,0.816187,0.599522,0.728142,0.663844,420,126,0.0767124,-1,1,1
h3,707,33,1,183,6.1099,0,4310,4366,-0.135221,-0.34234,-0.116239,0.127546,0.470493,1.05,1.03585,0.709191,0.529035,0.709191,0.628125,0.591413,0.510859,420,126,0.0947354,-1,1,1
h3,708,33,1,352,1.53124,1,3098,7279,-0.156376,0.0952129,0.146469,-0.343805,0.533664,1.05,1.02041,0.75583,0.543781,0.75583,0.725937,0.600203,0.532437,420,126,0.0842338,-1,1,1
h3,709,33,1,180,0.825697,0,10765,6890,0.25294,0.143925,0.109671,0.00280762,0.201282,1.05,1.22468,0.499314,0.474166,0.513032,0.408396,0.685004,0.616706,420,126,0.0987173,1,1,1
h3,710,33,1,70,6.12377,0,961,2969,-0.20969,0.166059,-0.162334,0.0996132,0.082112,1.05,1.00055,0.525377,0.522062,0.56653,0.239594,0.807824,0.763596,420,126,0.0805283,1,1,1
h3,711,33,1,349,4.63865,1,3277,9428,-0.153885,-0.0536518,0.190247,-0.0628777,0.344605,1.05,1.11214,0.513032,0.411866,0.521262,0.49373,0.419334,0.376993,420,126,0.0789244,-1,1,1
h3,712,33,1,12,5.39458,1,5868,794,0.0214272,-0.215807,-0.203203,0.0588608,0.354827,1.05,1.00821,0.438957,0.347737,0.438957,0.59637,0.35916,0.300364,420,126,0.0944453,-1,1,1
h3,713,33,1,268,0.245151,1,5413,589,-0.0282841,-0.2064,-0.214067,-0.00517654,0.273908,1.05,1.12783,0.683128,0.539781,0.683128,0.484986,0.744461,0.67902,420,126,0.0792814,-1,1,1
h3,714,33,1,19,3.30286,0,4470,9626,-0.109062,0.186951,0.182755,0.096962,0.305377,1.05,0.946761,0.66941,0.515661,0.66941,0.424791,0.564827,0.48603,420,126,0.0928285,-1,1,1
h3,715,33,1,80,2.51708,0,7155,616,0.118459,0.0805721,-0.203468,0.0867386,0.321986,1.05,0.890299,0.625514,0.465478,0.625514,0.465207,0.535594,0.474663,420,126,0.0993169,1,1,1
h3,716,33,1,274,2.63725,1,9173,10534,0.184944,-0.0504227,0.25622,0.0924168,0.159915,1.05,1.08454,0.578875,0.610997,0.657064,0.343168,0.827728,0.756101,420,126,0.108147,1,1,1
h3,717,33,1,343,1.44788,1,7016,3986,0.120867,-0.0550613,-0.137045,0.0847969,0.29415,1.05,1.02199,0.526749,0.410494,0.526749,0.404831,0.423117,0.346603,420,126,0.0788862,-1,1,1
h3,718,33,1,183,0.766091,0,4310,414,-0.135221,-0.34234,-0.223453,0.126511,0.477127,1.05,1.0972,0.537723,0.41198,0.54321,0.618951,0.416277,0.337819,420,126,0.0953079,-1,1,1
h3,719,33,1,21,6.20548,1,3593,8648,-0.145467,0.131235,0.167669,0.221859,0.3261,1.05,1.12218,0.81893,0.585048,0.81893,0.488267,0.588822,0.50327,420,126,0.088326,-1,1,1
h3,720,33,1,352,4.68381,1,3098,5334,-0.156376,0.0952129,-0.0391693,-0.149628,0.272085,1.05,1.08464,0.731139,0.550983,0.750343,0.539462,0.66978,0.591765,420,126,0.096686,1,1,1
h3,721,33,1,107,1.96719,0,5514,3990,-0.0179043,-0.350706,-0.131749,0.073225,0.439718,1.05,1.0626,0.561043,0.416209,0.561043,0.598584,0.439718,0.358574,420,126,0.085513,1,1,1
h3,722,33,1,119,1.95718,0,6372,1830,0.0742025,-0.000125885,-0.173178,0.212624,0.326281,1.05,1.20932,0.651578,0.47588,0.651578,0.498868,0.518989,0.430192,420,126,0.0823348,1,1,1
h3,723,33,1,98,2.68117,0,5863,6251,0.0213842,-0.163582,0.0672836,0.242445,0.408711,1.05,1.00756,0.558299,0.42524,0.558299,0.598591,0.371608,0.29876,420,126,0.0879965,1,1,1
h3,724,33,1,27,5.64856,1,8788,7503,0.173526,-0.130814,0.141953,0.238178,0.370442,1.05,1.07527,0.743484,0.595336,0.76406,0.49932,0.591358,0.530075,420,126,0.103185,1,1,1
h3,725,33,1,280,5.54833,0,3801,2096,-0.154073,-0.327936,-0.173717,0.132387,0.461176,1.05,1.08129,0.555556,0.433128,0.565158,0.638292,0.561999,0.45912,420,126,0.0900459,1,1,1
h3,726,33,1,28,5.97725,1,10375,4323,0.236131,0.100567,-0.125508,-0.0855446,0.407014,1.05,1.03717,0.62963,0.463306,0.62963,0.57175,0.482525,0.403056,420,126,0.0992788,-1,1,1
h3,727,33,1,201,1.84627,0,7662,1761,0.141445,0.0548306,-0.186384,0.0636959,0.328288,1.05,1.02689,0.624143,0.47348,0.624143,0.440697,0.498728,0.438299,420,126,0.0862526,-1,1,1
h3,728,33,1,270,1.529,0,7665,9656,0.148676,-0.0868168,0.225344,0.148308,0.248101,1.05,1.0348,0.631001,0.529607,0.663923,0.414661,0.592501,0.522336,420,126,0.103514,1,1,1
h3,729,33,1,74,1.78741,1,8920,6744,0.171521,-0.18165,0.105472,-0.10816,0.0988097,1.05,1.28503,0.537723,0.582876,0.665295,0.303933,0.863672,0.801349,420,126,0.0739336,1,1,1
h3,730,33,1,320,2.43064,0,10120,6281,0.229893,0.16573,0.0763931,-0.363005,0.550812,1.05,1.03879,0.78738,0.573617,0.78738,0.700948,0.604914,0.551599,420,126,0.0969083,-1,1,1
h3,731,33,1,288,2.57685,0,7857,7661,0.149915,0.102762,0.14071,0.0125942,0.0906366,1.05,0.635016,0.534979,0.478738,0.550069,0.321163,0.687154,0.631974,420,126,0.0831127,1,1,1
h3,732,33,1,137,3.47452,0,3987,3698,-0.134161,0.139454,-0.14816,0.0648441,0.0761302,1.05,0.987925,0.55144,0.508002,0.555556,0.254537,0.6914,0.648264,420,126,0.088547,1,1,1
h3,733,33,1,82,2.25225,1,9822,10060,0.20051,-0.0951767,0.195558,-0.205496,0.110452,1.05,1.15033,0.677641,0.623,0.69273,0.319634,0.918195,0.853452,420,126,0.0712644,-1,1,1
h3,734,33,1,3,0.807455,0,6806,5919,0.102597,0.0450497,0.0271606,-0.319424,0.372511,1.05,1.098,0.864198,0.612254,0.864198,0.634696,0.664728,0.582254,420,126,0.0864213,-1,1,1
h3,735,33,1,5,4.76465,0,10596,9226,0.231307,0.165493,0.186035,0.104046,0.0777876,1.05,0.990921,0.617284,0.53075,0.617284,0.262031,0.850409,0.794331,420,126,0.0844881,1,1,1
h3,736,33,1,250,2.02226,0,2302,653,-0.169047,0.140715,-0.225437,0.0711021,0.0923306,1.05,1.29287,0.536351,0.49497,0.569273,0.23904,0.750103,0.710854,420,126,0.0880009,1,1,1
h3,737,33,1,34,4.80098,1,5499,147,-0.0198965,-0.340536,-0.218919,-0.0163422,0.38041,1.05,1.05705,0.820302,0.619456,0.820302,0.570148,0.76518,0.714881,420,126,0.0878503,1,1,1
h3,738,33,1,70,1.93527,1,961,714,-0.20969,0.166059,-0.204701,0.148882,0.0248244,1.05,0.993908,0.502058,0.481253,0.515775,0.25965,0.812679,0.777722,420,126,0.0877349,1,1,1
h3,739,33,1,114,4.14804,1,5668,656,0.00246906,0.0739918,-0.204247,0.0275517,0.212051,1.05,1.107,0.404664,0.36957,0.408779,0.408008,0.518526,0.468668,420,126,0.0876512,-1,1,1
h3,740,33,1,229,2.70945,1,6569,10765,0.088953,0.0687771,0.25294,0.143925,0.18063,1.05,1.05645,0.477366,0.395062,0.477366,0.331146,0.566132,0.510701,420,126,0.104206,-1,1,1
h3,741,33,1,113,2.347,0,6345,10306,0.0724735,-0.0297298,0.215862,-0.329967,0.332754,1.05,1.24798,0.689986,0.524348,0.694102,0.484074,0.662261,0.60629,420,126,0.0965075,-1,1,1
h3,742,33,1,248,6.02214,1,7771,2985,0.14819,0.0978336,-0.159293,-0.0837536,0.357233,1.05,1.11199,0.611797,0.442501,0.61454,0.580555,0.454118,0.383055,420,126,0.082798,-1,1,1
h3,743,33,1,114,4.18139,1,5668,9538,0.00246906,0.0739918,0.224853,0.0656338,0.222917,1.05,1.11877,0.473251,0.405578,0.473251,0.4307,0.538497,0.472688,420,126,0.08898,-1,1,1
h3,744,33,1,335,5.35192,1,464,10233,-0.226211,0.014286,0.211813,-0.221642,0.497847,1.05,1.06151,0.688615,0.506401,0.688615,0.655037,0.552666,0.502522,420,126,0.0874871,-1,1,1
h3,745,33,1,15,2.01994,1,2437,5231,-0.165283,-0.121399,-0.0499516,0.204765,0.345954,1.05,1.13599,0.654321,0.53658,0.670782,0.526739,0.561896,0.494518,420,126,0.0949533,1,1,1
h3,746,33,1,63,1.4986,0,5177,4335,-0.0551548,0.00205994,-0.116791,0.141273,0.153073,1.05,1.34154,0.580247,0.487883,0.591221,0.383619,0.59346,0.513618,420,126,0.0833806,1,1,1
h3,747,33,1,285,4.83708,1,3880,2716,-0.129134,0.0450554,-0.153351,0.0555878,0.0299469,1.05,0.934796,0.381344,0.481024,0.592593,0.250584,0.684097,0.652044,420,126,0.129689,-1,1,1
h3,748,33,1,352,0.572178,1,3098,2868,-0.156376,0.0952129,-0.153968,0.122707,0.0332571,1.05,1.01265,0.48834,0.459076,0.497942,0.258499,0.692481,0.658459,420,126,0.0913645,1,1,1
h3,749,33,1,140,5.18803,0,3904,5353,-0.141647,-0.0162334,-0.0356007,0.0142059,0.111713,1.05,1.29465,0.452675,0.472908,0.504801,0.320393,0.630434,0.568731,420,126,0.0985483,1,1,1
h3,750,33,1,78,0.256053,1,324,9994,-0.224188,0.0509129,0.249982,0.00729179,0.4763,1.05,1.12946,0.783265,0.564129,0.783265,0.634655,0.598844,0.554865,420,126,0.0942823,-1,1,1
h3,751,33,1,212,1.41576,0,1917,7204,-0.185428,-0.0455341,0.124285,0.150881,0.366828,1.05,1.19571,0.748971,0.542981,0.748971,0.565545,0.500882,0.417857,420,126,0.0869126,-1,1,1
h3,752,33,1,105,5.34122,1,6653,6794,0.101091,-0.290726,0.113447,-0.28068,0.0168374,1.05,1.22422,0.458162,0.467307,0.507545,0.239148,0.873797,0.848016,420,126,0.0769243,1,1,1
h3,753,33,1,33,5.71322,1,5177,8769,-0.0551548,0.00205994,0.178028,0.0283966,0.235231,1.05,0.986525,0.529492,0.39792,0.529492,0.456092,0.428446,0.36272,420,126,0.0840197,1,1,1
h3,754,33,1,123,2.83887,0,526,9508,-0.205878,0.083025,0.18177,0.0838604,0.38765,1.05,1.07055,0.773663,0.559556,0.773663,0.5439,0.516074,0.453362,420,126,0.0982248,-1,1,1
h3,755,33,1,216,4.65377,0,4376,84,-0.114228,0.055378,-0.243364,0.0614071,0.131688,1.05,1.33698,0.580247,0.488798,0.621399,0.38548,0.68824,0.640321,420,126,0.0797216,1,1,1
h3,756,33,1,6,5.66984,0,1637,10898,-0.190276,0.136393,0.259318,0.127201,0.449878,1.05,1.04994,0.672154,0.501943,0.674897,0.583741,0.489338,0.424801,420,126,0.110569,-1,1,1
h3,757,33,1,195,5.77809,1,4564,8897,-0.105632,-0.174397,0.178752,0.200403,0.470491,1.05,1.11513,0.727023,0.51749,0.727023,0.65926,0.524177,0.45238,420,126,0.0797105,-1,1,1
h3,758,33,1,240,1.23059,0,9047,356,0.185042,0.0494537,-0.23502,0.0805206,0.421254,1.05,1.08542,0.717421,0.527549,0.717421,0.579122,0.551774,0.48545,420,126,0.0999586,-1,1,1
h3,759,33,1,299,3.48174,0,5677,11045,0.00548267,0.232298,0.30973,0.0594101,0.349938,1.05,1.02959,0.737997,0.552126,0.737997,0.446323,0.598776,0.538731,420,126,0.0823022,-1,1,1
h3,760,33,1,80,0.464852,1,7155,2996,0.118459,0.0805721,-0.15751,0.0938358,0.276968,1.05,0.884872,0.382716,0.328304,0.392318,0.476519,0.367689,0.302778,420,126,0.0911273,1,1,1
h3,761,33,1,289,1.18974,0,10063,9317,0.257437,0.0108929,0.172563,-0.0363102,0.0971759,1.05,0.951803,0.688615,0.581962,0.691358,0.346035,0.900515,0.832386,420,126,0.0804787,1,1,1
h3,762,33,1,36,4.43911,0,4675,7286,-0.0965948,0.0406284,0.129545,0.0526352,0.22655,1.05,1.00687,0.536351,0.41278,0.536351,0.427876,0.420438,0.338654,420,126,0.090647,1,1,1
h3,763,33,1,188,0.28204,1,2079,3947,-0.178904,-0.0141182,-0.129362,0.0681973,0.096752,1.05,0.786736,0.592593,0.533379,0.607682,0.269695,0.756171,0.712707,420,126,0.0882157,1,1,1
h3,764,33,1,24,2.724,1,2921,7032,-0.173109,-0.296366,0.124377,0.20434,0.582412,1.05,0.994571,0.706447,0.51909,0.706447,0.703716,0.526606,0.448283,420,126,0.0729325,-1,1,1
h3,765,33,1,332,5.62732,0,5941,917,0.0329351,-0.0158253,-0.198119,0.156185,0.288052,1.05,0.956782,0.500686,0.393461,0.500686,0.471325,0.477895,0.412067,420,126,0.08704,-1,1,1
h3,766,33,1,118,2.28067,1,7523,9990,0.134081,0.0461788,0.187766,0.230082,0.192947,1.05,0.996688,0.648834,0.54824,0.709191,0.339399,0.643039,0.595601,420,126,0.0915174,1,1,1
h3,767,33,1,134,0.298785,0,6418,9930,0.0837402,-0.349382,0.231476,0.135241,0.506642,1.05,1.03796,0.462277,0.352538,0.462277,0.635023,0.371166,0.304587,420,126,0.0980084,1,1,1
h3,768,33,1,202,4.90839,1,144,4909,-0.231728,0.0513172,-0.0775776,0.22835,0.2349,1.05,1.04835,0.754458,0.568701,0.754458,0.36157,0.737272,0.670126,420,121,0.100207,1,1,1
h3,769,33,1,46,4.0939,0,9358,1943,0.231081,0.0915756,-0.171802,0.178631,0.41242,1.05,1.05597,0.475994,0.368427,0.477366,0.53837,0.427793,0.345855,420,121,0.0958527,-1,1,1
h3,770,33,1,251,3.04,1,4139,3445,-0.13478,-0.061245,-0.134089,0.0673084,0.128916,1.05,1.005,0.62963,0.515089,0.62963,0.336434,0.678948,0.595451,420,121,0.084256,1,1,1
h3,771,33,1,57,3.32942,1,4978,8188,-0.0723915,-0.0892067,0.165196,0.00112534,0.254355,1.05,0.972038,0.48011,0.403864,0.48011,0.421433,0.474815,0.414231,420,121,0.080111,-1,1,1
h3,772,33,1,101,0.867372,0,7045,2745,0.118739,0.047718,-0.162402,0.096384,0.285366,1.05,0.974405,0.536351,0.414723,0.536351,0.403198,0.483673,0.415183,420,121,0.0873073,-1,1,1
h3,773,33,1,58,1.73225,0,10095,6167,0.206202,-0.159727,0.0566711,-0.155424,0.149607,1.05,1.30251,0.518519,0.53738,0.578875,0.278237,0.817377,0.750525,420,121,0.0708406,1,1,1
h3,774,33,1,260,5.50869,0,2043,3266,-0.183751,0.0857372,-0.156611,0.0618572,0.0363901,1.05,1.08299,0.514403,0.490169,0.545953,0.297297,0.739073,0.703659,420,121,0.0916011,1,1,1
h3,775,33,1,40,0.631399,1,3056,4121,-0.148311,0.0392227,-0.121878,-0.0341682,0.0801445,1.05,0.887094,0.573388,0.496914,0.573388,0.2913,0.705183,0.650182,420,121,0.0947875,-1,1,1
h3,776,33,1,4,3.71136,0,8825,9604,0.163641,0.167528,0.178226,0.21159,0.0464127,1.05,1.00355,0.506173,0.462734,0.544582,0.242289,0.739203,0.708936,420,121,0.0780236,1,1,1
h3,777,33,1,265,6.13532,0,9994,3976,0.249982,0.00729179,-0.120061,-0.0362606,0.372623,1.05,1.1342,0.567901,0.438272,0.570645,0.552493,0.41956,0.33989,420,121,0.079055,1,1,1
h3,778,33,1,293,4.90566,0,2257,7440,-0.169982,0.165693,0.135323,0.00498199,0.345028,1.05,0.961453,0.618656,0.47668,0.626886,0.481722,0.524487,0.443175,420,121,0.112695,-1,1,1
h3,779,33,1,43,5.29938,0,5356,4908,-0.0349789,-0.00699425,-0.0811987,-0.159805,0.15966,1.05,1.0322,0.513032,0.456104,0.529492,0.378517,0.608739,0.536247,420,121,0.0814497,1,1,1
h3,780,33,1,175,2.72391,0,5584,31,-0.00572777,0.109005,-0.249928,0.00607872,0.265048,1.05,1.12509,0.563786,0.439986,0.569273,0.452492,0.544892,0.498444,420,121,0.0804138,1,1,1
h3,781,33,1,228,2.6464,1,2593,4807,-0.166303,0.0278931,-0.0855722,-0.0470028,0.110509,1.05,0.778585,0.454047,0.464678,0.486968,0.274454,0.686513,0.623785,420,121,0.115213,1,1,1
h3,782,33,1,120,5.22563,0,6292,2744,0.067399,0.00792694,-0.160707,0.113932,0.251703,1.05,0.96003,0.510288,0.411294,0.510288,0.395909,0.460421,0.390565,420,121,0.0897916,1,1,1
h3,783,33,1,269,1.27614,1,4914,6745,-0.0774136,0.0711575,0.107104,0.236029,0.247621,1.05,0.890996,0.59808,0.461706,0.59808,0.3622,0.569774,0.499002,420,121,0.080724,1,1,1
h3,784,33,1,118,0.281076,1,7523,4894,0.134081,0.0461788,-0.0809841,0.247871,0.295482,1.05,1.2086,0.610425,0.456219,0.610425,0.470345,0.43046,0.3635,420,121,0.0914556,1,1,1
h3,785,33,1,163,0.577173,0,10457,2017,0.210853,0.0954266,-0.181676,0.037262,0.397466,1.05,1.0669,0.78738,0.563214,0.78738,0.592931,0.547991,0.489134,420,121,0.102639,-1,1,1
h3,786,33,1,5,4.04294,1,10596,10579,0.231307,0.165493,0.270201,0.0182648,0.152281,1.05,1.35997,0.528121,0.525492,0.548697,0.314084,0.862293,0.813778,420,121,0.0732828,1,1,1
h3,787,33,1,251,1.03629,0,4139,6879,-0.13478,-0.061245,0.11262,-0.130833,0.257767,1.05,1.03682,0.455418,0.42444,0.469136,0.383578,0.541863,0.46115,420,121,0.0756497,1,1,1
h3,788,33,1,292,2.88918,1,1564,7493,-0.183478,0.217865,0.137077,0.162495,0.325476,1.05,1.01802,0.437586,0.361683,0.437586,0.455451,0.473519,0.387912,420,121,0.0855543,1,1,1
h3,789,33,1,165,5.37241,1,8843,2230,0.164301,-0.0429077,-0.168906,0.0138702,0.338442,1.05,1.01631,0.510288,0.400434,0.510288,0.491414,0.352212,0.264426,420,121,0.095714,-1,1,1
h3,790,33,1,73,0.684091,1,535,9576,-0.21259,0.106255,0.181167,-0.0167007,0.412508,1.05,1.1666,0.651578,0.501829,0.651578,0.548148,0.487062,0.425614,420,121,0.0946378,1,1,1
h3,791,33,1,355,5.60814,1,1726,2526,-0.178057,0.123343,-0.15862,0.197765,0.0769645,1.05,1.17627,0.506173,0.490512,0.522634,0.245012,0.739321,0.705078,420,121,0.0998649,1,1,1
h3,792,33,1,176,0.503181,0,778,10601,-0.210168,0.0676079,0.236279,0.0923386,0.447387,1.05,1.01071,0.758573,0.554641,0.758573,0.556395,0.579537,0.512609,420,121,0.0985438,-1,1,1
h3,793,33,1,300,2.37247,0,1608,5157,-0.189309,0.0433655,-0.0560818,0.212061,0.216397,1.05,1.18337,0.717421,0.566644,0.717421,0.385674,0.675247,0.612594,420,121,0.0846476,-1,1,1
h3,794,33,1,65,4.23158,1,8697,3887,0.212385,0.0523567,-0.128459,0.0497417,0.340856,1.05,1.15018,0.662551,0.478395,0.662551,0.559257,0.456776,0.3909,420,121,0.0811644,1,1,1
h3,795,33,1,351,5.49114,0,7516,2658,0.137561,0.0491657,-0.159298,0.138201,0.310181,1.05,0.946991,0.541838,0.407293,0.548697,0.448346,0.463617,0.388543,420,121,0.0873808,-1,1,1
h3,796,33,1,101,5.54363,0,7045,6256,0.118739,0.047718,0.064271,-0.00986099,0.0807376,1.05,1.26936,0.421125,0.401235,0.426612,0.264287,0.66153,0.598212,420,121,0.0949929,1,1,1
h3,797,33,1,137,4.76624,0,3987,5454,-0.134161,0.139454,-0.026165,-0.345554,0.497272,1.05,1.04629,0.51989,0.389118,0.51989,0.681736,0.39332,0.302679,420,121,0.107964,-1,1,1
h3,798,33,1,182,3.45398,0,3774,10668,-0.131494,-0.00063324,0.240404,0.0846119,0.38156,1.05,1.07091,0.674897,0.508345,0.674897,0.539038,0.562031,0.493008,420,121,0.0939529,-1,1,1
h3,799,33,1,167,3.17096,0,8147,7246,0.163493,0.0996017,0.130295,-0.0660954,0.169427,1.05,1.01868,0.55144,0.473937,0.55144,0.451729,0.648373,0.58053,420,121,0.092248,1,1,1
h3,800,33,1,322,4.20766,0,5527,7944,-0.0120497,-0.0560322,0.157911,-0.125326,0.183636,1.05,1.11313,0.602195,0.477481,0.602195,0.426031,0.579288,0.50501,420,121,0.0743234,-1,1,1
h3,801,33,1,324,2.23192,0,4921,1194,-0.0815163,-0.194134,-0.199983,0.151894,0.36579,1.05,0.9965,0.581619,0.449474,0.585734,0.577259,0.413184,0.349162,420,121,0.0994475,1,1,1
h3,802,33,1,178,5.15235,0,8607,480,0.16803,-0.150829,-0.229547,0.132696,0.488573,1.05,1.03989,0.705075,0.528578,0.705075,0.692532,0.511847,0.452111,420,121,0.0794955,1,1,1
h3,803,33,1,253,2.11029,0,3937,5657,-0.121672,0.0532417,0.000471115,0.0899048,0.127533,1.05,1.16192,0.528121,0.439758,0.533608,0.322746,0.557273,0.486232,420,121,0.0954968,-1,1,1
h3,804,33,1,216,1.39558,0,4376,8921,-0.114228,0.055378,0.174758,0.0880222,0.291239,1.05,1.00518,0.503429,0.389918,0.503429,0.41605,0.467106,0.399479,420,121,0.0901807,1,1,1
h3,805,33,1,339,2.56496,1,7784,3063,0.148911,-0.119907,-0.138862,0.0671387,0.343578,1.05,1.08917,0.580247,0.447874,0.580247,0.486687,0.488288,0.418642,420,121,0.0819578,-1,1,1
h3,806,33,1,332,6.21436,0,5941,321,0.0329351,-0.0158253,-0.235042,0.116234,0.298832,1.05,0.986541,0.526749,0.443987,0.537723,0.477036,0.502219,0.443742,420,121,0.0841808,-1,1,1
h3,807,33,1,201,5.67528,1,7662,6967,0.141445,0.0548306,0.120353,0.164135,0.111564,1.05,1.2182,0.632373,0.498171,0.632373,0.342933,0.661737,0.607672,420,121,0.077955,-1,1,1
h3,808,33,1,327,2.69064,0,9518,5982,0.186314,-0.137562,0.0374079,0.108328,0.287597,1.05,1.05993,0.754458,0.564358,0.754458,0.513492,0.617733,0.551674,420,121,0.093858,-1,1,1
h3,809,33,1,186,5.73705,0,2504,4764,-0.170289,-0.155634,-0.10929,-0.329096,0.183875,1.05,0.870878,0.677641,0.561386,0.691358,0.342469,0.875099,0.809563,420,121,0.0814711,-1,1,1
h3,810,33,1,213,2.66654,1,2620,5457,-0.170588,0.00360489,-0.0259886,-0.348539,0.380894,1.05,1.13442,0.404664,0.338592,0.404664,0.527033,0.419254,0.356839,420,121,0.104165,-1,1,1
h3,811,33,1,330,4.38145,1,9588,1349,0.217487,-0.00680923,-0.19462,-0.142284,0.433806,1.05,1.1228,0.657064,0.493027,0.657064,0.601977,0.503611,0.449471,420,121,0.0813432,1,1,1
h3,812,33,1,273,5.8554,0,108,50,-0.227655,-0.00109291,-0.24016,0.0422707,0.0455741,1.05,0.976984,0.635117,0.579332,0.636488,0.271192,0.874117,0.83525,420,121,0.0855648,1,1,1
h3,813,33,1,132,1.57522,0,6771,9436,0.110182,-0.34227,0.214523,0.161716,0.51468,1.05,1.0749,0.500686,0.377572,0.500686,0.681543,0.431556,0.369006,420,121,0.103163,-1,1,1
h3,814,33,1,253,5.92242,0,3937,6717,-0.121672,0.0532417,0.104815,-0.342909,0.456657,1.05,1.12575,0.537723,0.394833,0.537723,0.598675,0.406809,0.331823,420,121,0.0945099,-1,1,1
h3,815,33,1,119,0.649809,1,6372,495,0.0742025,-0.000125885,-0.221099,0.111145,0.315898,1.05,0.914932,0.521262,0.426612,0.522634,0.431433,0.532921,0.478349,420,121,0.0870312,-1,1,1
h3,816,33,1,155,1.45443,1,64,1499,-0.234214,0.0388947,-0.194539,0.16378,0.131555,1.05,0.850925,0.73251,0.598194,0.73251,0.282581,0.865564,0.796256,420,121,0.0731883,-1,1,1
h3,817,33,1,316,4.88678,0,1300,1185,-0.189615,0.133741,-0.189715,0.179266,0.0455247,1.05,0.984824,0.493827,0.46342,0.500686,0.253611,0.760063,0.731128,420,121,0.115693,-1,1,1
h3,818,33,1,53,1.21705,1,346,4202,-0.202495,-0.0312653,-0.133697,-0.225039,0.205624,1.05,0.945649,0.650206,0.597051,0.652949,0.316083,0.798172,0.729753,420,121,0.118624,-1,1,1
h3,819,33,1,42,2.14199,0,9253,9263,0.185676,0.104273,0.173266,0.179611,0.0777943,1.05,0.785728,0.584362,0.485711,0.584362,0.35197,0.716364,0.679002,420,121,0.0837407,1,1,1
h3,820,33,1,138,3.24838,1,830,267,-0.200576,0.145721,-0.2225,0.0526695,0.0957902,1.05,1.13143,0.589849,0.535208,0.59808,0.253968,0.800709,0.745857,420,121,0.0792598,-1,1,1
h3,821,33,1,220,2.81189,0,2899,2095,-0.150534,0.177486,-0.170121,-0.0115623,0.190072,1.05,1.26287,0.681756,0.546525,0.681756,0.376717,0.681198,0.624841,420,121,0.0842146,1,1,1
h3,822,33,1,129,0.710331,0,7775,8198,0.146469,0.110203,0.181293,0.131485,0.048157,1.05,1.01838,0.414266,0.443644,0.462277,0.263068,0.677006,0.65005,420,121,0.103746,1,1,1
h3,823,33,1,187,2.4844,0,7043,8418,0.119442,0.0503368,0.159114,0.115978,0.080672,1.05,0.921591,0.621399,0.498514,0.621399,0.355329,0.665132,0.609814,420,121,0.0781704,-1,1,1
h3,824,33,1,268,0.13255,1,5413,10725,-0.0282841,-0.2064,0.240937,0.173769,0.46585,1.05,1.10215,0.545953,0.400434,0.545953,0.66464,0.351808,0.287707,420,121,0.0921141,1,1,1
h3,825,33,1,126,4.1256,0,6357,9686,0.0777397,-0.235508,0.235135,-0.0152779,0.27085,1.05,1.08328,0.547325,0.425469,0.550069,0.473713,0.460257,0.394799,420,121,0.0921439,-1,1,1
h3,826,33,1,101,4.87351,1,7045,4650,0.118739,0.047718,-0.0962343,0.0741673,0.217138,1.05,0.933164,0.477366,0.407636,0.477366,0.386131,0.448034,0.378117,420,121,0.0807011,1,1,1
h3,827,33,1,181,2.92515,1,5016,2744,-0.0794039,-0.346125,-0.160707,0.113932,0.467259,1.05,1.09248,0.592593,0.4369,0.592593,0.637703,0.450211,0.351077,420,121,0.0898445,-1,1,1
h3,828,33,1,289,3.27768,0,10063,9967,0.257437,0.0108929,0.194288,0.0281525,0.065715,1.05,1.01686,0.510288,0.541952,0.587106,0.205015,0.89632,0.854406,420,121,0.0794657,1,1,1
h3,829,33,1,51,2.09245,0,7553,7775,0.139863,0.0657787,0.146469,0.110203,0.0456648,1.05,1.06415,0.426612,0.421696,0.437586,0.22965,0.669142,0.621315,420,121,0.108178,-1,1,1
h3,830,33,1,69,4.60503,1,6992,2534,0.133218,-0.357046,-0.168389,0.115206,0.560878,1.05,1.10504,0.786008,0.582648,0.786008,0.696411,0.659064,0.588402,420,121,0.0760035,-1,1,1
h3,831,33,1,26,2.63369,0,6899,3835,0.113692,-0.10355,-0.154677,-0.343374,0.359926,1.05,0.965619,0.835391,0.601623,0.835391,0.544878,0.689582,0.6185,420,121,0.077149,-1,1,1
h3,832,33,1,113,4.78674,1,6345,4424,0.0724735,-0.0297298,-0.118315,-0.295128,0.327055,1.05,1.02755,0.674897,0.520576,0.674897,0.530433,0.604237,0.527826,420,139,0.0808314,-1,1,1
h3,833,33,1,314,2.85035,0,8872,2149,0.164937,0.128082,-0.17206,0.00567055,0.358622,1.05,1.0457,0.639232,0.477481,0.639232,0.544393,0.482433,0.40985,420,139,0.0854809,-1,1,1
h3,834,33,1,319,4.17617,1,6265,770,0.0645962,0.127625,-0.211845,0.0817089,0.280826,1.05,1.02663,0.495199,0.390947,0.495199,0.405484,0.50058,0.42954,420,139,0.085866,1,1,1
h3,835,33,1,327,4.10323,0,9518,9054,0.186314,-0.137562,0.184466,0.115223,0.252819,1.05,1.03111,0.737997,0.590535,0.753086,0.417534,0.709098,0.627702,420,139,0.0909057,-1,1,1
h3,836,33,1,205,5.36123,0,1025,3608,-0.191102,0.0364304,-0.13695,0.163717,0.138368,1.05,1.09578,0.647462,0.570416,0.647462,0.307946,0.744432,0.695907,420,139,0.09177,-1,1,1
h3,837,33,1,18,1.99786,0,3981,4858,-0.140279,-0.029398,-0.0804729,-0.012846,0.0662008,1.05,0.993624,0.496571,0.482968,0.515775,0.264601,0.694984,0.660086,420,139,0.0993129,1,1,1
h3,838,33,1,163,1.2419,0,10457,5249,0.210853,0.0954266,-0.050787,-0.349443,0.516192,1.05,1.04251,0.902606,0.631687,0.902606,0.740142,0.672646,0.601443,420,139,0.0967868,1,1,1
h3,839,33,1,70,2.27235,0,961,220,-0.20969,0.166059,-0.223729,0.0322571,0.134891,1.05,1.25955,0.655693,0.584134,0.658436,0.276843,0.798652,0.743258,420,139,0.0702511,-1,1,1
h3,840,33,1,290,5.33513,0,4930,5390,-0.0825062,-0.343903,-0.0350218,-0.333784,0.0486142,1.05,1.01522,0.465021,0.455304,0.475994,0.227295,0.853928,0.827403,420,139,0.0728064,-1,1,1
h3,841,33,1,350,1.96252,1,7312,4102,0.13179,-0.0699139,-0.115596,0.0566654,0.277889,1.05,0.947301,0.554184,0.426955,0.554184,0.471967,0.438155,0.364099,420,139,0.0789471,-1,1,1
h3,842,33,1,100,6.10364,0,8821,2375,0.194382,0.18203,-0.165096,0.0143948,0.396912,1.05,1.08208,0.703704,0.517147,0.705075,0.575591,0.544682,0.466777,420,139,0.0845469,1,1,1
h3,843,33,1,24,2.35629,1,2921,5494,-0.173109,-0.296366,-0.0198116,-0.316719,0.154643,1.05,1.1446,0.711934,0.596936,0.742113,0.323153,0.890973,0.822847,420,139,0.0788968,1,1,1
h3,844,33,1,19,1.89557,1,4470,10967,-0.109062,0.186951,0.29237,0.0838547,0.414559,1.05,0.944188,0.866941,0.599566,0.866941,0.529627,0.598931,0.52182,420,139,0.0867262,1,1,1
h3,845,33,1,156,0.400432,0,3661,7549,-0.142878,0.118633,0.142399,-0.0216713,0.318442,1.05,1.01409,0.610425,0.464449,0.618656,0.459996,0.462048,0.393857,420,139,0.0957124,-1,1,1
h3,846,33,1,217,4.50572,1,3432,5998,-0.147217,-0.0171223,0.0399027,0.07131,0.207136,1.05,0.91548,0.580247,0.441472,0.584362,0.452736,0.530196,0.460015,420,139,0.0946417,1,1,1
h3,847,33,1,248,3.87236,1,7771,1108,0.14819,0.0978336,-0.197262,0.191402,0.357924,1.05,1.02017,0.79561,0.560128,0.79561,0.493837,0.586474,0.507838,420,139,0.0816592,-1,1,1
h3,848,33,1,39,2.53255,1,4259,11028,-0.135017,-0.327379,0.321512,0.0740757,0.607935,1.05,1.07565,0.737997,0.581276,0.737997,0.744282,0.681203,0.640853,420,139,0.0720275,1,1,1
h3,849,33,1,172,1.67509,1,9878,6839,0.195211,-0.144428,0.116261,-0.275871,0.153587,1.05,0.73542,0.676269,0.644376,0.729767,0.308701,0.925846,0.854724,420,139,0.0720537,1,1,1
h3,850,33,1,3,3.79581,1,6806,5365,0.102597,0.0450497,-0.0382824,-0.36363,0.43276,1.05,0.90776,0.824417,0.597622,0.824417,0.610119,0.65996,0.579277,420,139,0.0939746,1,1,1
h3,851,33,1,250,2.45448,0,2302,10806,-0.169047,0.140715,0.277405,0.0551662,0.454611,1.05,1.0487,0.880658,0.619342,0.880658,0.598431,0.599212,0.540737,420,139,0.104361,-1,1,1
h3,852,33,1,351,2.87322,1,7516,9565,0.137561,0.0491657,0.199361,0.197046,0.160694,1.05,1.20443,0.600823,0.528235,0.61454,0.364622,0.669606,0.605538,420,139,0.0786729,1,1,1
h3,853,33,1,314,3.63257,0,8872,7369,0.164937,0.128082,0.130434,0.122215,0.0379572,1.05,1.02476,0.390947,0.488455,0.591221,0.217026,0.69443,0.658878,420,139,0.0854396,-1,1,1
h3,854,33,1,8,1.86607,1,9999,2141,0.199837,0.210627,-0.168062,0.205011,0.367947,1.05,1.007,0.742113,0.558756,0.744856,0.491253,0.581413,0.495551,420,139,0.0833796,-1,1,1
h3,855,33,1,103,5.7805,1,7750,3852,0.152753,-0.326408,-0.138303,0.110601,0.525268,1.05,1.06618,0.739369,0.556584,0.739369,0.650795,0.648663,0.566968,420,139,0.0740517,-1,1,1
h3,856,33,1,101,3.48874,1,7045,2118,0.118739,0.047718,-0.17232,0.170261,0.31582,1.05,1.09346,0.610425,0.465821,0.618656,0.455333,0.42728,0.347244,420,139,0.0853219,1,1,1
h3,857,33,1,66,1.95999,1,10754,6936,0.230483,0.193855,0.115832,-0.120451,0.334577,1.05,1.15138,0.710562,0.571216,0.710562,0.486241,0.658496,0.59156,420,139,0.109555,-1,1,1
h3,858,33,1,267,0.0702683,1,6716,7108,0.111701,-0.327877,0.129584,0.209162,0.537336,1.05,1.05276,0.430727,0.34808,0.437586,0.702406,0.471369,0.394314,420,139,0.113495,-1,1,1
h3,859,33,1,127,0.158149,0,2482,257,-0.163481,-0.00595093,-0.223343,0.0240364,0.0670792,1.05,1.00481,0.508916,0.511888,0.548697,0.318137,0.738105,0.710383,420,139,0.109412,-1,1,1
h3,860,33,1,101,1.39478,1,7045,3674,0.118739,0.047718,-0.158575,-0.32419,0.464171,1.05,0.973422,0.677641,0.515089,0.677641,0.589816,0.613292,0.541137,420,139,0.0795761,-1,1,1
h3,861,33,1,246,5.5685,1,3742,8954,-0.139676,-0.106091,0.197203,0.0848923,0.387359,1.05,1.08739,0.603567,0.473365,0.603567,0.530242,0.474376,0.413274,420,139,0.0869203,1,1,1
h3,862,33,1,326,2.47318,1,8603,8053,0.209276,0.133911,0.156575,-0.00183105,0.146001,1.05,1.14973,0.622771,0.53155,0.632373,0.413511,0.755067,0.690753,420,139,0.0889784,1,1,1
h3,863,33,1,290,5.81617,0,4930,10678,-0.0825062,-0.343903,0.242382,0.0913486,0.543135,1.05,1.03765,0.770919,0.587906,0.770919,0.696414,0.711844,0.651626,420,139,0.0765885,-1,1,1
h3,864,33,1,127,0.302044,1,2482,10924,-0.163481,-0.00595093,0.279381,0.0453625,0.446129,1.05,1.02756,0.728395,0.548926,0.728395,0.630285,0.598956,0.55477,420,139,0.11622,-1,1,1
h3,865,33,1,53,1.33945,1,346,5778,-0.202495,-0.0312653,0.0147085,0.171535,0.297164,1.05,1.21057,0.740741,0.571559,0.740741,0.490526,0.586654,0.525252,420,139,0.0935099,1,1,1
h3,866,33,1,83,4.70056,1,10890,9568,0.253678,0.148167,0.225609,0.0446339,0.108686,1.05,1.56749,0.668038,0.572359,0.668038,0.252824,0.898838,0.84799,420,139,0.0736239,-1,1,1
h3,867,33,1,172,5.18573,0,9878,1337,0.195211,-0.144428,-0.19216,0.0065918,0.415778,1.05,1.1251,0.615912,0.476109,0.615912,0.566495,0.537831,0.469322,420,139,0.0797497,1,1,1
h3,868,33,1,66,5.72882,1,10754,10869,0.230483,0.193855,0.27528,0.0859909,0.116894,1.05,1.16499,0.647462,0.56733,0.647462,0.345562,0.870866,0.807727,420,139,0.0758807,1,1,1
h3,869,33,1,210,2.02206,0,8066,2079,0.171865,0.0952969,-0.178904,-0.0141182,0.367618,1.05,1.04418,0.658436,0.485025,0.658436,0.535292,0.448399,0.383649,420,139,0.0791551,1,1,1
h3,870,33,1,311,4.27173,0,8277,5115,0.180251,0.12841,-0.0621681,-0.0608883,0.307997,1.05,1.1116,0.530864,0.432785,0.530864,0.527799,0.542104,0.474294,420,139,0.0887357,1,1,1
h3,871,33,1,299,3.9412,1,5677,9797,0.00548267,0.232298,0.224023,0.157085,0.231912,1.05,1.15594,0.836763,0.607225,0.836763,0.439865,0.686323,0.615151,420,139,0.0845339,-1,1,1
h3,872,33,1,210,5.06097,1,8066,6029,0.171865,0.0952969,0.0423164,-0.0202522,0.175117,1.05,1.08726,0.462277,0.444444,0.473251,0.404911,0.65126,0.566984,420,139,0.089412,-1,1,1
h3,873,33,1,262,4.49552,0,778,9241,-0.210168,0.0676079,0.197673,0.191174,0.426178,1.05,0.991343,0.81893,0.582762,0.81893,0.549421,0.544746,0.466713,420,139,0.092201,-1,1,1
h3,874,33,1,148,0.790494,0,1845,8276,-0.183132,0.0116653,0.184557,0.150051,0.392885,1.05,1.01419,0.455418,0.353567,0.459534,0.568541,0.349282,0.270284,420,139,0.10302,1,1,1
h3,875,33,1,306,4.11459,1,4455,10361,-0.108157,0.0669174,0.21396,0.0917645,0.323834,1.05,0.945617,0.611797,0.464449,0.611797,0.439819,0.521963,0.463165,420,139,0.10013,1,1,1
h3,876,33,1,165,0.0261596,1,8843,7758,0.164301,-0.0429077,0.146992,0.104191,0.14835,1.05,1.13073,0.562414,0.498514,0.570645,0.32683,0.71356,0.646969,420,139,0.095163,-1,1,1
h3,877,33,1,110,3.74786,0,3810,9629,-0.131285,0.036211,0.209544,0.178602,0.369461,1.05,0.947697,0.740741,0.528235,0.740741,0.552184,0.532656,0.459362,420,139,0.0878544,-1,1,1
h3,878,33,1,43,0.685908,1,5356,9247,-0.0349789,-0.00699425,0.17809,0.0939789,0.235911,1.05,1.0233,0.382716,0.3139,0.382716,0.397889,0.394103,0.323326,420,139,0.0845303,-1,1,1
h3,879,33,1,230,0.0771907,0,3837,946,-0.143252,-0.0414886,-0.197793,0.14085,0.191487,1.05,1.1187,0.600823,0.516804,0.615912,0.360846,0.656391,0.598069,420,139,0.164087,1,1,1
h3,880,33,1,10,3.63586,1,6119,1820,0.0505409,-0.333649,-0.183189,0.159321,0.545811,1.05,1.06531,0.474623,0.349909,0.474623,0.662313,0.310818,0.238145,420,139,0.0842122,-1,1,1
h3,881,33,1,238,3.788,0,10380,6943,0.195278,0.111032,0.11596,-0.0816822,0.208413,1.05,1.08771,0.390947,0.46262,0.528121,0.41984,0.616722,0.549594,420,139,0.135866,1,1,1
h3,882,33,1,160,3.30972,1,2337,5909,-0.175541,-0.208475,0.0270853,-0.109438,0.225622,1.05,1.10852,0.714678,0.566187,0.714678,0.456076,0.67574,0.606862,420,139,0.0731414,-1,1,1
h3,883,33,1,279,1.80975,1,3422,176,-0.153614,-0.0240116,-0.243922,0.0592537,0.123119,1.05,1.4576,0.59808,0.537951,0.609053,0.382269,0.748603,0.705563,420,139,0.0886335,-1,1,1
h3,884,33,1,49,0.769751,1,7102,1021,0.123331,0.0460663,-0.215214,0.147915,0.353534,1.05,0.956634,0.613169,0.443759,0.613169,0.506067,0.436384,0.368353,420,139,0.0879725,-1,1,1
h3,885,33,1,254,3.48447,0,8645,8222,0.203193,0.020977,0.160284,-0.0861034,0.115378,1.05,0.932234,0.680384,0.559328,0.680384,0.418523,0.81768,0.74753,420,139,0.0794706,-1,1,1
h3,886,33,1,85,1.52196,1,1685,8323,-0.186081,0.0130043,0.166384,0.0575447,0.355495,1.05,1.15311,0.659808,0.486283,0.659808,0.522307,0.454427,0.395029,420,139,0.0959848,-1,1,1
h3,887,33,1,342,6.15919,0,126,66,-0.220748,-0.00660706,-0.234901,0.0434952,0.0520674,1.05,1.01422,0.613169,0.601166,0.674897,0.258987,0.869812,0.829484,420,139,0.0897356,1,1,1
h3,888,33,1,120,0.998041,1,6292,1037,0.067399,0.00792694,-0.20602,-0.227657,0.360913,1.05,1.03744,0.620027,0.46765,0.620027,0.504866,0.54362,0.484854,420,139,0.0857004,-1,1,1
h3,889,33,1,153,6.22957,1,3537,1500,-0.146329,-0.112431,-0.183965,0.131838,0.247155,1.05,1.05559,0.60631,0.493141,0.635117,0.41029,0.564569,0.497122,420,139,0.098862,1,1,1
h3,890,33,1,95,4.69436,1,3656,5234,-0.144406,0.0710831,-0.0495062,0.0101967,0.115447,1.05,0.996746,0.458162,0.443759,0.477366,0.340288,0.636209,0.570669,420,139,0.0942525,-1,1,1
h3,891,33,1,183,0.750561,0,4310,3258,-0.135221,-0.34234,-0.139922,0.077076,0.419444,1.05,1.07769,0.742113,0.543324,0.742113,0.569593,0.59989,0.503143,420,139,0.0855331,-1,1,1
h3,892,33,1,206,3.24665,0,8980,10440,0.222597,0.070055,0.202373,0.0415001,0.0413474,1.05,0.972111,0.636488,0.549383,0.654321,0.331371,0.833082,0.794202,420,139,0.0839055,-1,1,1
h3,893,33,1,266,1.51437,1,7692,9499,0.142586,0.0749931,0.235458,0.0420933,0.0992518,1.05,1.21542,0.497942,0.483539,0.506173,0.265537,0.70312,0.641634,420,139,0.0886681,1,1,1
h3,894,33,1,108,6.00381,0,7225,2562,0.122186,0.108313,-0.155047,0.0967083,0.277587,1.05,0.902093,0.419753,0.361111,0.419753,0.434004,0.443331,0.372772,420,139,0.0917084,1,1,1
h3,895,33,1,82,5.33923,1,9822,2036,0.20051,-0.0951767,-0.175181,0.024332,0.394267,1.05,0.973758,0.628258,0.508459,0.655693,0.563581,0.604485,0.561886,420,139,0.0768527,-1,1,1
h3,896,33,1,96,6.21847,1,5101,4234,-0.0663376,-0.271591,-0.133202,-0.199133,0.0989878,1.05,0.864327,0.51989,0.472679,0.521262,0.27032,0.835391,0.774771,420,126,0.0808742,1,1,1
h3,897,33,1,168,3.41327,1,4388,7856,-0.122502,-0.251415,0.152972,-0.0777416,0.325663,1.05,1.01416,0.736626,0.557728,0.748971,0.473687,0.661198,0.578624,420,126,0.0778362,1,1,1
h3,898,33,1,29,5.20824,1,2358,73,-0.169245,0.095829,-0.242642,0.0564556,0.0853175,1.05,0.771326,0.596708,0.510174,0.59808,0.285261,0.735752,0.702884,420,126,0.0734624,1,1,1
h3,899,33,1,225,3.60932,0,8041,9065,0.159416,0.08922,0.181681,0.0213127,0.0716724,1.05,0.949359,0.508916,0.500572,0.541838,0.272493,0.707583,0.673778,420,126,0.094581,1,1,1
h3,900,33,1,157,1.57408,1,3355,3358,-0.15814,0.0335846,-0.16496,-0.226532,0.261112,1.05,1.07457,0.786008,0.600137,0.802469,0.468627,0.714913,0.645816,420,126,0.11263,-1,1,1
h3,901,33,1,34,6.09118,1,5499,24,-0.0198965,-0.340536,-0.253206,0.00841141,0.419828,1.05,1.01129,0.821674,0.636031,0.821674,0.540307,0.810285,0.75566,420,126,0.0764285,-1,1,1
h3,902,33,1,340,1.13988,0,3313,10000,-0.153529,0.0467224,0.247087,0.0712967,0.401392,1.05,1.09329,0.740741,0.535322,0.740741,0.597482,0.549251,0.483535,420,126,0.100331,-1,1,1
h3,903,33,1,6,4.23131,0,1637,8704,-0.190276,0.136393,0.207739,0.0173721,0.415435,1.05,1.07005,0.832648,0.598651,0.832648,0.567542,0.576646,0.519222,420,126,0.0987627,1,1,1
h3,904,33,1,202,0.82776,0,144,3114,-0.231728,0.0513172,-0.140232,-0.0596008,0.143853,1.05,1.18818,0.532236,0.524806,0.589849,0.3576,0.782627,0.718245,420,126,0.0919286,1,1,1
h3,905,33,1,273,1.3807,1,108,7353,-0.227655,-0.00109291,0.130889,0.0417271,0.361654,1.05,1.15276,0.569273,0.469021,0.577503,0.519966,0.411807,0.33637,420,126,0.083958,1,1,1
h3,906,33,1,6,3.65252,1,1637,420,-0.190276,0.136393,-0.231158,0.0236187,0.120377,1.05,1.16315,0.548697,0.514746,0.554184,0.256659,0.779382,0.733454,420,126,0.0800931,1,1,1
h3,907,33,1,178,2.71072,0,8607,5877,0.16803,-0.150829,0.0214386,-0.268129,0.1879,1.05,1.11838,0.759945,0.619799,0.759945,0.423439,0.818544,0.752499,420,126,0.23642,1,1,1
h3,908,33,1,286,2.74106,1,5732,10340,0.00300121,-0.348114,0.230053,-0.0113621,0.406257,1.05,1.05883,0.379973,0.302012,0.384088,0.570585,0.28997,0.229785,420,126,0.0811926,1,1,1
h3,909,33,1,154,0.632924,1,917,4309,-0.198119,0.156185,-0.127498,-0.222736,0.385446,1.05,1.14064,0.404664,0.379287,0.414266,0.60599,0.472902,0.39562,420,126,0.123106,-1,1,1
h3,910,33,1,106,1.65402,1,8738,3327,0.186513,0.180107,-0.157685,0.0632267,0.363745,1.05,1.15276,0.486968,0.370713,0.486968,0.556932,0.408907,0.345612,420,126,0.0996463,-1,1,1
h3,911,33,1,340,0.195133,0,3313,7760,-0.153529,0.0467224,0.152475,-0.130606,0.353729,1.05,1.02058,0.533608,0.446502,0.533608,0.485331,0.473155,0.40458,420,126,0.0887753,1,1,1
h3,912,33,1,351,3.42499,0,7516,10851,0.137561,0.0491657,0.243317,0.176769,0.165748,1.05,1.2056,0.599451,0.517375,0.599451,0.392373,0.648827,0.602232,420,126,0.0920723,-1,1,1
h3,913,33,1,9,0.599466,1,723,1411,-0.198546,0.0423527,-0.198606,-0.136106,0.178466,1.05,1.10586,0.73251,0.574874,0.735254,0.417674,0.789824,0.721303,420,126,0.115695,1,1,1
h3,914,33,1,250,4.11934,1,2302,4416,-0.169047,0.140715,-0.114265,-0.0563126,0.204501,1.05,1.10582,0.522634,0.45679,0.54321,0.423765,0.601538,0.541608,420,126,0.141828,-1,1,1
h3,915,33,1,38,5.98819,0,1188,5246,-0.203801,0.17565,-0.048193,0.140905,0.16039,1.05,1.26346,0.514403,0.451189,0.518519,0.397801,0.657856,0.59244,420,126,0.0941783,-1,1,1
h3,916,33,1,127,6.19198,1,2482,6431,-0.163481,-0.00595093,0.0795612,0.0344582,0.2465,1.05,1.08843,0.528121,0.451532,0.533608,0.461907,0.500041,0.432367,420,126,0.109738,-1,1,1
h3,917,33,1,343,4.59175,0,7016,4675,0.120867,-0.0550613,-0.0965948,0.0406284,0.237608,1.05,1.04107,0.481481,0.396776,0.481481,0.356773,0.45908,0.388794,420,126,0.0791605,1,1,1
h3,918,33,1,219,1.39088,1,6988,7474,0.119556,-0.0891762,0.149495,-0.327753,0.240453,1.05,1.07829,0.801097,0.616941,0.802469,0.420612,0.776498,0.702596,420,126,0.0871046,1,1,1
h3,919,33,1,83,5.65032,0,10890,4738,0.253678,0.148167,-0.0947113,-0.0321236,0.39238,1.05,1.16286,0.57476,0.457019,0.599451,0.574004,0.512337,0.441998,420,126,0.0832089,-1,1,1
h3,920,33,1,110,5.56391,0,3810,9767,-0.131285,0.036211,0.235006,0.0180874,0.366754,1.05,1.0712,0.668038,0.514975,0.668038,0.504898,0.5678,0.513189,420,126,0.0845927,1,1,1
h3,921,33,1,345,3.09239,1,9708,10897,0.179283,0.202862,0.287824,0.0455074,0.191398,1.05,0.975252,0.673525,0.556813,0.673525,0.346023,0.77273,0.716666,420,126,0.0789619,1,1,1
h3,922,33,1,335,3.38151,1,464,484,-0.226211,0.014286,-0.229839,0.0640717,0.0499834,1.05,0.994096,0.537723,0.553841,0.593964,0.232053,0.85626,0.827915,420,126,0.0910484,-1,1,1
h3,923,33,1,306,1.23642,1,4455,7728,-0.108157,0.0669174,0.148658,0.172499,0.277846,1.05,0.994942,0.599451,0.481481,0.599451,0.395608,0.545544,0.444155,420,126,0.0885096,-1,1,1
h3,924,33,1,16,1.33065,1,6891,2161,0.116627,-0.245506,-0.180718,0.0513859,0.420471,1.05,1.15603,0.639232,0.490626,0.639232,0.588434,0.612061,0.566635,420,126,0.0792845,1,1,1
h3,925,33,1,228,3.37462,0,2593,4294,-0.166303,0.0278931,-0.133755,-0.326887,0.356283,1.05,0.972909,0.602195,0.478166,0.602195,0.533263,0.566068,0.487447,420,126,0.113929,-1,1,1
h3,926,33,1,233,5.59686,0,5612,1087,-0.00157356,0.23317,-0.200019,0.11899,0.229138,1.05,1.19222,0.853224,0.620828,0.853224,0.447236,0.674505,0.611393,420,126,0.0877643,-1,1,1
h3,927,33,1,166,4.62723,1,8696,8905,0.18805,0.135441,0.155737,0.0765858,0.0685882,1.05,1.00362,0.550069,0.509031,0.595336,0.239586,0.725443,0.699943,420,126,0.0930593,-1,1,1
h3,928,33,1,32,0.575429,1,7744,2020,0.145741,-0.00799942,-0.181423,-0.0265179,0.327747,1.05,1.12059,0.558299,0.431527,0.558299,0.493833,0.411158,0.349089,420,126,0.0874211,1,1,1
h3,929,33,1,285,6.06132,1,3880,8968,-0.129134,0.0450554,0.202031,0.170607,0.354277,1.05,1.11734,0.776406,0.547897,0.776406,0.540287,0.535489,0.458524,420,126,0.0858262,-1,1,1
h3,930,33,1,41,5.70052,1,1870,1619,-0.179029,0.0339069,-0.189973,0.0831318,0.0533002,1.05,0.972653,0.482853,0.508802,0.570645,0.31615,0.756283,0.726157,420,126,0.102152,-1,1,1
h3,931,33,1,310,2.95666,0,5736,546,0.0105352,0.153805,-0.219153,0.146275,0.229826,1.05,1.05497,0.437586,0.353567,0.452675,0.361414,0.442634,0.377059,420,126,0.0840953,-1,1,1
h3,932,33,1,291,1.83415,1,4918,3307,-0.0764675,-0.030283,-0.140013,0.0490112,0.101722,1.05,1.21624,0.620027,0.51406,0.620027,0.371176,0.662181,0.5901,420,126,0.0778955,-1,1,1
h3,933,33,1,50,2.0463,0,1982,4158,-0.183426,-0.0598698,-0.124252,-0.0902195,0.0673316,1.05,1.04789,0.536351,0.516918,0.539095,0.242096,0.79988,0.769226,420,126,0.0787682,-1,1,1
h3,934,33,1,38,5.47192,1,1188,2145,-0.203801,0.17565,-0.175669,0.11026,0.0715799,1.05,1.02263,0.537723,0.499771,0.554184,0.228555,0.809296,0.772267,420,126,0.0779686,1,1,1
h3,935,33,1,230,0.0537167,0,3837,9502,-0.143252,-0.0414886,0.176067,0.12999,0.363064,1.05,1.06954,0.658436,0.490283,0.658436,0.516059,0.483214,0.406611,420,126,0.0944396,-1,1,1
h3,936,33,1,82,4.39428,1,9822,5928,0.20051,-0.0951767,0.0263348,-0.348455,0.307455,1.05,0.933185,0.851852,0.646776,0.853224,0.430577,0.840385,0.770628,420,126,0.0778902,-1,1,1
h3,937,33,1,202,3.49111,0,144,2283,-0.231728,0.0513172,-0.167747,0.112871,0.089154,1.05,1.51759,0.485597,0.533265,0.603567,0.267389,0.83997,0.771698,420,126,0.0721335,-1,1,1
h3,938,33,1,242,0.472243,1,8888,1225,0.194887,0.111317,-0.204025,0.15465,0.401288,1.05,1.06266,0.66118,0.490283,0.66118,0.594005,0.504567,0.434471,420,126,0.0994559,-1,1,1
h3,939,33,1,124,0.911148,1,9146,2323,0.180683,0.0968037,-0.17046,0.085144,0.351384,1.05,0.996785,0.595336,0.452789,0.595336,0.545172,0.472358,0.409822,420,126,0.0882019,-1,1,1
h3,940,33,1,322,4.76517,1,5527,2970,-0.0120497,-0.0560322,-0.14491,-0.0157318,0.138838,1.05,1.11149,0.500686,0.447188,0.500686,0.3908,0.604018,0.540711,420,126,0.0787856,1,1,1
h3,941,33,1,323,4.89208,1,9776,8795,0.192008,-0.12038,0.174815,0.0383511,0.159698,1.05,1.00499,0.533608,0.47588,0.533608,0.264345,0.694801,0.624766,420,126,0.0922122,1,1,1
h3,942,33,1,333,0.535587,0,5034,4274,-0.0675898,-0.0653362,-0.129034,-0.234116,0.179652,1.05,1.10114,0.580247,0.498628,0.588477,0.360449,0.695142,0.626327,420,126,0.0903191,1,1,1
h3,943,33,1,41,0.752776,1,1870,5640,-0.179029,0.0339069,0.000635147,0.19483,0.241197,1.05,1.14909,0.466392,0.404207,0.466392,0.390858,0.547901,0.489487,420,126,0.10576,1,1,1
h3,944,33,1,6,4.17126,1,1637,8310,-0.190276,0.136393,0.188187,0.150055,0.378727,1.05,1.10852,0.458162,0.353909,0.458162,0.540698,0.348903,0.268037,420,126,0.0964775,1,1,1
h3,945,33,1,184,0.218545,1,6043,6774,0.0484953,-0.316484,0.110099,-0.342562,0.0676376,1.05,1.06515,0.572016,0.500915,0.572016,0.250343,0.857388,0.827938,420,126,0.0710045,-1,1,1
h3,946,33,1,273,0.172243,0,108,3843,-0.227655,-0.00109291,-0.146709,0.031702,0.08836,1.05,0.838971,0.600823,0.55487,0.610425,0.312984,0.848709,0.798992,420,126,0.0876813,-1,1,1
h3,947,33,1,107,5.97215,0,5514,990,-0.0179043,-0.350706,-0.215247,0.0515976,0.448955,1.05,1.11357,0.932785,0.661637,0.932785,0.634575,0.770671,0.698659,420,126,0.0855336,1,1,1
h3,948,33,1,221,1.28263,0,3538,2647,-0.154474,0.0427647,-0.163753,0.102728,0.0606819,1.05,0.989616,0.577503,0.498171,0.577503,0.262813,0.710849,0.665542,420,126,0.0918421,-1,1,1
h3,949,33,1,277,2.58489,1,2945,10734,-0.153784,0.227482,0.268046,0.0787678,0.447384,1.05,1.03852,0.713306,0.526978,0.713306,0.588706,0.543002,0.466435,420,126,0.0854038,-1,1,1
h3,950,33,1,69,4.27341,1,6992,6503,0.133218,-0.357046,0.0940409,-0.216146,0.146291,1.05,1.32294,0.541838,0.554412,0.632373,0.276085,0.915591,0.847589,420,126,0.0742732,-1,1,1
h3,951,33,1,85,5.27403,1,1685,10163,-0.186081,0.0130043,0.210277,-0.274492,0.489689,1.05,0.985457,0.703704,0.51246,0.703704,0.618053,0.581759,0.532248,420,126,0.0892741,-1,1,1
h3,952,33,1,41,4.54449,1,1870,8678,-0.179029,0.0339069,0.202182,0.0413704,0.381295,1.05,1.04201,0.620027,0.46342,0.620027,0.51173,0.514952,0.460161,420,126,0.0962063,1,1,1
h3,953,33,1,286,5.63131,1,5732,3806,0.00300121,-0.348114,-0.144661,0.0861855,0.459223,1.05,1.10363,0.443073,0.338935,0.445816,0.604635,0.336565,0.248682,420,126,0.0782509,1,1,1
h3,954,33,1,24,2.7209,1,2921,9589,-0.173109,-0.296366,0.177637,0.189106,0.59892,1.05,0.987456,0.70096,0.528578,0.711934,0.696404,0.591002,0.514676,420,126,0.0747307,-1,1,1
h3,955,33,1,175,3.82731,1,5584,754,-0.00572777,0.109005,-0.219501,0.15884,0.220008,1.05,1.12798,0.400549,0.341449,0.414266,0.328129,0.447776,0.378383,420,126,0.0849582,-1,1,1
h3,956,33,1,111,5.75923,1,2251,1303,-0.17222,0.119293,-0.197802,-0.274244,0.395155,1.05,1.10537,0.803841,0.59968,0.814815,0.58638,0.6653,0.58101,420,126,0.108607,-1,1,1
h3,957,33,1,119,1.6329,1,6372,3206,0.0742025,-0.000125885,-0.155526,0.161364,0.281397,1.05,1.12502,0.60631,0.441358,0.60631,0.478825,0.462469,0.376571,420,126,0.0861752,1,1,1
h3,958,33,1,65,6.19365,1,8697,3330,0.212385,0.0523567,-0.145248,0.197502,0.386307,1.05,1.10266,0.851852,0.608025,0.851852,0.553612,0.580648,0.491594,420,126,0.0814403,-1,1,1
h3,959,33,1,211,1.56687,1,7339,7584,0.134583,0.0643883,0.146519,0.244167,0.180224,1.05,1.31709,0.615912,0.530293,0.622771,0.378792,0.64767,0.596821,420,126,0.088281,1,1,1
h3,960,33,1,116,4.46474,0,4458,9921,-0.115797,-0.278111,0.188925,0.0513992,0.448952,1.05,0.969398,0.725652,0.528006,0.727023,0.621079,0.664151,0.604197,420,132,0.0778349,1,1,1
h3,961,33,1,247,1.95528,0,7124,10966,0.134085,-0.23654,0.298468,0.0495281,0.330054,1.05,1.06501,0.728395,0.532007,0.728395,0.530708,0.516431,0.456932,420,132,0.08611,1,1,1
h3,962,33,1,50,6.06704,0,1982,2193,-0.183426,-0.0598698,-0.176189,0.0732975,0.133978,1.05,1.15526,0.672154,0.58642,0.676269,0.368273,0.833009,0.770226,420,132,0.113584,1,1,1
h3,963,33,1,45,5.97654,0,10394,569,0.232562,0.167913,-0.227542,0.102678,0.464795,1.05,1.06047,0.758573,0.564243,0.758573,0.649076,0.550249,0.481913,420,132,0.0999181,-1,1,1
h3,964,33,1,94,0.387597,0,2745,3004,-0.162402,0.096384,-0.151022,0.201557,0.107729,1.05,1.0492,0.595336,0.511546,0.604938,0.307803,0.702041,0.661189,420,132,0.075214,1,1,1
h3,965,33,1,209,4.02921,1,3854,3820,-0.148292,-0.17313,-0.12884,0.0667019,0.240667,1.05,1.14517,0.714678,0.577161,0.739369,0.392845,0.686211,0.606281,420,132,0.094587,1,1,1
h3,966,33,1,75,3.32446,1,7934,2463,0.168866,0.0715923,-0.165808,0.0479565,0.33613,1.05,1.0393,0.481481,0.38203,0.497942,0.519223,0.407329,0.323796,420,132,0.0831118,-1,1,1
h3,967,33,1,261,5.3004,1,9649,254,0.219245,0.164536,-0.240023,0.0733585,0.468258,1.05,0.992765,0.695473,0.533036,0.695473,0.609646,0.533684,0.464883,420,132,0.10396,1,1,1
h3,968,33,1,20,0.902206,1,9641,4433,0.190678,-0.166733,-0.113369,0.070013,0.385452,1.05,1.10535,0.657064,0.507888,0.657064,0.566823,0.502046,0.438942,420,132,0.0765911,1,1,1
h3,969,33,1,352,0.089561,1,3098,62,-0.156376,0.0952129,-0.23353,0.032711,0.100408,1.05,1.21578,0.536351,0.530979,0.610425,0.248042,0.71497,0.67902,420,132,0.0779347,-1,1,1
h3,970,33,1,146,4.67466,1,4274,5155,-0.129034,-0.234116,-0.0555601,0.214041,0.454169,1.05,1.06483,0.659808,0.513489,0.663923,0.647513,0.532537,0.460968,420,132,0.0885863,-1,1,1
h3,971,33,1,45,2.73373,1,10394,113,0.232562,0.167913,-0.233231,0.0635986,0.477451,1.05,1.04669,1.01646,0.702218,1.01646,0.64833,0.638955,0.568894,420,132,0.0902276,-1,1,1
h3,972,33,1,71,3.88732,1,5804,5419,0.0182896,-0.361223,-0.0265064,0.00808907,0.372019,1.05,1.03775,0.379973,0.354938,0.399177,0.516367,0.543676,0.476212,420,132,0.104189,1,1,1
h3,973,33,1,0,2.55105,1,8010,1729,0.152772,0.107101,-0.192323,0.127993,0.346169,1.05,1.10296,0.735254,0.54241,0.735254,0.498654,0.581353,0.519662,420,132,0.085614,1,1,1
h3,974,33,1,142,3.78695,0,1398,6840,-0.198053,0.16757,0.111186,-0.117872,0.420898,1.05,1.0693,0.672154,0.502401,0.685871,0.597651,0.499942,0.417962,420,132,0.0894082,1,1,1
h3,975,33,1,224,5.52772,1,5733,9266,0.00316334,-0.348492,0.182125,0.0702534,0.455384,1.05,1.05644,0.844993,0.597965,0.844993,0.660937,0.64029,0.572599,420,132,0.0805618,1,1,1
h3,976,33,1,352,1.82595,1,3098,1667,-0.156376,0.0952129,-0.180145,0.220636,0.127925,1.05,1.20672,0.611797,0.51246,0.611797,0.348191,0.696239,0.65914,420,132,0.0743918,1,1,1
h3,977,33,1,292,0.153531,0,1564,6527,-0.183478,0.217865,0.0884724,0.256306,0.27469,1.05,0.932362,0.695473,0.517147,0.695473,0.375876,0.592594,0.531988,420,132,0.0756371,1,1,1
h3,978,33,1,309,1.64587,0,1878,9452,-0.18328,-0.226486,0.231152,0.105911,0.531404,1.05,1.08766,0.61454,0.506859,0.61454,0.684015,0.593869,0.540339,420,132,0.0814607,-1,1,1
h3,979,33,1,29,0.341681,1,2358,4504,-0.169245,0.095829,-0.110053,-0.165365,0.267835,1.05,1.08442,0.662551,0.532007,0.683128,0.49868,0.681197,0.613289,420,132,0.107335,1,1,1
h3,980,33,1,146,3.11968,0,4274,9135,-0.129034,-0.234116,0.180421,0.0971832,0.453387,1.05,1.04199,0.672154,0.511431,0.681756,0.586823,0.604177,0.537935,420,132,0.0791931,1,1,1
h3,981,33,1,227,4.28854,1,6895,1579,0.117447,0.229137,-0.187722,-0.0923042,0.443232,1.05,0.983087,0.773663,0.549726,0.773663,0.585874,0.539891,0.475956,420,132,0.0782764,-1,1,1
h3,982,33,1,312,4.32608,1,2296,7809,-0.169459,0.173473,0.159045,-0.227741,0.518561,1.05,1.0971,0.621399,0.494856,0.621399,0.629873,0.518739,0.446773,420,132,0.115026,1,1,1
h3,983,33,1,90,1.00272,0,6647,10118,0.0965776,0.20997,0.221937,0.0273991,0.221604,1.05,1.19942,0.652949,0.528349,0.674897,0.382043,0.603572,0.534208,420,132,0.112319,-1,1,1
h3,984,33,1,8,5.11622,0,9999,1926,0.199837,0.210627,-0.183008,-0.235384,0.587844,1.05,1.08736,0.707819,0.502172,0.707819,0.777505,0.460027,0.406748,420,132,0.0838834,-1,1,1
h3,985,33,1,77,0.921604,1,287,4838,-0.226668,0.100986,-0.0841675,0.247015,0.204039,1.05,1.13927,0.635117,0.543781,0.655693,0.416142,0.765046,0.691193,420,132,0.0793384,1,1,1
h3,986,33,1,141,0.668333,0,5312,735,-0.0404863,-0.108587,-0.224133,0.0816383,0.26488,1.05,1.18351,0.666667,0.52492,0.666667,0.522344,0.664762,0.597448,420,132,0.0853669,1,1,1
h3,987,33,1,16,3.62994,1,6891,4003,0.116627,-0.245506,-0.138375,-0.186346,0.261795,1.05,0.947796,0.672154,0.526749,0.672154,0.397798,0.644592,0.568713,420,132,0.0762802,1,1,1
h3,988,33,1,344,2.83268,1,4127,6468,-0.139666,-0.176815,0.0865765,-0.159372,0.227123,1.05,1.01134,0.621399,0.505144,0.621399,0.401049,0.636168,0.567221,420,132,0.139624,-1,1,1
h3,989,33,1,168,3.61698,1,4388,4427,-0.122502,-0.251415,-0.111897,0.127754,0.379619,1.05,1.07131,0.707819,0.541952,0.717421,0.540289,0.606124,0.52667,420,132,0.096133,-1,1,1
h3,990,33,1,292,4.59804,1,1564,9909,-0.183478,0.217865,0.215912,0.181515,0.401061,1.05,0.965048,0.506173,0.39872,0.513032,0.547827,0.417556,0.333106,420,132,0.0856662,-1,1,1
h3,991,33,1,86,3.73688,0,3744,10214,-0.1488,0.0601883,0.243029,0.0113907,0.395582,1.05,1.06552,0.73251,0.542295,0.73251,0.630137,0.588344,0.543921,420,132,0.0858406,1,1,1
h3,992,33,1,18,3.92797,1,3981,1769,-0.140279,-0.029398,-0.181201,0.0382938,0.0802916,1.05,0.818676,0.522634,0.49177,0.548697,0.334808,0.729865,0.664277,420,132,0.0951542,1,1,1
h3,993,33,1,113,0.7948,1,6345,10698,0.0724735,-0.0297298,0.237127,0.177877,0.264996,1.05,1.19282,0.626886,0.490398,0.62963,0.450675,0.530125,0.469409,420,132,0.109546,-1,1,1
h3,994,33,1,234,2.2577,0,5227,4236,-0.0564718,-0.364157,-0.11391,-0.0186501,0.350596,1.05,1.12653,0.454047,0.40032,0.466392,0.478076,0.597478,0.521901,420,132,0.102714,1,1,1
h3,995,33,1,143,5.13324,1,4100,8907,-0.14067,-0.164242,0.167273,0.197161,0.474982,1.05,1.07638,0.721536,0.51749,0.721536,0.654476,0.51205,0.4362,420,132,0.0812471,-1,1,1
h3,996,33,1,96,3.89784,1,5101,7000,-0.0663376,-0.271591,0.131223,-0.326174,0.204962,1.05,1.24545,0.770919,0.614426,0.77915,0.384868,0.735613,0.663938,420,132,0.0726037,1,1,1
h3,997,33,1,298,4.20029,1,5919,7084,0.0271606,-0.319424,0.122302,0.0259151,0.358396,1.05,1.04451,0.584362,0.441015,0.584362,0.508715,0.548104,0.472236,420,132,0.0901669,1,1,1
h3,998,33,1,232,0.677389,0,778,9639,-0.210168,0.0676079,0.227384,0.0791664,0.437803,1.05,1.02359,0.847737,0.597622,0.847737,0.593971,0.553968,0.491834,420,132,0.0994803,-1,1,1
h3,999,33,1,133,2.0608,1,4070,1530,-0.125822,-0.0345516,-0.195704,0.0935516,0.146347,1.05,1.26358,0.60631,0.534751,0.611797,0.39392,0.685851,0.616663,420,132,0.111211,-1,1,1
h3,1000,33,1,347,5.54045,1,505,8731,-0.220177,0.104008,0.203138,0.0783348,0.424126,1.05,1.03597,0.835391,0.586991,0.835391,0.594119,0.532116,0.470982,420,132,0.10298,-1,1,1
h3,1001,33,1,225,0.972717,0,8041,3126,0.159416,0.08922,-0.13754,-0.0075798,0.312347,1.05,0.956032,0.54321,0.436443,0.552812,0.474804,0.451275,0.382192,420,132,0.0935061,1,1,1
h3,1002,33,1,112,2.07826,0,8840,3122,0.170516,-0.217371,-0.15836,0.0588112,0.42992,1.05,1.06146,0.600823,0.480681,0.600823,0.605309,0.588726,0.525467,420,132,0.0804346,1,1,1
h3,1003,33,1,298,3.66086,1,5919,6046,0.0271606,-0.319424,0.0442276,0.206396,0.526121,1.05,1.02024,0.621399,0.44353,0.621399,0.689669,0.397939,0.326814,420,132,0.0844743,-1,1,1
h3,1004,33,1,23,1.36289,1,4516,3682,-0.109116,-0.183537,-0.145157,-0.120501,0.07413,1.05,0.972774,0.539095,0.51749,0.584362,0.297837,0.798077,0.75571,420,132,0.0775334,-1,1,1
h3,1005,33,1,32,1.58776,0,7744,4913,0.145741,-0.00799942,-0.0774288,0.0334854,0.226993,1.05,0.983022,0.475994,0.404778,0.475994,0.487988,0.490658,0.419182,420,132,0.0884315,1,1,1
h3,1006,33,1,72,3.07758,0,504,1660,-0.210534,0.0497398,-0.188413,0.126043,0.0811991,1.05,0.787692,0.646091,0.542295,0.650206,0.321576,0.813103,0.766683,420,132,0.0782549,1,1,1
h3,1007,33,1,305,5.74841,1,4299,1985,-0.121405,0.0127335,-0.170096,0.0168571,0.0546767,1.05,1.02637,0.473251,0.514175,0.576132,0.277988,0.698784,0.655343,420,132,0.0959973,-1,1,1
h3,1008,33,1,269,0.762535,0,4914,8160,-0.0774136,0.0711575,0.172319,0.0499592,0.250984,1.05,1.15709,0.39369,0.322588,0.39369,0.47294,0.328754,0.250826,420,132,0.0895659,-1,1,1
h3,1009,33,1,55,3.37701,0,10391,7394,0.232349,0.168518,0.137186,0.0693226,0.137531,1.05,1.27873,0.632373,0.545153,0.632373,0.326002,0.804502,0.748148,420,132,0.0784768,-1,1,1
h3,1010,33,1,146,5.909,1,4274,10434,-0.129034,-0.234116,0.255285,0.0855179,0.499882,1.05,1.00815,0.633745,0.489712,0.640604,0.66326,0.615702,0.549273,420,132,0.0864982,1,1,1
h3,1011,33,1,105,5.50301,0,6653,2830,0.101091,-0.290726,-0.150853,0.0523167,0.425772,1.05,0.998357,0.462277,0.349337,0.462277,0.598086,0.322106,0.244641,420,132,0.0779152,1,1,1
h3,1012,33,1,36,1.8161,0,4675,7272,-0.0965948,0.0406284,0.127437,0.145355,0.24735,1.05,1.00219,0.533608,0.427755,0.539095,0.371355,0.487603,0.396955,420,132,0.0912476,-1,1,1
h3,1013,33,1,328,3.63627,1,145,9804,-0.231436,0.0560284,0.2489,0.012455,0.482334,1.05,1.16373,0.835391,0.606653,0.835391,0.61238,0.613509,0.55996,420,132,0.088632,1,1,1
h3,1014,33,1,72,0.654209,0,504,7701,-0.210534,0.0497398,0.15027,-0.0951729,0.388932,1.05,1.10551,0.584362,0.440101,0.584362,0.546396,0.42501,0.36416,420,132,0.102882,1,1,1
h3,1015,33,1,284,0.719597,1,5764,3759,0.0115757,-0.27326,-0.143809,0.107706,0.412515,1.05,1.01559,0.698217,0.530636,0.698217,0.547535,0.597779,0.51513,420,132,0.0798234,1,1,1
h3,1016,33,1,292,1.20659,0,1564,4989,-0.183478,0.217865,-0.0720978,0.239502,0.113745,1.05,0.696462,0.466392,0.448217,0.470508,0.243553,0.760835,0.688201,420,132,0.0735269,1,1,1
h3,1017,33,1,221,6.1944,0,3538,546,-0.154474,0.0427647,-0.219153,0.146275,0.122411,1.05,1.36904,0.655693,0.541152,0.662551,0.383272,0.7254,0.674822,420,132,0.0803022,-1,1,1
h3,1018,33,1,215,1.40475,1,507,6273,-0.208806,0.0251598,0.0669699,0.219414,0.337448,1.05,1.123,0.418381,0.363169,0.429355,0.467962,0.445602,0.382975,420,132,0.101862,-1,1,1
h3,1019,33,1,9,0.365295,1,723,2270,-0.198546,0.0423527,-0.180401,-0.328474,0.371366,1.05,1.10021,0.659808,0.504573,0.659808,0.580219,0.626053,0.530566,420,132,0.101992,1,1,1
h3,1020,33,1,88,3.58919,1,8379,7342,0.173752,-0.184019,0.127678,0.0643177,0.252752,1.05,1.0561,0.648834,0.541724,0.662551,0.458534,0.726824,0.649114,420,132,0.0886009,-1,1,1
h3,1021,33,1,146,4.97447,1,4274,5877,-0.129034,-0.234116,0.0214386,-0.268129,0.154288,1.05,1.05654,0.657064,0.569502,0.657064,0.354057,0.803388,0.742088,420,132,0.074793,1,1,1
h3,1022,33,1,184,4.93181,1,6043,6651,0.0484953,-0.316484,0.10571,-0.31151,0.0574306,1.05,1.04844,0.507545,0.473823,0.532236,0.288733,0.852218,0.82037,420,132,0.0765781,1,1,1
h3,1023,33,1,46,0.844548,1,9358,2560,0.231081,0.0915756,-0.171377,0.0450058,0.405206,1.05,1.09828,0.728395,0.576589,0.737997,0.56255,0.638461,0.583571,420,132,0.0912205,-1,1,1
h3,1024,33,1,66,0.453647,1,10754,7192,0.230483,0.193855,0.130713,-0.133179,0.341916,1.05,1.15266,0.554184,0.459305,0.554184,0.542272,0.565568,0.494432,420,119,0.104932,-1,1,1
h3,1025,33,1,337,5.74304,0,3682,10923,-0.145157,-0.120501,0.276701,0.0618324,0.459575,1.05,1.081,0.609053,0.464335,0.609053,0.647509,0.511772,0.462103,420,119,0.0799181,-1,1,1
h3,1026,33,1,234,0.83761,1,5227,6264,-0.0564718,-0.364157,0.0669088,-0.2227,0.187903,1.05,1.19663,0.48011,0.447645,0.489712,0.339084,0.742485,0.67672,420,119,0.0835153,1,1,1
h3,1027,33,1,46,3.68231,0,9358,7879,0.231081,0.0915756,0.156983,-0.117165,0.221941,1.05,1.04528,0.585734,0.504001,0.610425,0.487253,0.69431,0.626036,420,119,0.134121,1,1,1
h3,1028,33,1,253,4.5612,1,3937,10270,-0.121672,0.0532417,0.215238,0.0974674,0.339802,1.05,1.0983,0.714678,0.504573,0.714678,0.55305,0.507968,0.445225,420,119,0.100062,1,1,1
h3,1029,33,1,259,4.33044,1,2752,8288,-0.164621,-0.0724106,0.163885,0.0751705,0.36017,1.05,1.1545,0.576132,0.440901,0.576132,0.519419,0.417748,0.351751,420,119,0.0799951,-1,1,1
h3,1030,33,1,335,5.0766,0,464,9542,-0.226211,0.014286,0.188877,-0.0249805,0.417029,1.05,0.949109,0.635117,0.443873,0.635117,0.610463,0.385689,0.3269,420,119,0.0917268,-1,1,1
h3,1031,33,1,7,0.428711,1,164,379,-0.224535,0.0229626,-0.234398,0.0737762,0.0544928,1.05,1.0093,0.652949,0.572359,0.652949,0.290586,0.858259,0.829795,420,119,0.0862059,1,1,1
h3,1032,33,1,109,0.318598,0,3851,10838,-0.142269,0.0964241,0.244444,0.180452,0.396666,1.05,1.06619,0.836763,0.593393,0.836763,0.561289,0.578304,0.50931,420,119,0.0926956,-1,1,1
h3,1033,33,1,228,3.91745,0,2593,1998,-0.166303,0.0278931,-0.176001,0.122976,0.096677,1.05,1.32377,0.540466,0.50423,0.561043,0.26754,0.737068,0.684755,420,119,0.0940809,1,1,1
h3,1034,33,1,133,0.796511,1,4070,5756,-0.125822,-0.0345516,0.0110369,-0.194372,0.211086,1.05,0.941536,0.696845,0.550983,0.696845,0.458849,0.703349,0.617409,420,119,0.0879635,1,1,1
h3,1035,33,1,277,2.29461,1,2945,2928,-0.153784,0.227482,-0.161073,0.0812321,0.14781,1.05,1.29306,0.652949,0.534979,0.652949,0.346209,0.753313,0.681641,420,119,0.0738214,1,1,1
h3,1036,33,1,35,6.07769,0,1295,1390,-0.189176,0.0323601,-0.192162,-0.227049,0.259426,1.05,1.12051,0.783265,0.58299,0.783265,0.51508,0.745464,0.678323,420,119,0.0997341,-1,1,1
h3,1037,33,1,58,5.72863,0,10095,9910,0.206202,-0.159727,0.208226,0.19376,0.353499,1.05,1.07635,0.648834,0.527206,0.648834,0.511225,0.637083,0.581544,420,119,0.0939442,1,1,1
h3,1038,33,1,150,5.22899,1,7371,3749,0.134701,0.0694561,-0.131311,0.136068,0.274231,1.05,1.08347,0.592593,0.439643,0.596708,0.428166,0.446946,0.361032,420,119,0.0852474,-1,1,1
h3,1039,33,1,305,1.65283,0,4299,3086,-0.121405,0.0127335,-0.150372,0.0560188,0.0575714,1.05,0.9794,0.610425,0.51989,0.611797,0.335133,0.688119,0.625318,420,119,0.101015,1,1,1
h3,1040,33,1,306,3.00327,1,4455,4277,-0.108157,0.0669174,-0.118944,0.144371,0.0812909,1.05,1.27483,0.587106,0.463649,0.587106,0.325825,0.661742,0.600443,420,119,0.0905215,-1,1,1
h3,1041,33,1,206,4.29197,1,8980,10575,0.222597,0.070055,0.203868,0.117811,0.0558302,1.05,1.03414,0.581619,0.561157,0.625514,0.258516,0.820839,0.778233,420,119,0.0814432,-1,1,1
h3,1042,33,1,146,4.36657,1,4274,6420,-0.129034,-0.234116,0.0923357,-0.345167,0.247683,1.05,1.04146,0.823045,0.625629,0.824417,0.442225,0.781236,0.708085,420,119,0.089067,1,1,1
h3,1043,33,1,105,2.76992,0,6653,787,0.101091,-0.290726,-0.211329,-0.337955,0.316002,1.05,1.0622,0.866941,0.637403,0.866941,0.479544,0.685193,0.63754,420,119,0.0750482,1,1,1
h3,1044,33,1,64,0.841853,0,3105,1217,-0.148769,0.158648,-0.19831,-0.191965,0.354232,1.05,1.20535,0.561043,0.457247,0.573388,0.537516,0.503624,0.436155,420,119,0.117763,-1,1,1
h3,1045,33,1,304,2.0417,1,7146,9228,0.125883,0.00458527,0.183446,0.20886,0.212347,1.05,1.25771,0.78738,0.598422,0.78738,0.444373,0.627203,0.567673,420,119,0.0920803,-1,1,1
h3,1046,33,1,210,4.44072,0,8066,1478,0.171865,0.0952969,-0.196206,0.184093,0.378635,1.05,1.0845,0.813443,0.584591,0.813443,0.528543,0.564788,0.485132,420,119,0.0797006,-1,1,1
h3,1047,33,1,200,5.95208,1,7430,2747,0.141516,0.185507,-0.164841,0.0295849,0.343753,1.05,0.947796,0.437586,0.351738,0.437586,0.513712,0.377596,0.327851,420,119,0.0868027,1,1,1
h3,1048,33,1,331,1.254,0,6022,9662,0.0377855,-0.348446,0.238162,0.073288,0.467002,1.05,1.02101,0.444444,0.327275,0.444444,0.638296,0.314513,0.242135,420,119,0.105288,-1,1,1
h3,1049,33,1,94,2.08058,0,2745,10856,-0.162402,0.096384,0.259703,0.103601,0.422658,1.05,1.08973,0.814815,0.587791,0.814815,0.582404,0.591939,0.524414,420,119,0.0846777,-1,1,1
h3,1050,33,1,61,5.89164,1,8155,5569,0.180044,0.115244,-0.0118189,-0.35129,0.505119,1.05,1.04877,0.44856,0.364998,0.44856,0.704804,0.345844,0.250682,420,119,0.100084,1,1,1
h3,1051,33,1,76,2.01897,0,3124,5622,-0.146205,0.0993652,-0.00634193,-0.351547,0.472321,1.05,1.00536,0.429355,0.354367,0.432099,0.665791,0.382313,0.303118,420,119,0.113341,1,1,1
h3,1052,33,1,12,1.40644,1,5868,3475,0.0214272,-0.215807,-0.155568,0.0662537,0.333367,1.05,1.11239,0.744856,0.5623,0.744856,0.578623,0.677393,0.60775,420,119,0.0769677,1,1,1
h3,1053,33,1,110,5.82924,0,3810,4119,-0.131285,0.036211,-0.138545,-0.129519,0.165892,1.05,1.10157,0.658436,0.539095,0.672154,0.392814,0.691752,0.626052,420,119,0.0926771,-1,1,1
h3,1054,33,1,240,4.22019,0,9047,354,0.185042,0.0494537,-0.204436,-0.0303726,0.397577,1.05,1.04058,0.621399,0.49337,0.621399,0.543259,0.605825,0.555617,420,119,0.0800119,1,1,1
h3,1055,33,1,58,2.59382,1,10095,5754,0.206202,-0.159727,0.0109844,-0.115253,0.200229,1.05,1.17273,0.706447,0.561157,0.709191,0.426731,0.723975,0.659866,420,119,0.0738862,1,1,1
h3,1056,33,1,308,2.92965,1,3394,6288,-0.136115,-0.0248127,0.0747337,-0.323648,0.365732,1.05,0.965997,0.820302,0.588363,0.820302,0.595935,0.66791,0.595357,420,119,0.0854399,-1,1,1
h3,1057,33,1,325,4.61849,1,1245,1268,-0.198516,0.195166,-0.209625,0.146038,0.0507947,1.05,1.00177,0.459534,0.481367,0.517147,0.235056,0.805303,0.774489,420,119,0.0786851,-1,1,1
h3,1058,33,1,103,1.05147,1,7750,4580,0.152753,-0.326408,-0.105241,-0.216185,0.280661,1.05,1.03623,0.514403,0.444102,0.518519,0.431006,0.662792,0.57981,420,119,0.077635,-1,1,1
h3,1059,33,1,179,3.59035,0,10456,771,0.236302,-0.0106392,-0.214968,0.181623,0.490698,1.05,1.04898,0.854595,0.59305,0.854595,0.689121,0.538429,0.463451,420,119,0.0969917,1,1,1
h3,1060,33,1,172,0.325277,1,9878,9772,0.195211,-0.144428,0.186691,0.0546303,0.199439,1.05,1.11703,0.702332,0.575674,0.702332,0.396279,0.698494,0.608754,420,119,0.0875711,-1,1,1
h3,1061,33,1,295,0.0583205,1,6429,6491,0.0807295,0.138372,0.0841961,-0.020462,0.159104,1.05,1.29527,0.513032,0.417581,0.513032,0.352662,0.561754,0.498061,420,119,0.0904352,-1,1,1
h3,1062,33,1,213,4.97132,0,2620,8970,-0.170588,0.00360489,0.172535,0.096611,0.355635,1.05,1.12507,0.687243,0.512346,0.687243,0.505013,0.471501,0.400688,420,119,0.106153,1,1,1
h3,1063,33,1,135,5.93897,1,5121,4680,-0.0596809,0.114508,-0.0992622,-0.0315094,0.151603,1.05,1.29187,0.515775,0.426269,0.515775,0.324831,0.557878,0.48448,420,119,0.0837282,-1,1,1
h3,1064,33,1,290,2.24016,0,4930,4933,-0.0825062,-0.343903,-0.0813608,-0.238621,0.105481,1.05,1.23909,0.515775,0.468564,0.529492,0.262468,0.859008,0.806468,420,119,0.0737709,1,1,1
h3,1065,33,1,321,3.00721,0,202,6196,-0.232926,0.09305,0.0656376,-0.363556,0.545554,1.05,1.10915,0.467764,0.348422,0.467764,0.728117,0.300256,0.241931,420,119,0.0945345,-1,1,1
h3,1066,33,1,151,5.52361,1,8681,5618,0.178658,0.0536366,-0.0065918,-0.334965,0.430992,1.05,1.03643,0.447188,0.353567,0.451303,0.566854,0.432681,0.366153,420,119,0.0891486,1,1,1
h3,1067,33,1,321,0.0902034,1,202,10221,-0.232926,0.09305,0.19166,0.0878582,0.424618,1.05,1.13543,0.632373,0.487883,0.632373,0.636337,0.535622,0.472854,420,119,0.101033,-1,1,1
h3,1068,33,1,39,1.98143,0,4259,6417,-0.135017,-0.327379,0.078495,0.0511074,0.434557,1.05,1.05959,0.651578,0.49177,0.663923,0.56442,0.521275,0.435494,420,119,0.0795694,1,1,1
h3,1069,33,1,125,3.87625,0,454,102,-0.216549,0.103605,-0.246043,0.0257797,0.0835302,1.05,0.992736,0.474623,0.521491,0.60631,0.308373,0.800295,0.766466,420,119,0.0773288,-1,1,1
h3,1070,33,1,335,4.98445,1,464,4101,-0.226211,0.014286,-0.13913,-0.122812,0.162418,1.05,0.948508,0.727023,0.598194,0.737997,0.37475,0.832328,0.765928,420,119,0.111635,-1,1,1
h3,1071,33,1,165,5.11322,1,8843,4716,0.164301,-0.0429077,-0.0946054,-0.132872,0.274119,1.05,1.04403,0.482853,0.429012,0.482853,0.423303,0.574009,0.499582,420,119,0.0889561,-1,1,1
h3,1072,33,1,19,0.87107,0,4470,1313,-0.109062,0.186951,-0.208741,0.104097,0.132501,1.05,1.58307,0.650206,0.52332,0.650206,0.325403,0.72103,0.649117,420,119,0.0822057,-1,1,1
h3,1073,33,1,229,2.2216,0,6569,6975,0.088953,0.0687771,0.117039,-0.0217781,0.0959724,1.05,0.792785,0.366255,0.391404,0.441701,0.233715,0.6325,0.584385,420,119,0.0853709,1,1,1
h3,1074,33,1,314,3.91979,1,8872,10956,0.164937,0.128082,0.291581,0.0696945,0.139542,1.05,1.16503,0.631001,0.52572,0.650206,0.438478,0.73875,0.682173,420,119,0.0724508,-1,1,1
h3,1075,33,1,237,3.65558,1,9929,4473,0.239137,0.124201,-0.109314,0.177027,0.352555,1.05,1.20154,0.432099,0.363283,0.432099,0.560855,0.478128,0.408254,420,119,0.0958452,1,1,1
h3,1076,33,1,272,2.33131,0,7898,4707,0.148517,0.059536,-0.101149,-0.337854,0.469547,1.05,0.987587,0.718793,0.536237,0.722908,0.613556,0.643505,0.574025,420,119,0.0814889,-1,1,1
h3,1077,33,1,87,4.83587,1,10428,2975,0.215432,0.0409565,-0.15579,-0.124788,0.406589,1.05,1.12193,0.613169,0.48011,0.628258,0.586596,0.475859,0.413026,420,119,0.0863562,1,1,1
h3,1078,33,1,17,1.14917,1,5499,7202,-0.0198965,-0.340536,0.13728,-0.247345,0.182726,1.05,0.911433,0.721536,0.591678,0.725652,0.379799,0.818314,0.741964,420,119,0.081176,1,1,1
h3,1079,33,1,248,0.597496,0,7771,7104,0.14819,0.0978336,0.117292,0.055584,0.0523424,1.05,0.982414,0.537723,0.474394,0.544582,0.325942,0.680242,0.635995,420,119,0.089265,1,1,1
h3,1080,33,1,231,4.35894,0,6617,8395,0.0953665,-0.347071,0.159895,0.109804,0.461837,1.05,1.06422,0.504801,0.398377,0.504801,0.601665,0.518849,0.412671,420,119,0.0959699,-1,1,1
h3,1081,33,1,204,1.32278,0,1163,10599,-0.192019,0.130819,0.237224,0.00931168,0.446115,1.05,0.996934,0.877915,0.625172,0.877915,0.611317,0.639567,0.599469,420,119,0.0965268,-1,1,1
h3,1082,33,1,101,1.17195,1,7045,956,0.118739,0.047718,-0.218337,0.125977,0.346191,1.05,1.04154,0.641975,0.48251,0.647462,0.471098,0.516293,0.443336,420,119,0.087918,-1,1,1
h3,1083,33,1,315,0.702749,0,1053,3107,-0.190305,0.1908,-0.13821,0.066433,0.135714,1.05,1.39946,0.646091,0.538066,0.646091,0.283236,0.774692,0.712986,420,119,0.0716979,-1,1,1
h3,1084,33,1,227,1.7394,1,6895,10945,0.117447,0.229137,0.283805,0.101124,0.209915,1.05,1.27154,0.807956,0.642318,0.813443,0.41552,0.755529,0.687339,420,119,0.0931294,-1,1,1
h3,1085,33,1,302,5.07362,0,7722,7502,0.144269,0.158251,0.135071,-0.121754,0.280156,1.05,0.981567,0.515775,0.462163,0.515775,0.476995,0.556657,0.487723,420,119,0.104095,1,1,1
h3,1086,33,1,97,4.13137,1,1810,7246,-0.17927,-0.0922394,0.130295,-0.0660954,0.310725,1.05,1.135,0.537723,0.464106,0.558299,0.458532,0.48136,0.40209,420,119,0.0808813,-1,1,1
h3,1087,33,1,176,4.3382,1,778,7868,-0.210168,0.0676079,0.151449,0.20557,0.38747,1.05,1.05311,0.665295,0.500343,0.665295,0.527767,0.528968,0.448738,420,119,0.150667,1,1,1
h3,1088,33,1,167,4.21108,0,8147,2604,0.163493,0.0996017,-0.158474,0.074234,0.323965,1.05,1.03055,0.356653,0.303612,0.367627,0.550245,0.350249,0.269318,420,129,0.0922315,1,1,1
h3,1089,33,1,27,3.31276,0,8788,4961,0.173526,-0.130814,-0.0767279,-0.161106,0.25223,1.05,1.07614,0.620027,0.52652,0.621399,0.460218,0.64731,0.57662,420,129,0.0768905,-1,1,1
h3,1090,33,1,46,3.27126,0,9358,7816,0.231081,0.0915756,0.145896,0.0548553,0.0934248,1.05,1.05536,0.698217,0.553727,0.698217,0.358861,0.819914,0.769947,420,129,0.0767788,1,1,1
h3,1091,33,1,92,1.34813,0,9933,5576,0.182489,0.200369,-0.00632286,0.191324,0.189029,1.05,0.912549,0.45679,0.409922,0.45679,0.337266,0.625791,0.554362,420,129,0.0962643,-1,1,1
h3,1092,33,1,133,3.25976,1,4070,7481,-0.125822,-0.0345516,0.137269,0.0785332,0.2864,1.05,1.08869,0.576132,0.439758,0.576132,0.492892,0.416895,0.340971,420,129,0.0833774,1,1,1
h3,1093,33,1,175,6.21915,0,5584,6950,-0.00572777,0.109005,0.111697,0.0613384,0.126823,1.05,1.03957,0.465021,0.38946,0.473251,0.330706,0.539447,0.468161,420,129,0.0769944,1,1,1
h3,1094,33,1,26,2.20764,0,6899,4065,0.113692,-0.10355,-0.133471,-0.162338,0.254128,1.05,0.97667,0.499314,0.448445,0.514403,0.3952,0.557265,0.485803,420,129,0.0805612,-1,1,1
h3,1095,33,1,142,4.76131,1,1398,4690,-0.198053,0.16757,-0.113362,-0.321218,0.496218,1.05,0.968811,0.455418,0.368198,0.460905,0.671799,0.391384,0.308938,420,129,0.120847,-1,1,1
h3,1096,33,1,146,4.53056,0,4274,3119,-0.129034,-0.234116,-0.138727,-0.0149841,0.219482,1.05,1.12662,0.696845,0.566301,0.696845,0.418686,0.749354,0.679905,420,129,0.091566,-1,1,1
h3,1097,33,1,183,2.35187,1,4310,1462,-0.135221,-0.34234,-0.2042,0.118698,0.466354,1.05,1.12066,0.580247,0.439643,0.591221,0.612066,0.471956,0.385977,420,129,0.0944139,-1,1,1
h3,1098,33,1,122,1.49295,1,4608,2313,-0.100076,0.0399323,-0.165358,0.0221367,0.0676639,1.05,1.01615,0.554184,0.487083,0.599451,0.272367,0.679155,0.627539,420,129,0.0902415,1,1,1
h3,1099,33,1,259,0.697036,1,2752,7103,-0.164621,-0.0724106,0.130475,-0.183544,0.31533,1.05,1.11389,0.654321,0.499314,0.654321,0.507952,0.562981,0.482893,420,129,0.0798866,1,1,1
h3,1100,33,1,89,1.67995,0,361,10772,-0.214991,-0.0214424,0.268873,0.0856285,0.495569,1.05,1.17471,0.824417,0.588706,0.824417,0.658533,0.551143,0.48249,420,129,0.0988016,1,1,1
h3,1101,33,1,38,0.723202,1,1188,3065,-0.203801,0.17565,-0.163757,-0.261127,0.438678,1.05,1.07409,0.407407,0.373228,0.422497,0.574769,0.445709,0.37254,420,129,0.108435,-1,1,1
h3,1102,33,1,337,5.59604,0,3682,5224,-0.145157,-0.120501,-0.0501795,0.208561,0.342494,1.05,1.11437,0.492455,0.415752,0.513032,0.485986,0.544705,0.482048,420,129,0.106556,1,1,1
h3,1103,33,1,153,0.762312,0,3537,9763,-0.146329,-0.112431,0.184777,0.0958042,0.391146,1.05,1.04432,0.657064,0.482625,0.657064,0.560601,0.486749,0.420678,420,129,0.0913829,1,1,1
h3,1104,33,1,192,4.48832,1,6935,7287,0.117351,-0.187515,0.130735,0.0246964,0.214266,1.05,1.0116,0.578875,0.546639,0.589849,0.404002,0.727368,0.652329,420,129,0.0850007,1,1,1
h3,1105,33,1,168,1.90911,1,4388,6123,-0.122502,-0.251415,0.0498896,-0.0104427,0.296348,1.05,1.0768,0.475994,0.473823,0.507545,0.47345,0.57306,0.496011,420,129,0.0765136,-1,1,1
h3,1106,33,1,19,1.99586,1,4470,5497,-0.109062,0.186951,-0.0201244,-0.32679,0.521382,1.05,1.01011,0.60631,0.455647,0.60631,0.700301,0.472857,0.378068,420,129,0.101747,1,1,1
h3,1107,33,1,205,1.16859,1,1025,1132,-0.191102,0.0364304,-0.189388,0.186247,0.149843,1.05,1.09647,0.69273,0.58219,0.69273,0.317479,0.749549,0.7023,420,129,0.0900002,1,1,1
h3,1108,33,1,311,4.07286,0,8277,9878,0.180251,0.12841,0.195211,-0.144428,0.273345,1.05,1.16376,0.716049,0.534179,0.716049,0.52013,0.658016,0.585989,420,129,0.101697,1,1,1
h3,1109,33,1,202,3.4682,1,144,3142,-0.231728,0.0513172,-0.140195,0.0581245,0.0918901,1.05,1.4957,0.48834,0.536351,0.609053,0.241153,0.825133,0.769723,420,129,0.0794638,1,1,1
h3,1110,33,1,34,1.84097,1,5499,10229,-0.0198965,-0.340536,0.20485,-0.349653,0.224932,1.05,1.14616,0.770919,0.610311,0.770919,0.397709,0.81592,0.760467,420,129,0.0720875,1,1,1
h3,1111,33,1,227,4.70676,1,6895,6150,0.117447,0.229137,0.0603399,-0.362967,0.594907,1.05,0.967555,0.486968,0.362597,0.486968,0.73932,0.287962,0.232235,420,129,0.109479,-1,1,1
h3,1112,33,1,272,5.6727,0,7898,3277,0.148517,0.059536,-0.153885,-0.0536518,0.322891,1.05,0.976972,0.561043,0.424326,0.561043,0.496916,0.437158,0.352499,420,129,0.0883384,1,1,1
h3,1113,33,1,254,5.9305,1,8645,9150,0.203193,0.020977,0.190308,0.084568,0.0648834,1.05,0.965029,0.707819,0.575789,0.707819,0.366083,0.81914,0.775954,420,129,0.0883236,1,1,1
h3,1114,33,1,77,3.39661,0,287,8882,-0.226668,0.100986,0.175658,-0.313967,0.578011,1.05,1.12033,0.687243,0.52492,0.687243,0.76633,0.605757,0.538912,420,129,0.0824689,1,1,1
h3,1115,33,1,299,1.15953,1,5677,7776,0.00548267,0.232298,0.145389,0.0625038,0.220517,1.05,1.10002,0.556927,0.467878,0.556927,0.385789,0.54381,0.475731,420,129,0.0865976,1,1,1
h3,1116,33,1,273,1.35065,0,108,3787,-0.227655,-0.00109291,-0.129968,0.0234795,0.100925,1.05,1.72181,0.513032,0.529721,0.561043,0.283072,0.793338,0.731573,420,129,0.112872,1,1,1
h3,1117,33,1,25,1.99639,1,2870,8552,-0.167792,-0.278759,0.153525,0.0649033,0.47066,1.05,1.06302,0.703704,0.541495,0.703704,0.593369,0.633394,0.550305,420,129,0.0745837,-1,1,1
h3,1118,33,1,116,2.43136,1,4458,550,-0.115797,-0.278111,-0.223965,0.164572,0.455708,1.05,1.0208,0.956104,0.657064,0.956104,0.628989,0.598052,0.530368,420,129,0.0875821,-1,1,1
h3,1119,33,1,130,0.605965,1,6535,10491,0.0918341,-0.110147,0.20891,0.0410995,0.191265,1.05,1.14477,0.534979,0.433356,0.556927,0.427118,0.504271,0.434815,420,129,0.0923015,-1,1,1
h3,1120,33,1,199,3.4078,1,6355,4627,0.0775681,-0.248583,-0.107641,-0.24301,0.185502,1.05,1.04324,0.650206,0.518176,0.650206,0.411899,0.694959,0.618526,420,129,0.0769901,1,1,1
h3,1121,33,1,313,3.07404,1,5217,1661,-0.055892,-0.298761,-0.183342,-0.108078,0.229527,1.05,1.15721,0.711934,0.586191,0.711934,0.41636,0.771011,0.684807,420,129,0.0829401,-1,1,1
h3,1122,33,1,239,2.47795,1,10673,5481,0.249535,0.139597,-0.017312,-0.0375004,0.320267,1.05,1.24529,0.508916,0.422611,0.508916,0.565888,0.573577,0.502186,420,129,0.0877523,1,1,1
h3,1123,33,1,346,5.72342,0,6883,775,0.116446,-0.263124,-0.206258,0.104815,0.489426,1.05,1.00605,0.626886,0.519662,0.626886,0.664232,0.627513,0.572563,420,129,0.0811525,1,1,1
h3,1124,33,1,104,2.24725,1,2603,4507,-0.163857,-0.0592422,-0.12404,-0.326818,0.270544,1.05,0.94447,0.877915,0.655236,0.877915,0.495489,0.77451,0.696067,420,129,0.0886865,-1,1,1
h3,1125,33,1,85,2.14629,1,1685,575,-0.186081,0.0130043,-0.227477,0.0845871,0.0831712,1.05,1.03488,0.482853,0.533951,0.609053,0.313617,0.773969,0.742286,420,129,0.0882375,1,1,1
h3,1126,33,1,92,0.537304,1,9933,7646,0.182489,0.200369,0.148121,0.0632744,0.141337,1.05,1.19261,0.491084,0.44593,0.506173,0.388983,0.719916,0.660967,420,129,0.0802855,1,1,1
h3,1127,33,1,66,3.63294,0,10754,9239,0.230483,0.193855,0.183108,-0.336586,0.532576,1.05,1.07028,0.748971,0.530407,0.748971,0.786545,0.578298,0.509767,420,129,0.100077,-1,1,1
h3,1128,33,1,248,4.05023,0,7771,6635,0.14819,0.0978336,0.0950899,0.0446339,0.07561,1.05,1.09349,0.526749,0.474051,0.548697,0.353539,0.682331,0.630684,420,129,0.0830822,-1,1,1
h3,1129,33,1,238,4.52613,1,10380,2381,0.195278,0.111032,-0.166749,0.130875,0.363017,1.05,1.04141,0.408779,0.330247,0.408779,0.524178,0.323315,0.247487,420,129,0.102506,1,1,1
h3,1130,33,1,94,3.11843,1,2745,3168,-0.162402,0.096384,-0.149559,0.0862484,0.0263608,1.05,1.07511,0.452675,0.495771,0.592593,0.257317,0.694546,0.650501,420,129,0.101165,1,1,1
h3,1131,33,1,38,3.86974,0,1188,3452,-0.203801,0.17565,-0.139108,0.0774002,0.117637,1.05,1.46844,0.613169,0.525835,0.613169,0.27057,0.791519,0.733924,420,129,0.0723891,1,1,1
h3,1132,33,1,27,0.347069,1,8788,9553,0.173526,-0.130814,0.210023,0.17592,0.30898,1.05,0.989423,0.762689,0.574188,0.776406,0.52849,0.595396,0.530407,420,129,0.109602,1,1,1
h3,1133,33,1,248,4.14944,1,7771,5272,0.14819,0.0978336,-0.0452032,-0.1485,0.313271,1.05,0.949906,0.643347,0.488455,0.643347,0.524697,0.598713,0.519755,420,129,0.0845095,-1,1,1
h3,1134,33,1,130,3.12135,1,6535,2870,0.0918341,-0.110147,-0.167792,-0.278759,0.309725,1.05,0.989445,0.740741,0.556927,0.743484,0.494089,0.63755,0.567424,420,129,0.0767146,-1,1,1
h3,1135,33,1,89,3.39783,1,361,9366,-0.214991,-0.0214424,0.173978,0.014555,0.390754,1.05,1.17142,0.555556,0.456904,0.570645,0.513548,0.386829,0.314189,420,129,0.0881107,-1,1,1
h3,1136,33,1,218,5.23025,1,7771,6530,0.14819,0.0978336,0.0877705,0.217804,0.134326,1.05,0.956722,0.591221,0.509488,0.617284,0.337648,0.678355,0.629457,420,129,0.0859577,-1,1,1
h3,1137,33,1,179,5.15778,0,10456,6384,0.236302,-0.0106392,0.0749922,0.056427,0.174696,1.05,1.44697,0.434842,0.460334,0.510288,0.321487,0.664303,0.593215,420,129,0.0965118,1,1,1
h3,1138,33,1,209,3.98456,0,3854,6478,-0.148292,-0.17313,0.0855618,-0.34457,0.289978,1.05,1.04393,0.869685,0.647119,0.869685,0.488136,0.771158,0.694977,420,129,0.0761505,1,1,1
h3,1139,33,1,232,3.28262,1,778,3437,-0.210168,0.0676079,-0.13594,0.0718822,0.0743559,1.05,1.09374,0.524005,0.528807,0.62963,0.296344,0.786753,0.755151,420,129,0.0834554,1,1,1
h3,1140,33,1,162,0.810534,0,5545,9511,-0.00960922,0.172209,0.216006,0.160059,0.225952,1.05,1.18749,0.618656,0.466049,0.620027,0.401802,0.619616,0.550207,420,129,0.0897965,-1,1,1
h3,1141,33,1,125,3.17441,1,454,6815,-0.216549,0.103605,0.111447,-0.0821667,0.377002,1.05,1.10302,0.503429,0.384202,0.504801,0.585615,0.457679,0.382833,420,129,0.0975464,-1,1,1
h3,1142,33,1,110,5.53375,0,3810,10606,-0.131285,0.036211,0.209452,0.212551,0.383971,1.05,1.11208,0.821674,0.590535,0.821674,0.563238,0.555085,0.477613,420,129,0.0863262,1,1,1
h3,1143,33,1,257,5.96168,1,5403,4844,-0.0288754,0.154999,-0.0882244,-0.10495,0.266641,1.05,1.07725,0.508916,0.38786,0.508916,0.401761,0.462969,0.389727,420,129,0.0924385,-1,1,1
h3,1144,33,1,91,1.7884,1,10121,8029,0.223155,0.0374393,0.162745,0.048151,0.0615005,1.05,1.03009,0.526749,0.54561,0.587106,0.211321,0.834455,0.793232,420,129,0.0784616,-1,1,1
h3,1145,33,1,157,2.71425,1,3355,3579,-0.15814,0.0335846,-0.136945,0.0529423,0.0360126,1.05,1.19849,0.559671,0.488455,0.585734,0.320568,0.70683,0.666638,420,129,0.12382,-1,1,1
h3,1146,33,1,213,6.26684,1,2620,2722,-0.170588,0.00360489,-0.165424,0.0296574,0.0265597,1.05,1.02447,0.526749,0.472451,0.526749,0.318186,0.736302,0.695376,420,129,0.108953,-1,1,1
h3,1147,33,1,229,5.19243,0,6569,2233,0.088953,0.0687771,-0.168401,0.128401,0.264715,1.05,0.879233,0.492455,0.393461,0.492455,0.36385,0.463604,0.393204,420,129,0.0899665,-1,1,1
h3,1148,33,1,145,5.49765,0,10432,3112,0.196686,0.146017,-0.162019,0.0496616,0.372037,1.05,1.12527,0.592593,0.443301,0.592593,0.545439,0.497581,0.444073,420,129,0.102699,-1,1,1
h3,1149,33,1,256,3.052,0,10399,4888,0.193256,0.136868,-0.0799408,0.139286,0.273342,1.05,1.10573,0.408779,0.367627,0.419753,0.478111,0.497537,0.430202,420,129,0.102544,1,1,1
h3,1150,33,1,199,4.49657,1,6355,9501,0.0775681,-0.248583,0.180428,-0.1894,0.118991,1.05,1.24256,0.672154,0.584134,0.694102,0.354961,0.840312,0.791298,420,129,0.0765108,1,1,1
h3,1151,33,1,281,5.76243,0,5959,8363,0.0327625,-0.189171,0.171485,-0.354366,0.215867,1.05,1.06423,0.558299,0.501715,0.573388,0.410175,0.738338,0.692289,420,129,0.0726383,1,1,1
h3,1152,33,1,200,4.68239,1,7430,10579,0.141516,0.185507,0.270201,0.0182648,0.211381,1.05,1.22582,0.762689,0.599223,0.762689,0.438174,0.721222,0.669004,420,130,0.110655,1,1,1
h3,1153,33,1,95,2.90161,1,3656,3357,-0.144406,0.0710831,-0.156802,-0.216908,0.288711,1.05,1.08109,0.603567,0.496456,0.603567,0.445622,0.598579,0.530194,420,130,0.104773,-1,1,1
h3,1154,33,1,267,4.08624,1,6716,6269,0.111701,-0.327877,0.064826,0.0369816,0.367857,1.05,1.07877,0.556927,0.483082,0.565158,0.530642,0.647159,0.575161,420,130,0.0866521,1,1,1
h3,1155,33,1,214,5.48207,0,4384,7051,-0.123191,-0.223129,0.137042,-0.345375,0.287516,1.05,1.12162,0.780521,0.601395,0.809328,0.427489,0.738332,0.666988,420,130,0.0783053,1,1,1
h3,1156,33,1,107,5.14449,0,5514,7027,-0.0179043,-0.350706,0.128977,-0.256992,0.174231,1.05,1.08832,0.786008,0.605167,0.786008,0.412894,0.830689,0.751711,420,130,0.080095,-1,1,1
h3,1157,33,1,44,3.78027,1,5645,1356,-0.00159264,-0.144009,-0.195508,0.0425415,0.270452,1.05,1.04195,0.654321,0.508459,0.662551,0.509457,0.658078,0.591287,420,130,0.0840626,-1,1,1
h3,1158,33,1,5,2.19951,1,10596,4767,0.231307,0.165493,-0.0992613,-0.201933,0.494306,1.05,1.09939,0.617284,0.449246,0.617284,0.735027,0.53482,0.462156,420,130,0.0899395,1,1,1
h3,1159,33,1,327,4.27939,0,9518,7662,0.186314,-0.137562,0.141445,0.0548306,0.197555,1.05,0.980611,0.69273,0.578189,0.69273,0.364463,0.77643,0.696531,420,130,0.0881936,-1,1,1
h3,1160,33,1,324,4.88592,1,4921,9985,-0.0815163,-0.194134,0.221314,0.175844,0.478111,1.05,1.09457,0.714678,0.515089,0.714678,0.672376,0.567381,0.507737,420,130,0.0785341,-1,1,1
h3,1161,33,1,305,3.32823,0,4299,10868,-0.121405,0.0127335,0.287293,0.028162,0.409719,1.05,1.09013,0.663923,0.513946,0.663923,0.552197,0.560947,0.518754,420,130,0.0968615,1,1,1
h3,1162,33,1,319,2.34979,0,6265,1998,0.0645962,0.127625,-0.176001,0.122976,0.24181,1.05,1.05416,0.562414,0.4353,0.570645,0.372468,0.51946,0.438941,420,130,0.0829876,-1,1,1
h3,1163,33,1,37,1.66228,1,1927,5513,-0.175637,-0.0659637,-0.0178156,-0.351078,0.32601,1.05,0.993996,0.593964,0.47508,0.593964,0.475758,0.621715,0.55758,420,130,0.0921449,-1,1,1
h3,1164,33,1,252,0.180368,1,3134,3224,-0.141421,-0.0164928,-0.138677,0.0603275,0.0772809,1.05,1.0064,0.521262,0.509031,0.529492,0.279278,0.700873,0.650542,420,130,0.0996584,-1,1,1
h3,1165,33,1,56,5.48083,1,188,1185,-0.232367,0.0883503,-0.189715,0.179266,0.100426,1.05,0.898535,0.57476,0.549497,0.580247,0.242742,0.866932,0.79687,420,130,0.0733456,1,1,1
h3,1166,33,1,228,2.20788,0,2593,5740,-0.166303,0.0278931,0.0121975,0.233383,0.272349,1.05,1.1526,0.77915,0.576932,0.77915,0.444151,0.633669,0.571239,420,130,0.0923694,1,1,1
h3,1167,33,1,134,4.50619,0,6418,592,0.0837402,-0.349382,-0.206286,0.0314999,0.478736,1.05,1.11308,0.790123,0.57636,0.790123,0.626723,0.728638,0.676197,420,130,0.0915902,-1,1,1
h3,1168,33,1,275,1.21963,0,2269,5572,-0.166284,0.11413,-0.00866127,-0.082613,0.252097,1.05,1.18713,0.59808,0.482396,0.602195,0.437901,0.612406,0.545512,420,130,0.114887,-1,1,1
h3,1169,33,1,221,0.32081,0,3538,276,-0.154474,0.0427647,-0.2082,-0.0244045,0.0884314,1.05,0.91841,0.618656,0.520348,0.618656,0.307531,0.717128,0.679136,420,130,0.0840889,1,1,1
h3,1170,33,1,133,5.87306,0,4070,3526,-0.125822,-0.0345516,-0.14834,0.13953,0.175601,1.05,1.33586,0.740741,0.580933,0.750343,0.420989,0.672323,0.60359,420,130,0.0938868,1,1,1
h3,1171,33,1,249,0.674404,1,1659,280,-0.192745,0.141895,-0.214088,0.0372772,0.108235,1.05,1.09236,0.596708,0.546182,0.644719,0.257257,0.762614,0.706615,420,130,0.0777246,-1,1,1
h3,1172,33,1,81,0.80371,1,10762,5877,0.23664,0.1789,0.0214386,-0.268129,0.496191,1.05,1.14804,0.865569,0.629058,0.865569,0.673743,0.663884,0.579353,420,130,0.0888557,1,1,1
h3,1173,33,1,2,4.21575,1,5149,5638,-0.0572729,-0.0472622,0.00075531,0.205994,0.259928,1.05,0.918358,0.532236,0.421696,0.55144,0.375537,0.487265,0.416203,420,130,0.101531,1,1,1
h3,1174,33,1,347,5.46596,0,505,2056,-0.220177,0.104008,-0.169174,0.202593,0.11152,1.05,1.306,0.615912,0.54561,0.615912,0.277545,0.811098,0.749346,420,130,0.0767613,-1,1,1
h3,1175,33,1,128,3.1605,0,4565,3409,-0.10911,-0.0949249,-0.162567,-0.244617,0.159216,1.05,0.908403,0.641975,0.548354,0.651578,0.362461,0.770991,0.69955,420,130,0.0897437,1,1,1
h3,1176,33,1,241,5.27414,0,3662,10578,-0.153176,-0.152557,0.207656,0.0673637,0.42257,1.05,1.04447,0.647462,0.492341,0.647462,0.5642,0.526313,0.467274,420,130,0.0952034,-1,1,1
h3,1177,33,1,136,4.77958,0,92,9579,-0.244274,0.0134163,0.180235,0.232645,0.477778,1.05,1.11928,0.406036,0.314472,0.412894,0.632415,0.333121,0.251746,420,130,0.0886995,-1,1,1
h3,1178,33,1,132,6.20502,0,6771,2607,0.110182,-0.34227,-0.166173,0.12365,0.541873,1.05,1.08239,0.772291,0.564358,0.772291,0.673578,0.649991,0.57902,420,130,0.0773729,-1,1,1
h3,1179,33,1,153,4.41933,0,3537,5497,-0.146329,-0.112431,-0.0201244,-0.32679,0.248756,1.05,1.00063,0.857339,0.643804,0.857339,0.468681,0.769311,0.715914,420,130,0.0852599,-1,1,1
h3,1180,33,1,26,5.29005,1,6899,3257,0.113692,-0.10355,-0.155252,0.156494,0.374388,1.05,1.04876,0.644719,0.499657,0.644719,0.545931,0.484806,0.407302,420,130,0.0827024,-1,1,1
h3,1181,33,1,16,0.906306,0,6891,10640,0.116627,-0.245506,0.230805,0.177219,0.437886,1.05,1.01706,0.643347,0.480681,0.643347,0.637806,0.514865,0.438318,420,130,0.0945679,1,1,1
h3,1182,33,1,244,4.18114,1,4636,8685,-0.119851,-0.342896,0.18151,-0.219723,0.325561,1.05,1.10205,0.777778,0.583333,0.777778,0.460436,0.777886,0.688093,420,130,0.0791851,-1,1,1
h3,1183,33,1,160,0.96162,0,2337,9575,-0.175541,-0.208475,0.222236,0.151329,0.536434,1.05,1.07583,0.733882,0.53738,0.735254,0.739897,0.56822,0.503415,420,130,0.0827073,1,1,1
h3,1184,33,1,33,4.95584,1,5177,3691,-0.0551548,0.00205994,-0.156091,-0.166096,0.196196,1.05,1.19086,0.643347,0.499771,0.643347,0.415512,0.628913,0.559937,420,130,0.100827,1,1,1
h3,1185,33,1,245,5.90519,0,9764,2317,0.21835,0.140244,-0.172186,0.0422726,0.402698,1.05,1.08373,0.78738,0.578075,0.78738,0.512722,0.656135,0.59971,420,130,0.0900151,-1,1,1
h3,1186,33,1,355,0.888313,1,1726,10781,-0.178057,0.123343,0.254433,0.0382519,0.440788,1.05,1.0229,0.866941,0.610311,0.866941,0.594036,0.621102,0.572061,420,130,0.105665,1,1,1
h3,1187,33,1,288,4.4766,0,7857,526,0.149915,0.102762,-0.205878,0.083025,0.35634,1.05,0.939891,0.705075,0.516461,0.705075,0.49843,0.545333,0.484458,420,130,0.089062,1,1,1
h3,1188,33,1,136,2.8396,1,92,3630,-0.244274,0.0134163,-0.147498,0.0840225,0.120323,1.05,1.53818,0.56653,0.544124,0.618656,0.23643,0.865847,0.806007,420,130,0.0723343,1,1,1
h3,1189,33,1,245,4.99925,0,9764,6868,0.21835,0.140244,0.116128,-0.218878,0.373452,1.05,1.10924,0.536351,0.45839,0.540466,0.550435,0.533454,0.464594,420,130,0.113611,1,1,1
h3,1190,33,1,274,3.6215,0,9173,8952,0.184944,-0.0504227,0.173415,-0.108488,0.0595863,1.05,1.00151,0.600823,0.538294,0.600823,0.283461,0.812123,0.781385,420,130,0.0780127,-1,1,1
h3,1191,33,1,351,5.23445,0,7516,9152,0.137561,0.0491657,0.197424,-0.323952,0.377937,1.05,1.06265,0.895748,0.643233,0.895748,0.636113,0.692629,0.611418,420,130,0.0847663,-1,1,1
h3,1192,33,1,209,3.84919,1,3854,7800,-0.148292,-0.17313,0.154663,-0.103518,0.311108,1.05,1.04104,0.593964,0.48594,0.593964,0.412445,0.560064,0.492759,420,130,0.0790387,-1,1,1
h3,1193,33,1,339,2.08492,1,7784,8161,0.148911,-0.119907,0.176701,-0.346441,0.228412,1.05,1.05905,0.75583,0.619342,0.806584,0.404418,0.824146,0.758554,420,130,0.0818881,1,1,1
h3,1194,33,1,33,1.63921,1,5177,9640,-0.0551548,0.00205994,0.219122,0.164824,0.319086,1.05,1.06548,0.567901,0.427641,0.567901,0.49804,0.496877,0.432037,420,130,0.0877734,1,1,1
h3,1195,33,1,148,2.43553,1,1845,1518,-0.183132,0.0116653,-0.178486,0.223419,0.212069,1.05,1.23438,0.807956,0.614998,0.816187,0.417076,0.69312,0.651964,420,130,0.118344,-1,1,1
h3,1196,33,1,111,3.88509,0,2251,1609,-0.17222,0.119293,-0.18739,-0.0833492,0.203791,1.05,1.17472,0.685871,0.565729,0.702332,0.345944,0.70854,0.643717,420,130,0.119053,-1,1,1
h3,1197,33,1,79,3.03514,1,2753,4581,-0.153544,0.0422401,-0.115943,-0.344904,0.388966,1.05,1.03483,0.803841,0.594879,0.81893,0.570846,0.667804,0.592843,420,130,0.105333,1,1,1
h3,1198,33,1,256,3.06608,1,10399,8475,0.193256,0.136868,0.206015,0.129044,0.0178638,1.05,1.05148,0.504801,0.504687,0.609053,0.287016,0.753834,0.72843,420,130,0.113134,1,1,1
h3,1199,33,1,42,1.87861,1,9253,7112,0.185676,0.104273,0.125764,-0.012701,0.131425,1.05,0.994966,0.580247,0.48834,0.581619,0.425377,0.689666,0.619798,420,130,0.0938838,-1,1,1
h3,1200,33,1,96,2.3928,1,5101,5038,-0.0663376,-0.271591,-0.0668287,-0.10692,0.164886,1.05,1.07158,0.499314,0.473365,0.529492,0.331056,0.760283,0.689718,420,130,0.0786553,-1,1,1
h3,1201,33,1,40,5.86518,0,3056,1534,-0.148311,0.0392227,-0.18861,-0.20023,0.242978,1.05,1.09198,0.76406,0.585048,0.766804,0.475775,0.705613,0.635859,420,130,0.105497,1,1,1
h3,1202,33,1,93,1.83433,1,5274,3679,-0.0442982,0.168304,-0.142744,0.00526047,0.190754,1.05,1.16189,0.529492,0.445588,0.529492,0.306726,0.638803,0.584431,420,130,0.0735311,-1,1,1
h3,1203,33,1,254,1.33575,1,8645,4236,0.203193,0.020977,-0.11391,-0.0186501,0.319624,1.05,1.16882,0.555556,0.448674,0.555556,0.475851,0.446102,0.372364,420,130,0.0849413,1,1,1
h3,1204,33,1,27,5.61148,1,8788,8876,0.173526,-0.130814,0.180243,0.0260258,0.157013,1.05,1.0888,0.518519,0.486283,0.555556,0.319323,0.6415,0.566158,420,130,0.0928457,1,1,1
h3,1205,33,1,171,5.05958,1,912,4861,-0.1969,0.104954,-0.080864,-0.029953,0.177945,1.05,1.10307,0.554184,0.487426,0.596708,0.351621,0.674517,0.612599,420,130,0.103198,-1,1,1
h3,1206,33,1,114,0.604848,1,5668,3602,0.00246906,0.0739918,-0.136484,0.106998,0.147419,1.05,1.01485,0.458162,0.383631,0.467764,0.282808,0.543326,0.457415,420,130,0.0848783,-1,1,1
h3,1207,33,1,24,4.57686,1,2921,9007,-0.173109,-0.296366,0.220669,0.111658,0.567339,1.05,1.07501,0.718793,0.54904,0.722908,0.716013,0.636946,0.574759,420,130,0.0821278,1,1,1
h3,1208,33,1,89,4.41594,0,361,4765,-0.214991,-0.0214424,-0.0892458,0.249828,0.298998,1.05,1.21962,0.506173,0.478166,0.51166,0.449982,0.64316,0.574167,420,130,0.109355,-1,1,1
h3,1209,33,1,206,3.40691,1,8980,3596,0.222597,0.070055,-0.15773,-0.343374,0.561973,1.05,1.0441,0.847737,0.594765,0.847737,0.767757,0.64938,0.579173,420,130,0.0838191,1,1,1
h3,1210,33,1,293,2.69821,1,2257,9701,-0.169982,0.165693,0.181883,0.237364,0.359135,1.05,1.0246,0.455418,0.354481,0.455418,0.504984,0.448919,0.364777,420,130,0.105615,1,1,1
h3,1211,33,1,0,1.19714,0,8010,9748,0.152772,0.107101,0.190165,-0.130932,0.241127,1.05,1.02987,0.710562,0.536808,0.72428,0.536354,0.67112,0.601916,420,130,0.108297,-1,1,1
h3,1212,33,1,174,1.95125,0,9442,3827,0.234907,0.055912,-0.139854,0.05826,0.374797,1.05,1.13219,0.717421,0.511774,0.717421,0.556971,0.501884,0.446002,420,130,0.0871595,-1,1,1
h3,1213,33,1,332,1.70798,0,5941,7377,0.0329351,-0.0158253,0.14386,-0.273285,0.280339,1.05,0.99078,0.611797,0.463535,0.611797,0.515484,0.602925,0.528747,420,130,0.0960569,1,1,1
h3,1214,33,1,88,0.384389,0,8379,1998,0.173752,-0.184019,-0.176001,0.122976,0.465594,1.05,1.08109,0.655693,0.491312,0.655693,0.601236,0.547682,0.480879,420,130,0.0786983,-1,1,1
h3,1215,33,1,202,1.00999,1,144,5523,-0.231728,0.0513172,-0.0141525,-0.203306,0.335033,1.05,1.04376,0.761317,0.571102,0.77915,0.563208,0.698985,0.63067,420,130,0.0911054,1,1,1
h3,1216,33,1,220,1.34282,1,2899,683,-0.150534,0.177486,-0.222577,0.0342999,0.160364,1.05,1.1994,0.689986,0.571216,0.703704,0.317677,0.738828,0.676888,420,132,0.0726771,1,1,1
h3,1217,33,1,80,4.19801,0,7155,5902,0.118459,0.0805721,0.0304613,-0.229162,0.321992,1.05,1.0468,0.426612,0.372771,0.430727,0.497941,0.444121,0.368515,420,132,0.105524,-1,1,1
h3,1218,33,1,342,1.1624,0,126,449,-0.220748,-0.00660706,-0.231473,0.0537949,0.0650983,1.05,1.00332,0.58299,0.581962,0.651578,0.269129,0.865773,0.831915,420,132,0.0839554,-1,1,1
h3,1219,33,1,180,4.80087,0,10765,245,0.25294,0.143925,-0.214717,0.0142765,0.485385,1.05,1.12806,0.66118,0.514861,0.66118,0.678481,0.550088,0.495162,420,132,0.0901433,-1,1,1
h3,1220,33,1,35,1.86292,0,1295,632,-0.189176,0.0323601,-0.224972,0.132866,0.107409,1.05,1.27299,0.57476,0.571331,0.644719,0.247687,0.795491,0.748316,420,132,0.0735146,1,1,1
h3,1221,33,1,268,4.29365,0,5413,2742,-0.0282841,-0.2064,-0.167875,0.052845,0.295079,1.05,1.05816,0.539095,0.447531,0.539095,0.463548,0.513526,0.431583,420,132,0.0804226,-1,1,1
h3,1222,33,1,319,0.565978,0,6265,9877,0.0645962,0.127625,0.208653,-0.348755,0.497778,1.05,0.972309,0.713306,0.505716,0.713306,0.650398,0.528031,0.481829,420,132,0.0970725,-1,1,1
h3,1223,33,1,18,3.47401,0,3981,4462,-0.140279,-0.029398,-0.109634,0.0162754,0.0550151,1.05,0.983609,0.492455,0.472908,0.504801,0.335631,0.709871,0.669102,420,132,0.11099,1,1,1
h3,1224,33,1,184,3.59209,1,6043,1951,0.0484953,-0.316484,-0.169566,0.185352,0.547202,1.05,1.06273,0.481481,0.348422,0.481481,0.721437,0.299108,0.226296,420,132,0.090195,1,1,1
h3,1225,33,1,331,4.55492,0,6022,3058,0.0377855,-0.348446,-0.162685,0.0234127,0.422518,1.05,1.04872,0.451303,0.342936,0.451303,0.602723,0.312793,0.24878,420,132,0.0969802,1,1,1
h3,1226,33,1,177,5.84131,0,6756,10294,0.104774,-0.171005,0.221588,0.0142822,0.21918,1.05,1.16268,0.600823,0.486626,0.610425,0.441864,0.523546,0.438554,420,132,0.0935962,1,1,1
h3,1227,33,1,289,3.48307,0,10063,1985,0.257437,0.0108929,-0.170096,0.0168571,0.427614,1.05,1.10909,0.699588,0.549154,0.699588,0.570003,0.576016,0.505691,420,132,0.0860085,1,1,1
h3,1228,33,1,214,2.35269,0,4384,6111,-0.123191,-0.223129,0.0515852,0.163635,0.424515,1.05,1.08496,0.695473,0.509945,0.695473,0.6362,0.490523,0.403739,420,132,0.0831073,1,1,1
h3,1229,33,1,91,5.82564,1,10121,8225,0.223155,0.0374393,0.169868,0.023859,0.0550211,1.05,1.01844,0.540466,0.552012,0.620027,0.295319,0.839109,0.804739,420,132,0.0773062,1,1,1
h3,1230,33,1,341,0.382884,0,4824,2945,-0.0860033,0.255322,-0.153784,0.227482,0.073479,1.05,1.39806,0.471879,0.423068,0.482853,0.252354,0.731138,0.685434,420,132,0.0710369,-1,1,1
h3,1231,33,1,263,5.89016,1,10637,5670,0.239552,0.106575,-0.00043869,-0.344532,0.510972,1.05,1.11975,0.375857,0.315386,0.378601,0.696142,0.30934,0.238722,420,132,0.106328,1,1,1
h3,1232,33,1,187,3.99616,1,7043,2290,0.119442,0.0503368,-0.166345,-0.0143356,0.293221,1.05,1.14518,0.577503,0.427526,0.577503,0.446446,0.422193,0.346658,420,132,0.0862512,1,1,1
h3,1233,33,1,354,2.29623,1,2052,3978,-0.174135,0.212227,-0.137536,-0.0897255,0.304176,1.05,1.01462,0.43347,0.410837,0.455418,0.466666,0.562173,0.495397,420,132,0.106375,1,1,1
h3,1234,33,1,62,4.54548,1,2669,1951,-0.149135,0.074728,-0.169566,0.185352,0.112534,1.05,1.19303,0.63786,0.541381,0.63786,0.323679,0.700477,0.651649,420,132,0.0747319,1,1,1
h3,1235,33,1,41,1.84555,1,1870,5567,-0.179029,0.0339069,-0.0120478,-0.334597,0.404663,1.05,1.08558,0.465021,0.372771,0.471879,0.615363,0.46051,0.374474,420,132,0.102194,-1,1,1
h3,1236,33,1,201,4.56652,1,7662,10825,0.141445,0.0548306,0.267577,0.103621,0.135241,1.05,1.4219,0.447188,0.488226,0.540466,0.324607,0.712223,0.651067,420,132,0.0784192,-1,1,1
h3,1237,33,1,108,1.09545,0,7225,9290,0.122186,0.108313,0.18705,0.0210438,0.108746,1.05,0.704111,0.55144,0.503772,0.552812,0.304198,0.665873,0.602206,420,132,0.0856767,-1,1,1
h3,1238,33,1,98,1.501,0,5863,1067,0.0213842,-0.163582,-0.211226,0.0483303,0.315203,1.05,1.07932,0.672154,0.529492,0.677641,0.57068,0.649115,0.580037,420,132,0.081415,1,1,1
h3,1239,33,1,320,3.45242,0,10120,74,0.229893,0.16573,-0.228044,-0.00718498,0.489757,1.05,1.01844,0.537723,0.414152,0.537723,0.709821,0.445591,0.399975,420,132,0.0944659,1,1,1
h3,1240,33,1,51,0.507458,0,7553,5964,0.139863,0.0657787,0.0325155,-0.330942,0.411011,1.05,1.10368,0.8738,0.626658,0.8738,0.611601,0.673298,0.599706,420,132,0.0875279,-1,1,1
h3,1241,33,1,220,0.241847,1,2899,2211,-0.150534,0.177486,-0.173743,0.111004,0.0705829,1.05,0.975626,0.550069,0.502515,0.552812,0.249833,0.737351,0.70073,420,132,0.0762158,1,1,1
h3,1242,33,1,166,5.09939,0,8696,7922,0.18805,0.135441,0.160799,-0.150734,0.287475,1.05,1.09232,0.744856,0.564129,0.744856,0.488931,0.67288,0.596786,420,132,0.120096,-1,1,1
h3,1243,33,1,63,0.028035,0,5177,5563,-0.0551548,0.00205994,-0.0112514,-0.285316,0.290712,1.05,1.12191,0.559671,0.446616,0.559671,0.44966,0.499331,0.420788,420,132,0.114071,1,1,1
h3,1244,33,1,158,3.67171,0,4264,7198,-0.122021,0.0299015,0.133727,0.157393,0.285847,1.05,0.943618,0.593964,0.482739,0.602195,0.419579,0.530911,0.447884,420,132,0.0905012,1,1,1
h3,1245,33,1,44,3.50327,1,5645,6607,-0.00159264,-0.144009,0.0942926,-0.331139,0.211086,1.05,1.15602,0.670782,0.562643,0.670782,0.449831,0.672646,0.60524,420,132,0.0757663,1,1,1
h3,1246,33,1,150,5.2046,1,7371,7056,0.134701,0.0694561,0.121715,-0.00861168,0.0797179,1.05,1.1027,0.521262,0.451646,0.521262,0.302989,0.67818,0.63288,420,132,0.0805392,1,1,1
h3,1247,33,1,319,5.92287,1,6265,3280,0.0645962,0.127625,-0.145568,0.0558949,0.225519,1.05,0.994044,0.492455,0.410494,0.495199,0.353159,0.526586,0.444035,420,132,0.0811336,1,1,1
h3,1248,33,1,192,3.57826,0,6935,5407,0.117351,-0.187515,-0.0320644,-0.345522,0.217465,1.05,0.882658,0.831276,0.632602,0.831276,0.386127,0.809876,0.749331,420,132,0.0756492,1,1,1
h3,1249,33,1,318,2.62798,1,4728,8815,-0.0996161,-0.166716,0.19876,0.172932,0.452099,1.05,1.11064,0.707819,0.497142,0.707819,0.651725,0.538941,0.462552,420,132,0.0819306,-1,1,1
h3,1250,33,1,61,5.92072,0,8155,9591,0.180044,0.115244,0.186062,-0.12425,0.240254,1.05,1.11881,0.713306,0.539095,0.713306,0.515701,0.685031,0.613984,420,132,0.0934308,-1,1,1
h3,1251,33,1,136,5.95209,0,92,4554,-0.244274,0.0134163,-0.103312,-0.0361748,0.149837,1.05,1.08384,0.536351,0.508688,0.540466,0.365791,0.732007,0.667045,420,132,0.0888177,-1,1,1
h3,1252,33,1,334,2.15318,0,5422,926,-0.0271645,-0.063118,-0.208866,0.106722,0.249378,1.05,1.10368,0.491084,0.393004,0.491084,0.485363,0.449072,0.390261,420,132,0.0990047,-1,1,1
h3,1253,33,1,291,1.31059,0,4918,8133,-0.0764675,-0.030283,0.157815,0.0728569,0.256027,1.05,1.00061,0.470508,0.374257,0.470508,0.401044,0.423798,0.353935,420,132,0.086676,1,1,1
h3,1254,33,1,135,1.81027,1,5121,3517,-0.0596809,0.114508,-0.134418,0.0469627,0.101015,1.05,1.14707,0.373114,0.362712,0.39369,0.238827,0.547565,0.475285,420,132,0.0995104,1,1,1
h3,1255,33,1,40,3.85365,0,3056,6201,-0.148311,0.0392227,0.065834,-0.362587,0.455312,1.05,0.941722,0.414266,0.336077,0.415638,0.619952,0.299989,0.235682,420,132,0.0930057,1,1,1
h3,1256,33,1,266,6.24086,1,7692,4790,0.142586,0.0749931,-0.0866985,0.236883,0.280683,1.05,1.06372,0.548697,0.439643,0.548697,0.420724,0.423165,0.366213,420,132,0.0840673,-1,1,1
h3,1257,33,1,189,0.512784,0,2319,3655,-0.176646,0.0269089,-0.14073,0.107149,0.0879119,1.05,1.47225,0.51989,0.501257,0.526749,0.256156,0.749402,0.706377,420,132,0.0879766,1,1,1
h3,1258,33,1,124,6.11401,0,9146,9184,0.180683,0.0968037,0.18224,-0.15078,0.247609,1.05,1.11532,0.750343,0.573388,0.750343,0.46118,0.69758,0.626892,420,132,0.0953481,-1,1,1
h3,1259,33,1,336,5.81342,1,2980,4593,-0.138364,0.0193405,-0.102149,-0.00122261,0.0422231,1.05,0.898445,0.495199,0.462391,0.524005,0.283627,0.679424,0.645755,420,132,0.121834,-1,1,1
h3,1260,33,1,112,5.49369,0,8840,1531,0.170516,-0.217371,-0.184039,0.0206337,0.427054,1.05,1.01004,0.563786,0.499314,0.57476,0.609687,0.56858,0.527811,420,132,0.0738986,-1,1,1
h3,1261,33,1,314,4.81503,0,8872,10635,0.164937,0.128082,0.237218,0.170067,0.083773,1.05,0.85987,0.59808,0.509602,0.61454,0.304603,0.707939,0.681375,420,132,0.08222,-1,1,1
h3,1262,33,1,349,4.58509,0,3277,573,-0.153885,-0.0536518,-0.218958,0.155706,0.21929,1.05,1.13374,0.646091,0.531893,0.670782,0.392727,0.636623,0.584071,420,132,0.114621,1,1,1
h3,1263,33,1,48,5.48404,1,3274,10701,-0.155908,0.0976639,0.222873,0.201622,0.393411,1.05,1.02789,0.666667,0.495199,0.666667,0.531311,0.492271,0.415375,420,132,0.0874899,1,1,1
h3,1264,33,1,124,5.59528,0,9146,10019,0.180683,0.0968037,0.249861,-0.000703812,0.119629,1.05,1.20592,0.589849,0.556241,0.647462,0.293853,0.731205,0.690323,420,132,0.0746057,-1,1,1
h3,1265,33,1,289,4.89072,1,10063,2357,0.257437,0.0108929,-0.161803,0.147249,0.440896,1.05,0.9799,0.375857,0.301097,0.375857,0.634405,0.286593,0.207715,420,132,0.0840887,-1,1,1
h3,1266,33,1,335,1.0959,0,464,3984,-0.226211,0.014286,-0.154099,-0.355837,0.377576,1.05,1.06047,0.673525,0.552126,0.673525,0.547546,0.646676,0.584521,420,132,0.108013,1,1,1
h3,1267,33,1,173,5.44751,1,10286,9051,0.189126,0.156836,0.182263,-0.175253,0.332284,1.05,1.02394,0.654321,0.499886,0.670782,0.580752,0.639115,0.56552,420,132,0.11479,1,1,1
h3,1268,33,1,267,5.45294,0,6716,5549,0.111701,-0.327877,-0.0135822,-0.31674,0.125777,1.05,1.01167,0.555556,0.487883,0.570645,0.285924,0.878012,0.809616,420,132,0.0723918,1,1,1
h3,1269,33,1,70,3.8185,1,961,21,-0.20969,0.166059,-0.25084,0.0254631,0.147504,1.05,1.2569,0.540466,0.516918,0.565158,0.285158,0.84476,0.782159,420,132,0.0737333,1,1,1
h3,1270,33,1,126,5.4829,0,6357,1678,0.0777397,-0.235508,-0.175043,0.228741,0.528608,1.05,1.01399,0.59808,0.431984,0.59808,0.675398,0.39321,0.324794,420,132,0.0789215,1,1,1
h3,1271,33,1,158,1.2142,1,4264,2368,-0.122021,0.0299015,-0.164042,0.115406,0.0970121,1.05,0.837333,0.648834,0.533722,0.648834,0.329238,0.675161,0.608503,420,132,0.0865009,1,1,1
h3,1272,33,1,355,6.13799,0,1726,8889,-0.178057,0.123343,0.21871,0.0206299,0.410112,1.05,1.0552,0.8107,0.584019,0.8107,0.596529,0.573697,0.513243,420,132,0.111523,-1,1,1
h3,1273,33,1,262,2.55117,0,778,7874,-0.210168,0.0676079,0.14805,0.156309,0.369487,1.05,1.01952,0.61454,0.466964,0.61454,0.510372,0.496018,0.418844,420,132,0.0945851,1,1,1
h3,1274,33,1,256,2.17609,1,10399,7454,0.193256,0.136868,0.127082,0.0789375,0.0879486,1.05,0.6991,0.463649,0.463763,0.493827,0.319786,0.731041,0.693864,420,132,0.0783258,-1,1,1
h3,1275,33,1,42,1.09652,1,9253,10697,0.185676,0.104273,0.273888,0.0450649,0.10644,1.05,1.12897,0.458162,0.514746,0.611797,0.340405,0.741436,0.700346,420,132,0.0760149,1,1,1
h3,1276,33,1,256,4.95383,1,10399,2433,0.193256,0.136868,-0.169383,0.0780392,0.367818,1.05,1.04336,0.569273,0.441129,0.569273,0.535233,0.506589,0.438572,420,132,0.108065,1,1,1
h3,1277,33,1,29,2.41007,0,2358,6471,-0.169245,0.095829,0.0850296,-0.332104,0.497793,1.05,1.08466,0.788752,0.572588,0.805213,0.65753,0.623341,0.54871,420,132,0.0955491,-1,1,1
h3,1278,33,1,211,3.19552,0,7339,3556,0.134583,0.0643883,-0.141842,0.0479431,0.278526,1.05,1.07559,0.44856,0.348423,0.44856,0.509853,0.387637,0.30443,420,132,0.0837603,1,1,1
h3,1279,33,1,305,0.815401,1,4299,6003,-0.121405,0.0127335,0.0406857,0.0820198,0.176947,1.05,0.838559,0.48011,0.391861,0.496571,0.379471,0.514287,0.447719,420,132,0.0993578,-1,1,1
h3,1280,33,1,149,1.51162,0,2641,699,-0.165598,0.193432,-0.211324,0.156004,0.0605795,1.05,0.967354,0.540466,0.506516,0.565158,0.292038,0.777048,0.739468,420,119,0.0936605,-1,1,1
h3,1281,33,1,163,5.5383,0,10457,5406,0.210853,0.0954266,-0.0325012,-0.316656,0.478574,1.05,1.02735,0.890261,0.655235,0.917696,0.637774,0.71246,0.630342,420,119,0.0912508,1,1,1
h3,1282,33,1,235,3.01434,1,2606,1868,-0.156998,0.191967,-0.172996,0.238016,0.048918,1.05,1.00244,0.506173,0.434042,0.510288,0.283398,0.76111,0.723284,420,119,0.0783709,-1,1,1
h3,1283,33,1,211,2.80698,0,7339,4900,0.134583,0.0643883,-0.0791235,0.244335,0.27938,1.05,1.1003,0.599451,0.461134,0.599451,0.413163,0.446406,0.382483,420,119,0.082089,-1,1,1
h3,1284,33,1,350,2.12717,0,7312,7829,0.13179,-0.0699139,0.155441,-0.326754,0.257964,1.05,1.0401,0.788752,0.613855,0.816187,0.432538,0.761866,0.688938,420,119,0.0960812,1,1,1
h3,1285,33,1,266,3.28359,1,7692,10037,0.142586,0.0749931,0.188883,0.0913582,0.0496415,1.05,0.989436,0.466392,0.45096,0.492455,0.244461,0.696251,0.645065,420,119,0.101369,-1,1,1
h3,1286,33,1,64,5.69568,0,3105,696,-0.148769,0.158648,-0.211133,0.157312,0.062427,1.05,1.05745,0.51166,0.482053,0.522634,0.292923,0.733032,0.699086,420,119,0.0907882,1,1,1
h3,1287,33,1,196,3.52414,1,1363,5941,-0.192884,0.0176086,0.0329351,-0.0158253,0.229028,1.05,1.17127,0.484225,0.438272,0.491084,0.422132,0.550211,0.479443,420,119,0.089565,1,1,1
h3,1288,33,1,168,2.71177,0,4388,6572,-0.122502,-0.251415,0.090086,0.160192,0.463512,1.05,1.09082,0.647462,0.457819,0.647462,0.620488,0.416027,0.346544,420,119,0.0820955,1,1,1
h3,1289,33,1,36,0.522165,0,4675,3487,-0.0965948,0.0406284,-0.155336,0.0194645,0.0628998,1.05,1.01856,0.559671,0.455304,0.559671,0.325757,0.659619,0.622335,420,119,0.0991232,1,1,1
h3,1290,33,1,318,6.06026,0,4728,7600,-0.0996161,-0.166716,0.1364,0.119232,0.370859,1.05,0.934305,0.647462,0.485254,0.647462,0.542672,0.556866,0.479788,420,119,0.0835782,1,1,1
h3,1291,33,1,339,1.80697,0,7784,6629,0.148911,-0.119907,0.0944672,0.155714,0.280947,1.05,1.16064,0.77915,0.571902,0.77915,0.471251,0.631272,0.552803,420,119,0.0957179,-1,1,1
h3,1292,33,1,187,2.99012,0,7043,7620,0.119442,0.0503368,0.139465,0.0966797,0.0563621,1.05,1.01313,0.544582,0.458162,0.548697,0.305593,0.655227,0.607608,420,119,0.0861719,-1,1,1
h3,1293,33,1,17,1.54833,0,5499,8366,-0.0198965,-0.340536,0.16638,-0.270849,0.198885,1.05,0.949764,0.786008,0.607682,0.786008,0.394231,0.826628,0.758698,420,119,0.0767434,1,1,1
h3,1294,33,1,96,5.31617,0,5101,10709,-0.0663376,-0.271591,0.230219,0.014513,0.412082,1.05,0.9544,0.73251,0.55567,0.733882,0.564393,0.690613,0.644778,420,119,0.073266,-1,1,1
h3,1295,33,1,343,3.66644,1,7016,4495,0.120867,-0.0550613,-0.10611,0.0418472,0.247155,1.05,1.01893,0.539095,0.424211,0.554184,0.434115,0.439701,0.370999,420,119,0.0759741,1,1,1
h3,1296,33,1,40,3.00641,1,3056,9204,-0.148311,0.0392227,0.187893,0.102457,0.342421,1.05,1.03825,0.674897,0.508802,0.674897,0.485049,0.476724,0.410921,420,119,0.0917257,-1,1,1
h3,1297,33,1,342,5.60394,0,126,2121,-0.220748,-0.00660706,-0.178576,0.0307121,0.0590578,1.05,0.979006,0.62963,0.559899,0.644719,0.299666,0.846629,0.812771,420,119,0.0978434,-1,1,1
h3,1298,33,1,12,5.79519,0,5868,879,0.0214272,-0.215807,-0.195998,0.0629139,0.353592,1.05,0.978727,0.714678,0.550869,0.714678,0.549236,0.699916,0.632412,420,119,0.0814935,-1,1,1
h3,1299,33,1,178,3.70992,1,8607,368,0.16803,-0.150829,-0.234573,0.042469,0.447102,1.05,1.09033,0.602195,0.482053,0.602195,0.608129,0.52404,0.456638,420,119,0.079092,1,1,1
h3,1300,33,1,154,5.06447,0,917,9112,-0.198119,0.156185,0.181326,0.0280857,0.400487,1.05,1.08773,0.563786,0.435071,0.563786,0.544712,0.501396,0.446438,420,119,0.113832,1,1,1
h3,1301,33,1,117,0.974883,1,609,5319,-0.202197,0.0623493,-0.0395947,-0.23234,0.336622,1.05,0.983699,0.722908,0.613054,0.768176,0.458356,0.726169,0.648793,420,119,0.122939,-1,1,1
h3,1302,33,1,175,3.5998,0,5584,3560,-0.00572777,0.109005,-0.137887,0.0397587,0.149488,1.05,1.05598,0.492455,0.415181,0.500686,0.346831,0.512941,0.434035,420,119,0.0835508,-1,1,1
h3,1303,33,1,73,5.10605,0,535,9413,-0.21259,0.106255,0.220287,0.149038,0.435008,1.05,1.04992,0.914952,0.643004,0.914952,0.611849,0.58338,0.517487,420,119,0.0971158,-1,1,1
h3,1304,33,1,340,4.30961,1,3313,6069,-0.153529,0.0467224,0.0433941,-0.0487633,0.21895,1.05,1.07722,0.547325,0.441815,0.559671,0.419268,0.572584,0.498064,420,119,0.0915937,1,1,1
h3,1305,33,1,15,6.2342,1,2437,10753,-0.165283,-0.121399,0.277242,0.0420284,0.471838,1.05,1.09568,0.639232,0.485825,0.640604,0.642244,0.50963,0.456696,420,119,0.0834776,-1,1,1
h3,1306,33,1,16,1.41709,1,6891,2230,0.116627,-0.245506,-0.168906,0.0138702,0.386387,1.05,0.983298,0.731139,0.539095,0.731139,0.535949,0.635725,0.545687,420,119,0.0852677,-1,1,1
h3,1307,33,1,148,5.99182,0,1845,7971,-0.183132,0.0116653,0.148432,0.126259,0.350893,1.05,1.06974,0.513032,0.402378,0.513032,0.546118,0.417651,0.337428,420,119,0.0961884,1,1,1
h3,1308,33,1,64,3.53083,0,3105,10975,-0.148769,0.158648,0.298295,0.0564976,0.458676,1.05,0.993235,0.883402,0.620485,0.883402,0.589533,0.619075,0.56756,420,119,0.0908988,-1,1,1
h3,1309,33,1,245,1.05261,1,9764,10404,0.21835,0.140244,0.266331,0.00918961,0.139561,1.05,0.94829,0.585734,0.527321,0.615912,0.420617,0.817167,0.776684,420,119,0.0893372,1,1,1
h3,1310,33,1,121,2.87633,0,7976,5507,0.148635,0.0479393,-0.019701,-0.363697,0.444767,1.05,0.980297,0.790123,0.575217,0.790123,0.5883,0.684804,0.597527,420,119,0.0806299,1,1,1
h3,1311,33,1,60,1.99775,1,3920,1129,-0.146854,-0.234568,-0.203004,-0.201025,0.0654644,1.05,0.963202,0.517147,0.55487,0.604938,0.254249,0.901157,0.879279,420,119,0.0715124,1,1,1
h3,1312,33,1,238,3.08695,0,10380,8383,0.195278,0.111032,0.180137,0.162239,0.0542558,1.05,0.946052,0.565158,0.484225,0.565158,0.315897,0.737044,0.709718,420,119,0.0901958,-1,1,1
h3,1313,33,1,63,0.86474,0,5177,10102,-0.0551548,0.00205994,0.218447,0.186134,0.33005,1.05,0.993498,0.552812,0.439872,0.552812,0.432924,0.511273,0.440863,420,119,0.0833177,-1,1,1
h3,1314,33,1,73,4.18233,1,535,5752,-0.21259,0.106255,0.0107718,-0.0174675,0.255489,1.05,1.1686,0.418381,0.404435,0.445816,0.461895,0.554055,0.482254,420,119,0.0922317,-1,1,1
h3,1315,33,1,63,0.111777,1,5177,9475,-0.0551548,0.00205994,0.213622,0.166145,0.314921,1.05,1.03375,0.556927,0.435757,0.556927,0.480466,0.494579,0.425377,420,119,0.0869362,1,1,1
h3,1316,33,1,29,3.61841,1,2358,9700,-0.169245,0.095829,0.193329,-0.0614109,0.39531,1.05,1.10706,0.591221,0.473823,0.61454,0.529419,0.435304,0.384813,420,119,0.082121,-1,1,1
h3,1317,33,1,182,3.16847,1,3774,3585,-0.131494,-0.00063324,-0.150249,-0.0105247,0.0236282,1.05,1.04239,0.458162,0.461477,0.521262,0.282995,0.694276,0.665061,420,119,0.123243,-1,1,1
h3,1318,33,1,223,0.658743,1,3557,8456,-0.135983,0.0708008,0.174156,-0.00539017,0.320009,1.05,0.989086,0.593964,0.440215,0.593964,0.48143,0.430552,0.365303,420,119,0.0953766,1,1,1
h3,1319,33,1,312,3.43756,0,2296,8765,-0.169459,0.173473,0.162365,0.125166,0.335335,1.05,0.93833,0.395062,0.337563,0.406036,0.497169,0.388819,0.29348,420,119,0.108247,1,1,1
h3,1320,33,1,319,0.664751,1,6265,9689,0.0645962,0.127625,0.206602,0.190069,0.155213,1.05,1.1452,0.515775,0.42684,0.515775,0.361898,0.640635,0.571404,420,119,0.0864333,-1,1,1
h3,1321,33,1,211,5.22614,1,7339,8794,0.134583,0.0643883,0.16995,-0.208441,0.275157,1.05,0.890638,0.69273,0.535094,0.69273,0.495386,0.641408,0.573258,420,119,0.0935924,1,1,1
h3,1322,33,1,61,3.29774,1,8155,2781,0.180044,0.115244,-0.151365,0.144825,0.332821,1.05,1.08113,0.381344,0.318473,0.389575,0.544217,0.357305,0.274719,420,119,0.091634,-1,1,1
h3,1323,33,1,27,0.547552,1,8788,10042,0.173526,-0.130814,0.190096,0.0579987,0.189633,1.05,1.20083,0.648834,0.516804,0.651578,0.382571,0.651147,0.578751,420,119,0.0877932,1,1,1
h3,1324,33,1,140,0.290951,0,3904,3906,-0.141647,-0.0162334,-0.143617,0.0554905,0.0717584,1.05,1.01832,0.581619,0.509374,0.596708,0.343388,0.70601,0.666719,420,119,0.102879,-1,1,1
h3,1325,33,1,318,5.91766,1,4728,5328,-0.0996161,-0.166716,-0.0392656,-0.105595,0.0866857,1.05,1.10034,0.640604,0.512003,0.640604,0.360698,0.753515,0.696048,420,119,0.106266,-1,1,1
h3,1326,33,1,115,3.72824,1,3069,6780,-0.144746,-0.0782356,0.107304,0.218533,0.389359,1.05,1.03038,0.677641,0.54561,0.688615,0.504917,0.543849,0.471831,420,119,0.0832953,-1,1,1
h3,1327,33,1,206,6.18452,0,8980,3895,0.222597,0.070055,-0.141486,-0.143074,0.422018,1.05,1.07029,0.578875,0.456562,0.58299,0.580077,0.497441,0.423057,420,119,0.0884573,1,1,1
h3,1328,33,1,259,0.905975,0,2752,7981,-0.164621,-0.0724106,0.152423,0.0707493,0.347932,1.05,1.04243,0.580247,0.431984,0.580247,0.540096,0.407697,0.339745,420,119,0.0833753,1,1,1
h3,1329,33,1,204,3.94659,1,1163,1921,-0.192019,0.130819,-0.180975,-0.182098,0.313209,1.05,1.09733,0.72428,0.577961,0.750343,0.460828,0.678898,0.609033,420,119,0.115856,-1,1,1
h3,1330,33,1,143,1.41664,1,4100,3762,-0.14067,-0.164242,-0.148481,0.0655632,0.230265,1.05,1.06282,0.750343,0.5631,0.750343,0.465197,0.629839,0.548365,420,119,0.0851394,1,1,1
h3,1331,33,1,297,5.65585,0,7839,3860,0.148783,-0.0432281,-0.136813,0.10425,0.321561,1.05,1.01016,0.537723,0.401006,0.537723,0.485593,0.425465,0.341149,420,119,0.0805795,-1,1,1
h3,1332,33,1,190,0.159095,1,5189,1457,-0.0535688,0.132942,-0.180402,0.211235,0.149052,1.05,0.983636,0.548697,0.451417,0.554184,0.344677,0.642407,0.563511,420,119,0.0811871,-1,1,1
h3,1333,33,1,262,0.351758,1,778,9619,-0.210168,0.0676079,0.224661,0.127573,0.439266,1.05,1.03833,0.91358,0.63123,0.91358,0.612191,0.571857,0.506955,420,119,0.0933322,1,1,1
h3,1334,33,1,268,4.15576,0,5413,6465,-0.0282841,-0.2064,0.0939026,-0.295135,0.151011,1.05,1.18475,0.722908,0.59225,0.76406,0.445727,0.699764,0.625184,420,119,0.0720446,1,1,1
h3,1335,33,1,237,1.10861,0,9929,2003,0.239137,0.124201,-0.174657,0.00844574,0.429842,1.05,1.17519,0.862826,0.615798,0.862826,0.555765,0.618327,0.552597,420,119,0.0904132,-1,1,1
h3,1336,33,1,143,4.49781,0,4100,6112,-0.14067,-0.164242,0.0493584,-0.348799,0.264919,1.05,1.01295,0.875171,0.647691,0.875171,0.463469,0.791495,0.721463,420,119,0.0777505,1,1,1
h3,1337,33,1,202,1.11132,1,144,8524,-0.231728,0.0513172,0.209414,0.110756,0.445139,1.05,1.10654,0.846365,0.594079,0.846365,0.597956,0.528937,0.465107,420,119,0.0919263,-1,1,1
h3,1338,33,1,177,1.76635,0,6756,5772,0.104774,-0.171005,0.0142641,0.17724,0.359864,1.05,1.16675,0.746228,0.549497,0.746228,0.585352,0.533941,0.46123,420,119,0.0876471,-1,1,1
h3,1339,33,1,231,0.865827,0,6617,6272,0.0953665,-0.347071,0.0663404,-0.134529,0.214948,1.05,1.18065,0.496571,0.473937,0.497942,0.35553,0.804136,0.733607,420,119,0.0852556,1,1,1
h3,1340,33,1,286,6.0696,1,5732,5869,0.00300121,-0.348114,0.0256605,0.185642,0.534322,1.05,1.08283,0.644719,0.475194,0.644719,0.682837,0.445116,0.381338,420,119,0.0834653,-1,1,1
h3,1341,33,1,37,1.89944,1,1927,10612,-0.175637,-0.0659637,0.22796,0.181425,0.473472,1.05,1.05927,0.798354,0.557385,0.798354,0.685324,0.519924,0.452273,420,119,0.0836058,1,1,1
h3,1342,33,1,261,2.69796,0,9649,8196,0.219245,0.164536,0.148102,0.04562,0.138794,1.05,1.15223,0.48834,0.487769,0.530864,0.371014,0.765732,0.707875,420,119,0.082544,1,1,1
h3,1343,33,1,108,5.45658,1,7225,6154,0.122186,0.108313,0.0565443,0.229391,0.137783,1.05,0.855357,0.559671,0.470622,0.559671,0.285088,0.656274,0.600051,420,119,0.0872903,-1,1,1
h3,1344,33,1,146,2.37096,0,4274,2092,-0.129034,-0.234116,-0.181736,-0.279226,0.0694968,1.05,0.957969,0.530864,0.558299,0.626886,0.253185,0.887171,0.857965,420,119,0.0716688,-1,1,1
h3,1345,33,1,84,5.62568,1,6511,1166,0.0874529,0.250929,-0.203933,0.170803,0.302342,1.05,1.00274,0.56653,0.465021,0.576132,0.413034,0.53726,0.459515,420,119,0.0815296,1,1,1
h3,1346,33,1,206,4.81833,1,8980,8927,0.222597,0.070055,0.168952,-0.0690117,0.149575,1.05,0.929576,0.699588,0.599223,0.729767,0.3239,0.8173,0.749691,420,119,0.084882,1,1,1
h3,1347,33,1,21,0.124932,1,3593,6234,-0.145467,0.131235,0.062315,0.0157757,0.237977,1.05,1.06114,0.463649,0.396548,0.463649,0.436394,0.49809,0.431863,420,119,0.0872706,1,1,1
h3,1348,33,1,94,0.24735,0,2745,7521,-0.162402,0.096384,0.144341,0.207695,0.326492,1.05,1.0408,0.78738,0.561271,0.78738,0.495841,0.587913,0.503046,420,119,0.0816808,1,1,1
h3,1349,33,1,62,2.22616,1,2669,9847,-0.149135,0.074728,0.193851,-0.100441,0.385128,1.05,0.998034,0.602195,0.452561,0.602195,0.56871,0.418907,0.369103,420,119,0.0851561,1,1,1
h3,1350,33,1,210,2.10157,1,8066,6870,0.171865,0.0952969,0.123289,-0.342239,0.440828,1.05,1.11055,0.507545,0.413009,0.510288,0.571053,0.451498,0.388428,420,119,0.103431,-1,1,1
h3,1351,33,1,113,0.881282,1,6345,5100,0.0724735,-0.0297298,-0.0615196,0.238903,0.300292,1.05,1.17073,0.655693,0.493713,0.655693,0.4769,0.514117,0.453994,420,119,0.105354,-1,1,1
h3,1352,33,1,354,2.42497,0,2052,10720,-0.174135,0.212227,0.226996,0.197254,0.40143,1.05,0.972374,0.871056,0.631459,0.871056,0.529846,0.596045,0.517146,420,119,0.0856305,-1,1,1
h3,1353,33,1,93,5.10622,0,5274,7860,-0.0442982,0.168304,0.143911,0.0727558,0.211514,1.05,1.06158,0.467764,0.393804,0.48834,0.375565,0.459388,0.383028,420,119,0.0940819,-1,1,1
h3,1354,33,1,62,5.09819,0,2669,10291,-0.149135,0.074728,0.189361,0.168215,0.351287,1.05,1.07524,0.710562,0.506516,0.710562,0.522856,0.462438,0.383442,420,119,0.0921228,1,1,1
h3,1355,33,1,231,2.74659,0,6617,6653,0.0953665,-0.347071,0.101091,-0.290726,0.0569587,1.05,0.997092,0.510288,0.463877,0.514403,0.244328,0.886825,0.864158,420,119,0.0741014,-1,1,1
h3,1356,33,1,160,0.102739,0,2337,7632,-0.175541,-0.208475,0.141104,0.00306892,0.38097,1.05,1.07127,0.729767,0.525263,0.729767,0.607082,0.590481,0.51607,420,119,0.0785026,1,1,1
h3,1357,33,1,177,4.26949,0,6756,9156,0.104774,-0.171005,0.16862,-0.0306625,0.154448,1.05,0.919253,0.610425,0.544696,0.622771,0.353078,0.755272,0.682977,420,119,0.0779404,1,1,1
h3,1358,33,1,11,0.424946,1,2006,3834,-0.173589,-0.0157204,-0.138614,0.0286922,0.056772,1.05,0.962737,0.506173,0.471879,0.521262,0.320564,0.745315,0.714516,420,119,0.116508,1,1,1
h3,1359,33,1,286,2.95856,1,5732,3056,0.00300121,-0.348114,-0.148311,0.0392227,0.415955,1.05,1.07543,0.474623,0.364083,0.474623,0.550797,0.383674,0.297707,420,119,0.0795214,-1,1,1
h3,1360,33,1,150,3.79148,1,7371,10507,0.134701,0.0694561,0.198092,0.109055,0.0748357,1.05,0.934538,0.447188,0.485368,0.528121,0.311782,0.686116,0.628943,420,119,0.0828608,-1,1,1
h3,1361,33,1,309,1.97204,1,1878,8275,-0.18328,-0.226486,0.179293,0.137922,0.514295,1.05,1.07127,0.716049,0.522291,0.716049,0.683928,0.593539,0.5128,420,119,0.077386,-1,1,1
h3,1362,33,1,138,1.43373,0,830,10404,-0.200576,0.145721,0.266331,0.00918961,0.486459,1.05,1.12636,0.858711,0.627458,0.858711,0.610372,0.621183,0.579261,420,119,0.0963765,1,1,1
h3,1363,33,1,212,6.03685,0,1917,7642,-0.185428,-0.0455341,0.136122,0.108624,0.356623,1.05,1.05521,0.655693,0.473708,0.655693,0.551704,0.459042,0.375299,420,119,0.0890011,1,1,1
h3,1364,33,1,341,2.3023,0,4824,10615,-0.0860033,0.255322,0.210772,0.211712,0.299962,1.05,0.959621,0.562414,0.466964,0.56653,0.40453,0.546527,0.463796,420,119,0.0848063,-1,1,1
h3,1365,33,1,140,3.51367,0,3904,1567,-0.141647,-0.0162334,-0.192062,-0.0918999,0.0925279,1.05,0.53069,0.609053,0.504915,0.609053,0.342843,0.72817,0.683117,420,119,0.106142,-1,1,1
h3,1366,33,1,111,3.55493,1,2251,1772,-0.17222,0.119293,-0.189425,-0.341036,0.460937,1.05,1.10287,0.843621,0.595336,0.843621,0.690678,0.632135,0.551685,420,119,0.126573,1,1,1
h3,1367,33,1,314,6.24433,0,8872,6357,0.164937,0.128082,0.0777397,-0.235508,0.374187,1.05,0.999765,0.379973,0.380887,0.415638,0.542224,0.453587,0.371999,420,119,0.105818,1,1,1
h3,1368,33,1,242,0.515252,0,8888,6449,0.194887,0.111317,0.079793,0.0387611,0.136764,1.05,1.2229,0.578875,0.477823,0.578875,0.411444,0.685083,0.620234,420,119,0.0972506,-1,1,1
h3,1369,33,1,334,1.72578,0,5422,8058,-0.0271645,-0.063118,0.167182,0.0225811,0.212403,1.05,1.14199,0.503429,0.43267,0.506173,0.404315,0.558393,0.495538,420,119,0.0749916,-1,1,1
h3,1370,33,1,266,4.99963,0,7692,10185,0.142586,0.0749931,0.186832,0.170193,0.105232,1.05,1.19961,0.541838,0.493827,0.55144,0.33924,0.674368,0.607954,420,119,0.0808964,-1,1,1
h3,1371,33,1,257,3.38914,0,5403,10867,-0.0288754,0.154999,0.257822,0.118761,0.289025,1.05,1.03632,0.702332,0.516004,0.702332,0.466895,0.590302,0.529411,420,119,0.0825111,1,1,1
h3,1372,33,1,338,5.49613,0,8247,5318,0.165416,-0.127026,-0.0386209,-0.0161552,0.232372,1.05,1.11375,0.526749,0.469936,0.532236,0.407897,0.579189,0.50953,420,119,0.0763444,-1,1,1
h3,1373,33,1,307,2.28993,0,8510,4009,0.156878,0.118317,-0.126983,-0.0215206,0.316435,1.05,1.02211,0.561043,0.442958,0.565158,0.516769,0.476825,0.397538,420,119,0.0876683,1,1,1
h3,1374,33,1,292,2.35473,1,1564,7938,-0.183478,0.217865,0.16092,-0.143999,0.499563,1.05,1.16627,0.736626,0.535208,0.736626,0.65579,0.514912,0.44556,420,119,0.0777218,-1,1,1
h3,1375,33,1,290,3.96884,1,4930,5603,-0.0825062,-0.343903,-0.00400448,0.0676727,0.418995,1.05,1.05695,0.419753,0.362826,0.419753,0.580921,0.537309,0.464179,420,119,0.101738,-1,1,1
h3,1376,33,1,324,5.39077,0,4921,10585,-0.0815163,-0.194134,0.243433,0.146969,0.471145,1.05,1.05203,0.644719,0.509259,0.644719,0.639318,0.573066,0.517481,420,119,0.0795988,-1,1,1
h3,1377,33,1,328,3.7541,0,145,5079,-0.231436,0.0560284,-0.0643768,0.029007,0.169235,1.05,1.15741,0.578875,0.502286,0.578875,0.407555,0.722412,0.656213,420,119,0.107384,-1,1,1
h3,1378,33,1,273,0.555884,0,108,1042,-0.227655,-0.00109291,-0.21449,0.148872,0.151978,1.05,1.3905,0.88203,0.696616,0.888889,0.363332,0.860601,0.788306,420,119,0.0753306,1,1,1
h3,1379,33,1,307,5.07914,0,8510,2506,0.156878,0.118317,-0.157546,0.166134,0.318285,1.05,1.08036,0.39369,0.30727,0.39369,0.458438,0.364483,0.285508,420,119,0.0924601,1,1,1
h3,1380,33,1,339,2.2889,0,7784,5657,0.148911,-0.119907,0.000471115,0.0899048,0.257012,1.05,1.02402,0.609053,0.500915,0.609053,0.459232,0.574635,0.50485,420,119,0.0961637,-1,1,1
h3,1381,33,1,207,1.20886,0,5089,1607,-0.0623932,-0.0812473,-0.197214,0.163334,0.279849,1.05,1.2266,0.694102,0.538752,0.694102,0.524408,0.548445,0.483866,420,119,0.103287,-1,1,1
h3,1382,33,1,171,5.63399,0,912,4964,-0.1969,0.104954,-0.0743713,-0.0395641,0.189644,1.05,1.24419,0.526749,0.485368,0.569273,0.420388,0.693939,0.634134,420,119,0.117543,1,1,1
h3,1383,33,1,21,4.86423,1,3593,3991,-0.145467,0.131235,-0.119376,0.0252914,0.109775,1.05,1.01592,0.484225,0.457933,0.484225,0.301075,0.700357,0.634057,420,119,0.102103,-1,1,1
h3,1384,33,1,234,2.99746,0,5227,4676,-0.0564718,-0.364157,-0.092639,-0.0155258,0.350526,1.05,1.07361,0.515775,0.435528,0.51989,0.486463,0.632427,0.563861,420,119,0.102285,1,1,1
h3,1385,33,1,113,4.67114,0,6345,10977,0.0724735,-0.0297298,0.280841,0.0882683,0.239578,1.05,1.24341,0.607682,0.48674,0.61454,0.450691,0.522409,0.478237,420,119,0.0840931,1,1,1
h3,1386,33,1,339,4.69221,0,7784,8452,0.148911,-0.119907,0.158888,0.121754,0.241867,1.05,1.09621,0.600823,0.512803,0.600823,0.475386,0.618239,0.54029,420,119,0.100981,1,1,1
h3,1387,33,1,331,5.81863,1,6022,9228,0.0377855,-0.348446,0.183446,0.20886,0.576027,1.05,1.11733,0.737997,0.510974,0.737997,0.735038,0.441484,0.378131,420,119,0.0887147,-1,1,1
h3,1388,33,1,245,4.88612,0,9764,5404,0.21835,0.140244,-0.0328455,-0.299114,0.506097,1.05,1.08417,0.443073,0.349337,0.443073,0.685497,0.339872,0.264378,420,119,0.0957202,1,1,1
h3,1389,33,1,29,0.496492,0,2358,5419,-0.169245,0.095829,-0.0265064,0.00808907,0.168561,1.05,1.16532,0.474623,0.430956,0.493827,0.417881,0.603789,0.536496,420,119,0.0857247,-1,1,1
h3,1390,33,1,66,1.68013,1,10754,9308,0.230483,0.193855,0.183951,0.00327301,0.196495,1.05,1.2685,0.622771,0.526406,0.622771,0.379322,0.718904,0.654306,420,119,0.105124,-1,1,1
h3,1391,33,1,202,5.26594,0,144,6053,-0.231728,0.0513172,0.0476913,0.238825,0.336615,1.05,1.11178,0.540466,0.433471,0.540466,0.483356,0.564122,0.494695,420,119,0.0930332,1,1,1
h3,1392,33,1,136,0.0955421,1,92,6721,-0.244274,0.0134163,0.112905,-0.342978,0.504693,1.05,1.02809,0.454047,0.328418,0.454047,0.718171,0.258105,0.187425,420,119,0.089651,1,1,1
h3,1393,33,1,294,0.229111,0,3182,8723,-0.137576,0.036953,0.203853,0.0852642,0.34483,1.05,0.971734,0.577503,0.429241,0.577503,0.490333,0.479695,0.419642,420,119,0.0983342,1,1,1
h3,1394,33,1,162,2.55187,0,5545,480,-0.00960922,0.172209,-0.229547,0.132696,0.223644,1.05,1.02987,0.513032,0.398377,0.513032,0.350132,0.546103,0.481033,420,119,0.085437,1,1,1
h3,1395,33,1,22,4.47711,0,2257,3830,-0.169982,0.165693,-0.156689,-0.343096,0.509097,1.05,1.11467,0.478738,0.370142,0.478738,0.697095,0.370705,0.291461,420,119,0.108954,1,1,1
h3,1396,33,1,137,3.93871,1,3987,8984,-0.134161,0.139454,0.178106,-0.143969,0.421842,1.05,1.06513,0.654321,0.462391,0.654321,0.649006,0.467785,0.401041,420,119,0.0922416,-1,1,1
h3,1397,33,1,15,5.16698,0,2437,4889,-0.165283,-0.121399,-0.0820761,0.251625,0.382195,1.05,1.15702,0.698217,0.527549,0.716049,0.495497,0.58481,0.5254,420,119,0.0979979,-1,1,1
h3,1398,33,1,110,4.96414,1,3810,10995,-0.131285,0.036211,0.291758,0.0461788,0.423699,1.05,1.20961,0.727023,0.542181,0.731139,0.626762,0.598629,0.554738,420,119,0.0859089,1,1,1
h3,1399,33,1,45,0.849696,0,10394,5792,0.232562,0.167913,0.0163097,0.159275,0.216463,1.05,0.895472,0.545953,0.468907,0.554184,0.384296,0.638656,0.576183,420,119,0.0919346,-1,1,1
h3,1400,33,1,157,6.26656,0,3355,1052,-0.15814,0.0335846,-0.199586,0.103354,0.0820844,1.05,0.986697,0.665295,0.543324,0.665295,0.36161,0.746047,0.690436,420,119,0.0761739,1,1,1
h3,1401,33,1,111,4.50405,1,2251,1761,-0.17222,0.119293,-0.186384,0.0636959,0.0573793,1.05,0.993052,0.636488,0.519433,0.636488,0.305983,0.725279,0.688963,420,119,0.0823723,1,1,1
h3,1402,33,1,5,3.98907,1,10596,6292,0.231307,0.165493,0.067399,0.00792694,0.227528,1.05,1.2046,0.536351,0.470622,0.536351,0.427437,0.641499,0.57414,420,119,0.101916,1,1,1
h3,1403,33,1,231,0.721726,0,6617,6419,0.0953665,-0.347071,0.0928688,-0.359951,0.0160388,1.05,0.928267,0.495199,0.462277,0.495199,0.206373,0.894614,0.875061,420,119,0.0730815,-1,1,1
h3,1404,33,1,327,1.36986,0,9518,10362,0.186314,-0.137562,0.21973,0.00145531,0.143175,1.05,0.961421,0.497942,0.444902,0.497942,0.298847,0.650919,0.566974,420,119,0.0921179,1,1,1
h3,1405,33,1,333,0.314017,0,5034,4444,-0.0675898,-0.0653362,-0.122239,-0.341946,0.282109,1.05,1.15171,0.710562,0.542524,0.717421,0.474197,0.678233,0.610959,420,119,0.100606,1,1,1
h3,1406,33,1,4,2.09554,0,8825,2379,0.163641,0.167528,-0.167655,-0.0661278,0.405492,1.05,0.973662,0.696845,0.514518,0.703704,0.548979,0.506096,0.442296,420,119,0.0819324,1,1,1
h3,1407,33,1,338,5.36598,0,8247,6053,0.165416,-0.127026,0.0476913,0.238825,0.384421,1.05,1.0108,0.843621,0.606882,0.843621,0.603834,0.555035,0.501573,420,119,0.11249,-1,1,1
h3,1408,33,1,324,0.228336,0,4921,8885,-0.0815163,-0.194134,0.192949,0.0186939,0.347379,1.05,1.02907,0.59808,0.450846,0.59808,0.497114,0.61018,0.542846,420,123,0.0802492,-1,1,1
h3,1409,33,1,344,2.98765,0,4127,4849,-0.139666,-0.176815,-0.100589,-0.344641,0.172315,1.05,1.11931,0.820302,0.618999,0.820302,0.379765,0.862289,0.797787,420,123,0.0782044,1,1,1
h3,1410,33,1,274,4.00388,1,9173,1616,0.184944,-0.0504227,-0.178475,0.229576,0.458875,1.05,1.13777,0.674897,0.486854,0.674897,0.628885,0.381343,0.29586,420,123,0.0938203,1,1,1
h3,1411,33,1,1,1.60156,0,7699,1811,0.142639,-0.134228,-0.186495,-0.270773,0.356427,1.05,1.04719,0.77915,0.579904,0.77915,0.51578,0.637366,0.578655,420,123,0.0764632,-1,1,1
h3,1412,33,1,134,0.984085,0,6418,4107,0.0837402,-0.349382,-0.14621,-0.343922,0.230239,1.05,0.929918,0.689986,0.538637,0.689986,0.379681,0.721357,0.650825,420,123,0.104819,-1,1,1
h3,1413,33,1,58,0.338117,1,10095,2027,0.206202,-0.159727,-0.182126,-0.26173,0.40155,1.05,1.06279,0.868313,0.647577,0.895748,0.537791,0.649614,0.592676,420,123,0.0750465,-1,1,1
h3,1414,33,1,132,1.1799,0,6771,10604,0.110182,-0.34227,0.240294,0.158419,0.517318,1.05,1.06509,0.452675,0.34808,0.452675,0.690868,0.420662,0.354346,420,123,0.115279,-1,1,1
h3,1415,33,1,12,3.04768,1,5868,9711,0.0214272,-0.215807,0.202795,0.00472069,0.285578,1.05,1.06468,0.727023,0.582533,0.727023,0.469118,0.744648,0.672807,420,123,0.0876608,-1,1,1
h3,1416,33,1,347,1.79781,0,505,8834,-0.220177,0.104008,0.216821,0.0453262,0.44097,1.05,1.14668,0.855967,0.613855,0.855967,0.599244,0.567234,0.506374,420,123,0.10158,1,1,1
h3,1417,33,1,2,4.5654,0,5149,2015,-0.0572729,-0.0472622,-0.175519,-0.10075,0.129783,1.05,1.36842,0.518519,0.503658,0.545953,0.392793,0.665619,0.591786,420,123,0.0800718,-1,1,1
h3,1418,33,1,217,3.99673,0,3432,968,-0.147217,-0.0171223,-0.209332,0.175543,0.202451,1.05,1.20415,0.620027,0.531093,0.670782,0.35863,0.652549,0.602696,420,123,0.165889,-1,1,1
h3,1419,33,1,141,5.88082,1,5312,6520,-0.0404863,-0.108587,0.0847235,0.0436382,0.19732,1.05,1.00756,0.469136,0.403064,0.475994,0.437654,0.480656,0.407799,420,123,0.0895915,1,1,1
h3,1420,33,1,265,1.01781,0,9994,6621,0.249982,0.00729179,0.0957747,0.245171,0.283533,1.05,1.23605,0.602195,0.496914,0.602195,0.399618,0.672018,0.603871,420,123,0.0879722,1,1,1
h3,1421,33,1,161,6.04563,0,2296,966,-0.169459,0.173473,-0.210685,-0.245447,0.420948,1.05,1.03221,0.670782,0.490283,0.673525,0.641053,0.575332,0.498547,420,123,0.119254,-1,1,1
h3,1422,33,1,39,0.440906,0,4259,42,-0.135017,-0.327379,-0.254729,0.0334587,0.380179,1.05,1.06437,0.59808,0.451303,0.59808,0.556519,0.44605,0.388022,420,123,0.0911436,1,1,1
h3,1423,33,1,237,5.68255,0,9929,5739,0.239137,0.124201,0.0102758,0.144676,0.230504,1.05,1.21139,0.41701,0.422039,0.449931,0.423274,0.595114,0.524323,420,123,0.096953,1,1,1
h3,1424,33,1,183,2.49642,0,4310,7322,-0.135221,-0.34234,0.130967,-0.141628,0.333693,1.05,1.03169,0.8107,0.604824,0.8107,0.475713,0.730656,0.643292,420,123,0.0783329,-1,1,1
h3,1425,33,1,301,2.29714,1,5144,295,-0.0577011,-0.0352974,-0.2121,0.0243015,0.16574,1.05,1.27472,0.508916,0.454275,0.51166,0.352609,0.656251,0.592137,420,123,0.085474,-1,1,1
h3,1426,33,1,261,1.59978,1,9649,10956,0.219245,0.164536,0.291581,0.0696945,0.119278,1.05,1.08421,0.585734,0.529835,0.611797,0.38317,0.838294,0.787272,420,123,0.0729085,-1,1,1
h3,1427,33,1,231,5.08697,1,6617,10599,0.0953665,-0.347071,0.237224,0.00931168,0.383989,1.05,1.04711,0.562414,0.434271,0.572016,0.52456,0.429683,0.380993,420,123,0.0947513,-1,1,1
h3,1428,33,1,250,3.96375,1,2302,10304,-0.169047,0.140715,0.226486,-0.00872612,0.42283,1.05,0.971771,0.807956,0.586191,0.807956,0.560225,0.595249,0.543678,420,123,0.101429,1,1,1
h3,1429,33,1,224,4.77754,0,5733,2814,0.00316334,-0.348492,-0.165745,-0.148285,0.261942,1.05,1.0734,0.672154,0.53155,0.672154,0.429892,0.716279,0.621855,420,123,0.0837461,1,1,1
h3,1430,33,1,286,0.436618,0,5732,9187,0.00300121,-0.348114,0.181076,0.0962639,0.478736,1.05,1.08815,0.862826,0.594536,0.862826,0.674807,0.597339,0.518729,420,123,0.0840261,1,1,1
h3,1431,33,1,89,0.991738,0,361,10567,-0.214991,-0.0214424,0.204575,0.0954399,0.435642,1.05,1.05067,0.695473,0.51989,0.729767,0.572852,0.522052,0.461459,420,123,0.0951547,-1,1,1
h3,1432,33,1,184,4.29061,1,6043,1417,0.0484953,-0.316484,-0.197544,-0.143805,0.300589,1.05,1.14121,0.823045,0.631116,0.823045,0.438279,0.745045,0.674473,420,123,0.106599,-1,1,1
h3,1433,33,1,99,3.25792,1,5671,8647,-0.000822067,-0.364136,0.170103,0.203526,0.592915,1.05,1.10853,0.855967,0.597622,0.855967,0.747292,0.590532,0.513754,420,123,0.086244,-1,1,1
h3,1434,33,1,339,5.99218,0,7784,3595,0.148911,-0.119907,-0.158081,-0.344566,0.38046,1.05,1.05042,0.838134,0.612597,0.839506,0.53515,0.696314,0.626489,420,123,0.0754677,-1,1,1
h3,1435,33,1,252,3.4368,1,3134,3513,-0.141421,-0.0164928,-0.144928,0.0782223,0.09719,1.05,1.33179,0.58299,0.539095,0.593964,0.318915,0.702059,0.643404,420,123,0.0988821,1,1,1
h3,1436,33,1,176,2.93382,1,778,11031,-0.210168,0.0676079,0.319019,0.0560646,0.529343,1.05,1.11406,0.886145,0.640604,0.886145,0.714473,0.637002,0.583512,420,123,0.0901064,1,1,1
h3,1437,33,1,56,5.03007,0,188,1292,-0.232367,0.0883503,-0.186812,0.213562,0.133243,1.05,1.21632,0.596708,0.553384,0.604938,0.344801,0.857419,0.79599,420,123,0.0761893,1,1,1
h3,1438,33,1,282,2.1694,1,5785,560,0.00997925,-0.334198,-0.217112,0.0792694,0.47192,1.05,1.08654,0.838134,0.617627,0.838134,0.608684,0.75763,0.701326,420,123,0.0778462,1,1,1
h3,1439,33,1,124,3.60603,1,9146,9076,0.180683,0.0968037,0.217427,0.00247002,0.101269,1.05,1.32304,0.600823,0.53075,0.636488,0.271128,0.723346,0.690333,420,123,0.0759728,-1,1,1
h3,1440,33,1,86,0.601747,0,3744,22,-0.1488,0.0601883,-0.238914,0.0166264,0.104059,1.05,0.925172,0.66941,0.522291,0.66941,0.326441,0.701429,0.6711,420,123,0.0834324,1,1,1
h3,1441,33,1,328,5.53904,0,145,734,-0.231436,0.0560284,-0.203451,0.14185,0.0905824,1.05,0.8428,0.688615,0.559556,0.69273,0.278907,0.863945,0.800932,420,123,0.0768895,-1,1,1
h3,1442,33,1,0,5.16369,1,8010,2705,0.152772,0.107101,-0.177179,-0.260502,0.493964,1.05,1.04122,0.663923,0.511088,0.66941,0.696208,0.539425,0.468627,420,123,0.0853733,1,1,1
h3,1443,33,1,120,5.86923,1,6292,9605,0.067399,0.00792694,0.180485,-0.0301895,0.11934,1.05,0.603954,0.528121,0.453704,0.545953,0.307921,0.642247,0.591008,420,123,0.0773299,1,1,1
h3,1444,33,1,16,5.98729,1,6891,1057,0.116627,-0.245506,-0.19288,0.0837746,0.451919,1.05,0.981635,0.602195,0.500229,0.603567,0.588033,0.618319,0.55565,420,123,0.0900594,-1,1,1
h3,1445,33,1,103,2.73211,1,7750,3579,0.152753,-0.326408,-0.136945,0.0529423,0.477381,1.05,1.03409,0.73251,0.541952,0.73251,0.615402,0.642427,0.567366,420,123,0.0743865,1,1,1
h3,1446,33,1,281,1.68436,0,5959,5107,0.0327625,-0.189171,-0.0610123,-0.0145149,0.198403,1.05,1.00064,0.473251,0.433585,0.473251,0.421113,0.575006,0.501421,420,123,0.0836945,1,1,1
h3,1447,33,1,21,3.40945,1,3593,10618,-0.145467,0.131235,0.254814,0.10994,0.400947,1.05,1.10729,0.851852,0.600252,0.851852,0.574088,0.571909,0.506536,420,123,0.100186,1,1,1
h3,1448,33,1,151,1.8174,0,8681,7851,0.178658,0.0536366,0.156013,0.0719585,0.0369208,1.05,1.04393,0.438957,0.452218,0.473251,0.268027,0.720369,0.675532,420,123,0.0861744,-1,1,1
h3,1449,33,1,5,0.990892,0,10596,4705,0.231307,0.165493,-0.0995531,-0.131161,0.444561,1.05,1.11865,0.577503,0.427984,0.577503,0.678633,0.517054,0.432896,420,123,0.0863023,1,1,1
h3,1450,33,1,176,3.77539,1,778,1266,-0.210168,0.0676079,-0.196395,-0.262535,0.330604,1.05,1.03293,0.884774,0.656264,0.884774,0.530724,0.743827,0.666618,420,123,0.116714,-1,1,1
h3,1451,33,1,200,5.97548,0,7430,10195,0.141516,0.185507,0.216264,-0.340813,0.531612,1.05,1.17509,0.66941,0.487083,0.66941,0.676484,0.50234,0.436759,420,123,0.097157,1,1,1
h3,1452,33,1,44,1.84715,1,5645,6833,-0.00159264,-0.144009,0.123288,-0.341309,0.233899,1.05,1.06688,0.588477,0.510288,0.592593,0.421133,0.666974,0.605373,420,123,0.0785109,1,1,1
h3,1453,33,1,83,2.35839,0,10890,2713,0.253678,0.148167,-0.153725,0.0843468,0.41431,1.05,1.15972,0.814815,0.579218,0.814815,0.651071,0.589763,0.500962,420,123,0.0846407,1,1,1
h3,1454,33,1,29,0.0631717,0,2358,2540,-0.169245,0.095829,-0.164586,0.117897,0.0225766,1.05,1.00977,0.532236,0.472222,0.532236,0.310425,0.716809,0.687924,420,123,0.0986182,1,1,1
h3,1455,33,1,89,5.73681,1,361,6608,-0.214991,-0.0214424,0.104091,-0.342974,0.453083,1.05,1.06101,0.817558,0.58802,0.817558,0.565426,0.717681,0.647344,420,123,0.0877453,-1,1,1
h3,1456,33,1,339,6.00556,1,7784,514,0.148911,-0.119907,-0.213111,-0.0113583,0.378067,1.05,1.12537,0.492455,0.398491,0.492455,0.518929,0.477053,0.41884,420,123,0.107919,1,1,1
h3,1457,33,1,346,5.63196,0,6883,8012,0.116446,-0.263124,0.169482,0.0854912,0.352916,1.05,0.989121,0.613169,0.504458,0.618656,0.559844,0.606743,0.528977,420,123,0.0945317,1,1,1
h3,1458,33,1,246,0.926345,0,3742,5153,-0.139676,-0.106091,-0.0570354,-0.0995255,0.0832334,1.05,1.22282,0.48834,0.527892,0.576132,0.291451,0.752735,0.700444,420,123,0.0745682,-1,1,1
h3,1459,33,1,340,0.544279,0,3313,1390,-0.153529,0.0467224,-0.192162,-0.227049,0.276582,1.05,1.0091,0.790123,0.579332,0.790123,0.535914,0.689957,0.622128,420,123,0.107275,1,1,1
h3,1460,33,1,118,4.79949,1,7523,7494,0.134081,0.0461788,0.141174,0.217144,0.172726,1.05,1.19984,0.665295,0.548583,0.702332,0.348797,0.656162,0.597326,420,123,0.0837975,-1,1,1
h3,1461,33,1,145,0.264701,0,10432,9040,0.196686,0.146017,0.190578,0.106874,0.0421093,1.05,1.00213,0.528121,0.50823,0.576132,0.247266,0.756317,0.723997,420,123,0.0899034,1,1,1
h3,1462,33,1,208,4.53142,0,1862,9358,-0.18081,0.00812912,0.231081,0.0915756,0.420494,1.05,0.986255,0.651578,0.48594,0.662551,0.573298,0.550296,0.489577,420,123,0.101269,1,1,1
h3,1463,33,1,201,0.319533,1,7662,3337,0.141445,0.0548306,-0.158007,0.0466919,0.299938,1.05,1.10236,0.379973,0.289666,0.379973,0.524083,0.332462,0.258017,420,123,0.0862508,1,1,1
h3,1464,33,1,217,3.70222,0,3432,7477,-0.147217,-0.0171223,0.136172,-0.0166168,0.283549,1.05,1.08391,0.495199,0.413923,0.495199,0.445469,0.404901,0.32646,420,123,0.105613,1,1,1
h3,1465,33,1,326,0.829649,0,8603,4432,0.209276,0.133911,-0.128426,-0.339611,0.581703,1.05,1.05397,0.737997,0.535322,0.737997,0.761486,0.614676,0.549808,420,123,0.09459,1,1,1
h3,1466,33,1,324,1.26679,1,4921,1277,-0.0815163,-0.194134,-0.201156,0.0525532,0.275231,1.05,1.00773,0.679012,0.521491,0.685871,0.499882,0.549361,0.475582,420,123,0.0949574,1,1,1
h3,1467,33,1,302,0.642448,1,7722,7506,0.144269,0.158251,0.152254,-0.355156,0.513469,1.05,1.1377,0.828532,0.59808,0.828532,0.650595,0.605423,0.542456,420,123,0.103064,1,1,1
h3,1468,33,1,254,2.83331,0,8645,5929,0.203193,0.020977,0.0329475,0.177826,0.2315,1.05,1.25527,0.780521,0.586991,0.780521,0.43268,0.646789,0.581563,420,123,0.0864992,1,1,1
h3,1469,33,1,247,4.30288,1,7124,10722,0.134085,-0.23654,0.249896,0.0790958,0.336212,1.05,1.06371,0.652949,0.477595,0.652949,0.525507,0.476687,0.401737,420,123,0.0872556,-1,1,1
h3,1470,33,1,58,0.417809,0,10095,6585,0.206202,-0.159727,0.0906992,0.0712433,0.258339,1.05,1.05691,0.651578,0.572817,0.681756,0.412266,0.71585,0.640387,420,123,0.0834273,-1,1,1
h3,1471,33,1,33,5.57861,0,5177,309,-0.0551548,0.00205994,-0.231699,0.118702,0.211619,1.05,0.950437,0.526749,0.428898,0.532236,0.375612,0.508778,0.449174,420,123,0.0972058,-1,1,1
h3,1472,33,1,80,1.12621,1,7155,1358,0.118459,0.0805721,-0.197079,0.17955,0.331112,1.05,1.19171,0.713306,0.518633,0.713306,0.47825,0.56576,0.493367,420,129,0.0826052,-1,1,1
h3,1473,33,1,218,2.3068,0,7771,2787,0.14819,0.0978336,-0.155582,0.110838,0.304051,1.05,1.02343,0.526749,0.414152,0.526749,0.454077,0.47124,0.388161,420,129,0.0872928,-1,1,1
h3,1474,33,1,32,2.77103,1,7744,4664,0.145741,-0.00799942,-0.102918,-0.287159,0.373847,1.05,0.964267,0.707819,0.537037,0.725652,0.52862,0.640848,0.564237,420,129,0.0837474,1,1,1
h3,1475,33,1,6,0.571407,0,1637,8028,-0.190276,0.136393,0.158365,-0.227631,0.504216,1.05,1.07466,0.626886,0.472451,0.626886,0.635796,0.519415,0.449958,420,129,0.100566,1,1,1
h3,1476,33,1,103,5.10593,0,7750,4815,0.152753,-0.326408,-0.0921659,-0.347088,0.245913,1.05,1.001,0.858711,0.65695,0.858711,0.41843,0.819272,0.74538,420,129,0.123137,1,1,1
h3,1477,33,1,243,1.82522,0,7478,6571,0.138792,-0.130936,0.091773,-0.0574913,0.087612,1.05,1.12981,0.473251,0.538752,0.59808,0.295929,0.784758,0.724417,420,129,0.0727173,1,1,1
h3,1478,33,1,217,0.967251,1,3432,1545,-0.147217,-0.0171223,-0.199924,0.15398,0.179313,1.05,1.27861,0.75583,0.592936,0.75583,0.389886,0.685372,0.622277,420,129,0.0906431,1,1,1
h3,1479,33,1,33,4.65011,1,5177,584,-0.0551548,0.00205994,-0.224993,0.158541,0.231622,1.05,1.03315,0.573388,0.497714,0.588477,0.411286,0.613168,0.553048,420,129,0.102645,-1,1,1
h3,1480,33,1,229,5.92957,1,6569,2692,0.088953,0.0687771,-0.164586,0.0850697,0.254885,1.05,1.00921,0.567901,0.424211,0.570645,0.424551,0.472051,0.410578,420,129,0.0920426,1,1,1
h3,1481,33,1,17,5.91409,1,5499,6582,-0.0198965,-0.340536,0.0930109,0.25308,0.604328,1.05,1.07021,0.452675,0.342135,0.458162,0.766216,0.293868,0.223591,420,129,0.0947913,-1,1,1
h3,1482,33,1,25,2.92502,1,2870,10205,-0.167792,-0.278759,0.197501,0.218256,0.616818,1.05,0.982478,0.707819,0.519433,0.707819,0.761144,0.575922,0.499,420,129,0.0751081,-1,1,1
h3,1483,33,1,281,5.16048,0,5959,1708,0.0327625,-0.189171,-0.192625,0.132627,0.393,1.05,1.1032,0.496571,0.377,0.496571,0.587265,0.359968,0.310715,420,129,0.0797657,-1,1,1
h3,1484,33,1,6,4.91825,1,1637,9699,-0.190276,0.136393,0.18624,-0.141777,0.468309,1.05,1.09552,0.720165,0.523434,0.731139,0.668674,0.470928,0.417042,420,129,0.0982914,1,1,1
h3,1485,33,1,240,0.816461,0,9047,10890,0.185042,0.0494537,0.253678,0.148167,0.120707,1.05,1.34456,0.513032,0.501143,0.548697,0.33353,0.758239,0.711347,420,129,0.0779927,1,1,1
h3,1486,33,1,114,2.21078,0,5668,6732,0.00246906,0.0739918,0.102208,0.122246,0.110799,1.05,1.22405,0.467764,0.388432,0.467764,0.310359,0.536043,0.472389,420,129,0.073869,1,1,1
h3,1487,33,1,164,2.60769,1,3718,3856,-0.146247,0.0971508,-0.127346,-0.000450134,0.103057,1.05,0.985602,0.466392,0.485368,0.541838,0.355173,0.690173,0.627827,420,129,0.0915189,-1,1,1
h3,1488,33,1,65,4.33908,0,8697,2553,0.212385,0.0523567,-0.158202,0.0588436,0.370879,1.05,1.06225,0.646091,0.474508,0.663923,0.558744,0.468607,0.394298,420,129,0.0810153,1,1,1
h3,1489,33,1,156,1.82692,1,3661,5574,-0.142878,0.118633,-0.00636959,0.19314,0.156603,1.05,0.834755,0.539095,0.477823,0.545953,0.302457,0.659618,0.594282,420,129,0.0899568,-1,1,1
h3,1490,33,1,118,0.726311,1,7523,7106,0.134081,0.0461788,0.125957,-0.055687,0.102738,1.05,0.896339,0.576132,0.476337,0.576132,0.331374,0.698189,0.640479,420,129,0.0825158,-1,1,1
h3,1491,33,1,171,0.709326,1,912,3506,-0.1969,0.104954,-0.145977,0.0977726,0.0561663,1.05,1.0511,0.481481,0.51086,0.58299,0.271794,0.758664,0.729476,420,129,0.0821189,-1,1,1
h3,1492,33,1,49,4.29615,0,7102,4552,0.123331,0.0460663,-0.103985,0.236818,0.297874,1.05,1.17303,0.580247,0.441701,0.580247,0.445065,0.412563,0.340608,420,129,0.0883484,-1,1,1
h3,1493,33,1,195,5.30812,1,4564,1408,-0.105632,-0.174397,-0.194367,0.0529842,0.244453,1.05,1.03747,0.699588,0.536237,0.699588,0.460319,0.605888,0.539919,420,129,0.101231,-1,1,1
h3,1494,33,1,336,0.415653,1,2980,3234,-0.138364,0.0193405,-0.159595,-0.0102234,0.0366307,1.05,1.12207,0.539095,0.480224,0.563786,0.315769,0.693393,0.657278,420,129,0.125779,-1,1,1
h3,1495,33,1,36,4.16561,0,4675,6799,-0.0965948,0.0406284,0.109112,0.231655,0.280956,1.05,1.13603,0.58299,0.440329,0.58299,0.442949,0.419672,0.339915,420,129,0.093856,1,1,1
h3,1496,33,1,129,4.91698,1,7775,6656,0.146469,0.110203,0.102662,-0.267862,0.380595,1.05,1.09625,0.670782,0.514518,0.670782,0.510912,0.599744,0.525603,420,129,0.107218,-1,1,1
h3,1497,33,1,80,1.65191,1,7155,2826,0.118459,0.0805721,-0.155893,-0.0752754,0.315527,1.05,1.0353,0.580247,0.416324,0.580247,0.543384,0.432885,0.374743,420,129,0.0821373,1,1,1
h3,1498,33,1,176,0.547995,1,778,8108,-0.210168,0.0676079,0.15574,0.20376,0.390843,1.05,1.06179,0.687243,0.503429,0.687243,0.574755,0.516686,0.435981,420,129,0.0927987,-1,1,1
h3,1499,33,1,100,3.01802,0,8821,3775,0.194382,0.18203,-0.12942,0.0536613,0.348321,1.05,1.10145,0.75583,0.541038,0.75583,0.553847,0.550556,0.488681,420,129,0.0817046,-1,1,1
h3,1500,33,1,235,5.48767,1,2606,4897,-0.156998,0.191967,-0.0822802,-0.134043,0.334462,1.05,1.07905,0.39369,0.394262,0.43347,0.488143,0.492546,0.424922,420,129,0.111062,1,1,1
h3,1501,33,1,107,2.54441,1,5514,74,-0.0179043,-0.350706,-0.228044,-0.00718498,0.402698,1.05,1.03361,0.427984,0.342936,0.429355,0.555026,0.320611,0.268162,420,129,0.0957671,1,1,1
h3,1502,33,1,9,6.25031,0,723,8095,-0.198546,0.0423527,0.168847,-0.201412,0.440999,1.05,1.06697,0.632373,0.497714,0.636488,0.593881,0.534626,0.463566,420,129,0.0940189,-1,1,1
h3,1503,33,1,52,2.69251,0,9232,1185,0.178368,0.0172749,-0.189715,0.179266,0.402721,1.05,1.1862,0.821674,0.582533,0.821674,0.586044,0.553607,0.476103,420,129,0.090535,-1,1,1
h3,1504,33,1,250,4.37205,1,2302,2692,-0.169047,0.140715,-0.164586,0.0850697,0.0586576,1.05,0.967088,0.570645,0.498285,0.585734,0.270551,0.728569,0.695409,420,129,0.0905296,-1,1,1
h3,1505,33,1,240,4.29922,1,9047,2401,0.185042,0.0494537,-0.166961,-0.143026,0.401335,1.05,1.07089,0.578875,0.427755,0.578875,0.60434,0.406763,0.350461,420,129,0.0862385,1,1,1
h3,1506,33,1,202,1.59769,1,144,9939,-0.231728,0.0513172,0.19993,-0.19397,0.496482,1.05,1.10362,0.659808,0.49417,0.659808,0.642745,0.52492,0.463966,420,129,0.087264,1,1,1
h3,1507,33,1,355,1.68757,1,1726,10598,-0.178057,0.123343,0.217024,0.203625,0.403163,1.05,1.08617,0.711934,0.51829,0.711934,0.549063,0.536981,0.460353,420,129,0.110886,1,1,1
h3,1508,33,1,36,1.0987,0,4675,6644,-0.0965948,0.0406284,0.0974092,-0.0105057,0.200953,1.05,1.05788,0.513032,0.393919,0.513032,0.374999,0.422665,0.35397,420,129,0.0948512,-1,1,1
h3,1509,33,1,291,5.17351,0,4918,738,-0.0764675,-0.030283,-0.219888,0.158596,0.23836,1.05,1.12518,0.684499,0.504915,0.684499,0.464786,0.51639,0.453934,420,129,0.105235,1,1,1
h3,1510,33,1,42,2.84459,1,9253,8069,0.185676,0.104273,0.149986,0.0418968,0.0732166,1.05,0.963639,0.602195,0.516918,0.628258,0.308735,0.729471,0.688304,420,129,0.0825211,-1,1,1
h3,1511,33,1,193,2.88245,1,8574,758,0.169032,0.197908,-0.211851,-0.345472,0.663577,1.05,1.12308,0.711934,0.507659,0.711934,0.797925,0.52775,0.492149,420,129,0.0785165,1,1,1
h3,1512,33,1,254,2.19122,1,8645,7103,0.203193,0.020977,0.130475,-0.183544,0.217243,1.05,1.1011,0.600823,0.54904,0.654321,0.482119,0.743277,0.673948,420,129,0.104974,1,1,1
h3,1513,33,1,81,3.32586,1,10762,7917,0.23664,0.1789,0.160824,-0.306736,0.491518,1.05,0.979268,0.489712,0.386145,0.489712,0.691831,0.431671,0.342486,420,129,0.100915,1,1,1
h3,1514,33,1,161,5.55744,0,2296,8391,-0.169459,0.173473,0.169174,0.0942326,0.34783,1.05,1.02051,0.441701,0.354138,0.444444,0.508989,0.397132,0.329269,420,129,0.0948656,-1,1,1
h3,1515,33,1,99,0.0551612,1,5671,9002,-0.000822067,-0.364136,0.180235,0.104984,0.503083,1.05,1.03551,0.733882,0.51406,0.733882,0.669626,0.497919,0.413545,420,129,0.0837439,-1,1,1
h3,1516,33,1,6,5.93406,1,1637,489,-0.190276,0.136393,-0.213794,0.0951233,0.0476717,1.05,1.00203,0.539095,0.494399,0.563786,0.226108,0.764978,0.731775,420,129,0.170546,-1,1,1
h3,1517,33,1,203,6.25349,0,626,2068,-0.213025,0.142426,-0.168808,0.0486221,0.103779,1.05,1.43643,0.618656,0.53075,0.618656,0.307987,0.799505,0.740523,420,129,0.0751503,1,1,1
h3,1518,33,1,18,3.75341,0,3981,9668,-0.140279,-0.029398,0.184682,-0.048687,0.325809,1.05,0.982877,0.562414,0.414152,0.562414,0.536621,0.417517,0.361479,420,129,0.0961287,1,1,1
h3,1519,33,1,30,4.35456,0,1138,8271,-0.20122,0.208462,0.158367,0.0953026,0.377028,1.05,0.923346,0.418381,0.335963,0.418381,0.52592,0.353961,0.279895,420,129,0.0924594,1,1,1
h3,1520,33,1,65,3.15719,0,8697,2951,0.212385,0.0523567,-0.15129,0.151751,0.377365,1.05,1.07127,0.794239,0.587106,0.794239,0.546425,0.528641,0.450123,420,129,0.0848132,-1,1,1
h3,1521,33,1,174,4.13707,1,9442,10173,0.234907,0.055912,0.197943,0.031414,0.0495233,1.05,1.00584,0.524005,0.54481,0.607682,0.278301,0.853187,0.809264,420,129,0.0826166,1,1,1
h3,1522,33,1,80,6.18189,1,7155,8238,0.118459,0.0805721,0.182001,-0.330564,0.416121,1.05,1.17664,0.838134,0.606196,0.838134,0.550716,0.654167,0.583959,420,129,0.100935,-1,1,1
h3,1523,33,1,286,3.39927,0,5732,9688,0.00300121,-0.348114,0.183484,0.0967331,0.48016,1.05,1.07751,0.491084,0.359168,0.491084,0.637119,0.318501,0.242683,420,129,0.0883156,-1,1,1
h3,1524,33,1,58,1.91515,1,10095,8893,0.206202,-0.159727,0.178144,-0.157907,0.0290751,1.05,1.01562,0.540466,0.57316,0.625514,0.254494,0.927272,0.911745,420,129,0.0719886,-1,1,1
h3,1525,33,1,280,5.48931,0,3801,566,-0.154073,-0.327936,-0.226389,0.147945,0.481575,1.05,1.07763,0.554184,0.41781,0.554184,0.648264,0.490661,0.403497,420,129,0.0979081,1,1,1
h3,1526,33,1,25,3.47864,1,2870,5528,-0.167792,-0.278759,-0.0119448,0.013134,0.330926,1.05,1.04021,0.548697,0.502858,0.555556,0.446706,0.644622,0.58063,420,129,0.0749608,-1,1,1
h3,1527,33,1,54,4.63102,1,9937,6006,0.186617,0.221191,0.0407791,0.0876198,0.197986,1.05,0.963185,0.44856,0.433013,0.484225,0.377667,0.646731,0.580243,420,129,0.100228,1,1,1
h3,1528,33,1,12,1.73967,0,5868,481,0.0214272,-0.215807,-0.208693,0.0143051,0.325437,1.05,1.02927,0.685871,0.544467,0.685871,0.56818,0.694732,0.64735,420,129,0.0732344,1,1,1
h3,1529,33,1,3,3.40319,1,6806,8027,0.102597,0.0450497,0.153796,0.0693092,0.0588781,1.05,0.921212,0.444444,0.458962,0.525377,0.252447,0.657325,0.610885,420,129,0.0852055,-1,1,1
h3,1530,33,1,178,3.10096,1,8607,2658,0.16803,-0.150829,-0.159298,0.138201,0.436926,1.05,1.00025,0.672154,0.48834,0.672154,0.593693,0.522352,0.444739,420,129,0.0803823,1,1,1
h3,1531,33,1,266,1.51481,1,7692,3673,0.142586,0.0749931,-0.152077,0.0280361,0.29866,1.05,1.02795,0.375857,0.32899,0.375857,0.445196,0.33972,0.274413,420,129,0.0824319,-1,1,1
h3,1532,33,1,202,2.3492,0,144,2179,-0.231728,0.0513172,-0.172992,0.125923,0.0962474,1.05,1.38477,0.620027,0.592936,0.696845,0.250454,0.859709,0.796621,420,129,0.0792397,-1,1,1
h3,1533,33,1,207,1.1344,0,5089,8652,-0.0623932,-0.0812473,0.199619,0.0238667,0.282312,1.05,0.995147,0.466392,0.402378,0.475994,0.397594,0.490253,0.42381,420,129,0.0827888,1,1,1
h3,1534,33,1,126,0.400105,1,6357,10408,0.0777397,-0.235508,0.218052,0.0142632,0.286491,1.05,0.987273,0.534979,0.413923,0.534979,0.489616,0.423708,0.364606,420,129,0.0918941,-1,1,1
h3,1535,33,1,220,1.03947,0,2899,7652,-0.150534,0.177486,0.147118,-0.0876408,0.398941,1.05,0.994005,0.625514,0.482396,0.626886,0.526567,0.511155,0.443419,420,129,0.0872762,1,1,1
h3,1536,33,1,261,0.08209,0,9649,6371,0.219245,0.164536,0.0783138,0.247984,0.163997,1.05,1.0123,0.609053,0.534522,0.61454,0.381874,0.764152,0.699232,420,128,0.0815012,-1,1,1
h3,1537,33,1,23,1.48933,1,4516,5320,-0.109116,-0.183537,-0.0393486,-0.0505009,0.15095,1.05,1.04801,0.469136,0.510288,0.532236,0.349511,0.714408,0.64333,420,128,0.0846775,-1,1,1
h3,1538,33,1,341,3.87603,1,4824,10805,-0.0860033,0.255322,0.259516,0.0286312,0.413282,1.05,0.995444,0.593964,0.461363,0.593964,0.507798,0.481018,0.420667,420,128,0.0765965,1,1,1
h3,1539,33,1,332,2.48335,0,5941,3812,0.0329351,-0.0158253,-0.146251,0.0662632,0.199403,1.05,1.03939,0.48011,0.414838,0.496571,0.367537,0.524879,0.443782,420,128,0.0749794,1,1,1
h3,1540,33,1,72,0.216455,0,504,717,-0.210534,0.0497398,-0.209839,0.129349,0.0796126,1.05,1.01283,0.673525,0.551555,0.673525,0.312757,0.811119,0.761986,420,128,0.087231,-1,1,1
h3,1541,33,1,92,5.77627,1,9933,4815,0.182489,0.200369,-0.0921659,-0.347088,0.61249,1.05,1.01757,0.51989,0.369685,0.51989,0.762328,0.301838,0.230444,420,128,0.0916831,1,1,1
h3,1542,33,1,71,1.75012,1,5804,7089,0.0182896,-0.361223,0.136985,-0.300301,0.133417,1.05,0.748071,0.569273,0.491427,0.58299,0.290726,0.873198,0.806137,420,128,0.0798155,-1,1,1
h3,1543,33,1,235,3.52923,1,2606,3427,-0.156998,0.191967,-0.152545,-0.0414371,0.23432,1.05,1.20263,0.659808,0.521262,0.662551,0.39771,0.638028,0.576644,420,128,0.109915,1,1,1
h3,1544,33,1,37,5.68892,1,1927,4535,-0.175637,-0.0659637,-0.104969,0.244118,0.318165,1.05,1.11703,0.532236,0.437929,0.532236,0.477164,0.603412,0.549929,420,128,0.111573,-1,1,1
h3,1545,33,1,106,5.2707,1,8738,3650,0.186513,0.180107,-0.134087,0.000196457,0.367757,1.05,1.13136,0.731139,0.520919,0.731139,0.599106,0.540145,0.463152,420,128,0.08605,1,1,1
h3,1546,33,1,263,0.357493,1,10637,5103,0.239552,0.106575,-0.0610008,0.213295,0.318937,1.05,1.07683,0.438957,0.387174,0.454047,0.498998,0.507279,0.433913,420,128,0.0904724,-1,1,1
h3,1547,33,1,7,1.66124,1,164,10847,-0.224535,0.0229626,0.245297,0.162903,0.490232,1.05,1.11889,0.843621,0.603795,0.843621,0.653852,0.535869,0.471339,420,128,0.0970975,-1,1,1
h3,1548,33,1,353,4.89948,1,8151,10057,0.151236,0.0531769,0.252568,0.00270844,0.113486,1.05,1.2434,0.539095,0.531893,0.565158,0.318138,0.724914,0.663853,420,128,0.0830529,-1,1,1
h3,1549,33,1,74,4.7461,1,8920,3957,0.171521,-0.18165,-0.125157,0.120831,0.423748,1.05,1.08569,0.668038,0.516118,0.668038,0.581965,0.540609,0.452323,420,128,0.0765726,-1,1,1
h3,1550,33,1,348,5.88913,0,4881,1953,-0.0816669,0.0519009,-0.182137,-0.0324173,0.131186,1.05,1.49719,0.600823,0.512917,0.615912,0.325804,0.665734,0.604888,420,128,0.0838518,-1,1,1
h3,1551,33,1,157,2.66051,1,3355,3017,-0.15814,0.0335846,-0.142999,-0.0322361,0.0693222,1.05,0.684638,0.537723,0.498057,0.548697,0.293812,0.721237,0.675172,420,128,0.104942,-1,1,1
h3,1552,33,1,67,4.30696,0,4318,9690,-0.123474,-0.0361271,0.24404,0.0300751,0.373543,1.05,1.08216,0.644719,0.471765,0.644719,0.609918,0.542733,0.487339,420,128,0.0843263,-1,1,1
h3,1553,33,1,316,3.69982,0,1300,9834,-0.189615,0.133741,0.248631,0.0143108,0.454429,1.05,0.987015,0.879287,0.625629,0.879287,0.618198,0.6163,0.571962,420,128,0.100798,-1,1,1
h3,1554,33,1,231,2.37862,1,6617,3524,0.0953665,-0.347071,-0.142519,0.0736179,0.4833,1.05,1.01437,0.768176,0.564015,0.768176,0.632985,0.68416,0.615237,420,128,0.0843267,1,1,1
h3,1555,33,1,167,1.72287,0,8147,1240,0.163493,0.0996017,-0.196399,0.0201569,0.3686,1.05,1.01426,0.73251,0.536465,0.73251,0.569085,0.561185,0.494931,420,128,0.0848476,-1,1,1
h3,1556,33,1,20,4.41614,1,9641,5060,0.190678,-0.166733,-0.072299,-0.339539,0.314809,1.05,1.09001,0.987654,0.706104,0.987654,0.515149,0.799518,0.7283,420,128,0.077733,-1,1,1
h3,1557,33,1,54,2.97842,1,9937,9752,0.186617,0.221191,0.241681,0.070488,0.161258,1.05,1.31485,0.69273,0.573274,0.696845,0.301452,0.804287,0.735982,420,128,0.0733996,-1,1,1
h3,1558,33,1,330,4.70226,1,9588,6643,0.217487,-0.00680923,0.106167,-0.188618,0.213332,1.05,1.08123,0.768176,0.641861,0.786008,0.371819,0.814923,0.746139,420,128,0.0926066,-1,1,1
h3,1559,33,1,351,5.60461,1,7516,7230,0.137561,0.0491657,0.144158,-0.325397,0.374628,1.05,1.12619,0.624143,0.481939,0.624143,0.507221,0.563225,0.494082,420,128,0.102274,-1,1,1
h3,1560,33,1,178,2.62956,0,8607,9490,0.16803,-0.150829,0.219389,0.150778,0.305966,1.05,1.03734,0.681756,0.53898,0.687243,0.507066,0.577535,0.509462,420,128,0.0932897,-1,1,1
h3,1561,33,1,169,3.56197,1,7697,564,0.150855,-0.192446,-0.227661,0.0675659,0.459414,1.05,1.03086,0.576132,0.517261,0.595336,0.608837,0.572198,0.500184,420,128,0.080897,-1,1,1
h3,1562,33,1,295,1.20744,1,6429,2273,0.0807295,0.138372,-0.174297,-0.148209,0.383628,1.05,1.01493,0.589849,0.459419,0.603567,0.546064,0.422097,0.354904,420,128,0.0855979,1,1,1
h3,1563,33,1,328,2.37261,0,145,9054,-0.231436,0.0560284,0.184466,0.115223,0.420123,1.05,1.16642,0.77915,0.563672,0.788752,0.55062,0.514867,0.441518,420,128,0.0866457,-1,1,1
h3,1564,33,1,145,2.49859,1,10432,9144,0.196686,0.146017,0.187847,-0.0162048,0.162476,1.05,1.21371,0.703704,0.555556,0.707819,0.338279,0.727725,0.673576,420,128,0.125625,1,1,1
h3,1565,33,1,145,5.27469,0,10432,2998,0.196686,0.146017,-0.156217,0.169508,0.354477,1.05,1.08345,0.406036,0.336534,0.411523,0.566201,0.381634,0.305857,420,128,0.102319,-1,1,1
h3,1566,33,1,87,2.79167,1,10428,3267,0.215432,0.0409565,-0.13981,-0.0653744,0.370814,1.05,1.06396,0.573388,0.431299,0.573388,0.556326,0.417847,0.354378,420,128,0.0915995,-1,1,1
h3,1567,33,1,268,0.297395,0,5413,2235,-0.0282841,-0.2064,-0.164173,0.067461,0.305829,1.05,1.07137,0.481481,0.384774,0.48834,0.465308,0.420761,0.327163,420,128,0.0841985,1,1,1
h3,1568,33,1,285,0.756044,1,3880,6183,-0.129134,0.0450554,0.0568953,0.032238,0.186715,1.05,0.858215,0.484225,0.386946,0.484225,0.409012,0.521979,0.451983,420,128,0.0828702,1,1,1
h3,1569,33,1,147,2.93221,0,7893,4041,0.151926,0.0649776,-0.117842,0.0849438,0.270557,1.05,1.07482,0.577503,0.435528,0.587106,0.460938,0.448946,0.362055,420,128,0.0851065,1,1,1
h3,1570,33,1,189,2.46092,0,2319,906,-0.176646,0.0269089,-0.194695,0.056097,0.0402517,1.05,0.977678,0.502058,0.478967,0.502058,0.229486,0.741318,0.709544,420,128,0.116554,1,1,1
h3,1571,33,1,171,0.932931,1,912,1348,-0.1969,0.104954,-0.20141,-0.349428,0.454404,1.05,1.0604,0.806584,0.611683,0.820302,0.572639,0.666802,0.6119,420,128,0.114524,1,1,1
h3,1572,33,1,181,0.966992,0,5016,9775,-0.0794039,-0.346125,0.189342,-0.0948906,0.367895,1.05,1.09561,0.532236,0.417353,0.532236,0.497313,0.514594,0.43005,420,128,0.0836726,1,1,1
h3,1573,33,1,248,3.64365,0,7771,1830,0.14819,0.0978336,-0.173178,0.212624,0.341254,1.05,1.09288,0.79561,0.56973,0.79561,0.493728,0.587214,0.501112,420,128,0.0823119,1,1,1
h3,1574,33,1,179,2.65768,1,10456,6194,0.236302,-0.0106392,0.0586996,-0.0491123,0.181722,1.05,1.26806,0.526749,0.491884,0.526749,0.420291,0.696707,0.629833,420,128,0.0859966,-1,1,1
h3,1575,33,1,200,4.17965,0,7430,7241,0.141516,0.185507,0.1446,-0.332893,0.518571,1.05,1.04643,0.507545,0.389003,0.507545,0.674913,0.342366,0.270622,420,128,0.0960495,-1,1,1
h3,1576,33,1,15,3.76688,1,2437,4136,-0.165283,-0.121399,-0.141356,-0.273798,0.154266,1.05,1.1165,0.759945,0.604824,0.776406,0.362879,0.849117,0.769833,420,128,0.0781696,-1,1,1
h3,1577,33,1,353,0.351741,1,8151,1916,0.151236,0.0531769,-0.182069,0.0918484,0.33554,1.05,1.11991,0.688615,0.519319,0.688615,0.498657,0.603484,0.534989,420,128,0.0831111,-1,1,1
h3,1578,33,1,11,2.36174,0,2006,9877,-0.173589,-0.0157204,0.208653,-0.348755,0.507025,1.05,1.00299,0.844993,0.599566,0.844993,0.690291,0.6466,0.601498,420,128,0.100327,1,1,1
h3,1579,33,1,314,5.55938,0,8872,9845,0.164937,0.128082,0.206416,0.192741,0.0768201,1.05,1.16177,0.59808,0.505944,0.602195,0.3347,0.706822,0.680259,420,128,0.0762615,-1,1,1
h3,1580,33,1,273,3.55861,1,108,772,-0.227655,-0.00109291,-0.203371,0.165306,0.168284,1.05,1.17051,0.768176,0.663352,0.773663,0.331817,0.810201,0.752358,420,128,0.0953153,1,1,1
h3,1581,33,1,221,2.13069,0,3538,10207,-0.154474,0.0427647,0.206884,-0.213228,0.443323,1.05,1.07364,0.663923,0.498514,0.666667,0.635496,0.524489,0.473647,420,128,0.0891085,-1,1,1
h3,1582,33,1,317,4.20083,1,3441,8665,-0.1478,0.0824299,0.172574,0.0905399,0.320591,1.05,1.00416,0.729767,0.518061,0.729767,0.533446,0.482542,0.415192,420,128,0.0910548,1,1,1
h3,1583,33,1,132,2.93478,0,6771,5447,0.110182,-0.34227,-0.0233402,-0.0621452,0.31032,1.05,1.09889,0.56653,0.470622,0.570645,0.461147,0.651417,0.576698,420,128,0.0806838,1,1,1
h3,1584,33,1,183,2.73076,1,4310,10449,-0.135221,-0.34234,0.209185,0.113068,0.571105,1.05,1.06247,0.79561,0.576932,0.79561,0.710489,0.663341,0.600312,420,128,0.0831429,-1,1,1
h3,1585,33,1,42,0.326139,0,9253,869,0.185676,0.104273,-0.207401,-0.3447,0.596754,1.05,1.07113,0.731139,0.520005,0.731139,0.746681,0.568895,0.529597,420,128,0.0834377,-1,1,1
h3,1586,33,1,40,5.8127,1,3056,7960,-0.148311,0.0392227,0.160443,0.0599747,0.309457,1.05,1.01454,0.471879,0.379287,0.471879,0.481102,0.405891,0.345513,420,128,0.0935435,1,1,1
h3,1587,33,1,120,5.818,0,6292,4297,0.067399,0.00792694,-0.12644,-0.0613995,0.206656,1.05,1.01323,0.51989,0.396548,0.51989,0.442177,0.48069,0.398287,420,128,0.0888677,-1,1,1
h3,1588,33,1,105,2.02341,1,6653,7684,0.101091,-0.290726,0.142354,0.00432205,0.298239,1.05,0.886218,0.639232,0.514861,0.643347,0.454467,0.693259,0.619859,420,128,0.0884197,-1,1,1
h3,1589,33,1,20,0.613102,0,9641,6991,0.190678,-0.166733,0.117033,-0.00538254,0.177677,1.05,1.24097,0.640604,0.587677,0.681756,0.393168,0.812838,0.74508,420,128,0.078215,-1,1,1
h3,1590,33,1,27,3.89723,1,8788,3979,0.173526,-0.130814,-0.129189,0.0639,0.360254,1.05,1.09961,0.577503,0.450389,0.577503,0.520342,0.507749,0.434819,420,128,0.0750534,-1,1,1
h3,1591,33,1,14,4.54028,0,5570,5652,-0.00832939,-0.0637875,0.00121021,0.199001,0.263063,1.05,1.16225,0.541838,0.441701,0.545953,0.499549,0.429583,0.362457,420,128,0.0926601,1,1,1
h3,1592,33,1,242,4.94466,0,8888,8412,0.194887,0.111317,0.194192,0.135984,0.0247319,1.05,1.1239,0.508916,0.482167,0.536351,0.32024,0.733456,0.709335,420,128,0.105199,-1,1,1
h3,1593,33,1,186,5.80014,0,2504,8398,-0.170289,-0.155634,0.164708,-0.0950165,0.340445,1.05,1.12052,0.588477,0.490626,0.596708,0.440071,0.540977,0.474365,420,128,0.0783015,1,1,1
h3,1594,33,1,240,5.80257,1,9047,899,0.185042,0.0494537,-0.198202,0.163656,0.400041,1.05,1.11429,0.635117,0.452561,0.635117,0.576439,0.418511,0.351172,420,128,0.094722,-1,1,1
h3,1595,33,1,14,0.630416,0,5570,2439,-0.00832939,-0.0637875,-0.166445,0.106676,0.233198,1.05,1.0663,0.436214,0.367856,0.436214,0.424713,0.431162,0.363398,420,128,0.0884305,-1,1,1
h3,1596,33,1,238,5.22444,1,10380,3230,0.195278,0.111032,-0.138679,-0.036829,0.365226,1.05,1.05652,0.604938,0.473022,0.61454,0.517904,0.4834,0.416448,420,128,0.0938399,1,1,1
h3,1597,33,1,144,0.799356,1,2236,4344,-0.158248,0.0812893,-0.135609,-0.357733,0.439708,1.05,1.04801,0.471879,0.372085,0.471879,0.63933,0.397476,0.33192,420,128,0.100207,-1,1,1
h3,1598,33,1,93,1.19788,1,5274,4370,-0.0442982,0.168304,-0.114325,0.104496,0.0951429,1.05,1.11228,0.438957,0.410494,0.447188,0.269392,0.631722,0.564235,420,128,0.0735483,-1,1,1
h3,1599,33,1,82,0.728431,1,9822,5860,0.20051,-0.0951767,0.024147,-0.0893593,0.176473,1.05,1.24907,0.539095,0.504458,0.55144,0.377026,0.705678,0.64007,420,128,0.0740626,-1,1,1
h3,1600,33,1,204,4.14354,1,1163,9446,-0.192019,0.130819,0.175949,0.165329,0.369583,1.05,1.03858,0.396433,0.30647,0.396433,0.578093,0.329319,0.236516,420,127,0.116746,1,1,1
h3,1601,33,1,38,0.128635,1,1188,6498,-0.203801,0.17565,0.0909863,-0.173038,0.456932,1.05,1.12049,0.635117,0.461248,0.635117,0.671886,0.554416,0.457294,420,127,0.0941743,1,1,1
h3,1602,33,1,2,2.36599,1,5149,1324,-0.0572729,-0.0472622,-0.207417,0.0967979,0.208905,1.05,1.17471,0.51166,0.409579,0.51166,0.369579,0.501309,0.435838,420,127,0.0978517,1,1,1
h3,1603,33,1,197,1.15902,0,6470,233,0.0839882,0.22842,-0.235015,0.102768,0.342859,1.05,1.0881,0.657064,0.479767,0.657064,0.538003,0.515751,0.447997,420,127,0.0939945,-1,1,1
h3,1604,33,1,79,2.4825,1,2753,4777,-0.153544,0.0422401,-0.0880308,0.243731,0.212086,1.05,1.10451,0.681756,0.534294,0.681756,0.379245,0.661167,0.604748,420,127,0.113175,-1,1,1
h3,1605,33,1,67,1.18317,1,4318,4106,-0.123474,-0.0361271,-0.126342,-0.108335,0.0739654,1.05,0.841977,0.510288,0.510402,0.570645,0.282408,0.72858,0.681569,420,127,0.0797051,-1,1,1
h3,1606,33,1,69,1.42816,0,6992,9082,0.133218,-0.357046,0.16954,0.182009,0.540277,1.05,1.09553,0.374486,0.344879,0.384088,0.703045,0.475695,0.401928,420,127,0.0950097,1,1,1
h3,1607,33,1,328,2.42025,0,145,890,-0.231436,0.0560284,-0.198208,0.11274,0.0661586,1.05,0.992946,0.650206,0.541038,0.66118,0.280224,0.861303,0.809371,420,127,0.080658,1,1,1
h3,1608,33,1,71,5.82618,1,5804,8736,0.0182896,-0.361223,0.215179,0.111071,0.51188,1.05,1.0575,0.548697,0.388203,0.548697,0.680929,0.339555,0.268718,420,127,0.0888726,1,1,1
h3,1609,33,1,293,2.52393,0,2257,1506,-0.169982,0.165693,-0.18891,0.0324287,0.134757,1.05,1.24239,0.587106,0.558299,0.60631,0.285416,0.756131,0.690783,420,127,0.0715897,-1,1,1
h3,1610,33,1,7,4.67376,1,164,8741,-0.224535,0.0229626,0.171726,0.0641518,0.398397,1.05,1.1331,0.699588,0.524234,0.699588,0.529809,0.481188,0.420462,420,127,0.0949143,1,1,1
h3,1611,33,1,217,3.59106,0,3432,9845,-0.147217,-0.0171223,0.206416,0.192741,0.411229,1.05,1.09051,0.784636,0.564015,0.784636,0.583512,0.529654,0.454833,420,127,0.101245,1,1,1
h3,1612,33,1,79,2.1197,1,2753,1000,-0.153544,0.0422401,-0.18594,-0.011734,0.063159,1.05,1.01896,0.489712,0.480796,0.540466,0.306287,0.711547,0.678641,420,127,0.139206,1,1,1
h3,1613,33,1,24,2.06977,1,2921,3763,-0.173109,-0.296366,-0.14292,0.122252,0.420326,1.05,1.05402,0.722908,0.53818,0.722908,0.608889,0.632563,0.541517,420,127,0.087552,-1,1,1
h3,1614,33,1,16,2.75701,1,6891,2441,0.116627,-0.245506,-0.162543,0.238483,0.558742,1.05,0.972359,0.662551,0.46685,0.662551,0.724869,0.424115,0.349487,420,127,0.0787993,1,1,1
h3,1615,33,1,89,5.86766,0,361,3417,-0.214991,-0.0214424,-0.138417,0.0783138,0.125918,1.05,0.572419,0.581619,0.575789,0.639232,0.27946,0.829324,0.772297,420,127,0.0746889,1,1,1
h3,1616,33,1,257,1.98346,0,5403,6123,-0.0288754,0.154999,0.0498896,-0.0104427,0.183278,1.05,1.11164,0.482853,0.408322,0.48834,0.33833,0.48789,0.417509,420,127,0.0784803,-1,1,1
h3,1617,33,1,297,3.41396,1,7839,2725,0.148783,-0.0432281,-0.154268,0.1182,0.343378,1.05,1.02727,0.607682,0.441472,0.607682,0.534697,0.457962,0.382302,420,127,0.0845332,-1,1,1
h3,1618,33,1,138,2.03668,1,830,2272,-0.200576,0.145721,-0.165413,0.0156174,0.134785,1.05,1.3209,0.62963,0.513946,0.62963,0.350495,0.7754,0.722849,420,127,0.0722866,1,1,1
h3,1619,33,1,215,0.282264,0,507,9490,-0.208806,0.0251598,0.219389,0.150778,0.44628,1.05,1.0368,0.750343,0.551212,0.750343,0.561681,0.562634,0.497566,420,127,0.116269,-1,1,1
h3,1620,33,1,335,1.93168,0,464,8020,-0.226211,0.014286,0.16742,0.100098,0.402886,1.05,1.18062,0.716049,0.526635,0.725652,0.547475,0.453396,0.377989,420,127,0.0886383,-1,1,1
h3,1621,33,1,298,4.71244,1,5919,4259,0.0271606,-0.319424,-0.135017,-0.327379,0.162392,1.05,1.10484,0.722908,0.581047,0.722908,0.331563,0.802347,0.730937,420,127,0.0759103,-1,1,1
h3,1622,33,1,302,4.31153,0,7722,4370,0.144269,0.158251,-0.114325,0.104496,0.264122,1.05,0.952088,0.421125,0.358139,0.427984,0.432136,0.428365,0.344232,420,127,0.0950265,-1,1,1
h3,1623,33,1,60,2.54514,1,3920,4926,-0.146854,-0.234568,-0.0830631,-0.363064,0.143621,1.05,1.04757,0.759945,0.621742,0.759945,0.317102,0.912261,0.852813,420,127,0.116837,-1,1,1
h3,1624,33,1,154,5.22791,0,917,9036,-0.198119,0.156185,0.168403,-0.0489731,0.420144,1.05,1.11311,0.670782,0.507887,0.676269,0.568523,0.522688,0.457326,420,127,0.0970712,1,1,1
h3,1625,33,1,284,0.586565,1,5764,3929,0.0115757,-0.27326,-0.134319,0.0891666,0.391508,1.05,0.993779,0.635117,0.492112,0.635117,0.531675,0.550349,0.471831,420,127,0.0836908,1,1,1
h3,1626,33,1,167,3.7255,0,8147,9694,0.163493,0.0996017,0.194805,-0.202682,0.303954,1.05,1.02748,0.766804,0.5639,0.766804,0.569504,0.673832,0.603911,420,127,0.101426,1,1,1
h3,1627,33,1,59,5.48285,1,4286,9754,-0.117836,0.104113,0.184642,0.101398,0.30249,1.05,1.01319,0.673525,0.487311,0.673525,0.488693,0.471335,0.399924,420,127,0.104081,1,1,1
h3,1628,33,1,110,1.56568,0,3810,9295,-0.131285,0.036211,0.17017,0.144855,0.321145,1.05,1.1024,0.725652,0.528807,0.725652,0.510631,0.525254,0.445426,420,127,0.086501,-1,1,1
h3,1629,33,1,1,5.65728,0,7699,1638,0.142639,-0.134228,-0.195578,0.143288,0.438349,1.05,1.02663,0.652949,0.511317,0.654321,0.588261,0.498272,0.429733,420,127,0.0817628,1,1,1
h3,1630,33,1,20,3.52486,1,9641,10523,0.190678,-0.166733,0.2339,0.0453854,0.216477,1.05,0.97697,0.576132,0.475537,0.581619,0.333566,0.60264,0.525473,420,127,0.0832065,1,1,1
h3,1631,33,1,128,5.45655,1,4565,4280,-0.10911,-0.0949249,-0.137444,-0.338543,0.245432,1.05,1.08364,0.729767,0.565386,0.729767,0.420673,0.746015,0.680672,420,127,0.096957,1,1,1
h3,1632,33,1,234,3.52248,1,5227,9947,-0.0564718,-0.364157,0.186981,0.100716,0.524763,1.05,1.08534,0.847737,0.609396,0.847737,0.664475,0.670566,0.6056,420,127,0.0797334,-1,1,1
h3,1633,33,1,103,3.17488,1,7750,4576,0.152753,-0.326408,-0.102347,0.0158043,0.426927,1.05,1.06761,0.644719,0.492227,0.654321,0.553184,0.515892,0.445941,420,127,0.0759351,1,1,1
h3,1634,33,1,51,0.120363,0,7553,1280,0.139863,0.0657787,-0.19848,-0.344944,0.532136,1.05,1.07482,0.525377,0.381916,0.525377,0.671786,0.352093,0.29839,420,127,0.0830317,-1,1,1
h3,1635,33,1,184,1.77177,0,6043,9293,0.0484953,-0.316484,0.184942,0.0988483,0.437376,1.05,1.05372,0.591221,0.44273,0.591221,0.578427,0.470359,0.361991,420,127,0.0839989,-1,1,1
h3,1636,33,1,135,3.35843,1,5121,6032,-0.0596809,0.114508,0.0491943,-0.360744,0.487564,1.05,1.06827,0.609053,0.444787,0.609053,0.663013,0.47611,0.410736,420,127,0.0997736,1,1,1
h3,1637,33,1,176,2.92726,1,778,2578,-0.210168,0.0676079,-0.16725,-0.10075,0.173959,1.05,0.925318,0.659808,0.57316,0.673525,0.321416,0.770359,0.703151,420,127,0.0937198,-1,1,1
h3,1638,33,1,103,4.12124,0,7750,1165,0.152753,-0.326408,-0.192011,0.162045,0.59792,1.05,1.0596,0.685871,0.529035,0.688615,0.699842,0.612245,0.547195,420,127,0.0755696,-1,1,1
h3,1639,33,1,147,5.38849,1,7893,9398,0.151926,0.0649776,0.183825,-0.30435,0.370741,1.05,0.949867,0.710562,0.526635,0.710562,0.56943,0.631359,0.551635,420,127,0.096255,-1,1,1
h3,1640,33,1,264,1.77324,0,9884,4752,0.194904,-0.137753,-0.0980339,-0.361187,0.368545,1.05,1.00692,0.879287,0.651006,0.890261,0.508945,0.778923,0.711101,420,127,0.0814797,-1,1,1
h3,1641,33,1,257,4.37693,1,5403,1916,-0.0288754,0.154999,-0.182069,0.0918484,0.165754,1.05,1.25493,0.337449,0.32476,0.356653,0.293136,0.492203,0.415334,420,127,0.0803261,-1,1,1
h3,1642,33,1,302,4.65913,0,7722,9144,0.144269,0.158251,0.187847,-0.0162048,0.179829,1.05,1.30602,0.711934,0.58722,0.73251,0.379539,0.689299,0.626097,420,127,0.11561,1,1,1
h3,1643,33,1,165,1.27112,1,8843,7319,0.164301,-0.0429077,0.126175,0.100414,0.148539,1.05,1.31594,0.61454,0.526635,0.61454,0.367979,0.711203,0.648978,420,127,0.0935675,-1,1,1
h3,1644,33,1,83,2.19512,0,10890,4810,0.253678,0.148167,-0.0927677,-0.118473,0.437259,1.05,1.18042,0.559671,0.424326,0.559671,0.659459,0.520366,0.441102,420,127,0.0866706,1,1,1
h3,1645,33,1,43,3.9141,0,5356,6607,-0.0349789,-0.00699425,0.0942926,-0.331139,0.34914,1.05,1.14571,0.576132,0.454047,0.58299,0.538746,0.571703,0.512693,420,127,0.081035,-1,1,1
h3,1646,33,1,223,5.5606,1,3557,10020,-0.135983,0.0708008,0.204234,-0.138378,0.399565,1.05,1.13877,0.580247,0.448102,0.580247,0.517834,0.416279,0.357982,420,127,0.089178,-1,1,1
h3,1647,33,1,248,2.72674,0,7771,3056,0.14819,0.0978336,-0.148311,0.0392227,0.302239,1.05,0.986484,0.465021,0.392204,0.465021,0.436223,0.417496,0.341544,420,127,0.0833895,1,1,1
h3,1648,33,1,191,4.5363,0,7105,1017,0.131029,-0.212738,-0.195245,0.116508,0.463528,1.05,1.04064,0.589849,0.5008,0.59808,0.612482,0.575046,0.512949,420,127,0.0850651,-1,1,1
h3,1649,33,1,26,3.34861,1,6899,1726,0.113692,-0.10355,-0.178057,0.123343,0.369606,1.05,0.949237,0.611797,0.47005,0.611797,0.520214,0.47753,0.411642,420,127,0.087725,1,1,1
h3,1650,33,1,218,3.67083,1,7771,3896,0.14819,0.0978336,-0.124825,-0.0341225,0.303239,1.05,0.952321,0.407407,0.326818,0.407407,0.497529,0.395256,0.318623,420,127,0.0932624,1,1,1
h3,1651,33,1,11,0.993694,0,2006,5563,-0.173589,-0.0157204,-0.0112514,-0.285316,0.315108,1.05,0.968591,0.839506,0.63626,0.862826,0.500234,0.73326,0.657049,420,127,0.108955,-1,1,1
h3,1652,33,1,175,2.59597,1,5584,698,-0.00572777,0.109005,-0.215061,0.105494,0.209525,1.05,1.21495,0.367627,0.308871,0.373114,0.329028,0.466469,0.400977,420,127,0.0845038,-1,1,1
h3,1653,33,1,25,6.25874,1,2870,2925,-0.167792,-0.278759,-0.14224,0.0363922,0.316186,1.05,0.951123,0.718793,0.545953,0.718793,0.477339,0.721895,0.650823,420,127,0.0821499,1,1,1
h3,1654,33,1,272,2.50317,1,7898,1966,0.148517,0.059536,-0.175426,-0.0832157,0.354068,1.05,1.07455,0.585734,0.434156,0.585734,0.510768,0.424769,0.351371,420,127,0.0875159,1,1,1
h3,1655,33,1,290,0.389871,1,4930,5036,-0.0825062,-0.343903,-0.0671062,0.222273,0.566385,1.05,1.09653,0.857339,0.592707,0.861454,0.704309,0.527812,0.470443,420,127,0.0831302,-1,1,1
h3,1656,33,1,128,1.865,1,4565,6777,-0.10911,-0.0949249,0.108102,-0.184444,0.234967,1.05,0.966866,0.56653,0.467878,0.588477,0.414318,0.592393,0.513303,420,127,0.0795514,1,1,1
h3,1657,33,1,111,0.853782,1,2251,8703,-0.17222,0.119293,0.193659,0.124725,0.366246,1.05,1.04258,0.632373,0.47508,0.633745,0.552256,0.489743,0.41337,420,127,0.105461,1,1,1
h3,1658,33,1,21,5.52428,0,3593,8651,-0.145467,0.131235,0.208709,0.0718918,0.35915,1.05,1.02517,0.561043,0.432899,0.561043,0.51244,0.478289,0.421265,420,127,0.0994098,-1,1,1
h3,1659,33,1,328,0.172175,1,145,2173,-0.231436,0.0560284,-0.1768,-0.181753,0.243978,1.05,0.988092,0.533608,0.461477,0.533608,0.400799,0.657033,0.587416,420,127,0.109713,1,1,1
h3,1660,33,1,131,2.64233,1,7877,8790,0.149018,0.0928917,0.175899,0.0359135,0.0630087,1.05,1.06252,0.500686,0.462391,0.522634,0.268955,0.703924,0.65961,420,127,0.0922228,1,1,1
h3,1661,33,1,255,1.58845,1,5114,2399,-0.0670481,-0.348042,-0.160372,0.189983,0.546059,1.05,1.09908,0.742113,0.518976,0.742113,0.691631,0.466569,0.395553,420,127,0.0832391,-1,1,1
h3,1662,33,1,89,0.77484,1,361,2898,-0.214991,-0.0214424,-0.148682,0.106541,0.14416,1.05,0.838262,0.62963,0.557842,0.633745,0.313545,0.805694,0.748031,420,127,0.0971576,-1,1,1
h3,1663,33,1,342,6.22642,1,126,6746,-0.220748,-0.00660706,0.103827,-0.184969,0.370609,1.05,0.981137,0.59808,0.496113,0.59808,0.510193,0.610712,0.531214,420,127,0.0832217,1,1,1
h3,1664,33,1,164,5.40652,0,3718,3757,-0.146247,0.0971508,-0.147793,0.0339699,0.0641104,1.05,0.985043,0.593964,0.518519,0.632373,0.302999,0.700114,0.664227,420,140,0.0956587,1,1,1
h3,1665,33,1,192,2.55414,1,6935,4612,0.117351,-0.187515,-0.106189,-0.0775852,0.249261,1.05,0.972031,0.570645,0.479424,0.589849,0.415434,0.584675,0.503857,420,140,0.0790511,-1,1,1
h3,1666,33,1,99,4.78902,0,5671,4682,-0.000822067,-0.364136,-0.0908184,-0.037302,0.338998,1.05,1.13132,0.528121,0.423297,0.528121,0.511299,0.558914,0.488896,420,140,0.0980763,1,1,1
h3,1667,33,1,243,0.12523,0,7478,5461,0.138792,-0.130936,-0.022831,-0.179867,0.168873,1.05,1.06386,0.61454,0.52652,0.61454,0.395628,0.723499,0.660096,420,140,0.0742003,1,1,1
h3,1668,33,1,2,2.07622,0,5149,6352,-0.0572729,-0.0472622,0.0755882,0.240494,0.316958,1.05,1.23183,0.593964,0.451989,0.602195,0.455589,0.486422,0.420118,420,140,0.0859124,1,1,1
h3,1669,33,1,354,3.9076,0,2052,6193,-0.174135,0.212227,0.0657177,-0.36396,0.624195,1.05,1.04108,0.659808,0.48091,0.659808,0.777196,0.511559,0.445964,420,140,0.0886116,-1,1,1
h3,1670,33,1,124,3.32942,0,9146,1460,0.180683,0.0968037,-0.190678,0.0975723,0.371367,1.05,1.10355,0.757202,0.559785,0.757202,0.532095,0.590914,0.520704,420,140,0.0903031,-1,1,1
h3,1671,33,1,319,4.72551,1,6265,2207,0.0645962,0.127625,-0.167155,0.113186,0.232272,1.05,0.939276,0.469136,0.398491,0.471879,0.337452,0.516057,0.432932,420,140,0.0828431,1,1,1
h3,1672,33,1,65,1.40956,1,8697,1272,0.212385,0.0523567,-0.202422,-0.174965,0.473263,1.05,1.08463,0.646091,0.4984,0.646091,0.640311,0.509025,0.464656,420,140,0.0824618,-1,1,1
h3,1673,33,1,167,6.21163,0,8147,2704,0.163493,0.0996017,-0.162259,0.201391,0.341314,1.05,1.03018,0.788752,0.570759,0.788752,0.500126,0.574743,0.479669,420,140,0.0880145,1,1,1
h3,1674,33,1,114,3.72408,0,5668,4422,0.00246906,0.0739918,-0.118774,-0.0853844,0.201059,1.05,0.964527,0.408779,0.33642,0.419753,0.361701,0.425946,0.35018,420,140,0.115993,-1,1,1
h3,1675,33,1,253,3.28042,1,3937,9954,-0.121672,0.0532417,0.189941,0.2017,0.34517,1.05,0.939083,0.695473,0.521948,0.695473,0.472093,0.554246,0.476021,420,140,0.0873685,1,1,1
h3,1676,33,1,44,0.0729859,0,5645,1560,-0.00159264,-0.144009,-0.188327,-0.209045,0.197871,1.05,1.07615,0.666667,0.538409,0.666667,0.447496,0.667005,0.608154,420,140,0.0736366,-1,1,1
h3,1677,33,1,215,1.659,0,507,4649,-0.208806,0.0251598,-0.0960808,0.0582123,0.117828,1.05,1.08075,0.567901,0.463306,0.567901,0.413635,0.679772,0.614202,420,140,0.122063,1,1,1
h3,1678,33,1,144,3.61109,0,2236,8515,-0.158248,0.0812893,0.163014,0.104502,0.322113,1.05,0.988455,0.493827,0.407979,0.502058,0.48945,0.449036,0.376355,420,140,0.0901759,1,1,1
h3,1679,33,1,319,3.67045,0,6265,1371,0.0645962,0.127625,-0.192442,-0.218266,0.431035,1.05,0.98779,0.63786,0.469822,0.63786,0.585769,0.492946,0.403215,420,140,0.0976949,1,1,1
h3,1680,33,1,316,1.84216,0,1300,2166,-0.189615,0.133741,-0.163959,0.0670471,0.0715464,1.05,0.95511,0.57476,0.521948,0.591221,0.250721,0.752999,0.711752,420,140,0.0804514,-1,1,1
h3,1681,33,1,159,4.96329,1,10342,8243,0.201586,0.0346508,0.160926,0.086916,0.0662604,1.05,1.02058,0.497942,0.560128,0.636488,0.213482,0.794884,0.747379,420,140,0.0797192,1,1,1
h3,1682,33,1,301,1.32378,1,5144,8593,-0.0577011,-0.0352974,0.181756,0.179819,0.321894,1.05,1.12146,0.585734,0.428555,0.591221,0.526069,0.458966,0.381636,420,140,0.084634,-1,1,1
h3,1683,33,1,56,5.2729,0,188,10582,-0.232367,0.0883503,0.235685,0.0680046,0.468522,1.05,1.04728,0.942387,0.659351,0.942387,0.580985,0.637341,0.572718,420,140,0.0898943,-1,1,1
h3,1684,33,1,349,2.75893,0,3277,884,-0.153885,-0.0536518,-0.21497,0.0279121,0.102521,1.05,1.32798,0.62963,0.56893,0.62963,0.320696,0.787318,0.714955,420,140,0.0833926,-1,1,1
h3,1685,33,1,334,1.50244,0,5422,481,-0.0271645,-0.063118,-0.208693,0.0143051,0.197597,1.05,1.12139,0.484225,0.452789,0.484225,0.417138,0.610137,0.564783,420,140,0.0833379,-1,1,1
h3,1686,33,1,351,4.29977,0,7516,311,0.137561,0.0491657,-0.226107,0.110466,0.368806,1.05,1.07841,0.711934,0.52069,0.711934,0.505273,0.547198,0.483828,420,140,0.0895358,1,1,1
h3,1687,33,1,19,5.72826,1,4470,8495,-0.109062,0.186951,0.199315,0.120445,0.315616,1.05,0.986898,0.696845,0.527435,0.696845,0.428563,0.574798,0.488769,420,140,0.0895506,-1,1,1
h3,1688,33,1,160,0.37322,0,2337,10066,-0.175541,-0.208475,0.227344,-0.0138283,0.447484,1.05,1.01879,0.603567,0.490055,0.603567,0.610445,0.596271,0.536162,420,140,0.0770544,1,1,1
h3,1689,33,1,8,2.76137,1,9999,10276,0.199837,0.210627,0.19285,0.0709324,0.139869,1.05,1.28369,0.624143,0.517375,0.62963,0.291107,0.780943,0.714032,420,140,0.0717304,1,1,1
h3,1690,33,1,93,5.90726,1,5274,5231,-0.0442982,0.168304,-0.0499516,0.204765,0.037928,1.05,1.0065,0.351166,0.378258,0.430727,0.208343,0.61792,0.598428,420,140,0.0735543,-1,1,1
h3,1691,33,1,40,4.83379,0,3056,1933,-0.148311,0.0392227,-0.182827,0.103275,0.07385,1.05,1.04652,0.646091,0.53818,0.646091,0.322533,0.715874,0.665431,420,140,0.0790515,-1,1,1
h3,1692,33,1,217,5.52268,0,3432,9787,-0.147217,-0.0171223,0.243029,0.0124435,0.391365,1.05,0.989224,0.529492,0.43267,0.550069,0.530293,0.55422,0.501701,420,140,0.104512,1,1,1
h3,1693,33,1,93,3.53511,0,5274,9718,-0.0442982,0.168304,0.202581,0.180073,0.247316,1.05,0.944463,0.670782,0.506401,0.670782,0.424381,0.595514,0.518124,420,140,0.0856303,1,1,1
h3,1694,33,1,0,2.06722,0,8010,7700,0.152772,0.107101,0.143879,0.10544,0.00904701,1.05,0.907921,0.359396,0.487083,0.599451,0.216388,0.67318,0.640913,420,140,0.0862701,-1,1,1
h3,1695,33,1,175,0.490042,1,5584,8370,-0.00572777,0.109005,0.186152,-0.342989,0.49104,1.05,1.04665,0.658436,0.496571,0.658436,0.638377,0.476699,0.427118,420,140,0.0822736,-1,1,1
h3,1696,33,1,309,4.38934,1,1878,6855,-0.18328,-0.226486,0.111266,-0.116436,0.314529,1.05,1.1139,0.604938,0.498514,0.604938,0.420033,0.613864,0.531241,420,140,0.0745389,1,1,1
h3,1697,33,1,145,4.80882,1,10432,7226,0.196686,0.146017,0.124087,-4.76837e-05,0.163112,1.05,1.04515,0.588477,0.488112,0.588477,0.423744,0.688577,0.624395,420,140,0.106125,-1,1,1
h3,1698,33,1,244,5.50078,1,4636,1091,-0.119851,-0.342896,-0.19453,0.0429001,0.392957,1.05,1.13301,0.593964,0.447188,0.593964,0.525682,0.439183,0.376111,420,140,0.083255,-1,1,1
h3,1699,33,1,55,1.37192,1,10391,7494,0.232349,0.168518,0.141174,0.217144,0.104017,1.05,1.21458,0.499314,0.515775,0.547325,0.330552,0.821667,0.753119,420,140,0.0724714,1,1,1
h3,1700,33,1,102,3.13411,0,7422,8843,0.135625,0.163994,0.164301,-0.0429077,0.208914,1.05,1.13585,0.63786,0.533493,0.63786,0.407205,0.656513,0.59118,420,140,0.13195,-1,1,1
h3,1701,33,1,72,3.23287,0,504,3524,-0.210534,0.0497398,-0.142519,0.0736179,0.0733886,1.05,1.06523,0.530864,0.522177,0.589849,0.28006,0.79799,0.769086,420,140,0.0912204,-1,1,1
h3,1702,33,1,339,3.83619,1,7784,9252,0.148911,-0.119907,0.197587,-0.308674,0.195158,1.05,1.03255,0.832648,0.648377,0.832648,0.393784,0.841784,0.765388,420,140,0.165942,-1,1,1
h3,1703,33,1,233,3.12062,1,5612,5554,-0.00157356,0.23317,-0.0135412,-0.345539,0.578832,1.05,1.06089,0.58299,0.409808,0.58299,0.731871,0.436784,0.364269,420,140,0.0887231,1,1,1
h3,1704,33,1,124,1.11024,0,9146,10136,0.180683,0.0968037,0.208813,-0.176622,0.27491,1.05,1.07422,0.754458,0.5607,0.754458,0.562471,0.690952,0.62013,420,140,0.0930858,-1,1,1
h3,1705,33,1,239,2.77446,1,10673,2143,0.249535,0.139597,-0.161313,0.0666428,0.417277,1.05,1.17454,0.766804,0.554184,0.766804,0.64589,0.547658,0.475161,420,140,0.0891736,1,1,1
h3,1706,33,1,117,5.2477,1,609,10786,-0.202197,0.0623493,0.255087,0.101349,0.458944,1.05,1.08855,0.860082,0.610883,0.860082,0.612504,0.573118,0.507129,420,140,0.111067,-1,1,1
h3,1707,33,1,239,6.2496,1,10673,1362,0.249535,0.139597,-0.195984,-0.314339,0.636038,1.05,1.12991,0.706447,0.547211,0.706447,0.805642,0.597628,0.544104,420,140,0.0827742,-1,1,1
h3,1708,33,1,283,1.11996,0,8530,829,0.1571,0.124062,-0.213911,0.177889,0.375057,1.05,0.981684,0.625514,0.459305,0.625514,0.586065,0.491161,0.415066,420,140,0.0964751,1,1,1
h3,1709,33,1,46,3.17085,0,9358,10021,0.231081,0.0915756,0.186057,0.140799,0.0704778,1.05,1.01966,0.624143,0.548583,0.651578,0.28727,0.812787,0.768565,420,140,0.0869646,-1,1,1
h3,1710,33,1,148,0.995043,1,1845,2778,-0.183132,0.0116653,-0.17095,-0.328146,0.340037,1.05,0.997566,0.836763,0.637631,0.851852,0.498372,0.726198,0.655515,420,140,0.107099,1,1,1
h3,1711,33,1,159,3.55761,1,10342,8852,0.201586,0.0346508,0.18243,0.00463867,0.0359182,1.05,0.944321,0.602195,0.526635,0.62963,0.332963,0.79812,0.764316,420,140,0.100625,-1,1,1
h3,1712,33,1,33,6.09822,1,5177,7894,-0.0551548,0.00205994,0.150035,0.0675774,0.215582,1.05,1.02408,0.500686,0.392433,0.500686,0.394431,0.433388,0.362824,420,140,0.084098,1,1,1
h3,1713,33,1,231,3.42929,1,6617,11037,0.0953665,-0.347071,0.300548,0.0535545,0.450548,1.05,1.1291,0.534979,0.391404,0.534979,0.625753,0.368881,0.321203,420,140,0.079017,-1,1,1
h3,1714,33,1,148,0.21208,0,1845,9628,-0.183132,0.0116653,0.222413,0.161308,0.432273,1.05,1.10467,0.773663,0.553955,0.773663,0.558039,0.542603,0.479044,420,140,0.103355,-1,1,1
h3,1715,33,1,261,0.265216,0,9649,6458,0.219245,0.164536,0.0851622,-0.181633,0.371357,1.05,1.08674,0.492455,0.424326,0.504801,0.529489,0.506014,0.439115,420,140,0.100243,1,1,1
h3,1716,33,1,140,3.58835,1,3904,2260,-0.141647,-0.0162334,-0.16518,0.0984802,0.120068,1.05,1.09926,0.584362,0.495885,0.584362,0.309176,0.696736,0.626483,420,140,0.092002,1,1,1
h3,1717,33,1,294,0.419414,0,3182,1869,-0.137576,0.036953,-0.186103,0.113909,0.0912576,1.05,1.40572,0.650206,0.544239,0.650206,0.328542,0.706724,0.645201,420,140,0.0767161,-1,1,1
h3,1718,33,1,155,4.55643,0,64,6072,-0.234214,0.0388947,0.0474443,0.134085,0.297404,1.05,1.26207,0.375857,0.376086,0.39369,0.435206,0.506132,0.449865,420,140,0.0905368,-1,1,1
h3,1719,33,1,89,4.6602,1,361,8040,-0.214991,-0.0214424,0.158989,-0.236397,0.431455,1.05,0.96635,0.657064,0.515546,0.662551,0.528337,0.58423,0.526457,420,140,0.0845356,1,1,1
h3,1720,33,1,186,1.49021,1,2504,592,-0.170289,-0.155634,-0.206286,0.0314999,0.19061,1.05,1.2143,0.611797,0.490055,0.611797,0.431219,0.594749,0.540551,420,140,0.0830123,-1,1,1
h3,1721,33,1,179,4.07882,0,10456,10628,0.236302,-0.0106392,0.229251,0.179426,0.190196,1.05,1.00785,0.759945,0.655578,0.802469,0.327005,0.837119,0.775416,420,140,0.117342,-1,1,1
h3,1722,33,1,275,5.25764,0,2269,303,-0.166284,0.11413,-0.236699,0.0848713,0.0775224,1.05,1.46748,0.449931,0.503429,0.596708,0.306547,0.720851,0.688907,420,140,0.0968729,1,1,1
h3,1723,33,1,133,3.35867,0,4070,6206,-0.125822,-0.0345516,0.0587101,-0.00613403,0.187469,1.05,1.15315,0.474623,0.433585,0.478738,0.380486,0.542765,0.471474,420,140,0.0810243,-1,1,1
h3,1724,33,1,310,3.65436,0,5736,1907,0.0105352,0.153805,-0.175562,0.126896,0.188078,1.05,1.1121,0.348422,0.317444,0.351166,0.304434,0.439773,0.355167,420,140,0.0916799,-1,1,1
h3,1725,33,1,92,2.96581,1,9933,10239,0.182489,0.200369,0.213358,-0.274879,0.47628,1.05,1.02182,0.650206,0.483425,0.650206,0.703659,0.52936,0.45514,420,140,0.0997473,-1,1,1
h3,1726,33,1,243,3.14745,1,7478,1299,0.138792,-0.130936,-0.198196,0.165766,0.448993,1.05,1.12039,0.66941,0.483996,0.66941,0.607147,0.498316,0.433967,420,140,0.0814699,-1,1,1
h3,1727,33,1,45,0.811831,1,10394,5306,0.232562,0.167913,-0.041172,0.0229187,0.309793,1.05,1.12435,0.51166,0.448788,0.517147,0.527077,0.533881,0.45973,420,140,0.0829168,1,1,1
h3,1728,33,1,226,5.33285,0,8630,2969,0.167731,-0.0673199,-0.162334,0.0996132,0.370819,1.05,1.08745,0.604938,0.453475,0.604938,0.524827,0.45028,0.383547,420,121,0.0811304,-1,1,1
h3,1729,33,1,355,5.39207,0,1726,9450,-0.178057,0.123343,0.22265,0.14337,0.401508,1.05,1.08034,0.880658,0.620256,0.880658,0.550836,0.556888,0.48877,420,121,0.10509,-1,1,1
h3,1730,33,1,265,3.7538,1,9994,8583,0.249982,0.00729179,0.203206,0.110043,0.113113,1.05,0.780716,0.595336,0.579218,0.600823,0.260064,0.882488,0.830234,420,121,0.0716215,1,1,1
h3,1731,33,1,126,4.35822,1,6357,10576,0.0777397,-0.235508,0.235267,0.125822,0.394179,1.05,1.03427,0.528121,0.422611,0.530864,0.58244,0.393065,0.318469,420,121,0.0895746,1,1,1
h3,1732,33,1,124,6.21773,1,9146,10488,0.180683,0.0968037,0.23595,0.107664,0.0566516,1.05,1.02436,0.600823,0.506973,0.600823,0.308619,0.720059,0.692219,420,121,0.0936408,-1,1,1
h3,1733,33,1,222,1.90415,1,3934,9,-0.149994,-0.295912,-0.244188,0.0160141,0.32585,1.05,1.02441,0.558299,0.447188,0.56653,0.458582,0.464192,0.412544,420,121,0.083653,1,1,1
h3,1734,33,1,243,0.86032,1,7478,9140,0.138792,-0.130936,0.163048,0.0457058,0.178592,1.05,1.10399,0.659808,0.5607,0.659808,0.394517,0.731248,0.656599,420,121,0.0777922,1,1,1
h3,1735,33,1,134,5.89099,1,6418,5980,0.0837402,-0.349382,0.0429049,-0.349016,0.0421622,1.05,0.984819,0.440329,0.434156,0.465021,0.194489,0.875102,0.84006,420,121,0.0797657,-1,1,1
h3,1736,33,1,176,1.84637,1,778,6918,-0.210168,0.0676079,0.115645,0.12796,0.331702,1.05,0.956891,0.573388,0.431642,0.573388,0.464567,0.503035,0.423877,420,121,0.0992113,-1,1,1
h3,1737,33,1,253,2.19422,1,3937,3951,-0.121672,0.0532417,-0.148567,-0.264267,0.318646,1.05,0.922243,0.489712,0.401806,0.489712,0.529552,0.51942,0.42226,420,121,0.106313,1,1,1
h3,1738,33,1,291,3.47567,0,4918,6244,-0.0764675,-0.030283,0.0670795,-0.348274,0.349021,1.05,0.949892,0.707819,0.518061,0.710562,0.526909,0.660165,0.578892,420,121,0.102402,-1,1,1
h3,1739,33,1,288,1.66825,0,7857,9833,0.149915,0.102762,0.229564,0.152302,0.0958819,1.05,0.680253,0.507545,0.504573,0.578875,0.237476,0.702933,0.659572,420,121,0.0808215,-1,1,1
h3,1740,33,1,280,0.110155,0,3801,8371,-0.154073,-0.327936,0.164436,-0.191271,0.346607,1.05,1.04328,0.839506,0.618999,0.851852,0.476741,0.749835,0.661682,420,121,0.0749843,1,1,1
h3,1741,33,1,131,4.99769,0,7877,10999,0.149018,0.0928917,0.305633,0.0494022,0.162565,1.05,1.34826,0.672154,0.58802,0.673525,0.346951,0.707099,0.65921,420,121,0.0910718,1,1,1
h3,1742,33,1,167,3.68514,1,8147,6702,0.163493,0.0996017,0.103725,0.25491,0.166588,1.05,1.13365,0.672154,0.536237,0.672154,0.324245,0.684153,0.634425,420,121,0.083868,1,1,1
h3,1743,33,1,108,0.390873,1,7225,4522,0.122186,0.108313,-0.114633,-0.199629,0.388553,1.05,0.963967,0.62963,0.493713,0.644719,0.567741,0.542348,0.466409,420,121,0.0851275,-1,1,1
h3,1744,33,1,334,4.03503,1,5422,2611,-0.0271645,-0.063118,-0.164359,0.101866,0.215462,1.05,1.08765,0.293553,0.256744,0.305898,0.364408,0.322462,0.252516,420,121,0.0829498,-1,1,1
h3,1745,33,1,201,2.30085,0,7662,7234,0.141445,0.0548306,0.130339,-0.103954,0.159187,1.05,1.10084,0.573388,0.501143,0.573388,0.344421,0.680598,0.613487,420,121,0.0942305,1,1,1
h3,1746,33,1,258,5.97423,1,8871,477,0.168713,-0.0770855,-0.228813,0.147602,0.45665,1.05,1.08447,0.766804,0.55144,0.766804,0.669683,0.507567,0.444186,420,121,0.0847957,-1,1,1
h3,1747,33,1,274,2.89795,1,9173,3429,0.184944,-0.0504227,-0.143806,0.0797882,0.354161,1.05,1.09594,0.588477,0.452332,0.592593,0.516787,0.448389,0.383394,420,121,0.0882204,-1,1,1
h3,1748,33,1,172,4.59768,0,9878,7201,0.195211,-0.144428,0.125373,0.0569992,0.213454,1.05,1.26712,0.727023,0.580133,0.727023,0.46086,0.765274,0.690543,420,121,0.0890316,1,1,1
h3,1749,33,1,159,1.15442,0,10342,5719,0.201586,0.0346508,0.00882149,0.177647,0.240097,1.05,1.23921,0.41701,0.409694,0.445816,0.399604,0.565731,0.499163,420,121,0.0911688,-1,1,1
h3,1750,33,1,323,3.1213,0,9776,8960,0.192008,-0.12038,0.160084,0.108816,0.232888,1.05,0.883873,0.66118,0.574531,0.662551,0.380924,0.748967,0.667821,420,121,0.0924641,1,1,1
h3,1751,33,1,289,4.89368,1,10063,1321,0.257437,0.0108929,-0.196047,-0.297537,0.548435,1.05,1.00418,0.839506,0.592478,0.839506,0.714262,0.637846,0.581329,420,121,0.0786513,-1,1,1
h3,1752,33,1,272,5.90497,0,7898,6790,0.148517,0.059536,0.119079,-0.358963,0.419798,1.05,1.0983,0.672154,0.502172,0.672154,0.545407,0.56582,0.511292,420,121,0.103784,-1,1,1
h3,1753,33,1,196,4.1505,0,1363,3476,-0.192884,0.0176086,-0.143548,0.210407,0.199868,1.05,1.14872,0.775034,0.595908,0.775034,0.386905,0.696622,0.647809,420,121,0.110069,1,1,1
h3,1754,33,1,307,4.41104,0,8510,2355,0.156878,0.118317,-0.175646,0.00930977,0.349966,1.05,1.08908,0.663923,0.468793,0.663923,0.58655,0.467857,0.402295,420,121,0.0856368,-1,1,1
h3,1755,33,1,350,0.647022,1,7312,3710,0.13179,-0.0699139,-0.148066,0.0750542,0.315335,1.05,1.05417,0.573388,0.440329,0.573388,0.524732,0.435647,0.373419,420,121,0.0784318,-1,1,1
h3,1756,33,1,172,0.630477,1,9878,7334,0.195211,-0.144428,0.134602,-0.00650978,0.150807,1.05,1.01409,0.62963,0.611111,0.663923,0.334256,0.855834,0.781406,420,121,0.0731347,-1,1,1
h3,1757,33,1,24,0.938768,1,2921,858,-0.173109,-0.296366,-0.204918,0.116152,0.413837,1.05,1.02388,0.776406,0.565158,0.776406,0.571174,0.541575,0.463719,420,121,0.0919444,1,1,1
h3,1758,33,1,297,0.119318,0,7839,4904,0.148783,-0.0432281,-0.0781784,0.232178,0.357097,1.05,1.09799,0.721536,0.538409,0.721536,0.471035,0.551486,0.492925,420,121,0.0955265,1,1,1
h3,1759,33,1,169,0.969801,0,7697,3629,0.150855,-0.192446,-0.148844,0.0822582,0.406773,1.05,1.05367,0.665295,0.489598,0.665295,0.607298,0.566509,0.499667,420,121,0.0810541,-1,1,1
h3,1760,33,1,352,0.565802,0,3098,10684,-0.156376,0.0952129,0.243264,0.0804214,0.400349,1.05,0.952201,0.757202,0.556699,0.757202,0.574988,0.610414,0.541877,420,121,0.0916109,-1,1,1
h3,1761,33,1,344,1.54242,1,4127,5607,-0.139666,-0.176815,-0.00720596,-0.250942,0.151794,1.05,1.06047,0.648834,0.548926,0.648834,0.346322,0.798183,0.729161,420,121,0.0779102,-1,1,1
h3,1762,33,1,184,1.40608,0,6043,1818,0.0484953,-0.316484,-0.187376,0.177071,0.547434,1.05,1.04824,0.48011,0.348994,0.48011,0.668874,0.312477,0.239705,420,121,0.0787555,-1,1,1
h3,1763,33,1,298,5.57646,0,5919,6565,0.0271606,-0.319424,0.0916185,0.2479,0.570997,1.05,1.03009,0.591221,0.409694,0.591221,0.756734,0.337533,0.286187,420,121,0.0810605,-1,1,1
h3,1764,33,1,211,1.06631,1,7339,8468,0.134583,0.0643883,0.16725,0.0763969,0.0351646,1.05,0.993724,0.455418,0.462163,0.524005,0.254782,0.684056,0.640495,420,121,0.0848606,1,1,1
h3,1765,33,1,354,1.19547,1,2052,8575,-0.174135,0.212227,0.189657,0.141554,0.370601,1.05,0.896881,0.658436,0.482968,0.658436,0.504092,0.546867,0.473384,420,121,0.0898365,-1,1,1
h3,1766,33,1,208,3.8006,0,1862,8585,-0.18081,0.00812912,0.159828,0.150772,0.3694,1.05,1.04137,0.51166,0.392661,0.515775,0.559418,0.410444,0.331145,420,121,0.101799,1,1,1
h3,1767,33,1,150,4.62288,1,7371,5977,0.134701,0.0694561,0.0431709,-0.36499,0.444017,1.05,1.01683,0.602195,0.439758,0.602195,0.609843,0.468711,0.401935,420,121,0.0875438,1,1,1
h3,1768,33,1,256,3.33,1,10399,2036,0.193256,0.136868,-0.175181,0.024332,0.3853,1.05,1.09992,0.754458,0.574188,0.754458,0.510862,0.650519,0.604364,420,121,0.104759,1,1,1
h3,1769,33,1,122,1.79049,1,4608,194,-0.100076,0.0399323,-0.238082,0.0915833,0.147364,1.05,1.23861,0.587106,0.481367,0.600823,0.361035,0.676122,0.626871,420,121,0.0953954,-1,1,1
h3,1770,33,1,242,0.764136,1,8888,5495,0.194887,0.111317,-0.015955,0.160475,0.216578,1.05,1.1516,0.389575,0.408665,0.42524,0.384439,0.547585,0.482127,420,121,0.093518,-1,1,1
h3,1771,33,1,70,0.61057,1,961,7373,-0.20969,0.166059,0.138346,-0.192446,0.499796,1.05,1.12563,0.654321,0.485254,0.654321,0.649934,0.491075,0.417013,420,121,0.0893227,-1,1,1
h3,1772,33,1,192,3.22984,1,6935,4679,0.117351,-0.187515,-0.0948839,0.251144,0.487403,1.05,1.13076,0.794239,0.550183,0.794239,0.643394,0.46311,0.403084,420,121,0.0815119,1,1,1
h3,1773,33,1,343,0.473404,0,7016,7140,0.120867,-0.0550613,0.127518,-0.0675106,0.0142787,1.05,0.997697,0.504801,0.450846,0.507545,0.288543,0.711955,0.690112,420,121,0.0816813,-1,1,1
h3,1774,33,1,120,6.04452,0,6292,10949,0.067399,0.00792694,0.276568,0.0854893,0.223253,1.05,1.20692,0.599451,0.468679,0.599451,0.426381,0.537511,0.492178,420,121,0.091625,1,1,1
h3,1775,33,1,93,0.375047,1,5274,526,-0.0442982,0.168304,-0.205878,0.083025,0.182915,1.05,1.04237,0.316872,0.308299,0.340192,0.298553,0.422456,0.356523,420,121,0.0968785,-1,1,1
h3,1776,33,1,342,5.85646,1,126,9918,-0.220748,-0.00660706,0.219292,0.179018,0.477615,1.05,0.984656,0.751715,0.550869,0.751715,0.579163,0.542495,0.472478,420,121,0.0945931,1,1,1
h3,1777,33,1,186,2.97227,0,2504,1359,-0.170289,-0.155634,-0.198542,0.170303,0.327324,1.05,1.1312,0.602195,0.477595,0.636488,0.515798,0.527547,0.464765,420,121,0.0968078,-1,1,1
h3,1778,33,1,145,1.49797,1,10432,1055,0.196686,0.146017,-0.194301,0.109219,0.392714,1.05,1.01406,0.421125,0.319845,0.421125,0.558479,0.301159,0.235369,420,121,0.107749,-1,1,1
h3,1779,33,1,78,4.04356,0,324,6368,-0.224188,0.0509129,0.0766592,-0.191198,0.386502,1.05,0.999718,0.62963,0.502058,0.641975,0.549358,0.602221,0.526553,420,121,0.102103,-1,1,1
h3,1780,33,1,154,5.41893,1,917,7353,-0.198119,0.156185,0.130889,0.0417271,0.349349,1.05,1.00558,0.504801,0.383973,0.504801,0.544079,0.420659,0.340046,420,121,0.108206,1,1,1
h3,1781,33,1,63,5.98926,0,5177,5541,-0.0551548,0.00205994,-0.0108604,0.064785,0.0771691,1.05,0.962764,0.414266,0.405807,0.459534,0.274741,0.57156,0.51704,420,121,0.0818076,-1,1,1
h3,1782,33,1,215,4.72453,0,507,5574,-0.208806,0.0251598,-0.00636959,0.19314,0.263216,1.05,1.10815,0.440329,0.401806,0.451303,0.386109,0.542652,0.478516,420,121,0.113078,1,1,1
h3,1783,33,1,63,5.86268,1,5177,5630,-0.0551548,0.00205994,-0.00197411,-0.0637665,0.0846245,1.05,0.665108,0.418381,0.377229,0.421125,0.306583,0.584432,0.53127,420,121,0.079999,1,1,1
h3,1784,33,1,298,4.18664,1,5919,1967,0.0271606,-0.319424,-0.178945,0.106522,0.473569,1.05,1.0611,0.890261,0.627115,0.890261,0.703962,0.695449,0.626158,420,121,0.0807722,-1,1,1
h3,1785,33,1,88,3.53723,0,8379,5191,0.173752,-0.184019,-0.0534401,0.143118,0.398402,1.05,1.12874,0.559671,0.430498,0.559671,0.551371,0.499844,0.422254,420,121,0.0814372,-1,1,1
h3,1786,33,1,300,2.68991,0,1608,6142,-0.189309,0.0433655,0.0533257,0.11183,0.252684,1.05,1.19988,0.644719,0.528578,0.666667,0.41346,0.544568,0.488955,420,121,0.0859024,-1,1,1
h3,1787,33,1,72,0.160999,1,504,1495,-0.210534,0.0497398,-0.188969,-0.19142,0.242126,1.05,0.937907,0.705075,0.620142,0.735254,0.377813,0.768518,0.700195,420,121,0.130428,1,1,1
h3,1788,33,1,221,3.72994,1,3538,4396,-0.154474,0.0427647,-0.118129,-0.181463,0.227501,1.05,1.0505,0.628258,0.496799,0.640604,0.516344,0.653713,0.587204,420,121,0.109198,1,1,1
h3,1789,33,1,208,6.08721,1,1862,3637,-0.18081,0.00812912,-0.149815,-0.00422859,0.0337507,1.05,1.00081,0.518519,0.494056,0.518519,0.313148,0.762599,0.722975,420,121,0.097248,1,1,1
h3,1790,33,1,50,0.848583,1,1982,9798,-0.183426,-0.0598698,0.18752,0.0450401,0.385496,1.05,1.15155,0.595336,0.467878,0.595336,0.519611,0.475701,0.419107,420,121,0.0846344,1,1,1
h3,1791,33,1,231,1.67297,0,6617,1282,0.0953665,-0.347071,-0.196298,-0.271147,0.301576,1.05,1.00262,0.836763,0.625857,0.836763,0.429874,0.735984,0.675302,420,121,0.0783521,-1,1,1
h3,1792,33,1,351,2.80459,0,7516,8786,0.137561,0.0491657,0.181155,0.19244,0.149934,1.05,1.31134,0.632373,0.549268,0.632373,0.348129,0.680205,0.609859,420,120,0.078924,-1,1,1
h3,1793,33,1,101,5.73292,0,7045,2364,0.118739,0.047718,-0.18363,-0.332964,0.486396,1.05,1.08035,0.663923,0.481367,0.663923,0.644382,0.585537,0.520626,420,120,0.0943027,-1,1,1
h3,1794,33,1,245,5.71468,0,9764,279,0.21835,0.140244,-0.226473,-0.0123901,0.47038,1.05,1.13393,0.891632,0.635917,0.891632,0.627872,0.636581,0.592698,420,120,0.0892848,1,1,1
h3,1795,33,1,216,3.40397,0,4376,1608,-0.114228,0.055378,-0.189309,0.0433655,0.076036,1.05,1.01755,0.445816,0.496342,0.596708,0.242603,0.675896,0.640265,420,120,0.0836874,1,1,1
h3,1796,33,1,101,4.88075,0,7045,8052,0.118739,0.047718,0.171608,-0.254465,0.306832,1.05,0.946616,0.657064,0.531093,0.659808,0.49196,0.627683,0.559616,420,120,0.0955094,1,1,1
h3,1797,33,1,316,0.149617,0,1300,9443,-0.189615,0.133741,0.224839,0.132086,0.414488,1.05,1.02302,0.426612,0.326132,0.426612,0.560518,0.315597,0.247043,420,120,0.123268,1,1,1
h3,1798,33,1,133,2.17266,1,4070,5908,-0.125822,-0.0345516,0.0270939,-0.0620728,0.155987,1.05,1.08487,0.455418,0.417124,0.470508,0.352612,0.612797,0.547366,420,120,0.0789084,1,1,1
h3,1799,33,1,302,0.201206,0,7722,9909,0.144269,0.158251,0.215912,0.181515,0.0769099,1.05,0.978998,0.495199,0.478967,0.496571,0.283457,0.717498,0.687595,420,120,0.0753949,-1,1,1
h3,1800,33,1,13,1.2995,0,10912,2920,0.259609,0.157887,-0.153934,0.0697422,0.422834,1.05,1.18243,0.890261,0.624257,0.890261,0.612465,0.608233,0.523351,420,120,0.0871389,1,1,1
h3,1801,33,1,231,4.7427,0,6617,3936,0.0953665,-0.347071,-0.127494,-0.100136,0.332985,1.05,1.04321,0.42524,0.361797,0.42524,0.459866,0.538276,0.439516,420,120,0.0842516,1,1,1
h3,1802,33,1,297,1.55387,0,7839,8672,0.148783,-0.0432281,0.177794,-0.184076,0.143881,1.05,1.04222,0.596708,0.55407,0.596708,0.318636,0.778913,0.711821,420,120,0.0795418,1,1,1
h3,1803,33,1,349,1.10286,0,3277,4241,-0.153885,-0.0536518,-0.125072,0.00426102,0.0653081,1.05,1.00361,0.547325,0.504344,0.563786,0.294993,0.743654,0.708951,420,120,0.0841818,1,1,1
h3,1804,33,1,58,1.9863,0,10095,9495,0.206202,-0.159727,0.193376,0.0141258,0.174326,1.05,0.949617,0.48011,0.500457,0.569273,0.284789,0.659974,0.58651,420,120,0.0858029,-1,1,1
h3,1805,33,1,11,4.42146,0,2006,5920,-0.173589,-0.0157204,0.0271025,-0.331057,0.374069,1.05,1.03409,0.884774,0.649749,0.912209,0.559433,0.718044,0.647738,420,120,0.104613,1,1,1
h3,1806,33,1,210,4.62835,0,8066,1152,0.171865,0.0952969,-0.2059,-0.192459,0.475325,1.05,1.06244,0.711934,0.511889,0.711934,0.664806,0.51749,0.467226,420,120,0.0965934,-1,1,1
h3,1807,33,1,171,0.896741,1,912,10332,-0.1969,0.104954,0.220892,0.0173874,0.426892,1.05,1.12241,0.8107,0.590306,0.8107,0.567383,0.588472,0.526696,420,120,0.107257,-1,1,1
h3,1808,33,1,65,3.63924,0,8697,8974,0.212385,0.0523567,0.159574,0.103323,0.0742413,1.05,1.00198,0.592593,0.598308,0.644719,0.243839,0.806249,0.777197,420,120,0.0758458,-1,1,1
h3,1809,33,1,146,3.96448,0,4274,8481,-0.129034,-0.234116,0.17354,0.14188,0.482754,1.05,1.09723,0.744856,0.51989,0.744856,0.662416,0.579842,0.499321,420,120,0.0825278,-1,1,1
h3,1810,33,1,353,4.50029,0,8151,3663,0.151236,0.0531769,-0.148748,0.0823345,0.301741,1.05,1.03385,0.550069,0.434042,0.562414,0.421906,0.466594,0.403377,420,120,0.0816621,1,1,1
h3,1811,33,1,272,0.701254,0,7898,10406,0.148517,0.059536,0.214982,0.0113449,0.0834376,1.05,0.997471,0.589849,0.501486,0.624143,0.314919,0.711269,0.658957,420,120,0.0922361,-1,1,1
h3,1812,33,1,248,3.43793,0,7771,6748,0.14819,0.0978336,0.100349,-0.0439701,0.149896,1.05,1.14823,0.559671,0.481367,0.567901,0.398617,0.672701,0.603924,420,120,0.0882365,-1,1,1
h3,1813,33,1,256,2.34762,1,10399,10959,0.193256,0.136868,0.282164,0.130384,0.0892898,1.05,1.26322,0.443073,0.519433,0.609053,0.277695,0.763373,0.728325,420,120,0.0910209,1,1,1
h3,1814,33,1,191,5.30541,1,7105,9456,0.131029,-0.212738,0.215502,0.160585,0.382854,1.05,1.02304,0.600823,0.475423,0.600823,0.588996,0.507295,0.440712,420,120,0.097414,-1,1,1
h3,1815,33,1,87,0.515714,0,10428,6065,0.215432,0.0409565,0.0435457,-0.348557,0.425868,1.05,1.07888,0.477366,0.421696,0.485597,0.574025,0.497345,0.421967,420,120,0.10679,1,1,1
h3,1816,33,1,208,2.23531,1,1862,7453,-0.18081,0.00812912,0.137603,0.0682964,0.32409,1.05,1.0606,0.625514,0.452218,0.625514,0.50981,0.454159,0.382108,420,120,0.0931128,-1,1,1
h3,1817,33,1,45,1.40378,0,10394,5522,0.232562,0.167913,-0.0131035,0.00363541,0.295769,1.05,1.20118,0.522634,0.450389,0.525377,0.52304,0.561135,0.485656,420,120,0.0846884,1,1,1
h3,1818,33,1,253,3.32607,1,3937,108,-0.121672,0.0532417,-0.227655,-0.00109291,0.119203,1.05,1.35681,0.533608,0.542295,0.565158,0.292099,0.691992,0.643662,420,120,0.0837149,-1,1,1
h3,1819,33,1,147,3.03504,1,7893,9544,0.151926,0.0649776,0.218422,0.152748,0.110178,1.05,1.10932,0.610425,0.502401,0.610425,0.319755,0.722465,0.659318,420,120,0.0761268,-1,1,1
h3,1820,33,1,224,5.11666,0,5733,1801,0.00316334,-0.348492,-0.175752,0.102806,0.485482,1.05,1.10343,0.377229,0.298468,0.390947,0.647119,0.256771,0.182517,420,120,0.0933705,-1,1,1
h3,1821,33,1,54,0.692803,0,9937,7771,0.186617,0.221191,0.14819,0.0978336,0.129204,1.05,1.28989,0.452675,0.439072,0.504801,0.320966,0.743672,0.679648,420,120,0.0752634,-1,1,1
h3,1822,33,1,135,4.46959,0,5121,2300,-0.0596809,0.114508,-0.176438,0.0210304,0.150709,1.05,1.10562,0.355281,0.33059,0.363512,0.281222,0.496642,0.428427,420,120,0.117365,-1,1,1
h3,1823,33,1,29,3.82994,1,2358,3035,-0.169245,0.095829,-0.151105,0.1292,0.0422252,1.05,1.11405,0.449931,0.467307,0.504801,0.221321,0.715739,0.677957,420,120,0.0895839,-1,1,1
h3,1824,33,1,313,5.33915,1,5217,4016,-0.055892,-0.298761,-0.133862,-0.0817108,0.231167,1.05,1.05643,0.621399,0.513946,0.636488,0.437156,0.719419,0.638464,420,120,0.0944612,1,1,1
h3,1825,33,1,27,3.90446,0,8788,9009,0.173526,-0.130814,0.158981,0.0925961,0.224749,1.05,0.925245,0.555556,0.553955,0.625514,0.374367,0.726801,0.649305,420,120,0.0872887,1,1,1
h3,1826,33,1,115,4.49759,1,3069,9399,-0.144746,-0.0782356,0.190289,-0.202375,0.357393,1.05,1.08635,0.717421,0.51829,0.717421,0.560685,0.539024,0.488354,420,120,0.0795863,-1,1,1
h3,1827,33,1,188,5.65268,0,2079,10053,-0.178904,-0.0141182,0.208508,0.197411,0.441398,1.05,1.12832,0.857339,0.599223,0.857339,0.635035,0.52598,0.448065,420,120,0.092215,-1,1,1
h3,1828,33,1,147,3.93528,0,7893,6120,0.151926,0.0649776,0.0508251,0.0233727,0.10937,1.05,0.804411,0.475994,0.437471,0.486968,0.325063,0.660181,0.59385,420,120,0.0864272,-1,1,1
h3,1829,33,1,231,0.867512,0,6617,6315,0.0953665,-0.347071,0.0693474,0.00359344,0.352188,1.05,1.06545,0.477366,0.404664,0.477366,0.514605,0.640341,0.568444,420,120,0.0987316,1,1,1
h3,1830,33,1,52,4.50697,1,9232,5533,0.178368,0.0172749,-0.0114584,-0.109499,0.228707,1.05,1.18819,0.592593,0.48171,0.593964,0.458645,0.642846,0.574118,420,120,0.0846881,1,1,1
h3,1831,33,1,192,1.05459,0,6935,6556,0.117351,-0.187515,0.0911264,-0.186005,0.027736,1.05,1.07356,0.515775,0.517147,0.562414,0.227585,0.801811,0.787214,420,120,0.0767188,-1,1,1
h3,1832,33,1,4,3.80108,1,8825,6098,0.163641,0.167528,0.0547791,-0.364286,0.542842,1.05,0.97522,0.412894,0.339963,0.415638,0.686755,0.320611,0.245739,420,120,0.0924854,-1,1,1
h3,1833,33,1,2,5.92838,0,5149,7686,-0.0572729,-0.0472622,0.145471,-0.0561218,0.203056,1.05,0.922157,0.526749,0.404092,0.534979,0.452997,0.472664,0.397414,420,120,0.0862488,1,1,1
h3,1834,33,1,302,3.15508,0,7722,4926,0.144269,0.158251,-0.0830631,-0.363064,0.568726,1.05,1.159,0.790123,0.564701,0.790123,0.715906,0.593729,0.520478,420,120,0.0937857,1,1,1
h3,1835,33,1,193,0.572529,1,8574,1420,0.169032,0.197908,-0.190337,-0.148748,0.499317,1.05,1.02031,0.725652,0.531321,0.729767,0.648033,0.508888,0.453845,420,120,0.0806993,1,1,1
h3,1836,33,1,347,3.8186,1,505,7703,-0.220177,0.104008,0.154556,-0.289883,0.543866,1.05,0.980232,0.673525,0.502743,0.676269,0.644219,0.594442,0.519952,420,120,0.095079,1,1,1
h3,1837,33,1,22,3.61585,0,2257,5795,-0.169982,0.165693,0.0172377,0.13776,0.189399,1.05,0.922099,0.530864,0.443759,0.536351,0.371396,0.591686,0.525289,420,120,0.104038,-1,1,1
h3,1838,33,1,57,4.54099,0,4978,8886,-0.0723915,-0.0892067,0.206182,0.155495,0.370833,1.05,1.14643,0.631001,0.451875,0.631001,0.589802,0.485107,0.414755,420,120,0.0896751,-1,1,1
h3,1839,33,1,113,5.81768,1,6345,8167,0.0724735,-0.0297298,0.177667,-0.327587,0.315887,1.05,1.14808,0.751715,0.55807,0.75583,0.502789,0.660696,0.595018,420,120,0.0956728,-1,1,1
h3,1840,33,1,133,4.91679,1,4070,3529,-0.125822,-0.0345516,-0.149801,0.079319,0.116408,1.05,1.27813,0.533608,0.493599,0.555556,0.33866,0.690977,0.614849,420,120,0.0841294,1,1,1
h3,1841,33,1,267,5.17498,1,6716,9225,0.111701,-0.327877,0.229836,0.0703468,0.416108,1.05,1.13174,0.716049,0.516347,0.716049,0.559406,0.494078,0.419661,420,120,0.0921625,-1,1,1
h3,1842,33,1,161,1.69685,1,2296,7245,-0.169459,0.173473,0.133176,-0.166256,0.454977,1.05,1.15371,0.62963,0.479195,0.63786,0.61742,0.475341,0.401307,420,120,0.0889806,-1,1,1
h3,1843,33,1,353,2.08759,0,8151,2434,0.151236,0.0531769,-0.159365,0.154264,0.326767,1.05,1.07518,0.593964,0.449817,0.593964,0.491333,0.429953,0.352446,420,120,0.0821873,-1,1,1
h3,1844,33,1,230,5.41117,0,3837,4941,-0.143252,-0.0414886,-0.0766125,-0.0864964,0.0831416,1.05,0.653463,0.544582,0.487883,0.559671,0.31453,0.717661,0.668988,420,120,0.0984435,1,1,1
h3,1845,33,1,42,3.61284,0,9253,7118,0.185676,0.104273,0.132672,0.197741,0.107599,1.05,1.03012,0.544582,0.523548,0.573388,0.258287,0.714926,0.667687,420,120,0.07589,-1,1,1
h3,1846,33,1,110,3.18571,0,3810,7311,-0.131285,0.036211,0.136822,0.219259,0.325336,1.05,0.943583,0.761317,0.553269,0.761317,0.5044,0.580627,0.497399,420,120,0.083023,-1,1,1
h3,1847,33,1,338,3.8772,1,8247,6940,0.165416,-0.127026,0.118248,0.222157,0.352458,1.05,1.02905,0.866941,0.634316,0.866941,0.5599,0.619911,0.55854,420,120,0.112535,-1,1,1
h3,1848,33,1,327,5.75454,1,9518,6912,0.186314,-0.137562,0.116096,-0.150671,0.0716155,1.05,1.02252,0.625514,0.571445,0.643347,0.313288,0.852429,0.832405,420,120,0.0722124,1,1,1
h3,1849,33,1,71,5.79099,1,5804,10860,0.0182896,-0.361223,0.284228,0.0420685,0.483175,1.05,1.0818,0.9369,0.678326,0.9369,0.672823,0.804422,0.748189,420,120,0.0780862,1,1,1
h3,1850,33,1,68,1.98025,1,4756,187,-0.0916338,0.0273952,-0.241237,0.0395489,0.15022,1.05,1.40571,0.603567,0.552812,0.622771,0.433897,0.687942,0.619252,420,120,0.0822564,1,1,1
h3,1851,33,1,17,4.58092,0,5499,5028,-0.0198965,-0.340536,-0.0689535,-0.025425,0.319029,1.05,1.02837,0.504801,0.43347,0.513032,0.467758,0.596421,0.525379,420,120,0.100906,1,1,1
h3,1852,33,1,8,0.698411,0,9999,7780,0.199837,0.210627,0.14829,0.0927639,0.128666,1.05,1.36018,0.54321,0.468679,0.54321,0.294411,0.746824,0.690797,420,120,0.0790832,1,1,1
h3,1853,33,1,80,5.55951,1,7155,4653,0.118459,0.0805721,-0.096489,0.111666,0.217379,1.05,0.985479,0.41701,0.356424,0.426612,0.403152,0.436332,0.363564,420,120,0.0945057,1,1,1
h3,1854,33,1,103,2.54119,0,7750,9364,0.152753,-0.326408,0.178039,-0.172113,0.156541,1.05,1.15219,0.869685,0.652492,0.869685,0.408676,0.943944,0.876074,420,120,0.158979,1,1,1
h3,1855,33,1,178,5.19192,0,8607,184,0.16803,-0.150829,-0.225184,0.0256042,0.431019,1.05,1.04336,0.609053,0.491541,0.610425,0.611113,0.527002,0.469377,420,120,0.075777,1,1,1
h3,1856,33,1,155,4.77474,0,64,9550,-0.234214,0.0388947,0.229025,0.0859108,0.465685,1.05,0.994671,0.395062,0.30647,0.395062,0.617047,0.270675,0.210759,420,129,0.0939268,1,1,1
h3,1857,33,1,83,0.765066,0,10890,10491,0.253678,0.148167,0.20891,0.0410995,0.11605,1.05,1.23121,0.684499,0.594307,0.696845,0.280047,0.897065,0.843405,420,129,0.0697801,1,1,1
h3,1858,33,1,58,1.84421,0,10095,9310,0.206202,-0.159727,0.221813,0.123911,0.284178,1.05,0.961403,0.644719,0.562872,0.688615,0.392207,0.633148,0.57,420,129,0.0914424,-1,1,1
h3,1859,33,1,27,1.19193,0,8788,8513,0.173526,-0.130814,0.181052,-0.237391,0.106843,1.05,0.905572,0.641975,0.556584,0.641975,0.285171,0.888928,0.836183,420,129,0.0766573,-1,1,1
h3,1860,33,1,40,0.519008,0,3056,9802,-0.148311,0.0392227,0.249186,-0.0155354,0.401362,1.05,1.0561,0.635117,0.502401,0.641975,0.527604,0.578816,0.536914,420,129,0.0876636,-1,1,1
h3,1861,33,1,18,0.0310494,0,3981,9282,-0.140279,-0.029398,0.219707,0.146034,0.400494,1.05,0.976738,0.674897,0.496342,0.674897,0.57702,0.50064,0.437559,420,129,0.102013,-1,1,1
h3,1862,33,1,88,1.1452,0,8379,9399,0.173752,-0.184019,0.190289,-0.202375,0.0247304,1.05,0.999282,0.521262,0.554527,0.596708,0.241419,0.895879,0.880887,420,129,0.0763118,-1,1,1
h3,1863,33,1,216,2.49079,0,4376,3200,-0.114228,0.055378,-0.163877,-0.164162,0.226483,1.05,1.05501,0.577503,0.483996,0.593964,0.412002,0.623989,0.556685,420,129,0.118415,1,1,1
h3,1864,33,1,88,1.83833,0,8379,8019,0.173752,-0.184019,0.162179,0.0503082,0.234804,1.05,1.07441,0.626886,0.498514,0.626886,0.484231,0.669439,0.576042,420,129,0.0968491,1,1,1
h3,1865,33,1,201,5.65477,0,7662,2521,0.141445,0.0548306,-0.160737,0.0631256,0.302441,1.05,1.02427,0.647462,0.47348,0.658436,0.488913,0.435146,0.359064,420,129,0.0802266,1,1,1
h3,1866,33,1,75,5.55829,0,7934,1226,0.168866,0.0715923,-0.204255,-0.174459,0.44704,1.05,1.03001,0.665295,0.478052,0.665295,0.642082,0.496661,0.449927,420,129,0.0819286,-1,1,1
h3,1867,33,1,237,5.77821,1,9929,8748,0.239137,0.124201,0.214947,0.0424938,0.0852169,1.05,1.32576,0.632373,0.528349,0.636488,0.292495,0.845467,0.808353,420,129,0.0770796,1,1,1
h3,1868,33,1,243,3.00677,0,7478,1274,0.138792,-0.130936,-0.184899,0.204512,0.466232,1.05,1.11326,0.727023,0.514632,0.727023,0.633079,0.493758,0.415338,420,129,0.0783409,1,1,1
h3,1869,33,1,10,0.210486,1,6119,2809,0.0505409,-0.333649,-0.170492,-0.344181,0.221295,1.05,1.09224,0.759945,0.58802,0.761317,0.421321,0.774739,0.706476,420,129,0.0769911,-1,1,1
h3,1870,33,1,215,6.25017,0,507,3567,-0.208806,0.0251598,-0.146139,-0.00693512,0.0710673,1.05,0.957917,0.554184,0.559785,0.588477,0.234686,0.808138,0.767288,420,129,0.101301,-1,1,1
h3,1871,33,1,274,0.351297,0,9173,7126,0.184944,-0.0504227,0.129277,-0.166012,0.128343,1.05,1.36971,0.640604,0.567673,0.66941,0.343119,0.839068,0.77454,420,129,0.0788209,-1,1,1
h3,1872,33,1,276,5.51653,1,3716,7722,-0.146818,0.039669,0.144269,0.158251,0.3149,1.05,0.943433,0.386831,0.314929,0.386831,0.511558,0.321653,0.238298,420,129,0.0953201,-1,1,1
h3,1873,33,1,1,2.66935,1,7699,4742,0.142639,-0.134228,-0.0920477,0.0443726,0.295067,1.05,1.03504,0.62963,0.50663,0.631001,0.510943,0.500923,0.430472,420,129,0.0764336,1,1,1
h3,1874,33,1,15,1.00442,0,2437,5143,-0.165283,-0.121399,-0.0578995,-0.0180893,0.149316,1.05,1.37787,0.562414,0.526292,0.563786,0.38968,0.732789,0.666021,420,129,0.083749,1,1,1
h3,1875,33,1,218,2.61162,0,7771,8640,0.14819,0.0978336,0.190694,-0.346748,0.446697,1.05,1.11361,0.739369,0.544239,0.739369,0.594617,0.606425,0.540907,420,129,0.100799,1,1,1
h3,1876,33,1,196,1.36524,1,1363,9693,-0.192884,0.0176086,0.190449,0.0249348,0.383851,1.05,0.99824,0.548697,0.430613,0.554184,0.488308,0.515762,0.454677,420,129,0.0961579,1,1,1
h3,1877,33,1,135,2.3928,0,5121,4107,-0.0596809,0.114508,-0.14621,-0.343922,0.466524,1.05,1.10843,0.757202,0.539895,0.757202,0.663937,0.54071,0.474981,420,129,0.149329,-1,1,1
h3,1878,33,1,113,0.799687,1,6345,2531,0.0724735,-0.0297298,-0.16943,0.0484619,0.255352,1.05,0.890358,0.532236,0.415181,0.532236,0.445917,0.437968,0.356615,420,129,0.082819,1,1,1
h3,1879,33,1,12,4.71796,0,5868,4735,0.0214272,-0.215807,-0.0908937,0.246193,0.475529,1.05,1.07216,0.537723,0.401235,0.537723,0.643127,0.327057,0.245963,420,129,0.088747,-1,1,1
h3,1880,33,1,243,2.27567,0,7478,8439,0.138792,-0.130936,0.163742,0.177032,0.308983,1.05,1.03723,0.674897,0.546182,0.674897,0.540215,0.604733,0.525661,420,129,0.100625,1,1,1
h3,1881,33,1,249,5.0201,0,1659,2158,-0.192745,0.141895,-0.169776,0.135065,0.0239727,1.05,1.04147,0.544582,0.495313,0.550069,0.231684,0.751887,0.723377,420,129,0.0941008,-1,1,1
h3,1882,33,1,72,5.41038,1,504,10678,-0.210534,0.0497398,0.242382,0.0913486,0.454922,1.05,1.04804,0.825789,0.590421,0.825789,0.600529,0.578495,0.510268,420,129,0.102311,1,1,1
h3,1883,33,1,293,4.43501,1,2257,5191,-0.169982,0.165693,-0.0534401,0.143118,0.119283,1.05,0.976811,0.41701,0.454275,0.48834,0.320613,0.666524,0.598817,420,129,0.118495,-1,1,1
h3,1884,33,1,323,3.18854,1,9776,4350,0.192008,-0.12038,-0.12008,-0.137112,0.312536,1.05,1.14223,0.631001,0.508116,0.63786,0.478285,0.558464,0.481101,420,129,0.0778095,1,1,1
h3,1885,33,1,232,1.65851,0,778,9439,-0.210168,0.0676079,0.181071,-0.103264,0.427031,1.05,1.11675,0.689986,0.497371,0.694102,0.624385,0.443527,0.37959,420,129,0.0874874,-1,1,1
h3,1886,33,1,283,5.36819,1,8530,3214,0.1571,0.124062,-0.158638,0.09618,0.317227,1.05,1.05993,0.507545,0.387632,0.507545,0.506792,0.464509,0.397506,420,129,0.0995486,-1,1,1
h3,1887,33,1,336,4.36979,0,2980,10077,-0.138364,0.0193405,0.204863,-0.194151,0.404208,1.05,1.10899,0.668038,0.486054,0.668038,0.586113,0.502007,0.453927,420,129,0.0929578,1,1,1
h3,1888,33,1,8,6.04139,1,9999,9955,0.199837,0.210627,0.202555,-0.118229,0.328899,1.05,1.22709,0.550069,0.457247,0.555556,0.484268,0.550723,0.482391,420,129,0.108203,-1,1,1
h3,1889,33,1,338,1.81718,0,8247,10171,0.165416,-0.127026,0.204662,-0.195805,0.0796587,1.05,1.12404,0.580247,0.554755,0.588477,0.263101,0.854551,0.817831,420,129,0.0763581,-1,1,1
h3,1890,33,1,77,0.650198,1,287,2650,-0.226668,0.100986,-0.169439,0.0353146,0.0875941,1.05,0.92809,0.504801,0.547554,0.593964,0.249149,0.855337,0.822904,420,129,0.0760934,-1,1,1
h3,1891,33,1,112,4.54331,1,8840,1738,0.170516,-0.217371,-0.184101,0.0687542,0.455752,1.05,1.01177,0.595336,0.510402,0.603567,0.658027,0.591052,0.528375,420,129,0.0759862,-1,1,1
h3,1892,33,1,121,2.51115,1,7976,10757,0.148635,0.0479393,0.280878,0.0211468,0.135063,1.05,1.24419,0.581619,0.53738,0.625514,0.306708,0.727852,0.664353,420,129,0.0819392,1,1,1
h3,1893,33,1,280,1.46511,1,3801,2677,-0.154073,-0.327936,-0.163339,0.103594,0.431945,1.05,1.04782,0.757202,0.561043,0.757202,0.565589,0.611272,0.50992,420,129,0.0846302,-1,1,1
h3,1894,33,1,48,3.21078,1,3274,9828,-0.155908,0.0976639,0.246995,0.00976944,0.412494,1.05,1.08534,0.695473,0.514518,0.695473,0.586686,0.585777,0.538799,420,129,0.102078,1,1,1
h3,1895,33,1,100,3.45417,0,8821,5602,0.194382,0.18203,-0.0074749,-0.290749,0.514172,1.05,1.13891,0.458162,0.336534,0.458162,0.680733,0.319881,0.247897,420,129,0.0989821,1,1,1
h3,1896,33,1,320,2.85962,0,10120,9018,0.229893,0.16573,0.181156,-0.353489,0.521761,1.05,1.08373,0.758573,0.563786,0.758573,0.668886,0.619272,0.534454,420,129,0.0990747,-1,1,1
h3,1897,33,1,274,0.30407,0,9173,4525,0.184944,-0.0504227,-0.111187,-0.117289,0.303784,1.05,0.996927,0.460905,0.427183,0.496571,0.419898,0.539434,0.458731,420,129,0.0812436,1,1,1
h3,1898,33,1,323,2.81394,1,9776,7446,0.192008,-0.12038,0.131959,0.0322895,0.164085,1.05,0.863877,0.66118,0.584819,0.673525,0.309157,0.815886,0.739009,420,129,0.0737667,-1,1,1
h3,1899,33,1,83,5.2722,0,10890,4952,0.253678,0.148167,-0.0752316,0.0132065,0.355601,1.05,1.2027,0.561043,0.446502,0.561043,0.541974,0.530857,0.454273,420,129,0.0819094,-1,1,1
h3,1900,33,1,230,4.98645,0,3837,6923,-0.143252,-0.0414886,0.126089,-0.334295,0.398406,1.05,0.956715,0.784636,0.568016,0.78738,0.579597,0.654703,0.585169,420,129,0.0864249,1,1,1
h3,1901,33,1,69,4.43916,0,6992,7567,0.133218,-0.357046,0.137582,0.136824,0.493889,1.05,1.08569,0.345679,0.363397,0.40192,0.66009,0.529146,0.448887,420,129,0.097537,-1,1,1
h3,1902,33,1,168,5.43195,1,4388,1602,-0.122502,-0.251415,-0.196542,-0.3496,0.123898,1.05,1.08689,0.626886,0.583676,0.66118,0.355992,0.884244,0.845843,420,129,0.0725698,-1,1,1
h3,1903,33,1,151,3.12745,1,8681,7188,0.178658,0.0536366,0.129134,-0.128323,0.18952,1.05,0.926985,0.599451,0.517604,0.60631,0.337409,0.708173,0.639026,420,129,0.0989804,-1,1,1
h3,1904,33,1,159,1.37022,0,10342,3474,0.201586,0.0346508,-0.154807,-0.190413,0.421594,1.05,0.996105,0.615912,0.461363,0.615912,0.574379,0.542384,0.471501,420,129,0.0872684,1,1,1
h3,1905,33,1,221,4.04721,1,3538,4605,-0.154474,0.0427647,-0.102056,-0.145452,0.196454,1.05,1.04994,0.475994,0.47085,0.545953,0.344809,0.703542,0.640217,420,129,0.110242,1,1,1
h3,1906,33,1,113,1.91147,0,6345,217,0.0724735,-0.0297298,-0.228905,0.0805569,0.320925,1.05,1.20476,0.500686,0.394719,0.517147,0.488172,0.51404,0.441269,420,129,0.085159,-1,1,1
h3,1907,33,1,296,4.96458,1,4264,2038,-0.122021,0.0299015,-0.179909,-0.208658,0.246082,1.05,1.19465,0.705075,0.571331,0.72428,0.379661,0.690934,0.622881,420,129,0.114204,-1,1,1
h3,1908,33,1,272,3.01297,1,7898,2671,0.148517,0.059536,-0.156877,0.205509,0.338814,1.05,1.05993,0.588477,0.441587,0.588477,0.495941,0.442952,0.353186,420,129,0.0894314,1,1,1
h3,1909,33,1,157,4.77894,0,3355,4772,-0.15814,0.0335846,-0.0951767,-0.131296,0.176671,1.05,1.11897,0.522634,0.479767,0.561043,0.414873,0.700407,0.635979,420,129,0.111171,-1,1,1
h3,1910,33,1,9,4.89965,0,723,6435,-0.198546,0.0423527,0.0792713,0.00464439,0.280365,1.05,1.11899,0.517147,0.457133,0.525377,0.463142,0.467006,0.403816,420,129,0.0880585,-1,1,1
h3,1911,33,1,50,1.15425,0,1982,1159,-0.183426,-0.0598698,-0.190399,-0.00497437,0.056147,1.05,1.02958,0.603567,0.566072,0.617284,0.281796,0.819196,0.776067,420,129,0.0929558,1,1,1
h3,1912,33,1,181,4.09227,1,5016,5085,-0.0794039,-0.346125,-0.0628281,0.130835,0.477249,1.05,1.02891,0.43347,0.373,0.447188,0.645109,0.503698,0.423697,420,129,0.102034,1,1,1
h3,1913,33,1,110,6.05283,0,3810,3853,-0.131285,0.036211,-0.145028,-0.167742,0.205477,1.05,1.10905,0.681756,0.548697,0.706447,0.42132,0.685046,0.616281,420,129,0.11869,-1,1,1
h3,1914,33,1,317,2.98539,1,3441,4407,-0.1478,0.0824299,-0.113831,0.0209503,0.0704128,1.05,1.10482,0.467764,0.452789,0.485597,0.341516,0.694554,0.650084,420,129,0.0996109,1,1,1
h3,1915,33,1,1,0.306004,0,7699,1536,0.142639,-0.134228,-0.180412,0.194965,0.461238,1.05,1.08998,0.725652,0.512003,0.725652,0.645567,0.49948,0.420021,420,129,0.0756518,1,1,1
h3,1916,33,1,355,4.11894,1,1726,1651,-0.178057,0.123343,-0.197727,0.133825,0.0326537,1.05,0.97816,0.558299,0.50503,0.56653,0.25098,0.741066,0.714256,420,129,0.113886,-1,1,1
h3,1917,33,1,20,0.628722,0,9641,5180,0.190678,-0.166733,-0.0545502,0.205313,0.445595,1.05,1.12186,0.780521,0.58642,0.780521,0.618158,0.534915,0.469208,420,129,0.0777709,-1,1,1
h3,1918,33,1,78,2.03867,1,324,1621,-0.224188,0.0509129,-0.19059,-0.0829754,0.138341,1.05,1.29483,0.495199,0.509717,0.525377,0.315916,0.764734,0.69972,420,129,0.103496,-1,1,1
h3,1919,33,1,331,0.866074,1,6022,10821,0.0377855,-0.348446,0.238037,0.185066,0.569939,1.05,1.07265,0.962963,0.666095,0.962963,0.694935,0.64532,0.57779,420,129,0.0998499,-1,1,1
h3,1920,33,1,24,5.15587,1,2921,4913,-0.173109,-0.296366,-0.0774288,0.0334854,0.343448,1.05,1.06571,0.615912,0.500114,0.615912,0.527431,0.68393,0.609875,420,124,0.0861216,1,1,1
h3,1921,33,1,120,2.50189,1,6292,3736,0.067399,0.00792694,-0.150665,-0.219753,0.31538,1.05,0.914923,0.596708,0.46765,0.59808,0.484755,0.540674,0.468049,420,124,0.0897159,-1,1,1
h3,1922,33,1,350,4.09916,1,7312,4051,0.13179,-0.0699139,-0.130293,-0.0904484,0.262886,1.05,1.06899,0.486968,0.411065,0.493827,0.415662,0.496187,0.424403,420,124,0.08167,1,1,1
h3,1923,33,1,52,3.6956,0,9232,7712,0.178368,0.0172749,0.149831,0.0694027,0.0631804,1.05,1.03491,0.528121,0.48251,0.545953,0.395693,0.730824,0.685713,420,124,0.102211,1,1,1
h3,1924,33,1,306,4.88007,0,4455,10272,-0.108157,0.0669174,0.212643,-0.265968,0.462807,1.05,1.13596,0.618656,0.483425,0.620027,0.594753,0.528717,0.477043,420,124,0.0893,-1,1,1
h3,1925,33,1,159,5.28319,0,10342,2822,0.201586,0.0346508,-0.166376,-0.0569859,0.379201,1.05,0.989056,0.60631,0.430498,0.60631,0.57296,0.407833,0.364537,420,124,0.0853203,-1,1,1
h3,1926,33,1,7,2.10582,1,164,592,-0.224535,0.0229626,-0.206286,0.0314999,0.0217427,1.05,1.00339,0.525377,0.559671,0.620027,0.221407,0.86068,0.832225,420,124,0.0799562,1,1,1
h3,1927,33,1,308,3.34012,1,3394,3810,-0.136115,-0.0248127,-0.131285,0.036211,0.0648486,1.05,1.05444,0.587106,0.528349,0.617284,0.347842,0.707422,0.662982,420,124,0.113161,1,1,1
h3,1928,33,1,106,1.08109,0,8738,5630,0.186513,0.180107,-0.00197411,-0.0637665,0.308372,1.05,1.16027,0.554184,0.439072,0.554184,0.557268,0.540679,0.450909,420,124,0.101583,-1,1,1
h3,1929,33,1,50,4.46721,1,1982,8998,-0.183426,-0.0598698,0.191371,0.113001,0.412942,1.05,1.17192,0.668038,0.494513,0.668038,0.571094,0.455332,0.387197,420,124,0.0875581,-1,1,1
h3,1930,33,1,257,5.59486,1,5403,8745,-0.0288754,0.154999,0.191538,-0.331306,0.533943,1.05,1.08037,0.722908,0.536123,0.72428,0.670406,0.470084,0.404444,420,124,0.0730763,1,1,1
h3,1931,33,1,119,1.27184,1,6372,222,0.0742025,-0.000125885,-0.228461,0.0482254,0.306814,1.05,1.18654,0.514403,0.409122,0.530864,0.512854,0.541216,0.487373,420,124,0.0819447,1,1,1
h3,1932,33,1,334,6.2526,0,5422,211,-0.0271645,-0.063118,-0.223622,0.0394726,0.221641,1.05,1.10112,0.506173,0.461477,0.54321,0.503928,0.634047,0.563029,420,124,0.0798908,-1,1,1
h3,1933,33,1,353,5.38165,0,8151,100,0.151236,0.0531769,-0.247137,0.0322762,0.398953,1.05,1.08662,0.707819,0.532236,0.707819,0.547804,0.575718,0.519065,420,124,0.0795866,1,1,1
h3,1934,33,1,115,2.27752,1,3069,8974,-0.144746,-0.0782356,0.159574,0.103323,0.355431,1.05,1.11257,0.644719,0.484911,0.644719,0.554288,0.456486,0.37377,420,124,0.0879584,1,1,1
h3,1935,33,1,36,5.48794,1,4675,6618,-0.0965948,0.0406284,0.0951796,-0.346109,0.431758,1.05,1.05465,0.737997,0.527892,0.737997,0.600502,0.630836,0.562887,420,124,0.0867007,-1,1,1
h3,1936,33,1,49,0.742726,0,7102,4598,0.123331,0.0460663,-0.0992908,-0.0409527,0.240421,1.05,1.04536,0.51166,0.397691,0.51166,0.392146,0.405479,0.340312,420,124,0.0861597,1,1,1
h3,1937,33,1,305,0.415298,0,4299,6153,-0.121405,0.0127335,0.0599632,-0.347778,0.404303,1.05,1.09195,0.773663,0.561271,0.780521,0.545408,0.658391,0.587723,420,124,0.0935109,1,1,1
h3,1938,33,1,208,6.04307,1,1862,1720,-0.18081,0.00812912,-0.185389,0.144278,0.137036,1.05,1.20747,0.570645,0.513832,0.587106,0.284389,0.785019,0.719279,420,124,0.0769816,1,1,1
h3,1939,33,1,285,5.75902,1,3880,10139,-0.129134,0.0450554,0.236475,0.150684,0.380569,1.05,1.10568,0.799726,0.565043,0.799726,0.564585,0.552675,0.476782,420,124,0.0911339,-1,1,1
h3,1940,33,1,82,4.46399,0,9822,2212,0.20051,-0.0951767,-0.163147,0.0972919,0.411528,1.05,1.00836,0.618656,0.477481,0.618656,0.517871,0.467119,0.391473,420,124,0.079512,-1,1,1
h3,1941,33,1,240,3.79922,1,9047,4491,0.185042,0.0494537,-0.119585,-0.234509,0.416465,1.05,1.00692,0.666667,0.514289,0.666667,0.541552,0.609282,0.53015,420,124,0.0828477,-1,1,1
h3,1942,33,1,328,5.21079,0,145,2914,-0.231436,0.0560284,-0.153192,0.207582,0.170726,1.05,0.957591,0.736626,0.578418,0.736626,0.31718,0.788321,0.740151,420,124,0.0966031,-1,1,1
h3,1943,33,1,231,0.8589,0,6617,5873,0.0953665,-0.347071,0.0259323,0.190525,0.542426,1.05,1.07976,0.414266,0.346479,0.415638,0.708178,0.446529,0.368943,420,124,0.104675,1,1,1
h3,1944,33,1,248,3.9494,0,7771,601,0.14819,0.0978336,-0.205841,0.119617,0.354701,1.05,1.10717,0.737997,0.530064,0.737997,0.504261,0.544874,0.476894,420,124,0.0924395,1,1,1
h3,1945,33,1,83,2.76688,0,10890,2513,0.253678,0.148167,-0.169194,0.0439644,0.435651,1.05,1.04291,0.659808,0.511203,0.670782,0.563771,0.540112,0.483444,420,124,0.0853215,-1,1,1
h3,1946,33,1,350,6.18229,0,7312,2909,0.13179,-0.0699139,-0.151472,-0.103487,0.285701,1.05,0.992313,0.580247,0.428326,0.580247,0.534572,0.472005,0.406749,420,124,0.0802333,-1,1,1
h3,1947,33,1,272,4.38032,1,7898,4813,0.148517,0.059536,-0.0859127,0.257244,0.306843,1.05,0.92554,0.640604,0.477595,0.640604,0.476942,0.508793,0.448486,420,124,0.0900269,1,1,1
h3,1948,33,1,285,2.68863,0,3880,9923,-0.129134,0.0450554,0.18961,-0.232889,0.4233,1.05,0.995705,0.613169,0.486511,0.613169,0.570162,0.544358,0.484796,420,124,0.0814475,1,1,1
h3,1949,33,1,85,5.05724,0,1685,5220,-0.186081,0.0130043,-0.0498543,0.236057,0.261701,1.05,1.1175,0.679012,0.553727,0.69273,0.399489,0.679642,0.617428,420,124,0.111565,1,1,1
h3,1950,33,1,114,5.18291,1,5668,3753,0.00246906,0.0739918,-0.153438,-0.281286,0.387981,1.05,1.05651,0.526749,0.407522,0.526749,0.57247,0.538971,0.433926,420,124,0.101454,-1,1,1
h3,1951,33,1,329,4.85763,1,6120,4923,0.0508251,0.0233727,-0.0765686,0.10906,0.15376,1.05,1.03514,0.477366,0.402035,0.500686,0.33743,0.466133,0.400398,420,124,0.0928659,-1,1,1
h3,1952,33,1,121,3.06596,0,7976,9217,0.148635,0.0479393,0.166312,0.0449924,0.0230199,1.05,1.07139,0.444444,0.465249,0.541838,0.243601,0.690171,0.664316,420,124,0.0889252,-1,1,1
h3,1953,33,1,42,4.82473,1,9253,855,0.185676,0.104273,-0.199086,0.119968,0.385376,1.05,1.04031,0.587106,0.45016,0.587106,0.525198,0.472073,0.404272,420,124,0.0971034,-1,1,1
h3,1954,33,1,171,5.61807,1,912,10636,-0.1969,0.104954,0.274192,0.0145836,0.479682,1.05,1.08103,0.88203,0.631344,0.88203,0.645499,0.617614,0.572449,420,124,0.0913014,1,1,1
h3,1955,33,1,302,0.703621,1,7722,10436,0.144269,0.158251,0.210017,0.024765,0.148799,1.05,0.952108,0.666667,0.537837,0.666667,0.388518,0.680744,0.61836,420,124,0.098434,-1,1,1
h3,1956,33,1,269,6.03936,1,4914,242,-0.0774136,0.0711575,-0.215155,0.0207958,0.146659,1.05,1.22114,0.537723,0.471079,0.548697,0.361367,0.617557,0.556246,420,124,0.106216,-1,1,1
h3,1957,33,1,166,6.21955,1,8696,5360,0.18805,0.135441,-0.039134,-0.298809,0.490222,1.05,1.08538,0.414266,0.338592,0.414266,0.67608,0.309497,0.223168,420,124,0.109359,1,1,1
h3,1958,33,1,208,0.629416,0,1862,6530,-0.18081,0.00812912,0.0877705,0.217804,0.340843,1.05,1.09428,0.375857,0.32899,0.377229,0.478111,0.426893,0.359921,420,124,0.117713,1,1,1
h3,1959,33,1,243,5.49398,0,7478,7080,0.138792,-0.130936,0.130219,-0.210001,0.079971,1.05,1.04349,0.603567,0.570759,0.657064,0.295825,0.816042,0.775843,420,124,0.0752295,1,1,1
h3,1960,33,1,173,1.46236,0,10286,1103,0.189126,0.156836,-0.190403,0.0701408,0.389305,1.05,1.011,0.407407,0.323845,0.407407,0.554405,0.350874,0.287095,420,124,0.117712,-1,1,1
h3,1961,33,1,252,4.70891,0,3134,10305,-0.141421,-0.0164928,0.228864,0.00253868,0.370845,1.05,1.01008,0.550069,0.431756,0.556927,0.531744,0.545393,0.489482,420,124,0.0917285,-1,1,1
h3,1962,33,1,117,1.52704,0,609,7221,-0.202197,0.0623493,0.142751,-0.317303,0.512957,1.05,1.00667,0.710562,0.533722,0.728395,0.616436,0.620487,0.549142,420,124,0.103341,-1,1,1
h3,1963,33,1,213,0.211642,0,2620,7208,-0.170588,0.00360489,0.12778,-0.00568008,0.298797,1.05,0.987556,0.555556,0.417353,0.555556,0.515965,0.437391,0.357786,420,124,0.100201,1,1,1
h3,1964,33,1,281,3.21003,0,5959,4185,0.0327625,-0.189171,-0.12319,0.0844669,0.315569,1.05,1.07452,0.510288,0.388889,0.510288,0.529778,0.41691,0.338866,420,124,0.0912833,-1,1,1
h3,1965,33,1,93,2.01245,0,5274,7537,-0.0442982,0.168304,0.141753,0.203857,0.189621,1.05,1.09652,0.599451,0.465935,0.599451,0.381716,0.600207,0.515244,420,124,0.0779024,1,1,1
h3,1966,33,1,216,3.09808,1,4376,10553,-0.114228,0.055378,0.203213,0.111416,0.323109,1.05,0.983635,0.611797,0.47588,0.611797,0.437284,0.509032,0.446203,420,124,0.0929275,1,1,1
h3,1967,33,1,79,1.88301,0,2753,6879,-0.153544,0.0422401,0.11262,-0.130833,0.317528,1.05,1.01356,0.497942,0.419753,0.497942,0.458008,0.513083,0.429553,420,124,0.0935424,-1,1,1
h3,1968,33,1,129,5.45194,1,7775,8084,0.146469,0.110203,0.159163,0.0359688,0.0753481,1.05,0.99805,0.473251,0.456904,0.506173,0.294559,0.686198,0.638929,420,124,0.0842037,1,1,1
h3,1969,33,1,204,3.1706,0,1163,10498,-0.192019,0.130819,0.21142,0.0542889,0.410634,1.05,1.10038,0.578875,0.445016,0.578875,0.550453,0.490737,0.429322,420,124,0.124475,-1,1,1
h3,1970,33,1,32,2.19018,1,7744,10576,0.145741,-0.00799942,0.235267,0.125822,0.161015,1.05,1.26928,0.709191,0.571674,0.722908,0.400963,0.654679,0.599257,420,124,0.128177,-1,1,1
h3,1971,33,1,89,3.55554,1,361,4535,-0.214991,-0.0214424,-0.104969,0.244118,0.287602,1.05,0.891668,0.541838,0.451646,0.541838,0.391392,0.654565,0.585362,420,124,0.0982392,1,1,1
h3,1972,33,1,17,4.57404,1,5499,536,-0.0198965,-0.340536,-0.22429,0.162865,0.543483,1.05,1.03681,0.48834,0.34968,0.48834,0.702278,0.289521,0.222892,420,124,0.0903618,1,1,1
h3,1973,33,1,254,2.14226,1,8645,5746,0.203193,0.020977,0.0101957,0.012867,0.193168,1.05,1.2082,0.548697,0.469479,0.548697,0.471855,0.639814,0.576898,420,124,0.0836293,1,1,1
h3,1974,33,1,47,2.83446,0,9313,4725,0.186381,0.0964737,-0.0934362,0.258717,0.323591,1.05,1.04228,0.477366,0.38123,0.477366,0.524042,0.468636,0.409889,420,124,0.086629,-1,1,1
h3,1975,33,1,342,5.72309,1,126,474,-0.220748,-0.00660706,-0.230476,0.106054,0.114545,1.05,1.3955,0.709191,0.633516,0.725652,0.271935,0.873252,0.812193,420,124,0.075703,-1,1,1
h3,1976,33,1,88,3.20507,1,8379,249,0.173752,-0.184019,-0.240876,0.0802917,0.491724,1.05,1.07341,0.62963,0.480224,0.636488,0.665316,0.558916,0.488858,420,124,0.0842362,-1,1,1
h3,1977,33,1,15,5.70157,1,2437,1383,-0.165283,-0.121399,-0.185277,0.224468,0.346457,1.05,1.08954,0.670782,0.513832,0.670782,0.509377,0.653145,0.592924,420,124,0.113673,1,1,1
h3,1978,33,1,278,6.21513,0,4851,6746,-0.0817661,0.0208912,0.103827,-0.184969,0.27751,1.05,1.14582,0.537723,0.429927,0.540466,0.418549,0.55347,0.478173,420,124,0.108589,-1,1,1
h3,1979,33,1,4,2.94649,0,8825,8504,0.163641,0.167528,0.174039,0.0276661,0.140992,1.05,1.36964,0.654321,0.536466,0.665295,0.341595,0.716262,0.648955,420,124,0.0798435,-1,1,1
h3,1980,33,1,192,6.00582,0,6935,5433,0.117351,-0.187515,-0.0249214,0.0596561,0.285193,1.05,1.12774,0.658436,0.503658,0.658436,0.516256,0.573017,0.484161,420,124,0.0969018,1,1,1
h3,1981,33,1,153,0.251418,1,3537,1263,-0.146329,-0.112431,-0.190903,0.218037,0.333472,1.05,1.12121,0.751715,0.587106,0.775034,0.474028,0.582278,0.514957,420,124,0.109756,1,1,1
h3,1982,33,1,134,0.780998,0,6418,5581,0.0837402,-0.349382,-0.0081768,-0.194401,0.180495,1.05,1.09236,0.503429,0.455761,0.503429,0.304455,0.77777,0.71383,420,124,0.082036,1,1,1
h3,1983,33,1,154,5.71654,1,917,325,-0.198119,0.156185,-0.225844,0.115465,0.0494168,1.05,1.01139,0.536351,0.486054,0.536351,0.224234,0.795367,0.756793,420,124,0.132234,-1,1,1
h3,1984,33,1,9,3.89181,1,723,2804,-0.198546,0.0423527,-0.151734,0.0378418,0.0470289,1.05,1.04371,0.561043,0.52069,0.562414,0.3073,0.774666,0.739494,420,124,0.107916,-1,1,1
h3,1985,33,1,142,2.48177,1,1398,8353,-0.198053,0.16757,0.18336,0.132359,0.38304,1.05,1.11509,0.668038,0.486626,0.668038,0.545384,0.523152,0.445802,420,124,0.0940632,-1,1,1
h3,1986,33,1,226,4.13483,1,8630,6509,0.167731,-0.0673199,0.0857477,0.170019,0.2511,1.05,1.08423,0.640604,0.553498,0.677641,0.449703,0.616042,0.551995,420,124,0.119535,-1,1,1
h3,1987,33,1,169,4.33569,0,7697,997,0.150855,-0.192446,-0.205801,0.190554,0.523502,1.05,1.07364,0.733882,0.516804,0.733882,0.686209,0.522696,0.450527,420,124,0.0794798,1,1,1
h3,1988,33,1,298,2.25903,1,5919,7889,0.0271606,-0.319424,0.159683,-0.329533,0.133114,1.05,0.959927,0.657064,0.530064,0.66118,0.332371,0.873218,0.800582,420,124,0.0712054,-1,1,1
h3,1989,33,1,298,4.498,0,5919,9645,0.0271606,-0.319424,0.189301,-0.0388927,0.324087,1.05,1.0335,0.794239,0.593164,0.794239,0.525289,0.715613,0.643063,420,124,0.0780667,1,1,1
h3,1990,33,1,259,3.64823,1,2752,8839,-0.164621,-0.0724106,0.186143,0.0245285,0.364017,1.05,1.1442,0.576132,0.464106,0.576132,0.495044,0.50503,0.446996,420,124,0.0810224,-1,1,1
h3,1991,33,1,9,0.952646,1,723,3047,-0.198546,0.0423527,-0.151913,0.221176,0.184804,1.05,1.16588,0.727023,0.575903,0.727023,0.347419,0.723476,0.67798,420,124,0.112989,1,1,1
h3,1992,33,1,253,0.018746,1,3937,4825,-0.121672,0.0532417,-0.0864391,0.0468464,0.036684,1.05,0.917607,0.392318,0.444787,0.497942,0.241695,0.653312,0.615211,420,124,0.11045,-1,1,1
h3,1993,33,1,344,4.54183,0,4127,10652,-0.139666,-0.176815,0.23361,0.0112915,0.418029,1.05,1.04416,0.589849,0.467764,0.589849,0.590466,0.540492,0.495225,420,124,0.0784819,-1,1,1
h3,1994,33,1,137,2.93876,0,3987,2606,-0.134161,0.139454,-0.156998,0.191967,0.0605203,1.05,0.978391,0.510288,0.457362,0.522634,0.257549,0.704422,0.669845,420,124,0.0904773,-1,1,1
h3,1995,33,1,237,0.323163,1,9929,2395,0.239137,0.124201,-0.177217,-0.279041,0.579682,1.05,1.04371,0.672154,0.515546,0.672154,0.689222,0.571536,0.502097,420,124,0.0930681,1,1,1
h3,1996,33,1,86,0.181271,1,3744,5190,-0.1488,0.0601883,-0.0562563,-0.121998,0.206308,1.05,1.01423,0.504801,0.448102,0.526749,0.484368,0.586219,0.510766,420,124,0.100834,-1,1,1
h3,1997,33,1,249,2.08025,0,1659,2210,-0.192745,0.141895,-0.175756,-0.0968399,0.239989,1.05,1.12279,0.716049,0.544353,0.716049,0.446988,0.680154,0.617108,420,124,0.115797,-1,1,1
h3,1998,33,1,224,0.438776,1,5733,6725,0.00316334,-0.348492,0.11434,-0.359447,0.112125,1.05,1.01737,0.670782,0.537837,0.670782,0.31126,0.864717,0.790809,420,124,0.0732903,1,1,1
h3,1999,33,1,29,4.52654,0,2358,2778,-0.169245,0.095829,-0.17095,-0.328146,0.424097,1.05,1.09462,0.846365,0.597165,0.846365,0.64597,0.653086,0.571253,420,124,0.0982497,1,1,1
h3,2000,33,1,313,3.85416,0,5217,5753,-0.055892,-0.298761,0.0109606,-0.170271,0.144842,1.05,0.944756,0.51989,0.462506,0.530864,0.315005,0.752737,0.684845,420,124,0.0768603,1,1,1
h3,2001,33,1,130,0.520551,0,6535,6847,0.0918341,-0.110147,0.112385,0.00844765,0.120436,1.05,0.950118,0.532236,0.496914,0.54321,0.313212,0.718778,0.64899,420,124,0.0737941,-1,1,1
h3,2002,33,1,219,1.31425,1,6988,6432,0.119556,-0.0891762,0.0857792,-0.225838,0.140774,1.05,0.875264,0.659808,0.568587,0.679012,0.330006,0.776725,0.706779,420,124,0.0811194,1,1,1
h3,2003,33,1,284,6.28155,1,5764,7848,0.0115757,-0.27326,0.14702,0.0184937,0.321661,1.05,1.06558,0.54321,0.418724,0.54321,0.486298,0.481194,0.383193,420,124,0.0786845,1,1,1
h3,2004,33,1,339,4.32393,1,7784,6894,0.148911,-0.119907,0.115646,0.237961,0.359411,1.05,1.09042,0.847737,0.600137,0.847737,0.567911,0.557939,0.494789,420,124,0.111864,1,1,1
h3,2005,33,1,284,0.212412,0,5764,582,0.0115757,-0.27326,-0.219702,0.164883,0.49554,1.05,1.05244,0.499314,0.351395,0.499314,0.652197,0.303969,0.226977,420,124,0.113494,1,1,1
h3,2006,33,1,199,0.780852,0,6355,10828,0.0775681,-0.248583,0.259245,0.136848,0.426104,1.05,1.07378,0.578875,0.428441,0.587106,0.597571,0.390531,0.313911,420,124,0.0956177,-1,1,1
h3,2007,33,1,352,0.0582045,0,3098,10102,-0.156376,0.0952129,0.218447,0.186134,0.385722,1.05,1.01524,0.846365,0.592821,0.846365,0.553945,0.551761,0.476906,420,124,0.0940482,-1,1,1
h3,2008,33,1,276,3.87178,0,3716,1765,-0.146818,0.039669,-0.185658,0.079874,0.0563414,1.05,1.02215,0.544582,0.513946,0.600823,0.311565,0.701882,0.664845,420,124,0.0879177,1,1,1
h3,2009,33,1,136,4.2501,1,92,169,-0.244274,0.0134163,-0.220767,0.0199966,0.0268258,1.05,1.0684,0.530864,0.536351,0.595336,0.217111,0.884806,0.856455,420,124,0.0852598,-1,1,1
h3,2010,33,1,190,5.75854,0,5189,5014,-0.0535688,0.132942,-0.0703163,0.245914,0.114207,1.05,1.20325,0.452675,0.385574,0.452675,0.279357,0.599707,0.568972,420,124,0.0726843,-1,1,1
h3,2011,33,1,82,2.1135,0,9822,1260,0.20051,-0.0951767,-0.193326,0.0770741,0.429916,1.05,1.14913,0.651578,0.526749,0.670782,0.585921,0.576285,0.510559,420,124,0.0788504,-1,1,1
h3,2012,33,1,186,0.328704,1,2504,5380,-0.170289,-0.155634,-0.0322399,0.101986,0.292326,1.05,1.02456,0.687243,0.544582,0.695473,0.44901,0.592545,0.517553,420,124,0.0985965,1,1,1
h3,2013,33,1,234,0.608789,1,5227,6059,-0.0564718,-0.364157,0.0448112,0.0187759,0.396168,1.05,1.17376,0.426612,0.384774,0.43347,0.493651,0.543036,0.474485,420,124,0.0841729,1,1,1
h3,2014,33,1,170,3.29328,1,8849,6634,0.165958,0.133404,0.097003,0.254726,0.140153,1.05,1.15448,0.652949,0.526177,0.655693,0.327205,0.732411,0.674608,420,124,0.0830815,-1,1,1
h3,2015,33,1,262,4.06108,1,778,5130,-0.210168,0.0676079,-0.0617142,-0.135414,0.251999,1.05,1.16413,0.733882,0.55407,0.733882,0.520194,0.720398,0.630316,420,124,0.0971046,1,1,1
h3,2016,33,1,107,2.50482,1,5514,1769,-0.0179043,-0.350706,-0.181201,0.0382938,0.421985,1.05,1.11342,0.48834,0.384888,0.48834,0.581542,0.357328,0.315259,420,124,0.0749367,1,1,1
h3,2017,33,1,102,4.03669,0,7422,6700,0.135625,0.163994,0.103889,-0.26424,0.429431,1.05,1.13991,0.737997,0.558413,0.737997,0.57188,0.586552,0.513334,420,124,0.107436,1,1,1
h3,2018,33,1,217,1.30114,1,3432,8940,-0.147217,-0.0171223,0.166174,0.0903397,0.331545,1.05,0.949329,0.617284,0.44353,0.617284,0.524412,0.427106,0.342003,420,124,0.106809,-1,1,1
h3,2019,33,1,53,2.54225,1,346,2020,-0.202495,-0.0312653,-0.181423,-0.0265179,0.0216743,1.05,1.06323,0.500686,0.534522,0.57476,0.203874,0.857285,0.820264,420,124,0.0872626,-1,1,1
h3,2020,33,1,96,5.239,0,5101,5813,-0.0663376,-0.271591,0.0182438,-0.303577,0.0904275,1.05,1.24547,0.621399,0.534065,0.640604,0.353673,0.808146,0.762012,420,124,0.0712685,1,1,1
h3,2021,33,1,348,0.673226,0,4881,9083,-0.0816669,0.0519009,0.167348,0.0720005,0.250389,1.05,0.869161,0.38546,0.340078,0.400549,0.418498,0.365727,0.2686,420,124,0.0876734,1,1,1
h3,2022,33,1,146,4.92806,1,4274,8145,-0.129034,-0.234116,0.156804,-0.0622501,0.333586,1.05,1.02978,0.762689,0.55807,0.762689,0.518429,0.6483,0.55741,420,124,0.0781561,1,1,1
h3,2023,33,1,59,2.66472,0,4286,2526,-0.117836,0.104113,-0.15862,0.197765,0.102179,1.05,1.22044,0.545953,0.479081,0.545953,0.324596,0.679099,0.627363,420,124,0.0900363,1,1,1
h3,2024,33,1,261,2.24921,1,9649,10436,0.219245,0.164536,0.210017,0.024765,0.140416,1.05,1.3595,0.711934,0.593507,0.711934,0.284179,0.831668,0.776266,420,124,0.0728117,1,1,1
h3,2025,33,1,1,0.833447,0,7699,7009,0.142639,-0.134228,0.118639,-0.0359688,0.10197,1.05,1.23604,0.580247,0.54241,0.603567,0.314809,0.784259,0.73597,420,124,0.0738291,1,1,1
h3,2026,33,1,233,1.99395,0,5612,2705,-0.00157356,0.23317,-0.177179,-0.260502,0.523974,1.05,1.13812,0.550069,0.415524,0.55144,0.66947,0.42922,0.346922,420,124,0.102248,1,1,1
h3,2027,33,1,299,0.399741,1,5677,9439,0.00548267,0.232298,0.181071,-0.103264,0.378826,1.05,1.13271,0.577503,0.427984,0.577503,0.518811,0.44335,0.374976,420,124,0.0947298,1,1,1
h3,2028,33,1,34,2.73226,1,5499,6533,-0.0198965,-0.340536,0.088335,0.225273,0.576068,1.05,1.08524,0.484225,0.357796,0.485597,0.758368,0.308581,0.233692,420,124,0.0887182,1,1,1
h3,2029,33,1,12,3.02335,1,5868,970,0.0214272,-0.215807,-0.204994,-0.329784,0.253495,1.05,1.08266,0.702332,0.600937,0.740741,0.40499,0.69907,0.646863,420,124,0.0707592,1,1,1
h3,2030,33,1,52,4.44433,0,9232,1397,0.178368,0.0172749,-0.187355,0.144608,0.387846,1.05,1.06083,0.750343,0.548925,0.750343,0.546255,0.537914,0.461603,420,124,0.087859,1,1,1
h3,2031,33,1,217,0.514125,0,3432,9701,-0.147217,-0.0171223,0.181883,0.237364,0.416182,1.05,1.05398,0.832648,0.586648,0.832648,0.598833,0.555214,0.472699,420,124,0.0967168,-1,1,1
h3,2032,33,1,311,5.09164,0,8277,2480,0.180251,0.12841,-0.174188,0.0373154,0.366009,1.05,1.10804,0.496571,0.39209,0.496571,0.525782,0.454939,0.399973,420,124,0.115046,1,1,1
h3,2033,33,1,263,1.78661,0,10637,6103,0.239552,0.106575,0.0540123,-0.316217,0.461712,1.05,1.08535,0.404664,0.338249,0.404664,0.66978,0.389576,0.33566,420,124,0.0938653,-1,1,1
h3,2034,33,1,85,5.69406,1,1685,457,-0.186081,0.0130043,-0.213457,0.107725,0.0995223,1.05,1.14062,0.635117,0.557956,0.635117,0.28709,0.780777,0.722208,420,124,0.0762461,1,1,1
h3,2035,33,1,266,2.30915,1,7692,3968,0.142586,0.0749931,-0.126325,-0.0561867,0.299201,1.05,1.01109,0.486968,0.369227,0.486968,0.483956,0.439911,0.359535,420,124,0.0875664,-1,1,1
h3,2036,33,1,24,1.50996,0,2921,7528,-0.173109,-0.296366,0.138734,-0.0336742,0.407854,1.05,1.05008,0.72428,0.547897,0.72428,0.564582,0.664979,0.595516,420,124,0.0727151,-1,1,1
h3,2037,33,1,228,4.68363,1,2593,1108,-0.166303,0.0278931,-0.197262,0.191402,0.166493,1.05,1.16699,0.610425,0.517833,0.620027,0.34305,0.679667,0.632905,420,124,0.0953481,-1,1,1
h3,2038,33,1,46,2.78083,1,9358,6448,0.231081,0.0915756,0.0800171,0.122656,0.155895,1.05,1.20803,0.54321,0.443873,0.54321,0.362423,0.639875,0.567542,420,124,0.108493,1,1,1
h3,2039,33,1,159,1.92383,1,10342,7516,0.201586,0.0346508,0.137561,0.0491657,0.0656894,1.05,0.959826,0.492455,0.521033,0.591221,0.286293,0.784372,0.745937,420,124,0.083629,-1,1,1
h3,2040,33,1,137,1.82453,1,3987,6747,-0.134161,0.139454,0.108517,-0.330332,0.528772,1.05,0.991068,0.744856,0.535437,0.744856,0.739676,0.587759,0.51416,420,124,0.0914481,1,1,1
h3,2041,33,1,225,2.16224,1,8041,1496,0.159416,0.08922,-0.191241,0.113623,0.351546,1.05,1.01017,0.73251,0.539209,0.73251,0.545383,0.599791,0.538998,420,124,0.0869513,1,1,1
h3,2042,33,1,350,6.16581,0,7312,8762,0.13179,-0.0699139,0.161086,-0.0217819,0.0567227,1.05,0.99271,0.56653,0.526177,0.581619,0.284355,0.737654,0.696077,420,124,0.0760403,1,1,1
h3,2043,33,1,203,5.52166,0,626,4041,-0.213025,0.142426,-0.117842,0.0849438,0.111357,1.05,1.39959,0.508916,0.497714,0.510288,0.35161,0.756975,0.695284,420,124,0.0977098,1,1,1
h3,2044,33,1,34,5.92076,1,5499,10415,-0.0198965,-0.340536,0.205011,0.212395,0.596975,1.05,1.10338,0.886145,0.608939,0.886145,0.762974,0.614376,0.550308,420,124,0.0740126,-1,1,1
h3,2045,33,1,13,3.79697,0,10912,7066,0.259609,0.157887,0.125017,-0.157804,0.343197,1.05,1.15887,0.735254,0.566644,0.735254,0.572861,0.690753,0.620677,420,124,0.095238,-1,1,1
h3,2046,33,1,282,3.68379,1,5785,8266,0.00997925,-0.334198,0.155959,-0.0429058,0.325858,1.05,1.08075,0.854595,0.637631,0.854595,0.526331,0.741746,0.64407,420,124,0.0840181,-1,1,1
h3,2047,33,1,327,1.89685,1,9518,2688,0.186314,-0.137562,-0.165535,0.117287,0.434687,1.05,1.11135,0.658436,0.496914,0.658436,0.574234,0.506136,0.436192,420,124,0.0818175,-1,1,1
h3,2048,33,1,227,1.35093,0,6895,111,0.117447,0.229137,-0.221862,-0.0136299,0.417291,1.05,0.956039,0.382716,0.31973,0.382716,0.557384,0.293545,0.250721,420,142,0.0916397,1,1,1
h3,2049,33,1,84,4.55243,1,6511,6696,0.0874529,0.250929,0.102863,0.253857,0.017918,1.05,1.00334,0.371742,0.398148,0.454047,0.222461,0.715912,0.693631,420,142,0.0701387,1,1,1
h3,2050,33,1,309,3.34829,1,1878,10799,-0.18328,-0.226486,0.254903,0.0264359,0.505997,1.05,1.01636,0.595336,0.497942,0.604938,0.646463,0.594559,0.555752,420,142,0.0722996,-1,1,1
h3,2051,33,1,40,3.21677,0,3056,170,-0.148311,0.0392227,-0.224441,0.0114117,0.0815125,1.05,1.23302,0.458162,0.535894,0.621399,0.278563,0.703958,0.67524,420,142,0.078483,-1,1,1
h3,2052,33,1,13,0.244722,0,10912,6288,0.259609,0.157887,0.0747337,-0.323648,0.515806,1.05,1.13209,0.890261,0.660265,0.890261,0.724442,0.697243,0.624327,420,142,0.086987,1,1,1
h3,2053,33,1,55,0.860909,1,10391,4682,0.232349,0.168518,-0.0908184,-0.037302,0.38333,1.05,1.01369,0.655693,0.483425,0.655693,0.604417,0.508248,0.427411,420,142,0.0850096,1,1,1
h3,2054,33,1,230,6.1599,0,3837,1597,-0.143252,-0.0414886,-0.193479,0.151154,0.199133,1.05,1.14105,0.647462,0.52332,0.647462,0.400538,0.652122,0.599735,420,142,0.117891,1,1,1
h3,2055,33,1,343,1.33958,1,7016,8123,0.120867,-0.0550613,0.161283,-0.101574,0.0621299,1.05,0.996964,0.525377,0.483539,0.540466,0.312533,0.726763,0.69682,420,142,0.0793809,1,1,1
h3,2056,33,1,274,3.48691,1,9173,8955,0.184944,-0.0504227,0.171748,-0.150192,0.100638,1.05,0.996592,0.679012,0.566415,0.679012,0.360264,0.835934,0.777088,420,142,0.0781251,-1,1,1
h3,2057,33,1,86,2.03618,0,3744,880,-0.1488,0.0601883,-0.207376,-0.345409,0.41024,1.05,1.11981,0.769547,0.576818,0.78738,0.580835,0.637073,0.576624,420,142,0.101831,1,1,1
h3,2058,33,1,341,2.71628,0,4824,9377,-0.0860033,0.255322,0.21908,0.147772,0.323549,1.05,1.05264,0.864198,0.631459,0.872428,0.463446,0.64461,0.576048,420,142,0.0815164,-1,1,1
h3,2059,33,1,204,3.48358,0,1163,9,-0.192019,0.130819,-0.244188,0.0160141,0.126102,1.05,1.06139,0.539095,0.510288,0.539095,0.257882,0.790769,0.741967,420,142,0.0849192,-1,1,1
h3,2060,33,1,23,5.34136,1,4516,6278,-0.109116,-0.183537,0.0674486,0.223763,0.444172,1.05,1.09473,0.720165,0.506859,0.720165,0.6617,0.434721,0.368896,420,142,0.0933396,1,1,1
h3,2061,33,1,241,3.34865,1,3662,3232,-0.153176,-0.152557,-0.148438,0.0963726,0.249697,1.05,1.09948,0.739369,0.57396,0.739369,0.479285,0.629754,0.539308,420,142,0.0943123,1,1,1
h3,2062,33,1,188,3.74894,1,2079,9297,-0.178904,-0.0141182,0.22543,0.0837536,0.416074,1.05,1.12232,0.758573,0.547325,0.758573,0.594546,0.545062,0.48191,420,142,0.112513,-1,1,1
h3,2063,33,1,278,4.28572,0,4851,7897,-0.0817661,0.0208912,0.143546,0.0374928,0.226506,1.05,0.826451,0.500686,0.396091,0.500686,0.43351,0.413748,0.332288,420,142,0.101414,-1,1,1
h3,2064,33,1,180,4.04539,0,10765,2852,0.25294,0.143925,-0.148632,0.15583,0.402179,1.05,0.963587,0.812071,0.60128,0.812071,0.527802,0.600062,0.519143,420,142,0.0863519,1,1,1
h3,2065,33,1,260,1.23545,0,2043,5543,-0.183751,0.0857372,-0.0139036,-0.299374,0.421289,1.05,1.05789,0.444444,0.338706,0.444444,0.624556,0.367625,0.261366,420,142,0.0911602,-1,1,1
h3,2066,33,1,263,5.40528,1,10637,1659,0.239552,0.106575,-0.192745,0.141895,0.434096,1.05,1.02084,0.910837,0.63946,0.910837,0.545639,0.591274,0.519047,420,142,0.0894975,-1,1,1
h3,2067,33,1,323,5.08572,1,9776,9375,0.192008,-0.12038,0.194141,-0.246981,0.126937,1.05,0.977822,0.663923,0.633059,0.699588,0.305916,0.92469,0.858436,420,142,0.0743861,1,1,1
h3,2068,33,1,273,4.46127,1,108,10784,-0.227655,-0.00109291,0.240405,0.182489,0.502787,1.05,1.024,0.853224,0.606539,0.853224,0.613157,0.552774,0.483747,420,142,0.0944686,1,1,1
h3,2069,33,1,274,5.71256,0,9173,3055,0.184944,-0.0504227,-0.140707,0.0598125,0.344176,1.05,1.02026,0.534979,0.40535,0.537723,0.483017,0.432955,0.366639,420,142,0.0858733,-1,1,1
h3,2070,33,1,64,5.73543,0,3105,2101,-0.148769,0.158648,-0.168074,0.238346,0.0825694,1.05,1.08087,0.470508,0.48011,0.521262,0.235351,0.732259,0.698313,420,142,0.0827162,1,1,1
h3,2071,33,1,127,4.78954,1,2482,8169,-0.163481,-0.00595093,0.175724,0.0764618,0.349074,1.05,0.959161,0.576132,0.433128,0.587106,0.497077,0.42203,0.347527,420,142,0.1025,-1,1,1
h3,2072,33,1,204,3.86594,0,1163,3950,-0.192019,0.130819,-0.121593,-0.0495987,0.193676,1.05,1.05978,0.515775,0.455533,0.515775,0.421854,0.656443,0.58893,420,142,0.130651,-1,1,1
h3,2073,33,1,65,0.213283,0,8697,9372,0.212385,0.0523567,0.226789,0.0662098,0.0202657,1.05,1.04175,0.503429,0.575217,0.673525,0.213419,0.821462,0.795431,420,142,0.0884548,-1,1,1
h3,2074,33,1,351,1.88188,0,7516,10566,0.137561,0.0491657,0.23788,0.00992203,0.107724,1.05,1.03248,0.618656,0.515661,0.644719,0.338749,0.7138,0.650886,420,142,0.0874251,1,1,1
h3,2075,33,1,14,4.80127,0,5570,1813,-0.00832939,-0.0637875,-0.181077,0.118244,0.252021,1.05,1.09958,0.565158,0.460219,0.567901,0.44518,0.598095,0.52793,420,142,0.0830959,1,1,1
h3,2076,33,1,83,4.6062,1,10890,7396,0.253678,0.148167,0.133232,0.0788002,0.139208,1.05,1.29667,0.518519,0.517147,0.550069,0.324739,0.821169,0.766988,420,142,0.0821538,-1,1,1
h3,2077,33,1,70,3.48955,1,961,6556,-0.20969,0.166059,0.0911264,-0.186005,0.463151,1.05,1.07433,0.615912,0.465821,0.615912,0.602895,0.536043,0.482799,420,142,0.0892859,1,1,1
h3,2078,33,1,38,1.96205,0,1188,5576,-0.203801,0.17565,-0.00632286,0.191324,0.198865,1.05,0.973691,0.444444,0.43187,0.497942,0.397732,0.642587,0.57214,420,142,0.086753,1,1,1
h3,2079,33,1,3,4.52686,0,6806,6870,0.102597,0.0450497,0.123289,-0.342239,0.388376,1.05,0.957355,0.565158,0.421925,0.565158,0.563876,0.465672,0.394658,420,142,0.0958702,1,1,1
h3,2080,33,1,329,3.45121,1,6120,9638,0.0508251,0.0233727,0.224851,0.148838,0.214848,1.05,1.25216,0.61454,0.478509,0.621399,0.504097,0.575724,0.516761,420,142,0.104217,-1,1,1
h3,2081,33,1,338,3.00913,0,8247,2886,0.165416,-0.127026,-0.158715,-0.0280247,0.338989,1.05,1.05536,0.665295,0.478281,0.665295,0.57228,0.504173,0.429489,420,142,0.0807169,-1,1,1
h3,2082,33,1,87,5.36568,1,10428,8750,0.215432,0.0409565,0.170753,0.0910072,0.0742976,1.05,0.835882,0.580247,0.543781,0.580247,0.302284,0.82399,0.786011,420,142,0.0990459,1,1,1
h3,2083,33,1,113,1.63279,1,6345,2338,0.0724735,-0.0297298,-0.172171,0.0534382,0.258415,1.05,1.19159,0.45679,0.388889,0.465021,0.436306,0.524116,0.470973,420,142,0.0864504,-1,1,1
h3,2084,33,1,70,5.38482,0,961,5864,-0.20969,0.166059,0.0237513,0.00790977,0.28249,1.05,1.17737,0.518519,0.418267,0.518519,0.478455,0.512682,0.43656,420,142,0.0905308,1,1,1
h3,2085,33,1,149,5.67766,0,2641,4583,-0.165598,0.193432,-0.102381,0.244423,0.0815594,1.05,1.09925,0.541838,0.441701,0.547325,0.316391,0.767138,0.694536,420,142,0.0759372,-1,1,1
h3,2086,33,1,99,2.3296,0,5671,3190,-0.000822067,-0.364136,-0.148457,0.0662937,0.455044,1.05,1.07099,0.591221,0.438843,0.591221,0.598765,0.430596,0.349505,420,142,0.0868327,1,1,1
h3,2087,33,1,29,6.22414,1,2358,10212,-0.169245,0.095829,0.212912,-0.291889,0.544493,1.05,1.08241,0.694102,0.522177,0.694102,0.72153,0.56486,0.511108,420,142,0.0843013,1,1,1
h3,2088,33,1,163,5.08404,0,10457,5690,0.210853,0.0954266,0.00392532,-0.0289249,0.24161,1.05,1.21492,0.508916,0.467878,0.536351,0.498938,0.637966,0.571313,420,142,0.0986325,-1,1,1
h3,2089,33,1,160,0.220501,1,2337,9532,-0.175541,-0.208475,0.229521,0.124746,0.524572,1.05,1.02684,0.66941,0.504687,0.670782,0.672194,0.569925,0.516554,420,142,0.0788458,-1,1,1
h3,2090,33,1,35,3.06016,0,1295,1082,-0.189176,0.0323601,-0.208836,-0.227964,0.261204,1.05,1.07162,0.792867,0.598651,0.792867,0.485555,0.762206,0.693173,420,142,0.11076,1,1,1
h3,2091,33,1,298,0.302781,1,5919,11031,0.0271606,-0.319424,0.319019,0.0560646,0.475635,1.05,1.08414,0.875171,0.655464,0.875171,0.62684,0.789146,0.748792,420,142,0.0746994,-1,1,1
h3,2092,33,1,178,5.37391,1,8607,7224,0.16803,-0.150829,0.122792,0.101862,0.256709,1.05,0.940395,0.631001,0.524463,0.631001,0.413795,0.689146,0.613003,420,142,0.0927611,-1,1,1
h3,2093,33,1,181,0.138103,0,5016,6138,-0.0794039,-0.346125,0.05233,0.0888519,0.454493,1.05,1.14774,0.559671,0.424669,0.559671,0.608255,0.490916,0.428566,420,142,0.0827435,-1,1,1
h3,2094,33,1,267,1.01884,1,6716,10385,0.111701,-0.327877,0.22003,0.190163,0.529345,1.05,1.01865,0.390947,0.33219,0.395062,0.67942,0.476291,0.412698,420,142,0.088759,-1,1,1
h3,2095,33,1,293,5.28816,0,2257,629,-0.169982,0.165693,-0.219812,0.172302,0.0502896,1.05,1.03278,0.486968,0.495313,0.524005,0.294164,0.760834,0.731324,420,142,0.112407,1,1,1
h3,2096,33,1,233,1.28331,1,5612,648,-0.00157356,0.23317,-0.216309,-0.345575,0.617375,1.05,1.12891,0.506173,0.396662,0.515775,0.74215,0.406011,0.356457,420,142,0.085693,1,1,1
h3,2097,33,1,166,3.58579,1,8696,2029,0.18805,0.135441,-0.177659,0.108194,0.366942,1.05,1.06692,0.61454,0.471308,0.61454,0.522877,0.505049,0.435742,420,142,0.103031,1,1,1
h3,2098,33,1,26,5.991,1,6899,1208,0.113692,-0.10355,-0.203829,-0.173807,0.325208,1.05,1.00514,0.652949,0.499428,0.652949,0.494149,0.532522,0.487162,420,142,0.0784626,-1,1,1
h3,2099,33,1,5,5.9422,1,10596,6137,0.231307,0.165493,0.0498724,-0.197134,0.405569,1.05,1.00073,0.469136,0.378487,0.469136,0.554016,0.46318,0.38929,420,142,0.103509,1,1,1
h3,2100,33,1,124,3.16085,1,9146,9496,0.180683,0.0968037,0.211323,0.171574,0.0808056,1.05,1.08008,0.622771,0.534294,0.622771,0.293106,0.717571,0.686195,420,142,0.0764018,1,1,1
h3,2101,33,1,127,1.42982,1,2482,2245,-0.163481,-0.00595093,-0.172928,0.0169487,0.0262816,1.05,0.999422,0.466392,0.499543,0.534979,0.253266,0.73849,0.710767,420,142,0.117381,1,1,1
h3,2102,33,1,343,1.0694,1,7016,9756,0.120867,-0.0550613,0.187454,-0.14822,0.114787,1.05,1.36634,0.548697,0.522062,0.592593,0.377403,0.747831,0.695804,420,142,0.0752862,1,1,1
h3,2103,33,1,114,4.26192,0,5668,7690,0.00246906,0.0739918,0.153024,-0.27243,0.377723,1.05,1.12176,0.587106,0.471536,0.587106,0.540549,0.533673,0.457267,420,142,0.0871059,1,1,1
h3,2104,33,1,224,0.993108,1,5733,1046,0.00316334,-0.348492,-0.198503,0.087532,0.480402,1.05,1.08639,0.423868,0.322359,0.43347,0.671116,0.279869,0.22273,420,142,0.0909513,1,1,1
h3,2105,33,1,174,4.79872,1,9442,657,0.234907,0.055912,-0.219248,0.175606,0.469714,1.05,1.09015,0.928669,0.65032,0.928669,0.603657,0.566391,0.494693,420,142,0.0851637,-1,1,1
h3,2106,33,1,309,2.28483,1,1878,9668,-0.18328,-0.226486,0.184682,-0.048687,0.408671,1.05,1.06462,0.706447,0.513032,0.706447,0.603354,0.60497,0.54435,420,142,0.0779265,-1,1,1
h3,2107,33,1,337,3.83169,0,3682,6196,-0.145157,-0.120501,0.0656376,-0.363556,0.32173,1.05,1.03183,0.849108,0.619456,0.857339,0.497437,0.745914,0.684934,420,142,0.0766048,-1,1,1
h3,2108,33,1,240,4.84905,1,9047,10754,0.185042,0.0494537,0.230483,0.193855,0.151493,1.05,1.13259,0.593964,0.50583,0.593964,0.398443,0.73949,0.686614,420,142,0.0805402,-1,1,1
h3,2109,33,1,261,5.35761,0,9649,2645,0.219245,0.164536,-0.168178,0.102421,0.392688,1.05,1.10598,0.695473,0.511889,0.695473,0.577879,0.536957,0.466695,420,142,0.0847882,-1,1,1
h3,2110,33,1,231,3.76022,0,6617,5799,0.0953665,-0.347071,0.0170259,-0.130671,0.231,1.05,1.14601,0.473251,0.441129,0.473251,0.378244,0.748195,0.68039,420,142,0.0847329,-1,1,1
h3,2111,33,1,30,3.83829,1,1138,10372,-0.20122,0.208462,0.191904,0.154711,0.396944,1.05,1.05566,0.45679,0.353909,0.45679,0.560883,0.388408,0.30187,420,142,0.0924731,-1,1,1
h3,2112,33,1,121,1.17076,0,7976,8239,0.148635,0.0479393,0.186669,0.146059,0.106151,1.05,1.3574,0.632373,0.520233,0.635117,0.324574,0.701687,0.640791,420,118,0.0786202,-1,1,1
h3,2113,33,1,179,6.21927,1,10456,9395,0.236302,-0.0106392,0.231705,0.05933,0.0735261,1.05,0.974203,0.70096,0.606996,0.742113,0.327757,0.891913,0.853004,420,118,0.0782152,-1,1,1
h3,2114,33,1,311,5.48785,1,8277,5421,0.180251,0.12841,-0.0283422,-0.284925,0.46313,1.05,1.09187,0.81893,0.58299,0.81893,0.681654,0.636825,0.541852,420,118,0.0987503,1,1,1
h3,2115,33,1,103,5.34071,1,7750,2887,0.152753,-0.326408,-0.158276,0.19079,0.603539,1.05,1.07518,0.706447,0.53738,0.716049,0.716306,0.571414,0.489763,420,118,0.0727871,-1,1,1
h3,2116,33,1,3,2.56293,1,6806,10152,0.102597,0.0450497,0.208441,-0.221203,0.286836,1.05,1.18399,0.817558,0.613283,0.824417,0.480078,0.677343,0.607744,420,118,0.099012,-1,1,1
h3,2117,33,1,355,0.889783,1,1726,7832,-0.178057,0.123343,0.155152,-0.344738,0.574611,1.05,1.05137,0.725652,0.50823,0.725652,0.748927,0.577409,0.504209,420,118,0.106125,-1,1,1
h3,2118,33,1,233,1.50963,1,5612,128,-0.00157356,0.23317,-0.234751,0.0729866,0.282896,1.05,1.20338,0.673525,0.512117,0.676269,0.45304,0.546954,0.480365,420,118,0.107758,1,1,1
h3,2119,33,1,225,4.87343,1,8041,2014,0.159416,0.08922,-0.169499,0.188206,0.343538,1.05,1.04487,0.589849,0.442044,0.589849,0.500963,0.45539,0.377361,420,118,0.088808,-1,1,1
h3,2120,33,1,95,4.94108,0,3656,5327,-0.144406,0.0710831,-0.0389681,-0.275993,0.363121,1.05,1.01602,0.580247,0.450389,0.580247,0.580832,0.538502,0.447068,420,118,0.0968816,-1,1,1
h3,2121,33,1,136,2.60513,1,92,5897,-0.244274,0.0134163,0.0283976,0.149441,0.304724,1.05,1.29355,0.414266,0.390832,0.43347,0.43072,0.527503,0.471654,420,118,0.0894732,1,1,1
h3,2122,33,1,172,3.81659,0,9878,5336,0.195211,-0.144428,-0.0365658,0.146271,0.371895,1.05,0.958957,0.696845,0.522405,0.709191,0.497433,0.53686,0.473268,420,118,0.0824356,-1,1,1
h3,2123,33,1,16,5.90367,1,6891,4988,0.116627,-0.245506,-0.0711536,0.107437,0.399801,1.05,1.088,0.563786,0.446388,0.581619,0.557446,0.474846,0.403078,420,118,0.0781743,-1,1,1
h3,2124,33,1,268,4.66059,1,5413,1852,-0.0282841,-0.2064,-0.175392,0.140301,0.376629,1.05,1.07975,0.51166,0.394833,0.51166,0.573206,0.391681,0.295569,420,118,0.0860908,-1,1,1
h3,2125,33,1,177,1.52641,0,6756,2605,0.104774,-0.171005,-0.169941,0.0402508,0.346926,1.05,1.04551,0.532236,0.472222,0.567901,0.518465,0.537704,0.494809,420,118,0.0763053,-1,1,1
h3,2126,33,1,104,1.98775,0,2603,410,-0.163857,-0.0592422,-0.233383,0.109589,0.182681,1.05,1.18454,0.790123,0.61717,0.790123,0.368857,0.77915,0.709892,420,118,0.129443,1,1,1
h3,2127,33,1,56,4.06409,0,188,7667,-0.232367,0.0883503,0.152643,-0.280811,0.533398,1.05,1.10113,0.674897,0.526978,0.674897,0.680954,0.59196,0.516766,420,118,0.0915664,-1,1,1
h3,2128,33,1,85,3.46061,0,1685,9898,-0.186081,0.0130043,0.200675,-0.11202,0.406669,1.05,0.963012,0.607682,0.437586,0.607682,0.581624,0.453459,0.410082,420,118,0.0947299,-1,1,1
h3,2129,33,1,233,2.71184,1,5612,9489,-0.00157356,0.23317,0.176724,0.176886,0.186971,1.05,1.19242,0.746228,0.550069,0.746228,0.411376,0.678528,0.594142,420,118,0.076201,1,1,1
h3,2130,33,1,108,0.79272,0,7225,7219,0.122186,0.108313,0.120065,0.110125,0.00448398,1.05,0.989831,0.386831,0.425812,0.530864,0.214892,0.643662,0.60947,420,118,0.087552,1,1,1
h3,2131,33,1,42,4.79556,1,9253,5241,0.185676,0.104273,-0.050827,-0.284061,0.454734,1.05,1.08625,0.796982,0.570073,0.796982,0.699668,0.622667,0.54993,420,118,0.0954083,1,1,1
h3,2132,33,1,165,4.12136,0,8843,4282,0.164301,-0.0429077,-0.12989,-0.19013,0.328973,1.05,1.10409,0.591221,0.453589,0.591221,0.544388,0.490904,0.419504,420,118,0.0822236,1,1,1
h3,2133,33,1,48,1.32787,0,3274,1273,-0.155908,0.0976639,-0.198549,0.166725,0.0825567,1.05,0.729636,0.565158,0.48331,0.57476,0.256207,0.694271,0.661704,420,118,0.0769369,-1,1,1
h3,2134,33,1,28,5.3273,1,10375,7735,0.236131,0.100567,0.152309,0.0681229,0.0902208,1.05,1.16964,0.659808,0.540009,0.659808,0.33637,0.817848,0.770915,420,118,0.0797014,-1,1,1
h3,2135,33,1,54,4.68164,1,9937,3797,0.186617,0.221191,-0.148322,-0.199387,0.537652,1.05,0.99054,0.411523,0.317444,0.411523,0.720604,0.251352,0.18178,420,118,0.100229,1,1,1
h3,2136,33,1,123,5.72596,0,526,6768,-0.205878,0.083025,0.113124,-0.29365,0.493605,1.05,1.05778,0.729767,0.537723,0.733882,0.666814,0.598518,0.524168,420,118,0.100245,-1,1,1
h3,2137,33,1,338,2.40386,0,8247,2461,0.165416,-0.127026,-0.174331,-0.0480385,0.348913,1.05,1.0634,0.60631,0.458162,0.60631,0.543456,0.48093,0.431213,420,118,0.0772998,1,1,1
h3,2138,33,1,48,3.71682,0,3274,1513,-0.155908,0.0976639,-0.19382,-0.3444,0.444017,1.05,1.10334,0.838134,0.590535,0.838134,0.695605,0.62971,0.552343,420,118,0.0988847,-1,1,1
h3,2139,33,1,347,1.25095,1,505,8085,-0.220177,0.104008,0.172704,0.0906639,0.393158,1.05,1.14634,0.736626,0.553041,0.736626,0.565994,0.518238,0.440223,420,118,0.0954443,1,1,1
h3,2140,33,1,60,3.93687,1,3920,5036,-0.146854,-0.234568,-0.0671062,0.222273,0.463799,1.05,1.09352,0.626886,0.470736,0.644719,0.620588,0.534414,0.479635,420,118,0.0881605,-1,1,1
h3,2141,33,1,302,3.52744,1,7722,9377,0.144269,0.158251,0.21908,0.147772,0.0764724,1.05,0.992719,0.492455,0.496342,0.529492,0.308589,0.730405,0.685791,420,118,0.0756263,-1,1,1
h3,2142,33,1,127,3.0352,0,2482,6373,-0.163481,-0.00595093,0.0745153,-0.0172749,0.238838,1.05,1.04183,0.477366,0.435871,0.491084,0.434248,0.516352,0.452622,420,118,0.093741,-1,1,1
h3,2143,33,1,288,1.83304,0,7857,6990,0.149915,0.102762,0.114985,0.0473576,0.0676378,1.05,0.976679,0.522634,0.469479,0.545953,0.272842,0.680574,0.646108,420,118,0.0909671,1,1,1
h3,2144,33,1,299,0.525531,0,5677,8137,0.00548267,0.232298,0.169209,-0.192675,0.455525,1.05,1.12873,0.521262,0.381573,0.521262,0.58436,0.436212,0.358247,420,118,0.102911,-1,1,1
h3,2145,33,1,141,1.30151,1,5312,352,-0.0404863,-0.108587,-0.211583,-0.0248108,0.190506,1.05,1.09804,0.578875,0.507773,0.578875,0.452952,0.691036,0.628819,420,118,0.0770506,1,1,1
h3,2146,33,1,34,5.30566,0,5499,6639,-0.0198965,-0.340536,0.0955896,0.0622864,0.419147,1.05,1.08494,0.607682,0.46685,0.607682,0.582273,0.54991,0.483299,420,118,0.0887845,1,1,1
h3,2147,33,1,159,1.45575,0,10342,6607,0.201586,0.0346508,0.0942926,-0.331139,0.381655,1.05,0.965105,0.54321,0.465021,0.545953,0.498314,0.569209,0.498242,420,118,0.101153,1,1,1
h3,2148,33,1,249,3.79486,0,1659,8928,-0.192745,0.141895,0.179964,0.0359211,0.387633,1.05,1.15359,0.580247,0.448903,0.580247,0.532113,0.487793,0.435124,420,118,0.101142,1,1,1
h3,2149,33,1,221,0.310849,1,3538,4351,-0.154474,0.0427647,-0.129439,-0.32345,0.36707,1.05,1.02898,0.576132,0.47085,0.58299,0.58575,0.561697,0.459438,420,118,0.10481,-1,1,1
h3,2150,33,1,176,4.97218,1,778,1178,-0.210168,0.0676079,-0.207315,0.16268,0.0955405,1.05,1.02782,0.684499,0.558299,0.684499,0.31332,0.794809,0.751391,420,118,0.0773741,1,1,1
h3,2151,33,1,82,5.29622,0,9822,8489,0.20051,-0.0951767,0.200598,0.119204,0.214509,1.05,0.837814,0.563786,0.528692,0.591221,0.322501,0.708518,0.634746,420,118,0.0954318,-1,1,1
h3,2152,33,1,52,3.60935,0,9232,9933,0.178368,0.0172749,0.182489,0.200369,0.184384,1.05,1.10254,0.620027,0.530293,0.654321,0.353918,0.667099,0.619713,420,118,0.126987,-1,1,1
h3,2153,33,1,119,4.23619,1,6372,2414,0.0742025,-0.000125885,-0.16594,0.0394344,0.245573,1.05,0.902728,0.544582,0.407522,0.544582,0.445162,0.402952,0.322819,420,118,0.083986,1,1,1
h3,2154,33,1,31,4.41558,1,6472,10086,0.0852785,-0.329298,0.185806,0.158749,0.498493,1.05,1.11397,1.00274,0.705304,1.00274,0.678313,0.662957,0.593793,420,118,0.0842317,-1,1,1
h3,2155,33,1,288,2.57221,0,7857,8387,0.149915,0.102762,0.167307,0.0638275,0.042685,1.05,1.02978,0.539095,0.48331,0.555556,0.30019,0.691858,0.648309,420,118,0.0992535,1,1,1
h3,2156,33,1,303,0.318348,0,9405,4974,0.189682,-0.0120964,-0.0721245,0.0371704,0.26666,1.05,0.997508,0.556927,0.440101,0.58299,0.469706,0.48602,0.419656,420,118,0.0813874,1,1,1
h3,2157,33,1,141,1.52566,1,5312,1874,-0.0404863,-0.108587,-0.183577,0.0736237,0.232215,1.05,1.08447,0.537723,0.441358,0.541838,0.46032,0.451753,0.383552,420,118,0.0862793,1,1,1
h3,2158,33,1,75,4.21962,0,7934,926,0.168866,0.0715923,-0.208866,0.106722,0.379398,1.05,1.11232,0.713306,0.522519,0.714678,0.536991,0.596723,0.533617,420,118,0.0847626,1,1,1
h3,2159,33,1,131,5.38885,1,7877,7189,0.149018,0.0928917,0.125853,0.0389366,0.0602145,1.05,0.959695,0.419753,0.444673,0.475994,0.248046,0.681476,0.647911,420,118,0.0850549,-1,1,1
h3,2160,33,1,21,6.15182,0,3593,10364,-0.145467,0.131235,0.237885,0.0823307,0.386576,1.05,1.09087,0.792867,0.574188,0.792867,0.565439,0.574838,0.507361,420,118,0.102115,1,1,1
h3,2161,33,1,90,4.78492,0,6647,2033,0.0965776,0.20997,-0.16974,0.195171,0.266787,1.05,0.959657,0.655693,0.510745,0.655693,0.413952,0.57931,0.493879,420,118,0.0756688,-1,1,1
h3,2162,33,1,137,4.64183,0,3987,7147,-0.134161,0.139454,0.134241,-0.227688,0.45521,1.05,1.00654,0.60631,0.48754,0.615912,0.581644,0.540255,0.461582,420,118,0.0930393,-1,1,1
h3,2163,33,1,271,1.56183,1,9670,8828,0.226532,0.108078,0.182461,0.0328999,0.0873361,1.05,1.0374,0.635117,0.56893,0.676269,0.275865,0.818511,0.783088,420,118,0.0774747,-1,1,1
h3,2164,33,1,230,3.60485,1,3837,2645,-0.143252,-0.0414886,-0.168178,0.102421,0.14612,1.05,1.17549,0.720165,0.572702,0.731139,0.392523,0.703805,0.630766,420,118,0.0911906,-1,1,1
h3,2165,33,1,79,3.8304,0,2753,9728,-0.153544,0.0422401,0.183825,0.108669,0.343891,1.05,1.01995,0.674897,0.502858,0.674897,0.496249,0.493861,0.422925,420,118,0.0954067,1,1,1
h3,2166,33,1,68,1.38492,0,4756,3570,-0.0916338,0.0273952,-0.153473,0.0365982,0.0638354,1.05,1.01843,0.503429,0.50503,0.532236,0.35515,0.663537,0.623559,420,118,0.0876774,1,1,1
h3,2167,33,1,169,4.02204,0,7697,1621,0.150855,-0.192446,-0.19059,-0.0829754,0.358576,1.05,1.07453,0.742113,0.54161,0.742113,0.549375,0.563148,0.504149,420,118,0.0792458,-1,1,1
h3,2168,33,1,91,0.286057,0,10121,8835,0.223155,0.0374393,0.200273,0.0816689,0.050058,1.05,1.01112,0.663923,0.569044,0.699588,0.337812,0.835292,0.800696,420,118,0.102408,1,1,1
h3,2169,33,1,51,2.78616,0,7553,1666,0.139863,0.0657787,-0.178603,0.159975,0.332184,1.05,0.963412,0.556927,0.435528,0.569273,0.477739,0.424505,0.357569,420,118,0.0898507,-1,1,1
h3,2170,33,1,296,0.373967,1,4264,3011,-0.122021,0.0299015,-0.163045,0.0828381,0.0669987,1.05,0.999983,0.617284,0.517833,0.617284,0.332964,0.688922,0.646893,420,118,0.0854279,1,1,1
h3,2171,33,1,268,4.93891,0,5413,661,-0.0282841,-0.2064,-0.206319,0.15469,0.402678,1.05,1.0517,0.471879,0.368198,0.481481,0.611954,0.368878,0.292343,420,118,0.0928497,-1,1,1
h3,2172,33,1,214,1.20369,1,4384,421,-0.123191,-0.223129,-0.21019,0.0684795,0.30431,1.05,1.08504,0.636488,0.475652,0.636488,0.53215,0.49245,0.400281,420,118,0.0910909,1,1,1
h3,2173,33,1,69,4.60082,0,6992,8704,0.133218,-0.357046,0.207739,0.0173721,0.381921,1.05,1.07141,0.716049,0.562872,0.747599,0.499733,0.579177,0.512098,420,118,0.092125,1,1,1
h3,2174,33,1,36,5.63721,0,4675,7146,-0.0965948,0.0406284,0.125883,0.00458527,0.225441,1.05,0.860193,0.451303,0.36717,0.451303,0.400776,0.415027,0.33839,420,118,0.0948021,1,1,1
h3,2175,33,1,216,2.45045,0,4376,5485,-0.114228,0.055378,-0.0174751,0.055624,0.0979763,1.05,0.993338,0.481481,0.411294,0.492455,0.270147,0.597771,0.52692,420,118,0.0980558,-1,1,1
h3,2176,33,1,351,1.41845,1,7516,123,0.137561,0.0491657,-0.239513,0.0051651,0.379676,1.05,1.03106,0.69273,0.518519,0.69273,0.564262,0.568542,0.519475,420,129,0.0808763,-1,1,1
h3,2177,33,1,200,1.21659,1,7430,5001,0.141516,0.185507,-0.0704203,0.139713,0.217213,1.05,1.04023,0.451303,0.391061,0.475994,0.409595,0.532825,0.465818,420,129,0.0825339,1,1,1
h3,2178,33,1,10,2.86784,0,6119,582,0.0505409,-0.333649,-0.219702,0.164883,0.567077,1.05,1.07394,0.507545,0.378029,0.507545,0.696243,0.316574,0.255604,420,129,0.0771756,1,1,1
h3,2179,33,1,178,6.00194,0,8607,2714,0.16803,-0.150829,-0.153768,0.0896053,0.403627,1.05,1.09808,0.657064,0.486283,0.657064,0.551074,0.537698,0.452293,420,129,0.0771096,1,1,1
h3,2180,33,1,278,3.4095,0,4851,8053,-0.0817661,0.0208912,0.156575,-0.00183105,0.239422,1.05,1.02358,0.484225,0.38786,0.484225,0.389599,0.393134,0.332053,420,129,0.0991431,-1,1,1
h3,2181,33,1,113,0.091103,1,6345,10531,0.0724735,-0.0297298,0.199147,0.109438,0.188198,1.05,1.30897,0.534979,0.449131,0.539095,0.367359,0.54475,0.472982,420,129,0.095098,-1,1,1
h3,2182,33,1,119,3.81717,0,6372,7625,0.0742025,-0.000125885,0.145223,-0.0798721,0.107002,1.05,1.19119,0.524005,0.497142,0.548697,0.317606,0.662117,0.606722,420,129,0.0795373,1,1,1
h3,2183,33,1,90,2.07665,0,6647,4186,0.0965776,0.20997,-0.118868,-0.0442066,0.333538,1.05,0.927313,0.673525,0.498743,0.674897,0.50104,0.534007,0.458637,420,129,0.0836879,1,1,1
h3,2184,33,1,36,3.19958,1,4675,6275,-0.0965948,0.0406284,0.0672636,-0.183115,0.277562,1.05,0.933955,0.518519,0.416781,0.522634,0.482743,0.521891,0.419602,420,129,0.0986407,1,1,1
h3,2185,33,1,264,5.17884,1,9884,5804,0.194904,-0.137753,0.0182896,-0.361223,0.284994,1.05,1.06139,1.00823,0.730796,1.00823,0.477816,0.859022,0.794905,420,129,0.0783483,-1,1,1
h3,2186,33,1,87,3.00414,0,10428,9359,0.215432,0.0409565,0.227947,0.117004,0.0795195,1.05,1.35413,0.735254,0.601852,0.735254,0.319416,0.838773,0.798743,420,129,0.0776534,-1,1,1
h3,2187,33,1,39,6.02323,1,4259,7766,-0.135017,-0.327379,0.146504,-0.127214,0.345512,1.05,1.07944,0.836763,0.625514,0.836763,0.468987,0.71923,0.648145,420,129,0.0779937,1,1,1
h3,2188,33,1,22,4.69378,0,2257,4280,-0.169982,0.165693,-0.137444,-0.338543,0.505421,1.05,1.11397,0.473251,0.370256,0.473251,0.66752,0.377945,0.291988,420,129,0.102543,1,1,1
h3,2189,33,1,55,5.21414,0,10391,994,0.232349,0.168518,-0.202464,0.0494785,0.450866,1.05,1.05059,0.525377,0.40032,0.525377,0.659936,0.439457,0.379019,420,129,0.0941667,-1,1,1
h3,2190,33,1,350,4.57418,0,7312,8477,0.13179,-0.0699139,0.204796,0.123379,0.206717,1.05,1.14422,0.61454,0.5008,0.657064,0.379149,0.599335,0.525977,420,129,0.103003,-1,1,1
h3,2191,33,1,311,2.28042,0,8277,6600,0.180251,0.12841,0.0944452,-0.323545,0.46003,1.05,1.01586,0.421125,0.346936,0.426612,0.64208,0.405057,0.307687,420,129,0.101202,-1,1,1
h3,2192,33,1,114,2.39569,0,5668,6320,0.00246906,0.0739918,0.0704012,0.151539,0.103094,1.05,1.09945,0.440329,0.410837,0.440329,0.290724,0.528639,0.472767,420,129,0.0726098,1,1,1
h3,2193,33,1,220,1.72247,1,2899,6799,-0.150534,0.177486,0.109112,0.231655,0.265985,1.05,1.00417,0.727023,0.533836,0.727023,0.446858,0.61472,0.537128,420,129,0.0855941,1,1,1
h3,2194,33,1,74,2.12049,0,8920,2476,0.171521,-0.18165,-0.166186,0.212418,0.519066,1.05,1.06933,0.728395,0.539323,0.729767,0.689832,0.512303,0.429174,420,129,0.0766391,1,1,1
h3,2195,33,1,324,2.49693,1,4921,9577,-0.0815163,-0.194134,0.19463,-0.220484,0.277454,1.05,1.01028,0.66118,0.538409,0.66118,0.437027,0.593394,0.543926,420,129,0.0744458,-1,1,1
h3,2196,33,1,128,1.02623,0,4565,6306,-0.10911,-0.0949249,0.0738049,-0.262133,0.247992,1.05,1.03033,0.747599,0.569273,0.747599,0.462873,0.684753,0.612497,420,129,0.0829201,1,1,1
h3,2197,33,1,23,1.58157,1,4516,6358,-0.109116,-0.183537,0.0747461,0.161077,0.39064,1.05,1.12955,0.644719,0.494513,0.652949,0.569576,0.45351,0.389724,420,129,0.0763775,-1,1,1
h3,2198,33,1,88,5.04142,0,8379,9562,0.173752,-0.184019,0.18137,-0.0123882,0.1718,1.05,1.13531,0.727023,0.579447,0.727023,0.368209,0.841354,0.764936,420,129,0.075184,-1,1,1
h3,2199,33,1,32,3.34695,0,7744,3271,0.145741,-0.00799942,-0.159033,0.0790882,0.318003,1.05,1.1562,0.646091,0.477252,0.646091,0.501843,0.456543,0.394374,420,129,0.0909841,1,1,1
h3,2200,33,1,205,1.60225,1,1025,10605,-0.191102,0.0364304,0.227604,0.185398,0.444518,1.05,1.08403,0.828532,0.588477,0.828532,0.582651,0.522264,0.447934,420,129,0.112401,1,1,1
h3,2201,33,1,78,5.51047,0,324,4752,-0.224188,0.0509129,-0.0980339,-0.361187,0.431275,1.05,1.13965,0.462277,0.386374,0.462277,0.584171,0.481545,0.424916,420,129,0.102123,1,1,1
h3,2202,33,1,112,2.9635,0,8840,6762,0.170516,-0.217371,0.109172,-0.0265732,0.200452,1.05,1.0051,0.615912,0.585505,0.624143,0.402515,0.792756,0.721059,420,129,0.0847714,1,1,1
h3,2203,33,1,343,6.10504,1,7016,7962,0.120867,-0.0550613,0.169892,0.0670776,0.131685,1.05,1.02724,0.650206,0.542867,0.665295,0.335453,0.706901,0.625309,420,129,0.0773597,-1,1,1
h3,2204,33,1,26,3.54097,1,6899,4064,0.113692,-0.10355,-0.118311,0.105087,0.312079,1.05,0.954136,0.592593,0.456104,0.592593,0.458045,0.48799,0.407051,420,129,0.0797534,1,1,1
h3,2205,33,1,169,4.17235,1,7697,3621,0.150855,-0.192446,-0.140532,0.0743942,0.395314,1.05,1.08967,0.622771,0.485482,0.625514,0.523462,0.564123,0.497567,420,129,0.0795594,-1,1,1
h3,2206,33,1,122,4.19122,0,4608,7462,-0.100076,0.0399323,0.137906,0.0731087,0.240734,1.05,1.07633,0.460905,0.340306,0.460905,0.48032,0.405462,0.333015,420,129,0.096031,-1,1,1
h3,2207,33,1,100,2.02012,0,8821,2313,0.194382,0.18203,-0.165358,0.0221367,0.393809,1.05,0.924079,0.491084,0.362711,0.491084,0.55959,0.40306,0.327077,420,129,0.0957969,1,1,1
h3,2208,33,1,320,2.57164,1,10120,5797,0.229893,0.16573,0.0153437,-0.0245857,0.286976,1.05,1.14808,0.539095,0.470965,0.539095,0.484483,0.594252,0.530364,420,129,0.0926638,1,1,1
h3,2209,33,1,262,1.18889,1,778,2417,-0.210168,0.0676079,-0.162088,0.104301,0.0632029,1.05,1.01794,0.648834,0.535437,0.648834,0.283703,0.786791,0.740916,420,129,0.0933429,1,1,1
h3,2210,33,1,337,1.57803,0,3682,343,-0.145157,-0.120501,-0.220187,0.0781269,0.212351,1.05,1.13165,0.577503,0.487997,0.596708,0.374867,0.565812,0.483456,420,129,0.0947356,1,1,1
h3,2211,33,1,295,5.61222,0,6429,2388,0.0807295,0.138372,-0.162571,0.224646,0.258286,1.05,0.81029,0.567901,0.444559,0.567901,0.3611,0.528849,0.436858,420,129,0.0822633,-1,1,1
h3,2212,33,1,59,1.15172,1,4286,4958,-0.117836,0.104113,-0.0763817,-0.185991,0.293074,1.05,0.945045,0.507545,0.428326,0.51989,0.544629,0.533875,0.455713,420,129,0.1175,-1,1,1
h3,2213,33,1,177,5.05012,1,6756,3712,0.104774,-0.171005,-0.150329,0.0346756,0.328286,1.05,1.02059,0.517147,0.448674,0.525377,0.47037,0.553281,0.492371,420,129,0.0820348,1,1,1
h3,2214,33,1,92,0.208273,0,9933,37,0.182489,0.200369,-0.252924,0.0348892,0.465804,1.05,1.01041,0.683128,0.504344,0.683128,0.63122,0.519848,0.464565,420,129,0.0915135,-1,1,1
h3,2215,33,1,107,4.05354,0,5514,3938,-0.0179043,-0.350706,-0.137483,0.182734,0.546803,1.05,1.04997,0.44856,0.352195,0.454047,0.722783,0.360903,0.284588,420,129,0.0914991,1,1,1
h3,2216,33,1,298,4.35252,1,5919,6792,0.0271606,-0.319424,0.115098,-0.341928,0.090873,1.05,1.14367,0.609053,0.529378,0.624143,0.259921,0.853179,0.801863,420,129,0.0705779,1,1,1
h3,2217,33,1,64,1.67327,1,3105,10411,-0.148769,0.158648,0.219318,0.00495911,0.398913,1.05,1.04603,0.54321,0.42021,0.54321,0.522245,0.482484,0.431202,420,129,0.104689,1,1,1
h3,2218,33,1,293,2.60064,0,2257,8578,-0.169982,0.165693,0.210714,0.125,0.382865,1.05,1.03678,0.646091,0.483653,0.646091,0.54638,0.517369,0.444882,420,129,0.115128,1,1,1
h3,2219,33,1,84,3.36592,1,6511,9307,0.0874529,0.250929,0.218943,0.14686,0.167915,1.05,1.34083,0.702332,0.554984,0.702332,0.332457,0.743257,0.669152,420,129,0.0794321,1,1,1
h3,2220,33,1,263,5.03958,1,10637,8888,0.239552,0.106575,0.194887,0.111317,0.0470275,1.05,1.04172,0.459534,0.527778,0.615912,0.284895,0.814889,0.78089,420,129,0.0798085,1,1,1
h3,2221,33,1,261,2.93704,1,9649,4412,0.219245,0.164536,-0.130964,-0.357868,0.629005,1.05,0.99589,0.556927,0.397348,0.556927,0.849336,0.328565,0.268481,420,129,0.0953581,-1,1,1
h3,2222,33,1,182,5.03297,1,3774,9286,-0.131494,-0.00063324,0.20089,-0.344278,0.478115,1.05,0.989543,0.720165,0.540809,0.72428,0.640869,0.614407,0.573429,420,129,0.0978359,-1,1,1
h3,2223,33,1,324,5.68243,1,4921,10946,-0.0815163,-0.194134,0.295042,0.0457764,0.446522,1.05,1.00989,0.572016,0.456104,0.573388,0.613962,0.589979,0.541856,420,129,0.0802599,1,1,1
h3,2224,33,1,37,1.80637,1,1927,5897,-0.175637,-0.0659637,0.0283976,0.149441,0.296697,1.05,1.20172,0.695473,0.530407,0.695473,0.480726,0.543706,0.481878,420,129,0.0859011,1,1,1
h3,2225,33,1,277,3.84983,0,2945,2259,-0.153784,0.227482,-0.171452,0.181919,0.0512403,1.05,1.00659,0.390947,0.41118,0.430727,0.195317,0.764303,0.730459,420,129,0.0788199,1,1,1
h3,2226,33,1,68,0.98083,0,4756,8397,-0.0916338,0.0273952,0.189465,0.152897,0.307856,1.05,0.968139,0.58299,0.454275,0.58299,0.422024,0.453876,0.372846,420,129,0.0884092,-1,1,1
h3,2227,33,1,185,1.9944,0,4601,7016,-0.10037,0.141411,0.120867,-0.0550613,0.295885,1.05,1.00768,0.440329,0.355281,0.440329,0.506088,0.426476,0.320686,420,129,0.10639,-1,1,1
h3,2228,33,1,1,5.1673,0,7699,3360,0.142639,-0.134228,-0.142048,0.0811825,0.357427,1.05,1.04244,0.599451,0.46422,0.599451,0.489743,0.50474,0.437589,420,129,0.0771881,1,1,1
h3,2229,33,1,134,2.23654,1,6418,4005,0.0837402,-0.349382,-0.136439,0.0691166,0.473275,1.05,1.05963,0.48011,0.368084,0.48011,0.6517,0.327312,0.248498,420,129,0.0801927,1,1,1
h3,2230,33,1,130,4.82839,0,6535,8398,0.0918341,-0.110147,0.164708,-0.0950165,0.074814,1.05,0.987568,0.524005,0.490741,0.547325,0.305525,0.734431,0.708649,420,129,0.0761903,1,1,1
h3,2231,33,1,331,3.34759,0,6022,6879,0.0377855,-0.348446,0.11262,-0.130833,0.230168,1.05,1.1413,0.596708,0.507087,0.596708,0.426387,0.738674,0.66745,420,129,0.0925613,-1,1,1
h3,2232,33,1,72,1.53427,1,504,5698,-0.210534,0.0497398,0.00461769,-0.137331,0.285262,1.05,1.00326,0.611797,0.510745,0.617284,0.491238,0.645428,0.585776,420,129,0.0899319,1,1,1
h3,2233,33,1,91,5.41007,0,10121,743,0.223155,0.0374393,-0.211716,-0.345757,0.579638,1.05,1.02016,0.853224,0.600823,0.853224,0.743685,0.653336,0.609066,420,129,0.0894875,-1,1,1
h3,2234,33,1,343,4.21405,0,7016,5102,0.120867,-0.0550613,-0.0602188,-0.196112,0.229537,1.05,0.946088,0.647462,0.517261,0.647462,0.465668,0.683792,0.606719,420,129,0.0805555,1,1,1
h3,2235,33,1,269,1.6849,1,4914,10051,-0.0774136,0.0711575,0.260131,-0.00102615,0.345232,1.05,0.917082,0.599451,0.465706,0.599451,0.523539,0.552702,0.509987,420,129,0.0796632,1,1,1
h3,2236,33,1,79,3.79771,1,2753,5992,-0.153544,0.0422401,0.0422783,-0.264202,0.363667,1.05,1.01016,0.555556,0.425583,0.555556,0.581656,0.479748,0.39596,420,129,0.100021,1,1,1
h3,2237,33,1,25,0.0903486,1,2870,3834,-0.167792,-0.278759,-0.138614,0.0286922,0.309086,1.05,0.991353,0.707819,0.540581,0.707819,0.470789,0.729169,0.656319,420,129,0.0816826,1,1,1
h3,2238,33,1,235,4.20342,0,2606,6466,-0.156998,0.191967,0.0822506,-0.078022,0.360741,1.05,1.05133,0.465021,0.383745,0.470508,0.522219,0.414137,0.346193,420,129,0.0868916,1,1,1
h3,2239,33,1,32,4.04638,0,7744,2758,0.145741,-0.00799942,-0.147304,0.0391197,0.29696,1.05,0.983003,0.485597,0.368427,0.495199,0.441408,0.392796,0.321597,420,129,0.0854808,-1,1,1
h3,2240,33,1,166,2.32205,1,8696,10597,0.18805,0.135441,0.2639,0.0612888,0.10609,1.05,1.25086,0.451303,0.51166,0.602195,0.324048,0.764986,0.71552,420,121,0.0790948,1,1,1
h3,2241,33,1,158,5.4303,0,4264,6032,-0.122021,0.0299015,0.0491943,-0.360744,0.427343,1.05,1.05017,0.836763,0.589278,0.836763,0.608858,0.657625,0.598028,420,121,0.0917737,1,1,1
h3,2242,33,1,352,5.02898,0,3098,473,-0.156376,0.0952129,-0.230009,0.140045,0.0863376,1.05,1.18339,0.609053,0.507773,0.609053,0.324291,0.705543,0.677706,420,121,0.0741465,-1,1,1
h3,2243,33,1,151,5.64544,1,8681,1733,0.178658,0.0536366,-0.186342,0.150736,0.377696,1.05,1.12575,0.707819,0.501029,0.707819,0.542892,0.438485,0.358667,420,121,0.0902701,-1,1,1
h3,2244,33,1,201,1.83055,0,7662,4913,0.141445,0.0548306,-0.0774288,0.0334854,0.220104,1.05,0.935263,0.432099,0.39289,0.45679,0.385056,0.473266,0.395319,420,121,0.0826024,-1,1,1
h3,2245,33,1,289,0.925082,1,10063,10824,0.257437,0.0108929,0.265089,0.114353,0.103792,1.05,1.41835,0.806584,0.638432,0.814815,0.371197,0.926591,0.862029,420,121,0.0743637,-1,1,1
h3,2246,33,1,212,4.44236,0,1917,6851,-0.185428,-0.0455341,0.109829,-0.103657,0.300937,1.05,0.929678,0.559671,0.425812,0.559671,0.529878,0.524735,0.441987,420,121,0.0902389,-1,1,1
h3,2247,33,1,264,3.10537,1,9884,10855,0.194904,-0.137753,0.268634,0.0333366,0.18654,1.05,1.10149,0.718793,0.53738,0.718793,0.453256,0.59359,0.550007,420,121,0.0828127,-1,1,1
h3,2248,33,1,209,2.91896,0,3854,4189,-0.148292,-0.17313,-0.13366,-0.0852203,0.0899494,1.05,1.12357,0.658436,0.586877,0.666667,0.310111,0.824072,0.780117,420,121,0.0737408,-1,1,1
h3,2249,33,1,144,3.65146,1,2236,6630,-0.158248,0.0812893,0.0943346,0.023098,0.259374,1.05,1.05046,0.355281,0.349909,0.381344,0.472189,0.446103,0.37352,420,121,0.091213,-1,1,1
h3,2250,33,1,345,4.60702,0,9708,192,0.179283,0.202862,-0.223022,0.0330486,0.436677,1.05,0.986625,0.90535,0.631687,0.90535,0.573351,0.616234,0.557055,420,121,0.103031,1,1,1
h3,2251,33,1,86,0.807468,1,3744,8165,-0.1488,0.0601883,0.176305,0.0969715,0.32722,1.05,1.02139,0.469136,0.395748,0.470508,0.495512,0.425276,0.347317,420,121,0.0898478,-1,1,1
h3,2252,33,1,284,2.95011,0,5764,6575,0.0115757,-0.27326,0.0895433,0.0486622,0.331229,1.05,1.0148,0.591221,0.453704,0.591221,0.498377,0.556041,0.480475,420,121,0.0894934,1,1,1
h3,2253,33,1,246,2.98108,0,3742,9694,-0.139676,-0.106091,0.194805,-0.202682,0.348278,1.05,1.03088,0.670782,0.493484,0.670782,0.537734,0.557898,0.512324,420,121,0.0811138,-1,1,1
h3,2254,33,1,136,0.288483,1,92,4637,-0.244274,0.0134163,-0.114979,-0.28787,0.328003,1.05,0.967327,0.455418,0.431299,0.481481,0.52523,0.582817,0.508931,420,121,0.0971479,1,1,1
h3,2255,33,1,16,4.62513,1,6891,5295,0.116627,-0.245506,-0.045084,-0.330614,0.182788,1.05,1.02157,0.783265,0.6262,0.783265,0.391374,0.823146,0.757335,420,121,0.123275,1,1,1
h3,2256,33,1,329,3.52913,0,6120,8419,0.0508251,0.0233727,0.198042,0.155281,0.197802,1.05,1.32831,0.545953,0.460219,0.585734,0.4475,0.572605,0.502886,420,121,0.112237,1,1,1
h3,2257,33,1,250,4.66235,1,2302,2425,-0.169047,0.140715,-0.164642,-0.0332222,0.174145,1.05,1.08462,0.683128,0.534751,0.69273,0.413869,0.698869,0.643595,420,121,0.113279,-1,1,1
h3,2258,33,1,228,3.67207,1,2593,549,-0.166303,0.0278931,-0.224395,0.160582,0.144888,1.05,1.30862,0.655693,0.5607,0.662551,0.340528,0.74737,0.687775,420,121,0.0793015,-1,1,1
h3,2259,33,1,198,5.6661,1,4867,6449,-0.0881186,-0.362789,0.079793,0.0387611,0.435244,1.05,1.12895,0.705075,0.517033,0.705075,0.583954,0.589693,0.522304,420,121,0.0842685,1,1,1
h3,2260,33,1,206,1.25028,0,8980,9652,0.222597,0.070055,0.242369,0.0429802,0.0336763,1.05,0.978018,0.478738,0.570873,0.681756,0.200367,0.828061,0.802827,420,121,0.0816438,-1,1,1
h3,2261,33,1,276,2.93716,1,3716,6763,-0.146818,0.039669,0.103848,-0.104401,0.289289,1.05,1.00545,0.481481,0.416552,0.504801,0.459607,0.50582,0.426367,420,121,0.0887563,1,1,1
h3,2262,33,1,39,0.958869,1,4259,8929,-0.135017,-0.327379,0.15619,0.0979614,0.515782,1.05,1.06456,0.796982,0.584019,0.796982,0.654097,0.629748,0.548385,420,121,0.0763779,1,1,1
h3,2263,33,1,37,4.13696,1,1927,3125,-0.175637,-0.0659637,-0.143424,-0.0317116,0.0472578,1.05,1.08953,0.529492,0.524806,0.581619,0.259122,0.772853,0.732418,420,121,0.0867128,-1,1,1
h3,2264,33,1,110,2.47829,1,3810,10095,-0.131285,0.036211,0.206202,-0.159727,0.390719,1.05,1.00095,0.561043,0.457362,0.561043,0.513201,0.495077,0.451386,420,121,0.0832139,1,1,1
h3,2265,33,1,76,3.46359,0,3124,2575,-0.146205,0.0993652,-0.179446,-0.277662,0.378871,1.05,1.06868,0.820302,0.584362,0.820302,0.629495,0.653274,0.57274,420,121,0.107112,1,1,1
h3,2266,33,1,190,1.08927,1,5189,6709,-0.0535688,0.132942,0.104097,-0.157192,0.330207,1.05,1.06099,0.473251,0.360883,0.477366,0.519868,0.391747,0.327217,420,121,0.0942343,-1,1,1
h3,2267,33,1,154,6.00437,0,917,1658,-0.198119,0.156185,-0.186954,0.126932,0.0404117,1.05,0.989703,0.486968,0.487769,0.525377,0.300079,0.785533,0.757651,420,121,0.105847,-1,1,1
h3,2268,33,1,109,2.06723,1,3851,7602,-0.142269,0.0964241,0.141886,0.172405,0.295657,1.05,0.911934,0.727023,0.518061,0.727023,0.468432,0.541812,0.456755,420,121,0.0873922,-1,1,1
h3,2269,33,1,205,0.00425248,1,1025,8376,-0.191102,0.0364304,0.194386,0.143356,0.400392,1.05,1.07968,0.602195,0.454847,0.602195,0.547603,0.439461,0.363724,420,121,0.0982481,1,1,1
h3,2270,33,1,176,4.08543,0,778,8528,-0.210168,0.0676079,0.199085,0.12007,0.41269,1.05,1.14738,0.81893,0.571902,0.81893,0.564057,0.514063,0.44396,420,121,0.0973595,-1,1,1
h3,2271,33,1,74,4.17378,1,8920,6569,0.171521,-0.18165,0.088953,0.0687771,0.263688,1.05,1.12717,0.663923,0.578647,0.663923,0.488055,0.700827,0.625223,420,121,0.0903723,-1,1,1
h3,2272,33,1,37,4.16294,0,1927,8391,-0.175637,-0.0659637,0.169174,0.0942326,0.380214,1.05,1.11362,0.654321,0.471422,0.654321,0.58287,0.432229,0.361334,420,121,0.0851962,-1,1,1
h3,2273,33,1,61,1.64587,1,8155,3481,0.180044,0.115244,-0.133642,0.0427265,0.32242,1.05,1.00286,0.514403,0.41781,0.522634,0.515932,0.438,0.375429,420,121,0.0837037,-1,1,1
h3,2274,33,1,7,6.16614,1,164,1581,-0.224535,0.0229626,-0.180773,0.187449,0.170213,1.05,1.19694,0.857339,0.661866,0.857339,0.353261,0.791332,0.738562,420,121,0.130565,1,1,1
h3,2275,33,1,316,4.12006,1,1300,5455,-0.189615,0.133741,-0.0260954,-0.364235,0.524137,1.05,1.0452,0.43347,0.32053,0.43347,0.695203,0.295554,0.218414,420,121,0.122825,-1,1,1
h3,2276,33,1,241,0.693906,1,3662,10173,-0.153176,-0.152557,0.197943,0.031414,0.396396,1.05,1.05772,0.613169,0.469364,0.613169,0.534263,0.531553,0.469899,420,121,0.0839531,1,1,1
h3,2277,33,1,143,5.43167,0,4100,3313,-0.14067,-0.164242,-0.153529,0.0467224,0.211374,1.05,0.992945,0.679012,0.530178,0.705075,0.442651,0.600164,0.528305,420,121,0.091719,-1,1,1
h3,2278,33,1,224,5.41523,1,5733,5509,0.00316334,-0.348492,-0.0164509,-0.215273,0.134707,1.05,1.17899,0.515775,0.463992,0.555556,0.289303,0.766766,0.704561,420,121,0.0741362,-1,1,1
h3,2279,33,1,199,4.68175,1,6355,242,0.0775681,-0.248583,-0.215155,0.0207958,0.397905,1.05,1.01665,0.640604,0.51246,0.640604,0.56653,0.653594,0.592196,420,121,0.0781643,-1,1,1
h3,2280,33,1,308,0.770829,1,3394,7894,-0.136115,-0.0248127,0.150035,0.0675774,0.30083,1.05,1.01136,0.554184,0.413009,0.554184,0.488583,0.413968,0.345953,420,121,0.084123,1,1,1
h3,2281,33,1,12,1.74203,1,5868,8050,0.0214272,-0.215807,0.165308,-0.166063,0.152238,1.05,1.07079,0.595336,0.545496,0.624143,0.395504,0.766645,0.697045,420,121,0.0953752,-1,1,1
h3,2282,33,1,137,6.12199,0,3987,2145,-0.134161,0.139454,-0.175669,0.11026,0.0510287,1.05,1.04422,0.580247,0.484682,0.581619,0.276931,0.7036,0.669022,420,121,0.084622,-1,1,1
h3,2283,33,1,239,2.46742,1,10673,7208,0.249535,0.139597,0.12778,-0.00568008,0.19027,1.05,1.20592,0.521262,0.476566,0.528121,0.448259,0.702481,0.635134,420,121,0.0921063,1,1,1
h3,2284,33,1,235,1.07688,0,2606,8071,-0.156998,0.191967,0.150984,0.136921,0.313006,1.05,1.09249,0.604938,0.45679,0.604938,0.508979,0.510175,0.431914,420,121,0.0862032,-1,1,1
h3,2285,33,1,132,1.39582,0,6771,3281,0.110182,-0.34227,-0.158521,-0.199268,0.304386,1.05,1.02284,0.73251,0.571102,0.73251,0.468849,0.708879,0.625806,420,121,0.0834117,1,1,1
h3,2286,33,1,147,2.64706,0,7893,10368,0.151926,0.0649776,0.214184,-0.345495,0.415202,1.05,1.09919,0.711934,0.536008,0.711934,0.560413,0.600332,0.543482,420,121,0.0956382,-1,1,1
h3,2287,33,1,43,3.9736,1,5356,6078,-0.0349789,-0.00699425,0.044261,-0.293627,0.297384,1.05,1.0869,0.635117,0.501257,0.635117,0.492453,0.608238,0.530485,420,121,0.0870981,1,1,1
h3,2288,33,1,56,6.17558,0,188,660,-0.232367,0.0883503,-0.216298,-0.345203,0.433946,1.05,0.989036,0.418381,0.383745,0.440329,0.54644,0.419289,0.35261,420,121,0.0973352,-1,1,1
h3,2289,33,1,190,5.786,0,5189,9772,-0.0535688,0.132942,0.186691,0.0546303,0.252701,1.05,1.0648,0.610425,0.476452,0.610425,0.389121,0.541471,0.476791,420,121,0.0808106,-1,1,1
h3,2290,33,1,300,3.42237,1,1608,321,-0.189309,0.0433655,-0.235042,0.116234,0.0878658,1.05,1.08878,0.533608,0.543553,0.59808,0.235838,0.786116,0.748142,420,121,0.0764977,1,1,1
h3,2291,33,1,326,0.267676,0,8603,209,0.209276,0.133911,-0.214309,-0.0177078,0.450029,1.05,0.988143,0.85048,0.628601,0.853224,0.618543,0.633039,0.591047,420,121,0.0911311,-1,1,1
h3,2292,33,1,75,4.29933,0,7934,3061,0.168866,0.0715923,-0.150911,0.049963,0.32145,1.05,1.04141,0.526749,0.401692,0.526749,0.560845,0.402727,0.321356,420,121,0.0885572,1,1,1
h3,2293,33,1,74,2.22887,0,8920,1770,0.171521,-0.18165,-0.189137,-0.344339,0.395723,1.05,1.0537,0.951989,0.684156,0.962963,0.570967,0.724581,0.667033,420,121,0.0770106,-1,1,1
h3,2294,33,1,338,5.61821,0,8247,9182,0.165416,-0.127026,0.174536,0.0311508,0.159408,1.05,1.16162,0.676269,0.565958,0.689986,0.363678,0.779054,0.704282,420,121,0.0735167,-1,1,1
h3,2295,33,1,134,3.45601,1,6418,599,0.0837402,-0.349382,-0.219199,0.163471,0.595644,1.05,1.0558,0.801097,0.574989,0.801097,0.743761,0.639648,0.580035,420,121,0.086276,1,1,1
h3,2296,33,1,43,1.2341,0,5356,8098,-0.0349789,-0.00699425,0.149323,-0.00306702,0.18437,1.05,0.922999,0.48011,0.426726,0.48011,0.401489,0.517741,0.435328,420,121,0.0793698,-1,1,1
h3,2297,33,1,335,4.63664,0,464,6694,-0.226211,0.014286,0.103043,0.242046,0.400485,1.05,1.1412,0.680384,0.504687,0.680384,0.561663,0.479689,0.411865,420,121,0.0969287,1,1,1
h3,2298,33,1,185,3.68374,1,4601,127,-0.10037,0.141411,-0.223697,0.0100784,0.18037,1.05,1.15387,0.506173,0.427755,0.510288,0.381983,0.581299,0.521074,420,121,0.169051,1,1,1
h3,2299,33,1,236,5.72224,0,4146,10614,-0.121972,-0.0690746,0.234768,0.172613,0.430938,1.05,1.15454,0.663923,0.487769,0.666667,0.566828,0.500523,0.434543,420,121,0.0857221,1,1,1
h3,2300,33,1,265,1.2111,1,9994,1650,0.249982,0.00729179,-0.187917,0.126184,0.454236,1.05,1.03248,0.780521,0.550526,0.780521,0.630508,0.501224,0.432748,420,121,0.0849446,-1,1,1
h3,2301,33,1,167,4.83965,0,8147,10895,0.163493,0.0996017,0.271793,0.114943,0.109534,1.05,1.28224,0.471879,0.51326,0.592593,0.297405,0.713751,0.671892,420,121,0.0826203,-1,1,1
h3,2302,33,1,353,2.75704,0,8151,1644,0.151236,0.0531769,-0.176038,0.21814,0.366615,1.05,1.14179,0.622771,0.461134,0.622771,0.520353,0.441535,0.350802,420,121,0.0857416,-1,1,1
h3,2303,33,1,284,2.11129,0,5764,10923,0.0115757,-0.27326,0.276701,0.0618324,0.427292,1.05,0.997466,0.443073,0.365569,0.444444,0.567734,0.310637,0.273968,420,121,0.0774251,1,1,1
h3,2304,33,1,213,0.79866,0,2620,10945,-0.170588,0.00360489,0.283805,0.101124,0.464753,1.05,1.13106,0.786008,0.563214,0.786008,0.638584,0.545126,0.475874,420,132,0.0944254,-1,1,1
h3,2305,33,1,124,2.00155,1,9146,5910,0.180683,0.0968037,0.0275059,-0.136505,0.279159,1.05,1.15355,0.69273,0.527206,0.699588,0.580629,0.664723,0.583625,420,132,0.0968925,-1,1,1
h3,2306,33,1,128,0.538737,1,4565,3861,-0.10911,-0.0949249,-0.137934,0.030571,0.13082,1.05,1.27682,0.620027,0.53818,0.620027,0.354877,0.711032,0.648374,420,132,0.0758984,-1,1,1
h3,2307,33,1,20,4.065,1,9641,2038,0.190678,-0.166733,-0.179909,-0.208658,0.37295,1.05,1.1234,0.827161,0.606653,0.827161,0.541135,0.597957,0.541784,420,132,0.0773443,-1,1,1
h3,2308,33,1,195,5.15274,1,4564,801,-0.105632,-0.174397,-0.197433,0.0528183,0.245409,1.05,0.997071,0.676269,0.525606,0.683128,0.454595,0.586698,0.519921,420,132,0.102804,-1,1,1
h3,2309,33,1,37,2.61978,1,1927,1506,-0.175637,-0.0659637,-0.18891,0.0324287,0.099691,1.05,1.29729,0.646091,0.591907,0.651578,0.329198,0.803216,0.73147,420,132,0.0973067,1,1,1
h3,2310,33,1,238,4.88234,0,10380,2495,0.195278,0.111032,-0.1625,0.0521507,0.364349,1.05,1.04104,0.459534,0.340306,0.459534,0.584074,0.34188,0.260508,420,132,0.0986993,1,1,1
h3,2311,33,1,164,3.082,0,3718,3734,-0.146247,0.0971508,-0.130211,0.071455,0.0331834,1.05,0.989475,0.437586,0.450503,0.485597,0.272723,0.691032,0.655499,420,132,0.100357,1,1,1
h3,2312,33,1,296,4.89145,1,4264,5294,-0.122021,0.0299015,-0.0448704,-0.348978,0.387088,1.05,1.11207,0.406036,0.35551,0.410151,0.524867,0.404925,0.346234,420,132,0.11211,-1,1,1
h3,2313,33,1,315,2.58231,1,1053,4192,-0.190305,0.1908,-0.12184,0.138306,0.0863369,1.05,1.43108,0.432099,0.456219,0.497942,0.23513,0.745803,0.695,420,132,0.0936154,-1,1,1
h3,2314,33,1,44,4.17878,1,5645,6042,-0.00159264,-0.144009,0.0431137,0.139099,0.286616,1.05,1.07029,0.510288,0.395405,0.510288,0.458649,0.428963,0.358576,420,132,0.0927676,1,1,1
h3,2315,33,1,239,5.44975,1,10673,3479,0.249535,0.139597,-0.134928,-0.0537758,0.430456,1.05,1.12988,0.625514,0.498743,0.63786,0.588266,0.551639,0.483518,420,132,0.0856896,-1,1,1
h3,2316,33,1,303,2.65565,1,9405,1254,0.189682,-0.0120964,-0.198841,-0.173973,0.420901,1.05,1.04386,0.617284,0.492227,0.617284,0.564976,0.52185,0.472711,420,132,0.0832545,1,1,1
h3,2317,33,1,306,3.83158,0,4455,2113,-0.108157,0.0669174,-0.170298,0.141457,0.0971235,1.05,1.25613,0.646091,0.504915,0.646091,0.353804,0.670941,0.604853,420,132,0.0824957,1,1,1
h3,2318,33,1,317,2.84386,0,3441,4990,-0.1478,0.0824299,-0.0774612,-0.347086,0.435618,1.05,1.02085,0.412894,0.338363,0.412894,0.669332,0.367679,0.296094,420,132,0.0998253,-1,1,1
h3,2319,33,1,24,0.0618398,0,2921,1391,-0.173109,-0.296366,-0.195595,-0.128311,0.169872,1.05,1.0427,0.717421,0.594079,0.717421,0.364802,0.924197,0.853681,420,132,0.0748163,-1,1,1
h3,2320,33,1,113,4.42202,1,6345,11018,0.0724735,-0.0297298,0.311646,0.0717125,0.259851,1.05,1.19862,0.636488,0.522405,0.636488,0.521178,0.663435,0.621691,420,132,0.0827748,1,1,1
h3,2321,33,1,157,1.80686,1,3355,3827,-0.15814,0.0335846,-0.139854,0.05826,0.0310974,1.05,1.05948,0.437586,0.496571,0.569273,0.195874,0.725656,0.695994,420,132,0.0958988,1,1,1
h3,2322,33,1,315,2.29013,1,1053,4219,-0.190305,0.1908,-0.125462,0.0131149,0.190851,1.05,0.95459,0.415638,0.439986,0.473251,0.369289,0.690914,0.626166,420,132,0.136653,1,1,1
h3,2323,33,1,227,3.39752,1,6895,4381,0.117447,0.229137,-0.124866,-0.323355,0.603476,1.05,1.10838,0.765432,0.55647,0.765432,0.719324,0.544217,0.456995,420,132,0.0759921,1,1,1
h3,2324,33,1,215,4.11535,0,507,3708,-0.208806,0.0251598,-0.131149,0.057394,0.0840959,1.05,1.49518,0.58299,0.550183,0.617284,0.309561,0.80166,0.773488,420,132,0.0838778,-1,1,1
h3,2325,33,1,19,3.4533,1,4470,4561,-0.109062,0.186951,-0.106886,-0.13842,0.325378,1.05,1.14106,0.525377,0.416895,0.525377,0.497536,0.474231,0.405565,420,132,0.111763,-1,1,1
h3,2326,33,1,337,1.25982,1,3682,9546,-0.145157,-0.120501,0.22296,0.150578,0.457524,1.05,1.11793,0.66941,0.490055,0.673525,0.591745,0.481004,0.416353,420,132,0.0844065,1,1,1
h3,2327,33,1,75,4.17314,1,7934,7851,0.168866,0.0715923,0.156013,0.0719585,0.0182251,1.05,1.15853,0.524005,0.479995,0.524005,0.235429,0.689037,0.655631,420,132,0.0968147,-1,1,1
h3,2328,33,1,84,6.07463,0,6511,9802,0.0874529,0.250929,0.249186,-0.0155354,0.311707,1.05,1.20368,0.775034,0.563329,0.775034,0.469778,0.570885,0.519556,420,132,0.0943162,1,1,1
h3,2329,33,1,265,4.45217,1,9994,1792,0.249982,0.00729179,-0.179335,0.0223923,0.429582,1.05,1.13619,0.772291,0.583791,0.772291,0.571549,0.649423,0.607702,420,132,0.0789266,-1,1,1
h3,2330,33,1,103,0.832335,0,7750,4827,0.152753,-0.326408,-0.0865908,0.0310631,0.4302,1.05,1.07934,0.497942,0.451875,0.508916,0.558955,0.491414,0.418381,420,132,0.0774984,1,1,1
h3,2331,33,1,282,4.2001,0,5785,4278,0.00997925,-0.334198,-0.137745,-0.341358,0.147955,1.05,1.17463,0.651578,0.545268,0.651578,0.317043,0.836594,0.762362,420,132,0.0728532,1,1,1
h3,2332,33,1,283,5.2299,1,8530,2012,0.1571,0.124062,-0.184233,0.0904942,0.343041,1.05,1.1607,0.699588,0.516118,0.699588,0.467228,0.607309,0.535857,420,132,0.0938882,1,1,1
h3,2333,33,1,190,3.43923,0,5189,4662,-0.0535688,0.132942,-0.0952644,0.1315,0.0417205,1.05,1.00471,0.341564,0.38546,0.437586,0.221605,0.596171,0.559004,420,132,0.0759849,-1,1,1
h3,2334,33,1,158,4.1194,0,4264,10957,-0.122021,0.0299015,0.284277,0.116634,0.415734,1.05,0.957172,0.625514,0.481024,0.625514,0.565879,0.573935,0.506153,420,132,0.0962935,1,1,1
h3,2335,33,1,101,0.361882,0,7045,432,0.118739,0.047718,-0.21621,0.10437,0.340054,1.05,1.17476,0.706447,0.508573,0.706447,0.519248,0.533333,0.461005,420,132,0.0959786,1,1,1
h3,2336,33,1,98,5.88237,1,5863,6525,0.0213842,-0.163582,0.096983,-0.259672,0.12239,1.05,0.88204,0.539095,0.467878,0.540466,0.363066,0.71834,0.64697,420,132,0.0737761,-1,1,1
h3,2337,33,1,323,0.784667,1,9776,8157,0.192008,-0.12038,0.162408,0.0939045,0.216667,1.05,1.09902,0.729767,0.599566,0.754458,0.429302,0.738608,0.658846,420,132,0.0857359,1,1,1
h3,2338,33,1,69,3.46527,1,6992,7165,0.133218,-0.357046,0.121469,0.0602055,0.417417,1.05,1.0903,0.492455,0.389575,0.493827,0.61407,0.605946,0.531798,420,132,0.107293,-1,1,1
h3,2339,33,1,225,1.10707,0,8041,6286,0.159416,0.08922,0.0763836,-0.359062,0.456116,1.05,1.07541,0.471879,0.369342,0.471879,0.59753,0.431532,0.3561,420,132,0.105748,-1,1,1
h3,2340,33,1,205,4.53417,0,1025,1797,-0.191102,0.0364304,-0.179476,0.0225086,0.0188698,1.05,0.953159,0.558299,0.5016,0.573388,0.290616,0.780978,0.751662,420,132,0.107726,1,1,1
h3,2341,33,1,74,0.659244,0,8920,4831,0.171521,-0.18165,-0.0861721,-0.0941334,0.272149,1.05,1.11542,0.635117,0.522405,0.663923,0.454483,0.590111,0.512073,420,132,0.0767592,1,1,1
h3,2342,33,1,291,4.57869,1,4918,5854,-0.0764675,-0.030283,0.0213699,-0.0623283,0.103053,1.05,0.974684,0.441701,0.384545,0.441701,0.310824,0.62709,0.551113,420,132,0.0863423,-1,1,1
h3,2343,33,1,201,2.99972,0,7662,10896,0.141445,0.0548306,0.267328,0.0910759,0.131317,1.05,1.1984,0.540466,0.475423,0.561043,0.335557,0.694364,0.653756,420,132,0.092041,-1,1,1
h3,2344,33,1,136,4.24077,1,92,4772,-0.244274,0.0134163,-0.0951767,-0.131296,0.207797,1.05,1.06802,0.534979,0.510745,0.563786,0.347593,0.737201,0.673398,420,132,0.0913885,1,1,1
h3,2345,33,1,280,4.19449,0,3801,4113,-0.154073,-0.327936,-0.146331,-0.345022,0.0189394,1.05,0.946434,0.559671,0.527778,0.585734,0.259967,0.952803,0.934141,420,132,0.070681,-1,1,1
h3,2346,33,1,194,4.16687,0,2925,8882,-0.14224,0.0363922,0.175658,-0.313967,0.47317,1.05,1.02138,0.687243,0.503772,0.688615,0.623246,0.583343,0.51943,420,132,0.0902314,-1,1,1
h3,2347,33,1,318,0.407195,0,4728,6724,-0.0996161,-0.166716,0.0996227,-0.104364,0.208789,1.05,0.96742,0.561043,0.47005,0.563786,0.415915,0.581999,0.496433,420,132,0.0817374,1,1,1
h3,2348,33,1,51,0.656322,0,7553,2799,0.139863,0.0657787,-0.168102,0.0320129,0.310075,1.05,1.07374,0.374486,0.292867,0.374486,0.520097,0.342587,0.265789,420,132,0.0901091,-1,1,1
h3,2349,33,1,176,0.486897,0,778,10159,-0.210168,0.0676079,0.262536,0.00223541,0.477407,1.05,1.18064,0.791495,0.598537,0.791495,0.62392,0.611022,0.564619,420,132,0.0905132,1,1,1
h3,2350,33,1,344,1.11156,0,4127,8569,-0.139666,-0.176815,0.168387,0.0820847,0.402518,1.05,1.02759,0.647462,0.481024,0.647462,0.587912,0.560866,0.492012,420,132,0.0852555,1,1,1
h3,2351,33,1,276,0.778516,0,3716,766,-0.146818,0.039669,-0.215225,0.182627,0.158484,1.05,1.34547,0.683128,0.559328,0.695473,0.406727,0.685188,0.633535,420,132,0.0736681,-1,1,1
h3,2352,33,1,77,2.13144,0,287,1861,-0.226668,0.100986,-0.179863,-0.0391941,0.147817,1.05,1.05785,0.62963,0.545039,0.63786,0.34999,0.760533,0.691284,420,132,0.104506,-1,1,1
h3,2353,33,1,156,1.39695,0,3661,2130,-0.142878,0.118633,-0.169438,0.223785,0.108817,1.05,0.953829,0.559671,0.485597,0.588477,0.257331,0.685604,0.653673,420,132,0.0818006,-1,1,1
h3,2354,33,1,337,5.95694,1,3682,8449,-0.145157,-0.120501,0.171191,0.0383949,0.354014,1.05,1.02353,0.587106,0.453361,0.587106,0.558821,0.491446,0.430498,420,132,0.0925821,1,1,1
h3,2355,33,1,136,5.06842,1,92,2680,-0.244274,0.0134163,-0.170456,0.0362511,0.0781821,1.05,1.7456,0.500686,0.534065,0.573388,0.209584,0.861621,0.818694,420,132,0.0792064,-1,1,1
h3,2356,33,1,271,0.217003,1,9670,815,0.226532,0.108078,-0.200966,0.160486,0.430711,1.05,1.07489,0.908093,0.63786,0.908093,0.555779,0.592009,0.518548,420,132,0.0952365,1,1,1
h3,2357,33,1,136,2.0371,0,92,3052,-0.244274,0.0134163,-0.139054,0.0667381,0.118071,1.05,1.29102,0.561043,0.541381,0.617284,0.346224,0.851927,0.789093,420,132,0.073495,1,1,1
h3,2358,33,1,105,1.46184,0,6653,4506,0.101091,-0.290726,-0.106712,0.0290756,0.381427,1.05,1.00895,0.537723,0.437586,0.547325,0.536719,0.500264,0.433556,420,132,0.0773033,-1,1,1
h3,2359,33,1,183,0.060248,0,4310,8022,-0.135221,-0.34234,0.150823,0.0985451,0.525607,1.05,1.02281,0.854595,0.601052,0.854595,0.681581,0.667305,0.587727,420,132,0.0806767,1,1,1
h3,2360,33,1,233,1.48884,0,5612,2767,-0.00157356,0.23317,-0.15607,0.127308,0.187843,1.05,0.931687,0.318244,0.325217,0.33882,0.289165,0.525065,0.446558,420,132,0.0885353,-1,1,1
h3,2361,33,1,52,0.265176,0,9232,4575,0.178368,0.0172749,-0.122458,-0.324375,0.455414,1.05,1.02656,0.840878,0.599337,0.840878,0.670153,0.658138,0.579019,420,132,0.081529,-1,1,1
h3,2362,33,1,209,4.35429,1,3854,8082,-0.148292,-0.17313,0.150284,0.14286,0.434922,1.05,1.06888,0.687243,0.532236,0.69273,0.604517,0.541661,0.460729,420,132,0.0791549,-1,1,1
h3,2363,33,1,351,2.50016,1,7516,7306,0.137561,0.0491657,0.124534,0.0898724,0.0427434,1.05,0.985592,0.430727,0.430613,0.455418,0.233711,0.663655,0.624246,420,132,0.095093,-1,1,1
h3,2364,33,1,250,2.57449,0,2302,10020,-0.169047,0.140715,0.204234,-0.138378,0.466117,1.05,1.06844,0.703704,0.494742,0.703704,0.641554,0.46818,0.41492,420,132,0.104268,1,1,1
h3,2365,33,1,279,0.434502,0,3422,8413,-0.153614,-0.0240116,0.164024,0.228729,0.405942,1.05,1.01281,0.580247,0.435985,0.580247,0.587736,0.388376,0.308666,420,132,0.103884,1,1,1
h3,2366,33,1,131,3.37105,1,7877,583,0.149018,0.0928917,-0.209013,0.0712032,0.35871,1.05,1.04146,0.537723,0.412551,0.544582,0.492235,0.448602,0.379017,420,132,0.0868001,-1,1,1
h3,2367,33,1,160,5.77984,0,2337,6596,-0.175541,-0.208475,0.10162,-0.320396,0.299048,1.05,1.10291,0.573388,0.443644,0.573388,0.480394,0.721353,0.651564,420,132,0.0753002,-1,1,1
h3,2368,33,1,70,0.807714,1,961,4894,-0.20969,0.166059,-0.0809841,0.247871,0.153064,1.05,0.997825,0.552812,0.504001,0.552812,0.302594,0.765482,0.690181,420,131,0.0801675,1,1,1
h3,2369,33,1,116,2.58184,0,4458,5226,-0.115797,-0.278111,-0.0500355,0.208012,0.490729,1.05,1.00062,0.522634,0.43107,0.528121,0.679988,0.48277,0.407484,420,131,0.0827116,-1,1,1
h3,2370,33,1,217,3.4872,1,3432,7732,-0.147217,-0.0171223,0.150727,0.0597477,0.308125,1.05,0.996955,0.465021,0.370256,0.467764,0.420727,0.422117,0.356794,420,131,0.100928,1,1,1
h3,2371,33,1,107,2.36395,0,5514,4149,-0.0179043,-0.350706,-0.126618,0.184683,0.546315,1.05,1.06523,0.486968,0.357453,0.486968,0.687196,0.364658,0.285352,420,131,0.0852918,-1,1,1
h3,2372,33,1,0,4.8442,1,8010,5930,0.152772,0.107101,0.0370779,-0.34886,0.47041,1.05,1.01454,0.375857,0.338592,0.379973,0.636459,0.337973,0.255929,420,131,0.0996861,1,1,1
h3,2373,33,1,6,5.84326,0,1637,6545,-0.190276,0.136393,0.095355,-0.294846,0.517418,1.05,1.10645,0.736626,0.528692,0.736626,0.722462,0.601393,0.519064,420,131,0.10351,1,1,1
h3,2374,33,1,343,2.51457,0,7016,8003,0.120867,-0.0550613,0.171052,-0.271969,0.222644,1.05,1.11271,0.596708,0.502172,0.596708,0.358083,0.691269,0.617856,420,131,0.100651,1,1,1
h3,2375,33,1,221,4.23917,1,3538,4831,-0.154474,0.0427647,-0.0861721,-0.0941334,0.154359,1.05,1.15715,0.474623,0.456104,0.493827,0.440829,0.63847,0.576361,420,131,0.110105,1,1,1
h3,2376,33,1,274,1.04468,0,9173,204,0.184944,-0.0504227,-0.243131,0.0765533,0.446667,1.05,1.17427,0.706447,0.532579,0.706447,0.604879,0.537864,0.466461,420,131,0.0954766,-1,1,1
h3,2377,33,1,327,2.94911,1,9518,10517,0.186314,-0.137562,0.229244,0.168831,0.309513,1.05,1.04001,0.75583,0.580018,0.772291,0.52813,0.60581,0.532328,420,131,0.104629,1,1,1
h3,2378,33,1,334,2.33619,1,5422,6270,-0.0271645,-0.063118,0.0668125,-0.200792,0.166691,1.05,1.01359,0.587106,0.504115,0.603567,0.39887,0.596307,0.528887,420,131,0.0778526,1,1,1
h3,2379,33,1,49,3.16282,0,7102,2094,0.123331,0.0460663,-0.179861,0.0469627,0.303217,1.05,0.987986,0.585734,0.457705,0.604938,0.442313,0.501125,0.443694,420,131,0.089006,-1,1,1
h3,2380,33,1,146,2.00552,1,4274,2339,-0.129034,-0.234116,-0.171261,-0.108078,0.132951,1.05,1.25778,0.644719,0.583905,0.662551,0.321987,0.870417,0.80206,420,131,0.0714332,1,1,1
h3,2381,33,1,351,3.45551,1,7516,9349,0.137561,0.0491657,0.219567,0.143763,0.125338,1.05,1.22023,0.60631,0.53978,0.657064,0.356888,0.686504,0.627335,420,131,0.0753826,1,1,1
h3,2382,33,1,166,2.52283,0,8696,9072,0.18805,0.135441,0.17076,0.217133,0.0842895,1.05,0.997506,0.532236,0.512574,0.587106,0.245872,0.738336,0.709017,420,131,0.0909426,-1,1,1
h3,2383,33,1,157,1.20893,1,3355,10849,-0.15814,0.0335846,0.281009,0.0519924,0.439736,1.05,1.07279,0.740741,0.541152,0.740741,0.605278,0.57864,0.523553,420,131,0.0905676,1,1,1
h3,2384,33,1,323,4.1116,1,9776,3551,0.192008,-0.12038,-0.145588,0.230719,0.487138,1.05,1.03749,0.813443,0.576246,0.814815,0.659992,0.518984,0.43256,420,131,0.0777171,-1,1,1
h3,2385,33,1,55,2.32706,1,10391,6516,0.232349,0.168518,0.0855894,0.061264,0.18182,1.05,1.40097,0.484225,0.462048,0.499314,0.37588,0.674152,0.60407,420,131,0.0829951,1,1,1
h3,2386,33,1,118,1.60203,1,7523,1038,0.134081,0.0461788,-0.207046,-0.272898,0.467692,1.05,1.0625,0.651578,0.493256,0.651578,0.622085,0.556367,0.500497,420,131,0.08475,-1,1,1
h3,2387,33,1,8,6.09775,0,9999,4755,0.199837,0.210627,-0.0982027,-0.362183,0.645707,1.05,0.974974,0.812071,0.566072,0.812071,0.850383,0.595972,0.523418,420,131,0.0789471,-1,1,1
h3,2388,33,1,268,5.35928,0,5413,3711,-0.0282841,-0.2064,-0.15044,-0.190363,0.123204,1.05,1.07273,0.493827,0.485025,0.507545,0.321254,0.768456,0.694128,420,131,0.0780186,1,1,1
h3,2389,33,1,37,3.44813,1,1927,5731,-0.175637,-0.0659637,0.003088,-0.34901,0.334751,1.05,0.990301,0.59808,0.496228,0.59808,0.45941,0.638898,0.575053,420,131,0.0932245,1,1,1
h3,2390,33,1,208,2.50917,1,1862,7876,-0.18081,0.00812912,0.152801,-0.153093,0.370626,1.05,1.04887,0.555556,0.456676,0.563786,0.514287,0.492369,0.421902,420,131,0.0949044,-1,1,1
h3,2391,33,1,32,1.5722,0,7744,5696,0.145741,-0.00799942,0.0045023,-0.115284,0.177365,1.05,0.951332,0.572016,0.488569,0.57476,0.429039,0.667345,0.604301,420,131,0.0870373,1,1,1
h3,2392,33,1,175,5.83897,0,5584,835,-0.00572777,0.109005,-0.217407,-0.297907,0.458719,1.05,0.998756,0.61454,0.440215,0.61454,0.598895,0.487998,0.432386,420,131,0.083663,1,1,1
h3,2393,33,1,270,3.90869,0,7665,1184,0.148676,-0.0868168,-0.190631,0.105629,0.390083,1.05,1.09448,0.599451,0.447645,0.603567,0.537287,0.482312,0.419007,420,131,0.0852033,-1,1,1
h3,2394,33,1,50,3.14457,1,1982,3671,-0.183426,-0.0598698,-0.154499,-0.289747,0.231741,1.05,1.19947,0.849108,0.626429,0.849108,0.516517,0.786199,0.709528,420,131,0.102591,-1,1,1
h3,2395,33,1,219,5.82965,0,6988,8401,0.119556,-0.0891762,0.169774,-0.0155754,0.0891004,1.05,1.43254,0.622771,0.537723,0.640604,0.325171,0.752761,0.686845,420,131,0.0731707,1,1,1
h3,2396,33,1,224,5.50546,0,5733,4524,0.00316334,-0.348492,-0.106054,0.250675,0.609115,1.05,1.04594,0.547325,0.385802,0.547325,0.754164,0.337327,0.270824,420,131,0.0885239,-1,1,1
h3,2397,33,1,108,3.66862,1,7225,6885,0.122186,0.108313,0.11433,-0.0170193,0.125607,1.05,0.973797,0.504801,0.469822,0.526749,0.403903,0.649736,0.575257,420,131,0.0832027,1,1,1
h3,2398,33,1,247,2.24241,0,7124,10381,0.134085,-0.23654,0.194778,0.15274,0.393984,1.05,1.04457,0.705075,0.525034,0.705075,0.626192,0.542404,0.456556,420,131,0.095137,1,1,1
h3,2399,33,1,343,1.23232,0,7016,10778,0.120867,-0.0550613,0.234041,0.191212,0.271051,1.05,1.13352,0.545953,0.44856,0.55144,0.459357,0.537305,0.476653,420,131,0.106789,1,1,1
h3,2400,33,1,146,4.53563,0,4274,4128,-0.129034,-0.234116,-0.129887,-0.155823,0.0784704,1.05,1.17512,0.492455,0.539781,0.611797,0.263389,0.85284,0.809778,420,131,0.0745585,-1,1,1
h3,2401,33,1,52,4.6293,0,9232,1189,0.178368,0.0172749,-0.203807,0.167545,0.410666,1.05,1.17308,0.801097,0.566187,0.801097,0.56694,0.579345,0.509881,420,131,0.0846225,1,1,1
h3,2402,33,1,90,0.665746,1,6647,2427,0.0965776,0.20997,-0.18208,-0.295277,0.576996,1.05,1.05315,0.699588,0.489255,0.699588,0.717232,0.447527,0.362831,420,131,0.0814402,1,1,1
h3,2403,33,1,90,4.20065,1,6647,2260,0.0965776,0.20997,-0.16518,0.0984802,0.284512,1.05,0.899685,0.447188,0.371742,0.44856,0.423954,0.395606,0.311994,420,131,0.0904896,-1,1,1
h3,2404,33,1,150,0.062672,0,7371,4960,0.134701,0.0694561,-0.0736237,0.192631,0.242019,1.05,1.01655,0.528121,0.423411,0.528121,0.388106,0.46373,0.391407,420,131,0.0820454,1,1,1
h3,2405,33,1,193,3.4711,1,8574,10439,0.169032,0.197908,0.212716,0.0213013,0.182182,1.05,1.29822,0.676269,0.566415,0.69273,0.342387,0.689963,0.6367,420,131,0.103595,1,1,1
h3,2406,33,1,333,3.10157,1,5034,5968,-0.0675898,-0.0653362,0.0362577,0.0516605,0.156684,1.05,1.10109,0.515775,0.461134,0.525377,0.379297,0.543651,0.470714,420,131,0.0871583,-1,1,1
h3,2407,33,1,190,0.280434,0,5189,5739,-0.0535688,0.132942,0.0102758,0.144676,0.064914,1.05,1.00136,0.364883,0.361454,0.381344,0.216646,0.57986,0.548696,420,131,0.0717592,-1,1,1
h3,2408,33,1,259,6.00935,0,2752,6509,-0.164621,-0.0724106,0.0857477,0.170019,0.348507,1.05,1.17007,0.651578,0.521262,0.683128,0.485522,0.5294,0.464476,420,131,0.0814527,-1,1,1
h3,2409,33,1,264,5.60067,1,9884,537,0.194904,-0.137753,-0.201966,0.0220299,0.427932,1.05,0.984015,0.609053,0.469707,0.609053,0.596443,0.543984,0.4781,420,131,0.0786981,1,1,1
h3,2410,33,1,55,1.51507,0,10391,7933,0.232349,0.168518,0.158498,-0.345779,0.519574,1.05,1.10465,0.436214,0.347394,0.440329,0.771328,0.368507,0.300546,420,131,0.0954472,1,1,1
h3,2411,33,1,108,4.19153,0,7225,7672,0.122186,0.108313,0.145519,-0.062851,0.173501,1.05,1.29907,0.58299,0.512003,0.58299,0.352807,0.654302,0.58489,420,131,0.091545,1,1,1
h3,2412,33,1,245,4.59168,1,9764,807,0.21835,0.140244,-0.215372,-0.346924,0.652263,1.05,1.06385,0.703704,0.530407,0.703704,0.80494,0.577975,0.539753,420,131,0.0888055,1,1,1
h3,2413,33,1,95,1.8214,1,3656,9190,-0.144406,0.0710831,0.186862,0.103249,0.332986,1.05,0.985988,0.677641,0.507659,0.685871,0.485852,0.487397,0.423051,420,131,0.0914057,1,1,1
h3,2414,33,1,167,4.41521,1,8147,1729,0.163493,0.0996017,-0.192323,0.127993,0.356955,1.05,1.06146,0.747599,0.542638,0.747599,0.515355,0.591006,0.525828,420,131,0.0871057,1,1,1
h3,2415,33,1,245,3.504,0,9764,925,0.21835,0.140244,-0.219513,0.107252,0.439871,1.05,1.08297,0.939643,0.652263,0.939643,0.626801,0.575392,0.503909,420,131,0.104917,-1,1,1
h3,2416,33,1,84,4.49098,0,6511,7440,0.0874529,0.250929,0.135323,0.00498199,0.250563,1.05,1.25245,0.430727,0.373571,0.436214,0.421758,0.572882,0.510974,420,131,0.117061,-1,1,1
h3,2417,33,1,258,0.350813,1,8871,2153,0.168713,-0.0770855,-0.172064,0.152946,0.411373,1.05,1.06594,0.677641,0.511889,0.677641,0.547848,0.466693,0.392077,420,131,0.0867967,-1,1,1
h3,2418,33,1,353,1.21006,0,8151,71,0.151236,0.0531769,-0.250936,0.0349579,0.402598,1.05,1.03617,0.659808,0.502286,0.659808,0.544239,0.581111,0.524058,420,131,0.0810071,-1,1,1
h3,2419,33,1,347,0.911474,1,505,8963,-0.220177,0.104008,0.184968,0.120911,0.405531,1.05,1.18355,0.79561,0.583905,0.79561,0.561612,0.52777,0.456204,420,131,0.0987681,1,1,1
h3,2420,33,1,244,1.35044,1,4636,5358,-0.119851,-0.342896,-0.034893,-0.0369034,0.317568,1.05,1.1728,0.493827,0.441815,0.496571,0.436197,0.682775,0.617152,420,131,0.0889948,1,1,1
h3,2421,33,1,282,5.23675,0,5785,10073,0.00997925,-0.334198,0.204889,-0.167381,0.256578,1.05,1.05626,0.685871,0.5639,0.685871,0.469584,0.704942,0.639015,420,131,0.0789484,-1,1,1
h3,2422,33,1,260,5.38675,0,2043,2199,-0.183751,0.0857372,-0.175096,0.103043,0.020455,1.05,1.00255,0.513032,0.483196,0.521262,0.291451,0.740589,0.711896,420,131,0.100858,-1,1,1
h3,2423,33,1,110,5.30529,1,3810,2684,-0.131285,0.036211,-0.168115,-0.16346,0.203729,1.05,0.824307,0.706447,0.547211,0.711934,0.456285,0.69266,0.624177,420,131,0.108638,-1,1,1
h3,2424,33,1,223,1.9813,1,3557,8571,-0.135983,0.0708008,0.194554,0.146229,0.339198,1.05,1.00371,0.589849,0.432442,0.589849,0.485809,0.473002,0.392288,420,131,0.0925192,-1,1,1
h3,2425,33,1,343,0.0291742,1,7016,3901,0.120867,-0.0550613,-0.12913,0.0730381,0.281222,1.05,0.971818,0.525377,0.403635,0.526749,0.456814,0.422931,0.348708,420,131,0.079186,-1,1,1
h3,2426,33,1,53,2.79114,1,346,600,-0.202495,-0.0312653,-0.226558,0.0610676,0.0975111,1.05,1.5131,0.689986,0.613512,0.706447,0.324503,0.86401,0.820176,420,131,0.0805782,1,1,1
h3,2427,33,1,227,1.62664,0,6895,7664,0.117447,0.229137,0.149332,-0.063633,0.294613,1.05,1.24011,0.705075,0.534522,0.705075,0.445251,0.577883,0.519682,420,131,0.105515,-1,1,1
h3,2428,33,1,89,1.08258,0,361,8337,-0.214991,-0.0214424,0.185821,0.15341,0.437291,1.05,1.13585,0.79561,0.574188,0.79561,0.574528,0.495193,0.414285,420,131,0.0928188,1,1,1
h3,2429,33,1,349,3.60197,0,3277,3063,-0.153885,-0.0536518,-0.138862,0.0671387,0.121721,1.05,1.29565,0.641975,0.543096,0.641975,0.334515,0.723484,0.647858,420,131,0.0847319,-1,1,1
h3,2430,33,1,178,4.73282,1,8607,3023,0.16803,-0.150829,-0.144582,-0.0182037,0.339585,1.05,1.07291,0.570645,0.463877,0.570645,0.467461,0.525433,0.457622,420,131,0.0763786,1,1,1
h3,2431,33,1,217,5.01931,0,3432,3842,-0.147217,-0.0171223,-0.145904,0.0524998,0.069803,1.05,0.954558,0.602195,0.530864,0.602195,0.322468,0.718234,0.678157,420,131,0.0940551,-1,1,1
h3,2432,33,1,193,3.66564,1,8574,3466,0.169032,0.197908,-0.1404,-0.00496101,0.370149,1.05,1.01697,0.696845,0.515432,0.696845,0.504216,0.542351,0.487453,420,129,0.0773224,-1,1,1
h3,2433,33,1,175,5.15722,0,5584,3069,-0.00572777,0.109005,-0.144746,-0.0782356,0.233387,1.05,0.999497,0.308642,0.284294,0.308642,0.373784,0.38417,0.308105,420,129,0.0975234,-1,1,1
h3,2434,33,1,40,5.23713,1,3056,4278,-0.148311,0.0392227,-0.137745,-0.341358,0.380728,1.05,1.0119,0.607682,0.454733,0.607682,0.626089,0.525178,0.441162,420,129,0.104323,1,1,1
h3,2435,33,1,45,5.94043,0,10394,10351,0.232562,0.167913,0.190604,0.161186,0.0441344,1.05,1.03538,0.473251,0.515546,0.550069,0.265693,0.817477,0.773874,420,129,0.0857428,-1,1,1
h3,2436,33,1,63,3.24698,0,5177,6018,-0.0551548,0.00205994,0.0376339,-0.348925,0.363175,1.05,1.15678,0.665295,0.509488,0.673525,0.5333,0.602019,0.531721,420,129,0.0938051,-1,1,1
h3,2437,33,1,281,1.34585,1,5959,2267,0.0327625,-0.189171,-0.16778,0.118191,0.367001,1.05,1.01066,0.482853,0.369227,0.482853,0.614945,0.355568,0.282156,420,129,0.0834242,1,1,1
h3,2438,33,1,260,5.63859,0,2043,7532,-0.183751,0.0857372,0.142269,-0.0395222,0.349727,1.05,1.10829,0.57476,0.440444,0.577503,0.507183,0.456368,0.389145,420,129,0.0892785,1,1,1
h3,2439,33,1,215,3.48183,0,507,8033,-0.208806,0.0251598,0.153555,0.070076,0.365151,1.05,1.16374,0.626886,0.490969,0.626886,0.498619,0.453159,0.390664,420,129,0.103195,-1,1,1
h3,2440,33,1,310,3.39275,0,5736,6336,0.0105352,0.153805,0.0725431,0.218958,0.0903635,1.05,1.00101,0.460905,0.404092,0.463649,0.264208,0.599361,0.557996,420,129,0.0713487,1,1,1
h3,2441,33,1,147,4.31662,1,7893,5968,0.151926,0.0649776,0.0362577,0.0516605,0.116556,1.05,1.01787,0.41701,0.420439,0.440329,0.306437,0.619752,0.557061,420,129,0.0821072,-1,1,1
h3,2442,33,1,25,5.68888,0,2870,9371,-0.167792,-0.278759,0.176972,-0.0687599,0.403689,1.05,1.13176,0.851852,0.623114,0.851852,0.566145,0.671334,0.592795,420,129,0.0737428,1,1,1
h3,2443,33,1,83,3.94209,0,10890,4722,0.253678,0.148167,-0.105627,-0.245207,0.53285,1.05,1.13203,0.390947,0.293553,0.390947,0.728026,0.249514,0.181068,420,129,0.0928897,-1,1,1
h3,2444,33,1,216,0.407194,1,4376,60,-0.114228,0.055378,-0.234849,0.0246048,0.12587,1.05,1.26261,0.595336,0.52332,0.640604,0.287554,0.686836,0.640519,420,129,0.0844655,1,1,1
h3,2445,33,1,125,2.99412,1,454,5441,-0.216549,0.103605,-0.022913,0.195179,0.214287,1.05,1.12936,0.466392,0.415066,0.466392,0.401845,0.645024,0.579808,420,129,0.104417,-1,1,1
h3,2446,33,1,51,6.01958,0,7553,10572,0.139863,0.0657787,0.234506,0.051651,0.0956956,1.05,1.29838,0.540466,0.503086,0.570645,0.264426,0.693844,0.638335,420,129,0.0851882,-1,1,1
h3,2447,33,1,335,5.95178,1,464,3322,-0.226211,0.014286,-0.161538,-0.340307,0.360595,1.05,1.13006,0.508916,0.449817,0.508916,0.567422,0.591419,0.530242,420,129,0.109895,-1,1,1
h3,2448,33,1,343,1.83474,0,7016,3570,0.120867,-0.0550613,-0.153473,0.0365982,0.289593,1.05,0.946116,0.48834,0.409694,0.48834,0.398283,0.475439,0.412358,420,129,0.0926186,-1,1,1
h3,2449,33,1,55,3.41343,1,10391,9000,0.232349,0.168518,0.174079,0.0771446,0.109026,1.05,1.27536,0.652949,0.576818,0.680384,0.281912,0.84218,0.773237,420,129,0.0731158,1,1,1
h3,2450,33,1,311,2.93284,1,8277,1279,0.180251,0.12841,-0.198482,-0.344566,0.605976,1.05,1.09289,0.699588,0.503086,0.699588,0.740699,0.56185,0.517635,420,129,0.084093,-1,1,1
h3,2451,33,1,101,6.15474,0,7045,7047,0.118739,0.047718,0.124363,-0.110674,0.158851,1.05,1.01652,0.569273,0.493599,0.584362,0.36891,0.668522,0.6,420,129,0.0950406,-1,1,1
h3,2452,33,1,104,2.47008,1,2603,9241,-0.163857,-0.0592422,0.197673,0.191174,0.439801,1.05,1.11143,0.744856,0.540809,0.746228,0.59632,0.502018,0.422092,420,129,0.0839358,1,1,1
h3,2453,33,1,237,6.05657,0,9929,5191,0.239137,0.124201,-0.0534401,0.143118,0.293759,1.05,1.16477,0.422497,0.38283,0.422497,0.496637,0.519835,0.449888,420,129,0.101969,1,1,1
h3,2454,33,1,259,0.135504,1,2752,9882,-0.164621,-0.0724106,0.243803,0.0845947,0.437888,1.05,1.07087,0.654321,0.494399,0.654321,0.613797,0.518373,0.457562,420,129,0.106038,1,1,1
h3,2455,33,1,44,0.674157,0,5645,1550,-0.00159264,-0.144009,-0.187425,-0.108141,0.189486,1.05,1.14051,0.563786,0.48171,0.563786,0.379233,0.668764,0.609339,420,129,0.0758169,-1,1,1
h3,2456,33,1,217,4.60228,1,3432,712,-0.147217,-0.0171223,-0.219994,-0.326269,0.317739,1.05,0.948162,0.861454,0.628601,0.861454,0.559388,0.731565,0.645646,420,129,0.11161,1,1,1
h3,2457,33,1,282,1.25869,1,5785,8593,0.00997925,-0.334198,0.181756,0.179819,0.541989,1.05,1.03391,0.525377,0.376543,0.525377,0.709877,0.314474,0.234128,420,129,0.0941399,1,1,1
h3,2458,33,1,211,3.49523,1,7339,153,0.134583,0.0643883,-0.23764,-0.00479698,0.378614,1.05,1.0231,0.684499,0.519204,0.685871,0.570369,0.579067,0.533355,420,129,0.0774273,1,1,1
h3,2459,33,1,283,5.90116,0,8530,3022,0.1571,0.124062,-0.156796,0.0947456,0.315339,1.05,0.977656,0.514403,0.411294,0.515775,0.440871,0.480902,0.41221,420,129,0.100042,-1,1,1
h3,2460,33,1,185,0.990482,1,4601,1310,-0.10037,0.141411,-0.186848,0.181753,0.0958219,1.05,0.89505,0.496571,0.460105,0.510288,0.325111,0.683135,0.635861,420,129,0.081811,1,1,1
h3,2461,33,1,167,3.55511,1,8147,8582,0.163493,0.0996017,0.162779,0.109108,0.0151705,1.05,0.922189,0.473251,0.453018,0.51989,0.254597,0.682131,0.654925,420,129,0.10809,1,1,1
h3,2462,33,1,172,2.00356,0,9878,2902,0.195211,-0.144428,-0.159356,0.0999031,0.430724,1.05,1.05846,0.681756,0.507888,0.681756,0.597806,0.521476,0.454879,420,129,0.0831955,-1,1,1
h3,2463,33,1,65,1.79555,1,8697,8432,0.212385,0.0523567,0.175814,0.146959,0.101492,1.05,1.0357,0.684499,0.609282,0.69273,0.289825,0.80966,0.753919,420,129,0.0788292,1,1,1
h3,2464,33,1,122,0.128198,1,4608,9406,-0.100076,0.0399323,0.225365,0.0695686,0.327221,1.05,0.902511,0.581619,0.453246,0.581619,0.468477,0.560763,0.493945,420,129,0.103225,-1,1,1
h3,2465,33,1,336,1.40151,1,2980,6766,-0.138364,0.0193405,0.109871,-0.263363,0.376234,1.05,1.01587,0.698217,0.524577,0.698217,0.598379,0.613554,0.537633,420,129,0.0929734,-1,1,1
h3,2466,33,1,98,0.0456128,1,5863,10296,0.0213842,-0.163582,0.26474,0.00494003,0.296133,1.05,1.07957,0.666667,0.554641,0.681756,0.52735,0.702621,0.645911,420,129,0.0727575,1,1,1
h3,2467,33,1,340,4.66081,0,3313,8205,-0.153529,0.0467224,0.178167,0.124218,0.340634,1.05,1.073,0.58299,0.428555,0.58299,0.533274,0.447453,0.372037,420,129,0.0950179,1,1,1
h3,2468,33,1,319,3.62034,1,6265,582,0.0645962,0.127625,-0.219702,0.164883,0.286905,1.05,1.09216,0.559671,0.412894,0.559671,0.409103,0.503899,0.421311,420,129,0.0876482,1,1,1
h3,2469,33,1,90,1.35253,0,6647,2310,0.0965776,0.20997,-0.173191,0.0226059,0.329483,1.05,1.01926,0.684499,0.521491,0.684499,0.456044,0.571791,0.50073,420,129,0.0751437,1,1,1
h3,2470,33,1,168,3.06459,1,4388,5963,-0.122502,-0.251415,0.0362749,0.000221252,0.297925,1.05,1.01838,0.572016,0.461706,0.572016,0.49018,0.583947,0.509358,420,129,0.0919654,-1,1,1
h3,2471,33,1,170,2.48111,0,8849,10624,0.165958,0.133404,0.236548,0.145372,0.0727762,1.05,0.980411,0.577503,0.5016,0.593964,0.331412,0.718073,0.687252,420,129,0.0930909,1,1,1
h3,2472,33,1,82,1.30603,0,9822,1287,0.20051,-0.0951767,-0.18851,0.0182972,0.405243,1.05,0.96268,0.591221,0.49417,0.626886,0.513285,0.598731,0.557007,420,129,0.0783994,1,1,1
h3,2473,33,1,47,5.02343,0,9313,8142,0.186381,0.0964737,0.163936,0.005373,0.0945663,1.05,1.20801,0.585734,0.498857,0.609053,0.378512,0.739047,0.689734,420,129,0.0830549,1,1,1
h3,2474,33,1,110,6.00154,1,3810,9260,-0.131285,0.036211,0.216994,-0.00231361,0.350522,1.05,1.01177,0.620027,0.481824,0.620027,0.480453,0.564182,0.504513,420,129,0.0852062,-1,1,1
h3,2475,33,1,172,3.86358,0,9878,3264,0.195211,-0.144428,-0.13859,0.0553246,0.389087,1.05,1.1742,0.644719,0.486168,0.644719,0.528913,0.523382,0.45914,420,129,0.0792788,1,1,1
h3,2476,33,1,315,4.15451,1,1053,2468,-0.190305,0.1908,-0.16692,0.0987167,0.0969577,1.05,1.21664,0.576132,0.517147,0.578875,0.280901,0.791419,0.739098,420,129,0.0745433,1,1,1
h3,2477,33,1,140,0.521556,0,3904,9057,-0.141647,-0.0162334,0.172853,-0.0860081,0.322778,1.05,0.99604,0.515775,0.409465,0.529492,0.480103,0.43966,0.382403,420,129,0.109947,1,1,1
h3,2478,33,1,28,5.40124,0,10375,8921,0.236131,0.100567,0.174758,0.0880222,0.062669,1.05,0.946953,0.477366,0.515775,0.570645,0.273482,0.827405,0.788897,420,129,0.0835635,-1,1,1
h3,2479,33,1,204,1.79437,0,1163,5693,-0.192019,0.130819,0.00546551,0.0947475,0.200752,1.05,1.10293,0.40192,0.406607,0.454047,0.376495,0.550214,0.485475,420,129,0.110997,-1,1,1
h3,2480,33,1,95,5.23079,0,3656,6051,-0.144406,0.0710831,0.0476332,-0.229046,0.357173,1.05,1.03596,0.758573,0.550069,0.758573,0.600801,0.656962,0.568687,420,129,0.0874971,-1,1,1
h3,2481,33,1,44,2.3442,0,5645,5437,-0.00159264,-0.144009,-0.0244007,0.0384502,0.18411,1.05,1.04476,0.508916,0.428669,0.513032,0.379393,0.561551,0.487672,420,129,0.105313,1,1,1
h3,2482,33,1,90,6.01027,1,6647,5582,0.0965776,0.20997,-0.00637531,-0.0288429,0.260097,1.05,1.04253,0.411523,0.370027,0.42524,0.452732,0.512091,0.448353,420,129,0.0945752,-1,1,1
h3,2483,33,1,230,3.8484,0,3837,7573,-0.143252,-0.0414886,0.142415,-0.0604057,0.286597,1.05,0.991869,0.489712,0.397005,0.500686,0.472683,0.442663,0.365747,420,129,0.0896359,1,1,1
h3,2484,33,1,51,2.26123,0,7553,4179,0.139863,0.0657787,-0.131425,-0.0420074,0.292401,1.05,0.940104,0.524005,0.41358,0.524005,0.466936,0.437425,0.354441,420,129,0.0921267,-1,1,1
h3,2485,33,1,288,0.145113,1,7857,2411,0.149915,0.102762,-0.168747,0.151585,0.32241,1.05,1.06654,0.72428,0.530064,0.72428,0.494071,0.517196,0.437312,420,129,0.0843986,-1,1,1
h3,2486,33,1,223,4.0401,1,3557,8521,-0.135983,0.0708008,0.184398,-0.272697,0.469867,1.05,1.02362,0.648834,0.464106,0.648834,0.656276,0.576875,0.509002,420,129,0.0877243,1,1,1
h3,2487,33,1,45,4.77538,1,10394,2554,0.232562,0.167913,-0.156725,0.178989,0.389625,1.05,1.00277,0.676269,0.510745,0.676269,0.50426,0.558422,0.478217,420,129,0.0907004,1,1,1
h3,2488,33,1,331,0.58376,0,6022,947,0.0377855,-0.348446,-0.205004,-0.297823,0.248017,1.05,1.06238,0.762689,0.608711,0.762689,0.392981,0.784278,0.733774,420,129,0.0755485,-1,1,1
h3,2489,33,1,199,2.64832,0,6355,1383,0.0775681,-0.248583,-0.185277,0.224468,0.541202,1.05,1.04725,0.607682,0.425926,0.607682,0.694304,0.381806,0.311466,420,129,0.0768775,1,1,1
h3,2490,33,1,60,2.60049,1,3920,6543,-0.146854,-0.234568,0.0885668,-0.019928,0.318654,1.05,1.08937,0.529492,0.437357,0.544582,0.516401,0.510651,0.44425,420,129,0.078331,1,1,1
h3,2491,33,1,158,4.55317,1,4264,6651,-0.122021,0.0299015,0.10571,-0.31151,0.41125,1.05,0.992521,0.484225,0.366598,0.484225,0.604418,0.339119,0.266187,420,129,0.0914122,1,1,1
h3,2492,33,1,3,3.19096,0,6806,1275,0.102597,0.0450497,-0.186414,0.0669212,0.290551,1.05,0.995,0.56653,0.442158,0.576132,0.418819,0.527724,0.462361,420,129,0.0991669,-1,1,1
h3,2493,33,1,227,2.50192,0,6895,1418,0.117447,0.229137,-0.206399,0.141108,0.336203,1.05,1.015,0.462277,0.372199,0.466392,0.466187,0.430337,0.349724,420,129,0.0849655,1,1,1
h3,2494,33,1,184,5.0888,0,6043,546,0.0484953,-0.316484,-0.219153,0.146275,0.534703,1.05,1.05796,0.503429,0.376658,0.503429,0.676413,0.311309,0.254146,420,129,0.082908,1,1,1
h3,2495,33,1,26,4.14233,1,6899,9957,0.113692,-0.10355,0.234373,0.146997,0.278423,1.05,1.13703,0.705075,0.522634,0.711934,0.497711,0.537734,0.46196,420,129,0.104284,-1,1,1
h3,2496,33,1,1,4.47778,1,7699,7385,0.142639,-0.134228,0.131882,0.0550518,0.191484,1.05,1.0859,0.61454,0.521948,0.62963,0.370831,0.728645,0.657103,420,123,0.0793231,-1,1,1
h3,2497,33,1,255,3.41438,0,5114,5558,-0.0670481,-0.348042,-0.00822735,0.202564,0.553757,1.05,1.08371,0.415638,0.347622,0.415638,0.686848,0.422322,0.345124,420,123,0.0958419,-1,1,1
h3,2498,33,1,139,1.1887,0,2677,1102,-0.163339,0.103594,-0.201186,-0.306416,0.411887,1.05,1.08604,0.813443,0.60791,0.834019,0.578649,0.665588,0.584702,420,123,0.0952192,-1,1,1
h3,2499,33,1,168,4.76356,0,4388,3923,-0.122502,-0.251415,-0.12229,-0.00898361,0.242908,1.05,1.01115,0.587106,0.506059,0.587106,0.441085,0.71572,0.644946,420,123,0.0980419,1,1,1
h3,2500,33,1,88,1.1074,0,8379,6696,0.173752,-0.184019,0.102863,0.253857,0.443678,1.05,1.10389,1.00137,0.699131,1.00137,0.592637,0.61228,0.552839,420,123,0.0871822,-1,1,1
h3,2501,33,1,84,4.97721,1,6511,8421,0.0874529,0.250929,0.162572,0.235109,0.07725,1.05,0.858623,0.427984,0.425583,0.484225,0.231683,0.732755,0.692889,420,123,0.0708333,1,1,1
h3,2502,33,1,20,4.73264,0,9641,7341,0.190678,-0.166733,0.127085,0.0391922,0.215521,1.05,0.903794,0.633745,0.609739,0.635117,0.373145,0.788029,0.711987,420,123,0.0851419,1,1,1
h3,2503,33,1,110,2.05536,1,3810,5618,-0.131285,0.036211,-0.0065918,-0.334965,0.392036,1.05,0.989806,0.626886,0.478852,0.626886,0.601891,0.533429,0.445762,420,123,0.0910854,1,1,1
h3,2504,33,1,250,4.56421,1,2302,9450,-0.169047,0.140715,0.22265,0.14337,0.392025,1.05,1.06539,0.644719,0.486168,0.644719,0.541725,0.511521,0.447265,420,123,0.107719,1,1,1
h3,2505,33,1,351,5.96346,1,7516,441,0.137561,0.0491657,-0.232615,0.0773869,0.371695,1.05,1.03512,0.681756,0.506401,0.681756,0.490382,0.547777,0.479695,420,123,0.0933641,1,1,1
h3,2506,33,1,80,1.30154,1,7155,8294,0.118459,0.0805721,0.176859,0.13308,0.0826782,1.05,0.948459,0.58299,0.486283,0.58299,0.363647,0.665827,0.62397,420,123,0.0805538,-1,1,1
h3,2507,33,1,67,5.74227,1,4318,4577,-0.123474,-0.0361271,-0.117478,-0.360468,0.325553,1.05,0.94489,0.541838,0.438843,0.556927,0.458209,0.566682,0.519628,420,123,0.100657,1,1,1
h3,2508,33,1,56,2.10716,1,188,9327,-0.232367,0.0883503,0.183953,0.084053,0.416434,1.05,1.05025,0.817558,0.589849,0.81893,0.551461,0.573208,0.514235,420,123,0.0915368,-1,1,1
h3,2509,33,1,161,3.73181,0,2296,6930,-0.169459,0.173473,0.120088,-0.262983,0.523784,1.05,1.08042,0.643347,0.498628,0.643347,0.697899,0.537208,0.454065,420,123,0.0853277,1,1,1
h3,2510,33,1,168,5.2503,1,4388,1811,-0.122502,-0.251415,-0.186495,-0.270773,0.0672192,1.05,1.07445,0.493827,0.548011,0.628258,0.25535,0.870513,0.846389,420,123,0.0743114,-1,1,1
h3,2511,33,1,348,5.11875,1,4881,1498,-0.0816669,0.0519009,-0.181953,0.098835,0.111071,1.05,1.64652,0.513032,0.472337,0.58299,0.338942,0.666562,0.590844,420,123,0.0879198,1,1,1
h3,2512,33,1,248,6.20641,1,7771,9557,0.14819,0.0978336,0.218575,0.15226,0.0889962,1.05,0.858576,0.59808,0.51406,0.604938,0.294065,0.70525,0.658458,420,123,0.0785837,1,1,1
h3,2513,33,1,245,0.507744,1,9764,5812,0.21835,0.140244,0.0180454,-0.273237,0.459444,1.05,1.03529,0.485597,0.402492,0.48834,0.632039,0.390419,0.309223,420,123,0.111614,1,1,1
h3,2514,33,1,81,4.55769,0,10762,29,0.23664,0.1789,-0.241623,0.0271893,0.501748,1.05,1.02137,1.01783,0.703818,1.01783,0.624338,0.637804,0.587343,420,123,0.0878955,-1,1,1
h3,2515,33,1,315,4.92617,1,1053,8189,-0.190305,0.1908,0.160959,0.0781631,0.368949,1.05,1.00945,0.670782,0.516347,0.673525,0.519973,0.53286,0.470542,420,123,0.0939601,-1,1,1
h3,2516,33,1,89,3.27127,0,361,10144,-0.214991,-0.0214424,0.18936,0.104572,0.423567,1.05,1.11689,0.736626,0.541267,0.736626,0.58282,0.50992,0.446929,420,123,0.0978626,1,1,1
h3,2517,33,1,162,1.97509,0,5545,10643,-0.00960922,0.172209,0.23622,0.0707951,0.265978,1.05,1.05997,0.607682,0.472108,0.613169,0.399534,0.616427,0.549557,420,123,0.0808808,-1,1,1
h3,2518,33,1,340,1.56179,1,3313,8762,-0.153529,0.0467224,0.161086,-0.0217819,0.322045,1.05,1.14172,0.59808,0.444787,0.604938,0.482347,0.423936,0.350451,420,123,0.0909336,-1,1,1
h3,2519,33,1,140,0.386903,0,3904,5980,-0.141647,-0.0162334,0.0429049,-0.349016,0.381446,1.05,0.946965,0.518519,0.392318,0.518519,0.596647,0.463336,0.371951,420,123,0.0975077,1,1,1
h3,2520,33,1,182,4.46529,1,3774,1611,-0.131494,-0.00063324,-0.199197,0.132305,0.150986,1.05,1.41305,0.61454,0.540924,0.626886,0.353695,0.68665,0.618143,420,123,0.0856426,1,1,1
h3,2521,33,1,355,6.0526,1,1726,1670,-0.178057,0.123343,-0.177522,0.0548077,0.0686098,1.05,0.981998,0.506173,0.503772,0.548697,0.235847,0.732894,0.691275,420,123,0.0828736,-1,1,1
h3,2522,33,1,112,2.02083,0,8840,9240,0.170516,-0.217371,0.186144,-0.184317,0.0375421,1.05,0.985413,0.581619,0.535665,0.622771,0.265223,0.919994,0.895438,420,123,0.0741265,1,1,1
h3,2523,33,1,118,1.70578,0,7523,9690,0.134081,0.0461788,0.24404,0.0300751,0.111262,1.05,1.12864,0.615912,0.530407,0.654321,0.296454,0.725548,0.654874,420,123,0.0923267,-1,1,1
h3,2524,33,1,124,6.22792,1,9146,4427,0.180683,0.0968037,-0.111897,0.127754,0.294435,1.05,1.07432,0.400549,0.33139,0.415638,0.479103,0.39081,0.310899,420,123,0.0959311,-1,1,1
h3,2525,33,1,116,5.35706,1,4458,10519,-0.115797,-0.278111,0.198715,0.109396,0.499181,1.05,1.0078,0.761317,0.531207,0.761317,0.650188,0.640635,0.573899,420,123,0.08425,1,1,1
h3,2526,33,1,199,0.825064,0,6355,3839,0.0775681,-0.248583,-0.141382,0.0460339,0.367258,1.05,1.08053,0.663923,0.497485,0.663923,0.536505,0.64464,0.579273,420,123,0.0773311,1,1,1
h3,2527,33,1,232,2.53902,1,778,7476,-0.210168,0.0676079,0.151071,-0.343899,0.547872,1.05,1.04227,0.843621,0.589849,0.843621,0.741747,0.638437,0.566754,420,123,0.0939443,1,1,1
h3,2528,33,1,297,1.10414,0,7839,10167,0.148783,-0.0432281,0.192016,0.0641365,0.116423,1.05,1.03813,0.550069,0.484797,0.554184,0.316787,0.727855,0.652737,420,123,0.0865079,1,1,1
h3,2529,33,1,97,1.55438,0,1810,8626,-0.17927,-0.0922394,0.163855,0.163088,0.427699,1.05,1.09057,0.728395,0.529835,0.728395,0.607116,0.475321,0.392907,420,123,0.0861541,1,1,1
h3,2530,33,1,197,0.932028,1,6470,4902,0.0839882,0.22842,-0.0798664,0.00127602,0.280233,1.05,0.94988,0.57476,0.45176,0.578875,0.451396,0.547333,0.467598,420,123,0.082508,-1,1,1
h3,2531,33,1,235,5.99777,1,2606,8259,-0.156998,0.191967,0.161835,0.0775242,0.338818,1.05,1.02476,0.603567,0.454275,0.603567,0.491972,0.511846,0.450224,420,123,0.0858536,1,1,1
h3,2532,33,1,315,2.93277,1,1053,9717,-0.190305,0.1908,0.189026,-0.061554,0.455714,1.05,1.15543,0.742113,0.534751,0.742113,0.618579,0.532482,0.480676,420,123,0.0848534,-1,1,1
h3,2533,33,1,125,1.68988,0,454,1794,-0.216549,0.103605,-0.186071,0.0477104,0.0659404,1.05,1.01443,0.633745,0.525606,0.633745,0.278078,0.793722,0.763963,420,123,0.0759033,-1,1,1
h3,2534,33,1,239,1.10755,0,10673,4819,0.249535,0.139597,-0.10465,-0.329865,0.588104,1.05,1.03896,0.484225,0.353452,0.484225,0.717688,0.30095,0.229229,420,123,0.0937313,-1,1,1
h3,2535,33,1,231,4.80804,1,6617,6156,0.0953665,-0.347071,0.0589352,-0.298286,0.0640466,1.05,1.00762,0.478738,0.46182,0.484225,0.2114,0.883202,0.849358,420,123,0.0752958,-1,1,1
h3,2536,33,1,96,3.34586,0,5101,9440,-0.0663376,-0.271591,0.228965,0.0824032,0.461166,1.05,0.962055,0.709191,0.557042,0.709191,0.631923,0.674559,0.611657,420,123,0.0863552,1,1,1
h3,2537,33,1,145,3.98894,1,10432,7816,0.196686,0.146017,0.145896,0.0548553,0.105002,1.05,0.617605,0.555556,0.499428,0.581619,0.358356,0.743962,0.695511,420,123,0.0804821,-1,1,1
h3,2538,33,1,159,2.99452,1,10342,9261,0.201586,0.0346508,0.169261,-0.0128498,0.0582242,1.05,0.944627,0.646091,0.536694,0.646091,0.370823,0.799664,0.761593,420,123,0.0917351,-1,1,1
h3,2539,33,1,239,5.81093,0,10673,9598,0.249535,0.139597,0.220125,0.145897,0.0313458,1.05,1.07846,0.491084,0.498057,0.517147,0.20414,0.855229,0.818655,420,123,0.0848734,-1,1,1
h3,2540,33,1,48,1.18813,1,3274,7889,-0.155908,0.0976639,0.159683,-0.329533,0.53127,1.05,1.00074,0.685871,0.521033,0.691358,0.68855,0.597412,0.52713,420,123,0.087517,-1,1,1
h3,2541,33,1,198,0.288311,1,4867,8563,-0.0881186,-0.362789,0.193791,0.148325,0.583796,1.05,1.03878,0.85048,0.605738,0.85048,0.764548,0.640215,0.562274,420,123,0.0800598,-1,1,1
h3,2542,33,1,252,6.22392,1,3134,10298,-0.141421,-0.0164928,0.237834,0.0358276,0.382969,1.05,1.04267,0.635117,0.496571,0.635117,0.509471,0.557445,0.503063,420,123,0.0939136,-1,1,1
h3,2543,33,1,207,0.877485,0,5089,7655,-0.0623932,-0.0812473,0.145638,0.201878,0.351441,1.05,0.938384,0.581619,0.465364,0.581619,0.474641,0.480631,0.398255,420,123,0.0802942,1,1,1
h3,2544,33,1,112,5.7992,0,8840,4086,0.170516,-0.217371,-0.132983,0.000413895,0.374572,1.05,1.08808,0.665295,0.502515,0.665295,0.569353,0.591544,0.512281,420,123,0.0769106,-1,1,1
h3,2545,33,1,103,0.746746,0,7750,10636,0.152753,-0.326408,0.274192,0.0145836,0.362055,1.05,1.02423,0.683128,0.516347,0.683128,0.521596,0.556758,0.491157,420,123,0.0874724,1,1,1
h3,2546,33,1,136,2.84083,0,92,3110,-0.244274,0.0134163,-0.144885,0.0480766,0.105413,1.05,1.07182,0.615912,0.534294,0.615912,0.347704,0.841593,0.782564,420,123,0.0895526,1,1,1
h3,2547,33,1,87,4.03887,1,10428,5536,0.215432,0.0409565,-0.0108013,0.0994625,0.233676,1.05,1.28455,0.388203,0.405235,0.432099,0.408946,0.527286,0.469384,420,123,0.0928265,1,1,1
h3,2548,33,1,209,5.91331,1,3854,4174,-0.148292,-0.17313,-0.125704,0.105942,0.280098,1.05,1.07193,0.665295,0.552126,0.665295,0.513367,0.664136,0.587853,420,123,0.0980672,-1,1,1
h3,2549,33,1,290,5.71824,0,4930,5115,-0.0825062,-0.343903,-0.0621681,-0.0608883,0.283744,1.05,1.03077,0.42524,0.421011,0.449931,0.451578,0.68826,0.618743,420,123,0.109147,-1,1,1
h3,2550,33,1,94,2.74376,1,2745,4777,-0.162402,0.096384,-0.0880308,0.243731,0.165408,1.05,0.986476,0.59808,0.517604,0.632373,0.314121,0.707633,0.637184,420,123,0.0928392,1,1,1
h3,2551,33,1,147,0.87726,1,7893,8057,0.151926,0.0649776,0.160039,-0.138527,0.203738,1.05,1.12473,0.589849,0.496456,0.589849,0.344842,0.664439,0.598785,420,123,0.115138,-1,1,1
h3,2552,33,1,8,2.60957,1,9999,433,0.199837,0.210627,-0.20763,0.0378284,0.442593,1.05,0.952506,0.665295,0.4992,0.665295,0.587614,0.548097,0.460289,420,123,0.0906856,-1,1,1
h3,2553,33,1,119,2.5796,1,6372,7989,0.0742025,-0.000125885,0.170391,-0.289522,0.305108,1.05,1.15604,0.70096,0.542638,0.70096,0.483944,0.668495,0.587684,420,123,0.0969979,-1,1,1
h3,2554,33,1,265,4.3008,1,9994,7671,0.249982,0.00729179,0.143042,-0.0139656,0.109935,1.05,1.20006,0.567901,0.552698,0.60631,0.294815,0.87803,0.80862,420,123,0.0800738,1,1,1
h3,2555,33,1,185,0.418488,0,4601,7889,-0.10037,0.141411,0.159683,-0.329533,0.537987,1.05,0.949354,0.688615,0.500686,0.688615,0.681089,0.581226,0.483347,420,123,0.091063,-1,1,1
h3,2556,33,1,210,6.06013,1,8066,6935,0.171865,0.0952969,0.117351,-0.187515,0.28894,1.05,1.01422,0.447188,0.407979,0.459534,0.508781,0.527755,0.462626,420,123,0.101287,-1,1,1
h3,2557,33,1,343,0.120211,1,7016,5076,0.120867,-0.0550613,-0.0681601,-0.291946,0.303061,1.05,0.951787,0.709191,0.53155,0.709191,0.438726,0.695567,0.624663,420,123,0.0797852,1,1,1
h3,2558,33,1,32,3.35448,0,7744,525,0.145741,-0.00799942,-0.202952,0.0281506,0.350563,1.05,1.13391,0.641975,0.480796,0.641975,0.526493,0.541791,0.47621,420,123,0.0914746,1,1,1
h3,2559,33,1,334,5.31285,1,5422,1285,-0.0271645,-0.063118,-0.198506,0.0387344,0.201122,1.05,1.25593,0.540466,0.478395,0.54321,0.418236,0.635923,0.563172,420,123,0.0790891,1,1,1
h3,2560,33,1,282,2.49595,0,5785,3044,0.00997925,-0.334198,-0.141464,-0.0317554,0.338289,1.05,1.0314,0.544582,0.415981,0.544582,0.515274,0.476204,0.406259,420,145,0.0822837,-1,1,1
h3,2561,33,1,342,0.961001,1,126,6454,-0.220748,-0.00660706,0.0817423,-0.0892792,0.313707,1.05,1.08435,0.54321,0.452675,0.547325,0.503908,0.578952,0.515209,420,145,0.0876162,1,1,1
h3,2562,33,1,31,0.791981,1,6472,5254,0.0852785,-0.329298,-0.0510597,-0.155668,0.221213,1.05,1.04476,0.56653,0.481024,0.570645,0.386923,0.70086,0.626214,420,145,0.078588,-1,1,1
h3,2563,33,1,145,3.26752,0,10432,1118,0.196686,0.146017,-0.205507,0.0384579,0.417166,1.05,1.08739,0.609053,0.468107,0.609053,0.564015,0.51707,0.450391,420,145,0.109441,1,1,1
h3,2564,33,1,265,4.53526,0,9994,1128,0.249982,0.00729179,-0.213969,0.0965881,0.472934,1.05,0.973018,0.729767,0.524348,0.729767,0.614398,0.53969,0.478296,420,145,0.101424,1,1,1
h3,2565,33,1,176,3.24417,1,778,2437,-0.210168,0.0676079,-0.165283,-0.121399,0.19512,1.05,0.879695,0.56653,0.555213,0.62963,0.35381,0.72779,0.659231,420,145,0.113433,-1,1,1
h3,2566,33,1,272,5.36233,1,7898,9189,0.148517,0.059536,0.189953,-0.229038,0.291589,1.05,1.06127,0.722908,0.570188,0.722908,0.494178,0.666378,0.597063,420,145,0.0951452,1,1,1
h3,2567,33,1,86,5.09107,0,3744,2274,-0.1488,0.0601883,-0.159136,0.0622101,0.022297,1.05,0.945105,0.432099,0.461706,0.503429,0.257763,0.686834,0.657568,420,145,0.101784,1,1,1
h3,2568,33,1,123,2.55528,0,526,1152,-0.205878,0.083025,-0.2059,-0.192459,0.275495,1.05,1.00306,0.600823,0.503086,0.607682,0.461575,0.646955,0.577947,420,145,0.118439,1,1,1
h3,2569,33,1,148,3.42828,1,1845,2808,-0.183132,0.0116653,-0.145377,0.00877762,0.0379385,1.05,1.21117,0.521262,0.487426,0.524005,0.318161,0.755038,0.713129,420,145,0.0984703,1,1,1
h3,2570,33,1,136,5.70864,0,92,897,-0.244274,0.0134163,-0.21661,0.0410309,0.0419812,1.05,1.00701,0.61454,0.545268,0.61454,0.26356,0.909496,0.881145,420,145,0.0763245,1,1,1
h3,2571,33,1,335,2.96759,1,464,5031,-0.226211,0.014286,-0.0680056,0.172398,0.223885,1.05,1.19105,0.478738,0.45439,0.497942,0.415638,0.652162,0.579289,420,145,0.111234,1,1,1
h3,2572,33,1,347,2.6512,1,505,10832,-0.220177,0.104008,0.277534,0.0620232,0.499504,1.05,1.04753,0.91358,0.642204,0.91358,0.638433,0.603717,0.541322,420,145,0.0931815,1,1,1
h3,2573,33,1,186,0.602456,0,2504,10293,-0.170289,-0.155634,0.198927,0.0383167,0.417092,1.05,1.05155,0.591221,0.462734,0.591221,0.566458,0.530938,0.471005,420,145,0.0860955,-1,1,1
h3,2574,33,1,342,0.99859,1,126,7761,-0.220748,-0.00660706,0.143937,0.00325012,0.365223,1.05,1.0391,0.602195,0.431756,0.602195,0.580729,0.414364,0.334302,420,145,0.0900174,1,1,1
h3,2575,33,1,246,0.476349,1,3742,76,-0.139676,-0.106091,-0.229421,-0.00438309,0.135679,1.05,1.04805,0.530864,0.451189,0.541838,0.37813,0.530159,0.457754,420,145,0.102572,1,1,1
h3,2576,33,1,285,2.9236,0,3880,1816,-0.129134,0.0450554,-0.177285,0.119061,0.0891058,1.05,0.954659,0.651578,0.53738,0.651578,0.328018,0.709409,0.65063,420,145,0.0751372,-1,1,1
h3,2577,33,1,245,1.32659,1,9764,3188,0.21835,0.140244,-0.155283,-0.0751572,0.431424,1.05,1.125,0.618656,0.475309,0.620027,0.571378,0.50458,0.433749,420,145,0.0932658,-1,1,1
h3,2578,33,1,255,1.07968,1,5114,1761,-0.0670481,-0.348042,-0.186384,0.0636959,0.429358,1.05,1.15504,0.555556,0.425697,0.556927,0.574229,0.419847,0.351968,420,145,0.0845431,-1,1,1
h3,2579,33,1,128,5.26046,0,4565,4236,-0.10911,-0.0949249,-0.11391,-0.0186501,0.076696,1.05,0.899939,0.607682,0.514518,0.607682,0.363638,0.711397,0.672845,420,145,0.0788742,1,1,1
h3,2580,33,1,228,1.2354,1,2593,5344,-0.166303,0.0278931,-0.0366583,0.201542,0.216904,1.05,1.1395,0.683128,0.529035,0.685871,0.396049,0.633347,0.57055,420,145,0.104222,1,1,1
h3,2581,33,1,188,4.83945,1,2079,8942,-0.178904,-0.0141182,0.195189,-0.34738,0.501011,1.05,0.97378,0.814815,0.579561,0.814815,0.647716,0.648463,0.59641,420,145,0.0925723,1,1,1
h3,2582,33,1,12,3.77938,0,5868,1950,0.0214272,-0.215807,-0.175046,0.120667,0.389684,1.05,1.0557,0.43347,0.331161,0.43347,0.576585,0.301715,0.229914,420,145,0.0873905,-1,1,1
h3,2583,33,1,252,2.94963,0,3134,3288,-0.141421,-0.0164928,-0.161819,-0.327976,0.312262,1.05,1.06887,0.840878,0.621628,0.846365,0.547346,0.708302,0.632916,420,145,0.100291,1,1,1
h3,2584,33,1,202,6.17739,0,144,9988,-0.231728,0.0513172,0.199369,-0.139997,0.471723,1.05,0.965002,0.643347,0.468907,0.643347,0.642391,0.473712,0.426185,420,145,0.0895535,-1,1,1
h3,2585,33,1,348,3.58379,1,4881,10888,-0.0816669,0.0519009,0.284276,0.0556335,0.365963,1.05,1.02439,0.641975,0.47931,0.641975,0.537104,0.554278,0.499328,420,145,0.093207,1,1,1
h3,2586,33,1,244,0.693076,1,4636,10223,-0.119851,-0.342896,0.217033,-0.348883,0.336938,1.05,1.10105,0.652949,0.512346,0.652949,0.492337,0.648964,0.58619,420,145,0.07926,1,1,1
h3,2587,33,1,24,4.96493,1,2921,3759,-0.173109,-0.296366,-0.143809,0.107706,0.406227,1.05,1.05594,0.659808,0.517032,0.659808,0.582026,0.632713,0.54986,420,145,0.0888477,1,1,1
h3,2588,33,1,119,4.26406,0,6372,396,0.0742025,-0.000125885,-0.216267,0.0619202,0.297165,1.05,1.07531,0.548697,0.420896,0.548697,0.524136,0.535128,0.468096,420,145,0.0864123,-1,1,1
h3,2589,33,1,338,2.13866,1,8247,10903,0.165416,-0.127026,0.266171,0.146091,0.291114,1.05,0.996976,0.617284,0.500457,0.617284,0.433826,0.562492,0.498235,420,145,0.111198,-1,1,1
h3,2590,33,1,288,5.31375,0,7857,237,0.149915,0.102762,-0.238892,0.021862,0.397617,1.05,0.984101,0.747599,0.547211,0.747599,0.583771,0.58104,0.525112,420,145,0.0808279,1,1,1
h3,2591,33,1,18,0.759496,0,3981,8165,-0.140279,-0.029398,0.176305,0.0969715,0.340873,1.05,0.95709,0.56653,0.408779,0.56653,0.534714,0.423802,0.34489,420,145,0.096689,-1,1,1
h3,2592,33,1,199,4.6368,0,6355,6445,0.0775681,-0.248583,0.0798378,0.0621014,0.310817,1.05,1.04233,0.507545,0.431413,0.513032,0.48977,0.60337,0.533348,420,145,0.0994297,-1,1,1
h3,2593,33,1,193,4.32647,0,8574,1560,0.169032,0.197908,-0.188327,-0.209045,0.541592,1.05,1.10113,0.691358,0.528921,0.691358,0.654516,0.489314,0.432379,420,145,0.079689,-1,1,1
h3,2594,33,1,288,5.41664,1,7857,10478,0.149915,0.102762,0.235174,0.118732,0.0868503,1.05,1.31086,0.454047,0.50663,0.58299,0.32938,0.711903,0.660292,420,145,0.081948,-1,1,1
h3,2595,33,1,97,1.59065,1,1810,6674,-0.17927,-0.0922394,0.103112,-0.223637,0.311586,1.05,1.13918,0.750343,0.556927,0.750343,0.506951,0.623145,0.548597,420,145,0.0807044,1,1,1
h3,2596,33,1,22,1.22261,0,2257,4207,-0.169982,0.165693,-0.12164,0.0647316,0.113432,1.05,1.13954,0.558299,0.504573,0.58299,0.257764,0.74381,0.682723,420,145,0.0873769,-1,1,1
h3,2597,33,1,228,2.84577,0,2593,10251,-0.166303,0.0278931,0.23735,0.104757,0.410905,1.05,1.14537,0.78738,0.55807,0.78738,0.590515,0.549068,0.489758,420,145,0.104119,1,1,1
h3,2598,33,1,4,5.83179,1,8825,10375,0.163641,0.167528,0.236131,0.100567,0.0989842,1.05,0.749104,0.600823,0.506287,0.600823,0.353309,0.770686,0.706588,420,145,0.0834902,1,1,1
h3,2599,33,1,332,4.31336,1,5941,5722,0.0329351,-0.0158253,0.00453758,-0.25979,0.245764,1.05,1.06519,0.618656,0.474394,0.618656,0.452927,0.590612,0.517468,420,145,0.0918158,-1,1,1
h3,2600,33,1,24,2.09411,1,2921,6511,-0.173109,-0.296366,0.0874529,0.250929,0.606217,1.05,1.03056,0.727023,0.514746,0.727023,0.769675,0.436338,0.371459,420,145,0.0781864,-1,1,1
h3,2601,33,1,91,6.24355,0,10121,154,0.223155,0.0374393,-0.223804,-2.47955e-05,0.44855,1.05,1.07607,0.78738,0.584705,0.805213,0.64021,0.622455,0.57993,420,145,0.0929631,-1,1,1
h3,2602,33,1,101,3.24922,0,7045,2557,0.118739,0.047718,-0.155684,0.0464668,0.274825,1.05,1.0717,0.618656,0.453132,0.632373,0.457415,0.424842,0.348798,420,145,0.0852376,-1,1,1
h3,2603,33,1,25,4.2027,1,2870,10980,-0.167792,-0.278759,0.295735,0.0805397,0.586475,1.05,1.03956,0.733882,0.527663,0.733882,0.716978,0.6515,0.59251,420,145,0.0744572,-1,1,1
h3,2604,33,1,147,6.06134,1,7893,2008,0.151926,0.0649776,-0.174749,0.1117,0.330101,1.05,1.09469,0.654321,0.465706,0.654321,0.485923,0.437258,0.364106,420,145,0.0912273,1,1,1
h3,2605,33,1,65,1.12355,0,8697,978,0.212385,0.0523567,-0.205296,-0.263046,0.523455,1.05,1.0488,0.699588,0.538523,0.713306,0.676395,0.579297,0.526821,420,145,0.0793433,-1,1,1
h3,2606,33,1,2,1.94263,1,5149,4458,-0.0572729,-0.0472622,-0.115797,-0.278111,0.23818,1.05,1.24135,0.624143,0.519433,0.628258,0.438643,0.668975,0.586814,420,145,0.11481,1,1,1
h3,2607,33,1,351,1.57817,1,7516,1350,0.137561,0.0491657,-0.194812,0.198219,0.364759,1.05,1.11838,0.662551,0.491998,0.66941,0.502666,0.426908,0.349569,420,145,0.0873168,-1,1,1
h3,2608,33,1,61,5.12063,0,8155,9527,0.180044,0.115244,0.202446,-0.324333,0.440466,1.05,1.10222,0.786008,0.56733,0.786008,0.641274,0.62604,0.534137,420,145,0.0996459,-1,1,1
h3,2609,33,1,105,6.28216,0,6653,2259,0.101091,-0.290726,-0.171452,0.181919,0.545596,1.05,1.02521,0.758573,0.539666,0.758573,0.727633,0.586231,0.506458,420,145,0.0756184,-1,1,1
h3,2610,33,1,29,3.08717,1,2358,7770,-0.169245,0.095829,0.15787,-0.324085,0.532609,1.05,1.06052,0.729767,0.537151,0.735254,0.689131,0.61037,0.544058,420,145,0.0813676,-1,1,1
h3,2611,33,1,104,1.15779,1,2603,10349,-0.163857,-0.0592422,0.208506,0.127239,0.41656,1.05,1.09671,0.699588,0.505487,0.699588,0.588486,0.492811,0.432652,420,145,0.092708,1,1,1
h3,2612,33,1,344,5.6201,1,4127,2517,-0.139666,-0.176815,-0.16531,0.157465,0.335351,1.05,1.02372,0.721536,0.560471,0.721536,0.538295,0.592792,0.51585,420,145,0.0991886,-1,1,1
h3,2613,33,1,30,4.29201,0,1138,5035,-0.20122,0.208462,-0.0733995,-0.300508,0.524781,1.05,0.943686,0.500686,0.384316,0.502058,0.697693,0.388621,0.297577,420,145,0.101542,1,1,1
h3,2614,33,1,193,3.52396,1,8574,8476,0.169032,0.197908,0.167973,0.0712776,0.126797,1.05,1.30954,0.648834,0.556927,0.670782,0.308299,0.721565,0.658107,420,145,0.0756566,1,1,1
h3,2615,33,1,151,1.65067,0,8681,6922,0.178658,0.0536366,0.12027,-0.22348,0.284122,1.05,1.081,0.635117,0.506401,0.635117,0.496719,0.655784,0.586837,420,145,0.10076,-1,1,1
h3,2616,33,1,265,0.851723,1,9994,2365,0.249982,0.00729179,-0.174595,0.0192528,0.425076,1.05,1.0764,0.588477,0.467993,0.589849,0.571543,0.418276,0.344836,420,145,0.0776363,-1,1,1
h3,2617,33,1,95,3.62042,1,3656,969,-0.144406,0.0710831,-0.209461,-0.323586,0.400764,1.05,1.07734,0.910837,0.637974,0.910837,0.652689,0.676968,0.602849,420,145,0.0956633,-1,1,1
h3,2618,33,1,304,4.44135,1,7146,272,0.125883,0.00458527,-0.221821,0.0605755,0.352511,1.05,0.916806,0.536351,0.42604,0.54321,0.505075,0.554532,0.485245,420,145,0.0944416,-1,1,1
h3,2619,33,1,85,1.7008,1,1685,10797,-0.186081,0.0130043,0.254147,0.0276031,0.440671,1.05,1.06818,0.698217,0.550869,0.698217,0.613121,0.604026,0.564265,420,145,0.0926141,-1,1,1
h3,2620,33,1,200,1.10489,0,7430,6035,0.141516,0.185507,0.0425816,0.0854416,0.141311,1.05,1.26104,0.485597,0.423182,0.486968,0.349354,0.639894,0.571474,420,145,0.0885304,1,1,1
h3,2621,33,1,59,5.79569,0,4286,5023,-0.117836,0.104113,-0.071949,-0.134985,0.243475,1.05,0.968033,0.473251,0.421468,0.48011,0.467253,0.530651,0.461445,420,145,0.112294,1,1,1
h3,2622,33,1,343,2.54124,0,7016,8975,0.120867,-0.0550613,0.217383,0.00743294,0.115255,1.05,0.876003,0.418381,0.366827,0.422497,0.321981,0.539796,0.475551,420,145,0.113718,-1,1,1
h3,2623,33,1,21,4.81154,1,3593,6140,-0.145467,0.131235,0.0531435,0.123274,0.199013,1.05,0.974451,0.444444,0.433813,0.484225,0.389345,0.538524,0.479377,420,145,0.0917904,-1,1,1
h3,2624,33,1,227,2.75942,0,6895,1197,0.117447,0.229137,-0.197762,-0.209671,0.540287,1.05,1.11084,0.758573,0.560128,0.758573,0.64755,0.52108,0.461311,420,121,0.0757923,-1,1,1
h3,2625,33,1,140,6.1071,0,3904,207,-0.141647,-0.0162334,-0.220244,0.0366135,0.0983675,1.05,1.29036,0.563786,0.52652,0.607682,0.392566,0.726903,0.683128,420,121,0.091444,-1,1,1
h3,2626,33,1,221,4.8354,1,3538,8029,-0.154474,0.0427647,0.162745,0.048151,0.317927,1.05,1.02801,0.672154,0.488569,0.672154,0.498997,0.463455,0.40418,420,121,0.0894921,1,1,1
h3,2627,33,1,248,6.13162,0,7771,3520,0.14819,0.0978336,-0.135494,-0.00857735,0.302986,1.05,0.999333,0.496571,0.384088,0.502058,0.448877,0.416394,0.343012,420,121,0.0833217,-1,1,1
h3,2628,33,1,337,3.29122,1,3682,3020,-0.145157,-0.120501,-0.147232,-0.000986099,0.119532,1.05,1.08169,0.572016,0.536351,0.578875,0.328861,0.759502,0.688711,420,121,0.0749603,-1,1,1
h3,2629,33,1,317,1.47286,1,3441,6295,-0.1478,0.0824299,0.0725546,-0.348406,0.483995,1.05,1.04826,0.854595,0.593164,0.854595,0.710123,0.645368,0.555935,420,121,0.0872638,1,1,1
h3,2630,33,1,355,2.36684,0,1726,5923,-0.178057,0.123343,0.0261803,-0.347916,0.513646,1.05,1.11535,0.493827,0.358368,0.493827,0.771182,0.344952,0.263125,420,121,0.112248,-1,1,1
h3,2631,33,1,199,1.04065,0,6355,718,0.0775681,-0.248583,-0.215445,-0.326481,0.303205,1.05,0.973366,0.887517,0.647005,0.887517,0.489068,0.708875,0.66337,420,121,0.073465,1,1,1
h3,2632,33,1,123,1.86384,1,526,2145,-0.205878,0.083025,-0.175669,0.11026,0.0477147,1.05,0.970334,0.541838,0.498285,0.550069,0.273438,0.780976,0.749436,420,121,0.0942689,-1,1,1
h3,2633,33,1,212,1.42777,0,1917,2552,-0.185428,-0.0455341,-0.166759,0.130051,0.177355,1.05,1.33565,0.744856,0.614426,0.744856,0.360167,0.742729,0.678557,420,121,0.0948403,-1,1,1
h3,2634,33,1,117,2.83372,0,609,9516,-0.202197,0.0623493,0.185433,-0.0130882,0.395054,1.05,1.09397,0.650206,0.466164,0.650206,0.591255,0.435469,0.374677,420,121,0.104747,1,1,1
h3,2635,33,1,69,1.89327,0,6992,9021,0.133218,-0.357046,0.22345,0.0838432,0.450612,1.05,1.12768,0.685871,0.511317,0.685871,0.606119,0.513735,0.440628,420,121,0.0891011,1,1,1
h3,2636,33,1,39,6.13984,1,4259,2462,-0.135017,-0.327379,-0.161061,0.067955,0.396243,1.05,1.05714,0.610425,0.46765,0.610425,0.551945,0.610296,0.518218,420,121,0.0884313,-1,1,1
h3,2637,33,1,347,3.26639,0,505,7546,-0.220177,0.104008,0.14433,-0.253952,0.510912,1.05,1.09407,0.663923,0.495542,0.663923,0.673281,0.569627,0.492876,420,121,0.099139,1,1,1
h3,2638,33,1,247,0.667269,1,7124,5971,0.134085,-0.23654,0.0326862,-0.293928,0.116742,1.05,0.923807,0.673525,0.588249,0.681756,0.32994,0.870104,0.813336,420,121,0.0760612,-1,1,1
h3,2639,33,1,192,4.96478,1,6935,10076,0.117351,-0.187515,0.199183,-0.311525,0.148577,1.05,1.27647,0.588477,0.580018,0.618656,0.319917,0.869035,0.805769,420,121,0.0746,-1,1,1
h3,2640,33,1,259,4.16639,1,2752,8773,-0.164621,-0.0724106,0.163984,0.143162,0.393125,1.05,1.13773,0.665295,0.486397,0.665295,0.575401,0.459065,0.376768,420,121,0.0812438,-1,1,1
h3,2641,33,1,6,1.16698,0,1637,592,-0.190276,0.136393,-0.206286,0.0314999,0.106167,1.05,1.09763,0.548697,0.532122,0.593964,0.266045,0.758679,0.708941,420,121,0.0783636,1,1,1
h3,2642,33,1,327,3.85743,0,9518,5367,0.186314,-0.137562,-0.0346899,-0.162725,0.222442,1.05,1.13568,0.651578,0.550869,0.651578,0.455144,0.702713,0.638106,420,121,0.0744331,1,1,1
h3,2643,33,1,83,1.70559,0,10890,2768,0.253678,0.148167,-0.163206,0.194113,0.419632,1.05,0.958836,0.466392,0.366598,0.466392,0.567676,0.382014,0.299495,420,121,0.0917288,-1,1,1
h3,2644,33,1,210,3.23777,0,8066,1353,0.171865,0.0952969,-0.182982,0.207998,0.373028,1.05,1.10559,0.835391,0.592821,0.835391,0.525054,0.579991,0.501759,420,121,0.0823261,1,1,1
h3,2645,33,1,184,5.31975,0,6043,8386,0.0484953,-0.316484,0.18593,-0.346722,0.140972,1.05,0.998328,0.695473,0.549954,0.695473,0.33167,0.877704,0.827516,420,121,0.0715882,1,1,1
h3,2646,33,1,124,0.292796,0,9146,641,0.180683,0.0968037,-0.199144,0.025425,0.386646,1.05,1.01175,0.769547,0.560014,0.769547,0.588086,0.569605,0.504924,420,121,0.0871197,1,1,1
h3,2647,33,1,245,0.670689,0,9764,4779,0.21835,0.140244,-0.0873299,0.22406,0.316963,1.05,1.04891,0.473251,0.386603,0.477366,0.539362,0.508952,0.440448,420,121,0.102218,1,1,1
h3,2648,33,1,278,0.0696627,1,4851,522,-0.0817661,0.0208912,-0.229109,0.0742798,0.158348,1.05,0.98496,0.633745,0.495542,0.633745,0.346654,0.601223,0.532937,420,121,0.134714,-1,1,1
h3,2649,33,1,155,3.3839,0,64,8488,-0.234214,0.0388947,0.160958,0.181801,0.420222,1.05,1.09203,0.392318,0.3107,0.392318,0.577058,0.317734,0.239509,420,121,0.0869617,-1,1,1
h3,2650,33,1,124,2.85351,1,9146,4879,0.180683,0.0968037,-0.0806417,0.144085,0.265813,1.05,1.07029,0.460905,0.381802,0.477366,0.425459,0.460815,0.393933,420,121,0.0989447,1,1,1
h3,2651,33,1,295,2.34337,0,6429,3394,0.0807295,0.138372,-0.136115,-0.0248127,0.271524,1.05,1.22691,0.364883,0.322702,0.390947,0.428639,0.369237,0.285741,420,121,0.110162,-1,1,1
h3,2652,33,1,303,4.41758,0,9405,2245,0.189682,-0.0120964,-0.172928,0.0169487,0.364025,1.05,1.10339,0.622771,0.458505,0.622771,0.562785,0.384666,0.308172,420,121,0.0836902,-1,1,1
h3,2653,33,1,232,2.3239,0,778,4911,-0.210168,0.0676079,-0.0814152,-0.209301,0.305922,1.05,0.902198,0.78738,0.633516,0.832648,0.460979,0.744398,0.670134,420,121,0.0998412,1,1,1
h3,2654,33,1,248,1.31627,0,7771,326,0.14819,0.0978336,-0.204451,-0.0277405,0.374332,1.05,1.07863,0.684499,0.514746,0.694102,0.52717,0.597947,0.551039,420,121,0.0817466,1,1,1
h3,2655,33,1,140,1.99571,0,3904,7866,-0.141647,-0.0162334,0.155402,-0.345131,0.443514,1.05,1.05053,0.721536,0.525949,0.725652,0.566133,0.62463,0.555102,420,121,0.104203,1,1,1
h3,2656,33,1,241,2.39525,0,3662,10461,-0.153176,-0.152557,0.236414,0.0718269,0.449658,1.05,1.07391,0.604938,0.460905,0.613169,0.632059,0.526059,0.461819,420,121,0.0846569,-1,1,1
h3,2657,33,1,74,3.92083,0,8920,5732,0.171521,-0.18165,0.00300121,-0.348114,0.237064,1.05,1.06563,0.883402,0.664952,0.902606,0.402786,0.859804,0.787765,420,121,0.0804591,-1,1,1
h3,2658,33,1,266,4.50505,1,7692,5921,0.142586,0.0749931,0.0268841,-0.298004,0.390533,1.05,1.05305,0.839506,0.615341,0.839506,0.569346,0.707368,0.606118,420,121,0.0845348,1,1,1
h3,2659,33,1,351,5.60282,0,7516,1688,0.137561,0.0491657,-0.194255,0.165955,0.352531,1.05,0.950666,0.600823,0.445016,0.600823,0.499736,0.45924,0.386485,420,121,0.0900196,-1,1,1
h3,2660,33,1,3,1.248,0,6806,1879,0.102597,0.0450497,-0.178863,0.148573,0.299911,1.05,1.14909,0.670782,0.48834,0.674897,0.481328,0.474436,0.391939,420,121,0.0852812,1,1,1
h3,2661,33,1,236,3.09844,0,4146,8933,-0.121972,-0.0690746,0.196549,0.0156784,0.329626,1.05,1.06103,0.51166,0.417238,0.51989,0.469879,0.500786,0.436401,420,121,0.0776309,1,1,1
h3,2662,33,1,206,4.30788,0,8980,5978,0.222597,0.070055,0.0370073,0.0700512,0.186889,1.05,1.27846,0.377229,0.438386,0.484225,0.369363,0.594223,0.527558,420,121,0.0923881,-1,1,1
h3,2663,33,1,72,5.97576,1,504,5573,-0.210534,0.0497398,-0.00650978,0.192379,0.249119,1.05,1.042,0.458162,0.410951,0.466392,0.38202,0.545964,0.483188,420,121,0.0977729,1,1,1
h3,2664,33,1,290,5.31381,1,4930,5252,-0.0825062,-0.343903,-0.0476933,0.18066,0.525717,1.05,1.05261,0.555556,0.417238,0.555556,0.646366,0.505278,0.429771,420,121,0.0816501,1,1,1
h3,2665,33,1,122,3.21022,0,4608,2419,-0.100076,0.0399323,-0.159997,0.177349,0.149913,1.05,0.885815,0.51989,0.451875,0.548697,0.305649,0.626575,0.56307,420,121,0.0910726,-1,1,1
h3,2666,33,1,285,0.460471,0,3880,8553,-0.129134,0.0450554,0.192097,0.152952,0.338949,1.05,1.06527,0.607682,0.444102,0.607682,0.508695,0.455257,0.371678,420,121,0.0940584,1,1,1
h3,2667,33,1,130,2.20633,0,6535,3064,0.0918341,-0.110147,-0.160872,0.0746441,0.314615,1.05,0.990608,0.522634,0.408893,0.522634,0.450069,0.506027,0.424576,420,121,0.0843766,1,1,1
h3,2668,33,1,71,3.95642,1,5804,1770,0.0182896,-0.361223,-0.189137,-0.344339,0.208245,1.05,0.905358,0.714678,0.565615,0.714678,0.340445,0.799547,0.733586,420,121,0.0822498,1,1,1
h3,2669,33,1,19,1.27296,0,4470,6873,-0.109062,0.186951,0.109983,-0.0135403,0.297247,1.05,0.9401,0.386831,0.349794,0.412894,0.479921,0.434068,0.350362,420,121,0.0990903,1,1,1
h3,2670,33,1,179,5.03401,0,10456,10359,0.236302,-0.0106392,0.221587,0.00802612,0.0248279,1.05,0.982572,0.561043,0.572131,0.610425,0.270708,0.887201,0.854286,420,121,0.0803492,-1,1,1
h3,2671,33,1,138,1.47231,1,830,472,-0.200576,0.145721,-0.206469,0.0482273,0.0976721,1.05,1.16528,0.641975,0.526406,0.641975,0.290785,0.786502,0.728481,420,121,0.0726229,1,1,1
h3,2672,33,1,345,0.0874376,1,9708,10541,0.179283,0.202862,0.208892,0.0573254,0.148518,1.05,1.35051,0.607682,0.510402,0.610425,0.298513,0.737867,0.671178,420,121,0.0717887,1,1,1
h3,2673,33,1,13,2.16408,1,10912,7649,0.259609,0.157887,0.14447,-0.0882511,0.271802,1.05,1.23475,0.683128,0.544124,0.683128,0.50064,0.719011,0.650799,420,121,0.0942418,1,1,1
h3,2674,33,1,314,1.25309,1,8872,2875,0.164937,0.128082,-0.158249,-0.0668907,0.377727,1.05,1.09328,0.610425,0.440558,0.610425,0.570648,0.459584,0.407331,420,121,0.0885209,-1,1,1
h3,2675,33,1,236,3.30432,0,4146,7641,-0.121972,-0.0690746,0.14596,-0.0783653,0.268097,1.05,0.973798,0.545953,0.429241,0.545953,0.486713,0.475434,0.399741,420,121,0.0804195,1,1,1
h3,2676,33,1,190,1.15795,0,5189,7312,-0.0535688,0.132942,0.13179,-0.0699139,0.275261,1.05,1.02695,0.493827,0.374714,0.493827,0.484859,0.399159,0.316512,420,121,0.0979148,-1,1,1
h3,2677,33,1,101,1.25428,1,7045,476,0.118739,0.047718,-0.230166,0.040554,0.349072,1.05,0.998921,0.613169,0.477709,0.622771,0.472254,0.558943,0.494226,420,121,0.0847767,-1,1,1
h3,2678,33,1,44,3.98395,0,5645,4676,-0.00159264,-0.144009,-0.092639,-0.0155258,0.157525,1.05,0.948574,0.434842,0.408436,0.440329,0.377473,0.529138,0.454397,420,121,0.0897732,1,1,1
h3,2679,33,1,234,2.45189,1,5227,7238,-0.0564718,-0.364157,0.135632,0.23381,0.628067,1.05,1.06116,0.459534,0.336877,0.459534,0.804223,0.281442,0.214729,420,121,0.102118,-1,1,1
h3,2680,33,1,164,3.49335,0,3718,455,-0.146247,0.0971508,-0.207756,0.0549622,0.0806575,1.05,0.97141,0.459534,0.515089,0.587106,0.300091,0.715241,0.673405,420,121,0.0772176,-1,1,1
h3,2681,33,1,55,4.1405,1,10391,3414,0.232349,0.168518,-0.153674,0.0748672,0.397431,1.05,1.07225,0.683128,0.525492,0.683128,0.58131,0.558456,0.488622,420,121,0.0963419,-1,1,1
h3,2682,33,1,180,2.36918,0,10765,3486,0.25294,0.143925,-0.135815,0.0508194,0.399759,1.05,1.07646,0.658436,0.539095,0.658436,0.554905,0.558539,0.495467,420,121,0.0832195,1,1,1
h3,2683,33,1,187,5.54702,0,7043,5176,0.119442,0.0503368,-0.0558834,-0.0190048,0.190188,1.05,1.2527,0.454047,0.368313,0.463649,0.380993,0.509752,0.436119,420,121,0.0917475,1,1,1
h3,2684,33,1,287,5.54789,0,1051,2873,-0.208361,0.0346947,-0.166766,0.0252609,0.0434369,1.05,0.991909,0.577503,0.545382,0.587106,0.296654,0.810844,0.773906,420,121,0.0879274,1,1,1
h3,2685,33,1,88,4.26748,1,8379,10910,0.173752,-0.184019,0.261418,0.122597,0.319043,1.05,1.08695,0.650206,0.485025,0.659808,0.555223,0.528667,0.467911,420,121,0.101531,-1,1,1
h3,2686,33,1,247,4.19007,1,7124,1080,0.134085,-0.23654,-0.201216,-0.280251,0.338202,1.05,1.07157,0.864198,0.639575,0.877915,0.489761,0.674163,0.623518,420,121,0.077914,1,1,1
h3,2687,33,1,162,4.43998,0,5545,6477,-0.00960922,0.172209,0.0869379,-0.256762,0.439727,1.05,1.06805,0.540466,0.437129,0.545953,0.572966,0.451598,0.360077,420,121,0.0961761,-1,1,1
h3,2688,33,1,262,6.25161,0,778,10357,-0.210168,0.0676079,0.236948,0.0650635,0.447208,1.05,1.04487,0.854595,0.609625,0.854595,0.620832,0.607902,0.545677,420,121,0.0883837,-1,1,1
h3,2689,33,1,339,3.33546,0,7784,467,0.148911,-0.119907,-0.223931,0.145258,0.457586,1.05,1.04357,0.63786,0.474851,0.639232,0.590871,0.500156,0.437721,420,121,0.0836679,-1,1,1
h3,2690,33,1,56,3.65698,0,188,6518,-0.232367,0.0883503,0.0845547,0.118542,0.318357,1.05,0.997302,0.423868,0.371056,0.427984,0.459163,0.506254,0.429364,420,121,0.096355,1,1,1
h3,2691,33,1,106,3.51168,1,8738,6686,0.186513,0.180107,0.0986023,0.0363808,0.168484,1.05,1.07758,0.463649,0.453475,0.499314,0.390906,0.677997,0.613468,420,121,0.0858761,1,1,1
h3,2692,33,1,11,5.45559,0,2006,1850,-0.173589,-0.0157204,-0.186278,-0.279486,0.264193,1.05,1.03631,0.8107,0.600594,0.8107,0.509942,0.752293,0.662325,420,121,0.112858,-1,1,1
h3,2693,33,1,219,5.30193,1,6988,1706,0.119556,-0.0891762,-0.189229,0.14855,0.390521,1.05,1.04653,0.640604,0.494399,0.640604,0.550144,0.480065,0.407609,420,121,0.0795611,1,1,1
h3,2694,33,1,325,0.456746,1,1245,7509,-0.198516,0.195166,0.136249,-0.0971966,0.444939,1.05,1.04429,0.676269,0.508002,0.676269,0.592189,0.527484,0.451985,420,121,0.0859696,-1,1,1
h3,2695,33,1,173,2.63117,1,10286,5280,0.189126,0.156836,-0.0441809,-0.0155354,0.290076,1.05,1.08418,0.486968,0.426269,0.486968,0.476708,0.525723,0.455338,420,121,0.0895152,-1,1,1
h3,2696,33,1,246,4.19609,0,3742,7637,-0.139676,-0.106091,0.1456,0.0648251,0.33256,1.05,1.02808,0.539095,0.449703,0.54321,0.463696,0.481065,0.412392,420,121,0.0814258,1,1,1
h3,2697,33,1,324,0.509483,1,4921,1524,-0.0815163,-0.194134,-0.193104,0.1481,0.360057,1.05,0.996617,0.552812,0.433128,0.552812,0.578474,0.406191,0.33984,420,121,0.0963148,1,1,1
h3,2698,33,1,341,4.63045,1,4824,1224,-0.0860033,0.255322,-0.204142,0.15007,0.158833,1.05,0.999691,0.613169,0.520233,0.613169,0.32263,0.730654,0.655327,420,121,0.0887428,1,1,1
h3,2699,33,1,189,0.727389,0,2319,1175,-0.176646,0.0269089,-0.186916,0.201452,0.17611,1.05,1.10872,0.685871,0.556356,0.695473,0.349641,0.691895,0.651571,420,121,0.0957404,-1,1,1
h3,2700,33,1,354,1.08132,0,2052,8129,-0.174135,0.212227,0.177443,-0.330185,0.646389,1.05,1.09337,0.679012,0.534179,0.689986,0.738517,0.545586,0.487393,420,121,0.0774801,1,1,1
h3,2701,33,1,189,2.66239,0,2319,6679,-0.176646,0.0269089,0.10384,-0.206345,0.365209,1.05,0.984826,0.600823,0.477366,0.603567,0.491625,0.576185,0.499991,420,121,0.0892335,1,1,1
h3,2702,33,1,8,5.79313,0,9999,10629,0.199837,0.210627,0.236933,0.0814667,0.134398,1.05,1.26579,0.663923,0.578532,0.663923,0.324262,0.816298,0.742362,420,121,0.12951,1,1,1
h3,2703,33,1,93,4.349,0,5274,1664,-0.0442982,0.168304,-0.177596,0.123417,0.140811,1.05,0.91051,0.379973,0.326246,0.379973,0.325077,0.479074,0.411278,420,121,0.0872774,1,1,1
h3,2704,33,1,243,3.64271,0,7478,8017,0.138792,-0.130936,0.170621,0.0808334,0.214338,1.05,1.1741,0.636488,0.529721,0.668038,0.393236,0.675799,0.598134,420,121,0.103254,1,1,1
h3,2705,33,1,21,5.98899,1,3593,2197,-0.145467,0.131235,-0.17224,0.20734,0.0809166,1.05,1.09897,0.569273,0.509717,0.578875,0.271024,0.722528,0.693374,420,121,0.0796492,-1,1,1
h3,2706,33,1,186,2.96203,1,2504,3760,-0.170289,-0.155634,-0.146227,-0.109135,0.0533167,1.05,0.98781,0.508916,0.539552,0.562414,0.26124,0.830129,0.796519,420,121,0.0826023,-1,1,1
h3,2707,33,1,47,1.98674,0,9313,3467,0.186381,0.0964737,-0.150942,0.114229,0.33825,1.05,1.11232,0.367627,0.307956,0.37037,0.528174,0.303039,0.218991,420,121,0.0906841,-1,1,1
h3,2708,33,1,142,3.92263,0,1398,3691,-0.198053,0.16757,-0.156091,-0.166096,0.336483,1.05,1.10346,0.486968,0.417124,0.499314,0.548096,0.531762,0.454423,420,121,0.11058,1,1,1
h3,2709,33,1,59,1.97579,1,4286,5917,-0.117836,0.104113,0.0267401,-0.333286,0.460676,1.05,1.17022,0.539095,0.401692,0.547325,0.669638,0.397655,0.334707,420,121,0.110731,1,1,1
h3,2710,33,1,244,3.66308,0,4636,6596,-0.119851,-0.342896,0.10162,-0.320396,0.222788,1.05,1.0435,0.768176,0.604824,0.791495,0.377635,0.768979,0.701564,420,121,0.0746918,1,1,1
h3,2711,33,1,4,3.63696,0,8825,10000,0.163641,0.167528,0.247087,0.0712967,0.127887,1.05,1.20019,0.659808,0.536694,0.659808,0.394787,0.773674,0.706446,420,121,0.0743753,1,1,1
h3,2712,33,1,183,0.260223,0,4310,214,-0.135221,-0.34234,-0.228834,0.0574703,0.410633,1.05,1.08899,0.572016,0.453018,0.572016,0.541005,0.429675,0.37126,420,121,0.0943188,-1,1,1
h3,2713,33,1,277,6.17857,0,2945,5390,-0.153784,0.227482,-0.0350218,-0.333784,0.573699,1.05,0.967558,0.617284,0.460448,0.617284,0.712637,0.470642,0.391328,420,121,0.0979141,-1,1,1
h3,2714,33,1,126,2.49727,1,6357,5025,0.0777397,-0.235508,-0.0694189,0.00843048,0.285027,1.05,1.05414,0.462277,0.384316,0.474623,0.45307,0.553789,0.453194,420,121,0.0886719,-1,1,1
h3,2715,33,1,15,3.77948,0,2437,2170,-0.165283,-0.121399,-0.165692,0.102486,0.224054,1.05,1.11638,0.695473,0.551326,0.695473,0.475261,0.656976,0.577249,420,121,0.102562,-1,1,1
h3,2716,33,1,162,2.34699,0,5545,1321,-0.00960922,0.172209,-0.196047,-0.297537,0.505392,1.05,1.08516,0.802469,0.574874,0.802469,0.646447,0.500047,0.423136,420,121,0.0746854,1,1,1
h3,2717,33,1,205,1.10946,1,1025,557,-0.191102,0.0364304,-0.206171,0.100929,0.0662358,1.05,1.00185,0.610425,0.55567,0.617284,0.267655,0.791781,0.746063,420,121,0.0796292,1,1,1
h3,2718,33,1,320,1.52327,0,10120,5559,0.229893,0.16573,-0.013751,-0.364264,0.583547,1.05,0.979258,0.947874,0.668381,0.947874,0.718505,0.687678,0.614346,420,121,0.0848726,-1,1,1
h3,2719,33,1,196,2.45309,1,1363,8697,-0.192884,0.0176086,0.212385,0.0523567,0.406762,1.05,1.06997,0.683128,0.4984,0.684499,0.548019,0.504168,0.4448,420,121,0.0973371,1,1,1
h3,2720,33,1,117,0.4219,0,609,3031,-0.202197,0.0623493,-0.149932,0.146347,0.0989306,1.05,0.900615,0.599451,0.562414,0.621399,0.254917,0.774276,0.719095,420,121,0.0784853,1,1,1
h3,2721,33,1,310,4.81237,1,5736,454,0.0105352,0.153805,-0.216549,0.103605,0.23258,1.05,1.1611,0.371742,0.309899,0.371742,0.374498,0.414026,0.345884,420,121,0.0922849,-1,1,1
h3,2722,33,1,18,5.29479,0,3981,197,-0.140279,-0.029398,-0.218148,0.0237541,0.0970786,1.05,1.23139,0.517147,0.511088,0.544582,0.298116,0.733239,0.675813,420,121,0.0938833,1,1,1
h3,2723,33,1,228,2.34509,0,2593,5529,-0.166303,0.0278931,-0.0100918,0.214737,0.243706,1.05,1.15005,0.737997,0.554527,0.737997,0.424065,0.630821,0.571172,420,121,0.100559,1,1,1
h3,2724,33,1,318,4.37442,0,4728,163,-0.0996161,-0.166716,-0.23043,0.0743999,0.274438,1.05,1.16294,0.655693,0.497142,0.655693,0.5149,0.488181,0.421913,420,121,0.088653,1,1,1
h3,2725,33,1,254,5.43452,1,8645,9178,0.203193,0.020977,0.16866,0.134138,0.118708,1.05,0.872036,0.588477,0.532465,0.628258,0.276557,0.782991,0.724579,420,121,0.0806919,1,1,1
h3,2726,33,1,53,3.45152,0,346,8366,-0.202495,-0.0312653,0.16638,-0.270849,0.439873,1.05,0.990018,0.746228,0.54824,0.750343,0.588434,0.614748,0.557625,420,121,0.0866814,1,1,1
h3,2727,33,1,52,2.79178,0,9232,7766,0.178368,0.0172749,0.146504,-0.127214,0.149502,1.05,0.754143,0.613169,0.541952,0.63786,0.316036,0.741603,0.671622,420,121,0.0895034,1,1,1
h3,2728,33,1,157,5.19216,0,3355,5243,-0.15814,0.0335846,-0.0509396,-0.301489,0.352062,1.05,1.09731,0.45679,0.427298,0.467764,0.502651,0.545573,0.454748,420,121,0.0995941,-1,1,1
h3,2729,33,1,263,6.04228,1,10637,4578,0.239552,0.106575,-0.109064,-0.192129,0.459177,1.05,1.07826,0.647462,0.487997,0.647462,0.645583,0.5567,0.480299,420,121,0.0881213,1,1,1
h3,2730,33,1,234,1.54435,1,5227,5941,-0.0564718,-0.364157,0.0329351,-0.0158253,0.359623,1.05,1.1051,0.473251,0.38706,0.473251,0.533303,0.578693,0.510635,420,121,0.0901825,1,1,1
h3,2731,33,1,244,5.40962,0,4636,7878,-0.119851,-0.342896,0.159206,-0.289352,0.284285,1.05,1.05359,0.681756,0.541724,0.694102,0.404685,0.768975,0.690215,420,121,0.0784645,-1,1,1
h3,2732,33,1,11,2.35108,1,2006,4965,-0.173589,-0.0157204,-0.084466,-0.331509,0.328423,1.05,0.919355,0.486968,0.404893,0.493827,0.487673,0.543328,0.46054,420,121,0.117129,-1,1,1
h3,2733,33,1,254,1.80092,0,8645,616,0.203193,0.020977,-0.203468,0.0867386,0.412057,1.05,1.10113,0.77915,0.57316,0.77915,0.563098,0.547737,0.486983,420,121,0.095959,1,1,1
h3,2734,33,1,212,1.95835,0,1917,915,-0.185428,-0.0455341,-0.2148,-0.262777,0.219224,1.05,1.0052,0.777778,0.630887,0.783265,0.356022,0.810841,0.735239,420,121,0.109193,1,1,1
h3,2735,33,1,326,4.21144,0,8603,6566,0.209276,0.133911,0.0893135,0.0309849,0.158423,1.05,1.29418,0.492455,0.477823,0.51166,0.40107,0.676693,0.606502,420,121,0.100807,-1,1,1
h3,2736,33,1,70,3.95659,1,961,2551,-0.20969,0.166059,-0.15906,0.126888,0.0662903,1.05,1.04707,0.544582,0.501029,0.544582,0.221188,0.794438,0.750611,420,121,0.0954467,1,1,1
h3,2737,33,1,236,2.99845,1,4146,1720,-0.121972,-0.0690746,-0.185389,0.144278,0.222733,1.05,1.18713,0.670782,0.522634,0.681756,0.412959,0.580457,0.508685,420,121,0.0995762,1,1,1
h3,2738,33,1,40,1.60686,0,3056,5018,-0.148311,0.0392227,-0.0793371,-0.345123,0.390605,1.05,0.950402,0.875171,0.621971,0.875171,0.619348,0.69431,0.611173,420,121,0.100455,-1,1,1
h3,2739,33,1,275,1.79643,1,2269,9982,-0.166284,0.11413,0.241587,0.0039444,0.422635,1.05,0.985023,0.775034,0.573845,0.775034,0.56725,0.596629,0.550965,420,121,0.100444,1,1,1
h3,2740,33,1,318,2.7049,1,4728,4529,-0.0996161,-0.166716,-0.122027,-0.359529,0.194463,1.05,1.06263,0.736626,0.584476,0.736626,0.402958,0.805437,0.749712,420,121,0.080298,1,1,1
h3,2741,33,1,221,3.21186,1,3538,7224,-0.154474,0.0427647,0.122792,0.101862,0.284239,1.05,0.976213,0.458162,0.354252,0.458162,0.486841,0.409574,0.327919,420,121,0.0924097,1,1,1
h3,2742,33,1,125,2.71399,0,454,8802,-0.216549,0.103605,0.168755,-0.0860443,0.429448,1.05,1.01627,0.674897,0.475537,0.674897,0.627623,0.461144,0.398348,420,121,0.100276,-1,1,1
h3,2743,33,1,319,5.03801,1,6265,9309,0.0645962,0.127625,0.224929,0.113068,0.162111,1.05,1.14738,0.484225,0.416209,0.484225,0.310127,0.549278,0.491689,420,121,0.113478,-1,1,1
h3,2744,33,1,157,4.90277,1,3355,1131,-0.15814,0.0335846,-0.203686,0.194771,0.167822,1.05,1.06741,0.688615,0.559556,0.705075,0.335747,0.70135,0.654868,420,121,0.0813574,-1,1,1
h3,2745,33,1,288,3.86506,1,7857,1798,0.149915,0.102762,-0.174116,0.0743732,0.325276,1.05,0.979209,0.685871,0.501715,0.685871,0.514938,0.510222,0.451594,420,121,0.0866632,1,1,1
h3,2746,33,1,336,2.39942,1,2980,4732,-0.138364,0.0193405,-0.0902004,0.159126,0.148092,1.05,1.26981,0.689986,0.532122,0.689986,0.37117,0.638852,0.579435,420,121,0.106057,-1,1,1
h3,2747,33,1,119,0.808991,1,6372,10660,0.0742025,-0.000125885,0.25773,0.106529,0.212487,1.05,1.26851,0.541838,0.457819,0.556927,0.392618,0.530574,0.474074,420,121,0.104049,1,1,1
h3,2748,33,1,120,0.555686,0,6292,6823,0.067399,0.00792694,0.1179,-0.236389,0.249505,1.05,0.97687,0.70096,0.528349,0.70096,0.485813,0.635269,0.564193,420,121,0.110932,-1,1,1
h3,2749,33,1,46,1.57599,0,9358,2460,0.231081,0.0915756,-0.165798,0.134541,0.399437,1.05,1.09817,0.348422,0.274463,0.348422,0.60314,0.276816,0.197992,420,121,0.0936798,-1,1,1
h3,2750,33,1,179,5.51012,1,10456,7769,0.236302,-0.0106392,0.155366,-0.201197,0.207237,1.05,1.17491,0.558299,0.55064,0.58299,0.409227,0.767433,0.705455,420,121,0.11529,1,1,1
h3,2751,33,1,92,1.01914,0,9933,10293,0.182489,0.200369,0.198927,0.0383167,0.162884,1.05,1.31574,0.70096,0.590192,0.70096,0.333714,0.756006,0.699343,420,121,0.0698545,1,1,1
h3,2752,33,1,144,5.10992,1,2236,10847,-0.158248,0.0812893,0.245297,0.162903,0.411825,1.05,1.08029,0.803841,0.581962,0.803841,0.54499,0.571343,0.508483,420,133,0.0897223,-1,1,1
h3,2753,33,1,323,4.11619,1,9776,9643,0.192008,-0.12038,0.194685,-0.211554,0.0916458,1.05,1.22692,0.654321,0.614541,0.684499,0.295336,0.913028,0.863555,420,133,0.074373,1,1,1
h3,2754,33,1,13,5.0658,1,10912,8859,0.259609,0.157887,0.18175,0.117275,0.0883142,1.05,0.948084,0.539095,0.515089,0.539095,0.276189,0.868798,0.811743,420,133,0.075597,-1,1,1
h3,2755,33,1,340,4.45923,1,3313,813,-0.153529,0.0467224,-0.208836,0.163546,0.129678,1.05,1.1247,0.672154,0.553612,0.672154,0.323106,0.699863,0.641572,420,133,0.0750281,1,1,1
h3,2756,33,1,96,6.09752,1,5101,3582,-0.0663376,-0.271591,-0.1524,-0.00281906,0.282445,1.05,0.890662,0.650206,0.517033,0.655693,0.419356,0.708983,0.643687,420,133,0.0874773,1,1,1
h3,2757,33,1,94,2.66533,0,2745,8148,-0.162402,0.096384,0.159002,0.236086,0.350631,1.05,1.07187,0.864198,0.61054,0.864198,0.519573,0.60802,0.522594,420,133,0.0864201,-1,1,1
h3,2758,33,1,294,1.96372,0,3182,9493,-0.137576,0.036953,0.17987,-0.00492668,0.320216,1.05,1.03699,0.588477,0.452103,0.588477,0.502203,0.410714,0.34518,420,133,0.0867914,-1,1,1
h3,2759,33,1,177,0.303968,1,6756,716,0.104774,-0.171005,-0.198702,-0.0151596,0.341308,1.05,1.07433,0.537723,0.44433,0.561043,0.479809,0.558305,0.494759,420,133,0.0955321,1,1,1
h3,2760,33,1,103,2.03395,1,7750,10006,0.152753,-0.326408,0.21984,0.179367,0.510268,1.05,1.02724,0.88203,0.6238,0.88203,0.653692,0.591571,0.521217,420,133,0.0866321,1,1,1
h3,2761,33,1,245,4.01668,1,9764,574,0.21835,0.140244,-0.224088,0.0244026,0.457989,1.05,1.11107,0.912209,0.641975,0.912209,0.610033,0.610888,0.550288,420,133,0.093233,1,1,1
h3,2762,33,1,302,5.94691,0,7722,5369,0.144269,0.158251,-0.0324488,0.0296268,0.218571,1.05,0.999476,0.443073,0.405121,0.444444,0.38661,0.522087,0.447194,420,133,0.079866,1,1,1
h3,2763,33,1,90,2.05494,0,6647,4645,0.0965776,0.20997,-0.108085,-0.20965,0.46693,1.05,0.957657,0.458162,0.358711,0.458162,0.615271,0.355672,0.255849,420,133,0.107696,1,1,1
h3,2764,33,1,14,0.0640245,1,5570,5590,-0.00832939,-0.0637875,-0.00446224,0.166681,0.230604,1.05,1.09634,0.537723,0.421125,0.544582,0.400743,0.448345,0.374341,420,133,0.0884548,1,1,1
h3,2765,33,1,334,1.79018,1,5422,5388,-0.0271645,-0.063118,-0.0351696,-0.330818,0.267824,1.05,0.975528,0.61454,0.50583,0.633745,0.444529,0.611865,0.533504,420,133,0.0896533,1,1,1
h3,2766,33,1,123,0.952654,1,526,5576,-0.205878,0.083025,-0.00632286,0.191324,0.227049,1.05,1.06808,0.491084,0.430613,0.491084,0.389677,0.623188,0.556234,420,133,0.0974797,-1,1,1
h3,2767,33,1,73,5.69192,0,535,6263,-0.21259,0.106255,0.0644884,0.0960522,0.277405,1.05,1.20429,0.40192,0.366484,0.429355,0.485841,0.497379,0.419147,420,133,0.0959338,-1,1,1
h3,2768,33,1,155,2.63598,1,64,2006,-0.234214,0.0388947,-0.173589,-0.0157204,0.0830021,1.05,0.764948,0.621399,0.540809,0.624143,0.331117,0.846288,0.790289,420,133,0.0848442,-1,1,1
h3,2769,33,1,331,1.92146,0,6022,4980,0.0377855,-0.348446,-0.0717859,0.222778,0.581721,1.05,1.10167,0.600823,0.429698,0.600823,0.725283,0.384816,0.323787,420,133,0.0953781,1,1,1
h3,2770,33,1,36,5.00365,0,4675,772,-0.0965948,0.0406284,-0.203371,0.165306,0.164558,1.05,0.877956,0.61454,0.496571,0.63786,0.340657,0.605482,0.557101,420,133,0.104333,1,1,1
h3,2771,33,1,308,4.22839,1,3394,4860,-0.136115,-0.0248127,-0.0817041,0.104904,0.140666,1.05,1.10512,0.587106,0.492341,0.589849,0.355793,0.658268,0.600149,420,133,0.110125,-1,1,1
h3,2772,33,1,215,3.2176,1,507,6477,-0.208806,0.0251598,0.0869379,-0.256762,0.408595,1.05,1.0077,0.754458,0.573617,0.77915,0.576417,0.658552,0.586295,420,133,0.109274,-1,1,1
h3,2773,33,1,4,3.85962,1,8825,6649,0.163641,0.167528,0.0978794,0.00637245,0.174057,1.05,1.25625,0.548697,0.480796,0.570645,0.358215,0.644981,0.580613,420,133,0.104435,1,1,1
h3,2774,33,1,185,0.609552,0,4601,2762,-0.10037,0.141411,-0.158265,0.0225964,0.133641,1.05,1.60831,0.62963,0.528464,0.631001,0.308269,0.677319,0.606432,420,133,0.0855263,1,1,1
h3,2775,33,1,304,5.88327,0,7146,6287,0.125883,0.00458527,0.0688896,0.171877,0.176891,1.05,1.11475,0.604938,0.495542,0.607682,0.347918,0.619721,0.553571,420,133,0.100869,-1,1,1
h3,2776,33,1,217,4.54048,1,3432,455,-0.147217,-0.0171223,-0.207756,0.0549622,0.0957922,1.05,0.827061,0.665295,0.563214,0.681756,0.372768,0.744209,0.690564,420,133,0.0873005,-1,1,1
h3,2777,33,1,152,1.98022,0,571,6200,-0.210078,0.0866566,0.0589724,0.13582,0.273643,1.05,1.18913,0.436214,0.383516,0.449931,0.460354,0.509683,0.438,420,133,0.0937427,-1,1,1
h3,2778,33,1,247,0.616543,1,7124,8806,0.134085,-0.23654,0.199126,0.0512199,0.295239,1.05,1.14024,0.758573,0.582647,0.765432,0.487942,0.614701,0.54259,420,133,0.085295,1,1,1
h3,2779,33,1,32,2.4584,0,7744,9405,0.145741,-0.00799942,0.189682,-0.0120964,0.0456628,1.05,0.99691,0.458162,0.496571,0.581619,0.265044,0.715626,0.681938,420,133,0.0949617,-1,1,1
h3,2780,33,1,81,0.68881,1,10762,239,0.23664,0.1789,-0.216723,0.0336475,0.476064,1.05,1.01592,0.650206,0.493827,0.650206,0.659398,0.527809,0.466931,420,133,0.0900883,-1,1,1
h3,2781,33,1,89,5.72246,0,361,10026,-0.214991,-0.0214424,0.240386,0.0726089,0.465003,1.05,0.998461,0.648834,0.512117,0.651578,0.562636,0.591266,0.526665,420,133,0.0885364,1,1,1
h3,2782,33,1,87,2.76887,1,10428,6193,0.215432,0.0409565,0.0657177,-0.36396,0.431708,1.05,1.08682,0.581619,0.477138,0.589849,0.600877,0.552222,0.496873,420,133,0.0935546,-1,1,1
h3,2783,33,1,297,4.92981,1,7839,8058,0.148783,-0.0432281,0.167182,0.0225811,0.0694786,1.05,0.972854,0.57476,0.496914,0.57476,0.288125,0.742809,0.69244,420,133,0.0911054,1,1,1
h3,2784,33,1,217,4.78158,0,3432,1977,-0.147217,-0.0171223,-0.184218,-0.039011,0.0453834,1.05,0.964457,0.550069,0.49337,0.57476,0.316806,0.726482,0.695267,420,133,0.124102,1,1,1
h3,2785,33,1,126,2.70289,1,6357,1114,0.0777397,-0.235508,-0.201098,-0.314653,0.289972,1.05,1.05096,0.792867,0.607682,0.812071,0.454168,0.702056,0.643014,420,133,0.0746617,-1,1,1
h3,2786,33,1,4,4.19498,1,8825,4943,0.163641,0.167528,-0.0757675,0.0259647,0.278219,1.05,0.977042,0.449931,0.38706,0.458162,0.44333,0.462721,0.388338,420,133,0.0828006,-1,1,1
h3,2787,33,1,277,0.538143,0,2945,10062,-0.153784,0.227482,0.253694,-0.00141907,0.467375,1.05,0.972958,0.593964,0.436557,0.593964,0.601581,0.430665,0.386102,420,133,0.0886698,-1,1,1
h3,2788,33,1,8,3.8806,1,9999,5836,0.199837,0.210627,0.0148602,-0.34856,0.589061,1.05,1.04503,0.713306,0.524348,0.713306,0.770658,0.534749,0.484177,420,133,0.0942071,-1,1,1
h3,2789,33,1,227,4.62627,1,6895,8240,0.117447,0.229137,0.166604,0.0456791,0.19008,1.05,1.16279,0.506173,0.432899,0.508916,0.354004,0.627453,0.568422,420,133,0.117499,1,1,1
h3,2790,33,1,140,2.95012,0,3904,10350,-0.141647,-0.0162334,0.23127,0.146095,0.407326,1.05,0.962753,0.689986,0.514975,0.694102,0.59264,0.558253,0.4988,420,133,0.112137,-1,1,1
h3,2791,33,1,84,5.92021,0,6511,2152,0.0874529,0.250929,-0.180785,0.0563087,0.331554,1.05,1.02701,0.665295,0.506173,0.665295,0.465567,0.598311,0.524382,420,133,0.0817741,-1,1,1
h3,2792,33,1,78,1.47862,1,324,9768,-0.224188,0.0509129,0.225801,0.155113,0.461912,1.05,1.14358,0.864198,0.612254,0.864198,0.632743,0.532552,0.4636,420,133,0.0952032,-1,1,1
h3,2793,33,1,63,1.27354,1,5177,9806,-0.0551548,0.00205994,0.185451,0.087574,0.25535,1.05,1.03819,0.508916,0.393576,0.508916,0.428017,0.45283,0.383462,420,133,0.0893181,-1,1,1
h3,2794,33,1,64,3.70463,1,3105,8142,-0.148769,0.158648,0.163936,0.005373,0.348249,1.05,1.13091,0.502058,0.377915,0.502058,0.561131,0.406706,0.35667,420,133,0.107946,-1,1,1
h3,2795,33,1,290,1.79248,1,4930,4472,-0.0825062,-0.343903,-0.110045,0.00181389,0.346812,1.05,1.05787,0.434842,0.390832,0.449931,0.469429,0.631565,0.560806,420,133,0.0987484,1,1,1
h3,2796,33,1,324,4.12281,0,4921,9047,-0.0815163,-0.194134,0.185042,0.0494537,0.36116,1.05,1.03988,0.603567,0.46925,0.603567,0.497771,0.600447,0.539052,420,133,0.0811846,1,1,1
h3,2797,33,1,347,1.65884,1,505,9907,-0.220177,0.104008,0.18798,0.0608387,0.410697,1.05,1.06842,0.809328,0.572702,0.809328,0.586747,0.533917,0.475629,420,133,0.104571,1,1,1
h3,2798,33,1,292,3.77611,0,1564,8186,-0.183478,0.217865,0.164949,-0.137177,0.49745,1.05,1.16064,0.748971,0.546639,0.748971,0.653876,0.51838,0.453109,420,133,0.0804407,1,1,1
h3,2799,33,1,295,4.24331,1,6429,3210,0.0807295,0.138372,-0.148473,0.170414,0.231523,1.05,1.00011,0.585734,0.453932,0.585734,0.333165,0.544436,0.449005,420,133,0.0784893,-1,1,1
h3,2800,33,1,251,1.94408,1,4139,4412,-0.13478,-0.061245,-0.130964,-0.357868,0.297698,1.05,1.03396,0.51989,0.417353,0.528121,0.496999,0.592984,0.540466,420,133,0.103335,1,1,1
h3,2801,33,1,106,0.758791,1,8738,8685,0.186513,0.180107,0.18151,-0.219723,0.399862,1.05,1.02757,0.773663,0.553955,0.773663,0.637559,0.634192,0.561328,420,133,0.112404,-1,1,1
h3,2802,33,1,265,2.47464,0,9994,29,0.249982,0.00729179,-0.241623,0.0271893,0.492033,1.05,1.0896,0.758573,0.579447,0.77915,0.679305,0.630037,0.580502,420,133,0.0796795,-1,1,1
h3,2803,33,1,323,4.29016,0,9776,9733,0.192008,-0.12038,0.207928,0.185408,0.306538,1.05,1.12794,0.744856,0.59808,0.747599,0.467888,0.667994,0.597123,420,133,0.0967313,-1,1,1
h3,2804,33,1,250,1.17317,0,2302,7408,-0.169047,0.140715,0.132648,0.0693226,0.310027,1.05,1.10435,0.348422,0.291038,0.352538,0.506536,0.328927,0.250418,420,133,0.105692,1,1,1
h3,2805,33,1,106,5.42108,1,8738,4467,0.186513,0.180107,-0.107621,0.0840092,0.309609,1.05,0.99948,0.572016,0.469021,0.585734,0.445177,0.508259,0.429702,420,133,0.082401,-1,1,1
h3,2806,33,1,127,3.78896,0,2482,5570,-0.163481,-0.00595093,-0.00832939,-0.0637875,0.166407,1.05,0.983562,0.465021,0.439415,0.482853,0.388845,0.644096,0.580941,420,133,0.105534,-1,1,1
h3,2807,33,1,71,1.26356,1,5804,8384,0.0182896,-0.361223,0.177158,-0.219469,0.213121,1.05,0.981209,0.73251,0.573274,0.740741,0.345703,0.870775,0.795215,420,133,0.0824613,-1,1,1
h3,2808,33,1,36,3.37453,0,4675,6261,-0.0965948,0.0406284,0.0644598,0.0265274,0.16171,1.05,0.86613,0.415638,0.36294,0.415638,0.366459,0.479778,0.410671,420,133,0.0936861,-1,1,1
h3,2809,33,1,215,0.79968,0,507,10053,-0.208806,0.0251598,0.208508,0.197411,0.45147,1.05,1.03031,0.828532,0.592707,0.828532,0.570423,0.548524,0.472225,420,133,0.114326,-1,1,1
h3,2810,33,1,21,0.116551,0,3593,456,-0.145467,0.131235,-0.205898,0.02458,0.123927,1.05,0.927461,0.694102,0.555556,0.694102,0.342382,0.728755,0.671355,420,133,0.0752152,-1,1,1
h3,2811,33,1,173,4.53772,1,10286,7651,0.189126,0.156836,0.14406,-0.0267239,0.19011,1.05,1.20782,0.644719,0.514518,0.654321,0.378012,0.684854,0.620896,420,133,0.122645,-1,1,1
h3,2812,33,1,340,4.97343,1,3313,4888,-0.153529,0.0467224,-0.0799408,0.139286,0.118466,1.05,1.10351,0.599451,0.511546,0.599451,0.32156,0.663827,0.605048,420,133,0.0844154,1,1,1
h3,2813,33,1,4,1.19624,0,8825,3181,0.163641,0.167528,-0.156769,-0.0370197,0.380598,1.05,1.02814,0.61454,0.48091,0.61454,0.523376,0.52126,0.448413,420,133,0.0836075,1,1,1
h3,2814,33,1,125,2.99821,0,454,3163,-0.216549,0.103605,-0.138236,0.0661755,0.0873974,1.05,1.72035,0.504801,0.501829,0.517147,0.293652,0.783179,0.753421,420,133,0.0889745,1,1,1
h3,2815,33,1,335,3.98506,0,464,5695,-0.226211,0.014286,0.00455379,-0.0640011,0.244445,1.05,1.06017,0.489712,0.427183,0.497942,0.444744,0.597756,0.530541,420,133,0.0916963,-1,1,1
h3,2816,33,1,143,4.49849,1,4100,10583,-0.14067,-0.164242,0.200101,0.113697,0.439935,1.05,1.06829,0.647462,0.495313,0.647462,0.619961,0.536179,0.47218,420,116,0.0851549,-1,1,1
h3,2817,33,1,75,2.40964,1,7934,5282,0.168866,0.0715923,-0.0450287,-0.249407,0.385778,1.05,1.05271,0.761317,0.558185,0.761317,0.633627,0.647315,0.555099,420,116,0.0826356,-1,1,1
h3,2818,33,1,222,0.0898659,0,3934,7150,-0.149994,-0.295912,0.139884,-0.321163,0.29099,1.05,1.09392,0.792867,0.592364,0.799726,0.426106,0.748927,0.674767,420,116,0.0792766,1,1,1
h3,2819,33,1,74,0.792197,0,8920,8439,0.171521,-0.18165,0.163742,0.177032,0.358916,1.05,1.11953,0.674897,0.541267,0.674897,0.559989,0.626847,0.552137,420,116,0.100027,1,1,1
h3,2820,33,1,133,1.87103,0,4070,2112,-0.125822,-0.0345516,-0.177341,0.0783653,0.124209,1.05,1.10465,0.482853,0.46925,0.533608,0.272343,0.615053,0.556933,420,116,0.106553,-1,1,1
h3,2821,33,1,281,5.61153,0,5959,10165,0.0327625,-0.189171,0.212129,0.131479,0.367497,1.05,1.08366,0.524005,0.406379,0.533608,0.546802,0.378895,0.313178,420,116,0.0888141,-1,1,1
h3,2822,33,1,298,3.86884,0,5919,9875,0.0271606,-0.319424,0.243848,0.00620651,0.391241,1.05,0.983429,0.839506,0.62963,0.839506,0.567877,0.783222,0.729219,420,116,0.0754708,1,1,1
h3,2823,33,1,240,3.76891,0,9047,2848,0.185042,0.0494537,-0.161739,0.175308,0.368944,1.05,1.04222,0.615912,0.442273,0.615912,0.550428,0.44253,0.367705,420,116,0.0933393,1,1,1
h3,2824,33,1,336,5.63878,1,2980,6063,-0.138364,0.0193405,0.0436325,-0.333645,0.397145,1.05,1.0365,0.838134,0.593393,0.838134,0.644187,0.663665,0.58302,420,116,0.0935343,-1,1,1
h3,2825,33,1,67,2.29485,0,4318,1253,-0.123474,-0.0361271,-0.189759,0.123882,0.175353,1.05,1.04937,0.572016,0.499428,0.603567,0.378489,0.565829,0.499424,420,116,0.106197,1,1,1
h3,2826,33,1,136,6.22974,1,92,2889,-0.244274,0.0134163,-0.141886,0.0096283,0.102472,1.05,1.06488,0.602195,0.54241,0.602195,0.331875,0.860779,0.795419,420,116,0.0865224,1,1,1
h3,2827,33,1,346,0.774293,0,6883,7424,0.116446,-0.263124,0.136314,0.0078373,0.271828,1.05,1.01503,0.665295,0.531664,0.665295,0.458498,0.714668,0.640204,420,116,0.0953218,1,1,1
h3,2828,33,1,88,0.40903,0,8379,3128,0.173752,-0.184019,-0.157376,0.126308,0.454265,1.05,1.09388,0.674897,0.5,0.674897,0.593087,0.553132,0.471481,420,116,0.0779809,-1,1,1
h3,2829,33,1,53,0.845224,1,346,751,-0.202495,-0.0312653,-0.222741,0.0577908,0.0935459,1.05,0.941511,0.635117,0.592593,0.659808,0.339235,0.862256,0.820305,420,116,0.0779799,-1,1,1
h3,2830,33,1,293,2.18653,0,2257,10929,-0.169982,0.165693,0.291339,0.0491753,0.475814,1.05,1.00819,0.916324,0.649291,0.916324,0.623938,0.627755,0.573504,420,116,0.10733,1,1,1
h3,2831,33,1,251,5.80508,1,4139,2296,-0.13478,-0.061245,-0.169459,0.173473,0.238061,1.05,1.06678,0.589849,0.508345,0.610425,0.368603,0.602279,0.532542,420,116,0.101381,1,1,1
h3,2832,33,1,90,1.97623,1,6647,5951,0.0965776,0.20997,0.0314846,-0.0923481,0.309341,1.05,1.02657,0.66118,0.471994,0.66118,0.549858,0.517469,0.451615,420,116,0.0896248,1,1,1
h3,2833,33,1,23,1.35665,0,4516,5971,-0.109116,-0.183537,0.0326862,-0.293928,0.179837,1.05,1.0418,0.646091,0.555213,0.679012,0.343676,0.769288,0.705487,420,116,0.0771837,1,1,1
h3,2834,33,1,271,3.0279,0,9670,10266,0.226532,0.108078,0.188025,0.175343,0.0775731,1.05,0.898589,0.626886,0.551669,0.626886,0.274856,0.808544,0.764459,420,116,0.0862095,1,1,1
h3,2835,33,1,97,1.04967,0,1810,260,-0.17927,-0.0922394,-0.239294,0.0961666,0.197737,1.05,1.28961,0.666667,0.509031,0.666667,0.476683,0.571462,0.503477,420,116,0.0922349,1,1,1
h3,2836,33,1,281,5.74926,1,5959,9013,0.0327625,-0.189171,0.172956,-0.095005,0.168886,1.05,1.10573,0.710562,0.560471,0.710562,0.455796,0.753996,0.675948,420,116,0.0779051,1,1,1
h3,2837,33,1,101,2.82987,1,7045,3319,0.118739,0.047718,-0.14101,0.123569,0.271246,1.05,1.04071,0.496571,0.384774,0.504801,0.397058,0.466233,0.379048,420,116,0.0817339,-1,1,1
h3,2838,33,1,221,1.039,0,3538,4420,-0.154474,0.0427647,-0.110363,0.0065403,0.0592598,1.05,0.594859,0.541838,0.477138,0.55144,0.285454,0.697997,0.65158,420,116,0.111349,1,1,1
h3,2839,33,1,272,3.29023,0,7898,10429,0.148517,0.059536,0.226273,0.173626,0.138867,1.05,1.07056,0.658436,0.53578,0.684499,0.328305,0.655727,0.609565,420,116,0.0930549,-1,1,1
h3,2840,33,1,88,5.87188,0,8379,2843,0.173752,-0.184019,-0.148023,0.0956688,0.426338,1.05,1.04439,0.641975,0.477709,0.641975,0.615213,0.554127,0.483173,420,116,0.0801648,-1,1,1
h3,2841,33,1,209,5.51635,1,3854,1743,-0.148292,-0.17313,-0.176919,0.176117,0.350634,1.05,1.02397,0.695473,0.546982,0.695473,0.550771,0.599933,0.531709,420,116,0.0890778,-1,1,1
h3,2842,33,1,106,6.12983,1,8738,8629,0.186513,0.180107,0.197109,0.11496,0.0660101,1.05,1.03108,0.521262,0.506173,0.561043,0.253915,0.7577,0.724802,420,116,0.0766589,1,1,1
h3,2843,33,1,56,5.8754,0,188,9327,-0.232367,0.0883503,0.183953,0.084053,0.416434,1.05,1.17867,0.847737,0.592593,0.847737,0.589,0.569978,0.510937,420,116,0.0896095,1,1,1
h3,2844,33,1,188,1.94371,0,2079,2954,-0.178904,-0.0141182,-0.155739,0.154613,0.171279,1.05,1.32028,0.666667,0.582305,0.69273,0.33789,0.731738,0.664635,420,116,0.0914184,1,1,1
h3,2845,33,1,151,2.42459,0,8681,4123,0.178658,0.0536366,-0.116298,0.117033,0.301994,1.05,1.13792,0.554184,0.441472,0.577503,0.450716,0.456081,0.370964,420,116,0.0859725,-1,1,1
h3,2846,33,1,164,5.42458,0,3718,8364,-0.146247,0.0971508,0.186026,-0.345881,0.55426,1.05,1.0917,0.714678,0.508002,0.716049,0.713283,0.576609,0.524834,420,116,0.0924113,1,1,1
h3,2847,33,1,85,0.625734,1,1685,7588,-0.186081,0.0130043,0.145427,-0.210114,0.39962,1.05,1.01967,0.636488,0.497028,0.639232,0.56187,0.555137,0.47664,420,116,0.0953645,-1,1,1
h3,2848,33,1,74,4.32999,0,8920,7327,0.171521,-0.18165,0.128899,0.135799,0.320304,1.05,1.15076,0.635117,0.542981,0.635117,0.563337,0.656616,0.577895,420,116,0.0941908,-1,1,1
h3,2849,33,1,10,0.452938,1,6119,765,0.0505409,-0.333649,-0.197266,0.0355663,0.444716,1.05,0.994703,0.765432,0.588134,0.765432,0.601375,0.748554,0.675387,420,116,0.0758185,1,1,1
h3,2850,33,1,105,2.59852,0,6653,4126,0.101091,-0.290726,-0.132741,-0.0189228,0.358726,1.05,1.11393,0.429355,0.362026,0.429355,0.530451,0.47547,0.39505,420,116,0.086283,1,1,1
h3,2851,33,1,310,2.73664,1,5736,6419,0.0105352,0.153805,0.0928688,-0.359951,0.520315,1.05,1.02716,0.600823,0.430384,0.600823,0.65824,0.467365,0.388685,420,116,0.0864231,-1,1,1
h3,2852,33,1,287,0.185362,0,1051,3344,-0.208361,0.0346947,-0.152141,-0.0309734,0.0882359,1.05,0.824749,0.544582,0.540581,0.581619,0.280126,0.795599,0.739896,420,116,0.096071,1,1,1
h3,2853,33,1,239,2.42599,1,10673,391,0.249535,0.139597,-0.22437,0.107225,0.475011,1.05,1.00006,0.817558,0.580361,0.817558,0.605871,0.551884,0.486241,420,116,0.098989,-1,1,1
h3,2854,33,1,333,5.54853,1,5034,7922,-0.0675898,-0.0653362,0.160799,-0.150734,0.243834,1.05,0.993809,0.552812,0.446616,0.577503,0.418661,0.510453,0.441491,420,116,0.0803118,1,1,1
h3,2855,33,1,71,1.90701,0,5804,2844,0.0182896,-0.361223,-0.154694,0.121157,0.512696,1.05,1.08021,0.389575,0.308299,0.389575,0.636108,0.274393,0.193433,420,116,0.0911088,1,1,1
h3,2856,33,1,247,5.50628,0,7124,5051,0.134085,-0.23654,-0.07374,-0.345968,0.235043,1.05,1.04963,0.866941,0.671125,0.879287,0.440863,0.81077,0.740076,420,116,0.0769783,1,1,1
h3,2857,33,1,286,0.891302,0,5732,10811,0.00300121,-0.348114,0.274262,0.0720901,0.500154,1.05,1.05022,0.916324,0.672268,0.916324,0.694682,0.777718,0.713568,420,116,0.0789188,1,1,1
h3,2858,33,1,193,3.31978,0,8574,1225,0.169032,0.197908,-0.204025,0.15465,0.375669,1.05,0.991963,0.644719,0.499428,0.648834,0.500753,0.539555,0.457929,420,116,0.0858836,1,1,1
h3,2859,33,1,25,5.44364,1,2870,2768,-0.167792,-0.278759,-0.163206,0.194113,0.472911,1.05,1.00671,0.515775,0.42684,0.539095,0.618296,0.595949,0.512108,420,116,0.0887285,1,1,1
h3,2860,33,1,92,4.4875,0,9933,1566,0.182489,0.200369,-0.190807,0.0500603,0.40317,1.05,0.981879,0.422497,0.320873,0.422497,0.530759,0.315446,0.251868,420,116,0.0944752,1,1,1
h3,2861,33,1,175,5.17514,0,5584,8961,-0.00572777,0.109005,0.172972,-0.24361,0.395416,1.05,1.04511,0.495199,0.369113,0.495199,0.559507,0.455188,0.381229,420,116,0.098897,1,1,1
h3,2862,33,1,270,2.5565,1,7665,2878,0.148676,-0.0868168,-0.164718,0.0897789,0.360588,1.05,1.0663,0.57476,0.436671,0.580247,0.519691,0.452833,0.383185,420,116,0.0804902,1,1,1
h3,2863,33,1,340,1.85345,1,3313,5004,-0.153529,0.0467224,-0.0702963,0.15049,0.133947,1.05,1.08585,0.632373,0.512689,0.632373,0.349933,0.644092,0.590723,420,116,0.103005,-1,1,1
h3,2864,33,1,109,4.66082,1,3851,5985,-0.142269,0.0964241,0.0376787,0.127686,0.185152,1.05,0.893863,0.379973,0.396662,0.43347,0.409091,0.532762,0.466711,420,116,0.098584,1,1,1
h3,2865,33,1,263,5.59498,0,10637,2333,0.239552,0.106575,-0.172496,-0.0979233,0.460003,1.05,1.02922,0.695473,0.496113,0.696845,0.639732,0.484484,0.43229,420,116,0.090847,-1,1,1
h3,2866,33,1,325,3.87999,0,1245,7938,-0.198516,0.195166,0.16092,-0.143999,0.494352,1.05,1.14774,0.70096,0.527549,0.70096,0.635457,0.507741,0.437749,420,116,0.080596,-1,1,1
h3,2867,33,1,36,2.22055,1,4675,9609,-0.0965948,0.0406284,0.180552,-0.0359726,0.287557,1.05,1.12338,0.559671,0.419982,0.559671,0.460021,0.412783,0.338401,420,116,0.0930858,-1,1,1
h3,2868,33,1,123,5.59167,0,526,836,-0.205878,0.083025,-0.219434,0.150934,0.0731369,1.05,1.08391,0.603567,0.543324,0.626886,0.259569,0.788017,0.755344,420,116,0.0840207,1,1,1
h3,2869,33,1,212,3.54244,0,1917,8423,-0.185428,-0.0455341,0.167121,0.080658,0.374457,1.05,1.0185,0.585734,0.428441,0.589849,0.526851,0.423256,0.357468,420,116,0.0901295,-1,1,1
h3,2870,33,1,79,1.81708,0,2753,7781,-0.153544,0.0422401,0.156899,0.0501766,0.310545,1.05,1.04203,0.44856,0.352309,0.44856,0.475045,0.396706,0.331013,420,116,0.094857,-1,1,1
h3,2871,33,1,167,3.76916,0,8147,6676,0.163493,0.0996017,0.100214,-0.345926,0.45002,1.05,1.06706,0.429355,0.361111,0.434842,0.681249,0.410586,0.323499,420,116,0.100306,1,1,1
h3,2872,33,1,343,1.87581,1,7016,3146,0.120867,-0.0550613,-0.16069,0.0860176,0.31543,1.05,1.06348,0.541838,0.417467,0.541838,0.432518,0.44967,0.384706,420,116,0.079943,-1,1,1
h3,2873,33,1,280,3.395,1,3801,7395,-0.154073,-0.327936,0.133338,0.152308,0.559678,1.05,1.06987,0.674897,0.526063,0.676269,0.685928,0.574909,0.48901,420,116,0.0756062,1,1,1
h3,2874,33,1,242,3.40303,0,8888,7779,0.194887,0.111317,0.15194,-0.0629807,0.179849,1.05,1.06953,0.696845,0.546868,0.696845,0.417402,0.729239,0.659207,420,116,0.0958633,1,1,1
h3,2875,33,1,217,1.54391,0,3432,1434,-0.147217,-0.0171223,-0.194928,0.154366,0.178132,1.05,1.22909,0.717421,0.575332,0.736626,0.38732,0.666355,0.611658,420,116,0.12143,1,1,1
h3,2876,33,1,271,6.26715,1,9670,7372,0.226532,0.108078,0.135268,-0.117701,0.243601,1.05,1.08995,0.58299,0.516461,0.620027,0.486063,0.700179,0.631952,420,116,0.107504,-1,1,1
h3,2877,33,1,133,5.69345,1,4070,6027,-0.125822,-0.0345516,0.0386009,-0.276375,0.292614,1.05,0.952517,0.713306,0.54904,0.735254,0.485191,0.676578,0.612723,420,116,0.085821,1,1,1
h3,2878,33,1,249,2.3983,0,1659,5761,-0.192745,0.141895,0.0124445,0.10737,0.208819,1.05,1.05062,0.41701,0.412094,0.462277,0.377804,0.555475,0.490295,420,116,0.107877,1,1,1
h3,2879,33,1,160,1.23425,1,2337,4602,-0.175541,-0.208475,-0.100665,0.0632458,0.281899,1.05,1.13244,0.727023,0.557842,0.743484,0.513262,0.710264,0.640275,420,116,0.0878897,1,1,1
