method,trial,seed,stage,bank_idx,yaw,mirror,idx_top,idx_move,rest_x_top,rest_y_top,rest_x_move,rest_y_move,rest_dist,target_ratio,meas_ratio,cov_plane,cov_yaw_mean,cov_yaw_max,vis_frac,extent_u,extent_v,drape_below_top,settle_steps,stretch_steps,p95_speed,x_sign,attached_ok,valid,kp_a,kp_b
h2o,0,23,1,104,3.17625,0,2603,10799,-0.165285,-0.0584602,0.263437,0.0320673,0.438271,1.05,1.0483,0.641407,0.495038,0.641407,0.951213,0.629026,0.538333,0.499224,166,142,0.0864759,1,1,1,,
h2o,1,23,1,327,4.05287,0,9518,2321,0.188826,-0.138889,-0.175213,0.0266457,0.399922,1.05,1.04376,0.588633,0.481619,0.588633,0.980539,0.545815,0.580813,0.541652,166,142,0.0764872,-1,1,1,,
h2o,2,23,1,257,5.13931,0,5403,10223,-0.0293579,0.15438,0.220568,-0.3497,0.562642,1.05,1.01718,0.807848,0.558638,0.807848,0.988414,0.680457,0.466361,0.428216,166,142,0.0715685,1,1,1,,
h2o,3,23,1,2,0.391637,0,5149,11020,-0.0562,-0.0474091,0.303155,0.0555534,0.373955,1.05,1.13446,0.525034,0.426703,0.525034,0.973479,0.568787,0.483645,0.447043,166,142,0.081969,-1,1,1,,
h2o,4,23,1,122,4.3806,1,4608,10724,-0.0995522,0.0375547,0.243025,0.0201931,0.343083,1.05,0.998265,0.603518,0.477447,0.603518,0.975652,0.48795,0.577143,0.538,166,142,0.0846554,1,1,1,,
h2o,5,23,1,118,5.44503,1,7523,701,0.136505,0.0447369,-0.206488,0.0147448,0.344701,1.05,0.981155,0.623816,0.489964,0.623816,0.968592,0.483805,0.603866,0.561756,166,142,0.0817969,-1,1,1,,
h2o,6,23,1,249,5.02762,0,1659,10319,-0.197803,0.143081,0.218443,-0.350504,0.645899,1.05,1.07861,0.694181,0.495489,0.694181,0.95773,0.803713,0.553523,0.517914,166,142,0.10569,1,1,1,,
h2o,7,23,1,76,5.38963,1,3124,10220,-0.14763,0.101171,0.259644,0.0148249,0.416871,1.05,0.980453,0.753721,0.559766,0.753721,0.982893,0.56396,0.59729,0.559933,166,142,0.0885913,-1,1,1,,
h2o,8,23,1,115,2.05764,0,3069,10937,-0.145492,-0.0775471,0.289397,0.0464954,0.452233,1.05,1.05419,0.635995,0.501353,0.635995,0.936278,0.647857,0.542472,0.504801,166,142,0.0777774,1,1,1,,
h2o,9,23,1,215,0.27931,1,507,10789,-0.213582,0.0269527,0.249859,0.0291271,0.463624,1.05,1.08168,0.797023,0.595174,0.797023,0.971307,0.62972,0.624432,0.586394,166,142,0.0969789,-1,1,1,,
h2o,10,23,1,39,6.10663,1,4259,11020,-0.13658,-0.327162,0.303155,0.0555534,0.582999,1.05,1.08316,0.711773,0.563374,0.721245,0.982802,0.693121,0.683111,0.650828,166,142,0.0732062,-1,1,1,,
h2o,11,23,1,143,5.39866,0,4100,10964,-0.14479,-0.16378,0.293804,0.0493984,0.487871,1.05,1.02159,0.607578,0.510487,0.607578,0.968592,0.65793,0.518343,0.481413,166,142,0.0791729,-1,1,1,,
h2o,12,23,1,219,2.74274,0,6988,2656,0.120147,-0.0917082,-0.171974,0.0319891,0.317384,1.05,1.18722,0.519621,0.42535,0.546685,0.983617,0.498721,0.531028,0.492701,166,142,0.0855905,-1,1,1,,
h2o,13,23,1,130,2.8874,0,6535,2656,0.0918465,-0.112683,-0.171974,0.0319891,0.301181,1.05,0.896294,0.485792,0.414975,0.49797,0.948135,0.459856,0.466071,0.427234,166,142,0.0838089,1,1,1,,
h2o,14,23,1,220,6.11294,1,2899,10302,-0.15342,0.17578,0.221416,-0.349933,0.645759,1.05,1.11657,0.669824,0.4788,0.669824,0.990405,0.777385,0.53266,0.496009,166,142,0.0909612,1,1,1,,
h2o,15,23,1,339,2.03404,0,7784,2722,0.15093,-0.121492,-0.168968,0.0315943,0.354768,1.05,1.10554,0.580514,0.466283,0.580514,0.959359,0.529572,0.531151,0.493121,166,142,0.0747595,-1,1,1,,
h2o,16,23,1,344,3.58942,1,4127,10937,-0.144,-0.176621,0.289397,0.0464954,0.487598,1.05,0.991036,0.62111,0.522215,0.62111,0.96298,0.635192,0.532424,0.49558,166,142,0.0796043,-1,1,1,,
h2o,17,23,1,38,5.76183,1,1188,10302,-0.208497,0.176662,0.221416,-0.349933,0.679927,1.05,1.10954,0.669824,0.521538,0.669824,0.930576,0.815148,0.547123,0.507011,166,142,0.0846152,1,1,1,,
h2o,18,23,1,277,6.09916,0,2945,10071,-0.153925,0.225586,0.216153,-0.349744,0.68417,1.05,0.985967,0.730717,0.524132,0.730717,0.992849,0.794538,0.53114,0.490285,166,142,0.0769261,-1,1,1,,
h2o,19,23,1,198,5.49028,1,4867,11020,-0.090291,-0.364799,0.303155,0.0555534,0.575757,1.05,1.12895,0.799729,0.600925,0.799729,0.983255,0.699373,0.720533,0.691466,166,142,0.079246,1,1,1,,
h2o,20,23,1,339,3.80697,1,7784,2722,0.15093,-0.121492,-0.168968,0.0315943,0.354768,1.05,1.11851,0.608931,0.461773,0.608931,0.983526,0.544656,0.538178,0.500023,166,142,0.0767413,1,1,1,,
h2o,21,23,1,7,1.58403,1,164,10761,-0.228683,0.0248613,0.242189,0.0247355,0.470924,1.05,1.0962,0.767253,0.591452,0.767253,0.94714,0.629194,0.6353,0.597475,166,142,0.0832527,-1,1,1,,
h2o,22,23,1,26,0.952932,1,6899,2656,0.114516,-0.104408,-0.171974,0.0319891,0.317448,1.05,1.1808,0.560217,0.437979,0.579161,0.990949,0.533494,0.520709,0.483193,166,142,0.0820858,1,1,1,,
h2o,23,23,1,193,2.63724,0,8574,648,0.168073,0.197257,-0.221532,-0.344461,0.667271,1.05,1.00877,0.698241,0.51184,0.698241,0.978548,0.822205,0.548529,0.51311,166,142,0.0774967,1,1,1,,
h2o,24,23,1,18,3.34374,1,3981,10805,-0.139802,-0.0293493,0.268006,0.0343542,0.413256,1.05,0.979218,0.604871,0.493798,0.604871,0.952842,0.58234,0.567043,0.527661,166,142,0.0978828,-1,1,1,,
h2o,25,23,1,310,4.91815,1,5736,637,0.0100317,0.152995,-0.225911,-0.343884,0.550055,1.05,1.00149,0.82138,0.567321,0.82138,0.979363,0.684002,0.460375,0.423039,166,142,0.0744198,1,1,1,,
h2o,26,23,1,82,2.91308,1,9822,2722,0.203203,-0.0965261,-0.168968,0.0315943,0.393672,1.05,1.08508,0.588633,0.491994,0.588633,0.969949,0.548064,0.620156,0.578899,166,142,0.0777347,-1,1,1,,
h2o,27,23,1,313,3.4469,0,5217,11039,-0.0566778,-0.301027,0.307079,0.0587711,0.511639,1.05,1.04431,0.79567,0.587055,0.79567,0.993755,0.701829,0.710696,0.680204,166,142,0.108132,-1,1,1,,
h2o,28,23,1,299,3.59137,1,5677,637,0.00459671,0.232164,-0.225911,-0.343884,0.620506,1.05,1.04907,0.73207,0.513645,0.73207,0.999095,0.74474,0.437788,0.399994,166,142,0.082339,1,1,1,,
h2o,29,23,1,75,5.39266,1,7934,72,0.171374,0.0701742,-0.233176,-0.00211048,0.41111,1.05,1.02315,0.679296,0.523906,0.679296,0.976919,0.58327,0.592571,0.550897,166,142,0.0810289,1,1,1,,
h2o,30,23,1,314,0.949101,1,8872,342,0.16515,0.127512,-0.21721,-0.0219126,0.410556,1.05,1.13462,0.65088,0.507668,0.652233,0.97185,0.556943,0.58664,0.543371,166,142,0.0878076,-1,1,1,,
h2o,31,23,1,256,5.71931,1,10399,648,0.19195,0.136701,-0.221532,-0.344461,0.634498,1.05,1.04496,0.664411,0.511164,0.664411,0.977462,0.788671,0.583394,0.546775,166,142,0.0975363,1,1,1,,
h2o,32,23,1,351,1.25517,1,7516,701,0.141013,0.046752,-0.206488,0.0147448,0.348997,1.05,1.12251,0.657645,0.500902,0.657645,0.972122,0.535036,0.592485,0.551046,166,142,0.0820752,-1,1,1,,
h2o,33,23,1,122,1.09645,0,4608,10724,-0.0995522,0.0375547,0.243025,0.0201931,0.343083,1.05,1.10663,0.640054,0.474966,0.640054,0.954471,0.55059,0.570739,0.531598,166,142,0.0911475,-1,1,1,,
h2o,34,23,1,352,1.07908,1,3098,10220,-0.157702,0.096343,0.259644,0.0148249,0.425865,1.05,1.01782,0.741543,0.553112,0.741543,0.976104,0.606769,0.593368,0.556075,166,142,0.0890346,1,1,1,,
h2o,35,23,1,347,0.0591234,0,505,10101,-0.224547,0.105239,0.261808,0.0116415,0.495633,1.05,0.9686,0.828146,0.609382,0.834912,0.953838,0.63296,0.630137,0.590328,166,142,0.0936815,1,1,1,,
h2o,36,23,1,287,2.1152,0,1051,10776,-0.210366,0.0357733,0.246222,0.0283003,0.457911,1.05,1.03393,0.726658,0.565291,0.726658,0.977915,0.578696,0.623356,0.583336,166,142,0.0886946,1,1,1,,
h2o,37,23,1,340,4.92368,1,3313,10724,-0.153981,0.0492144,0.243025,0.0201931,0.398549,1.05,1.0819,0.713126,0.524357,0.713126,0.993755,0.610163,0.590055,0.549587,166,142,0.0909937,1,1,1,,
h2o,38,23,1,176,0.23801,1,778,10671,-0.214787,0.0686798,0.247333,0.0181856,0.465514,1.05,1.07171,0.799729,0.600248,0.799729,0.978005,0.620471,0.629472,0.589366,166,142,0.088876,-1,1,1,,
h2o,39,23,1,211,6.11836,1,7339,315,0.138421,0.0629673,-0.22013,0.00793266,0.362789,1.05,1.08695,0.660352,0.500677,0.660352,0.98769,0.559463,0.587912,0.544709,166,142,0.0823206,-1,1,1,,
h2o,40,23,1,313,4.73562,1,5217,11039,-0.0566778,-0.301027,0.307079,0.0587711,0.511639,1.05,1.03386,0.756428,0.572959,0.756428,0.978005,0.627739,0.716795,0.686322,166,142,0.100123,1,1,1,,
h2o,41,23,1,253,4.17477,0,3937,10776,-0.119375,0.0517731,0.246222,0.0283003,0.366449,1.05,0.941934,0.470907,0.401218,0.489851,0.9771,0.497551,0.542087,0.501757,166,142,0.0931466,-1,1,1,,
h2o,42,23,1,188,3.54769,1,2079,10789,-0.179712,-0.0130205,0.249859,0.0291271,0.43193,1.05,1.10446,0.705007,0.537551,0.705007,0.974928,0.609083,0.584758,0.545092,166,142,0.0977329,-1,1,1,,
h2o,43,23,1,263,5.45698,0,10637,352,0.244489,0.109913,-0.212672,-0.0238752,0.476433,1.05,1.07988,0.876861,0.633175,0.876861,0.991039,0.65731,0.643357,0.599537,166,142,0.0829203,1,1,1,,
h2o,44,23,1,343,5.94376,1,7016,2593,0.122238,-0.0571213,-0.171199,0.0292711,0.305906,1.05,1.12948,0.566982,0.445873,0.566982,0.941256,0.487539,0.543316,0.504237,166,142,0.0779472,-1,1,1,,
h2o,45,23,1,291,0.578335,0,4918,10995,-0.0756617,-0.0325499,0.298259,0.0525551,0.383483,1.05,0.928641,0.4682,0.409901,0.477673,0.891745,0.507145,0.467519,0.430521,166,142,0.102027,1,1,1,,
h2o,46,23,1,183,5.47766,1,4310,11020,-0.13359,-0.343275,0.303155,0.0555534,0.591581,1.05,1.10163,0.703654,0.559202,0.703654,0.9647,0.706217,0.69404,0.662824,166,142,0.0717276,1,1,1,,
h2o,47,23,1,353,3.24885,1,8151,315,0.154578,0.05163,-0.22013,0.00793266,0.377248,1.05,1.09637,0.687415,0.516464,0.687415,0.974294,0.566631,0.592537,0.549582,166,142,0.0812908,1,1,1,,
h2o,0,23,2,104,3.17625,0,10799,4103,0.263437,0.0320673,-0.149307,-0.339933,0.555661,1.05,1.07352,0.492557,0.39558,0.492557,0.908309,0.702929,0.429042,0.363726,327,158,0.0815116,-1,1,1,,
h2o,1,23,2,327,4.05287,0,2321,10195,-0.175213,0.0266457,0.219747,-0.341613,0.540021,1.05,1.08701,0.572395,0.490866,0.583221,0.952027,0.632173,0.681604,0.641034,327,158,0.0732483,1,1,1,,
h2o,2,23,2,257,5.13931,0,10223,4103,0.220568,-0.3497,-0.149307,-0.339933,0.370034,1.05,1.07653,0.913396,0.661029,0.91475,0.997918,0.477983,0.744655,0.673128,327,158,0.0716945,1,1,1,,
h2o,3,23,2,2,0.391637,0,11020,4103,0.303155,0.0555534,-0.149307,-0.339933,0.600956,1.05,1.03687,0.508796,0.411705,0.519621,0.764663,0.729917,0.446842,0.383978,327,158,0.0745199,-1,1,1,,
h2o,4,23,2,122,4.3806,1,10724,4103,0.243025,0.0201931,-0.149307,-0.339933,0.532666,1.05,1.06533,0.635995,0.540708,0.663058,0.96126,0.620001,0.683859,0.620894,327,158,0.0747965,1,1,1,,
h2o,5,23,2,118,5.44503,1,701,10195,-0.206488,0.0147448,0.219747,-0.341613,0.555581,1.05,1.05142,0.679296,0.516238,0.691475,0.984794,0.65995,0.681153,0.639042,327,158,0.0742665,-1,1,1,,
h2o,6,23,2,249,5.02762,0,10319,4103,0.218443,-0.350504,-0.149307,-0.339933,0.367924,1.05,1.08829,0.480379,0.417456,0.480379,0.931028,0.473161,0.647379,0.578325,327,158,0.0765567,1,1,1,,
h2o,7,23,2,76,5.38963,1,10220,4103,0.259644,0.0148249,-0.149307,-0.339933,0.541483,1.05,1.09167,0.341001,0.333897,0.376184,0.80992,0.622743,0.319286,0.25535,327,158,0.0763618,-1,1,1,,
h2o,8,23,2,115,2.05764,0,10937,4103,0.289397,0.0464954,-0.149307,-0.339933,0.584641,1.05,1.00675,0.682003,0.5371,0.682003,0.95945,0.720739,0.681504,0.615591,327,158,0.0794101,-1,1,1,,
h2o,9,23,2,215,0.27931,1,10789,4103,0.249859,0.0291271,-0.149307,-0.339933,0.543727,1.05,1.10552,0.671177,0.516013,0.683356,0.988776,0.643879,0.698776,0.63528,327,158,0.0768345,-1,1,1,,
h2o,10,23,2,39,6.10663,1,11020,4103,0.303155,0.0555534,-0.149307,-0.339933,0.600956,1.05,1.08197,0.723951,0.563036,0.723951,0.972574,0.734919,0.676069,0.611332,327,158,0.0704236,1,1,1,,
h2o,11,23,2,143,5.39866,0,10964,4103,0.293804,0.0493984,-0.149307,-0.339933,0.589867,1.05,1.00155,0.719892,0.545444,0.719892,0.965424,0.723798,0.684008,0.619063,327,158,0.0876909,1,1,1,,
h2o,12,23,2,219,2.74274,0,2656,10195,-0.171974,0.0319891,0.219747,-0.341613,0.541331,1.05,1.07814,0.679296,0.52041,0.691475,0.964066,0.657623,0.680743,0.642415,327,158,0.0905448,1,1,1,,
h2o,13,23,2,130,2.8874,0,2656,10195,-0.171974,0.0319891,0.219747,-0.341613,0.541331,1.05,1.01168,0.548038,0.413848,0.548038,0.964337,0.66597,0.496323,0.457486,327,158,0.0885031,-1,1,1,,
h2o,14,23,2,220,6.11294,1,10302,4103,0.221416,-0.349933,-0.149307,-0.339933,0.370859,1.05,1.01869,0.949932,0.680762,0.949932,1,0.46234,0.755123,0.684955,327,158,0.0733982,1,1,1,,
h2o,15,23,2,339,2.03404,0,2722,10195,-0.168968,0.0315943,0.219747,-0.341613,0.538872,1.05,1.07353,0.634641,0.531123,0.634641,0.959269,0.643309,0.676212,0.635976,327,158,0.0767861,1,1,1,,
h2o,16,23,2,344,3.58942,1,10937,4103,0.289397,0.0464954,-0.149307,-0.339933,0.584641,1.05,1.11744,0.658999,0.539806,0.658999,0.95601,0.677032,0.677731,0.611536,327,158,0.0734274,-1,1,1,,
h2o,17,23,2,38,5.76183,1,10302,4103,0.221416,-0.349933,-0.149307,-0.339933,0.370859,1.05,1.06787,0.480379,0.401331,0.480379,0.963251,0.536237,0.648211,0.576468,327,158,0.0805542,1,1,1,,
h2o,18,23,2,277,6.09916,0,10071,4103,0.216153,-0.349744,-0.149307,-0.339933,0.365663,1.05,1.12033,0.959405,0.696437,0.959405,0.996289,0.456673,0.747001,0.6726,327,158,0.0715039,1,1,1,,
h2o,19,23,2,198,5.49028,1,11020,4103,0.303155,0.0555534,-0.149307,-0.339933,0.600956,1.05,1.07417,0.700947,0.544881,0.703654,0.97357,0.723552,0.673909,0.611424,327,158,0.0722375,-1,1,1,,
h2o,20,23,2,339,3.80697,1,2722,10195,-0.168968,0.0315943,0.219747,-0.341613,0.538872,1.05,1.02374,0.619756,0.52447,0.619756,0.938812,0.671137,0.669684,0.631529,327,158,0.0742412,1,1,1,,
h2o,21,23,2,7,1.58403,1,10761,4103,0.242189,0.0247355,-0.149307,-0.339933,0.535166,1.05,1.1046,0.404601,0.331642,0.411367,0.929942,0.64834,0.338641,0.275458,327,158,0.0774645,-1,1,1,,
h2o,22,23,2,26,0.952932,1,2656,10195,-0.171974,0.0319891,0.219747,-0.341613,0.541331,1.05,1.08175,0.49797,0.396031,0.506089,0.836894,0.646343,0.483939,0.446424,327,158,0.0880789,-1,1,1,,
h2o,23,23,2,193,2.63724,0,648,10195,-0.221532,-0.344461,0.219747,-0.341613,0.441288,1.05,1.02767,1.06901,0.740302,1.06901,0.999819,0.529155,0.738559,0.694984,327,158,0.0708359,1,1,1,,
h2o,24,23,2,18,3.34374,1,10805,4103,0.268006,0.0343542,-0.149307,-0.339933,0.560587,1.05,1.10087,0.399188,0.340889,0.399188,0.863324,0.696145,0.32763,0.264222,327,158,0.0719025,-1,1,1,,
h2o,25,23,2,310,4.91815,1,637,10195,-0.225911,-0.343884,0.219747,-0.341613,0.445666,1.05,1.09072,0.526387,0.429296,0.538566,0.940351,0.596539,0.628237,0.550089,327,158,0.0840612,1,1,1,,
h2o,26,23,2,82,2.91308,1,2722,10195,-0.168968,0.0315943,0.219747,-0.341613,0.538872,1.05,1.09057,0.649526,0.518494,0.65088,0.90134,0.623035,0.688651,0.645957,327,158,0.0803642,1,1,1,,
h2o,27,23,2,313,3.4469,0,11039,4103,0.307079,0.0587711,-0.149307,-0.339933,0.606029,1.05,1.07079,0.481732,0.391971,0.481732,0.911568,0.712476,0.430166,0.369672,327,158,0.0776336,-1,1,1,,
h2o,28,23,2,299,3.59137,1,637,10195,-0.225911,-0.343884,0.219747,-0.341613,0.445666,1.05,1.02919,0.786198,0.608931,0.786198,0.93483,0.555802,0.687965,0.60608,327,158,0.0802702,1,1,1,,
h2o,29,23,2,75,5.39266,1,72,10195,-0.233176,-0.00211048,0.219747,-0.341613,0.566086,1.05,1.06075,0.618403,0.509247,0.618403,0.953385,0.636086,0.675198,0.633525,327,158,0.0753591,1,1,1,,
h2o,30,23,2,314,0.949101,1,342,10195,-0.21721,-0.0219126,0.219747,-0.341613,0.541423,1.05,1.02444,0.483085,0.381371,0.491204,0.954924,0.674804,0.480415,0.437146,327,158,0.0741088,-1,1,1,,
h2o,31,23,2,256,5.71931,1,648,10195,-0.221532,-0.344461,0.219747,-0.341613,0.441288,1.05,1.10069,0.641407,0.493347,0.641407,0.974566,0.523769,0.720891,0.666152,327,158,0.0769101,1,1,1,,
h2o,32,23,2,351,1.25517,1,701,10195,-0.206488,0.0147448,0.219747,-0.341613,0.555581,1.05,1.074,0.525034,0.446098,0.533153,0.931209,0.686096,0.509028,0.46759,327,158,0.0768691,1,1,1,,
h2o,33,23,2,122,1.09645,0,10724,4103,0.243025,0.0201931,-0.149307,-0.339933,0.532666,1.05,1.07728,0.462788,0.376748,0.464141,0.941528,0.653268,0.414713,0.350358,327,158,0.0736288,-1,1,1,,
h2o,34,23,2,352,1.07908,1,10220,4103,0.259644,0.0148249,-0.149307,-0.339933,0.541483,1.05,1.08431,0.393775,0.36378,0.405954,0.838704,0.641344,0.358314,0.294994,327,158,0.078633,1,1,1,,
h2o,35,23,2,347,0.0591234,0,10101,4103,0.261808,0.0116415,-0.149307,-0.339933,0.54102,1.05,1.05048,0.4682,0.39885,0.4682,0.840695,0.689342,0.417386,0.355734,327,158,0.0852852,-1,1,1,,
h2o,36,23,2,287,2.1152,0,10776,4103,0.246222,0.0283003,-0.149307,-0.339933,0.540553,1.05,1.05541,0.663058,0.549729,0.677943,0.96479,0.675797,0.679248,0.613838,327,158,0.0713758,1,1,1,,
h2o,37,23,2,340,4.92368,1,10724,4103,0.243025,0.0201931,-0.149307,-0.339933,0.532666,1.05,1.06824,0.470907,0.376522,0.470907,0.922973,0.671765,0.43646,0.377202,327,158,0.0762061,-1,1,1,,
h2o,38,23,2,176,0.23801,1,10671,4103,0.247333,0.0181856,-0.149307,-0.339933,0.534486,1.05,1.11177,0.677943,0.518268,0.683356,0.982983,0.632873,0.702899,0.63877,327,158,0.0741829,-1,1,1,,
h2o,39,23,2,211,6.11836,1,315,10195,-0.22013,0.00793266,0.219747,-0.341613,0.561848,1.05,1.05345,0.682003,0.520185,0.684709,0.961079,0.696846,0.676166,0.632963,327,158,0.0812489,1,1,1,,
h2o,40,23,2,313,4.73562,1,11039,4103,0.307079,0.0587711,-0.149307,-0.339933,0.606029,1.05,1.07646,0.721245,0.551195,0.721245,0.969044,0.747841,0.675621,0.609985,327,158,0.0731257,-1,1,1,,
h2o,41,23,2,253,4.17477,0,10776,4103,0.246222,0.0283003,-0.149307,-0.339933,0.540553,1.05,1.06247,0.451962,0.358931,0.451962,0.958182,0.653415,0.42675,0.359594,327,158,0.0876153,1,1,1,,
h2o,42,23,2,188,3.54769,1,10789,4103,0.249859,0.0291271,-0.149307,-0.339933,0.543727,1.05,1.07471,0.694181,0.550857,0.699594,0.981535,0.681814,0.681051,0.616574,327,158,0.073404,-1,1,1,,
h2o,43,23,2,263,5.45698,0,352,10195,-0.212672,-0.0238752,0.219747,-0.341613,0.536603,1.05,1.05446,0.714479,0.531913,0.714479,0.973117,0.63442,0.690504,0.646684,327,158,0.0710098,1,1,1,,
h2o,44,23,2,343,5.94376,1,2593,10195,-0.171199,0.0292711,0.219747,-0.341613,0.538886,1.05,1.07651,0.657645,0.526838,0.667118,0.968592,0.661327,0.678552,0.637253,327,158,0.0711562,1,1,1,,
h2o,45,23,2,291,0.578335,0,10995,4103,0.298259,0.0525551,-0.149307,-0.339933,0.595297,1.05,1.0913,0.669824,0.528981,0.669824,0.975199,0.675983,0.6818,0.615251,327,158,0.0874871,1,1,1,,
h2o,46,23,2,183,5.47766,1,11020,4103,0.303155,0.0555534,-0.149307,-0.339933,0.600956,1.05,1.07081,0.691475,0.547474,0.691475,0.957096,0.734474,0.672675,0.608534,327,158,0.0710402,-1,1,1,,
h2o,47,23,2,353,3.24885,1,315,10195,-0.22013,0.00793266,0.219747,-0.341613,0.561848,1.05,1.05408,0.654939,0.52447,0.654939,0.957368,0.678497,0.682065,0.63911,327,158,0.0729921,1,1,1,,
h2o,48,23,1,290,0.246552,1,4930,11020,-0.0841923,-0.345897,0.303155,0.0555534,0.557853,1.05,1.02493,0.764547,0.577357,0.764547,0.985246,0.715361,0.711679,0.681759,182,148,0.0740231,1,1,1,,
h2o,49,23,1,190,2.03349,0,5189,10223,-0.0536251,0.130065,0.220568,-0.3497,0.55266,1.05,1.01433,0.7023,0.498421,0.7023,0.992578,0.695984,0.466951,0.429934,182,148,0.0745529,-1,1,1,,
h2o,50,23,1,158,4.16273,0,4264,10789,-0.121224,0.0300894,0.249859,0.0291271,0.372387,1.05,0.935898,0.491204,0.413284,0.495264,0.970854,0.544635,0.53178,0.491273,182,148,0.0986712,1,1,1,,
h2o,51,23,1,169,4.96233,0,7697,2116,0.153365,-0.193701,-0.181526,0.0322046,0.40403,1.05,0.99617,0.577808,0.45839,0.577808,0.964066,0.542578,0.543643,0.505089,182,148,0.0906545,-1,1,1,,
h2o,52,23,1,205,5.06465,1,1025,10724,-0.194922,0.0379896,0.243025,0.0201931,0.438358,1.05,1.04605,0.627876,0.495377,0.629229,0.972212,0.591937,0.561437,0.522886,182,148,0.0978749,1,1,1,,
h2o,53,23,1,100,4.30284,1,8821,648,0.193553,0.181613,-0.221532,-0.344461,0.670112,1.05,1.10063,0.684709,0.519621,0.684709,0.945782,0.82139,0.546093,0.510774,182,148,0.0813214,1,1,1,,
h2o,54,23,1,136,4.75641,1,92,10776,-0.244627,0.0152769,0.246222,0.0283003,0.491247,1.05,1.09054,0.802436,0.602052,0.806495,0.969587,0.628089,0.657318,0.618433,182,148,0.0791883,-1,1,1,,
h2o,55,23,1,307,1.33973,1,8510,72,0.157315,0.117609,-0.233176,-0.00211048,0.408547,1.05,1.07707,0.717185,0.530334,0.717185,0.980992,0.585787,0.601104,0.558677,182,148,0.088821,1,1,1,,
h2o,56,23,1,223,1.7404,0,3557,10671,-0.136601,0.0734262,0.247333,0.0181856,0.388986,1.05,1.08705,0.699594,0.521313,0.699594,0.981173,0.586325,0.590837,0.550627,182,148,0.0893707,1,1,1,,
h2o,57,23,1,321,1.07835,0,202,9877,-0.238649,0.0947599,0.212112,-0.349735,0.633122,1.05,1.09637,0.728011,0.540483,0.728011,0.926865,0.785359,0.615546,0.576784,182,148,0.0815172,1,1,1,,
h2o,58,23,1,279,2.44586,0,3422,10907,-0.155558,-0.0219336,0.285009,0.043849,0.445451,1.05,1.06814,0.707713,0.528981,0.707713,0.982078,0.640986,0.577317,0.53789,182,148,0.0923703,-1,1,1,,
h2o,59,23,1,324,3.35195,1,4921,11039,-0.0819941,-0.194568,0.307079,0.0587711,0.464307,1.05,0.983953,0.580514,0.480153,0.580514,0.956282,0.61832,0.575427,0.542381,182,148,0.0751252,-1,1,1,,
h2o,60,23,1,180,5.45608,0,10765,660,0.254679,0.146768,-0.221345,-0.344113,0.683786,1.05,1.03659,0.734777,0.529206,0.738836,0.985337,0.794745,0.608469,0.573627,182,148,0.0939555,1,1,1,,
h2o,61,23,1,14,1.72447,1,5570,11020,-0.00861263,-0.0676823,0.303155,0.0555534,0.335289,1.05,1.13743,0.500677,0.445422,0.500677,0.933834,0.548433,0.558483,0.525877,182,148,0.0762168,-1,1,1,,
h2o,62,23,1,269,2.57973,0,4914,10776,-0.0770493,0.0686874,0.246222,0.0283003,0.325896,1.05,0.915587,0.511502,0.423094,0.512855,0.948135,0.448098,0.565199,0.524955,182,148,0.084071,1,1,1,,
h2o,63,23,1,316,2.74018,1,1300,10319,-0.194173,0.133158,0.218443,-0.350504,0.635752,1.05,1.07616,0.692828,0.509472,0.692828,0.943791,0.801783,0.558491,0.523505,182,148,0.102154,-1,1,1,,
h2o,64,23,1,337,4.7071,1,3682,10907,-0.146759,-0.12038,0.285009,0.043849,0.461947,1.05,0.994099,0.565629,0.484438,0.566982,0.961532,0.58755,0.527101,0.490068,182,148,0.0800226,1,1,1,,
h2o,65,23,1,78,0.491183,0,324,10724,-0.229259,0.0522089,0.243025,0.0201931,0.473883,1.05,1.03356,0.787551,0.578372,0.787551,0.98941,0.620896,0.635809,0.595704,182,148,0.102693,-1,1,1,,
h2o,66,23,1,273,0.122493,0,108,10776,-0.231538,0.000965118,0.246222,0.0283003,0.47874,1.05,1.09031,0.79161,0.587957,0.79161,0.981807,0.631294,0.625155,0.587325,182,148,0.0898739,1,1,1,,
h2o,67,23,1,155,5.67101,0,64,10724,-0.240623,0.0421953,0.243025,0.0201931,0.484196,1.05,1.02154,0.782138,0.579612,0.782138,0.939989,0.619344,0.639862,0.599924,182,148,0.0803821,1,1,1,,
h2o,68,23,1,168,2.13758,1,4388,11039,-0.121037,-0.252244,0.307079,0.0587711,0.529224,1.05,1.0717,0.65088,0.518494,0.65088,0.964247,0.674717,0.623149,0.587709,182,148,0.0735843,-1,1,1,,
h2o,69,23,1,172,2.54132,1,9878,2722,0.197829,-0.145813,-0.168968,0.0315943,0.407448,1.05,1.04036,0.568336,0.476319,0.59134,0.984975,0.52973,0.590369,0.55073,182,148,0.0801173,1,1,1,,
h2o,70,23,1,164,4.37635,1,3718,10220,-0.150967,0.0987282,0.259644,0.0148249,0.420538,1.05,0.996575,0.733424,0.550068,0.733424,0.976376,0.587312,0.593882,0.555882,182,148,0.0920036,-1,1,1,,
h2o,71,23,1,89,6.06238,1,361,10776,-0.216328,-0.0205774,0.246222,0.0283003,0.465477,1.05,1.1056,0.717185,0.551195,0.734777,0.966691,0.626282,0.596001,0.557637,182,148,0.0883636,1,1,1,,
h2o,72,23,1,118,5.95593,0,7523,701,0.136505,0.0447369,-0.206488,0.0147448,0.344701,1.05,0.944435,0.523681,0.432567,0.526387,0.963432,0.491179,0.599735,0.557643,182,148,0.0825853,1,1,1,,
h2o,73,23,1,138,6.17559,1,830,10319,-0.204265,0.145652,0.218443,-0.350504,0.651807,1.05,1.05631,0.687415,0.499211,0.687415,0.981535,0.7723,0.56411,0.528226,182,148,0.0955006,1,1,1,,
h2o,74,23,1,161,4.3355,0,2296,10302,-0.171045,0.171976,0.221416,-0.349933,0.653005,1.05,1.10175,0.679296,0.492106,0.679296,0.977824,0.8119,0.537058,0.501115,182,148,0.082262,1,1,1,,
h2o,75,23,1,157,5.44452,0,3355,10724,-0.1604,0.0357885,0.243025,0.0201931,0.40438,1.05,1.01566,0.664411,0.509472,0.664411,0.973932,0.580088,0.601682,0.559994,182,148,0.0903213,-1,1,1,,
h2o,76,23,1,97,0.0129149,1,1810,10776,-0.181698,-0.091115,0.246222,0.0283003,0.444611,1.05,1.04671,0.618403,0.48207,0.641407,0.955195,0.616081,0.549173,0.511649,182,148,0.0778104,-1,1,1,,
h2o,77,23,1,68,3.30696,0,4756,10799,-0.0911646,0.0269995,0.263437,0.0320673,0.354739,1.05,1.05103,0.627876,0.48083,0.627876,0.976104,0.538676,0.573146,0.533168,182,148,0.0901141,1,1,1,,
h2o,78,23,1,80,2.31125,1,7155,9,0.12093,0.0782328,-0.25141,0.0253429,0.376171,1.05,1.02531,0.68065,0.514659,0.68065,0.991401,0.559834,0.596731,0.553418,182,148,0.0807101,-1,1,1,,
h2o,79,23,1,142,4.79034,0,1398,10302,-0.203157,0.168602,0.221416,-0.349933,0.670303,1.05,1.10512,0.67253,0.50654,0.67253,0.938269,0.822826,0.549423,0.505878,182,148,0.0928366,1,1,1,,
h2o,80,23,1,134,5.47943,1,6418,2436,0.0825748,-0.348994,-0.176751,0.0326138,0.46143,1.05,1.10726,0.715832,0.555706,0.715832,0.973841,0.56767,0.72098,0.688797,182,148,0.0823433,-1,1,1,,
h2o,81,23,1,50,5.99549,0,1982,10805,-0.185419,-0.0586729,0.268006,0.0343542,0.46287,1.05,1.07089,0.664411,0.513194,0.664411,0.917542,0.647637,0.565448,0.526338,182,148,0.103583,-1,1,1,,
h2o,82,23,1,21,1.27725,0,3593,10302,-0.15038,0.132779,0.221416,-0.349933,0.609469,1.05,1.10207,0.690122,0.493572,0.690122,0.993121,0.737426,0.562352,0.5261,182,148,0.0869576,-1,1,1,,
h2o,83,23,1,188,1.68661,1,2079,10789,-0.179712,-0.0130205,0.249859,0.0291271,0.43193,1.05,1.00055,0.58728,0.468651,0.607578,0.977643,0.574755,0.582498,0.542935,182,148,0.0940186,-1,1,1,,
h2o,84,23,1,103,2.15335,1,7750,2116,0.156175,-0.327747,-0.181526,0.0322046,0.493655,1.05,1.06209,0.622463,0.526951,0.622463,0.978729,0.589625,0.686076,0.650008,182,148,0.0723426,1,1,1,,
h2o,85,23,1,100,1.24767,1,8821,648,0.193553,0.181613,-0.221532,-0.344461,0.670112,1.05,1.10278,0.679296,0.516238,0.679296,0.935011,0.824676,0.545463,0.510168,182,148,0.0807448,-1,1,1,,
h2o,86,23,1,55,4.26573,1,10391,660,0.23212,0.170171,-0.221345,-0.344113,0.685653,1.05,1.05202,0.64682,0.47429,0.64682,0.937998,0.802566,0.577415,0.544348,182,148,0.0985494,1,1,1,,
h2o,87,23,1,271,2.33988,1,9670,342,0.227712,0.110487,-0.21721,-0.0219126,0.464294,1.05,1.13552,0.799729,0.608818,0.799729,0.969135,0.623395,0.635578,0.592781,182,148,0.0849118,1,1,1,,
h2o,88,23,1,57,3.31648,1,4978,11039,-0.0727415,-0.0895185,0.307079,0.0587711,0.407853,1.05,0.990956,0.525034,0.447113,0.525034,0.952571,0.555309,0.480191,0.442987,182,148,0.0779008,-1,1,1,,
h2o,89,23,1,197,5.49858,1,6470,758,0.0832005,0.225631,-0.216931,-0.345021,0.644838,1.05,1.08076,0.76184,0.549617,0.76184,0.971941,0.789657,0.482625,0.4325,182,148,0.0712561,1,1,1,,
h2o,90,23,1,201,0.211805,0,7662,2321,0.14473,0.0512924,-0.175213,0.0266457,0.320946,1.05,1.16026,0.637348,0.494926,0.637348,0.969225,0.499743,0.607069,0.56551,182,148,0.0809483,1,1,1,,
h2o,91,23,1,211,5.20918,1,7339,9,0.138421,0.0629673,-0.25141,0.0253429,0.391834,1.05,0.987432,0.615697,0.476883,0.615697,0.956282,0.547318,0.593916,0.549732,182,148,0.0831301,1,1,1,,
h2o,92,23,1,352,0.0818582,1,3098,10220,-0.157702,0.096343,0.259644,0.0148249,0.425865,1.05,0.998272,0.744249,0.551195,0.744249,0.990768,0.572264,0.594675,0.557346,182,148,0.0831781,1,1,1,,
h2o,93,23,1,52,3.47957,0,9232,9,0.182283,0.0166903,-0.25141,0.0253429,0.434575,1.05,0.994763,0.575101,0.463577,0.595399,0.967143,0.62117,0.567531,0.52603,182,148,0.0897621,1,1,1,,
h2o,94,23,1,150,1.27477,1,7371,9,0.137875,0.0679493,-0.25141,0.0253429,0.39183,1.05,0.996612,0.579161,0.454105,0.583221,0.975742,0.559042,0.590963,0.54629,182,148,0.118943,-1,1,1,,
h2o,95,23,1,215,4.02529,0,507,10789,-0.213582,0.0269527,0.249859,0.0291271,0.463624,1.05,1.07686,0.745602,0.564051,0.745602,0.965605,0.631565,0.615693,0.57768,182,148,0.101949,-1,1,1,,
h2o,48,23,2,290,0.246552,1,11020,4103,0.303155,0.0555534,-0.149307,-0.339933,0.600956,1.05,1.03465,0.713126,0.557397,0.713126,0.977552,0.732757,0.674362,0.611875,279,159,0.0738032,-1,1,1,,
h2o,49,23,2,190,2.03349,0,10223,4103,0.220568,-0.3497,-0.149307,-0.339933,0.370034,1.05,1.09846,0.968877,0.698466,0.968877,0.999819,0.458736,0.759071,0.686139,279,159,0.0774887,-1,1,1,,
h2o,50,23,2,158,4.16273,0,10789,4103,0.249859,0.0291271,-0.149307,-0.339933,0.543727,1.05,1.07866,0.403248,0.355999,0.453315,0.894913,0.681067,0.329688,0.260403,279,159,0.0767597,1,1,1,,
h2o,51,23,2,169,4.96233,0,2116,10195,-0.181526,0.0322046,0.219747,-0.341613,0.54847,1.05,1.03239,0.64682,0.522553,0.657645,0.912744,0.681198,0.676641,0.637253,279,159,0.072392,1,1,1,,
h2o,52,23,2,205,5.06465,1,10724,4103,0.243025,0.0201931,-0.149307,-0.339933,0.532666,1.05,1.08169,0.461434,0.384303,0.473613,0.890025,0.685942,0.430329,0.367577,279,159,0.0865421,1,1,1,,
h2o,53,23,2,100,4.30284,1,648,10195,-0.221532,-0.344461,0.219747,-0.341613,0.441288,1.05,1.07903,0.573748,0.436739,0.573748,0.974656,0.600382,0.587834,0.525602,279,159,0.0772493,1,1,1,,
h2o,54,23,2,136,4.75641,1,10776,4103,0.246222,0.0283003,-0.149307,-0.339933,0.540553,1.05,1.11278,0.381597,0.331304,0.399188,0.921434,0.645142,0.323941,0.262867,279,159,0.0808986,-1,1,1,,
h2o,55,23,2,307,1.33973,1,72,10195,-0.233176,-0.00211048,0.219747,-0.341613,0.566086,1.05,1.04853,0.464141,0.378778,0.464141,0.935825,0.710202,0.465213,0.422786,279,159,0.0770344,1,1,1,,
h2o,56,23,2,223,1.7404,0,10671,4103,0.247333,0.0181856,-0.149307,-0.339933,0.534486,1.05,1.02734,0.686062,0.521313,0.686062,0.97719,0.672674,0.683099,0.62019,279,159,0.0742517,-1,1,1,,
h2o,57,23,2,321,1.07835,0,9877,4103,0.212112,-0.349735,-0.149307,-0.339933,0.361595,1.05,1.08615,0.488498,0.412269,0.488498,0.936007,0.481061,0.656874,0.584576,279,159,0.0742564,1,1,1,,
h2o,58,23,2,279,2.44586,0,10907,4103,0.285009,0.043849,-0.149307,-0.339933,0.5796,1.05,1.10115,0.405954,0.357014,0.415426,0.773805,0.702322,0.331875,0.271168,279,159,0.110617,-1,1,1,,
h2o,59,23,2,324,3.35195,1,11039,4103,0.307079,0.0587711,-0.149307,-0.339933,0.606029,1.05,1.08701,0.67659,0.534055,0.67659,0.97357,0.696063,0.679609,0.613478,279,159,0.0775377,-1,1,1,,
h2o,60,23,2,180,5.45608,0,660,10195,-0.221345,-0.344113,0.219747,-0.341613,0.441099,1.05,1.10362,0.512855,0.429635,0.512855,0.9208,0.512849,0.59292,0.537662,279,159,0.076351,-1,1,1,,
h2o,61,23,2,14,1.72447,1,11020,4103,0.303155,0.0555534,-0.149307,-0.339933,0.600956,1.05,1.04776,0.707713,0.531461,0.707713,0.953385,0.735295,0.678615,0.61413,279,159,0.0789165,1,1,1,,
h2o,62,23,2,269,2.57973,0,10776,4103,0.246222,0.0283003,-0.149307,-0.339933,0.540553,1.05,1.08751,0.669824,0.535408,0.675237,0.977643,0.638437,0.690179,0.623796,279,159,0.0746709,1,1,1,,
h2o,63,23,2,316,2.74018,1,10319,4103,0.218443,-0.350504,-0.149307,-0.339933,0.367924,1.05,1.08052,0.473613,0.403022,0.473613,0.944515,0.482993,0.644128,0.573712,279,159,0.075092,-1,1,1,,
h2o,64,23,2,337,4.7071,1,10907,4103,0.285009,0.043849,-0.149307,-0.339933,0.5796,1.05,1.00388,0.470907,0.389152,0.489851,0.841329,0.741929,0.427251,0.362587,279,159,0.0879084,-1,1,1,,
h2o,65,23,2,78,0.491183,0,10724,4103,0.243025,0.0201931,-0.149307,-0.339933,0.532666,1.05,1.11236,0.653586,0.516576,0.67659,0.984975,0.628524,0.702286,0.638932,279,159,0.0737477,-1,1,1,,
h2o,66,23,2,273,0.122493,0,10776,4103,0.246222,0.0283003,-0.149307,-0.339933,0.540553,1.05,1.10617,0.370771,0.327808,0.392422,0.891021,0.642095,0.32987,0.267551,279,159,0.0803146,1,1,1,,
h2o,67,23,2,155,5.67101,0,10724,4103,0.243025,0.0201931,-0.149307,-0.339933,0.532666,1.05,1.03081,0.671177,0.543978,0.684709,0.945601,0.639861,0.700328,0.637682,279,159,0.0766689,1,1,1,,
h2o,68,23,2,168,2.13758,1,11039,4103,0.307079,0.0587711,-0.149307,-0.339933,0.606029,1.05,1.0639,0.7023,0.555931,0.7023,0.963613,0.732501,0.674028,0.609306,279,159,0.0718017,1,1,1,,
h2o,69,23,2,172,2.54132,1,2722,10195,-0.168968,0.0315943,0.219747,-0.341613,0.538872,1.05,1.01244,0.642761,0.516351,0.642761,0.92605,0.681994,0.671224,0.631585,279,159,0.082618,1,1,1,,
h2o,70,23,2,164,4.37635,1,10220,4103,0.259644,0.0148249,-0.149307,-0.339933,0.541483,1.05,1.09709,0.434371,0.389603,0.44249,0.921253,0.642508,0.422647,0.358934,279,159,0.0815977,-1,1,1,,
h2o,71,23,2,89,6.06238,1,10776,4103,0.246222,0.0283003,-0.149307,-0.339933,0.540553,1.05,1.08415,0.461434,0.362427,0.461434,0.964337,0.664189,0.430737,0.369263,279,159,0.084858,1,1,1,,
h2o,72,23,2,118,5.95593,0,701,10195,-0.206488,0.0147448,0.219747,-0.341613,0.555581,1.05,1.07116,0.372124,0.334574,0.391069,0.816528,0.658004,0.340981,0.298888,279,159,0.0801391,1,1,1,,
h2o,73,23,2,138,6.17559,1,10319,4103,0.218443,-0.350504,-0.149307,-0.339933,0.367924,1.05,1.06026,0.916103,0.687077,0.916103,0.992035,0.455634,0.763889,0.694017,279,159,0.0920965,1,1,1,,
h2o,74,23,2,161,4.3355,0,10302,4103,0.221416,-0.349933,-0.149307,-0.339933,0.370859,1.05,1.07656,0.626522,0.501917,0.626522,0.94198,0.485676,0.70137,0.629843,279,159,0.0756562,1,1,1,,
h2o,75,23,2,157,5.44452,0,10724,4103,0.243025,0.0201931,-0.149307,-0.339933,0.532666,1.05,1.07859,0.684709,0.516013,0.684709,0.985246,0.658157,0.690203,0.625506,279,159,0.0838145,-1,1,1,,
h2o,76,23,2,97,0.0129149,1,10776,4103,0.246222,0.0283003,-0.149307,-0.339933,0.540553,1.05,1.07375,0.673884,0.548151,0.687415,0.988052,0.645896,0.683684,0.619537,279,159,0.0729884,-1,1,1,,
h2o,77,23,2,68,3.30696,0,10799,4103,0.263437,0.0320673,-0.149307,-0.339933,0.555661,1.05,1.0626,0.507442,0.404714,0.519621,0.915369,0.731071,0.429567,0.368596,279,159,0.0771987,1,1,1,,
h2o,78,23,2,80,2.31125,1,9,10195,-0.25141,0.0253429,0.219747,-0.341613,0.597456,1.05,1.06987,0.690122,0.533153,0.691475,0.957277,0.748793,0.667972,0.624659,279,159,0.0858786,1,1,1,,
h2o,79,23,2,142,4.79034,0,10302,4103,0.221416,-0.349933,-0.149307,-0.339933,0.370859,1.05,1.07013,0.630582,0.497068,0.630582,0.922158,0.486817,0.710332,0.641873,279,159,0.0790285,1,1,1,,
h2o,80,23,2,134,5.47943,1,2436,10195,-0.176751,0.0326138,0.219747,-0.341613,0.545249,1.05,1.06303,0.631935,0.523342,0.635995,0.954562,0.639463,0.675278,0.636811,279,159,0.0732745,1,1,1,,
h2o,81,23,2,50,5.99549,0,10805,4103,0.268006,0.0343542,-0.149307,-0.339933,0.560587,1.05,1.12093,0.461434,0.375846,0.462788,0.910934,0.685475,0.429403,0.365536,279,159,0.0773976,-1,1,1,,
h2o,82,23,2,21,1.27725,0,10302,4103,0.221416,-0.349933,-0.149307,-0.339933,0.370859,1.05,1.05419,0.67253,0.520749,0.67253,0.963342,0.453173,0.693526,0.622714,279,159,0.0706746,-1,1,1,,
h2o,83,23,2,188,1.68661,1,10789,4103,0.249859,0.0291271,-0.149307,-0.339933,0.543727,1.05,1.06358,0.469553,0.368291,0.47226,0.941256,0.657866,0.43147,0.366495,279,159,0.0854154,-1,1,1,,
h2o,84,23,2,103,2.15335,1,2116,10195,-0.181526,0.0322046,0.219747,-0.341613,0.54847,1.05,1.06847,0.640054,0.503834,0.640054,0.960807,0.656102,0.676078,0.635599,279,159,0.0775058,-1,1,1,,
h2o,85,23,2,100,1.24767,1,648,10195,-0.221532,-0.344461,0.219747,-0.341613,0.441288,1.05,1.068,0.534506,0.423658,0.543978,0.963975,0.58124,0.651602,0.569805,279,159,0.0833209,-1,1,1,,
h2o,86,23,2,55,4.26573,1,660,10195,-0.221345,-0.344113,0.219747,-0.341613,0.441099,1.05,1.11243,0.473613,0.417569,0.488498,0.937093,0.546839,0.674348,0.610513,279,159,0.0804683,1,1,1,,
h2o,87,23,2,271,2.33988,1,342,10195,-0.21721,-0.0219126,0.219747,-0.341613,0.541423,1.05,1.01218,0.437077,0.378214,0.437077,0.911115,0.64674,0.38379,0.340992,279,159,0.0731088,1,1,1,,
h2o,88,23,2,57,3.31648,1,11039,4103,0.307079,0.0587711,-0.149307,-0.339933,0.606029,1.05,1.03687,0.715832,0.53834,0.715832,0.974747,0.737205,0.678689,0.613732,279,159,0.0781218,1,1,1,,
h2o,89,23,2,197,5.49858,1,758,10195,-0.216931,-0.345021,0.219747,-0.341613,0.436691,1.05,1.10368,1.09743,0.76714,1.09743,1,0.536615,0.743819,0.696732,279,159,0.0720566,-1,1,1,,
h2o,90,23,2,201,0.211805,0,2321,10195,-0.175213,0.0266457,0.219747,-0.341613,0.540021,1.05,1.02946,0.627876,0.522553,0.630582,0.97013,0.639599,0.683858,0.6423,279,159,0.0791069,1,1,1,,
h2o,91,23,2,211,5.20918,1,9,10195,-0.25141,0.0253429,0.219747,-0.341613,0.597456,1.05,1.04706,0.688769,0.534844,0.688769,0.975199,0.713627,0.679288,0.635104,279,159,0.0754937,1,1,1,,
h2o,92,23,2,352,0.0818582,1,10220,4103,0.259644,0.0148249,-0.149307,-0.339933,0.541483,1.05,1.08402,0.667118,0.553225,0.690122,0.977915,0.629629,0.683733,0.620699,279,159,0.0742105,1,1,1,,
h2o,93,23,2,52,3.47957,0,9,10195,-0.25141,0.0253429,0.219747,-0.341613,0.597456,1.05,1.0792,0.4682,0.395467,0.4682,0.911296,0.715002,0.469362,0.427862,279,159,0.081476,1,1,1,,
h2o,94,23,2,150,1.27477,1,9,10195,-0.25141,0.0253429,0.219747,-0.341613,0.597456,1.05,1.04389,0.715832,0.522779,0.715832,0.990043,0.728386,0.67921,0.63533,279,159,0.0727862,-1,1,1,,
h2o,95,23,2,215,4.02529,0,10789,4103,0.249859,0.0291271,-0.149307,-0.339933,0.543727,1.05,1.08259,0.477673,0.374605,0.480379,0.967234,0.646832,0.403508,0.339582,279,159,0.0929493,-1,1,1,,
h2o,96,23,1,225,0.993281,0,8041,72,0.161839,0.088357,-0.233176,-0.00211048,0.405371,1.05,0.997503,0.682003,0.525823,0.692828,0.985518,0.556683,0.603033,0.560866,120,145,0.0818478,1,1,1,,
h2o,97,23,1,317,2.08579,0,3441,10220,-0.148391,0.0844345,0.259644,0.0148249,0.414617,1.05,1.01167,0.723951,0.530447,0.723951,0.979906,0.616594,0.590357,0.548453,120,145,0.089756,-1,1,1,,
h2o,98,23,1,154,4.46201,0,917,10302,-0.201324,0.155978,0.221416,-0.349933,0.659294,1.05,1.07235,0.68065,0.493347,0.68065,0.98244,0.791938,0.553005,0.516043,120,145,0.091636,-1,1,1,,
h2o,99,23,1,56,1.19403,0,188,9890,-0.237903,0.0900478,0.212207,-0.348752,0.628665,1.05,1.06777,0.73613,0.536085,0.73613,0.973298,0.764073,0.624072,0.586187,120,145,0.0800982,1,1,1,,
h2o,100,23,1,112,5.10785,0,8840,2722,0.173113,-0.218952,-0.168968,0.0315943,0.424125,1.05,1.02021,0.565629,0.502932,0.573748,0.958454,0.616607,0.566347,0.527205,120,145,0.0756091,-1,1,1,,
h2o,101,23,1,128,1.0123,0,4565,10964,-0.109725,-0.0948496,0.293804,0.0493984,0.428628,1.05,0.990468,0.549391,0.474064,0.549391,0.94189,0.56271,0.514825,0.47765,120,145,0.0791663,1,1,1,,
h2o,102,23,1,124,0.133924,1,9146,31,0.182324,0.0971508,-0.249922,0.00694847,0.441684,1.05,1.02526,0.786198,0.575553,0.786198,0.971579,0.645891,0.595057,0.552478,120,145,0.0823677,-1,1,1,,
h2o,103,23,1,320,2.46751,0,10120,660,0.229129,0.167169,-0.221345,-0.344113,0.681441,1.05,1.07246,0.690122,0.523793,0.690122,0.982983,0.863647,0.586721,0.550456,120,145,0.0817706,1,1,1,,
h2o,104,23,1,299,4.72133,0,5677,637,0.00459671,0.232164,-0.225911,-0.343884,0.620506,1.05,1.1177,0.807848,0.55548,0.807848,0.971488,0.789708,0.450993,0.402008,120,145,0.080038,1,1,1,,
h2o,105,23,1,220,1.61959,0,2899,10302,-0.15342,0.17578,0.221416,-0.349933,0.645759,1.05,1.05697,0.661705,0.517253,0.664411,0.953204,0.785048,0.544592,0.499914,120,145,0.0851968,1,1,1,,
h2o,106,23,1,349,6.16806,0,3277,10907,-0.152951,-0.0529747,0.285009,0.043849,0.448629,1.05,1.09466,0.684709,0.510826,0.684709,0.959902,0.66928,0.560444,0.522293,120,145,0.0817794,1,1,1,,
h2o,107,23,1,36,6.06,1,4675,10724,-0.095067,0.0402803,0.243025,0.0201931,0.339227,1.05,0.944043,0.474966,0.406405,0.474966,0.924059,0.48049,0.58026,0.54128,120,145,0.0882281,-1,1,1,,
h2o,108,23,1,320,3.1543,0,10120,660,0.229129,0.167169,-0.221345,-0.344113,0.681441,1.05,1.07388,0.691475,0.497406,0.691475,0.976104,0.804161,0.573643,0.540246,120,145,0.0899105,-1,1,1,,
h2o,109,23,1,233,4.60058,1,5612,724,-0.00245762,0.23244,-0.223053,-0.345258,0.618383,1.05,1.1257,0.49797,0.392422,0.504736,0.982621,0.734119,0.413649,0.361249,120,145,0.0837405,-1,1,1,,
h2o,110,23,1,236,6.25848,0,4146,10907,-0.122401,-0.0701761,0.285009,0.043849,0.42332,1.05,1.15299,0.588633,0.455345,0.602165,0.97891,0.61132,0.530783,0.493284,120,145,0.081313,1,1,1,,
h2o,111,23,1,106,5.42479,1,8738,758,0.185882,0.179644,-0.216931,-0.345021,0.661462,1.05,1.11108,0.682003,0.501353,0.682003,0.97185,0.825585,0.539185,0.50371,120,145,0.0820526,1,1,1,,
h2o,112,23,1,43,1.57402,0,5356,11020,-0.0346823,-0.00757599,0.303155,0.0555534,0.343758,1.05,0.996957,0.44249,0.416328,0.451962,0.837799,0.490444,0.470007,0.435204,120,145,0.0751528,-1,1,1,,
h2o,113,23,1,200,3.51439,1,7430,758,0.140923,0.184536,-0.216931,-0.345021,0.639146,1.05,0.977025,0.667118,0.49673,0.667118,0.97366,0.758496,0.540509,0.502712,120,145,0.0842817,-1,1,1,,
h2o,114,23,1,115,5.59228,0,3069,10937,-0.145492,-0.0775471,0.289397,0.0464954,0.452233,1.05,1.01691,0.611637,0.5,0.611637,0.951394,0.612113,0.544054,0.506611,120,145,0.082042,-1,1,1,,
h2o,115,23,1,330,3.61221,1,9588,701,0.224426,-0.00249958,-0.206488,0.0147448,0.431303,1.05,0.988715,0.492557,0.435273,0.519621,0.947049,0.54636,0.63564,0.593799,120,145,0.0881474,-1,1,1,,
h2o,116,23,1,20,4.43801,0,9641,2722,0.193229,-0.167995,-0.168968,0.0315943,0.413549,1.05,1.03171,0.581867,0.486919,0.592693,0.956915,0.560793,0.568822,0.531132,120,145,0.0750182,1,1,1,,
h2o,117,23,1,9,4.09442,0,723,10789,-0.202572,0.0435591,0.249859,0.0291271,0.452699,1.05,1.05958,0.814614,0.595963,0.814614,0.984703,0.624481,0.62702,0.58874,120,145,0.0908378,-1,1,1,,
h2o,118,23,1,269,0.0291422,0,4914,10776,-0.0770493,0.0686874,0.246222,0.0283003,0.325896,1.05,0.989836,0.477673,0.386446,0.477673,0.967867,0.520646,0.519341,0.479029,120,145,0.0823131,-1,1,1,,
h2o,119,23,1,78,2.07815,0,324,10724,-0.229259,0.0522089,0.243025,0.0201931,0.473883,1.05,1.10622,0.774019,0.588182,0.774019,0.955286,0.626315,0.636373,0.596285,120,145,0.0898988,-1,1,1,,
h2o,120,23,1,348,2.71052,1,4881,10789,-0.081111,0.051343,0.249859,0.0291271,0.332067,1.05,0.869309,0.546685,0.445535,0.546685,0.970402,0.438035,0.581248,0.542103,120,145,0.0827916,1,1,1,,
h2o,121,23,1,23,0.476685,1,4516,11020,-0.11283,-0.183001,0.303155,0.0555534,0.479643,1.05,0.959569,0.575101,0.48737,0.575101,0.958001,0.609962,0.539937,0.506556,120,145,0.0770961,-1,1,1,,
h2o,122,23,1,324,5.36781,1,4921,11039,-0.0819941,-0.194568,0.307079,0.0587711,0.464307,1.05,1.14577,0.599459,0.475643,0.604871,0.986694,0.657897,0.574706,0.541252,120,145,0.0775108,-1,1,1,,
h2o,123,23,1,174,0.355673,0,9442,72,0.239567,0.0585394,-0.233176,-0.00211048,0.47695,1.05,1.06523,0.798376,0.603744,0.798376,0.977462,0.634056,0.636316,0.59225,120,145,0.0825737,1,1,1,,
h2o,124,23,1,158,5.38726,1,4264,10789,-0.121224,0.0300894,0.249859,0.0291271,0.372387,1.05,0.934601,0.503383,0.419373,0.511502,0.966419,0.542266,0.540576,0.500047,120,145,0.101255,1,1,1,,
h2o,125,23,1,175,1.00317,0,5584,10223,-0.00601864,0.108249,0.220568,-0.3497,0.510939,1.05,1.01707,0.657645,0.486919,0.660352,0.986061,0.631779,0.464242,0.42629,120,145,0.0800666,1,1,1,,
h2o,126,23,1,105,3.91204,0,6653,2436,0.0993395,-0.291828,-0.176751,0.0326138,0.426054,1.05,0.987724,0.633288,0.532589,0.633288,0.975652,0.561385,0.66951,0.636378,120,145,0.0764518,1,1,1,,
h2o,127,23,1,301,4.08795,0,5144,11020,-0.0566959,-0.0358629,0.303155,0.0555534,0.371403,1.05,0.945928,0.450609,0.412607,0.456022,0.8874,0.503851,0.492221,0.454911,120,145,0.0783774,-1,1,1,,
h2o,128,23,1,319,3.56563,0,6265,660,0.0646887,0.124658,-0.221345,-0.344113,0.549241,1.05,1.00203,0.67659,0.50654,0.698241,0.967867,0.676409,0.509716,0.475049,120,145,0.0756427,1,1,1,,
h2o,129,23,1,0,4.00899,0,8010,72,0.153755,0.10627,-0.233176,-0.00211048,0.401829,1.05,1.0769,0.614344,0.465607,0.619756,0.976738,0.586474,0.561689,0.519547,120,145,0.0938387,1,1,1,,
h2o,130,23,1,292,2.7292,1,1564,10223,-0.184845,0.218133,0.220568,-0.3497,0.69771,1.05,1.12004,0.7023,0.525034,0.7023,0.961079,0.80742,0.530113,0.491476,120,145,0.0765866,-1,1,1,,
h2o,131,23,1,148,5.01117,0,1845,10789,-0.185033,0.0125942,0.249859,0.0291271,0.435463,1.05,1.10531,0.726658,0.551985,0.726658,0.980902,0.618705,0.591261,0.553096,120,145,0.0892462,1,1,1,,
h2o,132,23,1,182,6.20495,1,3774,10907,-0.128414,-0.00190639,0.285009,0.043849,0.415953,1.05,1.10704,0.694181,0.512855,0.694181,0.981354,0.591212,0.57682,0.536411,120,145,0.0916007,-1,1,1,,
h2o,133,23,1,304,6.05605,1,7146,2321,0.124846,0.00230312,-0.175213,0.0266457,0.301165,1.05,1.06454,0.571042,0.466622,0.571042,0.948045,0.448708,0.582163,0.541865,120,145,0.083514,1,1,1,,
h2o,134,23,1,106,1.76625,0,8738,758,0.185882,0.179644,-0.216931,-0.345021,0.661462,1.05,1.07851,0.691475,0.506428,0.691475,0.967505,0.806394,0.549584,0.515278,120,145,0.0823388,-1,1,1,,
h2o,135,23,1,177,5.82433,1,6756,2116,0.106007,-0.173296,-0.181526,0.0322046,0.353835,1.05,0.938509,0.52774,0.461434,0.52774,0.929218,0.527359,0.532678,0.493919,120,145,0.0964574,1,1,1,,
h2o,136,23,1,352,6.10797,1,3098,10220,-0.157702,0.096343,0.259644,0.0148249,0.425865,1.05,1.00227,0.738836,0.547587,0.738836,0.990134,0.567636,0.595568,0.558161,120,145,0.0850073,1,1,1,,
h2o,137,23,1,212,3.34356,1,1917,10789,-0.18714,-0.0443163,0.249859,0.0291271,0.443263,1.05,1.05331,0.68065,0.513081,0.68065,0.954381,0.629195,0.563856,0.523794,120,145,0.0852745,1,1,1,,
h2o,138,23,1,349,4.33778,0,3277,10907,-0.152951,-0.0529747,0.285009,0.043849,0.448629,1.05,1.01498,0.62111,0.502594,0.62111,0.94714,0.611351,0.561525,0.52356,120,145,0.0789535,-1,1,1,,
h2o,139,23,1,272,4.32761,0,7898,2321,0.151545,0.0579805,-0.175213,0.0266457,0.328381,1.05,1.1698,0.645467,0.494362,0.645467,0.981083,0.513897,0.611663,0.569858,120,145,0.0787268,-1,1,1,,
h2o,140,23,1,17,3.06822,1,5499,11020,-0.0213995,-0.342396,0.303155,0.0555534,0.513525,1.05,1.0657,0.837618,0.637573,0.840325,0.987962,0.633129,0.763543,0.735145,120,145,0.0728521,1,1,1,,
h2o,141,23,1,9,1.17556,1,723,10789,-0.202572,0.0435591,0.249859,0.0291271,0.452699,1.05,1.06665,0.769959,0.585927,0.769959,0.976104,0.635794,0.63073,0.592472,120,145,0.091325,1,1,1,,
h2o,142,23,1,252,1.32644,0,3134,10880,-0.137407,-0.0182858,0.280674,0.0413532,0.422328,1.05,1.18067,0.638701,0.487934,0.652233,0.986423,0.612823,0.564774,0.524302,120,145,0.0935773,-1,1,1,,
h2o,143,23,1,259,1.63894,0,2752,10907,-0.165941,-0.0712023,0.285009,0.043849,0.465396,1.05,1.04897,0.686062,0.519283,0.686062,0.946416,0.68091,0.563579,0.524375,120,145,0.0799456,1,1,1,,
h2o,96,23,2,225,0.993281,0,72,10195,-0.233176,-0.00211048,0.219747,-0.341613,0.566086,1.05,1.06726,0.671177,0.528417,0.679296,0.986061,0.659468,0.681032,0.638865,276,159,0.0728551,1,1,1,,
h2o,97,23,2,317,2.08579,0,10220,4103,0.259644,0.0148249,-0.149307,-0.339933,0.541483,1.05,1.07538,0.691475,0.526049,0.691475,0.97176,0.646195,0.700946,0.637755,276,159,0.076229,-1,1,1,,
h2o,98,23,2,154,4.46201,0,10302,4103,0.221416,-0.349933,-0.149307,-0.339933,0.370859,1.05,1.09543,0.47226,0.413848,0.47226,0.930847,0.466877,0.645901,0.578001,276,159,0.0739911,-1,1,1,,
h2o,99,23,2,56,1.19403,0,9890,4103,0.212207,-0.348752,-0.149307,-0.339933,0.361664,1.05,1.03014,0.657645,0.524921,0.657645,0.975199,0.450634,0.714006,0.637702,276,159,0.0742368,1,1,1,,
h2o,100,23,2,112,5.10785,0,2722,10195,-0.168968,0.0315943,0.219747,-0.341613,0.538872,1.05,1.02559,0.638701,0.510487,0.638701,0.947049,0.674917,0.676272,0.637131,276,159,0.0952082,1,1,1,,
h2o,101,23,2,128,1.0123,0,10964,4103,0.293804,0.0493984,-0.149307,-0.339933,0.589867,1.05,1.00757,0.710419,0.533491,0.710419,0.971126,0.714353,0.680986,0.615254,276,159,0.0824967,-1,1,1,,
h2o,102,23,2,124,0.133924,1,31,10195,-0.249922,0.00694847,0.219747,-0.341613,0.584954,1.05,1.0746,0.65088,0.51263,0.65088,0.949131,0.678114,0.674208,0.631628,276,159,0.0758045,-1,1,1,,
h2o,103,23,2,320,2.46751,0,660,10195,-0.221345,-0.344113,0.219747,-0.341613,0.441099,1.05,1.06442,1.00541,0.728462,1.00541,0.999909,0.504603,0.735689,0.69289,276,159,0.0816456,1,1,1,,
h2o,104,23,2,299,4.72133,0,637,10195,-0.225911,-0.343884,0.219747,-0.341613,0.445666,1.05,0.999785,0.477673,0.411592,0.477673,0.910934,0.562013,0.680266,0.602424,276,159,0.0997055,1,1,1,,
h2o,105,23,2,220,1.61959,0,10302,4103,0.221416,-0.349933,-0.149307,-0.339933,0.370859,1.05,1.06796,0.476319,0.405052,0.483085,0.948135,0.49305,0.649528,0.578623,276,159,0.0764889,1,1,1,,
h2o,106,23,2,349,6.16806,0,10907,4103,0.285009,0.043849,-0.149307,-0.339933,0.5796,1.05,1.07128,0.64682,0.536085,0.65088,0.961984,0.649963,0.680215,0.616813,276,159,0.0716015,1,1,1,,
h2o,107,23,2,36,6.06,1,10724,4103,0.243025,0.0201931,-0.149307,-0.339933,0.532666,1.05,1.07958,0.387009,0.325214,0.395129,0.937545,0.659503,0.335722,0.274907,276,159,0.078778,-1,1,1,,
h2o,108,23,2,320,3.1543,0,660,10195,-0.221345,-0.344113,0.219747,-0.341613,0.441099,1.05,1.10936,0.690122,0.519283,0.690122,0.923425,0.54698,0.624287,0.561342,276,159,0.0744315,1,1,1,,
h2o,109,23,2,233,4.60058,1,724,10195,-0.223053,-0.345258,0.219747,-0.341613,0.442907,1.05,1.0795,1.00812,0.718426,1.00812,0.997647,0.537514,0.735296,0.691326,276,159,0.0802384,-1,1,1,,
h2o,110,23,2,236,6.25848,0,10907,4103,0.285009,0.043849,-0.149307,-0.339933,0.5796,1.05,1.05867,0.737483,0.540257,0.737483,0.970673,0.730723,0.68162,0.616094,276,159,0.0740444,-1,1,1,,
h2o,111,23,2,106,5.42479,1,758,10195,-0.216931,-0.345021,0.219747,-0.341613,0.436691,1.05,1.08336,0.982409,0.700383,0.982409,0.999819,0.532519,0.733204,0.681969,276,159,0.0737315,1,1,1,,
h2o,112,23,2,43,1.57402,0,11020,4103,0.303155,0.0555534,-0.149307,-0.339933,0.600956,1.05,1.03289,0.707713,0.535408,0.707713,0.980268,0.720273,0.679882,0.614991,276,159,0.0730385,1,1,1,,
h2o,113,23,2,200,3.51439,1,758,10195,-0.216931,-0.345021,0.219747,-0.341613,0.436691,1.05,1.04887,1.06495,0.751692,1.06495,0.999366,0.512537,0.731467,0.684324,276,159,0.0704053,-1,1,1,,
h2o,114,23,2,115,5.59228,0,10937,4103,0.289397,0.0464954,-0.149307,-0.339933,0.584641,1.05,1.1069,0.480379,0.397609,0.487145,0.76593,0.672441,0.434232,0.368407,276,159,0.0754457,-1,1,1,,
h2o,115,23,2,330,3.61221,1,701,10195,-0.206488,0.0147448,0.219747,-0.341613,0.555581,1.05,1.02761,0.407307,0.31608,0.407307,0.956101,0.669075,0.350231,0.282537,276,159,0.0946898,-1,1,1,,
h2o,116,23,2,20,4.43801,0,2722,10195,-0.168968,0.0315943,0.219747,-0.341613,0.538872,1.05,1.05672,0.642761,0.525485,0.642761,0.976104,0.6537,0.680569,0.638493,276,159,0.077756,-1,1,1,,
h2o,117,23,2,9,4.09442,0,10789,4103,0.249859,0.0291271,-0.149307,-0.339933,0.543727,1.05,1.09346,0.667118,0.524019,0.686062,0.986694,0.624537,0.701192,0.638787,276,159,0.0738494,-1,1,1,,
h2o,118,23,2,269,0.0291422,0,10776,4103,0.246222,0.0283003,-0.149307,-0.339933,0.540553,1.05,1.06732,0.445196,0.368629,0.457375,0.903059,0.705691,0.413646,0.3469,276,159,0.0819741,-1,1,1,,
h2o,119,23,2,78,2.07815,0,10724,4103,0.243025,0.0201931,-0.149307,-0.339933,0.532666,1.05,1.09779,0.384303,0.335589,0.405954,0.8397,0.640146,0.33382,0.272089,276,159,0.0787862,-1,1,1,,
h2o,120,23,2,348,2.71052,1,10789,4103,0.249859,0.0291271,-0.149307,-0.339933,0.543727,1.05,1.08596,0.692828,0.52323,0.7023,0.984522,0.642437,0.69559,0.63185,276,159,0.0714237,1,1,1,,
h2o,121,23,2,23,0.476685,1,11020,4103,0.303155,0.0555534,-0.149307,-0.339933,0.600956,1.05,1.11665,0.677943,0.539355,0.677943,0.977643,0.701007,0.681149,0.616279,276,159,0.0724366,-1,1,1,,
h2o,122,23,2,324,5.36781,1,11039,4103,0.307079,0.0587711,-0.149307,-0.339933,0.606029,1.05,1.03332,0.667118,0.551195,0.677943,0.965605,0.709902,0.678955,0.612843,276,159,0.0702612,-1,1,1,,
h2o,123,23,2,174,0.355673,0,72,10195,-0.233176,-0.00211048,0.219747,-0.341613,0.566086,1.05,1.08705,0.663058,0.531236,0.671177,0.969949,0.648563,0.682234,0.638167,276,159,0.0734732,1,1,1,,
h2o,124,23,2,158,5.38726,1,10789,4103,0.249859,0.0291271,-0.149307,-0.339933,0.543727,1.05,1.07616,0.696888,0.555706,0.722598,0.984794,0.638528,0.687632,0.618694,276,159,0.0799539,1,1,1,,
h2o,125,23,2,175,1.00317,0,10223,4103,0.220568,-0.3497,-0.149307,-0.339933,0.370034,1.05,1.15441,0.542625,0.488498,0.545332,0.938722,0.451294,0.738947,0.673665,276,159,0.0763462,1,1,1,,
h2o,126,23,2,105,3.91204,0,2436,10195,-0.176751,0.0326138,0.219747,-0.341613,0.545249,1.05,1.04724,0.626522,0.52571,0.626522,0.955648,0.659489,0.677979,0.636955,276,159,0.0738542,-1,1,1,,
h2o,127,23,2,301,4.08795,0,11020,4103,0.303155,0.0555534,-0.149307,-0.339933,0.600956,1.05,1.02525,0.705007,0.531687,0.705007,0.974384,0.727527,0.680346,0.615611,276,159,0.0710604,1,1,1,,
h2o,128,23,2,319,3.56563,0,660,10195,-0.221345,-0.344113,0.219747,-0.341613,0.441099,1.05,1.02926,1.08254,0.764096,1.09337,0.999185,0.529355,0.727083,0.676449,276,159,0.0693852,1,1,1,,
h2o,129,23,2,0,4.00899,0,72,10195,-0.233176,-0.00211048,0.219747,-0.341613,0.566086,1.05,1.05906,0.49797,0.411028,0.507442,0.874004,0.710199,0.482225,0.440083,276,159,0.0874425,1,1,1,,
h2o,130,23,2,292,2.7292,1,10223,4103,0.220568,-0.3497,-0.149307,-0.339933,0.370034,1.05,1.03452,0.641407,0.501692,0.641407,0.954652,0.459256,0.697701,0.620483,276,159,0.0721503,-1,1,1,,
h2o,131,23,2,148,5.01117,0,10789,4103,0.249859,0.0291271,-0.149307,-0.339933,0.543727,1.05,1.07943,0.481732,0.387799,0.484438,0.917813,0.653855,0.427615,0.364958,276,159,0.0737153,1,1,1,,
h2o,132,23,2,182,6.20495,1,10907,4103,0.285009,0.043849,-0.149307,-0.339933,0.5796,1.05,1.07635,0.469553,0.389829,0.469553,0.904779,0.701473,0.426358,0.364797,276,159,0.0802054,-1,1,1,,
h2o,133,23,2,304,6.05605,1,2321,10195,-0.175213,0.0266457,0.219747,-0.341613,0.540021,1.05,1.0525,0.625169,0.501691,0.625169,0.933744,0.659638,0.673814,0.633516,276,159,0.0849043,-1,1,1,,
h2o,134,23,2,106,1.76625,0,758,10195,-0.216931,-0.345021,0.219747,-0.341613,0.436691,1.05,1.08774,0.507442,0.395918,0.507442,0.955467,0.555544,0.601186,0.555191,276,159,0.0726415,1,1,1,,
h2o,135,23,2,177,5.82433,1,2116,10195,-0.181526,0.0322046,0.219747,-0.341613,0.54847,1.05,1.01734,0.653586,0.546121,0.653586,0.941166,0.683197,0.677425,0.638235,276,159,0.0734426,-1,1,1,,
h2o,136,23,2,352,6.10797,1,10220,4103,0.259644,0.0148249,-0.149307,-0.339933,0.541483,1.05,1.08632,0.392422,0.34585,0.420839,0.895637,0.649605,0.331818,0.270214,276,159,0.0740846,1,1,1,,
h2o,137,23,2,212,3.34356,1,10789,4103,0.249859,0.0291271,-0.149307,-0.339933,0.543727,1.05,1.07829,0.461434,0.362539,0.465494,0.967415,0.683299,0.410693,0.348049,276,159,0.0855851,1,1,1,,
h2o,138,23,2,349,4.33778,0,10907,4103,0.285009,0.043849,-0.149307,-0.339933,0.5796,1.05,1.11387,0.460081,0.395467,0.474966,0.821416,0.670891,0.427486,0.362493,276,159,0.0792958,-1,1,1,,
h2o,139,23,2,272,4.32761,0,2321,10195,-0.175213,0.0266457,0.219747,-0.341613,0.540021,1.05,1.07745,0.668471,0.511389,0.673884,0.961169,0.644798,0.683791,0.641987,276,159,0.071913,1,1,1,,
h2o,140,23,2,17,3.06822,1,11020,4103,0.303155,0.0555534,-0.149307,-0.339933,0.600956,1.05,1.04649,0.715832,0.556946,0.726658,0.933834,0.724928,0.696779,0.631863,276,159,0.0867475,-1,1,1,,
h2o,141,23,2,9,1.17556,1,10789,4103,0.249859,0.0291271,-0.149307,-0.339933,0.543727,1.05,1.1028,0.688769,0.519396,0.703654,0.988595,0.649324,0.696645,0.631983,276,159,0.0864101,1,1,1,,
h2o,142,23,2,252,1.32644,0,10880,4103,0.280674,0.0413532,-0.149307,-0.339933,0.5747,1.05,1.11117,0.387009,0.31281,0.387009,0.945692,0.70812,0.317045,0.255437,276,159,0.0837918,1,1,1,,
h2o,143,23,2,259,1.63894,0,10907,4103,0.285009,0.043849,-0.149307,-0.339933,0.5796,1.05,1.11216,0.4682,0.39355,0.4682,0.843773,0.699959,0.431291,0.366811,276,159,0.0751442,1,1,1,,
h2o,144,23,1,24,5.46204,0,2921,10995,-0.175378,-0.296622,0.298259,0.0525551,0.588436,1.05,1.06239,0.728011,0.523004,0.728011,0.991582,0.725732,0.65772,0.625244,420,152,0.0741793,-1,1,1,,
h2o,145,23,1,153,1.66498,0,3537,10880,-0.14835,-0.112164,0.280674,0.0413532,0.455665,1.05,1.04998,0.631935,0.486243,0.638701,0.937998,0.639984,0.527241,0.489687,420,152,0.0797027,-1,1,1,,
h2o,146,23,1,292,5.34545,1,1564,10223,-0.184845,0.218133,0.220568,-0.3497,0.69771,1.05,1.13094,0.691475,0.509134,0.691475,0.983164,0.819145,0.520959,0.48336,420,152,0.0753761,1,1,1,,
h2o,147,23,1,182,6.16522,0,3774,10907,-0.128414,-0.00190639,0.285009,0.043849,0.415953,1.05,1.1336,0.68065,0.51184,0.68065,0.984432,0.595402,0.576956,0.536481,420,152,0.0981008,1,1,1,,
h2o,148,23,1,183,3.38104,1,4310,11020,-0.13359,-0.343275,0.303155,0.0555534,0.591581,1.05,1.1086,0.734777,0.538791,0.734777,0.983255,0.735354,0.693929,0.662104,420,152,0.0737107,-1,1,1,,
h2o,149,23,1,285,5.96458,1,3880,10724,-0.129498,0.0469255,0.243025,0.0201931,0.374563,1.05,1.06821,0.679296,0.513194,0.679296,0.983255,0.58097,0.58749,0.546473,420,152,0.0831184,-1,1,1,,
h2o,150,23,1,30,1.79131,1,1138,10223,-0.203008,0.209239,0.220568,-0.3497,0.701307,1.05,1.0047,0.718539,0.511164,0.718539,0.991311,0.842546,0.543348,0.505195,420,152,0.0764336,-1,1,1,,
h2o,151,23,1,350,0.606355,0,7312,2722,0.133815,-0.0711622,-0.168968,0.0315943,0.319794,1.05,1.16419,0.576455,0.446437,0.589987,0.99122,0.504784,0.551203,0.511601,420,152,0.0785628,1,1,1,,
h2o,152,23,1,294,1.42521,1,3182,10724,-0.132525,0.0379686,0.243025,0.0201931,0.376328,1.05,1.00223,0.657645,0.5053,0.657645,0.980177,0.52828,0.587893,0.546214,420,152,0.0837328,-1,1,1,,
h2o,153,23,1,224,1.79919,1,5733,2121,0.00240803,-0.350074,-0.182139,0.0322618,0.424613,1.05,1.09413,0.431664,0.384078,0.431664,0.962346,0.557851,0.389368,0.357334,420,152,0.0750569,1,1,1,,
h2o,154,23,1,223,4.93504,0,3557,10671,-0.136601,0.0734262,0.247333,0.0181856,0.388986,1.05,1.08359,0.696888,0.520523,0.696888,0.96832,0.583543,0.591563,0.551282,420,152,0.0882827,-1,1,1,,
h2o,155,23,1,16,3.92348,0,6891,2436,0.119194,-0.246686,-0.176751,0.0326138,0.407139,1.05,1.05487,0.595399,0.48816,0.599459,0.982259,0.550351,0.603839,0.567331,420,152,0.0772321,-1,1,1,,
h2o,156,23,1,346,2.02882,0,6883,2116,0.11953,-0.264356,-0.181526,0.0322046,0.42279,1.05,0.964606,0.585927,0.50654,0.59134,0.971035,0.575657,0.628811,0.59177,420,152,0.0767254,-1,1,1,,
h2o,157,23,1,304,4.23455,0,7146,2321,0.124846,0.00230312,-0.175213,0.0266457,0.301165,1.05,1.1989,0.637348,0.481168,0.637348,0.981988,0.529093,0.5763,0.535962,420,152,0.0883404,1,1,1,,
h2o,158,23,1,70,1.06362,0,961,10302,-0.21487,0.167625,0.221416,-0.349933,0.677032,1.05,1.10645,0.665765,0.503608,0.665765,0.968682,0.8084,0.567882,0.51421,420,152,0.08368,-1,1,1,,
h2o,159,23,1,64,3.5611,1,3105,10302,-0.149225,0.156913,0.221416,-0.349933,0.627919,1.05,1.09594,0.675237,0.493234,0.675237,0.96651,0.781893,0.537805,0.501142,420,152,0.0949437,-1,1,1,,
h2o,160,23,1,254,4.27005,1,8645,315,0.209163,0.0241146,-0.22013,0.00793266,0.429624,1.05,1.1208,0.744249,0.567772,0.744249,0.966691,0.596126,0.604937,0.56352,420,152,0.0825048,-1,1,1,,
h2o,161,23,1,145,5.75597,1,10432,637,0.195411,0.145811,-0.225911,-0.343884,0.646046,1.05,1.06642,0.691475,0.497519,0.691475,0.987419,0.777205,0.557526,0.519213,420,152,0.0843865,-1,1,1,,
h2o,162,23,1,46,2.60021,1,9358,72,0.233102,0.0937891,-0.233176,-0.00211048,0.476357,1.05,1.01531,0.82544,0.61254,0.828146,0.988867,0.631791,0.63971,0.596236,420,152,0.0955534,1,1,1,,
h2o,163,23,1,353,5.45002,1,8151,315,0.154578,0.05163,-0.22013,0.00793266,0.377248,1.05,0.98229,0.565629,0.462336,0.566982,0.97013,0.534596,0.599121,0.556215,420,152,0.0844269,1,1,1,,
h2o,164,23,1,173,4.38679,0,10286,660,0.188369,0.156609,-0.221345,-0.344113,0.647064,1.05,1.02863,0.661705,0.500677,0.661705,0.927408,0.789846,0.578649,0.541211,420,152,0.0900601,1,1,1,,
h2o,165,23,1,50,4.31882,0,1982,10805,-0.185419,-0.0586729,0.268006,0.0343542,0.46287,1.05,1.07195,0.677943,0.520974,0.695535,0.935554,0.648811,0.571575,0.532548,420,152,0.0804073,-1,1,1,,
h2o,166,23,1,30,0.188948,1,1138,10223,-0.203008,0.209239,0.220568,-0.3497,0.701307,1.05,1.11931,0.700947,0.529093,0.700947,0.959902,0.812218,0.536495,0.495825,420,152,0.0765127,-1,1,1,,
h2o,167,23,1,271,0.836303,0,9670,342,0.227712,0.110487,-0.21721,-0.0219126,0.464294,1.05,1.13364,0.798376,0.605097,0.798376,0.975561,0.623049,0.633867,0.590901,420,152,0.0878038,1,1,1,,
h2o,168,23,1,67,1.62813,1,4318,10937,-0.124093,-0.0357628,0.289397,0.0464954,0.422334,1.05,1.14121,0.648173,0.485904,0.648173,0.97013,0.618674,0.554857,0.516793,420,152,0.0769802,1,1,1,,
h2o,169,23,1,317,1.7842,0,3441,10220,-0.148391,0.0844345,0.259644,0.0148249,0.414617,1.05,1.02978,0.725304,0.53383,0.725304,0.981354,0.629637,0.587723,0.545813,420,152,0.0873935,-1,1,1,,
h2o,170,23,1,121,0.286892,1,7976,315,0.151947,0.046916,-0.22013,0.00793266,0.374136,1.05,1.01121,0.622463,0.493347,0.622463,0.975561,0.50767,0.601209,0.559964,420,152,0.0812023,1,1,1,,
h2o,171,23,1,198,5.62474,0,4867,11020,-0.090291,-0.364799,0.303155,0.0555534,0.575757,1.05,1.05091,0.787551,0.594272,0.787551,0.988324,0.722986,0.716021,0.686853,420,152,0.0745936,1,1,1,,
h2o,172,23,1,205,2.00184,0,1025,10724,-0.194922,0.0379896,0.243025,0.0201931,0.438358,1.05,1.07804,0.751015,0.562246,0.756428,0.991492,0.613981,0.604044,0.565919,420,152,0.0978113,1,1,1,,
h2o,173,23,1,113,0.52856,1,6345,2722,0.0709667,-0.0307035,-0.168968,0.0315943,0.247895,1.05,0.82887,0.427605,0.408097,0.427605,0.852734,0.393398,0.513128,0.474168,420,152,0.0810963,1,1,1,,
h2o,174,23,1,50,4.66026,1,1982,10805,-0.185419,-0.0586729,0.268006,0.0343542,0.46287,1.05,1.07729,0.694181,0.530559,0.694181,0.951937,0.660212,0.572629,0.533519,420,152,0.0794693,-1,1,1,,
h2o,175,23,1,231,1.60464,0,6617,2436,0.0964041,-0.347658,-0.176751,0.0326138,0.46821,1.05,1.12526,0.652233,0.524019,0.652233,0.986966,0.58736,0.708213,0.677112,420,152,0.0804336,1,1,1,,
h2o,176,23,1,0,0.516642,1,8010,72,0.153755,0.10627,-0.233176,-0.00211048,0.401829,1.05,0.963097,0.723951,0.544655,0.723951,0.986875,0.542626,0.602513,0.560333,420,152,0.0834557,-1,1,1,,
h2o,177,23,1,117,1.48492,1,609,10724,-0.205926,0.0638628,0.243025,0.0201931,0.45112,1.05,1.06471,0.763193,0.586152,0.763193,0.976285,0.617422,0.63073,0.590468,420,152,0.101012,1,1,1,,
h2o,178,23,1,235,3.07848,1,2606,10223,-0.157358,0.190099,0.220568,-0.3497,0.659005,1.05,0.999907,0.67253,0.499774,0.675237,0.979996,0.795032,0.551293,0.515386,420,152,0.0836158,-1,1,1,,
h2o,179,23,1,299,2.36715,1,5677,637,0.00459671,0.232164,-0.225911,-0.343884,0.620506,1.05,1.12492,0.779432,0.542625,0.779432,0.967958,0.765429,0.447296,0.406811,420,152,0.0807602,-1,1,1,,
h2o,180,23,1,205,3.90691,0,1025,10671,-0.194922,0.0379896,0.247333,0.0181856,0.442737,1.05,1.06487,0.721245,0.556495,0.721245,0.969406,0.606241,0.608225,0.570158,420,152,0.0945571,1,1,1,,
h2o,181,23,1,194,4.06218,1,2925,10776,-0.136744,0.036334,0.246222,0.0283003,0.38339,1.05,0.979828,0.592693,0.484438,0.592693,0.97891,0.520384,0.58848,0.547919,420,152,0.0895539,1,1,1,,
h2o,182,23,1,113,0.538479,1,6345,2722,0.0709667,-0.0307035,-0.168968,0.0315943,0.247895,1.05,0.828186,0.424899,0.40618,0.426252,0.858164,0.383885,0.513208,0.474133,420,152,0.0813554,1,1,1,,
h2o,183,23,1,19,1.34886,1,4470,10223,-0.109155,0.184602,0.220568,-0.3497,0.627911,1.05,1.0126,0.718539,0.526274,0.730717,0.960988,0.748678,0.522445,0.48491,420,152,0.0804785,1,1,1,,
h2o,184,23,1,300,1.81287,1,1608,10724,-0.191417,0.0445614,0.243025,0.0201931,0.436188,1.05,1.05795,0.671177,0.515336,0.671177,0.985608,0.596491,0.587841,0.549357,420,152,0.0989624,1,1,1,,
h2o,185,23,1,258,2.56667,0,8871,2722,0.171392,-0.0783787,-0.168968,0.0315943,0.357689,1.05,1.06003,0.534506,0.463351,0.545332,0.975561,0.494167,0.588542,0.548281,420,152,0.0791223,1,1,1,,
h2o,186,23,1,312,0.267261,1,2296,10223,-0.171045,0.171976,0.220568,-0.3497,0.652333,1.05,1.10892,0.683356,0.489175,0.683356,0.981988,0.794027,0.5392,0.502271,420,152,0.10885,-1,1,1,,
h2o,187,23,1,21,0.203367,0,3593,10302,-0.15038,0.132779,0.221416,-0.349933,0.609469,1.05,1.05843,0.695535,0.517479,0.695535,0.961622,0.774204,0.565684,0.529461,420,152,0.0907082,-1,1,1,,
h2o,188,23,1,40,0.385005,1,3056,10724,-0.144047,0.0376587,0.243025,0.0201931,0.387522,1.05,1.04468,0.664411,0.514998,0.664411,0.978186,0.53759,0.590314,0.548542,420,152,0.0877678,1,1,1,,
h2o,189,23,1,248,2.96904,1,7771,72,0.149026,0.0967941,-0.233176,-0.00211048,0.394798,1.05,0.985719,0.696888,0.520862,0.696888,0.988233,0.571867,0.590807,0.548661,420,152,0.0866945,-1,1,1,,
h2o,190,23,1,166,0.685152,1,8696,648,0.188661,0.137294,-0.221532,-0.344461,0.632729,1.05,1.06851,0.696888,0.508796,0.696888,0.958545,0.795643,0.558988,0.52204,420,152,0.103956,1,1,1,,
h2o,191,23,1,103,3.0009,0,7750,2116,0.156175,-0.327747,-0.181526,0.0322046,0.493655,1.05,1.01902,0.65088,0.5265,0.656292,0.982078,0.627829,0.685276,0.649204,420,152,0.0820083,-1,1,1,,
h2o,144,23,2,24,5.46204,0,10995,4103,0.298259,0.0525551,-0.149307,-0.339933,0.595297,1.05,1.08425,0.709066,0.555029,0.709066,0.985246,0.722986,0.675135,0.612475,284,160,0.0716243,1,1,1,,
h2o,145,23,2,153,1.66498,0,10880,4103,0.280674,0.0413532,-0.149307,-0.339933,0.5747,1.05,1.0873,0.370771,0.34585,0.385656,0.926412,0.661489,0.343162,0.279504,284,160,0.0788729,-1,1,1,,
h2o,146,23,2,292,5.34545,1,10223,4103,0.220568,-0.3497,-0.149307,-0.339933,0.370034,1.05,1.05437,0.65088,0.508796,0.65088,0.956282,0.446648,0.702362,0.623861,284,160,0.0849629,1,1,1,,
h2o,147,23,2,182,6.16522,0,10907,4103,0.285009,0.043849,-0.149307,-0.339933,0.5796,1.05,1.06166,0.450609,0.381597,0.461434,0.897085,0.708199,0.397271,0.334699,284,160,0.0897827,1,1,1,,
h2o,148,23,2,183,3.38104,1,11020,4103,0.303155,0.0555534,-0.149307,-0.339933,0.600956,1.05,1.04845,0.660352,0.533604,0.663058,0.974656,0.704881,0.680376,0.61562,284,160,0.072367,-1,1,1,,
h2o,149,23,2,285,5.96458,1,10724,4103,0.243025,0.0201931,-0.149307,-0.339933,0.532666,1.05,1.03474,0.507442,0.392761,0.507442,0.893284,0.725377,0.433065,0.368784,284,160,0.0720023,1,1,1,,
h2o,150,23,2,30,1.79131,1,10223,4103,0.220568,-0.3497,-0.149307,-0.339933,0.370034,1.05,1.06196,0.964817,0.697001,0.964817,0.99475,0.485241,0.75888,0.68452,284,160,0.0803867,-1,1,1,,
h2o,151,23,2,350,0.606355,0,2722,10195,-0.168968,0.0315943,0.219747,-0.341613,0.538872,1.05,1.08142,0.607578,0.495602,0.615697,0.900797,0.640018,0.680585,0.639999,284,160,0.0763075,-1,1,1,,
h2o,152,23,2,294,1.42521,1,10724,4103,0.243025,0.0201931,-0.149307,-0.339933,0.532666,1.05,1.01191,0.725304,0.543866,0.729364,0.98063,0.67743,0.690161,0.62409,284,160,0.0750109,1,1,1,,
h2o,153,23,2,224,1.79919,1,2121,10195,-0.182139,0.0322618,0.219747,-0.341613,0.54896,1.05,1.05333,0.49797,0.378439,0.499323,0.984794,0.660545,0.377205,0.311146,284,160,0.0776702,-1,1,1,,
h2o,154,23,2,223,4.93504,0,10671,4103,0.247333,0.0181856,-0.149307,-0.339933,0.534486,1.05,1.02697,0.491204,0.415426,0.496617,0.913016,0.682049,0.442606,0.37905,284,160,0.0825533,1,1,1,,
h2o,155,23,2,16,3.92348,0,2436,10195,-0.176751,0.0326138,0.219747,-0.341613,0.545249,1.05,1.0579,0.635995,0.529996,0.635995,0.964609,0.657125,0.676836,0.636319,284,160,0.0768373,1,1,1,,
h2o,156,23,2,346,2.02882,0,2116,10195,-0.181526,0.0322046,0.219747,-0.341613,0.54847,1.05,1.03271,0.627876,0.508006,0.627876,0.951665,0.685695,0.670245,0.629044,284,160,0.0905159,1,1,1,,
h2o,157,23,2,304,4.23455,0,2321,10195,-0.175213,0.0266457,0.219747,-0.341613,0.540021,1.05,1.06028,0.68065,0.508909,0.68065,0.953114,0.656396,0.67983,0.639492,284,160,0.0739738,-1,1,1,,
h2o,158,23,2,70,1.06362,0,10302,4103,0.221416,-0.349933,-0.149307,-0.339933,0.370859,1.05,1.09777,0.566982,0.456924,0.569689,0.977462,0.519808,0.743906,0.667475,284,160,0.0803785,-1,1,1,,
h2o,159,23,2,64,3.5611,1,10302,4103,0.221416,-0.349933,-0.149307,-0.339933,0.370859,1.05,1.03677,0.857916,0.648399,0.857916,0.995384,0.459199,0.756636,0.686909,284,160,0.0732349,-1,1,1,,
h2o,160,23,2,254,4.27005,1,315,10195,-0.22013,0.00793266,0.219747,-0.341613,0.561848,1.05,1.05742,0.665765,0.523793,0.665765,0.979634,0.655725,0.67728,0.635863,284,160,0.0739786,-1,1,1,,
h2o,161,23,2,145,5.75597,1,637,10195,-0.225911,-0.343884,0.219747,-0.341613,0.445666,1.05,1.12387,0.446549,0.387461,0.462788,0.897629,0.569265,0.608987,0.539509,284,160,0.0924892,-1,1,1,,
h2o,162,23,2,46,2.60021,1,72,10195,-0.233176,-0.00211048,0.219747,-0.341613,0.566086,1.05,1.07565,0.67659,0.543076,0.684709,0.93836,0.681716,0.683369,0.639895,284,160,0.0820008,1,1,1,,
h2o,163,23,2,353,5.45002,1,315,10195,-0.22013,0.00793266,0.219747,-0.341613,0.561848,1.05,1.05869,0.690122,0.525823,0.690122,0.982169,0.682199,0.682896,0.639989,284,160,0.0751972,1,1,1,,
h2o,164,23,2,173,4.38679,0,660,10195,-0.221345,-0.344113,0.219747,-0.341613,0.441099,1.05,1.10372,0.526387,0.441701,0.533153,0.89609,0.506666,0.655997,0.594727,284,160,0.0878483,1,1,1,,
h2o,165,23,2,50,4.31882,0,10805,4103,0.268006,0.0343542,-0.149307,-0.339933,0.560587,1.05,1.0986,0.400541,0.348557,0.40866,0.911296,0.657511,0.371261,0.31114,284,160,0.079406,-1,1,1,,
h2o,166,23,2,30,0.188948,1,10223,4103,0.220568,-0.3497,-0.149307,-0.339933,0.370034,1.05,1.05851,0.520974,0.424335,0.520974,0.954562,0.511683,0.647368,0.577048,284,160,0.078658,-1,1,1,,
h2o,167,23,2,271,0.836303,0,342,10195,-0.21721,-0.0219126,0.219747,-0.341613,0.541423,1.05,1.01559,0.725304,0.537212,0.725304,0.963432,0.658121,0.68385,0.640884,284,160,0.0722806,1,1,1,,
h2o,168,23,2,67,1.62813,1,10937,4103,0.289397,0.0464954,-0.149307,-0.339933,0.584641,1.05,1.0876,0.500677,0.392309,0.500677,0.796977,0.752574,0.433366,0.368347,284,160,0.0772396,-1,1,1,,
h2o,169,23,2,317,1.7842,0,10220,4103,0.259644,0.0148249,-0.149307,-0.339933,0.541483,1.05,1.08452,0.671177,0.531461,0.67253,0.976557,0.652313,0.702889,0.639139,284,160,0.0744594,-1,1,1,,
h2o,170,23,2,121,0.286892,1,315,10195,-0.22013,0.00793266,0.219747,-0.341613,0.561848,1.05,1.03909,0.612991,0.491204,0.61705,0.951484,0.671379,0.678507,0.637262,284,160,0.0754606,1,1,1,,
h2o,171,23,2,198,5.62474,0,11020,4103,0.303155,0.0555534,-0.149307,-0.339933,0.600956,1.05,1.03696,0.705007,0.53507,0.705007,0.957277,0.721235,0.678872,0.614154,284,160,0.0780272,-1,1,1,,
h2o,172,23,2,205,2.00184,0,10724,4103,0.243025,0.0201931,-0.149307,-0.339933,0.532666,1.05,1.1033,0.437077,0.369982,0.464141,0.882151,0.666678,0.381637,0.325798,284,160,0.0814617,-1,1,1,,
h2o,173,23,2,113,0.52856,1,2722,10195,-0.168968,0.0315943,0.219747,-0.341613,0.538872,1.05,1.08823,0.660352,0.511953,0.660352,0.964881,0.638931,0.682817,0.643371,284,160,0.0745331,1,1,1,,
h2o,174,23,2,50,4.66026,1,10805,4103,0.268006,0.0343542,-0.149307,-0.339933,0.560587,1.05,1.11552,0.359946,0.326229,0.372124,0.869569,0.696312,0.313871,0.253187,284,160,0.0898087,-1,1,1,,
h2o,175,23,2,231,1.60464,0,2436,10195,-0.176751,0.0326138,0.219747,-0.341613,0.545249,1.05,1.02074,0.584574,0.508345,0.606225,0.954924,0.631957,0.679125,0.638212,284,160,0.0748982,1,1,1,,
h2o,176,23,2,0,0.516642,1,72,10195,-0.233176,-0.00211048,0.219747,-0.341613,0.566086,1.05,1.07227,0.673884,0.533266,0.683356,0.965424,0.653693,0.680401,0.638221,284,160,0.0711472,-1,1,1,,
h2o,177,23,2,117,1.48492,1,10724,4103,0.243025,0.0201931,-0.149307,-0.339933,0.532666,1.05,1.10827,0.692828,0.520072,0.698241,0.986151,0.639308,0.696135,0.630672,284,160,0.0753072,1,1,1,,
h2o,178,23,2,235,3.07848,1,10223,4103,0.220568,-0.3497,-0.149307,-0.339933,0.370034,1.05,1.06817,0.603518,0.464141,0.603518,0.977734,0.500603,0.754485,0.679421,284,160,0.074849,-1,1,1,,
h2o,179,23,2,299,2.36715,1,637,10195,-0.225911,-0.343884,0.219747,-0.341613,0.445666,1.05,1.05469,0.579161,0.479138,0.580514,0.961441,0.556144,0.705355,0.630004,284,160,0.0971243,-1,1,1,,
h2o,180,23,2,205,3.90691,0,10671,4103,0.247333,0.0181856,-0.149307,-0.339933,0.534486,1.05,1.08317,0.652233,0.548715,0.67659,0.966962,0.610044,0.68294,0.61952,284,160,0.0738293,1,1,1,,
h2o,181,23,2,194,4.06218,1,10776,4103,0.246222,0.0283003,-0.149307,-0.339933,0.540553,1.05,1.08142,0.370771,0.338182,0.376184,0.903331,0.651586,0.321933,0.258755,284,160,0.0758952,1,1,1,,
h2o,182,23,2,113,0.538479,1,2722,10195,-0.168968,0.0315943,0.219747,-0.341613,0.538872,1.05,1.08589,0.641407,0.528981,0.652233,0.901068,0.649426,0.678817,0.638743,284,160,0.0870837,1,1,1,,
h2o,183,23,2,19,1.34886,1,10223,4103,0.220568,-0.3497,-0.149307,-0.339933,0.370034,1.05,1.04115,0.981055,0.708051,0.981055,0.999366,0.484013,0.752781,0.68114,284,160,0.0713136,1,1,1,,
h2o,184,23,2,300,1.81287,1,10724,4103,0.243025,0.0201931,-0.149307,-0.339933,0.532666,1.05,1.1104,0.372124,0.316644,0.372124,0.925959,0.658958,0.316739,0.251129,284,160,0.0834835,1,1,1,,
h2o,185,23,2,258,2.56667,0,2722,10195,-0.168968,0.0315943,0.219747,-0.341613,0.538872,1.05,1.0252,0.629229,0.51184,0.640054,0.968049,0.667244,0.661723,0.619789,284,160,0.0839727,1,1,1,,
h2o,186,23,2,312,0.267261,1,10223,4103,0.220568,-0.3497,-0.149307,-0.339933,0.370034,1.05,1.03431,0.675237,0.521313,0.675237,0.959269,0.45788,0.694728,0.618474,284,160,0.0718659,-1,1,1,,
h2o,187,23,2,21,0.203367,0,10302,4103,0.221416,-0.349933,-0.149307,-0.339933,0.370859,1.05,1.07377,0.604871,0.459517,0.604871,0.973117,0.536808,0.654487,0.583192,284,160,0.0736779,-1,1,1,,
h2o,188,23,2,40,0.385005,1,10724,4103,0.243025,0.0201931,-0.149307,-0.339933,0.532666,1.05,1.09289,0.677943,0.519847,0.687415,0.975018,0.639275,0.690055,0.627288,284,160,0.0743359,1,1,1,,
h2o,189,23,2,248,2.96904,1,72,10195,-0.233176,-0.00211048,0.219747,-0.341613,0.566086,1.05,1.08857,0.627876,0.513645,0.631935,0.953657,0.652237,0.673367,0.631221,284,160,0.0798673,-1,1,1,,
h2o,190,23,2,166,0.685152,1,648,10195,-0.221532,-0.344461,0.219747,-0.341613,0.441288,1.05,1.0583,0.496617,0.404037,0.496617,0.970492,0.589409,0.602459,0.538678,284,160,0.0839307,1,1,1,,
h2o,191,23,2,103,3.0009,0,2116,10195,-0.181526,0.0322046,0.219747,-0.341613,0.54847,1.05,1.02246,0.631935,0.517028,0.631935,0.964881,0.660091,0.683585,0.643996,284,160,0.0745102,1,1,1,,
h2o,192,23,1,61,4.4033,1,8155,72,0.180522,0.115842,-0.233176,-0.00211048,0.430756,1.05,1.00166,0.810555,0.591565,0.810555,0.995203,0.584518,0.617987,0.575151,134,149,0.0825223,1,1,1,,
h2o,193,23,1,336,5.76368,1,2980,10776,-0.130713,0.0188723,0.246222,0.0283003,0.37745,1.05,1.12773,0.675237,0.503496,0.675237,0.971941,0.61098,0.577532,0.537127,134,149,0.0941596,1,1,1,,
h2o,194,23,1,212,0.655257,1,1917,10799,-0.18714,-0.0443163,0.263437,0.0320673,0.457033,1.05,1.0631,0.645467,0.5,0.653586,0.929127,0.621942,0.540061,0.501485,134,149,0.0915832,-1,1,1,,
h2o,195,23,1,243,2.66554,0,7478,2656,0.140828,-0.132153,-0.171974,0.0319891,0.353284,1.05,1.12759,0.614344,0.464254,0.614344,0.969497,0.568203,0.527566,0.489449,134,149,0.0781239,1,1,1,,
h2o,196,23,1,238,2.82883,0,10380,72,0.195726,0.112465,-0.233176,-0.00211048,0.443964,1.05,1.00905,0.797023,0.591678,0.797023,0.987509,0.612852,0.623467,0.580795,134,149,0.0984154,-1,1,1,,
h2o,197,23,1,5,3.70131,0,10596,648,0.234183,0.168773,-0.221532,-0.344461,0.686433,1.05,1.10014,0.694181,0.518945,0.694181,0.971307,0.852474,0.577148,0.541293,134,149,0.0811266,-1,1,1,,
h2o,198,23,1,56,5.01993,0,188,9890,-0.237903,0.0900478,0.212207,-0.348752,0.628665,1.05,1.02677,0.729364,0.535521,0.733424,0.986061,0.746886,0.627055,0.589163,134,149,0.0815912,-1,1,1,,
h2o,199,23,1,152,1.2262,1,571,10220,-0.21571,0.0881395,0.259644,0.0148249,0.481209,1.05,1.03131,0.847091,0.614569,0.847091,0.993302,0.651298,0.63257,0.592023,134,149,0.0882494,-1,1,1,,
h2o,200,23,1,147,1.99421,0,7893,315,0.155687,0.0636044,-0.22013,0.00793266,0.379946,1.05,0.996103,0.661705,0.513757,0.661705,0.986061,0.525821,0.609874,0.566737,134,149,0.0810259,1,1,1,,
h2o,201,23,1,289,6.15405,1,10063,72,0.265741,0.014822,-0.233176,-0.00211048,0.499209,1.05,1.08941,0.721245,0.579387,0.755074,0.941347,0.637654,0.635261,0.591174,134,149,0.0771561,1,1,1,,
h2o,202,23,1,191,4.28893,0,7105,2656,0.133469,-0.214736,-0.171974,0.0319891,0.392872,1.05,0.970541,0.507442,0.474177,0.533153,0.95945,0.524748,0.562379,0.527693,134,149,0.0817875,-1,1,1,,
h2o,203,23,1,184,2.36701,1,6043,1819,0.0475149,-0.319218,-0.187289,0.0320148,0.422839,1.05,1.00849,0.709066,0.568674,0.722598,0.986875,0.595969,0.726001,0.693655,134,149,0.076474,-1,1,1,,
h2o,204,23,1,120,3.51153,1,6292,2321,0.0667067,0.00672626,-0.175213,0.0266457,0.242745,1.05,1.14673,0.470907,0.387461,0.470907,0.950308,0.427206,0.532304,0.494331,134,149,0.0862817,1,1,1,,
h2o,205,23,1,189,5.16732,0,2319,10724,-0.178786,0.0285864,0.243025,0.0201931,0.422637,1.05,1.02732,0.58728,0.469779,0.619756,0.982712,0.560591,0.588896,0.548214,134,149,0.0962511,-1,1,1,,
h2o,206,23,1,186,4.72065,0,2504,10937,-0.171614,-0.155206,0.289397,0.0464954,0.503218,1.05,1.03892,0.67659,0.517591,0.67659,0.97529,0.727919,0.531776,0.493963,134,149,0.0846578,1,1,1,,
h2o,207,23,1,22,5.94291,1,2257,10302,-0.173398,0.164497,0.221416,-0.349933,0.648496,1.05,1.08233,0.67253,0.511953,0.67659,0.95782,0.802907,0.545962,0.507783,134,149,0.0931812,1,1,1,,
h2o,208,23,1,176,0.959318,1,778,10671,-0.214787,0.0686798,0.247333,0.0181856,0.465514,1.05,1.03321,0.807848,0.597542,0.807848,0.980902,0.620957,0.62757,0.587507,134,149,0.0861512,-1,1,1,,
h2o,209,23,1,207,4.58125,1,5089,11020,-0.0611162,-0.0814619,0.303155,0.0555534,0.38927,1.05,1.20699,0.504736,0.400654,0.523681,0.968863,0.600289,0.475776,0.439964,134,149,0.0809347,1,1,1,,
h2o,210,23,1,83,3.545,1,10890,660,0.256666,0.152396,-0.221345,-0.344113,0.68929,1.05,1.01047,0.737483,0.532364,0.737483,0.966057,0.801407,0.605298,0.57038,134,149,0.0858691,1,1,1,,
h2o,211,23,1,227,0.753405,0,6895,660,0.116536,0.22824,-0.221345,-0.344113,0.664649,1.05,1.02594,0.721245,0.528981,0.721245,0.953295,0.819663,0.507688,0.467993,134,149,0.0737112,1,1,1,,
h2o,212,23,1,279,5.28281,0,3422,10907,-0.155558,-0.0219336,0.285009,0.043849,0.445451,1.05,1.09694,0.710419,0.528755,0.710419,0.972303,0.65594,0.57635,0.537022,134,149,0.101023,1,1,1,,
h2o,213,23,1,36,1.49464,1,4675,10724,-0.095067,0.0402803,0.243025,0.0201931,0.339227,1.05,1.00073,0.611637,0.484664,0.611637,0.966691,0.493912,0.575982,0.537221,134,149,0.0857267,-1,1,1,,
h2o,214,23,1,4,4.23136,0,8825,758,0.162813,0.166842,-0.216931,-0.345021,0.63742,1.05,1.02634,0.688769,0.510262,0.688769,0.977552,0.800903,0.564462,0.527476,134,149,0.080226,-1,1,1,,
h2o,215,23,1,31,5.52711,0,6472,2116,0.0867252,-0.330091,-0.181526,0.0322046,0.450866,1.05,1.03498,0.65088,0.552323,0.656292,0.974203,0.569854,0.709629,0.675763,134,149,0.0761716,1,1,1,,
h2o,216,23,1,94,2.25588,0,2745,10220,-0.164157,0.0977049,0.259644,0.0148249,0.432475,1.05,1.018,0.760487,0.559202,0.760487,0.985427,0.638325,0.591733,0.554073,134,149,0.086601,-1,1,1,,
h2o,217,23,1,154,4.92227,0,917,10302,-0.201324,0.155978,0.221416,-0.349933,0.659294,1.05,1.05411,0.68065,0.490528,0.68065,0.990768,0.783024,0.56106,0.524127,134,149,0.094854,-1,1,1,,
h2o,218,23,1,334,5.63514,1,5422,11039,-0.0259733,-0.065773,0.307079,0.0587711,0.355591,1.05,0.946006,0.430311,0.397271,0.460081,0.923606,0.514941,0.528672,0.496545,134,149,0.0821396,-1,1,1,,
h2o,219,23,1,225,0.381928,0,8041,72,0.161839,0.088357,-0.233176,-0.00211048,0.405371,1.05,1.00626,0.656292,0.510487,0.656292,0.980811,0.547449,0.602835,0.560596,134,149,0.0820359,1,1,1,,
h2o,220,23,1,9,2.70094,1,723,10789,-0.202572,0.0435591,0.249859,0.0291271,0.452699,1.05,1.05185,0.794317,0.586491,0.794317,0.973932,0.619626,0.623054,0.584809,134,149,0.0906558,1,1,1,,
h2o,221,23,1,271,2.93102,0,9670,342,0.227712,0.110487,-0.21721,-0.0219126,0.464294,1.05,1.14052,0.768606,0.572959,0.768606,0.967415,0.595409,0.610495,0.567665,134,149,0.0932913,-1,1,1,,
h2o,222,23,1,315,5.87736,1,1053,10223,-0.19195,0.189649,0.220568,-0.3497,0.679078,1.05,1.1201,0.67659,0.506315,0.67659,0.955739,0.823227,0.530303,0.493102,134,149,0.0817074,1,1,1,,
h2o,223,23,1,30,4.56405,0,1138,10223,-0.203008,0.209239,0.220568,-0.3497,0.701307,1.05,1.00914,0.730717,0.515223,0.730717,0.984884,0.847069,0.541196,0.503129,134,149,0.0768785,1,1,1,,
h2o,224,23,1,127,1.44266,0,2482,10805,-0.162407,-0.00493908,0.268006,0.0343542,0.432362,1.05,0.993233,0.529093,0.451173,0.572395,0.965605,0.565518,0.576758,0.536783,134,149,0.113099,1,1,1,,
h2o,225,23,1,289,0.760331,0,10063,72,0.265741,0.014822,-0.233176,-0.00211048,0.499209,1.05,1.00078,0.558863,0.477673,0.614344,0.979634,0.602612,0.624674,0.580667,134,149,0.106295,1,1,1,,
h2o,226,23,1,64,0.263218,0,3105,10302,-0.149225,0.156913,0.221416,-0.349933,0.627919,1.05,1.11046,0.661705,0.479026,0.661705,0.990768,0.767691,0.538265,0.501549,134,149,0.0908869,-1,1,1,,
h2o,227,23,1,291,3.50278,0,4918,10995,-0.0756617,-0.0325499,0.298259,0.0525551,0.383483,1.05,0.946716,0.477673,0.433356,0.481732,0.863776,0.514139,0.521487,0.484153,134,149,0.0987463,-1,1,1,,
h2o,228,23,1,304,1.93971,1,7146,2321,0.124846,0.00230312,-0.175213,0.0266457,0.301165,1.05,1.20879,0.631935,0.479026,0.631935,0.971216,0.527569,0.576502,0.536249,134,149,0.085291,-1,1,1,,
h2o,229,23,1,84,1.80182,1,6511,660,0.0863981,0.249648,-0.221345,-0.344113,0.668777,1.05,1.08506,0.782138,0.561682,0.782138,0.967596,0.791207,0.468587,0.434117,134,149,0.0718513,1,1,1,,
h2o,230,23,1,105,4.17212,1,6653,2436,0.0993395,-0.291828,-0.176751,0.0326138,0.426054,1.05,1.02915,0.663058,0.520974,0.668471,0.987147,0.536023,0.670272,0.63713,134,149,0.0770994,1,1,1,,
h2o,231,23,1,309,0.32566,1,1878,10937,-0.188301,-0.225472,0.289397,0.0464954,0.549738,1.05,1.03089,0.634641,0.497406,0.640054,0.977371,0.69893,0.590756,0.555169,134,149,0.0777872,1,1,1,,
h2o,232,23,1,151,4.9795,0,8681,315,0.182603,0.0524225,-0.22013,0.00793266,0.405375,1.05,1.0359,0.664411,0.51184,0.664411,0.95773,0.575333,0.612319,0.569647,134,149,0.0860319,1,1,1,,
h2o,233,23,1,209,5.94605,0,3854,10995,-0.152802,-0.172463,0.298259,0.0525551,0.504233,1.05,1.11014,0.610284,0.469666,0.611637,0.976919,0.672761,0.528977,0.491291,134,149,0.0735692,1,1,1,,
h2o,234,23,1,270,0.930075,0,7665,2722,0.152364,-0.0883007,-0.168968,0.0315943,0.343103,1.05,1.06423,0.5318,0.446098,0.543978,0.977462,0.494135,0.556739,0.516157,134,149,0.0849853,1,1,1,,
h2o,235,23,1,324,4.75632,1,4921,11039,-0.0819941,-0.194568,0.307079,0.0587711,0.464307,1.05,1.10929,0.637348,0.497519,0.637348,0.98416,0.657408,0.576819,0.543829,134,149,0.0730019,-1,1,1,,
h2o,236,23,1,35,2.437,1,1295,10776,-0.194113,0.0338554,0.246222,0.0283003,0.440644,1.05,1.06313,0.748309,0.571606,0.759134,0.930123,0.618155,0.619781,0.582022,134,149,0.0883055,1,1,1,,
h2o,237,23,1,84,4.82265,1,6511,660,0.0863981,0.249648,-0.221345,-0.344113,0.668777,1.05,1.08264,0.778078,0.558412,0.778078,0.956463,0.795713,0.473576,0.436595,134,149,0.0739558,-1,1,1,,
h2o,238,23,1,43,3.47002,0,5356,11020,-0.0346823,-0.00757599,0.303155,0.0555534,0.343758,1.05,1.09617,0.485792,0.420839,0.485792,0.90315,0.529909,0.473992,0.439161,134,149,0.077407,1,1,1,,
h2o,239,23,1,110,5.71421,0,3810,10776,-0.133462,0.0376005,0.246222,0.0283003,0.381011,1.05,1.03157,0.660352,0.516802,0.660352,0.986875,0.518345,0.591979,0.551638,134,149,0.0826623,1,1,1,,
h2o,192,23,2,61,4.4033,1,72,10195,-0.233176,-0.00211048,0.219747,-0.341613,0.566086,1.05,1.08106,0.656292,0.535859,0.671177,0.977281,0.638775,0.682948,0.640112,352,160,0.0770616,1,1,1,,
h2o,193,23,2,336,5.76368,1,10776,4103,0.246222,0.0283003,-0.149307,-0.339933,0.540553,1.05,1.01708,0.740189,0.558976,0.740189,0.96651,0.686447,0.700042,0.636411,352,160,0.0748691,-1,1,1,,
h2o,194,23,2,212,0.655257,1,10799,4103,0.263437,0.0320673,-0.149307,-0.339933,0.555661,1.05,1.04341,0.50203,0.402007,0.50203,0.917361,0.730702,0.435177,0.373279,352,160,0.080638,1,1,1,,
h2o,195,23,2,243,2.66554,0,2656,10195,-0.171974,0.0319891,0.219747,-0.341613,0.541331,1.05,1.02789,0.652233,0.502481,0.663058,0.969406,0.681842,0.671194,0.631857,352,160,0.0769176,1,1,1,,
h2o,196,23,2,238,2.82883,0,72,10195,-0.233176,-0.00211048,0.219747,-0.341613,0.566086,1.05,1.08248,0.653586,0.538791,0.653586,0.953566,0.672399,0.68089,0.638217,352,160,0.0728693,-1,1,1,,
h2o,197,23,2,5,3.70131,0,648,10195,-0.221532,-0.344461,0.219747,-0.341613,0.441288,1.05,1.01173,1.06766,0.744024,1.06766,0.999728,0.550346,0.732226,0.690998,352,160,0.0736468,-1,1,1,,
h2o,198,23,2,56,5.01993,0,9890,4103,0.212207,-0.348752,-0.149307,-0.339933,0.361664,1.05,1.01258,0.948579,0.67535,0.948579,0.999728,0.462673,0.751737,0.67956,352,160,0.0755858,-1,1,1,,
h2o,199,23,2,152,1.2262,1,10220,4103,0.259644,0.0148249,-0.149307,-0.339933,0.541483,1.05,1.1074,0.664411,0.51793,0.68065,0.98063,0.639565,0.696957,0.634067,352,160,0.0731509,-1,1,1,,
h2o,200,23,2,147,1.99421,0,315,10195,-0.22013,0.00793266,0.219747,-0.341613,0.561848,1.05,1.05736,0.690122,0.524357,0.700947,0.983436,0.671101,0.682016,0.638879,352,160,0.0721735,1,1,1,,
h2o,201,23,2,289,6.15405,1,72,10195,-0.233176,-0.00211048,0.219747,-0.341613,0.566086,1.05,1.06292,0.653586,0.512855,0.668471,0.983164,0.677589,0.687043,0.642956,352,160,0.0747712,1,1,1,,
h2o,202,23,2,191,4.28893,0,2656,10195,-0.171974,0.0319891,0.219747,-0.341613,0.541331,1.05,1.02593,0.630582,0.508908,0.630582,0.951846,0.66133,0.678999,0.637836,352,160,0.0743572,1,1,1,,
h2o,203,23,2,184,2.36701,1,1819,10195,-0.187289,0.0320148,0.219747,-0.341613,0.552573,1.05,1.05803,0.665765,0.536987,0.665765,0.961351,0.688602,0.678914,0.638939,352,160,0.0803197,1,1,1,,
h2o,204,23,2,120,3.51153,1,2321,10195,-0.175213,0.0266457,0.219747,-0.341613,0.540021,1.05,1.02553,0.625169,0.509923,0.625169,0.929761,0.655564,0.682301,0.644328,352,160,0.0862408,1,1,1,,
h2o,205,23,2,189,5.16732,0,10724,4103,0.243025,0.0201931,-0.149307,-0.339933,0.532666,1.05,1.0769,0.483085,0.380469,0.485792,0.978548,0.651653,0.439839,0.373798,352,160,0.0879715,-1,1,1,,
h2o,206,23,2,186,4.72065,0,10937,4103,0.289397,0.0464954,-0.149307,-0.339933,0.584641,1.05,1.10687,0.677943,0.549166,0.691475,0.968863,0.67738,0.677568,0.611295,352,160,0.0727478,1,1,1,,
h2o,207,23,2,22,5.94291,1,10302,4103,0.221416,-0.349933,-0.149307,-0.339933,0.370859,1.05,1.08221,0.476319,0.413058,0.483085,0.938994,0.496284,0.647904,0.577096,352,160,0.0792512,1,1,1,,
h2o,208,23,2,176,0.959318,1,10671,4103,0.247333,0.0181856,-0.149307,-0.339933,0.534486,1.05,1.11328,0.366712,0.332544,0.366712,0.904689,0.650507,0.315735,0.252782,352,160,0.0771065,-1,1,1,,
h2o,209,23,2,207,4.58125,1,11020,4103,0.303155,0.0555534,-0.149307,-0.339933,0.600956,1.05,1.03051,0.477673,0.382161,0.487145,0.764663,0.752402,0.405648,0.34574,352,160,0.0878238,1,1,1,,
h2o,210,23,2,83,3.545,1,660,10195,-0.221345,-0.344113,0.219747,-0.341613,0.441099,1.05,1.09075,0.506089,0.425462,0.511502,0.966872,0.571001,0.625318,0.552887,352,160,0.0917616,1,1,1,,
h2o,211,23,2,227,0.753405,0,660,10195,-0.221345,-0.344113,0.219747,-0.341613,0.441099,1.05,1.09708,0.453315,0.399639,0.457375,0.934015,0.527744,0.625796,0.560455,352,160,0.0842278,1,1,1,,
h2o,212,23,2,279,5.28281,0,10907,4103,0.285009,0.043849,-0.149307,-0.339933,0.5796,1.05,1.09132,0.384303,0.345625,0.389716,0.892107,0.676749,0.336342,0.272985,352,160,0.0743488,1,1,1,,
h2o,213,23,2,36,1.49464,1,10724,4103,0.243025,0.0201931,-0.149307,-0.339933,0.532666,1.05,1.06653,0.640054,0.539355,0.654939,0.952661,0.628567,0.684659,0.621494,352,160,0.0722039,-1,1,1,,
h2o,214,23,2,4,4.23136,0,758,10195,-0.216931,-0.345021,0.219747,-0.341613,0.436691,1.05,1.1005,1.09337,0.768381,1.09337,1,0.546454,0.741998,0.697681,352,160,0.0706448,1,1,1,,
h2o,215,23,2,31,5.52711,0,2116,10195,-0.181526,0.0322046,0.219747,-0.341613,0.54847,1.05,1.04792,0.626522,0.520298,0.642761,0.965967,0.617866,0.68521,0.645429,352,160,0.0724209,-1,1,1,,
h2o,216,23,2,94,2.25588,0,10220,4103,0.259644,0.0148249,-0.149307,-0.339933,0.541483,1.05,1.07271,0.499323,0.385318,0.499323,0.888577,0.72867,0.428406,0.365162,352,160,0.0801209,-1,1,1,,
h2o,217,23,2,154,4.92227,0,10302,4103,0.221416,-0.349933,-0.149307,-0.339933,0.370859,1.05,1.06431,0.640054,0.50857,0.640054,0.918809,0.464419,0.693041,0.624664,352,160,0.0716134,-1,1,1,,
h2o,218,23,2,334,5.63514,1,11039,4103,0.307079,0.0587711,-0.149307,-0.339933,0.606029,1.05,1.01845,0.707713,0.561119,0.710419,0.97013,0.723064,0.677819,0.614323,352,160,0.0731452,1,1,1,,
h2o,219,23,2,225,0.381928,0,72,10195,-0.233176,-0.00211048,0.219747,-0.341613,0.566086,1.05,1.05459,0.717185,0.532476,0.723951,0.986785,0.687729,0.681481,0.639242,352,160,0.0718865,1,1,1,,
h2o,220,23,2,9,2.70094,1,10789,4103,0.249859,0.0291271,-0.149307,-0.339933,0.543727,1.05,1.08785,0.364005,0.34258,0.385656,0.775163,0.646162,0.346863,0.284498,352,160,0.07326,1,1,1,,
h2o,221,23,2,271,2.93102,0,342,10195,-0.21721,-0.0219126,0.219747,-0.341613,0.541423,1.05,1.10617,0.49797,0.436401,0.49797,0.853548,0.649679,0.489774,0.446945,352,160,0.0746784,1,1,1,,
h2o,222,23,2,315,5.87736,1,10223,4103,0.220568,-0.3497,-0.149307,-0.339933,0.370034,1.05,1.06289,0.477673,0.417794,0.480379,0.932024,0.473604,0.647077,0.576005,352,160,0.0747537,1,1,1,,
h2o,223,23,2,30,4.56405,0,10223,4103,0.220568,-0.3497,-0.149307,-0.339933,0.370034,1.05,1.06235,0.917456,0.674222,0.917456,0.999457,0.455459,0.761075,0.689411,352,160,0.0724702,1,1,1,,
h2o,224,23,2,127,1.44266,0,10805,4103,0.268006,0.0343542,-0.149307,-0.339933,0.560587,1.05,1.0627,0.506089,0.385882,0.506089,0.965152,0.673402,0.433416,0.367853,352,160,0.108249,1,1,1,,
h2o,225,23,2,289,0.760331,0,72,10195,-0.233176,-0.00211048,0.219747,-0.341613,0.566086,1.05,1.01106,0.461434,0.357014,0.461434,0.956282,0.695657,0.356146,0.284453,352,160,0.0949777,1,1,1,,
h2o,226,23,2,64,0.263218,0,10302,4103,0.221416,-0.349933,-0.149307,-0.339933,0.370859,1.05,1.10204,0.526387,0.45309,0.526387,0.937002,0.444287,0.652779,0.583431,352,160,0.0724704,-1,1,1,,
h2o,227,23,2,291,3.50278,0,10995,4103,0.298259,0.0525551,-0.149307,-0.339933,0.595297,1.05,1.02029,0.705007,0.538002,0.705007,0.970492,0.722396,0.679928,0.614352,352,160,0.0817585,1,1,1,,
h2o,228,23,2,304,1.93971,1,2321,10195,-0.175213,0.0266457,0.219747,-0.341613,0.540021,1.05,1.06451,0.67659,0.513081,0.679296,0.971669,0.653731,0.684298,0.644045,352,160,0.073586,1,1,1,,
h2o,229,23,2,84,1.80182,1,660,10195,-0.221345,-0.344113,0.219747,-0.341613,0.441099,1.05,1.11726,0.522327,0.449932,0.525034,0.860065,0.55455,0.655138,0.585142,352,160,0.08365,1,1,1,,
h2o,230,23,2,105,4.17212,1,2436,10195,-0.176751,0.0326138,0.219747,-0.341613,0.545249,1.05,1.07441,0.642761,0.531913,0.642761,0.966148,0.649701,0.675746,0.635247,352,160,0.0717873,-1,1,1,,
h2o,231,23,2,309,0.32566,1,10937,4103,0.289397,0.0464954,-0.149307,-0.339933,0.584641,1.05,1.08567,0.633288,0.536874,0.64682,0.967415,0.662272,0.682194,0.616043,352,160,0.0717582,1,1,1,,
h2o,232,23,2,151,4.9795,0,315,10195,-0.22013,0.00793266,0.219747,-0.341613,0.561848,1.05,1.0558,0.67253,0.532702,0.677943,0.986423,0.673054,0.675786,0.633114,352,160,0.0818878,1,1,1,,
h2o,233,23,2,209,5.94605,0,10995,4103,0.298259,0.0525551,-0.149307,-0.339933,0.595297,1.05,1.07481,0.741543,0.541949,0.741543,0.968049,0.748478,0.682059,0.616659,352,160,0.0736441,-1,1,1,,
h2o,234,23,2,270,0.930075,0,2722,10195,-0.168968,0.0315943,0.219747,-0.341613,0.538872,1.05,1.0617,0.50203,0.41396,0.512855,0.825851,0.679585,0.489271,0.448689,352,160,0.102702,1,1,1,,
h2o,235,23,2,324,4.75632,1,11039,4103,0.307079,0.0587711,-0.149307,-0.339933,0.606029,1.05,1.0839,0.719892,0.558863,0.719892,0.962889,0.748987,0.675717,0.610012,352,160,0.0732898,1,1,1,,
h2o,236,23,2,35,2.437,1,10776,4103,0.246222,0.0283003,-0.149307,-0.339933,0.540553,1.05,1.09301,0.433018,0.376635,0.433018,0.832549,0.697554,0.4257,0.362863,352,160,0.0766659,1,1,1,,
h2o,237,23,2,84,4.82265,1,660,10195,-0.221345,-0.344113,0.219747,-0.341613,0.441099,1.05,1.09492,1.0433,0.724177,1.0433,0.998552,0.52807,0.729546,0.673285,352,160,0.0745348,-1,1,1,,
h2o,238,23,2,43,3.47002,0,11020,4103,0.303155,0.0555534,-0.149307,-0.339933,0.600956,1.05,1.08452,0.738836,0.558074,0.738836,0.975742,0.752398,0.67684,0.610934,352,160,0.0753687,-1,1,1,,
h2o,239,23,2,110,5.71421,0,10776,4103,0.246222,0.0283003,-0.149307,-0.339933,0.540553,1.05,1.09984,0.336942,0.321944,0.387009,0.874547,0.631054,0.317506,0.255848,352,160,0.0809848,1,1,1,,
h2o,240,23,1,18,1.59588,0,3981,10805,-0.139802,-0.0293493,0.268006,0.0343542,0.413256,1.05,1.09374,0.657645,0.50124,0.657645,0.965424,0.592839,0.561345,0.521898,124,142,0.0992851,1,1,1,,
h2o,241,23,1,233,4.55482,0,5612,724,-0.00245762,0.23244,-0.223053,-0.345258,0.618383,1.05,1.11997,0.495264,0.401669,0.504736,0.975199,0.731636,0.415023,0.363277,124,142,0.0858735,-1,1,1,,
h2o,242,23,1,103,1.4294,1,7750,2116,0.156175,-0.327747,-0.181526,0.0322046,0.493655,1.05,1.0865,0.67253,0.522327,0.68065,0.974022,0.605616,0.684694,0.648552,124,142,0.0735159,1,1,1,,
h2o,243,23,1,298,4.26981,0,5919,2116,0.0260134,-0.320133,-0.181526,0.0322046,0.40908,1.05,1.04155,0.745602,0.570027,0.745602,0.985789,0.547424,0.752662,0.72011,124,142,0.0768009,1,1,1,,
h2o,244,23,1,305,0.597796,1,4299,10805,-0.120534,0.0129299,0.268006,0.0343542,0.389821,1.05,1.15376,0.664411,0.49673,0.664411,0.981445,0.588885,0.574311,0.53444,124,142,0.0913884,1,1,1,,
h2o,245,23,1,131,4.25847,0,7877,72,0.152709,0.0899363,-0.233176,-0.00211048,0.396713,1.05,0.985698,0.665765,0.511164,0.665765,0.976104,0.532329,0.603392,0.560076,124,142,0.0807922,-1,1,1,,
h2o,246,23,1,154,0.0488565,0,917,10302,-0.201324,0.155978,0.221416,-0.349933,0.659294,1.05,1.09245,0.661705,0.502594,0.661705,0.940623,0.806983,0.566333,0.513612,124,142,0.0943616,1,1,1,,
h2o,247,23,1,282,5.87733,0,5785,2436,0.00887394,-0.334441,-0.176751,0.0326138,0.411563,1.05,1.04264,0.801083,0.61175,0.801083,0.9895,0.606906,0.774495,0.743527,124,142,0.0755913,1,1,1,,
h2o,248,23,1,253,0.00628343,0,3937,10789,-0.119375,0.0517731,0.249859,0.0291271,0.369975,1.05,0.952556,0.611637,0.487032,0.611637,0.98244,0.495125,0.593561,0.553905,124,142,0.0895662,1,1,1,,
h2o,249,23,1,218,4.64845,1,7771,72,0.149026,0.0967941,-0.233176,-0.00211048,0.394798,1.05,1.05497,0.604871,0.467862,0.612991,0.98597,0.565828,0.575918,0.532802,124,142,0.0850319,1,1,1,,
h2o,250,23,1,352,5.65225,1,3098,10220,-0.157702,0.096343,0.259644,0.0148249,0.425865,1.05,1.01685,0.718539,0.537551,0.718539,0.982259,0.566571,0.598037,0.5609,124,142,0.0854652,1,1,1,,
h2o,251,23,1,202,1.59038,1,144,10724,-0.236537,0.0531416,0.243025,0.0201931,0.480912,1.05,1.01585,0.811908,0.597316,0.811908,0.970945,0.618349,0.641369,0.603019,124,142,0.0857194,-1,1,1,,
h2o,252,23,1,28,1.11648,0,10375,72,0.239429,0.103483,-0.233176,-0.00211048,0.484276,1.05,1.00907,0.882273,0.636333,0.882273,0.994117,0.6522,0.649193,0.605698,124,142,0.0945362,-1,1,1,,
h2o,253,23,1,186,0.349466,0,2504,10937,-0.171614,-0.155206,0.289397,0.0464954,0.503218,1.05,1.06054,0.611637,0.492783,0.611637,0.982893,0.640063,0.533617,0.49609,124,142,0.0804615,-1,1,1,,
h2o,254,23,1,354,5.96001,1,2052,10223,-0.175225,0.212602,0.220568,-0.3497,0.687633,1.05,1.03117,0.709066,0.524921,0.709066,0.944786,0.815255,0.549077,0.509223,124,142,0.0770849,-1,1,1,,
h2o,255,23,1,264,6.11964,1,9884,2321,0.197428,-0.139131,-0.175213,0.0266457,0.407872,1.05,1.03268,0.602165,0.501804,0.614344,0.964971,0.563526,0.580928,0.541665,124,142,0.0765145,1,1,1,,
h2o,256,23,1,51,5.55988,0,7553,315,0.143442,0.0644484,-0.22013,0.00793266,0.367942,1.05,0.967265,0.615697,0.490189,0.615697,0.976376,0.496389,0.601549,0.55858,124,142,0.0798771,1,1,1,,
h2o,257,23,1,349,3.42891,1,3277,10907,-0.152951,-0.0529747,0.285009,0.043849,0.448629,1.05,1.10465,0.67659,0.502594,0.67659,0.913287,0.659878,0.558315,0.520535,124,142,0.0790475,1,1,1,,
h2o,258,23,1,143,6.14646,0,4100,10964,-0.14479,-0.16378,0.293804,0.0493984,0.487871,1.05,0.990085,0.592693,0.500902,0.598106,0.947773,0.620537,0.518326,0.481335,124,142,0.0826454,-1,1,1,,
h2o,259,23,1,134,0.228884,0,6418,2436,0.0825748,-0.348994,-0.176751,0.0326138,0.46143,1.05,1.08429,0.684709,0.558863,0.684709,0.975652,0.594186,0.718047,0.685778,124,142,0.0844102,1,1,1,,
h2o,260,23,1,271,4.12041,1,9670,342,0.227712,0.110487,-0.21721,-0.0219126,0.464294,1.05,1.0211,0.847091,0.614118,0.847091,0.990224,0.662334,0.633867,0.591046,124,142,0.0883447,-1,1,1,,
h2o,261,23,1,216,2.50741,0,4376,10724,-0.113629,0.0551357,0.243025,0.0201931,0.359724,1.05,1.04173,0.65088,0.495264,0.65088,0.979001,0.529851,0.590147,0.550788,124,142,0.0860225,-1,1,1,,
h2o,262,23,1,271,0.337028,0,9670,342,0.227712,0.110487,-0.21721,-0.0219126,0.464294,1.05,1.14871,0.797023,0.598218,0.797023,0.980268,0.612386,0.633058,0.590144,124,142,0.0877381,1,1,1,,
h2o,263,23,1,290,3.76349,0,4930,11020,-0.0841923,-0.345897,0.303155,0.0555534,0.557853,1.05,0.993915,0.778078,0.580063,0.778078,0.987328,0.697072,0.70836,0.678408,124,142,0.0974968,1,1,1,,
h2o,264,23,1,130,1.0612,1,6535,2656,0.0918465,-0.112683,-0.171974,0.0319891,0.301181,1.05,1.1931,0.560217,0.435837,0.560217,0.982802,0.526553,0.490816,0.451854,124,142,0.0817228,-1,1,1,,
h2o,265,23,1,264,6.24087,1,9884,2321,0.197428,-0.139131,-0.175213,0.0266457,0.407872,1.05,1.03692,0.599459,0.499549,0.614344,0.964428,0.564448,0.578075,0.538883,124,142,0.0769124,1,1,1,,
h2o,266,23,1,337,4.83561,1,3682,10907,-0.146759,-0.12038,0.285009,0.043849,0.461947,1.05,0.996872,0.560217,0.483311,0.560217,0.944696,0.58033,0.527972,0.491069,124,142,0.0777574,1,1,1,,
h2o,267,23,1,124,5.53634,1,9146,31,0.182324,0.0971508,-0.249922,0.00694847,0.441684,1.05,1.07405,0.714479,0.542963,0.73613,0.972846,0.6182,0.579371,0.536822,124,142,0.0956971,1,1,1,,
h2o,268,23,1,160,0.992275,0,2337,10964,-0.1802,-0.207511,0.293804,0.0493984,0.539233,1.05,1.03948,0.65088,0.524921,0.65088,0.951756,0.744037,0.573071,0.536687,124,142,0.0724138,1,1,1,,
h2o,269,23,1,344,3.20286,0,4127,10937,-0.144,-0.176621,0.289397,0.0464954,0.487598,1.05,1.11672,0.575101,0.453766,0.575101,0.98244,0.633806,0.526576,0.490511,124,142,0.0781083,-1,1,1,,
h2o,270,23,1,176,2.67471,1,778,10671,-0.214787,0.0686798,0.247333,0.0181856,0.465514,1.05,1.09965,0.774019,0.58931,0.774019,0.968954,0.628622,0.630617,0.5905,124,142,0.0880002,1,1,1,,
h2o,271,23,1,276,2.52403,0,3716,10724,-0.148386,0.0413542,0.243025,0.0201931,0.392711,1.05,1.04708,0.669824,0.5159,0.671177,0.979363,0.57545,0.589523,0.548273,124,142,0.0837188,-1,1,1,,
h2o,272,23,1,245,0.552027,0,9764,660,0.215018,0.14173,-0.221345,-0.344113,0.653116,1.05,1.05697,0.70636,0.512855,0.70636,0.977915,0.77225,0.581331,0.545837,124,142,0.0906894,-1,1,1,,
h2o,273,23,1,130,0.0378978,0,6535,2722,0.0918465,-0.112683,-0.168968,0.0315943,0.29821,1.05,0.908107,0.476319,0.400992,0.477673,0.946506,0.445977,0.464973,0.426718,124,142,0.126774,-1,1,1,,
h2o,274,23,1,120,0.371765,0,6292,2321,0.0667067,0.00672626,-0.175213,0.0266457,0.242745,1.05,0.879091,0.399188,0.363216,0.405954,0.944243,0.407351,0.502258,0.464313,124,142,0.101343,-1,1,1,,
h2o,275,23,1,192,4.01839,1,6935,2116,0.119308,-0.189574,-0.181526,0.0322046,0.37414,1.05,1.11902,0.571042,0.459179,0.577808,0.938812,0.560756,0.544666,0.506392,124,142,0.0764777,1,1,1,,
h2o,276,23,1,338,2.41791,0,8247,2722,0.167822,-0.128282,-0.168968,0.0315943,0.372812,1.05,1.00133,0.619756,0.486243,0.623816,0.9208,0.580898,0.555046,0.515654,124,142,0.0815459,1,1,1,,
h2o,277,23,1,21,3.58418,0,3593,10302,-0.15038,0.132779,0.221416,-0.349933,0.609469,1.05,1.07073,0.705007,0.511953,0.705007,0.943972,0.772468,0.56358,0.527474,124,142,0.0851372,1,1,1,,
h2o,278,23,1,34,1.93259,1,5499,11020,-0.0213995,-0.342396,0.303155,0.0555534,0.513525,1.05,1.02549,0.856563,0.625395,0.856563,0.993392,0.709265,0.757538,0.729748,124,142,0.0846088,1,1,1,,
h2o,279,23,1,18,5.73371,1,3981,10799,-0.139802,-0.0293493,0.263437,0.0320673,0.4084,1.05,0.965211,0.589987,0.468313,0.61705,0.973479,0.596953,0.542103,0.502525,124,142,0.0918251,1,1,1,,
h2o,280,23,1,68,2.54811,1,4756,10799,-0.0911646,0.0269995,0.263437,0.0320673,0.354739,1.05,0.975241,0.611637,0.483424,0.62111,0.964881,0.497602,0.573413,0.533435,124,142,0.0894446,-1,1,1,,
h2o,281,23,1,71,0.77793,1,5804,2116,0.0168142,-0.363914,-0.181526,0.0322046,0.443331,1.05,1.12244,0.737483,0.58525,0.737483,0.986332,0.551661,0.778625,0.747334,124,142,0.0797686,1,1,1,,
h2o,282,23,1,139,4.63076,0,2677,10220,-0.164045,0.104539,0.259644,0.0148249,0.433525,1.05,1.02184,0.744249,0.565855,0.744249,0.985337,0.584723,0.611218,0.570989,124,142,0.0823867,-1,1,1,,
h2o,283,23,1,144,0.694413,1,2236,10220,-0.158523,0.0814924,0.259644,0.0148249,0.423743,1.05,1.00785,0.751015,0.550519,0.751015,0.983798,0.613941,0.591717,0.55324,124,142,0.0848837,1,1,1,,
h2o,284,23,1,211,0.874715,1,7339,9,0.138421,0.0629673,-0.25141,0.0253429,0.391834,1.05,1.03526,0.653586,0.508345,0.653586,0.981445,0.517576,0.590639,0.546418,124,142,0.077791,-1,1,1,,
h2o,285,23,1,10,2.85178,0,6119,1819,0.0497904,-0.334396,-0.187289,0.0320148,0.436637,1.05,1.05904,0.700947,0.566531,0.705007,0.984251,0.568783,0.730847,0.699541,124,142,0.0754985,1,1,1,,
h2o,286,23,1,343,5.03195,0,7016,2593,0.122238,-0.0571213,-0.171199,0.0292711,0.305906,1.05,0.930911,0.427605,0.413509,0.446549,0.951213,0.425293,0.548074,0.509881,124,142,0.0818566,1,1,1,,
h2o,287,23,1,54,0.241523,1,9937,758,0.185611,0.220886,-0.216931,-0.345021,0.69454,1.05,1.10687,0.723951,0.527515,0.723951,0.958364,0.818932,0.538064,0.500672,124,142,0.0737991,1,1,1,,
h2o,240,23,2,18,1.59588,0,10805,4103,0.268006,0.0343542,-0.149307,-0.339933,0.560587,1.05,1.08515,0.396482,0.350474,0.403248,0.913378,0.646539,0.355618,0.294796,301,160,0.085083,1,1,1,,
h2o,241,23,2,233,4.55482,0,724,10195,-0.223053,-0.345258,0.219747,-0.341613,0.442907,1.05,1.10663,1.04195,0.736243,1.04195,0.997194,0.557328,0.73665,0.688546,301,160,0.081767,-1,1,1,,
h2o,242,23,2,103,1.4294,1,2116,10195,-0.181526,0.0322046,0.219747,-0.341613,0.54847,1.05,1.08137,0.629229,0.529432,0.629229,0.950398,0.664921,0.672066,0.631535,301,160,0.0700323,-1,1,1,,
h2o,243,23,2,298,4.26981,0,2116,10195,-0.181526,0.0322046,0.219747,-0.341613,0.54847,1.05,1.07003,0.687415,0.514885,0.687415,0.960898,0.679967,0.677959,0.639524,301,160,0.0839518,-1,1,1,,
h2o,244,23,2,305,0.597796,1,10805,4103,0.268006,0.0343542,-0.149307,-0.339933,0.560587,1.05,1.07108,0.47226,0.393212,0.477673,0.918537,0.700446,0.423086,0.36132,301,160,0.0741197,1,1,1,,
h2o,245,23,2,131,4.25847,0,72,10195,-0.233176,-0.00211048,0.219747,-0.341613,0.566086,1.05,1.04684,0.721245,0.527853,0.721245,0.996198,0.696911,0.68102,0.637704,301,160,0.0718544,-1,1,1,,
h2o,246,23,2,154,0.0488565,0,10302,4103,0.221416,-0.349933,-0.149307,-0.339933,0.370859,1.05,1.12271,0.464141,0.460194,0.49797,0.90677,0.473596,0.73289,0.66283,301,160,0.0837731,1,1,1,,
h2o,247,23,2,282,5.87733,0,2436,10195,-0.176751,0.0326138,0.219747,-0.341613,0.545249,1.05,1.04217,0.667118,0.523793,0.677943,0.971307,0.643774,0.684029,0.644806,301,160,0.0697065,-1,1,1,,
h2o,248,23,2,253,0.00628343,0,10789,4103,0.249859,0.0291271,-0.149307,-0.339933,0.543727,1.05,1.07003,0.677943,0.548038,0.68065,0.959269,0.643883,0.703251,0.637651,301,160,0.0729608,1,1,1,,
h2o,249,23,2,218,4.64845,1,72,10195,-0.233176,-0.00211048,0.219747,-0.341613,0.566086,1.05,1.06097,0.510149,0.426026,0.510149,0.866854,0.702005,0.477322,0.434206,301,160,0.0723268,-1,1,1,,
h2o,250,23,2,352,5.65225,1,10220,4103,0.259644,0.0148249,-0.149307,-0.339933,0.541483,1.05,1.06242,0.684709,0.530447,0.713126,0.981354,0.648902,0.691711,0.629346,301,160,0.0757341,1,1,1,,
h2o,251,23,2,202,1.59038,1,10724,4103,0.243025,0.0201931,-0.149307,-0.339933,0.532666,1.05,1.06766,0.665765,0.528304,0.687415,0.981626,0.643803,0.702077,0.637303,301,160,0.0742944,-1,1,1,,
h2o,252,23,2,28,1.11648,0,72,10195,-0.233176,-0.00211048,0.219747,-0.341613,0.566086,1.05,1.08742,0.653586,0.538791,0.653586,0.972846,0.668904,0.676234,0.63274,301,160,0.0732578,-1,1,1,,
h2o,253,23,2,186,0.349466,0,10937,4103,0.289397,0.0464954,-0.149307,-0.339933,0.584641,1.05,1.05794,0.462788,0.387686,0.476319,0.893193,0.690514,0.434344,0.383721,301,160,0.0830737,-1,1,1,,
h2o,254,23,2,354,5.96001,1,10223,4103,0.220568,-0.3497,-0.149307,-0.339933,0.370034,1.05,1.04901,0.863329,0.635205,0.864682,0.999366,0.480709,0.768005,0.698344,301,160,0.0724057,-1,1,1,,
h2o,255,23,2,264,6.11964,1,2321,10195,-0.175213,0.0266457,0.219747,-0.341613,0.540021,1.05,1.0385,0.627876,0.501579,0.627876,0.963161,0.653287,0.676774,0.636239,301,160,0.0799613,-1,1,1,,
h2o,256,23,2,51,5.55988,0,315,10195,-0.22013,0.00793266,0.219747,-0.341613,0.561848,1.05,1.05392,0.595399,0.490077,0.599459,0.937364,0.660327,0.677635,0.634666,301,160,0.0838205,1,1,1,,
h2o,257,23,2,349,3.42891,1,10907,4103,0.285009,0.043849,-0.149307,-0.339933,0.5796,1.05,1.03704,0.683356,0.528981,0.683356,0.975199,0.711285,0.680228,0.617215,301,160,0.0745443,-1,1,1,,
h2o,258,23,2,143,6.14646,0,10964,4103,0.293804,0.0493984,-0.149307,-0.339933,0.589867,1.05,1.11389,0.686062,0.536761,0.686062,0.979272,0.690812,0.676409,0.612988,301,160,0.0727645,-1,1,1,,
h2o,259,23,2,134,0.228884,0,2436,10195,-0.176751,0.0326138,0.219747,-0.341613,0.545249,1.05,1.05955,0.640054,0.535408,0.649526,0.962618,0.633407,0.674489,0.634193,301,160,0.0726509,-1,1,1,,
h2o,260,23,2,271,4.12041,1,342,10195,-0.21721,-0.0219126,0.219747,-0.341613,0.541423,1.05,1.07498,0.68065,0.526951,0.688769,0.974566,0.635121,0.686288,0.643466,301,160,0.0708139,-1,1,1,,
h2o,261,23,2,216,2.50741,0,10724,4103,0.243025,0.0201931,-0.149307,-0.339933,0.532666,1.05,1.08092,0.441137,0.376973,0.441137,0.901159,0.664593,0.424809,0.362037,301,160,0.0744543,-1,1,1,,
h2o,262,23,2,271,0.337028,0,342,10195,-0.21721,-0.0219126,0.219747,-0.341613,0.541423,1.05,1.00318,0.728011,0.536198,0.728011,0.989048,0.653782,0.690453,0.647539,301,160,0.0703117,1,1,1,,
h2o,263,23,2,290,3.76349,0,11020,4103,0.303155,0.0555534,-0.149307,-0.339933,0.600956,1.05,1.09291,0.679296,0.543076,0.684709,0.950941,0.704187,0.675229,0.613263,301,160,0.074455,1,1,1,,
h2o,264,23,2,130,1.0612,1,2656,10195,-0.171974,0.0319891,0.219747,-0.341613,0.541331,1.05,1.00391,0.602165,0.505751,0.635995,0.942343,0.625773,0.676723,0.637709,301,160,0.0737492,-1,1,1,,
h2o,265,23,2,264,6.24087,1,2321,10195,-0.175213,0.0266457,0.219747,-0.341613,0.540021,1.05,1.03475,0.640054,0.509134,0.640054,0.956553,0.646365,0.67682,0.635488,301,160,0.0712208,-1,1,1,,
h2o,266,23,2,337,4.83561,1,10907,4103,0.285009,0.043849,-0.149307,-0.339933,0.5796,1.05,1.11427,0.677943,0.533942,0.677943,0.976828,0.68028,0.681273,0.615399,301,160,0.0968209,1,1,1,,
h2o,267,23,2,124,5.53634,1,31,10195,-0.249922,0.00694847,0.219747,-0.341613,0.584954,1.05,1.0493,0.492557,0.389378,0.492557,0.916637,0.698388,0.475581,0.433031,301,160,0.0756869,1,1,1,,
h2o,268,23,2,160,0.992275,0,10964,4103,0.293804,0.0493984,-0.149307,-0.339933,0.589867,1.05,1.10665,0.692828,0.536649,0.692828,0.977915,0.687091,0.682436,0.617085,301,160,0.0710692,1,1,1,,
h2o,269,23,2,344,3.20286,0,10937,4103,0.289397,0.0464954,-0.149307,-0.339933,0.584641,1.05,1.06743,0.733424,0.536874,0.733424,0.962889,0.728344,0.684145,0.620346,301,160,0.0785882,1,1,1,,
h2o,270,23,2,176,2.67471,1,10671,4103,0.247333,0.0181856,-0.149307,-0.339933,0.534486,1.05,1.0858,0.683356,0.530447,0.696888,0.977552,0.631889,0.692312,0.629994,301,160,0.0883033,1,1,1,,
h2o,271,23,2,276,2.52403,0,10724,4103,0.243025,0.0201931,-0.149307,-0.339933,0.532666,1.05,1.08833,0.487145,0.394226,0.489851,0.906227,0.660211,0.41666,0.35383,301,160,0.0776303,-1,1,1,,
h2o,272,23,2,245,0.552027,0,660,10195,-0.221345,-0.344113,0.219747,-0.341613,0.441099,1.05,1.00314,1.10149,0.760262,1.10149,0.999457,0.53054,0.730521,0.677959,301,160,0.0958477,-1,1,1,,
h2o,273,23,2,130,0.0378978,0,2722,10195,-0.168968,0.0315943,0.219747,-0.341613,0.538872,1.05,1.02738,0.611637,0.502368,0.611637,0.932748,0.675325,0.6659,0.625304,301,160,0.0778614,1,1,1,,
h2o,274,23,2,120,0.371765,0,2321,10195,-0.175213,0.0266457,0.219747,-0.341613,0.540021,1.05,1.09258,0.474966,0.402684,0.485792,0.872556,0.63236,0.485101,0.445338,301,160,0.0873368,-1,1,1,,
h2o,275,23,2,192,4.01839,1,2116,10195,-0.181526,0.0322046,0.219747,-0.341613,0.54847,1.05,1.08691,0.627876,0.522215,0.627876,0.964518,0.665845,0.673986,0.633111,301,160,0.0739167,-1,1,1,,
h2o,276,23,2,338,2.41791,0,2722,10195,-0.168968,0.0315943,0.219747,-0.341613,0.538872,1.05,1.08795,0.627876,0.517591,0.627876,0.979272,0.624555,0.678795,0.637222,301,160,0.0760404,1,1,1,,
h2o,277,23,2,21,3.58418,0,10302,4103,0.221416,-0.349933,-0.149307,-0.339933,0.370859,1.05,1.08333,0.516915,0.425688,0.516915,0.951756,0.503206,0.650414,0.580364,301,160,0.0732763,1,1,1,,
h2o,278,23,2,34,1.93259,1,11020,4103,0.303155,0.0555534,-0.149307,-0.339933,0.600956,1.05,1.04661,0.554804,0.412607,0.558863,0.920348,0.773462,0.439818,0.377228,301,160,0.0740586,-1,1,1,,
h2o,279,23,2,18,5.73371,1,10799,4103,0.263437,0.0320673,-0.149307,-0.339933,0.555661,1.05,1.09946,0.495264,0.383063,0.495264,0.902335,0.673775,0.433289,0.366264,301,160,0.0847234,1,1,1,,
h2o,280,23,2,68,2.54811,1,10799,4103,0.263437,0.0320673,-0.149307,-0.339933,0.555661,1.05,1.07507,0.456022,0.384416,0.462788,0.885138,0.697929,0.426912,0.365715,301,160,0.0767678,-1,1,1,,
h2o,281,23,2,71,0.77793,1,2116,10195,-0.181526,0.0322046,0.219747,-0.341613,0.54847,1.05,1.06349,0.633288,0.504511,0.641407,0.975652,0.62578,0.677795,0.636166,301,160,0.0751803,-1,1,1,,
h2o,282,23,2,139,4.63076,0,10220,4103,0.259644,0.0148249,-0.149307,-0.339933,0.541483,1.05,1.0944,0.420839,0.361525,0.434371,0.949674,0.635542,0.386821,0.323837,301,160,0.0829685,-1,1,1,,
h2o,283,23,2,144,0.694413,1,10220,4103,0.259644,0.0148249,-0.149307,-0.339933,0.541483,1.05,1.10522,0.450609,0.365697,0.450609,0.883689,0.65284,0.415802,0.352734,301,160,0.0783993,1,1,1,,
h2o,284,23,2,211,0.874715,1,9,10195,-0.25141,0.0253429,0.219747,-0.341613,0.597456,1.05,1.02224,0.694181,0.520636,0.694181,0.984341,0.69648,0.679705,0.635485,301,160,0.0724385,-1,1,1,,
h2o,285,23,2,10,2.85178,0,1819,10195,-0.187289,0.0320148,0.219747,-0.341613,0.552573,1.05,1.07114,0.653586,0.531236,0.653586,0.958635,0.676069,0.677974,0.637987,301,160,0.073381,-1,1,1,,
h2o,286,23,2,343,5.03195,0,2593,10195,-0.171199,0.0292711,0.219747,-0.341613,0.538886,1.05,1.01194,0.62111,0.530221,0.62111,0.957639,0.649279,0.675964,0.635967,301,160,0.0723915,-1,1,1,,
h2o,287,23,2,54,0.241523,1,758,10195,-0.216931,-0.345021,0.219747,-0.341613,0.436691,1.05,1.01741,1.17185,0.804917,1.17185,1,0.571087,0.738414,0.689111,301,160,0.0716141,1,1,1,,
