method,trial,seed,stage,bank_idx,yaw,mirror,idx_top,idx_move,rest_x_top,rest_y_top,rest_x_move,rest_y_move,rest_dist,target_ratio,meas_ratio,cov_plane,cov_yaw_mean,cov_yaw_max,extent_u,extent_v,drape_below_top,settle_steps,stretch_steps,p95_speed,x_sign,attached_ok,valid
h2,0,22,1,102,3.15952,0,7422,660,0.136694,0.161129,-0.222329,-0.343306,0.619168,1.05,1.0275,0.692828,0.528078,0.698241,0.748258,0.551772,0.516383,106,149,0.0782819,-1,1,1
h2,1,22,1,199,5.32423,0,6355,1819,0.0768166,-0.249273,-0.186354,0.0327301,0.385839,1.05,1.03974,0.588633,0.521651,0.637348,0.520225,0.630361,0.594723,106,149,0.0734557,-1,1,1
h2,2,22,1,318,4.64364,1,4728,11039,-0.100719,-0.166265,0.304684,0.0569029,0.462794,1.05,1.07997,0.581867,0.48613,0.600812,0.639101,0.5307,0.496199,106,149,0.0761964,1,1,1
h2,3,22,1,135,5.66715,1,5121,10223,-0.0588436,0.111953,0.221288,-0.349851,0.540197,1.05,1.00664,0.671177,0.497745,0.671177,0.658218,0.506202,0.468163,106,149,0.0765336,1,1,1
h2,4,22,1,77,3.50823,0,287,9877,-0.230303,0.102942,0.212786,-0.349945,0.6336,1.05,1.10712,0.690122,0.528755,0.690122,0.795921,0.620615,0.582554,106,149,0.0782329,1,1,1
h2,5,22,1,288,2.49944,0,7857,72,0.150614,0.100774,-0.232005,-0.00155163,0.396068,1.05,0.990424,0.715832,0.530108,0.715832,0.59758,0.591041,0.549735,106,149,0.0807678,-1,1,1
h2,6,22,1,93,3.41036,0,5274,10223,-0.0437498,0.167962,0.221288,-0.349851,0.581701,1.05,1.02453,0.767253,0.55018,0.774019,0.704987,0.461944,0.423383,106,149,0.0724973,1,1,1
h2,7,22,1,332,5.00417,1,5941,2116,0.0337105,-0.0192394,-0.180577,0.0329027,0.221194,1.05,1.16099,0.418133,0.385092,0.437077,0.414094,0.482598,0.444358,106,149,0.147338,1,1,1
h2,8,22,1,299,1.71552,0,5677,637,0.00633526,0.233573,-0.226719,-0.343196,0.622117,1.05,1.11236,0.801083,0.553789,0.801083,0.790626,0.449072,0.400752,106,149,0.0851357,-1,1,1
h2,9,22,1,253,5.59204,1,3937,10789,-0.119511,0.0523863,0.248311,0.028616,0.368679,1.05,0.92736,0.568336,0.4629,0.569689,0.497299,0.594246,0.554515,106,149,0.087724,-1,1,1
h2,10,22,1,118,0.947544,0,7523,701,0.136063,0.0442085,-0.205156,0.0152569,0.342816,1.05,0.991711,0.635995,0.495489,0.635995,0.484409,0.603438,0.56129,106,149,0.082869,1,1,1
h2,11,22,1,162,3.46263,1,5545,10223,-0.00869942,0.171717,0.221288,-0.349851,0.570029,1.05,1.05676,0.755074,0.54894,0.755074,0.704946,0.444212,0.404548,106,149,0.0750789,1,1,1
h2,12,22,1,244,6.23057,0,4636,11020,-0.119187,-0.343163,0.300629,0.0538969,0.577912,1.05,1.06028,0.746955,0.577808,0.746955,0.719278,0.694362,0.663963,106,149,0.0714914,-1,1,1
h2,13,22,1,90,4.08015,0,6647,758,0.0961132,0.206048,-0.21784,-0.343538,0.632965,1.05,1.02773,0.740189,0.532927,0.740189,0.779709,0.500563,0.451226,106,149,0.0709523,-1,1,1
h2,14,22,1,276,0.282621,0,3716,10724,-0.147504,0.0421305,0.243099,0.0187893,0.392075,1.05,0.993906,0.608931,0.485904,0.608931,0.537785,0.583046,0.541769,106,149,0.105706,1,1,1
h2,15,22,1,170,2.11403,1,8849,648,0.166042,0.131699,-0.222504,-0.343659,0.613957,1.05,1.01071,0.668471,0.511389,0.668471,0.760751,0.579795,0.542706,106,149,0.0838228,1,1,1
h2,16,22,1,143,5.82642,1,4100,10964,-0.145671,-0.163182,0.291183,0.047905,0.485371,1.05,1.11635,0.594046,0.461434,0.595399,0.651957,0.512866,0.475985,106,149,0.0775995,-1,1,1
h2,17,22,1,301,0.744664,0,5144,11020,-0.0564852,-0.0356312,0.300629,0.0538969,0.368287,1.05,0.970184,0.457375,0.419486,0.473613,0.500152,0.492512,0.455342,106,149,0.0789157,1,1,1
h2,18,22,1,276,2.71592,1,3716,10724,-0.147504,0.0421305,0.243099,0.0187893,0.392075,1.05,0.988515,0.588633,0.471245,0.592693,0.546301,0.554831,0.513697,106,149,0.0888908,1,1,1
h2,19,22,1,159,5.35745,1,10342,315,0.204571,0.0358257,-0.218787,0.00849438,0.424343,1.05,1.088,0.721245,0.559991,0.722598,0.597077,0.608534,0.566457,106,149,0.0809253,1,1,1
h2,20,22,1,175,1.94392,1,5584,10223,-0.0051012,0.108519,0.221288,-0.349851,0.511229,1.05,1.08145,0.684709,0.498985,0.684709,0.648902,0.466349,0.426102,106,149,0.0783151,-1,1,1
h2,21,22,1,199,1.39238,0,6355,1819,0.0768166,-0.249273,-0.186354,0.0327301,0.385839,1.05,0.984475,0.612991,0.486919,0.612991,0.555681,0.631041,0.595336,106,149,0.0857499,1,1,1
h2,22,22,1,205,1.50278,0,1025,10724,-0.193924,0.0386143,0.243099,0.0187893,0.437525,1.05,1.06555,0.70636,0.542851,0.709066,0.594321,0.600138,0.561804,106,149,0.10013,1,1,1
h2,23,22,1,248,3.6883,1,7771,72,0.148093,0.0963488,-0.232005,-0.00155163,0.392512,1.05,0.955155,0.70636,0.53304,0.70636,0.55242,0.599731,0.557631,106,149,0.079477,-1,1,1
h2,24,22,1,0,5.65946,0,8010,72,0.153584,0.104417,-0.232005,-0.00155163,0.399886,1.05,0.964019,0.717185,0.544542,0.717185,0.540346,0.603309,0.561203,106,149,0.0815972,1,1,1
h2,25,22,1,242,5.6613,0,8888,70,0.192494,0.110998,-0.22994,-0.00451851,0.438081,1.05,1.03568,0.809202,0.599346,0.809202,0.594796,0.622625,0.578878,106,149,0.089454,1,1,1
h2,26,22,1,97,3.20512,1,1810,10789,-0.182907,-0.0904207,0.248311,0.028616,0.447672,1.05,1.03593,0.625169,0.48489,0.648173,0.620885,0.553437,0.515344,106,149,0.0773509,1,1,1
h2,27,22,1,338,5.51549,1,8247,2722,0.168359,-0.128613,-0.167755,0.0322943,0.372645,1.05,1.08897,0.584574,0.477898,0.584574,0.513852,0.519774,0.480738,106,149,0.0825891,-1,1,1
h2,28,22,1,343,3.48442,0,7016,2593,0.122805,-0.0569334,-0.170029,0.0301771,0.305654,1.05,1.13025,0.569689,0.451398,0.573748,0.487195,0.544056,0.504886,106,149,0.0768255,-1,1,1
h2,29,22,1,323,3.85794,1,9776,2321,0.195037,-0.121806,-0.173863,0.0274353,0.39798,1.05,0.992474,0.594046,0.490189,0.611637,0.533711,0.591163,0.55028,106,149,0.07683,-1,1,1
h2,30,22,1,293,2.03243,0,2257,10302,-0.172751,0.165101,0.222262,-0.350074,0.649208,1.05,1.08988,0.673884,0.482972,0.673884,0.776181,0.550928,0.514564,106,149,0.0950089,-1,1,1
h2,31,22,1,162,1.55809,0,5545,10223,-0.00869942,0.171717,0.221288,-0.349851,0.570029,1.05,1.00815,0.759134,0.545219,0.759134,0.691544,0.440723,0.405844,106,149,0.0802028,1,1,1
h2,32,22,1,149,2.83803,0,2641,10302,-0.167189,0.193248,0.222262,-0.350074,0.66855,1.05,1.08498,0.673884,0.517366,0.673884,0.784002,0.542316,0.50556,106,149,0.0783189,1,1,1
h2,33,22,1,2,5.98363,1,5149,11039,-0.0559721,-0.0471363,0.304684,0.0569029,0.375508,1.05,1.14672,0.530447,0.42535,0.530447,0.570633,0.484676,0.447246,106,149,0.0809158,1,1,1
h2,34,22,1,146,4.91087,0,4274,11020,-0.137371,-0.233546,0.300629,0.0538969,0.523981,1.05,1.04795,0.623816,0.501917,0.623816,0.703987,0.598851,0.562837,106,149,0.0717433,-1,1,1
h2,35,22,1,212,0.605481,0,1917,10789,-0.187099,-0.0436707,0.248311,0.028616,0.441542,1.05,1.00752,0.562923,0.46042,0.595399,0.580296,0.564785,0.524824,106,149,0.0867626,1,1,1
h2,36,22,1,31,0.216258,0,6472,2116,0.0868464,-0.330324,-0.180577,0.0329027,0.45112,1.05,1.08686,0.719892,0.543302,0.719892,0.571534,0.702466,0.668632,106,149,0.0773773,1,1,1
h2,37,22,1,39,2.34612,1,4259,11020,-0.13709,-0.326518,0.300629,0.0538969,0.579967,1.05,1.0665,0.677943,0.556495,0.682003,0.708901,0.679907,0.64751,106,149,0.0732217,1,1,1
h2,38,22,1,170,0.490858,0,8849,648,0.166042,0.131699,-0.222504,-0.343659,0.613957,1.05,1.02722,0.7023,0.523004,0.7023,0.776495,0.578068,0.54085,106,149,0.0821288,1,1,1
h2,39,22,1,280,2.26407,0,3801,11020,-0.158866,-0.326624,0.300629,0.0538969,0.596628,1.05,1.07359,0.667118,0.551308,0.677943,0.707193,0.67969,0.647897,106,149,0.0696082,-1,1,1
h2,40,22,1,315,0.566666,1,1053,10223,-0.191489,0.190983,0.221288,-0.349851,0.680416,1.05,1.08369,0.667118,0.506766,0.673884,0.816514,0.562581,0.502652,106,149,0.0845024,1,1,1
h2,41,22,1,13,0.265989,0,10912,758,0.261378,0.160677,-0.21784,-0.343538,0.695662,1.05,1.09197,0.729364,0.537325,0.729364,0.830283,0.597949,0.5628,106,149,0.0828874,1,1,1
h2,42,22,1,151,4.68202,0,8681,72,0.181009,0.0515814,-0.232005,-0.00155163,0.41685,1.05,1.04117,0.634641,0.492896,0.634641,0.5875,0.599656,0.557412,106,149,0.0854597,1,1,1
h2,43,22,1,340,4.83367,1,3313,10724,-0.153357,0.049964,0.243099,0.0187893,0.398214,1.05,1.07748,0.717185,0.529206,0.717185,0.609896,0.587737,0.547289,106,149,0.0885997,1,1,1
h2,44,22,1,339,1.9343,1,7784,2722,0.151671,-0.121712,-0.167755,0.0322943,0.354745,1.05,1.05582,0.519621,0.469215,0.542625,0.489309,0.529495,0.491439,106,149,0.0758924,-1,1,1
h2,45,22,1,43,4.63995,1,5356,11020,-0.0342989,-0.00730515,0.300629,0.0538969,0.340549,1.05,0.993076,0.441137,0.407533,0.453315,0.486334,0.470915,0.436142,106,149,0.0776919,1,1,1
h2,46,22,1,160,2.9243,1,2337,10964,-0.181411,-0.206725,0.291183,0.047905,0.536912,1.05,1.05454,0.640054,0.49797,0.644114,0.700211,0.571969,0.535624,106,149,0.0725028,1,1,1
h2,47,22,1,5,0.0484804,0,10596,648,0.233416,0.167894,-0.222504,-0.343659,0.68531,1.05,1.10701,0.698241,0.53304,0.698241,0.825741,0.575115,0.539359,106,149,0.0803018,1,1,1
h2,0,22,2,102,3.15952,0,660,11020,-0.222329,-0.343306,0.300629,0.0538969,0.656777,1.05,1.04181,0.65088,0.545444,0.669824,0.737146,0.678074,0.642686,262,173,0.0720152,1,1,1
h2,1,22,2,199,5.32423,0,1819,9863,-0.186354,0.0327301,0.212733,-0.350325,0.55322,1.05,1.07184,0.622463,0.52977,0.631935,0.608723,0.692315,0.656197,262,173,0.0720692,1,1,1
h2,2,22,2,318,4.64364,1,11039,871,0.304684,0.0569029,-0.213402,-0.343822,0.655045,1.05,1.07284,0.717185,0.541159,0.717185,0.768564,0.682613,0.646834,262,173,0.0697982,-1,1,1
h2,3,22,2,135,5.66715,1,10223,2116,0.221288,-0.349851,-0.180577,0.0329027,0.555034,1.05,1.0146,0.61705,0.529432,0.622463,0.653392,0.686528,0.650391,262,173,0.0783082,-1,1,1
h2,4,22,2,77,3.50823,0,9877,2656,0.212786,-0.349945,-0.170943,0.0327158,0.541933,1.05,1.00929,0.637348,0.497294,0.637348,0.663208,0.699132,0.661071,262,173,0.0775869,-1,1,1
h2,5,22,2,288,2.49944,0,72,10071,-0.232005,-0.00155163,0.216829,-0.349864,0.5682,1.05,1.02015,0.711773,0.535859,0.711773,0.716098,0.692445,0.651138,262,173,0.0755122,1,1,1
h2,6,22,2,93,3.41036,0,10223,2436,0.221288,-0.349851,-0.175793,0.0333147,0.551846,1.05,1.01008,0.630582,0.509698,0.630582,0.644062,0.686778,0.648217,262,173,0.0789803,-1,1,1
h2,7,22,2,332,5.00417,1,2116,9863,-0.180577,0.0329027,0.212733,-0.350325,0.54919,1.05,1.09117,0.64682,0.526387,0.64682,0.653377,0.691887,0.653647,262,173,0.113402,-1,1,1
h2,8,22,2,299,1.71552,0,637,11047,-0.226719,-0.343196,0.314079,0.0628309,0.676294,1.05,1.08767,0.73207,0.538566,0.73207,0.788527,0.65459,0.618285,262,173,0.0816821,1,1,1
h2,9,22,2,253,5.59204,1,10789,1059,0.248311,0.028616,-0.208993,-0.344123,0.59024,1.05,1.03704,0.679296,0.529996,0.679296,0.674782,0.686671,0.64694,262,173,0.0790271,1,1,1
h2,10,22,2,118,0.947544,0,701,9863,-0.205156,0.0152569,0.212733,-0.350325,0.555236,1.05,1.03797,0.658999,0.525147,0.658999,0.6598,0.691862,0.649714,262,173,0.0779199,-1,1,1
h2,11,22,2,162,3.46263,1,10223,1819,0.221288,-0.349851,-0.186354,0.0327301,0.55911,1.05,1.06563,0.633288,0.523342,0.633288,0.628417,0.68026,0.64519,262,173,0.0737605,-1,1,1
h2,12,22,2,244,6.23057,0,11020,871,0.300629,0.0538969,-0.213402,-0.343822,0.649999,1.05,1.05777,0.688769,0.548376,0.688769,0.753222,0.676974,0.640816,262,173,0.0700364,1,1,1
h2,13,22,2,90,4.08015,0,758,10995,-0.21784,-0.343538,0.295924,0.050889,0.647782,1.05,1.03608,0.683356,0.510938,0.683356,0.77555,0.676299,0.640659,262,173,0.0802724,1,1,1
h2,14,22,2,276,0.282621,0,10724,880,0.243099,0.0187893,-0.213438,-0.344109,0.583434,1.05,1.03565,0.656292,0.517817,0.656292,0.677224,0.685044,0.643766,262,173,0.100311,-1,1,1
h2,15,22,2,170,2.11403,1,648,10995,-0.222504,-0.343659,0.295924,0.050889,0.651564,1.05,1.01588,0.669824,0.525147,0.669824,0.745701,0.676895,0.639805,262,173,0.0704085,-1,1,1
h2,16,22,2,143,5.82642,1,10964,1059,0.291183,0.047905,-0.208993,-0.344123,0.635576,1.05,1.07981,0.723951,0.531687,0.723951,0.763493,0.684824,0.647943,262,173,0.0707862,1,1,1
h2,17,22,2,301,0.744664,0,11020,871,0.300629,0.0538969,-0.213402,-0.343822,0.649999,1.05,1.05589,0.699594,0.52774,0.699594,0.766224,0.681315,0.644144,262,173,0.0920799,-1,1,1
h2,18,22,2,276,2.71592,1,10724,758,0.243099,0.0187893,-0.21784,-0.343538,0.586537,1.05,1.03987,0.663058,0.526613,0.663058,0.694867,0.686653,0.645519,262,173,0.0696387,-1,1,1
h2,19,22,2,159,5.35745,1,315,10071,-0.218787,0.00849438,0.216829,-0.349864,0.56408,1.05,1.03265,0.67659,0.523681,0.67659,0.664588,0.692769,0.650692,262,173,0.0781406,-1,1,1
h2,20,22,2,175,1.94392,1,10223,1018,0.221288,-0.349851,-0.203047,0.0305595,0.569928,1.05,1.07668,0.648173,0.511502,0.648173,0.642125,0.67671,0.63884,262,173,0.0761048,1,1,1
h2,21,22,2,199,1.39238,0,1819,10071,-0.186354,0.0327301,0.216829,-0.349864,0.555847,1.05,1.03678,0.627876,0.560104,0.637348,0.673106,0.689561,0.653856,262,173,0.0734352,-1,1,1
h2,22,22,2,205,1.50278,0,10724,1059,0.243099,0.0187893,-0.208993,-0.344123,0.579975,1.05,1.06846,0.67253,0.514885,0.673884,0.679477,0.700343,0.662009,262,173,0.0763518,-1,1,1
h2,23,22,2,248,3.6883,1,72,10071,-0.232005,-0.00155163,0.216829,-0.349864,0.5682,1.05,1.02749,0.690122,0.533266,0.690122,0.712067,0.688677,0.646577,262,173,0.0844617,1,1,1
h2,24,22,2,0,5.65946,0,72,9877,-0.232005,-0.00155163,0.212786,-0.349945,0.565039,1.05,1.02601,0.668471,0.525936,0.668471,0.664701,0.695871,0.653766,262,173,0.0753774,-1,1,1
h2,25,22,2,242,5.6613,0,70,9877,-0.22994,-0.00451851,0.212786,-0.349945,0.561621,1.05,1.02689,0.691475,0.534957,0.691475,0.667349,0.698561,0.654814,262,173,0.0778089,-1,1,1
h2,26,22,2,97,3.20512,1,10789,1059,0.248311,0.028616,-0.208993,-0.344123,0.59024,1.05,1.03157,0.61705,0.501917,0.61705,0.677371,0.684908,0.646815,262,173,0.144327,-1,1,1
h2,27,22,2,338,5.51549,1,2722,10223,-0.167755,0.0322943,0.221288,-0.349851,0.545335,1.05,1.09308,0.512855,0.427154,0.520974,0.646064,0.49836,0.459324,262,173,0.0837311,1,1,1
h2,28,22,2,343,3.48442,0,2593,9863,-0.170029,0.0301771,0.212733,-0.350325,0.539717,1.05,1.07694,0.677943,0.533378,0.677943,0.652026,0.695158,0.655987,262,173,0.0752238,1,1,1
h2,29,22,2,323,3.85794,1,2321,9863,-0.173863,0.0274353,0.212733,-0.350325,0.540536,1.05,1.02863,0.618403,0.502143,0.618403,0.648532,0.694538,0.653655,262,173,0.0803088,1,1,1
h2,30,22,2,293,2.03243,0,10302,1247,0.222262,-0.350074,-0.197655,0.032733,0.568329,1.05,1.02749,0.635995,0.541385,0.638701,0.663274,0.689697,0.651471,262,173,0.0810075,1,1,1
h2,31,22,2,162,1.55809,0,10223,1819,0.221288,-0.349851,-0.186354,0.0327301,0.55911,1.05,1.01552,0.661705,0.505977,0.661705,0.647246,0.681947,0.647068,262,173,0.0773907,-1,1,1
h2,32,22,2,149,2.83803,0,10302,2116,0.222262,-0.350074,-0.180577,0.0329027,0.555989,1.05,1.02215,0.627876,0.533266,0.635995,0.662249,0.683598,0.647656,262,173,0.0726471,-1,1,1
h2,33,22,2,2,5.98363,1,11039,871,0.304684,0.0569029,-0.213402,-0.343822,0.655045,1.05,1.09175,0.554804,0.468877,0.554804,0.759891,0.63151,0.592704,262,173,0.0856227,-1,1,1
h2,34,22,2,146,4.91087,0,11020,871,0.300629,0.0538969,-0.213402,-0.343822,0.649999,1.05,1.04348,0.70636,0.529093,0.70636,0.756531,0.684481,0.648467,262,173,0.0734973,1,1,1
h2,35,22,2,212,0.605481,0,10789,72,0.248311,0.028616,-0.232005,-0.00155163,0.481379,1.05,1.1022,0.457375,0.408773,0.476319,0.613557,0.512526,0.472565,262,173,0.0877703,-1,1,1
h2,36,22,2,31,0.216258,0,2116,10223,-0.180577,0.0329027,0.221288,-0.349851,0.555034,1.05,1.07431,0.649526,0.509585,0.649526,0.661006,0.675926,0.637573,262,173,0.0735168,-1,1,1
h2,37,22,2,39,2.34612,1,11020,871,0.300629,0.0538969,-0.213402,-0.343822,0.649999,1.05,1.06843,0.699594,0.551759,0.699594,0.754395,0.677889,0.642494,262,173,0.0720322,-1,1,1
h2,38,22,2,170,0.490858,0,648,10964,-0.222504,-0.343659,0.291183,0.047905,0.645984,1.05,1.03072,0.68065,0.518719,0.68065,0.754333,0.676994,0.639775,262,173,0.0825038,-1,1,1
h2,39,22,2,280,2.26407,0,11020,871,0.300629,0.0538969,-0.213402,-0.343822,0.649999,1.05,1.06987,0.698241,0.553,0.698241,0.758681,0.676038,0.639501,262,173,0.0693979,1,1,1
h2,40,22,2,315,0.566666,1,10223,2116,0.221288,-0.349851,-0.180577,0.0329027,0.555034,1.05,1.04038,0.661705,0.52571,0.67253,0.672624,0.692614,0.655325,262,173,0.0734493,-1,1,1
h2,41,22,2,13,0.265989,0,758,10995,-0.21784,-0.343538,0.295924,0.050889,0.647782,1.05,1.0284,0.653586,0.520974,0.653586,0.7557,0.682395,0.647247,262,173,0.0753576,-1,1,1
h2,42,22,2,151,4.68202,0,72,9877,-0.232005,-0.00155163,0.212786,-0.349945,0.565039,1.05,1.04797,0.696888,0.526387,0.696888,0.694529,0.695351,0.653108,262,173,0.0796727,-1,1,1
h2,43,22,2,340,4.83367,1,10724,871,0.243099,0.0187893,-0.213402,-0.343822,0.583225,1.05,1.04331,0.562923,0.440347,0.562923,0.733416,0.491174,0.450726,262,173,0.0738142,-1,1,1
h2,44,22,2,339,1.9343,1,2722,9863,-0.167755,0.0322943,0.212733,-0.350325,0.5396,1.05,1.05325,0.627876,0.533153,0.627876,0.642267,0.68716,0.649105,262,173,0.084846,1,1,1
h2,45,22,2,43,4.63995,1,11020,871,0.300629,0.0538969,-0.213402,-0.343822,0.649999,1.05,1.04927,0.684709,0.5265,0.684709,0.748236,0.680689,0.64442,262,173,0.0993729,-1,1,1
h2,46,22,2,160,2.9243,1,10964,871,0.291183,0.047905,-0.213402,-0.343822,0.638863,1.05,1.05041,0.684709,0.531123,0.684709,0.75086,0.68586,0.649514,262,173,0.0765141,-1,1,1
h2,47,22,2,5,0.0484804,0,648,10964,-0.222504,-0.343659,0.291183,0.047905,0.645984,1.05,1.04056,0.67659,0.531687,0.683356,0.764811,0.685169,0.649413,262,173,0.0722519,-1,1,1
h2,0,22,3,102,3.15952,0,11020,758,0.300629,0.0538969,-0.21784,-0.343538,0.653345,1.05,1.04754,0.705007,0.535521,0.705007,0.745042,0.687223,0.651475,437,174,0.0758338,-1,1,1
h2,1,22,3,199,5.32423,0,9863,2436,0.212733,-0.350325,-0.175793,0.0333147,0.546046,1.05,1.02383,0.608931,0.524357,0.611637,0.638636,0.692297,0.65615,437,174,0.0715815,-1,1,1
h2,2,22,3,318,4.64364,1,871,11039,-0.213402,-0.343822,0.304684,0.0569029,0.655045,1.05,1.01712,0.684709,0.534506,0.684709,0.776574,0.68485,0.649071,437,174,0.0676641,1,1,1
h2,3,22,3,135,5.66715,1,2116,9556,-0.180577,0.0329027,0.208492,-0.350009,0.54594,1.05,1.03216,0.607578,0.522215,0.607578,0.640709,0.689091,0.653141,437,174,0.0692485,1,1,1
h2,4,22,3,77,3.50823,0,2656,10326,-0.170943,0.0327158,0.221115,-0.337349,0.539221,1.05,1.01035,0.602165,0.478124,0.610284,0.632244,0.666765,0.635388,437,174,0.0773926,1,1,1
h2,5,22,3,288,2.49944,0,10071,615,0.216829,-0.349864,-0.213581,0.029047,0.573452,1.05,1.0204,0.658999,0.517479,0.658999,0.682403,0.690225,0.653608,437,174,0.0697793,-1,1,1
h2,6,22,3,93,3.41036,0,2436,9863,-0.175793,0.0333147,0.212733,-0.350325,0.546046,1.05,1.01329,0.638701,0.513983,0.638701,0.650845,0.693911,0.657041,437,174,0.091665,1,1,1
h2,7,22,3,332,5.00417,1,9863,1514,0.212733,-0.350325,-0.191777,0.0333281,0.557552,1.05,1.03371,0.641407,0.525372,0.641407,0.676328,0.690397,0.654911,437,174,0.0814859,1,1,1
h2,8,22,3,299,1.71552,0,11047,758,0.314079,0.0628309,-0.21784,-0.343538,0.669455,1.05,1.06609,0.721245,0.539129,0.721245,0.763169,0.679737,0.64424,437,174,0.0708066,-1,1,1
h2,9,22,3,253,5.59204,1,1059,10937,-0.208993,-0.344123,0.286709,0.0450735,0.630309,1.05,1.04207,0.68065,0.534393,0.68065,0.734756,0.684235,0.649983,437,174,0.0706007,-1,1,1
h2,10,22,3,118,0.947544,0,9863,478,0.212733,-0.350325,-0.218651,0.026967,0.573127,1.05,1.02768,0.700947,0.524019,0.700947,0.706841,0.693009,0.658616,437,174,0.0728028,1,1,1
h2,11,22,3,162,3.46263,1,1819,9195,-0.186354,0.0327301,0.203962,-0.348754,0.545831,1.05,1.06781,0.443843,0.369531,0.450609,0.6448,0.403995,0.368925,437,174,0.076655,1,1,1
h2,12,22,3,244,6.23057,0,871,11041,-0.213402,-0.343822,0.328109,0.0713987,0.682448,1.05,1.02667,0.713126,0.533491,0.713126,0.814744,0.678469,0.642311,437,174,0.0690434,-1,1,1
h2,13,22,3,90,4.08015,0,10995,342,0.295924,0.050889,-0.216388,-0.0210953,0.517426,1.05,1.05945,1.03112,0.72023,1.03112,0.639839,0.722405,0.680578,437,174,0.0716661,-1,1,1
h2,14,22,3,276,0.282621,0,880,11047,-0.213438,-0.344109,0.314079,0.0628309,0.666308,1.05,1.01414,0.690122,0.529206,0.690122,0.764436,0.674562,0.637026,437,174,0.0727653,1,1,1
h2,15,22,3,170,2.11403,1,10995,640,0.295924,0.050889,-0.227367,-0.343797,0.655452,1.05,1.01025,0.675237,0.513645,0.675237,0.743194,0.673284,0.638586,437,174,0.0736845,1,1,1
h2,16,22,3,143,5.82642,1,1059,10995,-0.208993,-0.344123,0.295924,0.050889,0.641148,1.05,1.06459,0.711773,0.532927,0.711773,0.766371,0.683951,0.647664,437,174,0.0722537,-1,1,1
h2,17,22,3,301,0.744664,0,871,11047,-0.213402,-0.343822,0.314079,0.0628309,0.666103,1.05,1.01266,0.728011,0.548715,0.728011,0.80256,0.681193,0.644868,437,174,0.0716903,1,1,1
h2,18,22,3,276,2.71592,1,758,11041,-0.21784,-0.343538,0.328109,0.0713987,0.685807,1.05,1.01671,0.710419,0.536761,0.710419,0.788598,0.674905,0.638237,437,174,0.0769131,1,1,1
h2,19,22,3,159,5.35745,1,10071,165,0.216829,-0.349864,-0.23231,0.0249414,0.58499,1.05,1.03843,0.710419,0.534281,0.710419,0.689619,0.687622,0.65183,437,174,0.0811147,1,1,1
h2,20,22,3,175,1.94392,1,1018,10071,-0.203047,0.0305595,0.216829,-0.349864,0.566601,1.05,1.0873,0.4682,0.408097,0.473613,0.656037,0.485114,0.452887,437,174,0.0786589,-1,1,1
h2,21,22,3,199,1.39238,0,10071,1018,0.216829,-0.349864,-0.203047,0.0305595,0.566601,1.05,1.01849,0.671177,0.519057,0.671177,0.687978,0.68822,0.653613,437,174,0.0718156,1,1,1
h2,22,22,3,205,1.50278,0,1059,10907,-0.208993,-0.344123,0.28235,0.0424652,0.62527,1.05,1.05069,0.657645,0.515562,0.657645,0.742498,0.674115,0.639645,437,174,0.0861384,1,1,1
h2,23,22,3,248,3.6883,1,10071,1514,0.216829,-0.349864,-0.191777,0.0333281,0.560199,1.05,1.01478,0.694181,0.51917,0.694181,0.714388,0.692731,0.657414,437,174,0.0729501,-1,1,1
h2,24,22,3,0,5.65946,0,9877,2116,0.212786,-0.349945,-0.180577,0.0329027,0.548964,1.05,1.04584,0.618403,0.507668,0.637348,0.665832,0.693477,0.658338,437,174,0.0737365,1,1,1
h2,25,22,3,242,5.6613,0,9877,1514,0.212786,-0.349945,-0.191777,0.0333281,0.557329,1.05,1.02809,0.67253,0.530672,0.692828,0.69699,0.696482,0.660487,437,174,0.0739134,1,1,1
h2,26,22,3,97,3.20512,1,1059,11043,-0.208993,-0.344123,0.318108,0.06668,0.668349,1.05,1.05117,0.653586,0.514772,0.663058,0.759676,0.667601,0.630012,437,174,0.0791298,1,1,1
h2,27,22,3,338,5.51549,1,10223,1287,0.221288,-0.349851,-0.192291,0.0208731,0.555457,1.05,1.10305,0.526387,0.422305,0.526387,0.650721,0.490328,0.451596,437,174,0.0779943,-1,1,1
h2,28,22,3,343,3.48442,0,9863,370,0.212733,-0.350325,-0.22367,0.0273418,0.577143,1.05,1.06443,0.642761,0.516013,0.642761,0.702619,0.689825,0.653346,437,174,0.0682309,-1,1,1
h2,29,22,3,323,3.85794,1,9863,370,0.212733,-0.350325,-0.22367,0.0273418,0.577143,1.05,1.02977,0.715832,0.526725,0.715832,0.729988,0.693482,0.656245,437,174,0.111536,-1,1,1
h2,30,22,3,293,2.03243,0,1247,9556,-0.197655,0.032733,0.208492,-0.350009,0.558101,1.05,1.01759,0.612991,0.50733,0.619756,0.662215,0.680428,0.642203,437,174,0.105236,-1,1,1
h2,31,22,3,162,1.55809,0,1819,10071,-0.186354,0.0327301,0.216829,-0.349864,0.555847,1.05,1.04238,0.625169,0.498647,0.625169,0.635919,0.681408,0.645125,437,174,0.073592,1,1,1
h2,32,22,3,149,2.83803,0,2116,9863,-0.180577,0.0329027,0.212733,-0.350325,0.54919,1.05,1.01652,0.645467,0.5159,0.64682,0.656716,0.695953,0.660011,437,174,0.0693715,1,1,1
h2,33,22,3,2,5.98363,1,871,11044,-0.213402,-0.343822,0.309134,0.0598116,0.660343,1.05,1.05496,0.580514,0.4841,0.594046,0.748129,0.636703,0.601504,437,174,0.107121,1,1,1
h2,34,22,3,146,4.91087,0,871,11020,-0.213402,-0.343822,0.300629,0.0538969,0.649999,1.05,1.01922,0.721245,0.541272,0.721245,0.780597,0.689256,0.65331,437,174,0.0985876,-1,1,1
h2,35,22,3,212,0.605481,0,72,10789,-0.232005,-0.00155163,0.248311,0.028616,0.481379,1.05,1.08485,0.514208,0.421741,0.514208,0.620301,0.516054,0.477485,437,174,0.0861401,1,1,1
h2,36,22,3,31,0.216258,0,10223,2036,0.221288,-0.349851,-0.178605,0.0260801,0.548871,1.05,1.04038,0.619756,0.5106,0.619756,0.652137,0.674024,0.635671,437,174,0.0736493,1,1,1
h2,37,22,3,39,2.34612,1,871,11038,-0.213402,-0.343822,0.330997,0.0715008,0.684749,1.05,1.04543,0.711773,0.542625,0.714479,0.804918,0.674765,0.63937,437,174,0.0729087,1,1,1
h2,38,22,3,170,0.490858,0,10964,640,0.291183,0.047905,-0.227367,-0.343797,0.64987,1.05,1.02527,0.600812,0.485566,0.604871,0.743359,0.657713,0.624883,437,174,0.0752437,1,1,1
h2,39,22,3,280,2.26407,0,871,11041,-0.213402,-0.343822,0.328109,0.0713987,0.682448,1.05,1.02035,0.707713,0.535634,0.707713,0.804941,0.679626,0.643089,437,174,0.0705558,-1,1,1
h2,40,22,3,315,0.566666,1,2116,10057,-0.180577,0.0329027,0.259485,0.00617504,0.441405,1.05,1.05304,0.623816,0.519057,0.623816,0.569466,0.618239,0.578403,437,174,0.0919702,1,1,1
h2,41,22,3,13,0.265989,0,10995,871,0.295924,0.050889,-0.213402,-0.343822,0.644438,1.05,1.01515,0.669824,0.516689,0.669824,0.751163,0.689149,0.653287,437,174,0.0684161,1,1,1
h2,42,22,3,151,4.68202,0,9877,1819,0.212786,-0.349945,-0.186354,0.0327301,0.552996,1.05,1.06699,0.642761,0.496392,0.642761,0.690815,0.685995,0.650333,437,174,0.0755982,1,1,1
h2,43,22,3,340,4.83367,1,871,11044,-0.213402,-0.343822,0.309134,0.0598116,0.660343,1.05,1.0092,0.520974,0.400767,0.520974,0.794811,0.432731,0.396728,437,174,0.0749087,1,1,1
h2,44,22,3,339,1.9343,1,9863,1247,0.212733,-0.350325,-0.197655,0.032733,0.561409,1.05,1.05169,0.641407,0.519508,0.641407,0.67021,0.694762,0.658886,437,174,0.0785295,-1,1,1
h2,45,22,3,43,4.63995,1,871,11047,-0.213402,-0.343822,0.314079,0.0628309,0.666103,1.05,1.0115,0.742896,0.546798,0.742896,0.791788,0.68519,0.648921,437,174,0.0793514,1,1,1
h2,46,22,3,160,2.9243,1,871,11044,-0.213402,-0.343822,0.309134,0.0598116,0.660343,1.05,1.02597,0.723951,0.53834,0.723951,0.789211,0.685552,0.649756,437,174,0.0789338,1,1,1
h2,47,22,3,5,0.0484804,0,10964,342,0.291183,0.047905,-0.216388,-0.0210953,0.512321,1.05,1.03894,0.962111,0.699932,0.962111,0.618118,0.720742,0.679797,437,174,0.0747328,1,1,1
h2,0,22,4,102,3.15952,0,758,11044,-0.21784,-0.343538,0.309134,0.0598116,0.663692,1.05,1.02343,0.726658,0.553451,0.73207,0.765974,0.689137,0.653389,538,178,0.0691773,1,1,1
h2,1,22,4,199,5.32423,0,2436,9863,-0.175793,0.0333147,0.212733,-0.350325,0.546046,1.05,1.01912,0.623816,0.517704,0.634641,0.646698,0.695149,0.658009,538,178,0.0715474,1,1,1
h2,2,22,4,318,4.64364,1,11039,970,0.304684,0.0569029,-0.211023,-0.327998,0.64358,1.05,1.01107,0.641407,0.517366,0.642761,0.763846,0.667843,0.628097,538,178,0.0753671,-1,1,1
h2,3,22,4,135,5.66715,1,9556,2116,0.208492,-0.350009,-0.180577,0.0329027,0.54594,1.05,1.01591,0.635995,0.521313,0.635995,0.647039,0.690385,0.652552,538,178,0.0748074,-1,1,1
h2,4,22,4,77,3.50823,0,10326,9,0.221115,-0.337349,-0.249702,0.0252714,0.594386,1.05,1.03389,0.664411,0.506089,0.664411,0.70498,0.652038,0.618282,538,178,0.0744834,-1,1,1
h2,5,22,4,288,2.49944,0,615,10223,-0.213581,0.029047,0.221288,-0.349851,0.576822,1.05,1.00644,0.683356,0.510262,0.683356,0.684669,0.687412,0.649025,538,178,0.0720324,1,1,1
h2,6,22,4,93,3.41036,0,9863,370,0.212733,-0.350325,-0.22367,0.0273418,0.577143,1.05,1.04453,0.677943,0.52244,0.677943,0.682222,0.691374,0.654504,538,178,0.0738836,-1,1,1
h2,7,22,4,332,5.00417,1,1514,8745,-0.191777,0.0333281,0.195562,-0.332849,0.533069,1.05,1.02005,0.653586,0.505751,0.653586,0.64702,0.678489,0.640321,538,178,0.0856238,-1,1,1
h2,8,22,4,299,1.71552,0,758,10964,-0.21784,-0.343538,0.291183,0.047905,0.642205,1.05,1.08595,0.669824,0.515336,0.669824,0.731463,0.684327,0.64883,538,178,0.0722119,1,1,1
h2,9,22,4,253,5.59204,1,10937,1059,0.286709,0.0450735,-0.208993,-0.344123,0.630309,1.05,1.03563,0.665765,0.516013,0.667118,0.732378,0.68848,0.652705,538,178,0.0762092,1,1,1
h2,10,22,4,118,0.947544,0,478,10088,-0.218651,0.026967,0.21704,-0.349799,0.576021,1.05,1.03056,0.692828,0.522553,0.692828,0.68926,0.691721,0.656572,538,178,0.0730359,-1,1,1
h2,11,22,4,162,3.46263,1,9195,1,0.203962,-0.348754,-0.261514,0.018858,0.593305,1.05,1.03823,0.428958,0.375395,0.447903,0.705302,0.44323,0.406296,538,178,0.0790097,-1,1,1
h2,12,22,4,244,6.23057,0,11041,358,0.328109,0.0713987,-0.208629,-0.0258827,0.545612,1.05,0.981741,0.982409,0.7076,0.982409,0.665113,0.712208,0.667853,538,178,0.070302,1,1,1
h2,13,22,4,90,4.08015,0,342,9863,-0.216388,-0.0210953,0.212733,-0.350325,0.540867,1.05,1.08569,0.581867,0.47023,0.581867,0.639125,0.648107,0.606281,538,178,0.138501,1,1,1
h2,14,22,4,276,0.282621,0,11047,637,0.314079,0.0628309,-0.226719,-0.343196,0.676294,1.05,1.02431,0.700947,0.519959,0.700947,0.780428,0.671152,0.636569,538,178,0.0707329,-1,1,1
h2,15,22,4,170,2.11403,1,640,11038,-0.227367,-0.343797,0.330997,0.0715008,0.695881,1.05,1.04587,0.723951,0.525147,0.723951,0.804592,0.650423,0.615726,538,178,0.0728099,-1,1,1
h2,16,22,4,143,5.82642,1,10995,871,0.295924,0.050889,-0.213402,-0.343822,0.644438,1.05,1.06567,0.686062,0.52447,0.686062,0.74076,0.689059,0.654489,538,178,0.0750763,1,1,1
h2,17,22,4,301,0.744664,0,11047,758,0.314079,0.0628309,-0.21784,-0.343538,0.669455,1.05,1.00273,0.752368,0.547812,0.752368,0.781896,0.685108,0.650834,538,178,0.0737504,-1,1,1
h2,18,22,4,276,2.71592,1,11041,654,0.328109,0.0713987,-0.227055,-0.343667,0.693176,1.05,1.01166,0.619756,0.458728,0.623816,0.806221,0.477298,0.440631,538,178,0.0751735,-1,1,1
h2,19,22,4,159,5.35745,1,165,10059,-0.23231,0.0249414,0.216568,-0.3421,0.579842,1.05,1.03669,0.671177,0.501804,0.671177,0.67985,0.661181,0.623549,538,178,0.102143,-1,1,1
h2,20,22,4,175,1.94392,1,10071,0,0.216829,-0.349864,-0.259423,0.0227871,0.605016,1.05,1.0753,0.450609,0.39276,0.451962,0.703016,0.453644,0.418422,538,178,0.0769655,1,1,1
h2,21,22,4,199,1.39238,0,1018,10071,-0.203047,0.0305595,0.216829,-0.349864,0.566601,1.05,1.01,0.688769,0.507217,0.688769,0.692626,0.690093,0.654502,538,178,0.071612,-1,1,1
h2,22,22,4,205,1.50278,0,10907,1059,0.28235,0.0424652,-0.208993,-0.344123,0.62527,1.05,1.04761,0.679296,0.539242,0.691475,0.73344,0.67597,0.641169,538,178,0.0693044,-1,1,1
h2,23,22,4,248,3.6883,1,1514,10071,-0.191777,0.0333281,0.216829,-0.349864,0.560199,1.05,1.02593,0.665765,0.515336,0.665765,0.698832,0.683413,0.645544,538,178,0.0765441,1,1,1
h2,24,22,4,0,5.65946,0,2116,8957,-0.180577,0.0329027,0.199336,-0.348453,0.538348,1.05,1.04654,0.656292,0.529544,0.656292,0.661735,0.687002,0.652321,538,178,0.070417,-1,1,1
h2,25,22,4,242,5.6613,0,1514,9802,-0.191777,0.0333281,0.252936,-0.0118427,0.447062,1.05,1.08641,0.400541,0.365471,0.401894,0.570503,0.379833,0.340068,538,178,0.0834721,-1,1,1
h2,26,22,4,97,3.20512,1,11043,880,0.318108,0.06668,-0.213438,-0.344109,0.671849,1.05,1.04985,0.661705,0.521876,0.671177,0.762839,0.669661,0.636031,538,178,0.0755486,-1,1,1
h2,27,22,4,338,5.51549,1,1287,9877,-0.192291,0.0208731,0.212786,-0.349945,0.549231,1.05,1.04643,0.499323,0.409675,0.50203,0.668771,0.484771,0.446496,538,178,0.0824302,1,1,1
h2,28,22,4,343,3.48442,0,370,9802,-0.22367,0.0273418,0.252936,-0.0118427,0.478234,1.05,1.00363,0.890392,0.670501,0.897158,0.581239,0.710703,0.669986,538,178,0.0906461,1,1,1
h2,29,22,4,323,3.85794,1,370,10093,-0.22367,0.0273418,0.217029,-0.348967,0.579507,1.05,1.02335,0.549391,0.445535,0.554804,0.704783,0.643296,0.606059,538,178,0.0702742,1,1,1
h2,30,22,4,293,2.03243,0,9556,370,0.208492,-0.350009,-0.22367,0.0273418,0.573736,1.05,1.02327,0.608931,0.492558,0.615697,0.648729,0.677585,0.640583,538,178,0.0758166,1,1,1
h2,31,22,4,162,1.55809,0,10071,814,0.216829,-0.349864,-0.208155,0.0282202,0.568842,1.05,1.02214,0.648173,0.506991,0.648173,0.678137,0.681437,0.645154,538,178,0.0717794,-1,1,1
h2,32,22,4,149,2.83803,0,9863,2722,0.212733,-0.350325,-0.167755,0.0322943,0.5396,1.05,1.02892,0.626522,0.515449,0.626522,0.628247,0.690151,0.65504,538,178,0.073274,-1,1,1
h2,33,22,4,2,5.98363,1,11044,660,0.309134,0.0598116,-0.222329,-0.343306,0.667125,1.05,1.05552,0.7023,0.530447,0.7023,0.781758,0.680219,0.646839,538,178,0.0711061,-1,1,1
h2,34,22,4,146,4.91087,0,11020,1392,0.300629,0.0538969,-0.201921,-0.324483,0.629127,1.05,1.01753,0.691475,0.525372,0.691475,0.763249,0.666816,0.627445,538,178,0.0744035,1,1,1
h2,35,22,4,212,0.605481,0,10789,70,0.248311,0.028616,-0.22994,-0.00451851,0.479467,1.05,1.04463,0.50203,0.406969,0.506089,0.626074,0.486886,0.448316,538,178,0.0870415,-1,1,1
h2,36,22,4,31,0.216258,0,2036,10302,-0.178605,0.0260801,0.222262,-0.350074,0.549715,1.05,1.03498,0.610284,0.493347,0.610284,0.643723,0.670557,0.636349,538,178,0.0764524,-1,1,1
h2,37,22,4,39,2.34612,1,11038,342,0.330997,0.0715008,-0.216388,-0.0210953,0.555175,1.05,1.00726,0.997294,0.719328,0.997294,0.653932,0.70627,0.662582,538,178,0.0975465,-1,1,1
h2,38,22,4,170,0.490858,0,640,11038,-0.227367,-0.343797,0.330997,0.0715008,0.695881,1.05,1.05139,0.663058,0.500226,0.663058,0.804771,0.646889,0.614163,538,178,0.0746856,-1,1,1
h2,39,22,4,280,2.26407,0,11041,1392,0.328109,0.0713987,-0.201921,-0.324483,0.66161,1.05,1.02603,0.633288,0.500338,0.633288,0.766525,0.642056,0.602804,538,178,0.0792013,1,1,1
h2,40,22,4,315,0.566666,1,10057,160,0.259485,0.00617504,-0.239383,-0.0039978,0.499148,1.05,1.10794,0.530447,0.441024,0.530447,0.613472,0.546291,0.506455,538,178,0.0758912,-1,1,1
h2,41,22,4,13,0.265989,0,871,10937,-0.213402,-0.343822,0.286709,0.0450735,0.633594,1.05,1.0205,0.67253,0.520862,0.67253,0.727353,0.686987,0.651124,538,178,0.0715283,-1,1,1
h2,42,22,4,151,4.68202,0,1819,9191,-0.186354,0.0327301,0.203951,-0.349146,0.546095,1.05,1.07707,0.661705,0.512066,0.661705,0.652838,0.688549,0.654116,538,178,0.0742588,-1,1,1
h2,43,22,4,340,4.83367,1,11044,871,0.309134,0.0598116,-0.213402,-0.343822,0.660343,1.05,1.0097,0.492557,0.381258,0.492557,0.758047,0.397796,0.362593,538,178,0.0754511,-1,1,1
h2,44,22,4,339,1.9343,1,1247,9560,-0.197655,0.032733,0.20837,-0.349643,0.557762,1.05,1.05578,0.635995,0.506766,0.645467,0.653839,0.69007,0.654822,538,178,0.0746822,1,1,1
h2,45,22,4,43,4.63995,1,11047,758,0.314079,0.0628309,-0.21784,-0.343538,0.669455,1.05,1.01667,0.537212,0.39558,0.549391,0.797663,0.348015,0.314144,538,178,0.0712235,-1,1,1
h2,46,22,4,160,2.9243,1,11044,880,0.309134,0.0598116,-0.213438,-0.344109,0.660548,1.05,1.03024,0.717185,0.538115,0.717185,0.762978,0.68522,0.650163,538,178,0.0718784,-1,1,1
h2,47,22,4,5,0.0484804,0,342,9863,-0.216388,-0.0210953,0.212733,-0.350325,0.540867,1.05,1.04593,0.644114,0.524808,0.648173,0.622433,0.661708,0.620764,538,178,0.0733703,-1,1,1
h2,48,22,1,171,5.20429,1,912,10057,-0.200247,0.106544,0.259485,0.00617504,0.470561,1.05,1.03361,0.848444,0.624154,0.848444,0.637742,0.625842,0.585312,202,144,0.0927063,1,1,1
h2,49,22,1,336,1.26204,1,2980,10776,-0.130715,0.0197096,0.244051,0.0272169,0.375291,1.05,0.997291,0.604871,0.488498,0.618403,0.505433,0.579346,0.53905,202,144,0.0889248,-1,1,1
h2,50,22,1,210,6.11244,1,8066,72,0.17243,0.0937948,-0.232005,-0.00155163,0.415832,1.05,1.0755,0.673884,0.514998,0.68065,0.59394,0.594294,0.551248,202,144,0.0871454,-1,1,1
h2,51,22,1,340,3.07445,0,3313,10724,-0.153357,0.049964,0.243099,0.0187893,0.398214,1.05,0.994662,0.633288,0.498985,0.633288,0.553884,0.596458,0.556019,202,144,0.084713,-1,1,1
h2,52,22,1,272,5.38211,1,7898,2321,0.149914,0.0575399,-0.173863,0.0274353,0.325276,1.05,1.14324,0.640054,0.496504,0.640054,0.500566,0.613205,0.571454,202,144,0.0824792,-1,1,1
h2,53,22,1,209,3.62024,1,3854,10995,-0.15377,-0.171753,0.295924,0.050889,0.501923,1.05,1.11119,0.602165,0.467636,0.614344,0.660056,0.527107,0.489483,202,144,0.0760811,1,1,1
h2,54,22,1,68,1.89952,0,4756,10799,-0.0908661,0.0274096,0.260697,0.0307922,0.351685,1.05,1.23106,0.560217,0.451624,0.571042,0.53347,0.565706,0.525554,202,144,0.0879041,1,1,1
h2,55,22,1,326,6.11005,1,8603,637,0.208035,0.133911,-0.226719,-0.343196,0.645483,1.05,1.06259,0.717185,0.521087,0.717185,0.794618,0.583658,0.547601,202,144,0.0940262,-1,1,1
h2,56,22,1,342,3.55721,0,126,10789,-0.222881,-0.00390053,0.248311,0.028616,0.472383,1.05,1.11177,0.783491,0.589084,0.783491,0.647312,0.621328,0.58396,202,144,0.0848418,-1,1,1
h2,57,22,1,50,5.47639,1,1982,10805,-0.184569,-0.0581045,0.265274,0.0333366,0.459043,1.05,1.04167,0.595399,0.472485,0.623816,0.634632,0.563688,0.524563,202,144,0.0846723,1,1,1
h2,58,22,1,16,0.53609,0,6891,2436,0.119881,-0.247052,-0.175793,0.0333147,0.407667,1.05,1.02884,0.584574,0.493347,0.59134,0.545843,0.604276,0.567909,202,144,0.0749512,1,1,1
h2,59,22,1,191,1.485,0,7105,2656,0.134152,-0.214902,-0.170943,0.0327158,0.393164,1.05,0.995181,0.529093,0.480492,0.566982,0.525087,0.563108,0.52847,202,144,0.0792122,1,1,1
h2,60,22,1,253,3.55277,0,3937,10789,-0.119511,0.0523863,0.248311,0.028616,0.368679,1.05,0.930976,0.589987,0.471696,0.589987,0.497058,0.595883,0.556128,202,144,0.0877636,-1,1,1
h2,61,22,1,126,2.93015,0,6357,1819,0.0781956,-0.238256,-0.186354,0.0327301,0.379082,1.05,1.09373,0.61705,0.494813,0.61705,0.548002,0.614298,0.578539,202,144,0.0751692,-1,1,1
h2,62,22,1,14,1.62128,1,5570,11020,-0.00825787,-0.0675545,0.300629,0.0538969,0.331955,1.05,1.13013,0.506089,0.449369,0.508796,0.546729,0.557688,0.525816,202,144,0.0755891,-1,1,1
h2,63,22,1,71,1.41779,0,5804,2116,0.0170164,-0.363648,-0.180577,0.0329027,0.443379,1.05,1.10662,0.764547,0.595963,0.764547,0.607832,0.775661,0.744535,202,144,0.0743943,1,1,1
h2,64,22,1,262,0.836146,1,778,10724,-0.213925,0.0692625,0.243099,0.0187893,0.460503,1.05,1.01077,0.810555,0.598557,0.810555,0.599634,0.630783,0.591242,202,144,0.0856971,1,1,1
h2,65,22,1,175,4.60988,1,5584,10223,-0.0051012,0.108519,0.221288,-0.349851,0.511229,1.05,1.05622,0.679296,0.510374,0.679296,0.654613,0.463548,0.425909,202,144,0.0782996,1,1,1
h2,66,22,1,49,1.10264,1,7102,1287,0.124599,0.0441275,-0.192291,0.0208731,0.318584,1.05,0.90828,0.473613,0.405841,0.487145,0.459671,0.5814,0.539235,202,144,0.092198,-1,1,1
h2,67,22,1,114,3.98928,1,5668,637,0.00318813,0.0710554,-0.226719,-0.343196,0.47383,1.05,1.01673,0.667118,0.492557,0.667118,0.63112,0.472143,0.435956,202,144,0.0756054,1,1,1
h2,68,22,1,99,3.69686,1,5671,2121,-0.00220299,-0.366081,-0.181225,0.0328474,0.437591,1.05,1.05865,0.830853,0.626297,0.830853,0.637791,0.783678,0.753907,202,144,0.0781371,-1,1,1
h2,69,22,1,99,3.79775,1,5671,2121,-0.00220299,-0.366081,-0.181225,0.0328474,0.437591,1.05,1.04895,0.840325,0.626071,0.840325,0.647014,0.782732,0.752962,202,144,0.0744849,-1,1,1
h2,70,22,1,199,3.49253,1,6355,1819,0.0768166,-0.249273,-0.186354,0.0327301,0.385839,1.05,1.09083,0.619756,0.507781,0.623816,0.541546,0.630597,0.594921,202,144,0.0750248,-1,1,1
h2,71,22,1,313,5.65084,0,5217,11039,-0.0563745,-0.300682,0.304684,0.0569029,0.508163,1.05,1.03099,0.738836,0.581416,0.751015,0.669232,0.71298,0.682479,202,144,0.0916264,1,1,1
h2,72,22,1,55,5.8825,1,10391,660,0.232311,0.169391,-0.222329,-0.343306,0.685242,1.05,1.11013,0.695535,0.534393,0.695535,0.825071,0.571275,0.53818,202,144,0.0783103,-1,1,1
h2,73,22,1,330,4.46083,1,9588,701,0.221934,-0.00264931,-0.205156,0.0152569,0.427507,1.05,1.09685,0.728011,0.568787,0.728011,0.589513,0.629685,0.587822,202,144,0.081028,1,1,1
h2,74,22,1,305,2.45197,0,4299,10805,-0.120587,0.0134878,0.265274,0.0333366,0.387075,1.05,1.16131,0.665765,0.494926,0.665765,0.586386,0.573524,0.533773,202,144,0.092281,1,1,1
h2,75,22,1,161,5.61927,0,2296,10302,-0.169893,0.172543,0.222262,-0.350074,0.653387,1.05,1.0183,0.668471,0.503496,0.668471,0.791147,0.561722,0.52502,202,144,0.0847534,-1,1,1
h2,76,22,1,106,0.681092,1,8738,758,0.186362,0.178586,-0.21784,-0.343538,0.660298,1.05,1.03737,0.687415,0.507781,0.687415,0.808885,0.565752,0.53133,202,144,0.0806228,-1,1,1
h2,77,22,1,194,2.60132,1,2925,10776,-0.136682,0.0371351,0.244051,0.0272169,0.381252,1.05,1.11639,0.694181,0.51387,0.694181,0.622445,0.582653,0.5424,202,144,0.0941427,-1,1,1
h2,78,22,1,276,0.551024,0,3716,10724,-0.147504,0.0421305,0.243099,0.0187893,0.392075,1.05,0.985513,0.596752,0.466171,0.602165,0.551835,0.541533,0.500292,202,144,0.0948042,1,1,1
h2,79,22,1,103,4.8439,1,7750,2116,0.156891,-0.328059,-0.180577,0.0329027,0.49423,1.05,1.07832,0.653586,0.523681,0.653586,0.582956,0.685062,0.64904,202,144,0.0731054,-1,1,1
h2,80,22,1,79,6.14576,1,2753,10776,-0.149873,0.041708,0.244051,0.0272169,0.394328,1.05,1.0239,0.668471,0.52244,0.668471,0.53368,0.596295,0.556254,202,144,0.0930949,1,1,1
h2,81,22,1,139,0.125728,1,2677,10101,-0.163169,0.105357,0.260376,0.010519,0.434387,1.05,1.0132,0.792963,0.58401,0.792963,0.642829,0.602014,0.561919,202,144,0.0875832,-1,1,1
h2,82,22,1,243,2.50929,1,7478,2656,0.141459,-0.132525,-0.170943,0.0327158,0.353441,1.05,0.976615,0.525034,0.446098,0.5318,0.506783,0.488019,0.449628,202,144,0.0939156,1,1,1
h2,83,22,1,202,2.92495,0,144,10724,-0.235474,0.0536728,0.243099,0.0187893,0.480066,1.05,1.08299,0.802436,0.603744,0.802436,0.626,0.642621,0.604517,202,144,0.0892187,-1,1,1
h2,84,22,1,217,2.01637,1,3432,10907,-0.148687,-0.0134373,0.28235,0.0424652,0.434749,1.05,0.967246,0.640054,0.50857,0.640054,0.616357,0.589631,0.548784,202,144,0.102152,-1,1,1
h2,85,22,1,318,3.99906,0,4728,11039,-0.100719,-0.166265,0.304684,0.0569029,0.462794,1.05,1.13902,0.59134,0.456134,0.59134,0.674257,0.529421,0.493938,202,144,0.0788184,1,1,1
h2,86,22,1,204,2.24978,1,1163,10319,-0.195196,0.131066,0.219303,-0.350582,0.635449,1.05,1.06975,0.696888,0.500677,0.696888,0.801298,0.560934,0.525053,202,144,0.10427,1,1,1
h2,87,22,1,327,5.76787,1,9518,2321,0.189351,-0.139176,-0.173863,0.0274353,0.399622,1.05,1.04506,0.575101,0.480943,0.583221,0.561666,0.571227,0.53198,202,144,0.0729448,-1,1,1
h2,88,22,1,202,1.03223,1,144,10724,-0.235474,0.0536728,0.243099,0.0187893,0.480066,1.05,1.04139,0.809202,0.597655,0.809202,0.627798,0.642305,0.604081,202,144,0.0824793,-1,1,1
h2,89,22,1,171,3.37568,1,912,10057,-0.200247,0.106544,0.259485,0.00617504,0.470561,1.05,1.11601,0.809202,0.57871,0.809202,0.62777,0.605228,0.564612,202,144,0.100219,1,1,1
h2,90,22,1,175,4.81768,0,5584,10223,-0.0051012,0.108519,0.221288,-0.349851,0.511229,1.05,1.05608,0.682003,0.511502,0.682003,0.654659,0.463337,0.425897,202,144,0.0781289,1,1,1
h2,91,22,1,1,3.12806,0,7699,2722,0.144933,-0.136182,-0.167755,0.0322943,0.355318,1.05,1.07636,0.553451,0.478011,0.572395,0.518827,0.521632,0.484286,202,144,0.0742982,-1,1,1
h2,92,22,1,306,2.07344,0,4455,10724,-0.107472,0.0671787,0.243099,0.0187893,0.355054,1.05,0.934476,0.606225,0.481845,0.606225,0.467108,0.593907,0.555017,202,144,0.0928228,-1,1,1
h2,93,22,1,190,1.09625,1,5189,10223,-0.0528641,0.130368,0.221288,-0.349851,0.553034,1.05,1.01455,0.698241,0.496504,0.698241,0.696049,0.466268,0.429231,202,144,0.0758761,-1,1,1
h2,94,22,1,153,3.78292,0,3537,10880,-0.147497,-0.111731,0.277928,0.0400038,0.451677,1.05,1.0995,0.579161,0.458164,0.592693,0.617672,0.52826,0.491233,202,144,0.0796835,1,1,1
h2,95,22,1,110,5.37519,0,3810,10776,-0.133049,0.038516,0.244051,0.0272169,0.378604,1.05,1.06625,0.671177,0.51714,0.671177,0.554152,0.590136,0.549808,202,144,0.0812819,1,1,1
h2,48,22,2,171,5.20429,1,10057,1059,0.259485,0.00617504,-0.208993,-0.344123,0.58514,1.05,1.01823,0.612991,0.516915,0.633288,0.665171,0.692196,0.651665,414,173,0.136278,-1,1,1
h2,49,22,2,336,1.26204,1,10776,1059,0.244051,0.0272169,-0.208993,-0.344123,0.586102,1.05,1.03659,0.707713,0.541498,0.710419,0.691114,0.692304,0.652008,414,173,0.0762269,1,1,1
h2,50,22,2,210,6.11244,1,72,10223,-0.232005,-0.00155163,0.221288,-0.349851,0.571688,1.05,1.02949,0.522327,0.417569,0.522327,0.712782,0.496515,0.453469,414,173,0.0761265,1,1,1
h2,51,22,2,340,3.07445,0,10724,871,0.243099,0.0187893,-0.213402,-0.343822,0.583225,1.05,1.035,0.596752,0.50203,0.615697,0.674273,0.681917,0.641477,414,173,0.0796012,1,1,1
h2,52,22,2,272,5.38211,1,2321,10071,-0.173863,0.0274353,0.216829,-0.349864,0.543168,1.05,1.06839,0.61705,0.505525,0.61705,0.654461,0.694768,0.653017,414,173,0.0866452,1,1,1
h2,53,22,2,209,3.62024,1,10995,871,0.295924,0.050889,-0.213402,-0.343822,0.644438,1.05,1.09179,0.737483,0.542512,0.737483,0.755658,0.685485,0.647861,414,173,0.0894381,-1,1,1
h2,54,22,2,68,1.89952,0,10799,880,0.260697,0.0307922,-0.213438,-0.344109,0.604519,1.05,1.08184,0.695535,0.528755,0.695535,0.702798,0.692266,0.652114,414,173,0.0749089,-1,1,1
h2,55,22,2,326,6.11005,1,637,11020,-0.226719,-0.343196,0.300629,0.0538969,0.660175,1.05,1.02136,0.679296,0.530334,0.679296,0.774445,0.679145,0.643089,414,173,0.0727688,1,1,1
h2,56,22,2,342,3.55721,0,10789,1059,0.248311,0.028616,-0.208993,-0.344123,0.59024,1.05,1.01986,0.598106,0.493685,0.600812,0.687006,0.667035,0.629667,414,173,0.0758719,1,1,1
h2,57,22,2,50,5.47639,1,10805,70,0.265274,0.0333366,-0.22994,-0.00451851,0.496659,1.05,1.08116,0.483085,0.40742,0.493911,0.647191,0.501052,0.46077,414,173,0.0869552,-1,1,1
h2,58,22,2,16,0.53609,0,2436,9863,-0.175793,0.0333147,0.212733,-0.350325,0.546046,1.05,1.05212,0.652233,0.524132,0.652233,0.646792,0.693366,0.656999,414,173,0.0737744,-1,1,1
h2,59,22,2,191,1.485,0,2656,9863,-0.170943,0.0327158,0.212733,-0.350325,0.542164,1.05,1.02674,0.638701,0.512968,0.638701,0.648485,0.688102,0.652606,414,173,0.0812379,-1,1,1
h2,60,22,2,253,3.55277,0,10789,880,0.248311,0.028616,-0.213438,-0.344109,0.593677,1.05,1.0291,0.694181,0.544993,0.694181,0.700078,0.691657,0.651902,414,173,0.0820007,1,1,1
h2,61,22,2,126,2.93015,0,1819,9863,-0.186354,0.0327301,0.212733,-0.350325,0.55322,1.05,1.08958,0.631935,0.523568,0.637348,0.654603,0.690294,0.654307,414,173,0.0699713,1,1,1
h2,62,22,2,14,1.62128,1,11020,871,0.300629,0.0538969,-0.213402,-0.343822,0.649999,1.05,1.05824,0.718539,0.530334,0.718539,0.770092,0.683913,0.647947,414,173,0.0674489,1,1,1
h2,63,22,2,71,1.41779,0,2116,9863,-0.180577,0.0329027,0.212733,-0.350325,0.54919,1.05,1.05941,0.619756,0.518606,0.627876,0.631757,0.692773,0.657087,414,173,0.0818029,-1,1,1
h2,64,22,2,262,0.836146,1,10724,1059,0.243099,0.0187893,-0.208993,-0.344123,0.579975,1.05,1.02968,0.583221,0.440798,0.583221,0.710512,0.492575,0.453035,414,173,0.0736102,-1,1,1
h2,65,22,2,175,4.60988,1,10223,1247,0.221288,-0.349851,-0.197655,0.032733,0.567382,1.05,1.05723,0.654939,0.52571,0.667118,0.637492,0.680423,0.642784,414,173,0.0723317,-1,1,1
h2,66,22,2,49,1.10264,1,1287,9877,-0.192291,0.0208731,0.212786,-0.349945,0.549231,1.05,1.02278,0.618403,0.506202,0.618403,0.6654,0.69859,0.656425,414,173,0.0716452,1,1,1
h2,67,22,2,114,3.98928,1,637,10964,-0.226719,-0.343196,0.291183,0.047905,0.649026,1.05,1.02338,0.542625,0.431326,0.550744,0.75548,0.483276,0.446684,414,173,0.0685557,-1,1,1
h2,68,22,2,99,3.69686,1,2121,9863,-0.181225,0.0328474,0.212733,-0.350325,0.549617,1.05,1.04195,0.677943,0.516351,0.677943,0.646877,0.695152,0.660973,414,173,0.076589,1,1,1
h2,69,22,2,99,3.79775,1,2121,9863,-0.181225,0.0328474,0.212733,-0.350325,0.549617,1.05,1.05011,0.615697,0.529206,0.61705,0.627043,0.691934,0.655326,414,173,0.0737419,1,1,1
h2,70,22,2,199,3.49253,1,1819,9863,-0.186354,0.0327301,0.212733,-0.350325,0.55322,1.05,1.08567,0.635995,0.518832,0.644114,0.658105,0.690683,0.654861,414,173,0.0718417,1,1,1
h2,71,22,2,313,5.65084,0,11039,871,0.304684,0.0569029,-0.213402,-0.343822,0.655045,1.05,1.07241,0.699594,0.555029,0.699594,0.764003,0.67818,0.641153,414,173,0.0725166,-1,1,1
h2,72,22,2,55,5.8825,1,660,10995,-0.222329,-0.343306,0.295924,0.050889,0.651212,1.05,1.03549,0.67253,0.531687,0.67253,0.763181,0.680737,0.647353,414,173,0.0676355,1,1,1
h2,73,22,2,330,4.46083,1,701,9863,-0.205156,0.0152569,0.212733,-0.350325,0.555236,1.05,1.01808,0.67253,0.526613,0.67253,0.686666,0.692257,0.650394,414,173,0.0763748,-1,1,1
h2,74,22,2,305,2.45197,0,10805,871,0.265274,0.0333366,-0.213402,-0.343822,0.609478,1.05,1.05732,0.717185,0.54364,0.718539,0.734134,0.685672,0.645921,414,173,0.0774001,-1,1,1
h2,75,22,2,161,5.61927,0,10302,2656,0.222262,-0.350074,-0.170943,0.0327158,0.548844,1.05,1.02561,0.606225,0.492219,0.607578,0.636158,0.680824,0.644123,414,173,0.0777738,1,1,1
h2,76,22,2,106,0.681092,1,758,10964,-0.21784,-0.343538,0.291183,0.047905,0.642205,1.05,1.0238,0.688769,0.516802,0.688769,0.744642,0.677729,0.643307,414,173,0.0830803,1,1,1
h2,77,22,2,194,2.60132,1,10776,1059,0.244051,0.0272169,-0.208993,-0.344123,0.586102,1.05,1.03904,0.775372,0.556044,0.775372,0.745107,0.695911,0.655659,414,173,0.0740168,1,1,1
h2,78,22,2,276,0.551024,0,10724,871,0.243099,0.0187893,-0.213402,-0.343822,0.583225,1.05,1.03246,0.443843,0.349346,0.445196,0.719223,0.336056,0.294815,414,173,0.0711661,-1,1,1
h2,79,22,2,103,4.8439,1,2116,9863,-0.180577,0.0329027,0.212733,-0.350325,0.54919,1.05,1.07544,0.630582,0.519396,0.630582,0.661602,0.689497,0.653475,414,173,0.0801283,1,1,1
h2,80,22,2,79,6.14576,1,10776,1059,0.244051,0.0272169,-0.208993,-0.344123,0.586102,1.05,1.03123,0.67659,0.529319,0.67659,0.67241,0.687909,0.647868,414,173,0.0882664,-1,1,1
h2,81,22,2,139,0.125728,1,10101,1059,0.260376,0.010519,-0.208993,-0.344123,0.588465,1.05,1.02787,0.749662,0.551985,0.749662,0.741876,0.697277,0.657182,414,173,0.074378,1,1,1
h2,82,22,2,243,2.50929,1,2656,10088,-0.170943,0.0327158,0.21704,-0.349799,0.544844,1.05,1.01365,0.640054,0.505074,0.640054,0.682824,0.678177,0.639707,414,173,0.0741535,-1,1,1
h2,83,22,2,202,2.92495,0,10724,1059,0.243099,0.0187893,-0.208993,-0.344123,0.579975,1.05,1.01498,0.58728,0.491543,0.595399,0.666956,0.687359,0.649255,414,173,0.0842913,1,1,1
h2,84,22,2,217,2.01637,1,10907,1059,0.28235,0.0424652,-0.208993,-0.344123,0.62527,1.05,1.00157,0.67659,0.518155,0.67659,0.729319,0.682085,0.641238,414,173,0.0782814,1,1,1
h2,85,22,2,318,3.99906,0,11039,871,0.304684,0.0569029,-0.213402,-0.343822,0.655045,1.05,1.08807,0.683356,0.519959,0.683356,0.772117,0.684999,0.649565,414,173,0.0812987,-1,1,1
h2,86,22,2,204,2.24978,1,10319,1514,0.219303,-0.350582,-0.191777,0.0333281,0.562711,1.05,1.01295,0.645467,0.509698,0.645467,0.69603,0.687609,0.651417,414,173,0.0721616,-1,1,1
h2,87,22,2,327,5.76787,1,2321,10071,-0.173863,0.0274353,0.216829,-0.349864,0.543168,1.05,1.05257,0.642761,0.51917,0.645467,0.661983,0.689605,0.650358,414,173,0.0750547,1,1,1
h2,88,22,2,202,1.03223,1,10724,1059,0.243099,0.0187893,-0.208993,-0.344123,0.579975,1.05,1.02457,0.554804,0.478687,0.556157,0.666785,0.66976,0.631536,414,173,0.0925329,1,1,1
h2,89,22,2,171,3.37568,1,10057,1059,0.259485,0.00617504,-0.208993,-0.344123,0.58514,1.05,1.03188,0.543978,0.42129,0.545332,0.723846,0.48487,0.444254,414,173,0.0854617,-1,1,1
h2,90,22,2,175,4.81768,0,10223,1247,0.221288,-0.349851,-0.197655,0.032733,0.567382,1.05,1.0647,0.652233,0.516238,0.658999,0.644543,0.680069,0.642629,414,173,0.0736229,-1,1,1
h2,91,22,2,1,3.12806,0,2722,9863,-0.167755,0.0322943,0.212733,-0.350325,0.5396,1.05,1.07239,0.656292,0.519396,0.656292,0.656841,0.692966,0.65562,414,173,0.0726842,1,1,1
h2,92,22,2,306,2.07344,0,10724,880,0.243099,0.0187893,-0.213438,-0.344109,0.583434,1.05,1.03774,0.675237,0.529206,0.675237,0.696789,0.685338,0.646447,414,173,0.0897081,1,1,1
h2,93,22,2,190,1.09625,1,10223,2436,0.221288,-0.349851,-0.175793,0.0333147,0.551846,1.05,0.996337,0.638701,0.499098,0.638701,0.655167,0.6868,0.649762,414,173,0.0717682,1,1,1
h2,94,22,2,153,3.78292,0,10880,871,0.277928,0.0400038,-0.213402,-0.343822,0.623553,1.05,1.06816,0.721245,0.538904,0.726658,0.735111,0.685472,0.648445,414,173,0.080232,-1,1,1
h2,95,22,2,110,5.37519,0,10776,871,0.244051,0.0272169,-0.213402,-0.343822,0.58932,1.05,1.03698,0.644114,0.516576,0.648173,0.682426,0.683846,0.643517,414,173,0.0703765,-1,1,1
h2,48,22,3,171,5.20429,1,1059,10995,-0.208993,-0.344123,0.295924,0.050889,0.641148,1.05,1.04484,0.642761,0.519959,0.660352,0.713997,0.68273,0.648119,515,175,0.07603,1,1,1
h2,49,22,3,336,1.26204,1,1059,11046,-0.208993,-0.344123,0.318809,0.0655098,0.668183,1.05,1.01917,0.709066,0.542287,0.719892,0.80116,0.681994,0.645159,515,175,0.0799623,-1,1,1
h2,50,22,3,210,6.11244,1,10223,165,0.221288,-0.349851,-0.23231,0.0249414,0.588405,1.05,1.02858,0.5318,0.430762,0.5318,0.724144,0.494793,0.458784,515,175,0.0807189,-1,1,1
h2,51,22,3,340,3.07445,0,871,11020,-0.213402,-0.343822,0.300629,0.0538969,0.649999,1.05,1.05287,0.637348,0.514208,0.642761,0.707062,0.677469,0.641968,515,175,0.0685406,-1,1,1
h2,52,22,3,272,5.38211,1,10071,1514,0.216829,-0.349864,-0.191777,0.0333281,0.560199,1.05,1.01965,0.629229,0.508457,0.648173,0.69511,0.689297,0.654177,515,175,0.0748927,-1,1,1
h2,53,22,3,209,3.62024,1,871,11020,-0.213402,-0.343822,0.300629,0.0538969,0.649999,1.05,1.06242,0.677943,0.522215,0.679296,0.740169,0.679898,0.644027,515,175,0.0798593,1,1,1
h2,54,22,3,68,1.89952,0,880,10937,-0.213438,-0.344109,0.286709,0.0450735,0.6338,1.05,1.05398,0.663058,0.522215,0.663058,0.718092,0.689306,0.653718,515,175,0.0736367,1,1,1
h2,55,22,3,326,6.11005,1,11020,880,0.300629,0.0538969,-0.213438,-0.344109,0.650204,1.05,1.02183,0.677943,0.522779,0.677943,0.76609,0.68526,0.650611,515,175,0.0737188,-1,1,1
h2,56,22,3,342,3.55721,0,1059,10995,-0.208993,-0.344123,0.295924,0.050889,0.641148,1.05,1.07398,0.598106,0.49594,0.61705,0.721649,0.667809,0.632179,515,175,0.102732,-1,1,1
h2,57,22,3,50,5.47639,1,70,10805,-0.22994,-0.00451851,0.265274,0.0333366,0.496659,1.05,1.09619,0.550744,0.434935,0.55751,0.646468,0.516802,0.47652,515,175,0.0901041,1,1,1
h2,58,22,3,16,0.53609,0,9863,814,0.212733,-0.350325,-0.208155,0.0282202,0.566112,1.05,1.06729,0.625169,0.508345,0.625169,0.667113,0.690986,0.655408,515,175,0.0689001,1,1,1
h2,59,22,3,191,1.485,0,9863,1049,0.212733,-0.350325,-0.197096,0.0198631,0.5523,1.05,1.04519,0.673884,0.516125,0.675237,0.685537,0.693151,0.657655,515,175,0.0677309,1,1,1
h2,60,22,3,253,3.55277,0,880,11044,-0.213438,-0.344109,0.309134,0.0598116,0.660548,1.05,1.03085,0.699594,0.538791,0.703654,0.79245,0.678172,0.640995,515,175,0.0697623,-1,1,1
h2,61,22,3,126,2.93015,0,9863,2436,0.212733,-0.350325,-0.175793,0.0333147,0.546046,1.05,1.0205,0.623816,0.519396,0.640054,0.659613,0.694804,0.658123,515,175,0.0711391,-1,1,1
h2,62,22,3,14,1.62128,1,871,11047,-0.213402,-0.343822,0.314079,0.0628309,0.666103,1.05,1.02023,0.68065,0.534506,0.68065,0.799449,0.671713,0.635219,515,175,0.160861,-1,1,1
h2,63,22,3,71,1.41779,0,9863,370,0.212733,-0.350325,-0.22367,0.0273418,0.577143,1.05,1.02064,0.630582,0.525147,0.630582,0.690787,0.686522,0.650836,515,175,0.0731261,1,1,1
h2,64,22,3,262,0.836146,1,1059,10776,-0.208993,-0.344123,0.244051,0.0272169,0.586102,1.05,1.06289,0.465494,0.390392,0.465494,0.701827,0.46141,0.428839,515,175,0.0846685,1,1,1
h2,65,22,3,175,4.60988,1,1247,9863,-0.197655,0.032733,0.212733,-0.350325,0.561409,1.05,1.06347,0.608931,0.503721,0.608931,0.63435,0.688801,0.654667,515,175,0.0966522,1,1,1
h2,66,22,3,49,1.10264,1,9877,225,0.212786,-0.349945,-0.222836,0.00569916,0.562361,1.05,1.09404,0.656292,0.515111,0.656292,0.651442,0.690139,0.649594,515,175,0.0747465,-1,1,1
h2,67,22,3,114,3.98928,1,10964,352,0.291183,0.047905,-0.211924,-0.0231018,0.508182,1.05,0.982202,0.933694,0.685273,0.933694,0.650768,0.717854,0.676805,515,175,0.0732213,1,1,1
h2,68,22,3,99,3.69686,1,9863,258,0.212733,-0.350325,-0.227717,0.0253763,0.578921,1.05,1.04262,0.656292,0.507555,0.656292,0.671422,0.687348,0.65267,515,175,0.0710259,-1,1,1
h2,69,22,3,99,3.79775,1,9863,2593,0.212733,-0.350325,-0.170029,0.0301771,0.539717,1.05,1.06019,0.602165,0.511164,0.622463,0.619335,0.689477,0.652869,515,175,0.0708273,-1,1,1
h2,70,22,3,199,3.49253,1,9863,2116,0.212733,-0.350325,-0.180577,0.0329027,0.54919,1.05,1.03282,0.648173,0.515787,0.65088,0.666486,0.696151,0.658738,515,175,0.0747766,-1,1,1
h2,71,22,3,313,5.65084,0,871,11047,-0.213402,-0.343822,0.314079,0.0628309,0.666103,1.05,1.02686,0.699594,0.533266,0.699594,0.791686,0.68418,0.647153,515,175,0.0701608,1,1,1
h2,72,22,3,55,5.8825,1,10995,871,0.295924,0.050889,-0.213402,-0.343822,0.644438,1.05,1.02947,0.65088,0.511051,0.65088,0.73956,0.685377,0.65085,515,175,0.071748,-1,1,1
h2,73,22,3,330,4.46083,1,9863,258,0.212733,-0.350325,-0.227717,0.0253763,0.578921,1.05,1.02757,0.698241,0.527289,0.698241,0.718148,0.691259,0.656891,515,175,0.0757175,1,1,1
h2,74,22,3,305,2.45197,0,871,11047,-0.213402,-0.343822,0.314079,0.0628309,0.666103,1.05,1.06116,0.734777,0.554127,0.734777,0.768264,0.68312,0.647183,515,175,0.0690074,1,1,1
h2,75,22,3,161,5.61927,0,2656,10223,-0.170943,0.0327158,0.221288,-0.349851,0.547926,1.05,1.00599,0.576455,0.474402,0.576455,0.626306,0.684801,0.651613,515,175,0.0840689,-1,1,1
h2,76,22,3,106,0.681092,1,10964,624,0.291183,0.047905,-0.226661,-0.343457,0.649138,1.05,1.03237,0.610284,0.475417,0.610284,0.739909,0.641822,0.60788,515,175,0.0962026,-1,1,1
h2,77,22,3,194,2.60132,1,1059,11020,-0.208993,-0.344123,0.300629,0.0538969,0.646707,1.05,1.02773,0.759134,0.555931,0.759134,0.777685,0.69535,0.658357,515,175,0.0772583,-1,1,1
h2,78,22,3,276,0.551024,0,871,11046,-0.213402,-0.343822,0.318809,0.0655098,0.671485,1.05,1.00826,0.43843,0.341565,0.453315,0.801619,0.32071,0.282207,515,175,0.073573,1,1,1
h2,79,22,3,103,4.8439,1,9863,615,0.212733,-0.350325,-0.213581,0.029047,0.570705,1.05,1.06817,0.64682,0.514547,0.648173,0.673288,0.686946,0.652067,515,175,0.0682356,-1,1,1
h2,80,22,3,79,6.14576,1,1059,11038,-0.208993,-0.344123,0.330997,0.0715008,0.681434,1.05,1.02289,0.70636,0.545219,0.710419,0.776803,0.67094,0.637305,515,175,0.0730825,1,1,1
h2,81,22,3,139,0.125728,1,1059,11044,-0.208993,-0.344123,0.309134,0.0598116,0.657049,1.05,1.04598,0.721245,0.532927,0.721245,0.775837,0.691455,0.654082,515,175,0.0719881,-1,1,1
h2,82,22,3,243,2.50929,1,10088,2348,0.21704,-0.349799,-0.174064,0.0278845,0.543725,1.05,1.02792,0.641407,0.48613,0.641407,0.661173,0.683126,0.644656,515,175,0.0732397,1,1,1
h2,83,22,3,202,2.92495,0,1059,11044,-0.208993,-0.344123,0.309134,0.0598116,0.657049,1.05,1.01676,0.618403,0.514434,0.629229,0.72901,0.678929,0.644507,515,175,0.0742338,-1,1,1
h2,84,22,3,217,2.01637,1,1059,11029,-0.208993,-0.344123,0.318832,0.0562401,0.662488,1.05,1.0148,0.686062,0.536085,0.686062,0.74429,0.677222,0.640037,515,175,0.0680929,-1,1,1
h2,85,22,3,318,3.99906,0,871,11047,-0.213402,-0.343822,0.314079,0.0628309,0.666103,1.05,1.03483,0.710419,0.531349,0.710419,0.766709,0.67845,0.643016,515,175,0.071151,1,1,1
h2,86,22,3,204,2.24978,1,1514,9877,-0.191777,0.0333281,0.212786,-0.349945,0.557329,1.05,1.01304,0.596752,0.512291,0.604871,0.663708,0.691795,0.655602,515,175,0.0876958,1,1,1
h2,87,22,3,327,5.76787,1,10071,814,0.216829,-0.349864,-0.208155,0.0282202,0.568842,1.05,1.05565,0.669824,0.512404,0.669824,0.683351,0.69446,0.657653,515,175,0.0761423,-1,1,1
h2,88,22,3,202,1.03223,1,1059,11046,-0.208993,-0.344123,0.318809,0.0655098,0.668183,1.05,1.05596,0.615697,0.502932,0.631935,0.767022,0.664681,0.628942,515,175,0.0795346,-1,1,1
h2,89,22,3,171,3.37568,1,1059,10220,-0.208993,-0.344123,0.259429,0.0142794,0.590021,1.05,1.0022,0.492557,0.396031,0.504736,0.71645,0.487822,0.449726,515,175,0.0814643,1,1,1
h2,90,22,3,175,4.81768,0,1247,9863,-0.197655,0.032733,0.212733,-0.350325,0.561409,1.05,1.07633,0.619756,0.527627,0.631935,0.636951,0.685665,0.651419,515,175,0.0724239,1,1,1
h2,91,22,3,1,3.12806,0,9863,1514,0.212733,-0.350325,-0.191777,0.0333281,0.557552,1.05,1.05498,0.633288,0.51714,0.634641,0.662815,0.696023,0.659768,515,175,0.0818576,-1,1,1
h2,92,22,3,306,2.07344,0,880,11047,-0.213438,-0.344109,0.314079,0.0628309,0.666308,1.05,1.05681,0.703654,0.517704,0.703654,0.7911,0.66957,0.632678,515,175,0.0927917,-1,1,1
h2,93,22,3,190,1.09625,1,2436,10071,-0.175793,0.0333147,0.216829,-0.349864,0.548632,1.05,0.986908,0.566982,0.479364,0.579161,0.641752,0.672626,0.634405,515,175,0.0844663,-1,1,1
h2,94,22,3,153,3.78292,0,871,10706,-0.213402,-0.343822,0.24013,0.0432549,0.596333,1.05,1.03509,0.705007,0.540708,0.705007,0.720209,0.686302,0.647748,515,175,0.074713,1,1,1
h2,95,22,3,110,5.37519,0,871,11046,-0.213402,-0.343822,0.318809,0.0655098,0.671485,1.05,1.03187,0.698241,0.543415,0.698241,0.754223,0.678281,0.642719,515,175,0.070027,1,1,1
h2,48,22,4,171,5.20429,1,10995,880,0.295924,0.050889,-0.213438,-0.344109,0.644643,1.05,1.05867,0.508796,0.423658,0.534506,0.738084,0.458764,0.423643,634,173,0.0730225,-1,1,1
h2,49,22,4,336,1.26204,1,11046,871,0.318809,0.0655098,-0.213402,-0.343822,0.671485,1.05,1.02299,0.67253,0.478687,0.67253,0.819017,0.475932,0.441201,634,173,0.0726439,1,1,1
h2,50,22,4,210,6.11244,1,165,10069,-0.23231,0.0249414,0.264057,0.00107193,0.496996,1.05,1.0613,0.554804,0.446662,0.562923,0.654532,0.517624,0.484877,634,173,0.0816653,1,1,1
h2,51,22,4,340,3.07445,0,11020,880,0.300629,0.0538969,-0.213438,-0.344109,0.650204,1.05,1.05676,0.637348,0.514772,0.645467,0.713463,0.681299,0.647044,634,173,0.0700024,1,1,1
h2,52,22,4,272,5.38211,1,1514,9191,-0.191777,0.0333281,0.203951,-0.349146,0.550395,1.05,1.01316,0.7023,0.522779,0.7023,0.691777,0.687194,0.650442,634,173,0.120888,1,1,1
h2,53,22,4,209,3.62024,1,11020,342,0.300629,0.0538969,-0.216388,-0.0210953,0.522508,1.05,1.11627,0.916103,0.672756,0.920162,0.608956,0.712993,0.670795,634,173,0.103431,-1,1,1
h2,54,22,4,68,1.89952,0,10937,637,0.286709,0.0450735,-0.226719,-0.343196,0.64375,1.05,1.0349,0.669824,0.534957,0.669824,0.743889,0.670835,0.634411,634,173,0.0720109,-1,1,1
h2,55,22,4,326,6.11005,1,880,10937,-0.213438,-0.344109,0.286709,0.0450735,0.6338,1.05,1.03157,0.675237,0.516915,0.67659,0.751206,0.685108,0.650459,634,173,0.0718331,1,1,1
h2,56,22,4,342,3.55721,0,10995,758,0.295924,0.050889,-0.21784,-0.343538,0.647782,1.05,1.07821,0.675237,0.531349,0.684709,0.739816,0.674233,0.638603,634,173,0.0783068,1,1,1
h2,57,22,4,50,5.47639,1,10805,147,0.265274,0.0333366,-0.220655,-0.0134125,0.488173,1.05,1.06955,0.741543,0.554917,0.741543,0.61622,0.670377,0.635411,634,173,0.0819602,-1,1,1
h2,58,22,4,16,0.53609,0,814,10236,-0.208155,0.0282202,0.208456,-0.328042,0.5484,1.05,1.05039,0.64682,0.501579,0.64682,0.641573,0.658882,0.621106,634,173,0.0726745,-1,1,1
h2,59,22,4,191,1.485,0,1049,10071,-0.197096,0.0198631,0.216829,-0.349864,0.555059,1.05,1.0738,0.400541,0.330853,0.400541,0.677601,0.333331,0.297835,634,173,0.0790212,-1,1,1
h2,60,22,4,253,3.55277,0,11044,342,0.309134,0.0598116,-0.216388,-0.0210953,0.531792,1.05,1.07574,0.986468,0.705007,0.986468,0.643665,0.701489,0.658425,634,173,0.0801114,1,1,1
h2,61,22,4,126,2.93015,0,2436,10062,-0.175793,0.0333147,0.258247,0.00213528,0.435602,1.05,0.986331,0.522327,0.463239,0.522327,0.551013,0.690515,0.653834,634,173,0.09299,1,1,1
h2,62,22,4,14,1.62128,1,11047,871,0.314079,0.0628309,-0.213402,-0.343822,0.666103,1.05,1.01612,0.714479,0.542174,0.714479,0.795975,0.680848,0.644354,634,173,0.0755846,1,1,1
h2,63,22,4,71,1.41779,0,370,9571,-0.22367,0.0273418,0.208669,-0.348702,0.573012,1.05,1.00707,0.644114,0.519847,0.644114,0.674607,0.686476,0.651345,634,173,0.0758792,-1,1,1
h2,64,22,4,262,0.836146,1,10776,758,0.244051,0.0272169,-0.21784,-0.343538,0.592601,1.05,1.07378,0.67659,0.518042,0.67659,0.684283,0.691885,0.655419,634,173,0.0720123,-1,1,1
h2,65,22,4,175,4.60988,1,9863,2321,0.212733,-0.350325,-0.173863,0.0274353,0.540536,1.05,1.01648,0.619756,0.516802,0.619756,0.634176,0.693218,0.657048,634,173,0.0736933,-1,1,1
h2,66,22,4,49,1.10264,1,225,8957,-0.222836,0.00569916,0.199336,-0.348453,0.551048,1.05,1.10287,0.622463,0.505526,0.633288,0.627233,0.687595,0.64705,634,173,0.0831401,1,1,1
h2,67,22,4,114,3.98928,1,352,10088,-0.211924,-0.0231018,0.21704,-0.349799,0.539206,1.05,1.01492,0.688769,0.528755,0.688769,0.660731,0.666286,0.625237,634,173,0.076687,-1,1,1
h2,68,22,4,99,3.69686,1,258,9863,-0.227717,0.0253763,0.212733,-0.350325,0.578921,1.05,1.04906,0.623816,0.487596,0.623816,0.661771,0.673769,0.639063,634,173,0.0727678,1,1,1
h2,69,22,4,99,3.79775,1,2593,9877,-0.170029,0.0301771,0.212786,-0.349945,0.539486,1.05,1.04939,0.654939,0.508796,0.654939,0.660612,0.69066,0.655479,634,173,0.0698853,1,1,1
h2,70,22,4,199,3.49253,1,2116,10062,-0.180577,0.0329027,0.258247,0.00213528,0.440407,1.05,1.02925,0.941813,0.666779,0.941813,0.547416,0.719261,0.681849,634,173,0.0748699,1,1,1
h2,71,22,4,313,5.65084,0,11047,160,0.314079,0.0628309,-0.239383,-0.0039978,0.557549,1.05,1.0298,1.00677,0.724853,1.00677,0.672756,0.714898,0.672282,634,173,0.0718317,-1,1,1
h2,72,22,4,55,5.8825,1,871,10964,-0.213402,-0.343822,0.291183,0.047905,0.638863,1.05,1.01647,0.660352,0.520298,0.660352,0.745765,0.683817,0.64929,634,173,0.0690876,1,1,1
h2,73,22,4,330,4.46083,1,258,9863,-0.227717,0.0253763,0.212733,-0.350325,0.578921,1.05,1.03097,0.67659,0.513194,0.67659,0.7293,0.686111,0.651509,634,173,0.0730465,-1,1,1
h2,74,22,4,305,2.45197,0,11047,758,0.314079,0.0628309,-0.21784,-0.343538,0.669455,1.05,1.05891,0.707713,0.531123,0.707713,0.756162,0.687722,0.654557,634,173,0.0694864,-1,1,1
h2,75,22,4,161,5.61927,0,10223,478,0.221288,-0.349851,-0.218651,0.026967,0.579294,1.05,1.02659,0.619756,0.47553,0.626522,0.658015,0.669254,0.636065,634,173,0.080438,1,1,1
h2,76,22,4,106,0.681092,1,624,11038,-0.226661,-0.343457,0.330997,0.0715008,0.695109,1.05,1.08317,0.61705,0.468764,0.61705,0.815986,0.639845,0.605904,634,173,0.0774968,1,1,1
h2,77,22,4,194,2.60132,1,11020,1059,0.300629,0.0538969,-0.208993,-0.344123,0.646707,1.05,1.03683,0.602165,0.489851,0.625169,0.747904,0.66873,0.63491,634,173,0.0857375,1,1,1
h2,78,22,4,276,0.551024,0,11046,654,0.318809,0.0655098,-0.227055,-0.343667,0.682201,1.05,1.01816,0.68065,0.521651,0.68065,0.803931,0.674805,0.636303,634,173,0.0769266,-1,1,1
h2,79,22,4,103,4.8439,1,615,9802,-0.213581,0.029047,0.252936,-0.0118427,0.468354,1.05,1.03513,0.807848,0.634641,0.807848,0.549133,0.711994,0.672272,634,173,0.0762523,1,1,1
h2,80,22,4,79,6.14576,1,11038,1043,0.330997,0.0715008,-0.209272,-0.342851,0.68088,1.05,1.01815,0.690122,0.532025,0.690122,0.765766,0.660597,0.627102,634,173,0.0711685,-1,1,1
h2,81,22,4,139,0.125728,1,11044,669,0.309134,0.0598116,-0.225865,-0.327485,0.660505,1.05,1.05721,0.512855,0.410014,0.512855,0.78492,0.46477,0.430088,634,173,0.0751388,1,1,1
h2,82,22,4,243,2.50929,1,2348,10142,-0.174064,0.0278845,0.205188,-0.333364,0.523795,1.05,1.03443,0.622463,0.470343,0.622463,0.629397,0.66055,0.629133,634,173,0.0796055,-1,1,1
h2,83,22,4,202,2.92495,0,11044,743,0.309134,0.0598116,-0.21785,-0.3439,0.663919,1.05,1.02257,0.645467,0.508232,0.645467,0.757994,0.671608,0.636013,634,173,0.0707785,1,1,1
h2,84,22,4,217,2.01637,1,11029,871,0.318832,0.0562401,-0.213402,-0.343822,0.665825,1.05,1.02864,0.7023,0.531574,0.7023,0.761584,0.677913,0.642349,634,173,0.0708378,1,1,1
h2,85,22,4,318,3.99906,0,11047,342,0.314079,0.0628309,-0.216388,-0.0210953,0.537144,1.05,1.07633,0.534506,0.435611,0.534506,0.62299,0.537125,0.497925,634,173,0.077865,-1,1,1
h2,86,22,4,204,2.24978,1,9877,2321,0.212786,-0.349945,-0.173863,0.0274353,0.540308,1.05,1.06642,0.669824,0.531236,0.669824,0.6545,0.687852,0.652146,634,173,0.0748498,-1,1,1
h2,87,22,4,327,5.76787,1,814,10071,-0.208155,0.0282202,0.216829,-0.349864,0.568842,1.05,1.06544,0.626522,0.501804,0.638701,0.642413,0.691319,0.655876,634,173,0.0746114,1,1,1
h2,88,22,4,202,1.03223,1,11046,743,0.318809,0.0655098,-0.21785,-0.3439,0.675065,1.05,1.06894,0.500677,0.402797,0.508796,0.796581,0.429065,0.39444,634,173,0.0862579,1,1,1
h2,89,22,4,171,3.37568,1,10220,326,0.259429,0.0142794,-0.206305,-0.0249281,0.467421,1.05,1.06656,0.477673,0.398173,0.477673,0.58793,0.487825,0.451505,634,173,0.0831883,-1,1,1
h2,90,22,4,175,4.81768,0,9863,33,0.212733,-0.350325,-0.240843,0.0228786,0.587536,1.05,1.05052,0.635995,0.522553,0.635995,0.660624,0.680121,0.645875,634,173,0.0686641,-1,1,1
h2,91,22,4,1,3.12806,0,1514,9802,-0.191777,0.0333281,0.252936,-0.0118427,0.447062,1.05,1.0041,0.874154,0.664863,0.874154,0.540707,0.721503,0.682277,634,173,0.100256,1,1,1
h2,92,22,4,306,2.07344,0,11047,72,0.314079,0.0628309,-0.232005,-0.00155163,0.549872,1.05,1.06181,0.868742,0.648963,0.868742,0.650455,0.686391,0.645586,634,173,0.0810879,1,1,1
h2,93,22,4,190,1.09625,1,10071,93,0.216829,-0.349864,-0.236704,0.0241671,0.587897,1.05,1.03451,0.641407,0.496392,0.641407,0.691263,0.670781,0.632561,634,173,0.0734838,1,1,1
h2,94,22,4,153,3.78292,0,10706,743,0.24013,0.0432549,-0.21785,-0.3439,0.599776,1.05,1.02557,0.652233,0.514772,0.652233,0.708174,0.692166,0.653611,634,173,0.077363,-1,1,1
h2,95,22,4,110,5.37519,0,11046,740,0.318809,0.0655098,-0.217771,-0.342923,0.67441,1.05,1.05368,0.615697,0.4788,0.615697,0.76437,0.651243,0.618276,634,173,0.100912,-1,1,1
h2,96,22,1,111,3.1836,0,2251,10302,-0.175165,0.120296,0.222262,-0.350074,0.616161,1.05,1.07403,0.7023,0.503947,0.7023,0.729012,0.567913,0.530676,324,146,0.0877787,-1,1,1
h2,97,22,1,271,3.65461,0,9670,342,0.225631,0.109913,-0.216388,-0.0210953,0.461099,1.05,1.14655,0.792963,0.597655,0.792963,0.616373,0.635155,0.592358,324,146,0.0874802,-1,1,1
h2,98,22,1,54,5.31577,1,9937,758,0.184689,0.220645,-0.21784,-0.343538,0.693129,1.05,1.0486,0.721245,0.539129,0.721245,0.815722,0.558898,0.521576,324,146,0.0736822,1,1,1
h2,99,22,1,212,5.34942,1,1917,10789,-0.187099,-0.0436707,0.248311,0.028616,0.441542,1.05,1.11089,0.692828,0.526162,0.692828,0.631544,0.572539,0.5326,324,146,0.0861757,1,1,1
h2,100,22,1,234,2.85627,1,5227,11020,-0.0580845,-0.366008,0.300629,0.0538969,0.552264,1.05,1.09805,0.840325,0.618629,0.840325,0.698531,0.7366,0.707234,324,146,0.0732565,-1,1,1
h2,101,22,1,108,0.465168,0,7225,72,0.122705,0.105374,-0.232005,-0.00155163,0.37048,1.05,0.903796,0.657645,0.508908,0.657645,0.53381,0.592431,0.55073,324,146,0.0785333,1,1,1
h2,102,22,1,69,3.38185,0,6992,2116,0.138102,-0.359086,-0.180577,0.0329027,0.50547,1.05,1.00141,0.690122,0.534619,0.690122,0.651923,0.707223,0.673649,324,146,0.0784488,-1,1,1
h2,103,22,1,134,3.07145,0,6418,2436,0.0826397,-0.349269,-0.175793,0.0333147,0.461732,1.05,1.06807,0.714479,0.563938,0.714479,0.619397,0.71603,0.683765,324,146,0.085598,-1,1,1
h2,104,22,1,102,1.98342,0,7422,660,0.136694,0.161129,-0.222329,-0.343306,0.619168,1.05,1.09936,0.699594,0.491655,0.699594,0.781625,0.538633,0.503235,324,146,0.0783565,-1,1,1
h2,105,22,1,313,3.26865,1,5217,11020,-0.0563745,-0.300682,0.300629,0.0538969,0.503168,1.05,1.02856,0.763193,0.580063,0.763193,0.67426,0.709778,0.679929,324,146,0.0784752,1,1,1
h2,106,22,1,141,1.34135,0,5312,11039,-0.0400248,-0.108728,0.304684,0.0569029,0.382556,1.05,1.15478,0.50203,0.423658,0.50203,0.556623,0.552851,0.519497,324,146,0.0789119,1,1,1
h2,107,22,1,50,0.174042,0,1982,10805,-0.184569,-0.0581045,0.265274,0.0333366,0.459043,1.05,1.05993,0.67253,0.50203,0.67253,0.660944,0.55766,0.518527,324,146,0.0802436,-1,1,1
h2,108,22,1,158,3.31924,0,4264,10789,-0.121141,0.0306597,0.248311,0.028616,0.37099,1.05,0.967897,0.588633,0.488047,0.598106,0.497485,0.584472,0.544248,324,146,0.0891041,1,1,1
h2,109,22,1,37,2.77605,0,1927,10789,-0.178257,-0.0641994,0.248311,0.028616,0.4369,1.05,1.08721,0.625169,0.496617,0.625169,0.626749,0.563754,0.525996,324,146,0.0825514,1,1,1
h2,110,22,1,185,1.04771,1,4601,10071,-0.099906,0.141463,0.216829,-0.349864,0.584575,1.05,1.03303,0.690122,0.511953,0.696888,0.729125,0.54443,0.505723,324,146,0.0831042,-1,1,1
h2,111,22,1,242,0.640071,0,8888,72,0.192494,0.110998,-0.232005,-0.00155163,0.439249,1.05,1.00663,0.833559,0.606901,0.833559,0.628485,0.62423,0.581047,324,146,0.0909763,1,1,1
h2,112,22,1,0,4.02045,0,8010,72,0.153584,0.104417,-0.232005,-0.00155163,0.399886,1.05,1.07669,0.631935,0.481732,0.631935,0.584982,0.56823,0.526047,324,146,0.0954194,1,1,1
h2,113,22,1,78,5.94057,0,324,10724,-0.228332,0.052722,0.243099,0.0187893,0.473178,1.05,0.99988,0.748309,0.564051,0.748309,0.594131,0.631783,0.591667,324,146,0.0937988,-1,1,1
h2,114,22,1,234,5.31038,1,5227,11020,-0.0580845,-0.366008,0.300629,0.0538969,0.552264,1.05,1.05627,0.810555,0.600135,0.810555,0.71782,0.73458,0.705498,324,146,0.075232,1,1,1
h2,115,22,1,43,0.588705,0,5356,11020,-0.0342989,-0.00730515,0.300629,0.0538969,0.340549,1.05,1.07622,0.479026,0.427267,0.484438,0.527892,0.470833,0.436027,324,146,0.0748906,-1,1,1
h2,116,22,1,137,5.73601,0,3987,10302,-0.134697,0.139627,0.222262,-0.350074,0.606148,1.05,1.08635,0.68065,0.500451,0.686062,0.749378,0.556081,0.51991,324,146,0.0892205,-1,1,1
h2,117,22,1,322,1.59385,0,5527,11039,-0.0116978,-0.0559702,0.304684,0.0569029,0.335921,1.05,1.10462,0.510149,0.43843,0.510149,0.591876,0.539569,0.505804,324,146,0.0736368,1,1,1
h2,118,22,1,283,4.26767,0,8530,72,0.157598,0.122102,-0.232005,-0.00155163,0.408844,1.05,1.02668,0.73207,0.544993,0.73207,0.577323,0.614793,0.57213,324,146,0.0886136,-1,1,1
h2,119,22,1,222,3.41194,0,3934,11020,-0.155909,-0.294859,0.300629,0.0538969,0.574541,1.05,1.01615,0.690122,0.547136,0.695535,0.717704,0.663169,0.629686,324,146,0.0717339,1,1,1
h2,120,22,1,240,3.79786,0,9047,315,0.186798,0.0487518,-0.218787,0.00849438,0.407579,1.05,1.01869,0.634641,0.486694,0.634641,0.5889,0.609074,0.566352,324,146,0.0891604,1,1,1
h2,121,22,1,298,5.44294,1,5919,2116,0.0260944,-0.320117,-0.180577,0.0329027,0.409223,1.05,1.02929,0.699594,0.562359,0.699594,0.53522,0.753557,0.721121,324,146,0.0761596,1,1,1
h2,122,22,1,97,5.81087,1,1810,10776,-0.182907,-0.0904207,0.244051,0.0272169,0.443253,1.05,1.07585,0.644114,0.489626,0.645467,0.640119,0.551541,0.51406,324,146,0.078287,-1,1,1
h2,123,22,1,344,2.74058,0,4127,10937,-0.144904,-0.175803,0.286709,0.0450735,0.484945,1.05,0.989664,0.608931,0.516464,0.610284,0.626691,0.532306,0.496185,324,146,0.0763109,1,1,1
h2,124,22,1,36,4.03187,0,4675,10724,-0.0945845,0.0406914,0.243099,0.0187893,0.338975,1.05,1.10328,0.641407,0.48286,0.641407,0.568376,0.5699,0.531215,324,146,0.0890488,1,1,1
h2,125,22,1,275,5.9465,1,2269,10302,-0.161866,0.114242,0.222262,-0.350074,0.60263,1.05,1.06567,0.705007,0.507555,0.705007,0.77852,0.562904,0.526669,324,146,0.0976744,1,1,1
h2,126,22,1,19,6.06478,0,4470,10223,-0.108103,0.185098,0.221288,-0.349851,0.628288,1.05,1.02157,0.703654,0.496504,0.703654,0.749545,0.518281,0.474285,324,146,0.0819303,1,1,1
h2,127,22,1,64,1.84278,1,3105,10302,-0.148306,0.157567,0.222262,-0.350074,0.628518,1.05,1.01802,0.664411,0.500451,0.664411,0.779675,0.547954,0.51115,324,146,0.0966116,1,1,1
h2,128,22,1,182,2.81432,0,3774,10907,-0.128541,-0.0013237,0.28235,0.0424652,0.413222,1.05,1.1577,0.683356,0.510262,0.683356,0.607533,0.576802,0.536213,324,146,0.0955915,-1,1,1
h2,129,22,1,218,0.405971,0,7771,72,0.148093,0.0963488,-0.232005,-0.00155163,0.392512,1.05,0.969507,0.694181,0.525372,0.694181,0.53782,0.597783,0.554671,324,146,0.0822711,1,1,1
h2,130,22,1,279,0.431407,0,3422,10907,-0.154963,-0.0212059,0.28235,0.0424652,0.441924,1.05,0.972149,0.644114,0.506428,0.644114,0.614783,0.577611,0.538303,324,146,0.116199,1,1,1
h2,131,22,1,264,2.07281,0,9884,2321,0.197987,-0.139361,-0.173863,0.0274353,0.407568,1.05,1.07402,0.607578,0.515336,0.607578,0.550516,0.576857,0.537815,324,146,0.0750605,1,1,1
h2,132,22,1,305,1.9595,1,4299,10805,-0.120587,0.0134878,0.265274,0.0333366,0.387075,1.05,0.925967,0.604871,0.48207,0.604871,0.568359,0.58445,0.544589,324,146,0.0957045,-1,1,1
h2,133,22,1,95,2.43356,0,3656,10220,-0.145282,0.0743456,0.259429,0.0142794,0.410326,1.05,1.05721,0.711773,0.530221,0.711773,0.633779,0.582914,0.543406,324,146,0.085439,-1,1,1
h2,134,22,1,204,2.45553,0,1163,10319,-0.195196,0.131066,0.219303,-0.350582,0.635449,1.05,1.03348,0.684709,0.5,0.684709,0.746079,0.574337,0.538423,324,146,0.10302,1,1,1
h2,135,22,1,259,2.00984,1,2752,10907,-0.165354,-0.0706034,0.28235,0.0424652,0.461761,1.05,1.05036,0.692828,0.509472,0.692828,0.665034,0.560072,0.520852,324,146,0.0793616,1,1,1
h2,136,22,1,222,4.83674,0,3934,11020,-0.155909,-0.294859,0.300629,0.0538969,0.574541,1.05,1.04029,0.669824,0.523681,0.669824,0.669688,0.668802,0.635175,324,146,0.0712306,-1,1,1
h2,137,22,1,20,1.54481,0,9641,2722,0.193765,-0.168233,-0.167755,0.0322943,0.41341,1.05,1.02982,0.568336,0.471132,0.577808,0.547305,0.571813,0.534154,324,146,0.0762064,-1,1,1
h2,138,22,1,105,3.02379,0,6653,2436,0.0999775,-0.292062,-0.175793,0.0333147,0.426583,1.05,1.02665,0.642761,0.518155,0.642761,0.587254,0.666813,0.633724,324,146,0.0771624,1,1,1
h2,139,22,1,302,0.918973,1,7722,758,0.143792,0.156014,-0.21784,-0.343538,0.616787,1.05,1.04587,0.70636,0.527853,0.70636,0.770327,0.551454,0.518369,324,146,0.0769593,-1,1,1
h2,140,22,1,86,1.1664,0,3744,10724,-0.15004,0.0627108,0.243099,0.0187893,0.396926,1.05,1.04796,0.718539,0.536198,0.718539,0.602816,0.594173,0.553452,324,146,0.0861674,-1,1,1
h2,141,22,1,263,2.59324,0,10637,648,0.241846,0.109037,-0.222504,-0.343659,0.64858,1.05,1.04205,0.741543,0.534393,0.741543,0.788769,0.611702,0.573225,324,146,0.0863185,1,1,1
h2,142,22,1,327,5.42315,1,9518,2321,0.189351,-0.139176,-0.173863,0.0274353,0.399622,1.05,1.04408,0.584574,0.48207,0.584574,0.546801,0.579004,0.539751,324,146,0.0756316,-1,1,1
h2,143,22,1,308,2.56633,1,3394,10805,-0.13298,-0.0261335,0.265274,0.0333366,0.40267,1.05,1.06752,0.641407,0.48613,0.641407,0.575045,0.556279,0.517551,324,146,0.0823048,1,1,1
h2,96,22,2,111,3.1836,0,10302,2116,0.222262,-0.350074,-0.180577,0.0329027,0.555989,1.05,1.02945,0.615697,0.528981,0.61705,0.653419,0.689957,0.65272,497,173,0.0755075,1,1,1
h2,97,22,2,271,3.65461,0,342,9863,-0.216388,-0.0210953,0.212733,-0.350325,0.540867,1.05,1.08913,0.711773,0.545219,0.711773,0.653251,0.703021,0.660224,497,173,0.0825335,1,1,1
h2,98,22,2,54,5.31577,1,758,10995,-0.21784,-0.343538,0.295924,0.050889,0.647782,1.05,1.03694,0.663058,0.536536,0.663058,0.727184,0.67971,0.642388,497,173,0.0708831,-1,1,1
h2,99,22,2,212,5.34942,1,10789,1059,0.248311,0.028616,-0.208993,-0.344123,0.59024,1.05,1.02322,0.658999,0.525936,0.658999,0.671224,0.688687,0.648748,497,173,0.0769601,-1,1,1
h2,100,22,2,234,2.85627,1,11020,1059,0.300629,0.0538969,-0.208993,-0.344123,0.646707,1.05,1.06453,0.673884,0.523568,0.682003,0.730841,0.696082,0.659638,497,173,0.0714788,1,1,1
h2,101,22,2,108,0.465168,0,72,10071,-0.232005,-0.00155163,0.216829,-0.349864,0.5682,1.05,1.0259,0.703654,0.536085,0.703654,0.706868,0.690982,0.64928,497,173,0.0810455,-1,1,1
h2,102,22,2,69,3.38185,0,2116,9863,-0.180577,0.0329027,0.212733,-0.350325,0.54919,1.05,1.02462,0.633288,0.519508,0.633288,0.646226,0.696323,0.660582,497,173,0.0689726,1,1,1
h2,103,22,2,134,3.07145,0,2436,9863,-0.175793,0.0333147,0.212733,-0.350325,0.546046,1.05,1.06785,0.648173,0.526613,0.648173,0.640725,0.690141,0.65379,497,173,0.0763533,1,1,1
h2,104,22,2,102,1.98342,0,660,10995,-0.222329,-0.343306,0.295924,0.050889,0.651212,1.05,1.0067,0.691475,0.529883,0.691475,0.777718,0.68176,0.646362,497,173,0.081824,1,1,1
h2,105,22,2,313,3.26865,1,11020,1059,0.300629,0.0538969,-0.208993,-0.344123,0.646707,1.05,1.05576,0.707713,0.542061,0.707713,0.760082,0.687581,0.649906,497,173,0.074303,-1,1,1
h2,106,22,2,141,1.34135,0,11039,871,0.304684,0.0569029,-0.213402,-0.343822,0.655045,1.05,1.08804,0.696888,0.527064,0.696888,0.759532,0.679713,0.644442,497,173,0.0702583,-1,1,1
h2,107,22,2,50,0.174042,0,10805,871,0.265274,0.0333366,-0.213402,-0.343822,0.609478,1.05,1.04971,0.548038,0.420388,0.548038,0.768482,0.476007,0.436873,497,173,0.082193,1,1,1
h2,108,22,2,158,3.31924,0,10789,871,0.248311,0.028616,-0.213402,-0.343822,0.593466,1.05,1.03728,0.668471,0.524808,0.668471,0.680966,0.687933,0.647709,497,173,0.080905,-1,1,1
h2,109,22,2,37,2.77605,0,10789,871,0.248311,0.028616,-0.213402,-0.343822,0.593466,1.05,1.04111,0.598106,0.482183,0.606225,0.709758,0.662268,0.62451,497,173,0.0826458,-1,1,1
h2,110,22,2,185,1.04771,1,10071,2116,0.216829,-0.349864,-0.180577,0.0329027,0.551793,1.05,1.04002,0.627876,0.526613,0.630582,0.647689,0.688572,0.653155,497,173,0.0802738,1,1,1
h2,111,22,2,242,0.640071,0,72,9877,-0.232005,-0.00155163,0.212786,-0.349945,0.565039,1.05,1.02582,0.635995,0.521651,0.642761,0.674585,0.697979,0.654796,497,173,0.073141,-1,1,1
h2,112,22,2,0,4.02045,0,72,10223,-0.232005,-0.00155163,0.221288,-0.349851,0.571688,1.05,1.04384,0.466847,0.374267,0.466847,0.706742,0.467833,0.42565,497,173,0.0752868,-1,1,1
h2,113,22,2,78,5.94057,0,10724,1280,0.243099,0.0187893,-0.204327,-0.343328,0.57583,1.05,1.03933,0.721245,0.535859,0.721245,0.707844,0.703218,0.663102,497,173,0.0755447,1,1,1
h2,114,22,2,234,5.31038,1,11020,1059,0.300629,0.0538969,-0.208993,-0.344123,0.646707,1.05,1.06464,0.631935,0.495377,0.631935,0.724622,0.694708,0.657439,497,173,0.0704933,-1,1,1
h2,115,22,2,43,0.588705,0,11020,871,0.300629,0.0538969,-0.213402,-0.343822,0.649999,1.05,1.08542,0.713126,0.542738,0.713126,0.770718,0.67887,0.6417,497,173,0.0694512,1,1,1
h2,116,22,2,137,5.73601,0,10302,2116,0.222262,-0.350074,-0.180577,0.0329027,0.555989,1.05,1.03212,0.618403,0.532025,0.622463,0.648313,0.687961,0.651419,497,173,0.085739,1,1,1
h2,117,22,2,322,1.59385,0,11039,871,0.304684,0.0569029,-0.213402,-0.343822,0.655045,1.05,1.07021,0.707713,0.534055,0.707713,0.784733,0.682024,0.645654,497,173,0.0761052,-1,1,1
h2,118,22,2,283,4.26767,0,72,10071,-0.232005,-0.00155163,0.216829,-0.349864,0.5682,1.05,1.04682,0.691475,0.528642,0.691475,0.705743,0.692105,0.649442,497,173,0.0821686,1,1,1
h2,119,22,2,222,3.41194,0,11020,871,0.300629,0.0538969,-0.213402,-0.343822,0.649999,1.05,1.0231,0.691475,0.526274,0.691475,0.758279,0.682317,0.645815,497,173,0.0696494,-1,1,1
h2,120,22,2,240,3.79786,0,315,10071,-0.218787,0.00849438,0.216829,-0.349864,0.56408,1.05,1.04517,0.671177,0.523793,0.671177,0.692673,0.686087,0.643364,497,173,0.0775922,-1,1,1
h2,121,22,2,298,5.44294,1,2116,10071,-0.180577,0.0329027,0.216829,-0.349864,0.551793,1.05,1.05512,0.657645,0.506991,0.657645,0.669522,0.689341,0.653503,497,173,0.0755819,-1,1,1
h2,122,22,2,97,5.81087,1,10776,1059,0.244051,0.0272169,-0.208993,-0.344123,0.586102,1.05,1.03126,0.630582,0.507668,0.630582,0.691649,0.681791,0.64431,497,173,0.0751046,1,1,1
h2,123,22,2,344,2.74058,0,10937,1059,0.286709,0.0450735,-0.208993,-0.344123,0.630309,1.05,1.00819,0.682003,0.524583,0.682003,0.736158,0.680264,0.642179,497,173,0.0709492,-1,1,1
h2,124,22,2,36,4.03187,0,10724,1059,0.243099,0.0187893,-0.208993,-0.344123,0.579975,1.05,1.04544,0.73613,0.542174,0.73613,0.715945,0.693655,0.65497,497,173,0.0720249,-1,1,1
h2,125,22,2,275,5.9465,1,10302,2436,0.222262,-0.350074,-0.175793,0.0333147,0.552786,1.05,1.02674,0.637348,0.517028,0.637348,0.676872,0.692737,0.656502,497,173,0.0770127,-1,1,1
h2,126,22,2,19,6.06478,0,10223,2656,0.221288,-0.349851,-0.170943,0.0327158,0.547926,1.05,1.03742,0.62111,0.50857,0.62111,0.647271,0.690813,0.653972,497,173,0.0818587,-1,1,1
h2,127,22,2,64,1.84278,1,10302,2436,0.222262,-0.350074,-0.175793,0.0333147,0.552786,1.05,1.05182,0.631935,0.49143,0.631935,0.665593,0.675925,0.639121,497,173,0.0685407,-1,1,1
h2,128,22,2,182,2.81432,0,10907,880,0.28235,0.0424652,-0.213438,-0.344109,0.628758,1.05,1.06301,0.679296,0.534732,0.679296,0.746751,0.685652,0.645063,497,173,0.0767485,1,1,1
h2,129,22,2,218,0.405971,0,72,9863,-0.232005,-0.00155163,0.212733,-0.350325,0.565232,1.05,1.02764,0.68065,0.532251,0.68065,0.68502,0.69268,0.649567,497,173,0.0796153,-1,1,1
h2,130,22,2,279,0.431407,0,10907,880,0.28235,0.0424652,-0.213438,-0.344109,0.628758,1.05,0.998177,0.612991,0.482521,0.612991,0.737648,0.649693,0.610385,497,173,0.184845,-1,1,1
h2,131,22,2,264,2.07281,0,2321,9863,-0.173863,0.0274353,0.212733,-0.350325,0.540536,1.05,1.00546,0.640054,0.510036,0.640054,0.662953,0.692013,0.652971,497,173,0.0757146,-1,1,1
h2,132,22,2,305,1.9595,1,10805,880,0.265274,0.0333366,-0.213438,-0.344109,0.609686,1.05,1.01945,0.602165,0.479815,0.602165,0.716147,0.638076,0.598215,497,173,0.117982,1,1,1
h2,133,22,2,95,2.43356,0,10220,1059,0.259429,0.0142794,-0.208993,-0.344123,0.590021,1.05,1.03706,0.719892,0.555368,0.719892,0.720637,0.695737,0.656228,497,173,0.0716294,1,1,1
h2,134,22,2,204,2.45553,0,10319,1247,0.219303,-0.350582,-0.197655,0.032733,0.566579,1.05,1.00907,0.635995,0.522328,0.635995,0.646547,0.684673,0.648759,497,173,0.0769679,-1,1,1
h2,135,22,2,259,2.00984,1,10907,1059,0.28235,0.0424652,-0.208993,-0.344123,0.62527,1.05,1.01856,0.612991,0.493572,0.612991,0.733462,0.657304,0.618084,497,173,0.0844196,-1,1,1
h2,136,22,2,222,4.83674,0,11020,871,0.300629,0.0538969,-0.213402,-0.343822,0.649999,1.05,1.07486,0.705007,0.546346,0.705007,0.763535,0.682,0.645557,497,173,0.073773,1,1,1
h2,137,22,2,20,1.54481,0,2722,9863,-0.167755,0.0322943,0.212733,-0.350325,0.5396,1.05,1.06168,0.644114,0.513532,0.644114,0.652933,0.691973,0.654314,497,173,0.072154,1,1,1
h2,138,22,2,105,3.02379,0,2436,9863,-0.175793,0.0333147,0.212733,-0.350325,0.546046,1.05,1.02663,0.627876,0.511953,0.637348,0.655724,0.695178,0.659606,497,173,0.0731023,-1,1,1
h2,139,22,2,302,0.918973,1,758,10995,-0.21784,-0.343538,0.295924,0.050889,0.647782,1.05,1.02463,0.705007,0.543527,0.711773,0.780231,0.681814,0.647671,497,173,0.0757039,1,1,1
h2,140,22,2,86,1.1664,0,10724,880,0.243099,0.0187893,-0.213438,-0.344109,0.583434,1.05,1.02792,0.726658,0.546121,0.726658,0.727007,0.695067,0.654346,497,173,0.0748925,1,1,1
h2,141,22,2,263,2.59324,0,648,10995,-0.222504,-0.343659,0.295924,0.050889,0.651564,1.05,1.02577,0.667118,0.531123,0.668471,0.759235,0.685421,0.648882,497,173,0.0709118,-1,1,1
h2,142,22,2,327,5.42315,1,2321,9556,-0.173863,0.0274353,0.208492,-0.350009,0.537289,1.05,1.07611,0.580514,0.490302,0.584574,0.629726,0.700068,0.660815,497,173,0.0736346,1,1,1
h2,143,22,2,308,2.56633,1,10805,1059,0.265274,0.0333366,-0.208993,-0.344123,0.606213,1.05,1.03002,0.667118,0.524583,0.667118,0.684843,0.682731,0.644002,497,173,0.0827449,-1,1,1
h2,96,22,3,111,3.1836,0,2116,9877,-0.180577,0.0329027,0.212786,-0.349945,0.548964,1.05,1.0349,0.607578,0.521313,0.614344,0.644217,0.691233,0.654367,509,173,0.0702721,-1,1,1
h2,97,22,3,271,3.65461,0,9863,1018,0.212733,-0.350325,-0.203047,0.0305595,0.563898,1.05,1.02136,0.677943,0.530559,0.677943,0.696708,0.695429,0.660621,509,173,0.0768239,-1,1,1
h2,98,22,3,54,5.31577,1,10995,646,0.295924,0.050889,-0.222405,-0.342761,0.650949,1.05,1.03347,0.709066,0.537212,0.709066,0.763534,0.678789,0.642838,509,173,0.0752921,1,1,1
h2,99,22,3,212,5.34942,1,1059,11047,-0.208993,-0.344123,0.314079,0.0628309,0.662806,1.05,1.03502,0.694181,0.531687,0.694181,0.739747,0.680426,0.645566,509,173,0.0710951,1,1,1
h2,100,22,3,234,2.85627,1,1059,11010,-0.208993,-0.344123,0.31205,0.0512228,0.654079,1.05,1.05652,0.73207,0.548376,0.73207,0.751847,0.680636,0.644047,509,173,0.0679505,-1,1,1
h2,101,22,3,108,0.465168,0,10071,1514,0.216829,-0.349864,-0.191777,0.0333281,0.560199,1.05,1.02909,0.691475,0.52774,0.691475,0.690311,0.695467,0.658247,509,173,0.0769999,1,1,1
h2,102,22,3,69,3.38185,0,9863,258,0.212733,-0.350325,-0.227717,0.0253763,0.578921,1.05,1.03985,0.629229,0.511728,0.637348,0.654238,0.686368,0.650627,509,173,0.0725546,-1,1,1
h2,103,22,3,134,3.07145,0,9863,1529,0.212733,-0.350325,-0.187603,0.0228758,0.547362,1.05,1.0427,0.635995,0.514772,0.641407,0.670877,0.690644,0.654292,509,173,0.070016,-1,1,1
h2,104,22,3,102,1.98342,0,10995,1059,0.295924,0.050889,-0.208993,-0.344123,0.641148,1.05,1.00434,0.703654,0.529319,0.703654,0.758568,0.686136,0.653067,509,173,0.0760137,-1,1,1
h2,105,22,3,313,3.26865,1,1059,11044,-0.208993,-0.344123,0.309134,0.0598116,0.657049,1.05,1.03343,0.699594,0.534732,0.699594,0.783929,0.686651,0.648976,509,173,0.0690984,1,1,1
h2,106,22,3,141,1.34135,0,871,11038,-0.213402,-0.343822,0.330997,0.0715008,0.684749,1.05,1.01755,0.710419,0.536423,0.710419,0.771083,0.673105,0.637833,509,173,0.0725059,1,1,1
h2,107,22,3,50,0.174042,0,871,10671,-0.213402,-0.343822,0.247573,0.0175762,0.585961,1.05,1.08421,0.483085,0.385318,0.483085,0.706264,0.459112,0.423563,509,173,0.0843103,-1,1,1
h2,108,22,3,158,3.31924,0,871,11044,-0.213402,-0.343822,0.309134,0.0598116,0.660343,1.05,1.02905,0.688769,0.534732,0.688769,0.763026,0.679973,0.64445,509,173,0.07066,1,1,1
h2,109,22,3,37,2.77605,0,871,10937,-0.213402,-0.343822,0.286709,0.0450735,0.633594,1.05,1.02017,0.623816,0.502594,0.633288,0.724369,0.67609,0.64062,509,173,0.144347,1,1,1
h2,110,22,3,185,1.04771,1,2116,9556,-0.180577,0.0329027,0.208492,-0.350009,0.54594,1.05,1.05958,0.610284,0.52447,0.611637,0.646033,0.683229,0.648039,509,173,0.0714272,-1,1,1
h2,111,22,3,242,0.640071,0,9877,2116,0.212786,-0.349945,-0.180577,0.0329027,0.548964,1.05,1.07775,0.627876,0.532138,0.634641,0.637123,0.689857,0.654782,509,173,0.0730571,1,1,1
h2,112,22,3,0,4.02045,0,10223,51,0.221288,-0.349851,-0.244993,0.00506496,0.586046,1.05,1.03399,0.493911,0.379003,0.493911,0.714626,0.456996,0.421846,509,173,0.109047,1,1,1
h2,113,22,3,78,5.94057,0,1280,10907,-0.204327,-0.343328,0.28235,0.0424652,0.621108,1.05,1.01963,0.695535,0.537212,0.695535,0.7651,0.697301,0.661498,509,173,0.0926686,-1,1,1
h2,114,22,3,234,5.31038,1,1059,11041,-0.208993,-0.344123,0.328109,0.0713987,0.679142,1.05,1.08363,0.577808,0.456247,0.577808,0.77072,0.66,0.622731,509,173,0.079177,1,1,1
h2,115,22,3,43,0.588705,0,871,11044,-0.213402,-0.343822,0.309134,0.0598116,0.660343,1.05,1.06051,0.683356,0.524696,0.684709,0.775172,0.678887,0.641718,509,173,0.0703696,-1,1,1
h2,116,22,3,137,5.73601,0,2116,9560,-0.180577,0.0329027,0.20837,-0.349643,0.545597,1.05,1.03532,0.648173,0.536085,0.648173,0.665729,0.689373,0.652765,509,173,0.0701561,-1,1,1
h2,117,22,3,322,1.59385,0,871,11046,-0.213402,-0.343822,0.318809,0.0655098,0.671485,1.05,1.01802,0.764547,0.563261,0.764547,0.80537,0.683121,0.646751,509,173,0.0852442,1,1,1
h2,118,22,3,283,4.26767,0,10071,2436,0.216829,-0.349864,-0.175793,0.0333147,0.548632,1.05,1.08838,0.658999,0.502819,0.658999,0.680765,0.693337,0.658395,509,173,0.0751941,-1,1,1
h2,119,22,3,222,3.41194,0,871,11041,-0.213402,-0.343822,0.328109,0.0713987,0.682448,1.05,1.02029,0.694181,0.524583,0.694181,0.779513,0.674837,0.638336,509,173,0.0729091,1,1,1
h2,120,22,3,240,3.79786,0,10071,2048,0.216829,-0.349864,-0.178713,0.0263195,0.545905,1.05,1.07078,0.633288,0.512066,0.633288,0.641774,0.692024,0.65733,509,173,0.0726801,1,1,1
h2,121,22,3,298,5.44294,1,10071,1819,0.216829,-0.349864,-0.186354,0.0327301,0.555847,1.05,1.04031,0.641407,0.505187,0.641407,0.656344,0.696211,0.660372,509,173,0.0761022,1,1,1
h2,122,22,3,97,5.81087,1,1059,10937,-0.208993,-0.344123,0.286709,0.0450735,0.630309,1.05,1.07277,0.68065,0.519959,0.68065,0.726825,0.680926,0.645339,509,173,0.0703184,-1,1,1
h2,123,22,3,344,2.74058,0,1059,10724,-0.208993,-0.344123,0.243099,0.0187893,0.579975,1.05,1.07236,0.67253,0.521764,0.67253,0.672901,0.689139,0.651055,509,173,0.074154,1,1,1
h2,124,22,3,36,4.03187,0,1059,10907,-0.208993,-0.344123,0.28235,0.0424652,0.62527,1.05,1.05228,0.660352,0.527064,0.668471,0.738185,0.68759,0.649811,509,173,0.0726595,1,1,1
h2,125,22,3,275,5.9465,1,2436,8610,-0.175793,0.0333147,0.194807,-0.348597,0.532208,1.05,1.04544,0.618403,0.502481,0.62111,0.644923,0.705118,0.668675,509,173,0.095936,1,1,1
h2,126,22,3,19,6.06478,0,2656,9863,-0.170943,0.0327158,0.212733,-0.350325,0.542164,1.05,1.01924,0.638701,0.498647,0.64682,0.654628,0.699024,0.662183,509,173,0.0707922,1,1,1
h2,127,22,3,64,1.84278,1,2436,10302,-0.175793,0.0333147,0.222262,-0.350074,0.552786,1.05,1.04181,0.625169,0.490415,0.625169,0.630891,0.675034,0.639562,509,173,0.0748132,1,1,1
h2,128,22,3,182,2.81432,0,880,11031,-0.213438,-0.344109,0.322236,0.0602169,0.67114,1.05,1.03984,0.734777,0.546234,0.734777,0.819731,0.676885,0.641482,509,173,0.112888,-1,1,1
h2,129,22,3,218,0.405971,0,9863,2116,0.212733,-0.350325,-0.180577,0.0329027,0.54919,1.05,1.04905,0.652233,0.516464,0.652233,0.660534,0.693019,0.657764,509,173,0.0736349,1,1,1
h2,130,22,3,279,0.431407,0,880,11039,-0.213438,-0.344109,0.304684,0.0569029,0.65525,1.05,1.07118,0.686062,0.53304,0.692828,0.757394,0.67753,0.642172,509,173,0.0738996,1,1,1
h2,131,22,3,264,2.07281,0,9863,9,0.212733,-0.350325,-0.249702,0.0252714,0.596018,1.05,1.03183,0.67659,0.507104,0.67659,0.703055,0.68224,0.645535,509,173,0.0758129,1,1,1
h2,132,22,3,305,1.9595,1,880,11031,-0.213438,-0.344109,0.322236,0.0602169,0.67114,1.05,1.03321,0.682003,0.524244,0.682003,0.779322,0.666294,0.631031,509,173,0.0849761,-1,1,1
h2,133,22,3,95,2.43356,0,1059,11039,-0.208993,-0.344123,0.304684,0.0569029,0.651752,1.05,1.04933,0.652233,0.541949,0.652233,0.722752,0.688868,0.650173,509,173,0.0703926,-1,1,1
h2,134,22,3,204,2.45553,0,1247,9863,-0.197655,0.032733,0.212733,-0.350325,0.561409,1.05,1.02068,0.645467,0.518832,0.645467,0.644134,0.695776,0.658624,509,173,0.0750808,1,1,1
h2,135,22,3,259,2.00984,1,1059,11041,-0.208993,-0.344123,0.328109,0.0713987,0.679142,1.05,1.05865,0.64682,0.498421,0.64682,0.790049,0.660708,0.623716,509,173,0.116405,1,1,1
h2,136,22,3,222,4.83674,0,871,11047,-0.213402,-0.343822,0.314079,0.0628309,0.666103,1.05,1.03188,0.700947,0.536085,0.700947,0.78994,0.684299,0.647856,509,173,0.0850739,-1,1,1
h2,137,22,3,20,1.54481,0,9863,258,0.212733,-0.350325,-0.227717,0.0253763,0.578921,1.05,1.03499,0.663058,0.515787,0.663058,0.716578,0.690212,0.654364,509,173,0.0763835,-1,1,1
h2,138,22,3,105,3.02379,0,9863,1797,0.212733,-0.350325,-0.183358,0.024807,0.545568,1.05,1.04795,0.631935,0.513983,0.645467,0.656708,0.693806,0.658234,509,173,0.0750362,1,1,1
h2,139,22,3,302,0.918973,1,10995,871,0.295924,0.050889,-0.213402,-0.343822,0.644438,1.05,1.01475,0.707713,0.536423,0.707713,0.781101,0.685014,0.649414,509,173,0.0828284,-1,1,1
h2,140,22,3,86,1.1664,0,880,10220,-0.213438,-0.344109,0.259429,0.0142794,0.593543,1.05,1.07574,0.675237,0.53834,0.675237,0.741278,0.684727,0.648018,509,173,0.0745173,-1,1,1
h2,141,22,3,263,2.59324,0,10995,880,0.295924,0.050889,-0.213438,-0.344109,0.644643,1.05,1.02273,0.661705,0.511953,0.661705,0.751961,0.687238,0.653304,509,173,0.0874131,1,1,1
h2,142,22,3,327,5.42315,1,9556,165,0.208492,-0.350009,-0.23231,0.0249414,0.578702,1.05,1.07132,0.644114,0.519057,0.649526,0.669319,0.686852,0.653572,509,173,0.0764896,-1,1,1
h2,143,22,3,308,2.56633,1,1059,11031,-0.208993,-0.344123,0.322236,0.0602169,0.667606,1.05,1.03855,0.715832,0.535634,0.715832,0.772877,0.678918,0.644065,509,173,0.0712116,1,1,1
h2,96,22,4,111,3.1836,0,9877,1819,0.212786,-0.349945,-0.186354,0.0327301,0.552996,1.05,1.02245,0.602165,0.509472,0.614344,0.642308,0.690356,0.65349,593,177,0.0741801,1,1,1
h2,97,22,4,271,3.65461,0,1018,9560,-0.203047,0.0305595,0.20837,-0.349643,0.560227,1.05,1.01683,0.611637,0.506766,0.618403,0.675662,0.688972,0.655841,593,177,0.0733336,1,1,1
h2,98,22,4,54,5.31577,1,646,11039,-0.222405,-0.342761,0.304684,0.0569029,0.661561,1.05,1.03028,0.729364,0.534281,0.729364,0.792398,0.679252,0.643301,593,177,0.067879,-1,1,1
h2,99,22,4,212,5.34942,1,11047,758,0.314079,0.0628309,-0.21784,-0.343538,0.669455,1.05,1.03781,0.715832,0.523117,0.715832,0.773459,0.676591,0.643271,593,177,0.0722151,-1,1,1
h2,100,22,4,234,2.85627,1,11010,880,0.31205,0.0512228,-0.213438,-0.344109,0.657615,1.05,1.05737,0.707713,0.532476,0.707713,0.761378,0.673086,0.636497,593,177,0.0716354,1,1,1
h2,101,22,4,108,0.465168,0,1514,10062,-0.191777,0.0333281,0.258247,0.00213528,0.451571,1.05,1.05457,0.987821,0.697339,0.987821,0.566874,0.71326,0.677448,593,177,0.0766404,-1,1,1
h2,102,22,4,69,3.38185,0,258,9191,-0.227717,0.0253763,0.203951,-0.349146,0.571495,1.05,1.03976,0.614344,0.499436,0.614344,0.654243,0.686203,0.651379,593,177,0.0714183,1,1,1
h2,103,22,4,134,3.07145,0,1529,9560,-0.187603,0.0228758,0.20837,-0.349643,0.54371,1.05,1.02941,0.664411,0.506653,0.664411,0.682447,0.689538,0.652853,593,177,0.073942,1,1,1
h2,104,22,4,102,1.98342,0,1059,11039,-0.208993,-0.344123,0.304684,0.0569029,0.651752,1.05,1.01655,0.726658,0.53631,0.726658,0.746572,0.689349,0.65628,593,177,0.0780187,1,1,1
h2,105,22,4,313,3.26865,1,11044,342,0.309134,0.0598116,-0.216388,-0.0210953,0.531792,1.05,1.00089,0.395129,0.354082,0.395129,0.643937,0.359362,0.315965,593,177,0.0965049,-1,1,1
h2,106,22,4,141,1.34135,0,11038,342,0.330997,0.0715008,-0.216388,-0.0210953,0.555175,1.05,1.0453,0.986468,0.712675,0.986468,0.633441,0.703448,0.661509,593,177,0.104053,-1,1,1
h2,107,22,4,50,0.174042,0,10671,315,0.247573,0.0175762,-0.218787,0.00849438,0.466705,1.05,1.10542,0.414073,0.364569,0.416779,0.572859,0.469879,0.434906,593,177,0.0868601,1,1,1
h2,108,22,4,158,3.31924,0,11044,758,0.309134,0.0598116,-0.21784,-0.343538,0.663692,1.05,1.03715,0.688769,0.527402,0.688769,0.778955,0.681522,0.646356,593,177,0.0740752,-1,1,1
h2,109,22,4,37,2.77605,0,10937,740,0.286709,0.0450735,-0.217771,-0.342923,0.636502,1.05,1.0199,0.65088,0.519734,0.673884,0.733564,0.667726,0.632605,593,177,0.077201,-1,1,1
h2,110,22,4,185,1.04771,1,9556,2116,0.208492,-0.350009,-0.180577,0.0329027,0.54594,1.05,1.03202,0.622463,0.520636,0.630582,0.669749,0.684757,0.646652,593,177,0.0701169,1,1,1
h2,111,22,4,242,0.640071,0,2116,9863,-0.180577,0.0329027,0.212733,-0.350325,0.54919,1.05,1.08201,0.664411,0.522215,0.664411,0.670118,0.685775,0.649949,593,177,0.0739184,-1,1,1
h2,112,22,4,0,4.02045,0,51,10223,-0.244993,0.00506496,0.221288,-0.349851,0.586046,1.05,1.03409,0.5318,0.414186,0.537212,0.732138,0.479538,0.444388,593,177,0.0766531,-1,1,1
h2,113,22,4,78,5.94057,0,10907,342,0.28235,0.0424652,-0.216388,-0.0210953,0.502855,1.05,1.03765,0.953992,0.690911,0.953992,0.612243,0.717866,0.675419,593,177,0.0745152,1,1,1
h2,114,22,4,234,5.31038,1,11041,880,0.328109,0.0713987,-0.213438,-0.344109,0.682652,1.05,1.07992,0.506089,0.406067,0.506089,0.78678,0.460777,0.428785,593,177,0.0775497,-1,1,1
h2,115,22,4,43,0.588705,0,11044,358,0.309134,0.0598116,-0.208629,-0.0258827,0.524938,1.05,1.07568,0.994587,0.720456,0.994587,0.607328,0.716801,0.672716,593,177,0.0698758,1,1,1
h2,116,22,4,137,5.73601,0,9560,1514,0.20837,-0.349643,-0.191777,0.0333281,0.553924,1.05,1.03823,0.623816,0.508006,0.633288,0.679345,0.686187,0.649579,593,177,0.0765913,1,1,1
h2,117,22,4,322,1.59385,0,11046,1043,0.318809,0.0655098,-0.209272,-0.342851,0.667625,1.05,1.009,0.679296,0.527853,0.687415,0.774344,0.676692,0.640886,593,177,0.0761554,-1,1,1
h2,118,22,4,283,4.26767,0,2436,10134,-0.175793,0.0333147,0.256171,-0.00230408,0.43387,1.05,1.14439,0.610284,0.488836,0.611637,0.549363,0.664204,0.625889,593,177,0.1105,1,1,1
h2,119,22,4,222,3.41194,0,11041,758,0.328109,0.0713987,-0.21784,-0.343538,0.685807,1.05,1.02259,0.7023,0.521425,0.7023,0.780467,0.670115,0.637545,593,177,0.0712986,-1,1,1
h2,120,22,4,240,3.79786,0,2048,10134,-0.178713,0.0263195,0.256171,-0.00230408,0.435909,1.05,1.09506,0.694181,0.537325,0.694181,0.530773,0.702338,0.664179,593,177,0.103315,-1,1,1
h2,121,22,4,298,5.44294,1,1819,9877,-0.186354,0.0327301,0.212786,-0.349945,0.552996,1.05,1.03691,0.418133,0.356225,0.423545,0.640733,0.36997,0.332542,593,177,0.0747228,-1,1,1
h2,122,22,4,97,5.81087,1,10937,880,0.286709,0.0450735,-0.213438,-0.344109,0.6338,1.05,1.07464,0.682003,0.51387,0.682003,0.742327,0.678107,0.644563,593,177,0.0709908,1,1,1
h2,123,22,4,344,2.74058,0,10724,342,0.243099,0.0187893,-0.216388,-0.0210953,0.461496,1.05,1.02695,0.85115,0.643775,0.85115,0.578034,0.704631,0.662016,593,177,0.0765867,-1,1,1
h2,124,22,4,36,4.03187,0,10907,871,0.28235,0.0424652,-0.213402,-0.343822,0.628552,1.05,1.04911,0.645467,0.511615,0.649526,0.732069,0.684897,0.649189,593,177,0.0752652,-1,1,1
h2,125,22,4,275,5.9465,1,8610,2593,0.194807,-0.348597,-0.170029,0.0301771,0.525906,1.05,1.1007,0.510149,0.414975,0.522327,0.634632,0.503876,0.467433,593,177,0.0829897,-1,1,1
h2,126,22,4,19,6.06478,0,9863,1792,0.212733,-0.350325,-0.183195,0.0246906,0.545374,1.05,1.0299,0.663058,0.504172,0.663058,0.655527,0.690863,0.655122,593,177,0.0765266,-1,1,1
h2,127,22,4,64,1.84278,1,10302,1819,0.222262,-0.350074,-0.186354,0.0327301,0.560067,1.05,1.06254,0.641407,0.496504,0.641407,0.632067,0.667995,0.633977,593,177,0.0713771,-1,1,1
h2,128,22,4,182,2.81432,0,11031,342,0.322236,0.0602169,-0.216388,-0.0210953,0.544731,1.05,1.06385,0.990528,0.700271,0.990528,0.665473,0.694033,0.651197,593,177,0.0717845,1,1,1
h2,129,22,4,218,0.405971,0,2116,9863,-0.180577,0.0329027,0.212733,-0.350325,0.54919,1.05,1.04172,0.634641,0.515562,0.634641,0.657973,0.69142,0.655125,593,177,0.0759056,-1,1,1
h2,130,22,4,279,0.431407,0,11039,880,0.304684,0.0569029,-0.213438,-0.344109,0.65525,1.05,1.08353,0.696888,0.543076,0.696888,0.766717,0.672227,0.637906,593,177,0.0701801,-1,1,1
h2,131,22,4,264,2.07281,0,9,10071,-0.249702,0.0252714,0.216829,-0.349864,0.598962,1.05,1.04328,0.665765,0.493685,0.665765,0.725388,0.667902,0.631197,593,177,0.0799605,-1,1,1
h2,132,22,4,305,1.9595,1,11031,687,0.322236,0.0602169,-0.222029,-0.327613,0.668309,1.05,1.03217,0.717185,0.523906,0.717185,0.797947,0.658052,0.622435,593,177,0.0780054,1,1,1
h2,133,22,4,95,2.43356,0,11039,660,0.304684,0.0569029,-0.222329,-0.343306,0.661824,1.05,1.04762,0.711773,0.535521,0.711773,0.756132,0.684805,0.648619,593,177,0.0727234,1,1,1
h2,134,22,4,204,2.45553,0,9863,2656,0.212733,-0.350325,-0.170943,0.0327158,0.542164,1.05,1.07786,0.631935,0.515562,0.633288,0.613669,0.697209,0.660057,593,177,0.0742546,-1,1,1
h2,135,22,4,259,2.00984,1,11041,880,0.328109,0.0713987,-0.213438,-0.344109,0.682652,1.05,1.06815,0.658999,0.499887,0.658999,0.804817,0.670321,0.634704,593,177,0.0740382,-1,1,1
h2,136,22,4,222,4.83674,0,11047,648,0.314079,0.0628309,-0.222504,-0.343659,0.673242,1.05,1.01532,0.588633,0.478687,0.589987,0.76671,0.657349,0.619299,593,177,0.0836335,1,1,1
h2,137,22,4,20,1.54481,0,258,9560,-0.227717,0.0253763,0.20837,-0.349643,0.575164,1.05,1.03243,0.541272,0.428169,0.541272,0.717211,0.485546,0.45199,593,177,0.0789201,1,1,1
h2,138,22,4,105,3.02379,0,1797,10278,-0.183358,0.024807,0.207535,-0.312495,0.51632,1.05,1.02904,0.644114,0.500451,0.644114,0.621677,0.645351,0.609814,593,177,0.0781013,-1,1,1
h2,139,22,4,302,0.918973,1,871,10671,-0.213402,-0.343822,0.247573,0.0175762,0.585961,1.05,1.06608,0.694181,0.520298,0.694181,0.725307,0.696403,0.659183,593,177,0.0722157,1,1,1
h2,140,22,4,86,1.1664,0,10220,1279,0.259429,0.0142794,-0.204452,-0.342944,0.585687,1.05,1.0806,0.677943,0.53834,0.677943,0.719086,0.676552,0.639843,593,177,0.07595,1,1,1
h2,141,22,4,263,2.59324,0,880,10995,-0.213438,-0.344109,0.295924,0.050889,0.644643,1.05,1.0092,0.682003,0.516576,0.682003,0.759571,0.6841,0.649244,593,177,0.0708439,-1,1,1
h2,142,22,4,327,5.42315,1,165,10071,-0.23231,0.0249414,0.216829,-0.349864,0.58499,1.05,1.06357,0.664411,0.530559,0.664411,0.697077,0.678262,0.644812,593,177,0.0741267,1,1,1
h2,143,22,4,308,2.56633,1,11031,880,0.322236,0.0602169,-0.213438,-0.344109,0.67114,1.05,1.03805,0.744249,0.543527,0.744249,0.795176,0.681159,0.645858,593,177,0.0736318,-1,1,1
h2,144,22,1,289,0.627405,1,10063,72,0.263317,0.0132694,-0.232005,-0.00155163,0.495556,1.05,1.05405,0.783491,0.584574,0.79567,0.654781,0.642765,0.598716,178,148,0.0789172,1,1,1
h2,145,22,1,179,3.04564,1,10456,1287,0.24045,-0.00734806,-0.192291,0.0208731,0.433664,1.05,0.994848,0.737483,0.541047,0.737483,0.610182,0.635509,0.594214,178,148,0.0946259,-1,1,1
h2,146,22,1,85,4.11107,0,1685,10789,-0.187586,0.0158587,0.248311,0.028616,0.436475,1.05,1.09685,0.718539,0.549729,0.718539,0.599058,0.597266,0.558797,178,148,0.0941873,1,1,1
h2,147,22,1,22,3.41387,0,2257,10302,-0.172751,0.165101,0.222262,-0.350074,0.649208,1.05,1.08002,0.660352,0.505075,0.660352,0.80247,0.550119,0.508045,178,148,0.0931365,1,1,1
h2,148,22,1,206,5.77383,0,8980,72,0.223664,0.0714617,-0.232005,-0.00155163,0.461719,1.05,1.01626,0.79161,0.589535,0.79161,0.622753,0.6329,0.588928,178,148,0.0855971,-1,1,1
h2,149,22,1,132,4.71853,0,6771,2436,0.109615,-0.33921,-0.175793,0.0333147,0.469337,1.05,1.01028,0.673884,0.543302,0.673884,0.606782,0.704865,0.671421,178,148,0.0763698,-1,1,1
h2,150,22,1,11,5.98833,0,2006,10805,-0.173115,-0.0138502,0.265274,0.0333366,0.441146,1.05,0.989217,0.62111,0.48816,0.642761,0.592813,0.584781,0.545442,178,148,0.101586,-1,1,1
h2,151,22,1,354,1.97542,1,2052,10223,-0.174329,0.213399,0.221288,-0.349851,0.688307,1.05,1.08578,0.684709,0.521425,0.684709,0.775855,0.541395,0.504544,178,148,0.0789507,1,1,1
h2,152,22,1,127,1.96736,1,2482,10805,-0.16268,-0.00443363,0.265274,0.0333366,0.429804,1.05,0.987645,0.589987,0.470794,0.612991,0.580645,0.581819,0.541853,178,148,0.0993506,1,1,1
h2,153,22,1,309,0.235905,0,1878,10937,-0.189195,-0.224774,0.286709,0.0450735,0.547139,1.05,1.0221,0.630582,0.507104,0.653586,0.740622,0.592431,0.556659,178,148,0.0716966,-1,1,1
h2,154,22,1,335,6.21043,1,464,10724,-0.226892,0.0165739,0.243099,0.0187893,0.470591,1.05,1.10111,0.760487,0.579387,0.760487,0.619232,0.625964,0.587369,178,148,0.0924857,-1,1,1
h2,155,22,1,210,3.05863,0,8066,72,0.17243,0.0937948,-0.232005,-0.00155163,0.415832,1.05,1.08651,0.657645,0.50406,0.657645,0.591936,0.595439,0.552338,178,148,0.11701,-1,1,1
h2,156,22,1,21,4.29744,1,3593,10302,-0.149714,0.133451,0.222262,-0.350074,0.61023,1.05,0.999625,0.67253,0.514547,0.67253,0.754122,0.580008,0.543882,178,148,0.0875933,-1,1,1
h2,157,22,1,333,1.32945,0,5034,11020,-0.0679388,-0.0654812,0.300629,0.0538969,0.387544,1.05,0.944522,0.480379,0.429409,0.485792,0.530817,0.488661,0.452726,178,148,0.0775057,-1,1,1
h2,158,22,1,218,4.50806,0,7771,72,0.148093,0.0963488,-0.232005,-0.00155163,0.392512,1.05,1.07776,0.569689,0.444069,0.569689,0.563076,0.565831,0.522767,178,148,0.0839629,1,1,1
h2,159,22,1,39,0.875592,1,4259,11020,-0.13709,-0.326518,0.300629,0.0538969,0.579967,1.05,1.0854,0.741543,0.541047,0.741543,0.716029,0.681342,0.648917,178,148,0.0763873,-1,1,1
h2,160,22,1,302,3.26237,0,7722,758,0.143792,0.156014,-0.21784,-0.343538,0.616787,1.05,0.991792,0.658999,0.504962,0.658999,0.738053,0.556615,0.524383,178,148,0.0786091,-1,1,1
h2,161,22,1,293,2.40211,0,2257,10302,-0.172751,0.165101,0.222262,-0.350074,0.649208,1.05,1.02893,0.677943,0.505977,0.677943,0.798497,0.559977,0.523561,178,148,0.103611,1,1,1
h2,162,22,1,130,2.67252,0,6535,2656,0.0925512,-0.112939,-0.170943,0.0327158,0.301369,1.05,0.891932,0.466847,0.407082,0.479026,0.453848,0.466555,0.427501,178,148,0.0799354,1,1,1
h2,163,22,1,307,4.23486,0,8510,72,0.157069,0.116437,-0.232005,-0.00155163,0.406675,1.05,0.983083,0.73207,0.550519,0.73207,0.582204,0.608579,0.566317,178,148,0.0829493,1,1,1
h2,164,22,1,343,5.36801,0,7016,2593,0.122805,-0.0569334,-0.170029,0.0301771,0.305654,1.05,0.962249,0.462788,0.43843,0.506089,0.417519,0.550384,0.511072,178,148,0.0804963,1,1,1
h2,165,22,1,288,2.458,0,7857,72,0.150614,0.100774,-0.232005,-0.00155163,0.396068,1.05,0.987528,0.709066,0.525034,0.709066,0.592294,0.590873,0.549681,178,148,0.0808351,-1,1,1
h2,166,22,1,137,0.91174,0,3987,10302,-0.134697,0.139627,0.222262,-0.350074,0.606148,1.05,0.98817,0.677943,0.50124,0.677943,0.761529,0.56756,0.515799,178,148,0.0858274,1,1,1
h2,167,22,1,260,4.22639,0,2043,10220,-0.187026,0.0880976,0.259429,0.0142794,0.453138,1.05,1.042,0.794317,0.589648,0.794317,0.613177,0.612282,0.571152,178,148,0.0888491,1,1,1
h2,168,22,1,205,0.357934,0,1025,10724,-0.193924,0.0386143,0.243099,0.0187893,0.437525,1.05,1.072,0.751015,0.567208,0.751015,0.596818,0.609211,0.570985,178,148,0.0920837,-1,1,1
h2,169,22,1,284,3.80986,0,5764,2436,0.0112591,-0.27569,-0.175793,0.0333147,0.361544,1.05,1.05101,0.779432,0.587167,0.779432,0.576872,0.730065,0.699923,178,148,0.0757219,-1,1,1
h2,170,22,1,339,4.97111,1,7784,2722,0.151671,-0.121712,-0.167755,0.0322943,0.354745,1.05,1.06397,0.52774,0.470681,0.556157,0.492124,0.528309,0.490278,178,148,0.0733885,1,1,1
h2,171,22,1,341,4.12317,0,4824,10223,-0.0851126,0.254717,0.221288,-0.349851,0.67779,1.05,1.09564,0.822733,0.568561,0.822733,0.850395,0.469546,0.424163,178,148,0.0756702,-1,1,1
h2,172,22,1,85,2.7448,1,1685,10789,-0.187586,0.0158587,0.248311,0.028616,0.436475,1.05,1.11789,0.742896,0.551421,0.742896,0.628695,0.592599,0.554104,178,148,0.0905033,-1,1,1
h2,173,22,1,107,2.53001,0,5514,11020,-0.0187998,-0.35165,0.300629,0.0538969,0.51624,1.05,1.03596,0.852503,0.625733,0.852503,0.714171,0.760449,0.732007,178,148,0.072985,1,1,1
h2,174,22,1,304,3.14328,0,7146,2321,0.124208,0.00164509,-0.173863,0.0274353,0.299302,1.05,1.02454,0.548038,0.460645,0.548038,0.434746,0.582991,0.542751,178,148,0.0834258,1,1,1
h2,175,22,1,202,2.20672,1,144,10724,-0.235474,0.0536728,0.243099,0.0187893,0.480066,1.05,1.00029,0.776725,0.582995,0.779432,0.59647,0.642707,0.604387,178,148,0.0946403,-1,1,1
h2,176,22,1,229,1.10911,1,6569,701,0.089529,0.0654745,-0.205156,0.0152569,0.299023,1.05,0.869306,0.485792,0.423207,0.500677,0.392377,0.585106,0.543785,178,148,0.0810696,1,1,1
h2,177,22,1,230,3.14908,1,3837,10805,-0.142734,-0.0403004,0.265274,0.0333366,0.414881,1.05,1.01889,0.619756,0.503834,0.629229,0.572343,0.560001,0.521546,178,148,0.091916,-1,1,1
h2,178,22,1,10,4.56235,0,6119,1819,0.0498247,-0.334412,-0.186354,0.0327301,0.436738,1.05,0.998785,0.729364,0.558412,0.729364,0.609298,0.727823,0.696733,178,148,0.0790764,-1,1,1
h2,179,22,1,187,5.67386,1,7043,701,0.120462,0.0483932,-0.205156,0.0152569,0.32775,1.05,0.960022,0.549391,0.458954,0.552097,0.438626,0.5966,0.556013,178,148,0.0830955,1,1,1
h2,180,22,1,44,2.68019,0,5645,10995,-0.00124264,-0.146612,0.295924,0.050889,0.356812,1.05,1.03606,0.598106,0.481281,0.607578,0.615581,0.631553,0.603151,178,148,0.0770067,-1,1,1
h2,181,22,1,265,1.94858,1,9994,72,0.25777,0.0112314,-0.232005,-0.00155163,0.489947,1.05,1.00377,0.719892,0.537776,0.737483,0.61803,0.623518,0.5795,178,148,0.0868643,-1,1,1
h2,182,22,1,149,1.27013,1,2641,10302,-0.167189,0.193248,0.222262,-0.350074,0.66855,1.05,1.023,0.68065,0.497745,0.68065,0.814657,0.558818,0.504603,178,148,0.0792903,1,1,1
h2,183,22,1,282,4.90154,1,5785,2436,0.00880718,-0.334069,-0.175793,0.0333147,0.4114,1.05,1.0397,0.767253,0.603067,0.767253,0.585662,0.770914,0.739882,178,148,0.0739263,1,1,1
h2,184,22,1,268,4.77223,1,5413,11020,-0.0286179,-0.206483,0.300629,0.0538969,0.419811,1.05,1.09364,0.645467,0.508119,0.660352,0.59513,0.649304,0.619655,178,148,0.0848574,-1,1,1
h2,185,22,1,333,5.8285,1,5034,11020,-0.0679388,-0.0654812,0.300629,0.0538969,0.387544,1.05,1.0707,0.535859,0.44576,0.542625,0.550459,0.493401,0.45764,178,148,0.0772582,1,1,1
h2,186,22,1,325,2.10601,1,1245,10302,-0.199981,0.196895,0.222262,-0.350074,0.691188,1.05,1.11847,0.67659,0.508119,0.67659,0.816444,0.531996,0.49697,178,148,0.0801214,1,1,1
h2,187,22,1,298,2.10781,0,5919,2116,0.0260944,-0.320117,-0.180577,0.0329027,0.409223,1.05,1.01934,0.759134,0.580853,0.763193,0.620504,0.749421,0.716792,178,148,0.0762126,1,1,1
h2,188,22,1,136,2.3458,1,92,10776,-0.24362,0.0158072,0.244051,0.0272169,0.488066,1.05,1.10886,0.797023,0.605661,0.797023,0.610102,0.654479,0.615521,178,148,0.0800052,1,1,1
h2,189,22,1,158,6.21799,0,4264,10789,-0.121141,0.0306597,0.248311,0.028616,0.37099,1.05,0.992318,0.622463,0.497181,0.629229,0.510973,0.58641,0.546374,178,148,0.0895036,-1,1,1
h2,190,22,1,113,5.47544,0,6345,2722,0.0715876,-0.0309916,-0.167755,0.0322943,0.247573,1.05,0.83328,0.420839,0.388588,0.441137,0.395395,0.481311,0.441985,178,148,0.127548,-1,1,1
h2,191,22,1,280,2.9311,1,3801,11020,-0.158866,-0.326624,0.300629,0.0538969,0.596628,1.05,1.0313,0.691475,0.548715,0.691475,0.709724,0.674889,0.643167,178,148,0.0727685,1,1,1
h2,144,22,2,289,0.627405,1,72,10071,-0.232005,-0.00155163,0.216829,-0.349864,0.5682,1.05,1.04762,0.64682,0.507442,0.64682,0.669963,0.677887,0.633838,256,171,0.108189,-1,1,1
h2,145,22,2,179,3.04564,1,1287,10088,-0.192291,0.0208731,0.21704,-0.349799,0.552298,1.05,1.00901,0.546685,0.428845,0.549391,0.711095,0.514111,0.472815,256,171,0.0801542,1,1,1
h2,146,22,2,85,4.11107,0,10789,871,0.248311,0.028616,-0.213402,-0.343822,0.593466,1.05,1.03618,0.663058,0.527289,0.663058,0.704935,0.686073,0.647604,256,171,0.0856562,-1,1,1
h2,147,22,2,22,3.41387,0,10302,2436,0.222262,-0.350074,-0.175793,0.0333147,0.552786,1.05,1.03175,0.67253,0.526049,0.67253,0.692294,0.693058,0.656142,256,171,0.076001,-1,1,1
h2,148,22,2,206,5.77383,0,72,9877,-0.232005,-0.00155163,0.212786,-0.349945,0.565039,1.05,1.01627,0.641407,0.528642,0.641407,0.681333,0.702896,0.658925,256,171,0.0827762,1,1,1
h2,149,22,2,132,4.71853,0,2436,9863,-0.175793,0.0333147,0.212733,-0.350325,0.546046,1.05,1.0383,0.637348,0.53631,0.637348,0.648075,0.691682,0.654751,256,171,0.0724952,1,1,1
h2,150,22,2,11,5.98833,0,10805,1059,0.265274,0.0333366,-0.208993,-0.344123,0.606213,1.05,1.02285,0.560217,0.436175,0.560217,0.752672,0.499159,0.45982,256,171,0.0843583,1,1,1
h2,151,22,2,354,1.97542,1,10223,2116,0.221288,-0.349851,-0.180577,0.0329027,0.555034,1.05,1.01692,0.623816,0.525372,0.623816,0.645489,0.68947,0.653775,256,171,0.0838009,-1,1,1
h2,152,22,2,127,1.96736,1,10805,880,0.265274,0.0333366,-0.213438,-0.344109,0.609686,1.05,1.02305,0.541272,0.407307,0.541272,0.751719,0.467088,0.427122,256,171,0.0753905,-1,1,1
h2,153,22,2,309,0.235905,0,10937,1059,0.286709,0.0450735,-0.208993,-0.344123,0.630309,1.05,1.01698,0.682003,0.529206,0.682003,0.7325,0.682871,0.646382,256,171,0.0872106,1,1,1
h2,154,22,2,335,6.21043,1,10724,871,0.243099,0.0187893,-0.213402,-0.343822,0.583225,1.05,1.02479,0.534506,0.431439,0.537212,0.720739,0.490821,0.452226,256,171,0.0905745,1,1,1
h2,155,22,2,210,3.05863,0,72,10302,-0.232005,-0.00155163,0.222262,-0.350074,0.572563,1.05,1.0637,0.686062,0.537212,0.695535,0.703567,0.693782,0.650682,256,171,0.0759857,1,1,1
h2,156,22,2,21,4.29744,1,10302,2656,0.222262,-0.350074,-0.170943,0.0327158,0.548844,1.05,1.01206,0.630582,0.497519,0.630582,0.649684,0.684219,0.648093,256,171,0.0756895,1,1,1
h2,157,22,2,333,1.32945,0,11020,1059,0.300629,0.0538969,-0.208993,-0.344123,0.646707,1.05,1.03646,0.700947,0.524357,0.700947,0.765431,0.681307,0.645371,256,171,0.0710001,1,1,1
h2,158,22,2,218,4.50806,0,72,9863,-0.232005,-0.00155163,0.212733,-0.350325,0.565232,1.05,1.07318,0.477673,0.399752,0.477673,0.665851,0.477606,0.434542,256,171,0.0703396,-1,1,1
h2,159,22,2,39,0.875592,1,11020,871,0.300629,0.0538969,-0.213402,-0.343822,0.649999,1.05,1.07104,0.696888,0.520862,0.696888,0.762057,0.681405,0.645227,256,171,0.101258,1,1,1
h2,160,22,2,302,3.26237,0,758,10964,-0.21784,-0.343538,0.291183,0.047905,0.642205,1.05,1.03433,0.675237,0.516125,0.675237,0.743813,0.675241,0.64281,256,171,0.0698736,1,1,1
h2,161,22,2,293,2.40211,0,10302,2656,0.222262,-0.350074,-0.170943,0.0327158,0.548844,1.05,1.02657,0.619756,0.486807,0.619756,0.656029,0.679707,0.643291,256,171,0.072947,-1,1,1
h2,162,22,2,130,2.67252,0,2656,10223,-0.170943,0.0327158,0.221288,-0.349851,0.547926,1.05,1.02587,0.520974,0.421177,0.52774,0.681909,0.493414,0.45436,256,171,0.0809506,-1,1,1
h2,163,22,2,307,4.23486,0,72,9877,-0.232005,-0.00155163,0.212786,-0.349945,0.565039,1.05,1.02563,0.679296,0.532025,0.679296,0.696855,0.695201,0.652939,256,171,0.0722927,-1,1,1
h2,164,22,2,343,5.36801,0,2593,10071,-0.170029,0.0301771,0.216829,-0.349864,0.542316,1.05,1.02032,0.637348,0.524696,0.637348,0.659677,0.695867,0.656554,256,171,0.0765131,-1,1,1
h2,165,22,2,288,2.458,0,72,9877,-0.232005,-0.00155163,0.212786,-0.349945,0.565039,1.05,1.02046,0.753721,0.547249,0.753721,0.732949,0.693525,0.652332,256,171,0.0991691,1,1,1
h2,166,22,2,137,0.91174,0,10302,2436,0.222262,-0.350074,-0.175793,0.0333147,0.552786,1.05,1.02434,0.638701,0.508006,0.638701,0.680475,0.681754,0.645557,256,171,0.0782092,-1,1,1
h2,167,22,2,260,4.22639,0,10220,871,0.259429,0.0142794,-0.213402,-0.343822,0.593339,1.05,1.0319,0.682003,0.533153,0.688769,0.678687,0.691156,0.650026,256,171,0.0847861,-1,1,1
h2,168,22,2,205,0.357934,0,10724,871,0.243099,0.0187893,-0.213402,-0.343822,0.583225,1.05,1.02696,0.660352,0.531236,0.663058,0.682111,0.687785,0.649559,256,171,0.0751053,1,1,1
h2,169,22,2,284,3.80986,0,2436,10071,-0.175793,0.0333147,0.216829,-0.349864,0.548632,1.05,1.04995,0.625169,0.530221,0.627876,0.621247,0.691162,0.657805,256,171,0.0718001,1,1,1
h2,170,22,2,339,4.97111,1,2722,10088,-0.167755,0.0322943,0.21704,-0.349799,0.542277,1.05,1.05368,0.635995,0.534055,0.635995,0.650445,0.691592,0.653418,256,171,0.0806813,-1,1,1
h2,171,22,2,341,4.12317,0,10223,2436,0.221288,-0.349851,-0.175793,0.0333147,0.551846,1.05,1.04225,0.65088,0.533829,0.65088,0.676624,0.685929,0.647612,256,171,0.0715046,1,1,1
h2,172,22,2,85,2.7448,1,10789,871,0.248311,0.028616,-0.213402,-0.343822,0.593466,1.05,1.04709,0.722598,0.53834,0.722598,0.724046,0.6906,0.652105,256,171,0.0681013,1,1,1
h2,173,22,2,107,2.53001,0,11020,1059,0.300629,0.0538969,-0.208993,-0.344123,0.646707,1.05,1.03,0.715832,0.531913,0.715832,0.777988,0.689161,0.653892,256,171,0.0986732,-1,1,1
h2,174,22,2,304,3.14328,0,2321,10071,-0.173863,0.0274353,0.216829,-0.349864,0.543168,1.05,1.04113,0.644114,0.512291,0.644114,0.652771,0.693399,0.653159,256,171,0.0798097,-1,1,1
h2,175,22,2,202,2.20672,1,10724,1279,0.243099,0.0187893,-0.204452,-0.342944,0.575685,1.05,1.05342,0.669824,0.519508,0.67253,0.660092,0.693311,0.654991,256,171,0.0805318,1,1,1
h2,176,22,2,229,1.10911,1,701,10071,-0.205156,0.0152569,0.216829,-0.349864,0.558033,1.05,1.03495,0.581867,0.498196,0.592693,0.655662,0.6853,0.643979,256,171,0.0882052,-1,1,1
h2,177,22,2,230,3.14908,1,10805,880,0.265274,0.0333366,-0.213438,-0.344109,0.609686,1.05,1.01873,0.654939,0.520298,0.654939,0.709625,0.673046,0.634591,256,171,0.0845604,1,1,1
h2,178,22,2,10,4.56235,0,1819,9863,-0.186354,0.0327301,0.212733,-0.350325,0.55322,1.05,1.03594,0.614344,0.518155,0.619756,0.65614,0.692428,0.655462,256,171,0.074563,1,1,1
h2,179,22,2,187,5.67386,1,701,9863,-0.205156,0.0152569,0.212733,-0.350325,0.555236,1.05,1.04975,0.644114,0.517591,0.644114,0.672449,0.687422,0.646835,256,171,0.0794507,-1,1,1
h2,180,22,2,44,2.68019,0,10995,1059,0.295924,0.050889,-0.208993,-0.344123,0.641148,1.05,1.03425,0.690122,0.542625,0.694181,0.758265,0.684867,0.648275,256,171,0.0741535,1,1,1
h2,181,22,2,265,1.94858,1,72,10223,-0.232005,-0.00155163,0.221288,-0.349851,0.571688,1.05,1.04559,0.516915,0.409111,0.516915,0.708074,0.497128,0.453111,256,171,0.0762077,1,1,1
h2,182,22,2,149,1.27013,1,10302,2656,0.222262,-0.350074,-0.170943,0.0327158,0.548844,1.05,1.04738,0.614344,0.486468,0.614344,0.677305,0.676642,0.641744,256,171,0.0729785,-1,1,1
h2,183,22,2,282,4.90154,1,2436,9560,-0.175793,0.0333147,0.20837,-0.349643,0.54247,1.05,1.03492,0.65088,0.508006,0.65088,0.641847,0.698582,0.661927,256,171,0.0788855,-1,1,1
h2,184,22,2,268,4.77223,1,11020,880,0.300629,0.0538969,-0.213438,-0.344109,0.650204,1.05,1.08338,0.717185,0.523793,0.717185,0.778073,0.675699,0.639775,256,171,0.076995,1,1,1
h2,185,22,2,333,5.8285,1,11020,871,0.300629,0.0538969,-0.213402,-0.343822,0.649999,1.05,1.07296,0.723951,0.534393,0.723951,0.765078,0.683397,0.645998,256,171,0.0753738,-1,1,1
h2,186,22,2,325,2.10601,1,10302,2116,0.222262,-0.350074,-0.180577,0.0329027,0.555989,1.05,1.01474,0.615697,0.531236,0.622463,0.65996,0.683251,0.648224,256,171,0.0741144,-1,1,1
h2,187,22,2,298,2.10781,0,2116,10071,-0.180577,0.0329027,0.216829,-0.349864,0.551793,1.05,1.03328,0.633288,0.51917,0.638701,0.646742,0.696782,0.661036,256,171,0.0721653,-1,1,1
h2,188,22,2,136,2.3458,1,10776,1059,0.244051,0.0272169,-0.208993,-0.344123,0.586102,1.05,1.01455,0.62111,0.512968,0.625169,0.677193,0.689998,0.65104,256,171,0.1131,-1,1,1
h2,189,22,2,158,6.21799,0,10789,871,0.248311,0.028616,-0.213402,-0.343822,0.593466,1.05,1.03988,0.705007,0.537551,0.705007,0.707825,0.691302,0.651266,256,171,0.0720255,1,1,1
h2,190,22,2,113,5.47544,0,2722,10223,-0.167755,0.0322943,0.221288,-0.349851,0.545335,1.05,1.00447,0.595399,0.471809,0.595399,0.67309,0.658262,0.618936,256,171,0.100064,1,1,1
h2,191,22,2,280,2.9311,1,11020,871,0.300629,0.0538969,-0.213402,-0.343822,0.649999,1.05,1.04012,0.699594,0.544993,0.699594,0.756289,0.682423,0.645795,256,171,0.0765485,-1,1,1
h2,144,22,3,289,0.627405,1,10071,165,0.216829,-0.349864,-0.23231,0.0249414,0.58499,1.05,1.05933,0.619756,0.500677,0.635995,0.682749,0.678098,0.644236,511,173,0.0851177,1,1,1
h2,145,22,3,179,3.04564,1,10088,80,0.21704,-0.349799,-0.242398,0.00198841,0.578707,1.05,1.04429,0.487145,0.404263,0.500677,0.696867,0.490971,0.452733,511,173,0.0864124,-1,1,1
h2,146,22,3,85,4.11107,0,871,11039,-0.213402,-0.343822,0.304684,0.0569029,0.655045,1.05,1.01408,0.752368,0.555593,0.752368,0.779242,0.685081,0.649827,511,173,0.0732908,1,1,1
h2,147,22,3,22,3.41387,0,2436,8227,-0.175793,0.0333147,0.185402,-0.347313,0.524794,1.05,1.05151,0.634641,0.502255,0.634641,0.632339,0.694712,0.659962,511,173,0.0745365,1,1,1
h2,148,22,3,206,5.77383,0,9877,2436,0.212786,-0.349945,-0.175793,0.0333147,0.545817,1.05,1.02915,0.602165,0.526951,0.619756,0.615279,0.694317,0.658978,511,173,0.0704122,-1,1,1
h2,149,22,3,132,4.71853,0,9863,258,0.212733,-0.350325,-0.227717,0.0253763,0.578921,1.05,1.03769,0.644114,0.508345,0.644114,0.702554,0.685766,0.648835,511,173,0.0791467,-1,1,1
h2,150,22,3,11,5.98833,0,1059,10805,-0.208993,-0.344123,0.265274,0.0333366,0.606213,1.05,1.00631,0.542625,0.428394,0.542625,0.733167,0.500001,0.465099,511,173,0.0827026,-1,1,1
h2,151,22,3,354,1.97542,1,2116,9556,-0.180577,0.0329027,0.208492,-0.350009,0.54594,1.05,1.01882,0.633288,0.525823,0.634641,0.636251,0.695423,0.657906,511,173,0.0754503,1,1,1
h2,152,22,3,127,1.96736,1,880,10671,-0.213438,-0.344109,0.247573,0.0175762,0.586168,1.05,1.02427,0.503383,0.396595,0.503383,0.719151,0.461503,0.424059,511,173,0.101159,1,1,1
h2,153,22,3,309,0.235905,0,1059,10995,-0.208993,-0.344123,0.295924,0.050889,0.641148,1.05,1.02064,0.675237,0.531913,0.675237,0.725387,0.690692,0.654203,511,173,0.0709817,-1,1,1
h2,154,22,3,335,6.21043,1,871,10776,-0.213402,-0.343822,0.244051,0.0272169,0.58932,1.05,1.05,0.484438,0.40009,0.500677,0.686253,0.489091,0.455485,511,173,0.0811197,-1,1,1
h2,155,22,3,210,3.05863,0,10302,615,0.222262,-0.350074,-0.213581,0.029047,0.577785,1.05,1.02199,0.660352,0.527064,0.669824,0.694157,0.682968,0.648377,511,173,0.0857991,-1,1,1
h2,156,22,3,21,4.29744,1,2656,9863,-0.170943,0.0327158,0.212733,-0.350325,0.542164,1.05,1.03223,0.598106,0.483085,0.607578,0.628418,0.680124,0.645965,511,173,0.0754938,-1,1,1
h2,157,22,3,333,1.32945,0,1059,11039,-0.208993,-0.344123,0.304684,0.0569029,0.651752,1.05,1.01446,0.753721,0.545444,0.753721,0.784477,0.687963,0.652377,511,173,0.0754528,-1,1,1
h2,158,22,3,218,4.50806,0,9863,1529,0.212733,-0.350325,-0.187603,0.0228758,0.547362,1.05,1.03647,0.460081,0.400992,0.47226,0.642159,0.488405,0.451302,511,173,0.0736478,1,1,1
h2,159,22,3,39,0.875592,1,871,10880,-0.213402,-0.343822,0.277928,0.0400038,0.623553,1.05,1.06231,0.698241,0.528078,0.698241,0.734586,0.68668,0.650503,511,173,0.070529,-1,1,1
h2,160,22,3,302,3.26237,0,10964,342,0.291183,0.047905,-0.216388,-0.0210953,0.512321,1.05,1.05748,0.533153,0.443279,0.534506,0.586736,0.545061,0.506437,511,173,0.0766895,-1,1,1
h2,161,22,3,293,2.40211,0,2656,10223,-0.170943,0.0327158,0.221288,-0.349851,0.547926,1.05,1.02345,0.627876,0.494024,0.627876,0.62025,0.683762,0.650948,511,173,0.0756676,1,1,1
h2,162,22,3,130,2.67252,0,10223,9,0.221288,-0.349851,-0.249702,0.0252714,0.602359,1.05,1.05579,0.512855,0.417456,0.526387,0.717012,0.477027,0.441325,511,173,0.0808645,1,1,1
h2,163,22,3,307,4.23486,0,9877,1507,0.212786,-0.349945,-0.192162,0.0329905,0.557379,1.05,1.04975,0.640054,0.510487,0.653586,0.671596,0.693451,0.658003,511,173,0.072139,1,1,1
h2,164,22,3,343,5.36801,0,10071,2436,0.216829,-0.349864,-0.175793,0.0333147,0.548632,1.05,1.01375,0.645467,0.501579,0.645467,0.682166,0.693644,0.657779,511,173,0.0817048,1,1,1
h2,165,22,3,288,2.458,0,9877,814,0.212786,-0.349945,-0.208155,0.0282202,0.565898,1.05,1.01808,0.713126,0.541047,0.714479,0.687239,0.699035,0.663556,511,173,0.0745756,-1,1,1
h2,166,22,3,137,0.91174,0,2436,10302,-0.175793,0.0333147,0.222262,-0.350074,0.552786,1.05,1.01058,0.599459,0.482296,0.602165,0.648713,0.674797,0.641557,511,173,0.0751769,1,1,1
h2,167,22,3,260,4.22639,0,871,11046,-0.213402,-0.343822,0.318809,0.0655098,0.671485,1.05,1.03329,0.692828,0.540483,0.692828,0.758214,0.675517,0.640071,511,173,0.0689238,1,1,1
h2,168,22,3,205,0.357934,0,871,11039,-0.213402,-0.343822,0.304684,0.0569029,0.655045,1.05,1.02628,0.695535,0.546234,0.695535,0.76386,0.68232,0.646967,511,173,0.0730994,-1,1,1
h2,169,22,3,284,3.80986,0,10071,1018,0.216829,-0.349864,-0.203047,0.0305595,0.566601,1.05,1.02022,0.627876,0.535408,0.627876,0.642327,0.688668,0.655311,511,173,0.0698804,-1,1,1
h2,170,22,3,339,4.97111,1,10088,1018,0.21704,-0.349799,-0.203047,0.0305595,0.566717,1.05,1.03948,0.640054,0.525259,0.641407,0.690631,0.696781,0.658607,511,173,0.0708835,1,1,1
h2,171,22,3,341,4.12317,0,2436,9877,-0.175793,0.0333147,0.212786,-0.349945,0.545817,1.05,1.01438,0.658999,0.517704,0.658999,0.662445,0.698609,0.662154,511,173,0.0710963,-1,1,1
h2,172,22,3,85,2.7448,1,871,11020,-0.213402,-0.343822,0.300629,0.0538969,0.649999,1.05,1.01855,0.692828,0.518832,0.692828,0.783695,0.684894,0.649359,511,173,0.0728677,-1,1,1
h2,173,22,3,107,2.53001,0,1059,11047,-0.208993,-0.344123,0.314079,0.0628309,0.662806,1.05,1.02016,0.705007,0.546234,0.705007,0.788477,0.680233,0.644965,511,173,0.0716518,1,1,1
h2,174,22,3,304,3.14328,0,10071,165,0.216829,-0.349864,-0.23231,0.0249414,0.58499,1.05,1.0373,0.692828,0.520974,0.692828,0.726674,0.68795,0.651671,511,173,0.0738965,1,1,1
h2,175,22,3,202,2.20672,1,1279,10937,-0.204452,-0.342944,0.286709,0.0450735,0.626004,1.05,1.0612,0.717185,0.541159,0.717185,0.722317,0.691897,0.655571,511,173,0.0743684,-1,1,1
h2,176,22,3,229,1.10911,1,10071,2122,0.216829,-0.349864,-0.18459,0.0684853,0.579829,1.05,1.06333,0.614344,0.497181,0.61705,0.676466,0.675168,0.638422,511,173,0.0821617,1,1,1
h2,177,22,3,230,3.14908,1,880,10880,-0.213438,-0.344109,0.277928,0.0400038,0.62376,1.05,1.07606,0.64682,0.51387,0.660352,0.721251,0.671439,0.637029,511,173,0.0708998,-1,1,1
h2,178,22,3,10,4.56235,0,9863,9,0.212733,-0.350325,-0.249702,0.0252714,0.596018,1.05,1.06089,0.665765,0.511164,0.665765,0.711148,0.684737,0.647771,511,173,0.0754144,-1,1,1
h2,179,22,3,187,5.67386,1,9863,2722,0.212733,-0.350325,-0.167755,0.0322943,0.5396,1.05,1.02389,0.677943,0.514321,0.677943,0.683443,0.699948,0.663585,511,173,0.0722478,1,1,1
h2,180,22,3,44,2.68019,0,1059,11038,-0.208993,-0.344123,0.330997,0.0715008,0.681434,1.05,1.04395,0.695535,0.526274,0.695535,0.792669,0.678669,0.642078,511,173,0.070266,-1,1,1
h2,181,22,3,265,1.94858,1,10223,701,0.221288,-0.349851,-0.205156,0.0152569,0.561391,1.05,1.01851,0.542625,0.425913,0.542625,0.719738,0.502447,0.464398,511,173,0.0883779,-1,1,1
h2,182,22,3,149,1.27013,1,2656,10302,-0.170943,0.0327158,0.222262,-0.350074,0.548844,1.05,1.03135,0.611637,0.48286,0.611637,0.61992,0.678566,0.64381,511,173,0.0756508,1,1,1
h2,183,22,3,282,4.90154,1,9560,2616,0.20837,-0.349643,-0.169608,0.0302896,0.535931,1.05,1.01943,0.631935,0.503834,0.631935,0.642211,0.693864,0.65721,511,173,0.0810136,1,1,1
h2,184,22,3,268,4.77223,1,880,11020,-0.213438,-0.344109,0.300629,0.0538969,0.650204,1.05,1.03546,0.686062,0.518155,0.686062,0.769108,0.68126,0.645337,511,173,0.0736592,-1,1,1
h2,185,22,3,333,5.8285,1,871,11047,-0.213402,-0.343822,0.314079,0.0628309,0.666103,1.05,1.02154,0.707713,0.535408,0.707713,0.797873,0.68464,0.647241,511,173,0.0765123,1,1,1
h2,186,22,3,325,2.10601,1,2116,9849,-0.180577,0.0329027,0.246357,-0.0172024,0.429925,1.05,0.992554,0.88498,0.664637,0.88498,0.599583,0.730832,0.690018,511,173,0.0790196,1,1,1
h2,187,22,3,298,2.10781,0,10071,615,0.216829,-0.349864,-0.213581,0.029047,0.573452,1.05,1.06545,0.637348,0.534957,0.656292,0.64259,0.688389,0.652122,511,173,0.0742612,1,1,1
h2,188,22,3,136,2.3458,1,1059,11037,-0.208993,-0.344123,0.304296,0.0582628,0.652285,1.05,1.0201,0.640054,0.529093,0.640054,0.735575,0.682025,0.647656,511,173,0.072425,1,1,1
h2,189,22,3,158,6.21799,0,871,11044,-0.213402,-0.343822,0.309134,0.0598116,0.660343,1.05,1.01744,0.744249,0.55751,0.76184,0.794016,0.688613,0.652905,511,173,0.0697032,-1,1,1
h2,190,22,3,113,5.47544,0,10223,19,0.221288,-0.349851,-0.245111,0.0229883,0.597318,1.05,1.01296,0.580514,0.456022,0.580514,0.723255,0.622784,0.584858,511,173,0.11539,-1,1,1
h2,191,22,3,280,2.9311,1,871,11020,-0.213402,-0.343822,0.300629,0.0538969,0.649999,1.05,1.03517,0.68065,0.525034,0.68065,0.762167,0.685076,0.648448,511,173,0.0693462,1,1,1
h2,144,22,4,289,0.627405,1,165,10260,-0.23231,0.0249414,0.209724,-0.332791,0.568718,1.05,1.05894,0.623816,0.486243,0.623816,0.66454,0.657537,0.623857,577,177,0.075477,-1,1,1
h2,145,22,4,179,3.04564,1,80,9802,-0.242398,0.00198841,0.252936,-0.0118427,0.495566,1.05,1.08283,0.451962,0.370546,0.451962,0.608617,0.450571,0.412332,577,177,0.0880864,1,1,1
h2,146,22,4,85,4.11107,0,11039,1059,0.304684,0.0569029,-0.208993,-0.344123,0.651752,1.05,1.00559,0.67253,0.527402,0.67253,0.763842,0.686337,0.651093,577,177,0.0719946,-1,1,1
h2,147,22,4,22,3.41387,0,8227,93,0.185402,-0.347313,-0.236704,0.0241671,0.562293,1.05,1.08559,0.67659,0.512517,0.67659,0.670657,0.688786,0.654037,577,177,0.0719689,-1,1,1
h2,148,22,4,206,5.77383,0,2436,9556,-0.175793,0.0333147,0.208492,-0.350009,0.542814,1.05,1.03954,0.539919,0.448015,0.568336,0.631369,0.504185,0.469348,577,177,0.071736,1,1,1
h2,149,22,4,132,4.71853,0,258,9863,-0.227717,0.0253763,0.212733,-0.350325,0.578921,1.05,1.03982,0.589987,0.496617,0.606225,0.684318,0.691296,0.654591,577,177,0.0752954,1,1,1
h2,150,22,4,11,5.98833,0,10805,694,0.265274,0.0333366,-0.222971,-0.343749,0.616909,1.05,1.052,0.572395,0.436739,0.572395,0.73753,0.481451,0.443288,577,177,0.0867519,1,1,1
h2,151,22,4,354,1.97542,1,9556,2593,0.208492,-0.350009,-0.170029,0.0301771,0.536494,1.05,1.05037,0.610284,0.526049,0.615697,0.615522,0.691762,0.654245,577,177,0.0734615,-1,1,1
h2,152,22,4,127,1.96736,1,10671,1,0.247573,0.0175762,-0.261514,0.018858,0.50909,1.05,1.04024,0.503383,0.418358,0.511502,0.636404,0.513418,0.474146,577,177,0.0849424,-1,1,1
h2,153,22,4,309,0.235905,0,10995,758,0.295924,0.050889,-0.21784,-0.343538,0.647782,1.05,1.02792,0.714479,0.539468,0.714479,0.764677,0.687376,0.653006,577,177,0.0716049,1,1,1
h2,154,22,4,335,6.21043,1,10776,669,0.244051,0.0272169,-0.225865,-0.327485,0.58898,1.05,1.04971,0.485792,0.393663,0.50203,0.698425,0.460545,0.427839,577,177,0.081394,1,1,1
h2,155,22,4,210,3.05863,0,615,9863,-0.213581,0.029047,0.212733,-0.350325,0.570705,1.05,1.02105,0.635995,0.494926,0.635995,0.680882,0.68724,0.650707,577,177,0.0767492,1,1,1
h2,156,22,4,21,4.29744,1,9863,507,0.212733,-0.350325,-0.212173,0.0275316,0.568619,1.05,1.05584,0.610284,0.487258,0.610284,0.674935,0.671616,0.63637,577,177,0.0750066,1,1,1
h2,157,22,4,333,1.32945,0,11039,880,0.304684,0.0569029,-0.213438,-0.344109,0.65525,1.05,1.0139,0.709066,0.541272,0.73613,0.758422,0.668141,0.632365,577,177,0.107107,1,1,1
h2,158,22,4,218,4.50806,0,1529,9802,-0.187603,0.0228758,0.252936,-0.0118427,0.441961,1.05,0.999007,0.907984,0.680199,0.916103,0.560422,0.715343,0.67511,577,177,0.0729102,-1,1,1
h2,159,22,4,39,0.875592,1,10880,871,0.277928,0.0400038,-0.213402,-0.343822,0.623553,1.05,1.07291,0.661705,0.502706,0.661705,0.715286,0.690971,0.65551,577,177,0.0721175,1,1,1
h2,160,22,4,302,3.26237,0,342,10902,-0.216388,-0.0210953,0.294496,0.0345087,0.513983,1.05,1.06673,0.520974,0.430537,0.526387,0.626926,0.524056,0.485432,577,177,0.0797594,1,1,1
h2,161,22,4,293,2.40211,0,10223,2593,0.221288,-0.349851,-0.170029,0.0301771,0.545483,1.05,1.07073,0.627876,0.492896,0.627876,0.614026,0.682909,0.64945,577,177,0.0749137,-1,1,1
h2,162,22,4,130,2.67252,0,9,8957,-0.249702,0.0252714,0.199336,-0.348453,0.584489,1.05,1.02812,0.489851,0.407758,0.500677,0.710486,0.460517,0.425128,577,177,0.0829942,-1,1,1
h2,163,22,4,307,4.23486,0,1507,9556,-0.192162,0.0329905,0.208492,-0.350009,0.554311,1.05,1.05355,0.62111,0.500451,0.62111,0.650332,0.680717,0.647082,577,177,0.0836873,-1,1,1
h2,164,22,4,343,5.36801,0,2436,9863,-0.175793,0.0333147,0.212733,-0.350325,0.546046,1.05,1.01251,0.635995,0.503721,0.635995,0.668427,0.697898,0.662034,577,177,0.0699367,-1,1,1
h2,165,22,4,288,2.458,0,814,9877,-0.208155,0.0282202,0.212786,-0.349945,0.565898,1.05,1.02837,0.653586,0.513419,0.668471,0.668884,0.699597,0.666635,577,177,0.075198,1,1,1
h2,166,22,4,137,0.91174,0,10302,2722,0.222262,-0.350074,-0.167755,0.0322943,0.546217,1.05,1.05788,0.642761,0.501015,0.642761,0.656762,0.671677,0.638438,577,177,0.072504,-1,1,1
h2,167,22,4,260,4.22639,0,11046,871,0.318809,0.0655098,-0.213402,-0.343822,0.671485,1.05,1.03462,0.692828,0.524696,0.692828,0.766612,0.670023,0.635253,577,177,0.0753709,-1,1,1
h2,168,22,4,205,0.357934,0,11039,740,0.304684,0.0569029,-0.217771,-0.342923,0.657961,1.05,1.01932,0.686062,0.51387,0.686062,0.784866,0.662251,0.625984,577,177,0.0757482,1,1,1
h2,169,22,4,284,3.80986,0,1018,9863,-0.203047,0.0305595,0.212733,-0.350325,0.563898,1.05,1.02303,0.633288,0.534506,0.637348,0.639307,0.689455,0.653253,577,177,0.0706116,1,1,1
h2,170,22,4,339,4.97111,1,1018,9802,-0.203047,0.0305595,0.252936,-0.0118427,0.457997,1.05,0.97208,0.895805,0.660239,0.895805,0.577723,0.717914,0.677889,577,177,0.077548,-1,1,1
h2,171,22,4,341,4.12317,0,9877,2656,0.212786,-0.349945,-0.170943,0.0327158,0.541933,1.05,1.07001,0.649526,0.50936,0.649526,0.646705,0.697016,0.659983,577,177,0.0704216,1,1,1
h2,172,22,4,85,2.7448,1,11020,1279,0.300629,0.0538969,-0.204452,-0.342944,0.642397,1.05,1.01207,0.730717,0.54037,0.730717,0.777688,0.688714,0.654171,577,177,0.0759841,1,1,1
h2,173,22,4,107,2.53001,0,11047,758,0.314079,0.0628309,-0.21784,-0.343538,0.669455,1.05,1.02179,0.728011,0.551421,0.728011,0.80387,0.676699,0.642769,577,177,0.0742615,-1,1,1
h2,174,22,4,304,3.14328,0,165,9863,-0.23231,0.0249414,0.212733,-0.350325,0.582142,1.05,1.03899,0.688769,0.52447,0.688769,0.711895,0.682847,0.646823,577,177,0.0808066,-1,1,1
h2,175,22,4,202,2.20672,1,10937,880,0.286709,0.0450735,-0.213438,-0.344109,0.6338,1.05,1.06344,0.715832,0.529319,0.715832,0.770228,0.687809,0.652206,577,177,0.0784215,1,1,1
h2,176,22,4,229,1.10911,1,2122,9877,-0.18459,0.0684853,0.212786,-0.349945,0.577118,1.05,1.06351,0.431664,0.363893,0.431664,0.695632,0.34798,0.311234,577,177,0.0853584,-1,1,1
h2,177,22,4,230,3.14908,1,10880,740,0.277928,0.0400038,-0.217771,-0.342923,0.626454,1.05,1.08704,0.485792,0.398286,0.485792,0.741567,0.435363,0.397094,577,177,0.0725988,1,1,1
h2,178,22,4,10,4.56235,0,9,9890,-0.249702,0.0252714,0.212895,-0.348965,0.595284,1.05,1.07654,0.640054,0.505187,0.640054,0.694928,0.661592,0.623682,577,177,0.0744969,1,1,1
h2,179,22,4,187,5.67386,1,2722,9556,-0.167755,0.0322943,0.208492,-0.350009,0.536393,1.05,1.029,0.653586,0.50654,0.653586,0.648107,0.706384,0.67038,577,177,0.0797768,-1,1,1
h2,180,22,4,44,2.68019,0,11038,718,0.330997,0.0715008,-0.221823,-0.32456,0.680078,1.05,1.03222,0.70636,0.521313,0.70636,0.78618,0.660649,0.621476,577,177,0.0787042,1,1,1
h2,181,22,4,265,1.94858,1,701,9802,-0.205156,0.0152569,0.252936,-0.0118427,0.458897,1.05,0.988916,0.473613,0.37359,0.473613,0.604172,0.474094,0.439975,577,177,0.094098,1,1,1
h2,182,22,4,149,1.27013,1,10302,57,0.222262,-0.350074,-0.238222,0.0225382,0.592365,1.05,1.04816,0.594046,0.469328,0.594046,0.684343,0.653687,0.617972,577,177,0.0754766,-1,1,1
h2,183,22,4,282,4.90154,1,2616,8400,-0.169608,0.0302896,0.190187,-0.34792,0.522012,1.05,1.01646,0.652233,0.50654,0.652233,0.640004,0.694799,0.659665,577,177,0.0716631,-1,1,1
h2,184,22,4,268,4.77223,1,11020,687,0.300629,0.0538969,-0.222029,-0.327613,0.647174,1.05,1.02964,0.654939,0.505638,0.654939,0.760779,0.653293,0.617927,577,177,0.0813201,1,1,1
h2,185,22,4,333,5.8285,1,11047,1270,0.314079,0.0628309,-0.204698,-0.342381,0.65834,1.05,1.03165,0.711773,0.534055,0.711773,0.771884,0.68419,0.650047,577,177,0.0691186,-1,1,1
h2,186,22,4,325,2.10601,1,9849,871,0.246357,-0.0172024,-0.213402,-0.343822,0.563967,1.05,1.04199,0.713126,0.540595,0.715832,0.69738,0.676589,0.635774,577,177,0.18047,-1,1,1
h2,187,22,4,298,2.10781,0,615,10312,-0.213581,0.029047,0.214137,-0.351466,0.572699,1.05,1.05169,0.660352,0.53834,0.660352,0.673498,0.691811,0.655543,577,177,0.0748509,-1,1,1
h2,188,22,4,136,2.3458,1,11037,743,0.304296,0.0582628,-0.21785,-0.3439,0.65914,1.05,1.0309,0.67659,0.516351,0.67659,0.756727,0.673501,0.638607,577,177,0.0795424,-1,1,1
h2,189,22,4,158,6.21799,0,11044,1280,0.309134,0.0598116,-0.204327,-0.343328,0.652876,1.05,1.02626,0.715832,0.542512,0.719892,0.753515,0.686665,0.650721,577,177,0.0809051,1,1,1
h2,190,22,4,113,5.47544,0,19,10223,-0.245111,0.0229883,0.221288,-0.349851,0.597318,1.05,1.02093,0.522327,0.460194,0.541272,0.701653,0.636451,0.600231,577,177,0.108853,1,1,1
h2,191,22,4,280,2.9311,1,11020,718,0.300629,0.0538969,-0.221823,-0.32456,0.645218,1.05,1.01837,0.677943,0.534055,0.677943,0.748558,0.666339,0.624723,577,177,0.0719104,-1,1,1
h2,192,22,1,53,0.834627,0,346,10789,-0.203909,-0.0287819,0.248311,0.028616,0.455997,1.05,0.994298,0.522327,0.450947,0.556157,0.560876,0.612517,0.575163,420,147,0.0894884,-1,1,1
h2,193,22,1,114,0.201621,0,5668,637,0.00318813,0.0710554,-0.226719,-0.343196,0.47383,1.05,0.998662,0.648173,0.509585,0.653586,0.615637,0.47668,0.435477,420,147,0.0749799,1,1,1
h2,194,22,1,201,3.70936,1,7662,2321,0.142933,0.0505476,-0.173863,0.0274353,0.317694,1.05,1.04785,0.614344,0.493009,0.614344,0.468864,0.613371,0.57179,420,147,0.0795518,1,1,1
h2,195,22,1,267,2.05154,1,6716,2116,0.116348,-0.330733,-0.180577,0.0329027,0.469771,1.05,0.999317,0.67659,0.538115,0.67659,0.626296,0.692033,0.657918,420,147,0.073974,-1,1,1
h2,196,22,1,99,5.92454,0,5671,2121,-0.00220299,-0.366081,-0.181225,0.0328474,0.437591,1.05,1.07446,0.836265,0.622914,0.836265,0.633695,0.782613,0.752855,420,147,0.0753607,-1,1,1
h2,197,22,1,56,0.640594,1,188,9890,-0.236787,0.0905304,0.212895,-0.348965,0.628847,1.05,0.998183,0.707713,0.524583,0.707713,0.735628,0.634339,0.596328,420,147,0.0829316,1,1,1
h2,198,22,1,239,5.14626,1,10673,660,0.250146,0.141393,-0.222329,-0.343306,0.676879,1.05,1.02139,0.746955,0.534732,0.746955,0.786132,0.612712,0.577728,420,147,0.0817602,1,1,1
h2,199,22,1,156,1.52,0,3661,10302,-0.145695,0.121476,0.222262,-0.350074,0.598315,1.05,1.00291,0.67659,0.509811,0.67659,0.752574,0.565048,0.529481,420,147,0.0880707,-1,1,1
h2,200,22,1,252,0.18712,1,3134,10880,-0.137482,-0.0178719,0.277928,0.0400038,0.419439,1.05,1.05734,0.671177,0.509811,0.671177,0.566636,0.57497,0.534989,420,147,0.0918588,-1,1,1
h2,201,22,1,294,2.96155,0,3182,10724,-0.132486,0.038887,0.243099,0.0187893,0.37649,1.05,0.958036,0.49797,0.416328,0.503383,0.528187,0.543545,0.50193,420,147,0.0846348,-1,1,1
h2,202,22,1,31,5.62036,0,6472,2116,0.0868464,-0.330324,-0.180577,0.0329027,0.45112,1.05,1.03985,0.642761,0.548038,0.645467,0.56332,0.709799,0.676003,420,147,0.0734982,1,1,1
h2,203,22,1,350,4.20103,1,7312,2722,0.13453,-0.0717201,-0.167755,0.0322943,0.319732,1.05,1.01698,0.526387,0.467185,0.534506,0.456022,0.550996,0.511372,420,147,0.0773747,1,1,1
h2,204,22,1,177,3.0122,1,6756,2116,0.106709,-0.17352,-0.180577,0.0329027,0.354164,1.05,0.918723,0.55751,0.455909,0.55751,0.505962,0.532451,0.494919,420,147,0.0802021,-1,1,1
h2,205,22,1,347,0.568455,1,505,10101,-0.223577,0.105785,0.260376,0.010519,0.493583,1.05,1.12331,0.85521,0.629905,0.85521,0.649667,0.633439,0.593623,420,147,0.0949601,1,1,1
h2,206,22,1,205,4.55701,1,1025,10724,-0.193924,0.0386143,0.243099,0.0187893,0.437525,1.05,1.07149,0.723951,0.544881,0.728011,0.607441,0.597675,0.559525,420,147,0.101247,-1,1,1
h2,207,22,1,291,3.16559,0,4918,10995,-0.0752773,-0.0322046,0.295924,0.050889,0.380388,1.05,0.988743,0.533153,0.445873,0.543978,0.516943,0.52289,0.485752,420,147,0.0837432,-1,1,1
h2,208,22,1,146,0.567497,1,4274,11020,-0.137371,-0.233546,0.300629,0.0538969,0.523981,1.05,0.990474,0.59134,0.523117,0.602165,0.680876,0.595125,0.559167,420,147,0.0749681,1,1,1
h2,209,22,1,176,3.57818,1,778,10671,-0.213925,0.0692625,0.247573,0.0175762,0.465031,1.05,1.06092,0.803789,0.599571,0.803789,0.621193,0.62863,0.588555,420,147,0.0871586,1,1,1
h2,210,22,1,246,0.723972,1,3742,10907,-0.141231,-0.105043,0.28235,0.0424652,0.44853,1.05,1.09715,0.612991,0.46899,0.614344,0.637578,0.52505,0.487805,420,147,0.0783669,1,1,1
h2,211,22,1,59,0.351084,0,4286,10671,-0.114552,0.102003,0.247573,0.0175762,0.371905,1.05,1.0605,0.664411,0.501466,0.664411,0.561816,0.586483,0.544548,420,147,0.0926177,-1,1,1
h2,212,22,1,216,3.3022,0,4376,10724,-0.113137,0.055728,0.243099,0.0187893,0.359603,1.05,0.958827,0.602165,0.481281,0.602165,0.473173,0.5929,0.5537,420,147,0.0843274,-1,1,1
h2,213,22,1,217,0.14169,0,3432,10907,-0.148687,-0.0134373,0.28235,0.0424652,0.434749,1.05,1.07994,0.698241,0.530221,0.698241,0.586698,0.583235,0.5422,420,147,0.0998179,-1,1,1
h2,214,22,1,140,3.34336,0,3904,10818,-0.141008,-0.0155516,0.269547,0.0352201,0.41433,1.05,0.953356,0.608931,0.474853,0.62111,0.605995,0.55808,0.517746,420,147,0.110159,-1,1,1
h2,215,22,1,3,4.81761,0,6806,701,0.104789,0.0430241,-0.205156,0.0152569,0.31137,1.05,0.934051,0.426252,0.373139,0.426252,0.463367,0.576767,0.536425,420,147,0.0870803,1,1,1
h2,216,22,1,307,0.375659,0,8510,72,0.157069,0.116437,-0.232005,-0.00155163,0.406675,1.05,0.963157,0.737483,0.558074,0.737483,0.54208,0.61172,0.569337,420,147,0.0831953,-1,1,1
h2,217,22,1,219,0.875401,0,6988,2656,0.12151,-0.0917244,-0.170943,0.0327158,0.318039,1.05,1.03336,0.516915,0.463239,0.542625,0.463011,0.523999,0.48562,420,147,0.0789741,-1,1,1
h2,218,22,1,20,5.07589,0,9641,2722,0.193765,-0.168233,-0.167755,0.0322943,0.41341,1.05,1.03331,0.553451,0.46166,0.562923,0.53448,0.576417,0.538746,420,147,0.0754735,1,1,1
h2,219,22,1,317,2.66872,1,3441,10220,-0.146967,0.0856695,0.259429,0.0142794,0.413297,1.05,0.99806,0.652233,0.513645,0.654939,0.548936,0.59464,0.552739,420,147,0.0860386,1,1,1
h2,220,22,1,311,2.46152,1,8277,648,0.177245,0.128924,-0.222504,-0.343659,0.619003,1.05,1.07893,0.710419,0.50406,0.710419,0.77405,0.557717,0.521179,420,147,0.0851552,-1,1,1
h2,221,22,1,192,2.74314,1,6935,2116,0.119812,-0.18978,-0.180577,0.0329027,0.374312,1.05,0.930466,0.579161,0.458954,0.579161,0.524729,0.547599,0.509331,420,147,0.12493,-1,1,1
h2,222,22,1,146,2.49541,0,4274,11020,-0.137371,-0.233546,0.300629,0.0538969,0.523981,1.05,0.995454,0.595399,0.521538,0.600812,0.691411,0.595396,0.559393,420,147,0.0741031,1,1,1
h2,223,22,1,11,1.94877,0,2006,10805,-0.173115,-0.0138502,0.265274,0.0333366,0.441146,1.05,1.02076,0.673884,0.520636,0.673884,0.627882,0.589471,0.550121,420,147,0.0997922,1,1,1
h2,224,22,1,165,0.521969,0,8843,2321,0.16737,-0.0443268,-0.173863,0.0274353,0.348705,1.05,1.0196,0.488498,0.448241,0.503383,0.493183,0.588706,0.549415,420,147,0.0873531,-1,1,1
h2,225,22,1,206,5.11131,1,8980,72,0.223664,0.0714617,-0.232005,-0.00155163,0.461719,1.05,1.08331,0.771313,0.597429,0.771313,0.620443,0.635031,0.591044,420,147,0.0866195,-1,1,1
h2,226,22,1,45,0.319722,0,10394,648,0.232576,0.168693,-0.222504,-0.343659,0.685277,1.05,1.09868,0.694181,0.515223,0.694181,0.824138,0.572723,0.533577,420,147,0.082308,1,1,1
h2,227,22,1,224,4.74184,0,5733,2116,0.00246334,-0.349196,-0.180577,0.0329027,0.423729,1.05,1.09719,0.427605,0.38622,0.461434,0.551178,0.381986,0.350204,420,147,0.0732393,-1,1,1
h2,228,22,1,300,1.53674,1,1608,10724,-0.190493,0.0453444,0.243099,0.0187893,0.4355,1.05,1.05543,0.746955,0.56484,0.746955,0.603294,0.613054,0.574745,420,147,0.0881156,-1,1,1
h2,229,22,1,205,3.1842,0,1025,10671,-0.193924,0.0386143,0.247573,0.0175762,0.442037,1.05,1.07825,0.763193,0.572057,0.763193,0.600744,0.604914,0.566794,420,147,0.0978241,1,1,1
h2,230,22,1,210,6.1766,0,8066,72,0.17243,0.0937948,-0.232005,-0.00155163,0.415832,1.05,1.02229,0.721245,0.544655,0.721245,0.616122,0.59591,0.552846,420,147,0.083004,-1,1,1
h2,231,22,1,78,0.84093,1,324,10724,-0.228332,0.052722,0.243099,0.0187893,0.473178,1.05,1.10949,0.776725,0.579387,0.776725,0.621971,0.630032,0.589929,420,147,0.0888245,-1,1,1
h2,232,22,1,275,0.165517,1,2269,10302,-0.161866,0.114242,0.222262,-0.350074,0.60263,1.05,1.05047,0.686062,0.503947,0.686062,0.773766,0.582718,0.526842,420,147,0.0997503,1,1,1
h2,233,22,1,76,5.33598,1,3124,10220,-0.146155,0.102708,0.259429,0.0142794,0.415633,1.05,0.979862,0.751015,0.55627,0.751015,0.561974,0.598981,0.561608,420,147,0.0906346,-1,1,1
h2,234,22,1,86,4.81903,0,3744,10724,-0.15004,0.0627108,0.243099,0.0187893,0.396926,1.05,1.01935,0.694181,0.531349,0.694181,0.542854,0.594826,0.553803,420,147,0.0842507,1,1,1
h2,235,22,1,70,2.40944,0,961,10302,-0.213955,0.168221,0.222262,-0.350074,0.677548,1.05,1.09037,0.683356,0.499436,0.683356,0.820078,0.550443,0.515141,420,147,0.0803743,-1,1,1
h2,236,22,1,310,2.63385,0,5736,637,0.0112362,0.153214,-0.226719,-0.343196,0.550499,1.05,1.03787,0.757781,0.561457,0.771313,0.686235,0.450452,0.413185,420,147,0.0709022,-1,1,1
h2,237,22,1,27,0.202982,1,8788,2722,0.176443,-0.132389,-0.167755,0.0322943,0.381568,1.05,1.00351,0.588633,0.477785,0.615697,0.574492,0.566915,0.527817,420,147,0.0753536,1,1,1
h2,238,22,1,41,4.41361,0,1870,10789,-0.18296,0.03584,0.248311,0.028616,0.431644,1.05,1.03654,0.686062,0.51793,0.687415,0.613541,0.593608,0.553948,420,147,0.0912797,1,1,1
h2,239,22,1,242,5.28083,1,8888,72,0.192494,0.110998,-0.232005,-0.00155163,0.439249,1.05,1.09328,0.749662,0.560555,0.759134,0.611622,0.612369,0.569356,420,147,0.0999885,1,1,1
h2,192,22,2,53,0.834627,0,10789,72,0.248311,0.028616,-0.232005,-0.00155163,0.481379,1.05,1.0978,0.445196,0.409224,0.446549,0.588923,0.509548,0.471928,313,170,0.0959212,1,1,1
h2,193,22,2,114,0.201621,0,637,10937,-0.226719,-0.343196,0.286709,0.0450735,0.64375,1.05,0.993664,0.607578,0.453654,0.607578,0.782738,0.485151,0.448641,313,170,0.071055,-1,1,1
h2,194,22,2,201,3.70936,1,2321,10071,-0.173863,0.0274353,0.216829,-0.349864,0.543168,1.05,1.04619,0.614344,0.509472,0.614344,0.650751,0.693848,0.652267,313,170,0.0844216,-1,1,1
h2,195,22,2,267,2.05154,1,2116,9863,-0.180577,0.0329027,0.212733,-0.350325,0.54919,1.05,1.02811,0.622463,0.526274,0.622463,0.635924,0.694349,0.657548,313,170,0.0715174,1,1,1
h2,196,22,2,99,5.92454,0,2121,9863,-0.181225,0.0328474,0.212733,-0.350325,0.549617,1.05,1.04807,0.612991,0.527627,0.612991,0.649829,0.690816,0.653332,313,170,0.0718089,1,1,1
h2,197,22,2,56,0.640594,1,9890,1018,0.212895,-0.348965,-0.203047,0.0305595,0.563101,1.05,1.04874,0.633288,0.524357,0.649526,0.660851,0.693829,0.655818,313,170,0.0717155,-1,1,1
h2,198,22,2,239,5.14626,1,660,11020,-0.222329,-0.343306,0.300629,0.0538969,0.656777,1.05,1.07165,0.688769,0.532927,0.690122,0.743536,0.680982,0.645998,313,170,0.0701515,-1,1,1
h2,199,22,2,156,1.52,0,10302,2436,0.222262,-0.350074,-0.175793,0.0333147,0.552786,1.05,1.02655,0.629229,0.492219,0.629229,0.66642,0.679692,0.644125,313,170,0.0707811,1,1,1
h2,200,22,2,252,0.18712,1,10880,871,0.277928,0.0400038,-0.213402,-0.343822,0.623553,1.05,1.03842,0.657645,0.511277,0.657645,0.711088,0.675503,0.635522,313,170,0.0723157,1,1,1
h2,201,22,2,294,2.96155,0,10724,743,0.243099,0.0187893,-0.21785,-0.3439,0.586766,1.05,1.03129,0.43843,0.346865,0.43843,0.700032,0.419668,0.378053,313,170,0.0788783,1,1,1
h2,202,22,2,31,5.62036,0,2116,9863,-0.180577,0.0329027,0.212733,-0.350325,0.54919,1.05,1.06271,0.611637,0.527515,0.633288,0.608797,0.692584,0.655353,313,170,0.0712458,-1,1,1
h2,203,22,2,350,4.20103,1,2722,9863,-0.167755,0.0322943,0.212733,-0.350325,0.5396,1.05,1.02407,0.633288,0.514096,0.633288,0.642742,0.691166,0.651542,313,170,0.0777583,-1,1,1
h2,204,22,2,177,3.0122,1,2116,9877,-0.180577,0.0329027,0.212786,-0.349945,0.548964,1.05,1.01333,0.49797,0.409901,0.504736,0.662067,0.487197,0.449665,313,170,0.0726113,1,1,1
h2,205,22,2,347,0.568455,1,10101,871,0.260376,0.010519,-0.213402,-0.343822,0.591802,1.05,1.04613,0.581867,0.444069,0.581867,0.731054,0.494036,0.454221,313,170,0.081876,-1,1,1
h2,206,22,2,205,4.55701,1,10724,1279,0.243099,0.0187893,-0.204452,-0.342944,0.575685,1.05,1.0558,0.694181,0.518719,0.694181,0.674577,0.688202,0.650052,313,170,0.0792025,1,1,1
h2,207,22,2,291,3.16559,0,10995,871,0.295924,0.050889,-0.213402,-0.343822,0.644438,1.05,1.0616,0.705007,0.531687,0.705007,0.754658,0.682376,0.645238,313,170,0.0767742,1,1,1
h2,208,22,2,146,0.567497,1,11020,871,0.300629,0.0538969,-0.213402,-0.343822,0.649999,1.05,1.02107,0.677943,0.520636,0.677943,0.755514,0.681765,0.645807,313,170,0.0801931,-1,1,1
h2,209,22,2,176,3.57818,1,10671,1059,0.247573,0.0175762,-0.208993,-0.344123,0.582692,1.05,1.01773,0.52774,0.460983,0.529093,0.662576,0.661707,0.621632,313,170,0.0884532,-1,1,1
h2,210,22,2,246,0.723972,1,10907,1059,0.28235,0.0424652,-0.208993,-0.344123,0.62527,1.05,1.0557,0.722598,0.52977,0.722598,0.740272,0.683136,0.645832,313,170,0.0750543,-1,1,1
h2,211,22,2,59,0.351084,0,10671,1059,0.247573,0.0175762,-0.208993,-0.344123,0.582692,1.05,1.06047,0.713126,0.545332,0.713126,0.704165,0.704479,0.662544,313,170,0.0696203,1,1,1
h2,212,22,2,216,3.3022,0,10724,880,0.243099,0.0187893,-0.213438,-0.344109,0.583434,1.05,1.04549,0.675237,0.533153,0.675237,0.685643,0.682468,0.643268,313,170,0.0868323,1,1,1
h2,213,22,2,217,0.14169,0,10907,880,0.28235,0.0424652,-0.213438,-0.344109,0.628758,1.05,1.03435,0.633288,0.51387,0.633288,0.707187,0.680392,0.639357,313,170,0.0912046,1,1,1
h2,214,22,2,140,3.34336,0,10818,871,0.269547,0.0352201,-0.213402,-0.343822,0.614006,1.05,1.03607,0.575101,0.429522,0.575101,0.77018,0.484276,0.443942,313,170,0.078112,1,1,1
h2,215,22,2,3,4.81761,0,701,10071,-0.205156,0.0152569,0.216829,-0.349864,0.558033,1.05,1.04045,0.653586,0.518719,0.653586,0.682555,0.689072,0.64873,313,170,0.0892435,-1,1,1
h2,216,22,2,307,0.375659,0,72,10071,-0.232005,-0.00155163,0.216829,-0.349864,0.5682,1.05,1.02361,0.642761,0.524244,0.642761,0.67198,0.692598,0.650215,313,170,0.082731,1,1,1
h2,217,22,2,219,0.875401,0,2656,9863,-0.170943,0.0327158,0.212733,-0.350325,0.542164,1.05,1.0515,0.644114,0.518606,0.644114,0.653512,0.689836,0.651456,313,170,0.0702112,1,1,1
h2,218,22,2,20,5.07589,0,2722,9863,-0.167755,0.0322943,0.212733,-0.350325,0.5396,1.05,1.07671,0.654939,0.514434,0.654939,0.659844,0.695453,0.657782,313,170,0.0722907,-1,1,1
h2,219,22,2,317,2.66872,1,10220,871,0.259429,0.0142794,-0.213402,-0.343822,0.593339,1.05,1.04135,0.594046,0.495489,0.611637,0.687171,0.684808,0.642907,313,170,0.0929679,-1,1,1
h2,220,22,2,311,2.46152,1,648,10995,-0.222504,-0.343659,0.295924,0.050889,0.651564,1.05,1.02001,0.687415,0.540934,0.700947,0.770875,0.678679,0.642141,313,170,0.0695039,1,1,1
h2,221,22,2,192,2.74314,1,2116,9863,-0.180577,0.0329027,0.212733,-0.350325,0.54919,1.05,1.02163,0.660352,0.532589,0.660352,0.677106,0.694835,0.656567,313,170,0.0782166,1,1,1
h2,222,22,2,146,2.49541,0,11020,871,0.300629,0.0538969,-0.213402,-0.343822,0.649999,1.05,1.01983,0.709066,0.532589,0.709066,0.777236,0.683925,0.647325,313,170,0.0940754,-1,1,1
h2,223,22,2,11,1.94877,0,10805,1059,0.265274,0.0333366,-0.208993,-0.344123,0.606213,1.05,1.00117,0.589987,0.452075,0.599459,0.766331,0.502148,0.462799,313,170,0.0813286,-1,1,1
h2,224,22,2,165,0.521969,0,2321,9877,-0.173863,0.0274353,0.212786,-0.349945,0.540308,1.05,1.01965,0.575101,0.5,0.585927,0.625628,0.699148,0.659857,313,170,0.0765993,1,1,1
h2,225,22,2,206,5.11131,1,72,9877,-0.232005,-0.00155163,0.212786,-0.349945,0.565039,1.05,1.02768,0.668471,0.528868,0.668471,0.678796,0.690564,0.646577,313,170,0.0754381,1,1,1
h2,226,22,2,45,0.319722,0,648,10995,-0.222504,-0.343659,0.295924,0.050889,0.651564,1.05,1.02235,0.660352,0.527402,0.665765,0.754277,0.682248,0.644198,313,170,0.0698684,-1,1,1
h2,227,22,2,224,4.74184,0,2116,6193,-0.180577,0.0329027,0.0642271,-0.366015,0.468352,1.05,1.04419,0.399188,0.332206,0.404601,0.556521,0.378644,0.326341,313,170,0.0837878,1,1,1
h2,228,22,2,300,1.53674,1,10724,1059,0.243099,0.0187893,-0.208993,-0.344123,0.579975,1.05,1.05043,0.558863,0.43595,0.558863,0.709661,0.488757,0.450448,313,170,0.072923,1,1,1
h2,229,22,2,205,3.1842,0,10671,1059,0.247573,0.0175762,-0.208993,-0.344123,0.582692,1.05,1.02487,0.686062,0.529996,0.699594,0.687606,0.688404,0.650284,313,170,0.0757149,-1,1,1
h2,230,22,2,210,6.1766,0,72,9877,-0.232005,-0.00155163,0.212786,-0.349945,0.565039,1.05,1.02953,0.760487,0.544317,0.760487,0.730875,0.691803,0.648739,313,170,0.0715152,1,1,1
h2,231,22,2,78,0.84093,1,10724,871,0.243099,0.0187893,-0.213402,-0.343822,0.583225,1.05,1.01292,0.558863,0.435611,0.564276,0.725451,0.499923,0.45982,313,170,0.0897998,1,1,1
h2,232,22,2,275,0.165517,1,10302,1819,0.222262,-0.350074,-0.186354,0.0327301,0.560067,1.05,1.0315,0.658999,0.51917,0.658999,0.693643,0.68853,0.651377,313,170,0.0689061,-1,1,1
h2,233,22,2,76,5.33598,1,10220,1059,0.259429,0.0142794,-0.208993,-0.344123,0.590021,1.05,1.02628,0.665765,0.52571,0.665765,0.669127,0.682459,0.644854,313,170,0.0758883,1,1,1
h2,234,22,2,86,4.81903,0,10724,1059,0.243099,0.0187893,-0.208993,-0.344123,0.579975,1.05,1.0302,0.67253,0.5318,0.673884,0.672806,0.688549,0.647525,313,170,0.0868414,-1,1,1
h2,235,22,2,70,2.40944,0,10302,2116,0.222262,-0.350074,-0.180577,0.0329027,0.555989,1.05,1.01859,0.619756,0.534506,0.623816,0.661533,0.686006,0.648588,313,170,0.0733836,1,1,1
h2,236,22,2,310,2.63385,0,637,11020,-0.226719,-0.343196,0.300629,0.0538969,0.660175,1.05,1.03655,0.661705,0.541949,0.661705,0.740175,0.673314,0.636047,313,170,0.0687318,1,1,1
h2,237,22,2,27,0.202982,1,2722,9863,-0.167755,0.0322943,0.212733,-0.350325,0.5396,1.05,1.01148,0.626522,0.514096,0.626522,0.648209,0.694058,0.654961,313,170,0.0717593,-1,1,1
h2,238,22,2,41,4.41361,0,10789,1059,0.248311,0.028616,-0.208993,-0.344123,0.59024,1.05,1.04609,0.537212,0.404714,0.537212,0.752409,0.475388,0.435728,313,170,0.0809353,-1,1,1
h2,239,22,2,242,5.28083,1,72,9863,-0.232005,-0.00155163,0.212733,-0.350325,0.565232,1.05,1.05585,0.533153,0.418922,0.538566,0.700972,0.501875,0.458862,313,170,0.130849,-1,1,1
h2,192,22,3,53,0.834627,0,72,10599,-0.232005,-0.00155163,0.252078,0.0181723,0.484572,1.05,1.06124,0.484438,0.418471,0.484438,0.620225,0.518615,0.480996,497,167,0.0753734,-1,1,1
h2,193,22,3,114,0.201621,0,10937,1279,0.286709,0.0450735,-0.204452,-0.342944,0.626004,1.05,1.00072,0.658999,0.530221,0.658999,0.74369,0.6839,0.64739,497,167,0.0843599,1,1,1
h2,194,22,3,201,3.70936,1,10071,1819,0.216829,-0.349864,-0.186354,0.0327301,0.555847,1.05,1.02554,0.682003,0.512179,0.682003,0.700885,0.693151,0.659061,497,167,0.0830571,1,1,1
h2,195,22,3,267,2.05154,1,9863,370,0.212733,-0.350325,-0.22367,0.0273418,0.577143,1.05,1.04438,0.619756,0.51263,0.619756,0.674777,0.686713,0.649912,497,167,0.0777102,-1,1,1
h2,196,22,3,99,5.92454,0,9863,478,0.212733,-0.350325,-0.218651,0.026967,0.573127,1.05,1.02781,0.648173,0.517479,0.648173,0.697855,0.688931,0.651447,497,167,0.0771889,-1,1,1
h2,197,22,3,56,0.640594,1,1018,9877,-0.203047,0.0305595,0.212786,-0.349945,0.563681,1.05,1.06473,0.614344,0.516125,0.614344,0.65686,0.692095,0.655651,497,167,0.0745739,1,1,1
h2,198,22,3,239,5.14626,1,11020,880,0.300629,0.0538969,-0.213438,-0.344109,0.650204,1.05,1.0677,0.700947,0.549842,0.700947,0.752242,0.679925,0.645088,497,167,0.0690371,1,1,1
h2,199,22,3,156,1.52,0,2436,10339,-0.175793,0.0333147,0.220572,-0.333648,0.540302,1.05,1.01023,0.599459,0.477447,0.599459,0.617046,0.661388,0.624497,497,167,0.0759479,-1,1,1
h2,200,22,3,252,0.18712,1,871,11029,-0.213402,-0.343822,0.318832,0.0562401,0.665825,1.05,1.07479,0.705007,0.526387,0.705007,0.762675,0.664397,0.629033,497,167,0.0741515,-1,1,1
h2,201,22,3,294,2.96155,0,743,11029,-0.21785,-0.3439,0.318832,0.0562401,0.669433,1.05,1.04633,0.552097,0.415426,0.552097,0.762385,0.473219,0.433686,497,167,0.0824009,-1,1,1
h2,202,22,3,31,5.62036,0,9863,1018,0.212733,-0.350325,-0.203047,0.0305595,0.563898,1.05,1.02548,0.637348,0.511276,0.637348,0.66885,0.689202,0.651971,497,167,0.0775128,1,1,1
h2,203,22,3,350,4.20103,1,9863,258,0.212733,-0.350325,-0.227717,0.0253763,0.578921,1.05,1.04733,0.692828,0.517253,0.692828,0.717987,0.687015,0.651454,497,167,0.070953,1,1,1
h2,204,22,3,177,3.0122,1,9877,2593,0.212786,-0.349945,-0.170029,0.0301771,0.539486,1.05,1.04603,0.464141,0.401669,0.481732,0.629758,0.489014,0.452847,497,167,0.0790076,-1,1,1
h2,205,22,3,347,0.568455,1,871,10805,-0.213402,-0.343822,0.265274,0.0333366,0.609478,1.05,1.05575,0.519621,0.416779,0.519621,0.738329,0.482315,0.445654,497,167,0.0756152,1,1,1
h2,206,22,3,205,4.55701,1,1279,10937,-0.204452,-0.342944,0.286709,0.0450735,0.626004,1.05,1.02711,0.665765,0.517817,0.665765,0.722529,0.681086,0.644282,497,167,0.0743842,-1,1,1
h2,207,22,3,291,3.16559,0,871,11020,-0.213402,-0.343822,0.300629,0.0538969,0.649999,1.05,1.01436,0.723951,0.541498,0.723951,0.785988,0.68184,0.645302,497,167,0.0814079,-1,1,1
h2,208,22,3,146,0.567497,1,871,11038,-0.213402,-0.343822,0.330997,0.0715008,0.684749,1.05,1.02164,0.730717,0.542964,0.730717,0.792971,0.671662,0.635745,497,167,0.0775621,1,1,1
h2,209,22,3,176,3.57818,1,1059,11039,-0.208993,-0.344123,0.304684,0.0569029,0.651752,1.05,1.07982,0.55751,0.471922,0.573748,0.739433,0.59479,0.560493,497,167,0.101779,1,1,1
h2,210,22,3,246,0.723972,1,1059,11032,-0.208993,-0.344123,0.328716,0.0687876,0.677957,1.05,1.07092,0.728011,0.540032,0.728011,0.800107,0.674617,0.637313,497,167,0.0714183,1,1,1
h2,211,22,3,59,0.351084,0,1059,10937,-0.208993,-0.344123,0.286709,0.0450735,0.630309,1.05,1.04996,0.656292,0.532589,0.656292,0.699278,0.696031,0.659345,497,167,0.0730282,-1,1,1
h2,212,22,3,216,3.3022,0,880,11044,-0.213438,-0.344109,0.309134,0.0598116,0.660548,1.05,1.05192,0.687415,0.540708,0.687415,0.771893,0.677251,0.640287,497,167,0.0884158,-1,1,1
h2,213,22,3,217,0.14169,0,880,11038,-0.213438,-0.344109,0.330997,0.0715008,0.684952,1.05,1.0815,0.695535,0.524019,0.695535,0.798791,0.662487,0.626928,497,167,0.075969,-1,1,1
h2,214,22,3,140,3.34336,0,871,10761,-0.213402,-0.343822,0.241348,0.022975,0.584512,1.05,1.05492,0.491204,0.39152,0.491204,0.71848,0.472282,0.437069,497,167,0.0755956,-1,1,1
h2,215,22,3,3,4.81761,0,10071,0,0.216829,-0.349864,-0.259423,0.0227871,0.605016,1.05,1.02661,0.684709,0.523342,0.684709,0.756481,0.681741,0.647084,497,167,0.0753308,1,1,1
h2,216,22,3,307,0.375659,0,10071,1247,0.216829,-0.349864,-0.197655,0.032733,0.564085,1.05,1.0686,0.629229,0.514321,0.633288,0.672295,0.688683,0.653966,497,167,0.0771521,-1,1,1
h2,217,22,3,219,0.875401,0,9863,2436,0.212733,-0.350325,-0.175793,0.0333147,0.546046,1.05,1.01522,0.652233,0.511051,0.652233,0.680324,0.69687,0.660985,497,167,0.078079,-1,1,1
h2,218,22,3,20,5.07589,0,9863,1819,0.212733,-0.350325,-0.186354,0.0327301,0.55322,1.05,1.0853,0.673884,0.508796,0.673884,0.683587,0.695335,0.658912,497,167,0.0916282,1,1,1
h2,219,22,3,317,2.66872,1,871,11044,-0.213402,-0.343822,0.309134,0.0598116,0.660343,1.05,1.02616,0.64682,0.512291,0.64682,0.756108,0.67822,0.642738,497,167,0.0981082,1,1,1
h2,220,22,3,311,2.46152,1,10995,342,0.295924,0.050889,-0.216388,-0.0210953,0.517426,1.05,1.04829,1,0.70512,1,0.625162,0.718948,0.677384,497,167,0.0747749,-1,1,1
h2,221,22,3,192,2.74314,1,9863,2722,0.212733,-0.350325,-0.167755,0.0322943,0.5396,1.05,1.07309,0.612991,0.518381,0.627876,0.618548,0.694064,0.657934,497,167,0.0796485,-1,1,1
h2,222,22,3,146,2.49541,0,871,11041,-0.213402,-0.343822,0.328109,0.0713987,0.682448,1.05,1.0312,0.755074,0.549278,0.755074,0.822703,0.682916,0.646316,497,167,0.0700375,1,1,1
h2,223,22,3,11,1.94877,0,1059,10220,-0.208993,-0.344123,0.259429,0.0142794,0.590021,1.05,1.05012,0.519621,0.407871,0.5318,0.688586,0.487683,0.450003,497,167,0.0747207,1,1,1
h2,224,22,3,165,0.521969,0,9877,165,0.212786,-0.349945,-0.23231,0.0249414,0.581938,1.05,1.00966,0.648173,0.531913,0.648173,0.675229,0.688233,0.652752,497,167,0.075119,-1,1,1
h2,225,22,3,206,5.11131,1,9877,258,0.212786,-0.349945,-0.227717,0.0253763,0.578715,1.05,1.01748,0.665765,0.522328,0.665765,0.708506,0.689691,0.653314,497,167,0.0728291,-1,1,1
h2,226,22,3,45,0.319722,0,10995,1059,0.295924,0.050889,-0.208993,-0.344123,0.641148,1.05,1.01917,0.658999,0.522102,0.658999,0.72943,0.676903,0.641798,497,167,0.0686287,1,1,1
h2,227,22,3,224,4.74184,0,6193,1018,0.0642271,-0.366015,-0.203047,0.0305595,0.478487,1.05,1.06755,0.741543,0.548151,0.741543,0.603739,0.70743,0.661513,497,167,0.0817732,-1,1,1
h2,228,22,3,300,1.53674,1,1059,11038,-0.208993,-0.344123,0.330997,0.0715008,0.681434,1.05,1.03438,0.55751,0.41723,0.55751,0.794237,0.456046,0.419952,497,167,0.0770435,-1,1,1
h2,229,22,3,205,3.1842,0,1059,11020,-0.208993,-0.344123,0.300629,0.0538969,0.646707,1.05,1.05024,0.703654,0.534619,0.703654,0.736321,0.688047,0.652817,497,167,0.0723792,1,1,1
h2,230,22,3,210,6.1766,0,9877,1819,0.212786,-0.349945,-0.186354,0.0327301,0.552996,1.05,1.01804,0.668471,0.517479,0.668471,0.700306,0.692779,0.655649,497,167,0.0754663,-1,1,1
h2,231,22,3,78,0.84093,1,871,10599,-0.213402,-0.343822,0.252078,0.0181723,0.589896,1.05,1.04519,0.480379,0.38949,0.492557,0.685277,0.489993,0.452801,497,167,0.0764468,-1,1,1
h2,232,22,3,275,0.165517,1,1819,10319,-0.186354,0.0327301,0.219303,-0.350582,0.558363,1.05,1.03404,0.623816,0.509134,0.631935,0.680639,0.671678,0.634525,497,167,0.0798302,1,1,1
h2,233,22,3,76,5.33598,1,1059,11044,-0.208993,-0.344123,0.309134,0.0598116,0.657049,1.05,1.01948,0.67659,0.511276,0.67659,0.754644,0.673638,0.636033,497,167,0.0769671,-1,1,1
h2,234,22,3,86,4.81903,0,1059,11041,-0.208993,-0.344123,0.328109,0.0713987,0.679142,1.05,1.01423,0.752368,0.542738,0.752368,0.798922,0.671562,0.636877,497,167,0.08359,1,1,1
h2,235,22,3,70,2.40944,0,2116,9560,-0.180577,0.0329027,0.20837,-0.349643,0.545597,1.05,1.00834,0.663058,0.516464,0.663058,0.683586,0.688584,0.651166,497,167,0.0835011,-1,1,1
h2,236,22,3,310,2.63385,0,11020,880,0.300629,0.0538969,-0.213438,-0.344109,0.650204,1.05,1.04052,0.682003,0.536874,0.682003,0.733236,0.678592,0.6451,497,167,0.0729285,-1,1,1
h2,237,22,3,27,0.202982,1,9863,258,0.212733,-0.350325,-0.227717,0.0253763,0.578921,1.05,1.02359,0.641407,0.514321,0.641407,0.675436,0.68493,0.648825,497,167,0.0862917,1,1,1
h2,238,22,3,41,4.41361,0,1059,10599,-0.208993,-0.344123,0.252078,0.0181723,0.586615,1.05,1.06496,0.380244,0.313487,0.381597,0.726255,0.28738,0.250797,497,167,0.0770381,1,1,1
h2,239,22,3,242,5.28083,1,9863,1529,0.212733,-0.350325,-0.187603,0.0228758,0.547362,1.05,1.04528,0.481732,0.405052,0.491204,0.65752,0.494577,0.457978,497,167,0.0744168,1,1,1
h2,192,22,4,53,0.834627,0,10599,871,0.252078,0.0181723,-0.213402,-0.343822,0.589896,1.05,1.05938,0.626522,0.521876,0.627876,0.693344,0.637064,0.599841,508,176,0.151933,1,1,1
h2,193,22,4,114,0.201621,0,1279,11038,-0.204452,-0.342944,0.330997,0.0715008,0.677115,1.05,1.0475,0.703654,0.543866,0.703654,0.7869,0.66647,0.634876,508,176,0.0737505,-1,1,1
h2,194,22,4,201,3.70936,1,1819,8957,-0.186354,0.0327301,0.199336,-0.348453,0.542316,1.05,1.04461,0.642761,0.51793,0.663058,0.64685,0.701394,0.664631,508,176,0.0919441,-1,1,1
h2,195,22,4,267,2.05154,1,370,9863,-0.22367,0.0273418,0.212733,-0.350325,0.577143,1.05,1.03151,0.673884,0.50857,0.673884,0.706593,0.69005,0.653345,508,176,0.0711018,1,1,1
h2,196,22,4,99,5.92454,0,478,8957,-0.218651,0.026967,0.199336,-0.348453,0.561859,1.05,1.02414,0.65088,0.516689,0.65088,0.680048,0.679885,0.645459,508,176,0.0733192,1,1,1
h2,197,22,4,56,0.640594,1,9877,615,0.212786,-0.349945,-0.213581,0.029047,0.570493,1.05,1.08476,0.656292,0.523004,0.656292,0.66409,0.68991,0.653466,508,176,0.072026,-1,1,1
h2,198,22,4,239,5.14626,1,880,11038,-0.213438,-0.344109,0.330997,0.0715008,0.684952,1.05,1.02409,0.703654,0.539693,0.709066,0.801613,0.673926,0.639089,508,176,0.0692642,-1,1,1
h2,199,22,4,156,1.52,0,10339,1018,0.220572,-0.333648,-0.203047,0.0305595,0.558803,1.05,1.07525,0.584574,0.468651,0.603518,0.663651,0.64323,0.606339,508,176,0.0762714,1,1,1
h2,200,22,4,252,0.18712,1,11029,648,0.318832,0.0562401,-0.222504,-0.343659,0.673027,1.05,1.07165,0.692828,0.519621,0.692828,0.758318,0.657892,0.625197,508,176,0.0749796,1,1,1
h2,201,22,4,294,2.96155,0,11029,637,0.318832,0.0562401,-0.226719,-0.343196,0.67615,1.05,1.08027,0.541272,0.40742,0.541272,0.78179,0.461582,0.418888,508,176,0.0829748,1,1,1
h2,202,22,4,31,5.62036,0,1018,9556,-0.203047,0.0305595,0.208492,-0.350009,0.560564,1.05,1.02329,0.607578,0.490979,0.608931,0.680746,0.65485,0.620934,508,176,0.091696,-1,1,1
h2,203,22,4,350,4.20103,1,258,10223,-0.227717,0.0253763,0.221288,-0.349851,0.585154,1.05,1.04966,0.668471,0.507668,0.668471,0.698559,0.674981,0.639992,508,176,0.0727789,-1,1,1
h2,204,22,4,177,3.0122,1,2593,9560,-0.170029,0.0301771,0.20837,-0.349643,0.536148,1.05,1.04911,0.469553,0.399526,0.487145,0.647754,0.483237,0.446013,508,176,0.0727988,1,1,1
h2,205,22,4,347,0.568455,1,10805,676,0.265274,0.0333366,-0.225438,-0.331017,0.61119,1.05,1.06133,0.661705,0.494136,0.661705,0.750093,0.642614,0.603715,508,176,0.0984245,-1,1,1
h2,206,22,4,205,4.55701,1,10937,2280,0.286709,0.0450735,-0.186258,-0.343014,0.611873,1.05,1.01929,0.656292,0.51184,0.656292,0.705463,0.682347,0.650432,508,176,0.0829236,1,1,1
h2,207,22,4,291,3.16559,0,11020,758,0.300629,0.0538969,-0.21784,-0.343538,0.653345,1.05,1.00543,0.683356,0.519396,0.683356,0.771042,0.679281,0.643082,508,176,0.101177,1,1,1
h2,208,22,4,146,0.567497,1,11038,880,0.330997,0.0715008,-0.213438,-0.344109,0.684952,1.05,1.01347,0.682003,0.481732,0.682003,0.835612,0.464016,0.430122,508,176,0.0800859,-1,1,1
h2,209,22,4,176,3.57818,1,11039,880,0.304684,0.0569029,-0.213438,-0.344109,0.65525,1.05,1.09126,0.664411,0.526725,0.664411,0.741539,0.667417,0.632408,508,176,0.0778896,-1,1,1
h2,210,22,4,246,0.723972,1,11032,743,0.328716,0.0687876,-0.21785,-0.3439,0.684869,1.05,1.06442,0.725304,0.543866,0.725304,0.781064,0.674306,0.64022,508,176,0.0774491,-1,1,1
h2,211,22,4,59,0.351084,0,10937,758,0.286709,0.0450735,-0.21784,-0.343538,0.636934,1.05,1.03852,0.671177,0.530785,0.671177,0.711854,0.688867,0.653676,508,176,0.0735781,1,1,1
h2,212,22,4,216,3.3022,0,11044,758,0.309134,0.0598116,-0.21784,-0.343538,0.663692,1.05,1.05443,0.682003,0.522891,0.682003,0.758582,0.661097,0.628084,508,176,0.0916667,1,1,1
h2,213,22,4,217,0.14169,0,11038,648,0.330997,0.0715008,-0.222504,-0.343659,0.691912,1.05,1.07346,0.718539,0.530672,0.718539,0.811528,0.666116,0.629724,508,176,0.0800633,1,1,1
h2,214,22,4,140,3.34336,0,10761,814,0.241348,0.022975,-0.208155,0.0282202,0.450186,1.05,1.02401,0.473613,0.371448,0.473613,0.589659,0.479202,0.441503,508,176,0.0919513,1,1,1
h2,215,22,4,3,4.81761,0,0,10101,-0.259423,0.0227871,0.260376,0.010519,0.519952,1.05,0.99586,0.85115,0.630807,0.85115,0.673361,0.681615,0.64569,508,176,0.0817624,-1,1,1
h2,216,22,4,307,0.375659,0,1247,9191,-0.197655,0.032733,0.203951,-0.349146,0.55421,1.05,1.06903,0.61705,0.51387,0.622463,0.652022,0.683766,0.648537,508,176,0.084461,1,1,1
h2,217,22,4,219,0.875401,0,2436,10137,-0.175793,0.0333147,0.217342,-0.330935,0.535965,1.05,1.01858,0.615697,0.493347,0.630582,0.639995,0.670482,0.632387,508,176,0.0801012,1,1,1
h2,218,22,4,20,5.07589,0,1819,10211,-0.186354,0.0327301,0.209625,-0.352057,0.552399,1.05,1.0653,0.633288,0.52041,0.648173,0.656412,0.674371,0.634048,508,176,0.0744032,-1,1,1
h2,219,22,4,317,2.66872,1,11044,758,0.309134,0.0598116,-0.21784,-0.343538,0.663692,1.05,1.02395,0.657645,0.517817,0.657645,0.748228,0.676257,0.64182,508,176,0.0701756,-1,1,1
h2,220,22,4,311,2.46152,1,342,10071,-0.216388,-0.0210953,0.216829,-0.349864,0.543848,1.05,1.08614,0.657645,0.513532,0.661705,0.631632,0.653502,0.611937,508,176,0.0731966,1,1,1
h2,221,22,4,192,2.74314,1,2722,9863,-0.167755,0.0322943,0.212733,-0.350325,0.5396,1.05,1.07033,0.598106,0.520636,0.610284,0.608023,0.693951,0.658152,508,176,0.0861799,1,1,1
h2,222,22,4,146,2.49541,0,11041,880,0.328109,0.0713987,-0.213438,-0.344109,0.682652,1.05,1.03426,0.751015,0.54364,0.751015,0.789249,0.684876,0.651401,508,176,0.0754142,-1,1,1
h2,223,22,4,11,1.94877,0,10220,740,0.259429,0.0142794,-0.217771,-0.342923,0.596291,1.05,1.06163,0.499323,0.398286,0.510149,0.707583,0.470648,0.432968,508,176,0.0783286,-1,1,1
h2,224,22,4,165,0.521969,0,165,9877,-0.23231,0.0249414,0.212786,-0.349945,0.581938,1.05,1.01688,0.665765,0.51387,0.665765,0.708328,0.680093,0.645071,508,176,0.0797681,1,1,1
h2,225,22,4,206,5.11131,1,258,10088,-0.227717,0.0253763,0.21704,-0.349799,0.581864,1.05,1.0194,0.546685,0.448805,0.55751,0.689823,0.67409,0.637713,508,176,0.101342,1,1,1
h2,226,22,4,45,0.319722,0,1059,10907,-0.208993,-0.344123,0.28235,0.0424652,0.62527,1.05,1.08139,0.67253,0.521538,0.67253,0.713934,0.673321,0.638216,508,176,0.0711074,-1,1,1
h2,227,22,4,224,4.74184,0,1018,9877,-0.203047,0.0305595,0.212786,-0.349945,0.563681,1.05,1.08682,0.664411,0.522779,0.664411,0.664237,0.686744,0.65076,508,176,0.0898209,1,1,1
h2,228,22,4,300,1.53674,1,11038,758,0.330997,0.0715008,-0.21784,-0.343538,0.688113,1.05,1.02622,0.700947,0.518719,0.700947,0.803406,0.675862,0.642534,508,176,0.0755107,1,1,1
h2,229,22,4,205,3.1842,0,11020,758,0.300629,0.0538969,-0.21784,-0.343538,0.653345,1.05,1.06019,0.446549,0.364682,0.458728,0.731269,0.346282,0.30897,508,176,0.0761883,-1,1,1
h2,230,22,4,210,6.1766,0,1819,9571,-0.186354,0.0327301,0.208669,-0.348702,0.549171,1.05,1.01799,0.600812,0.465043,0.604871,0.692537,0.671852,0.634722,508,176,0.0829935,1,1,1
h2,231,22,4,78,0.84093,1,10599,299,0.252078,0.0181723,-0.224036,-0.0148764,0.477518,1.05,1.07355,0.443843,0.372463,0.443843,0.577353,0.487233,0.450042,508,176,0.09364,1,1,1
h2,232,22,4,275,0.165517,1,10319,258,0.219303,-0.350582,-0.227717,0.0253763,0.5842,1.05,1.04387,0.648173,0.511389,0.648173,0.683641,0.664789,0.630759,508,176,0.0718866,-1,1,1
h2,233,22,4,76,5.33598,1,11044,660,0.309134,0.0598116,-0.222329,-0.343306,0.667125,1.05,1.01691,0.70636,0.529657,0.70636,0.783849,0.681134,0.646864,508,176,0.0811917,1,1,1
h2,234,22,4,86,4.81903,0,11041,758,0.328109,0.0713987,-0.21784,-0.343538,0.685807,1.05,1.02514,0.740189,0.536874,0.740189,0.806173,0.667074,0.629839,508,176,0.0727595,-1,1,1
h2,235,22,4,70,2.40944,0,9560,615,0.20837,-0.349643,-0.213581,0.029047,0.566999,1.05,1.03265,0.65088,0.516464,0.653586,0.684858,0.688035,0.650771,508,176,0.0771775,1,1,1
h2,236,22,4,310,2.63385,0,880,11044,-0.213438,-0.344109,0.309134,0.0598116,0.660548,1.05,1.01766,0.68065,0.526161,0.68065,0.743315,0.670527,0.637035,508,176,0.0748558,1,1,1
h2,237,22,4,27,0.202982,1,258,9863,-0.227717,0.0253763,0.212733,-0.350325,0.578921,1.05,1.03158,0.663058,0.50857,0.663058,0.698503,0.677518,0.64215,508,176,0.080936,-1,1,1
h2,238,22,4,41,4.41361,0,10599,624,0.252078,0.0181723,-0.226661,-0.343457,0.600138,1.05,1.0672,0.470907,0.37641,0.470907,0.723902,0.456926,0.422727,508,176,0.0865844,-1,1,1
h2,239,22,4,242,5.28083,1,1529,10088,-0.187603,0.0228758,0.21704,-0.349799,0.550182,1.05,1.04852,0.460081,0.37562,0.460081,0.651695,0.45894,0.422341,508,176,0.0749712,-1,1,1
h2,240,22,1,65,2.38161,1,8697,72,0.213523,0.0536909,-0.232005,-0.00155163,0.449069,1.05,1.07082,0.806495,0.589761,0.806495,0.645376,0.614011,0.572439,149,144,0.0777677,1,1,1
h2,241,22,1,101,5.97012,0,7045,701,0.119881,0.0449057,-0.205156,0.0152569,0.326455,1.05,1.09231,0.626522,0.483198,0.626522,0.491764,0.586457,0.545424,149,144,0.0851046,1,1,1
h2,242,22,1,275,0.711073,0,2269,10302,-0.161866,0.114242,0.222262,-0.350074,0.60263,1.05,1.07532,0.7023,0.500677,0.7023,0.763967,0.562063,0.525918,149,144,0.102826,-1,1,1
h2,243,22,1,352,4.68143,1,3098,10220,-0.156669,0.0974674,0.259429,0.0142794,0.424931,1.05,1.06741,0.679296,0.509472,0.683356,0.593181,0.586392,0.549052,149,144,0.0975757,1,1,1
h2,244,22,1,301,4.99335,0,5144,11020,-0.0564852,-0.0356312,0.300629,0.0538969,0.368287,1.05,1.18339,0.492557,0.406743,0.511502,0.550761,0.497058,0.460054,149,144,0.0801628,1,1,1
h2,245,22,1,279,4.06204,0,3422,10907,-0.154963,-0.0212059,0.28235,0.0424652,0.441924,1.05,0.954753,0.633288,0.491543,0.652233,0.611035,0.562734,0.523544,149,144,0.0989893,-1,1,1
h2,246,22,1,149,3.89459,1,2641,10302,-0.167189,0.193248,0.222262,-0.350074,0.66855,1.05,1.05677,0.683356,0.527402,0.683356,0.799664,0.542609,0.506914,149,144,0.0806113,-1,1,1
h2,247,22,1,244,0.913479,0,4636,11020,-0.119187,-0.343163,0.300629,0.0538969,0.577912,1.05,1.01011,0.745602,0.569463,0.745602,0.7101,0.690577,0.660105,149,144,0.0751137,-1,1,1
h2,248,22,1,118,4.06226,0,7523,701,0.136063,0.0442085,-0.205156,0.0152569,0.342816,1.05,0.989174,0.627876,0.492106,0.627876,0.484238,0.603007,0.560843,149,144,0.081953,-1,1,1
h2,249,22,1,160,4.85348,0,2337,10964,-0.181411,-0.206725,0.291183,0.047905,0.536912,1.05,1.03132,0.607578,0.521989,0.611637,0.687248,0.572308,0.536063,149,144,0.094327,-1,1,1
h2,250,22,1,18,3.30594,1,3981,10805,-0.140088,-0.0289373,0.265274,0.0333366,0.410622,1.05,0.976928,0.602165,0.489175,0.602165,0.581828,0.566731,0.527457,149,144,0.0956447,-1,1,1
h2,251,22,1,71,2.91739,0,5804,2116,0.0170164,-0.363648,-0.180577,0.0329027,0.443379,1.05,1.00422,0.767253,0.602729,0.767253,0.621614,0.770198,0.738812,149,144,0.0781878,-1,1,1
h2,252,22,1,85,2.31036,1,1685,10789,-0.187586,0.0158587,0.248311,0.028616,0.436475,1.05,1.10381,0.73207,0.549842,0.73207,0.608675,0.595966,0.557474,149,144,0.0929884,-1,1,1
h2,253,22,1,163,5.69997,0,10457,72,0.2101,0.0958643,-0.232005,-0.00155163,0.452717,1.05,1.07353,0.79161,0.597767,0.79161,0.625423,0.639402,0.595593,149,144,0.0985188,-1,1,1
h2,254,22,1,234,3.69614,1,5227,11020,-0.0580845,-0.366008,0.300629,0.0538969,0.552264,1.05,1.12037,0.824087,0.622012,0.824087,0.667538,0.742065,0.712844,149,144,0.0744859,-1,1,1
h2,255,22,1,232,4.77689,0,778,10671,-0.213925,0.0692625,0.247573,0.0175762,0.465031,1.05,1.07253,0.792963,0.59461,0.792963,0.627479,0.628196,0.58765,149,144,0.0926145,1,1,1
h2,256,22,1,225,0.469772,1,8041,72,0.1579,0.0876207,-0.232005,-0.00155163,0.400098,1.05,1.04527,0.599459,0.468764,0.599459,0.571187,0.59199,0.549787,149,144,0.0856768,-1,1,1
h2,257,22,1,28,0.865023,0,10375,72,0.236272,0.102581,-0.232005,-0.00155163,0.479726,1.05,1.01801,0.870095,0.630807,0.870095,0.66462,0.649981,0.606558,149,144,0.0947081,-1,1,1
h2,258,22,1,294,3.70012,1,3182,10724,-0.132486,0.038887,0.243099,0.0187893,0.37649,1.05,0.956459,0.566982,0.4629,0.571042,0.51751,0.570519,0.528866,149,144,0.0866298,1,1,1
h2,259,22,1,39,3.29281,1,4259,11020,-0.13709,-0.326518,0.300629,0.0538969,0.579967,1.05,1.08785,0.737483,0.56078,0.742896,0.69289,0.684605,0.652252,149,144,0.0732298,1,1,1
h2,260,22,1,245,1.72722,0,9764,660,0.215153,0.141309,-0.222329,-0.343306,0.652949,1.05,1.07947,0.696888,0.524357,0.696888,0.80163,0.581511,0.545966,149,144,0.0865428,-1,1,1
h2,261,22,1,51,6.09923,0,7553,315,0.140641,0.0640764,-0.218787,0.00849438,0.363705,1.05,0.99792,0.630582,0.504736,0.638701,0.49544,0.598977,0.555997,149,144,0.0803478,1,1,1
h2,262,22,1,168,5.3678,0,4388,11039,-0.121951,-0.251788,0.304684,0.0569029,0.526656,1.05,0.990819,0.635995,0.525147,0.635995,0.666965,0.620806,0.585611,149,144,0.0733184,1,1,1
h2,263,22,1,257,2.8909,1,5403,10223,-0.0281458,0.154685,0.221288,-0.349851,0.562834,1.05,1.08961,0.73613,0.5318,0.73613,0.717913,0.464154,0.409612,149,144,0.0722176,-1,1,1
h2,264,22,1,265,1.59569,1,9994,72,0.25777,0.0112314,-0.232005,-0.00155163,0.489947,1.05,1.01556,0.756428,0.54691,0.756428,0.634129,0.617418,0.573475,149,144,0.0783172,-1,1,1
h2,265,22,1,209,2.84018,1,3854,10995,-0.15377,-0.171753,0.295924,0.050889,0.501923,1.05,1.09063,0.626522,0.481619,0.626522,0.682004,0.531148,0.493479,149,144,0.0728856,1,1,1
h2,266,22,1,106,3.40989,1,8738,758,0.186362,0.178586,-0.21784,-0.343538,0.660298,1.05,1.01444,0.677943,0.503157,0.677943,0.799628,0.566396,0.531982,149,144,0.0793921,1,1,1
h2,267,22,1,97,0.242906,0,1810,10776,-0.182907,-0.0904207,0.244051,0.0272169,0.443253,1.05,1.06103,0.638701,0.494475,0.65088,0.634568,0.55081,0.513189,149,144,0.0763552,1,1,1
h2,268,22,1,342,1.28633,1,126,10789,-0.222881,-0.00390053,0.248311,0.028616,0.472383,1.05,1.07044,0.738836,0.555255,0.740189,0.623607,0.609314,0.572008,149,144,0.0863155,1,1,1
h2,269,22,1,48,2.18653,1,3274,10220,-0.156987,0.100071,0.259429,0.0142794,0.426094,1.05,0.985961,0.756428,0.563374,0.756428,0.5778,0.597755,0.560486,149,144,0.0849214,-1,1,1
h2,270,22,1,212,0.544388,1,1917,10805,-0.187099,-0.0436707,0.265274,0.0333366,0.458897,1.05,1.0494,0.652233,0.501128,0.656292,0.637324,0.549725,0.5107,149,144,0.10534,-1,1,1
h2,271,22,1,127,1.51052,0,2482,10805,-0.16268,-0.00443363,0.265274,0.0333366,0.429804,1.05,0.995606,0.503383,0.430311,0.525034,0.557716,0.593637,0.553614,149,144,0.107367,1,1,1
h2,272,22,1,276,2.27943,0,3716,10724,-0.147504,0.0421305,0.243099,0.0187893,0.392075,1.05,1.06403,0.688769,0.518381,0.688769,0.583245,0.588294,0.546973,149,144,0.0844442,-1,1,1
h2,273,22,1,324,1.95589,1,4921,11039,-0.0820827,-0.194169,0.304684,0.0569029,0.461137,1.05,1.13428,0.598106,0.480153,0.602165,0.662391,0.574654,0.540884,149,144,0.076895,1,1,1
h2,274,22,1,290,3.643,1,4930,11020,-0.0841198,-0.345545,0.300629,0.0538969,0.554604,1.05,1.03827,0.767253,0.585138,0.767253,0.707184,0.712467,0.682359,149,144,0.0737707,-1,1,1
h2,275,22,1,97,0.057232,1,1810,10776,-0.182907,-0.0904207,0.244051,0.0272169,0.443253,1.05,1.04292,0.607578,0.482296,0.627876,0.614258,0.549934,0.512462,149,144,0.0792133,-1,1,1
h2,276,22,1,132,5.63727,1,6771,2436,0.109615,-0.33921,-0.175793,0.0333147,0.469337,1.05,1.11604,0.723951,0.549166,0.723951,0.591848,0.710695,0.677348,149,144,0.0762971,1,1,1
h2,277,22,1,108,3.87977,0,7225,72,0.122705,0.105374,-0.232005,-0.00155163,0.37048,1.05,0.907538,0.657645,0.507894,0.657645,0.541788,0.589439,0.547891,149,144,0.0834882,-1,1,1
h2,278,22,1,53,3.68293,1,346,10789,-0.203909,-0.0287819,0.248311,0.028616,0.455997,1.05,1.07233,0.721245,0.546685,0.726658,0.622982,0.589014,0.551756,149,144,0.0937188,-1,1,1
h2,279,22,1,347,0.267924,1,505,10101,-0.223577,0.105785,0.260376,0.010519,0.493583,1.05,1.13305,0.845738,0.626635,0.845738,0.630011,0.63311,0.59323,149,144,0.0970325,1,1,1
h2,280,22,1,64,0.819827,1,3105,10302,-0.148306,0.157567,0.222262,-0.350074,0.628518,1.05,1.07664,0.683356,0.504623,0.683356,0.786472,0.540124,0.503565,149,144,0.0894688,1,1,1
h2,281,22,1,165,5.54827,1,8843,2321,0.16737,-0.0443268,-0.173863,0.0274353,0.348705,1.05,1.04545,0.493911,0.459405,0.530447,0.491213,0.586019,0.54666,149,144,0.0871013,1,1,1
h2,282,22,1,271,6.17242,0,9670,342,0.225631,0.109913,-0.216388,-0.0210953,0.461099,1.05,1.14415,0.783491,0.581642,0.783491,0.59067,0.629404,0.586546,149,144,0.0921753,1,1,1
h2,283,22,1,205,3.01993,0,1025,10671,-0.193924,0.0386143,0.247573,0.0175762,0.442037,1.05,1.07861,0.774019,0.57341,0.774019,0.606371,0.603964,0.565654,149,144,0.0974436,1,1,1
h2,284,22,1,130,0.297134,0,6535,2656,0.0925512,-0.112939,-0.170943,0.0327158,0.301369,1.05,0.945562,0.465494,0.402233,0.469553,0.459,0.466185,0.427122,149,144,0.0915956,-1,1,1
h2,285,22,1,325,2.64514,1,1245,10302,-0.199981,0.196895,0.222262,-0.350074,0.691188,1.05,1.11236,0.67659,0.518945,0.67659,0.806181,0.538997,0.502706,149,144,0.0795958,1,1,1
h2,286,22,1,231,3.14348,0,6617,2436,0.0960779,-0.348057,-0.175793,0.0333147,0.468357,1.05,1.02823,0.700947,0.553789,0.7023,0.603659,0.707538,0.676418,149,144,0.0781744,-1,1,1
h2,287,22,1,296,2.18893,0,4264,10776,-0.121141,0.0306597,0.244051,0.0272169,0.36689,1.05,0.935797,0.515562,0.43922,0.539919,0.521238,0.541572,0.501415,149,144,0.09278,-1,1,1
h2,240,22,2,65,2.38161,1,72,10071,-0.232005,-0.00155163,0.216829,-0.349864,0.5682,1.05,1.03065,0.688769,0.522102,0.688769,0.718028,0.689156,0.647584,320,174,0.0703858,-1,1,1
h2,241,22,2,101,5.97012,0,701,9877,-0.205156,0.0152569,0.212786,-0.349945,0.555025,1.05,1.06425,0.652233,0.51466,0.652233,0.675848,0.683439,0.642406,320,174,0.0758809,-1,1,1
h2,242,22,2,275,0.711073,0,10302,2116,0.222262,-0.350074,-0.180577,0.0329027,0.555989,1.05,1.01285,0.667118,0.532927,0.668471,0.669558,0.687322,0.6503,320,174,0.0783247,1,1,1
h2,243,22,2,352,4.68143,1,10220,743,0.259429,0.0142794,-0.21785,-0.3439,0.596941,1.05,1.04747,0.506089,0.39558,0.506089,0.73596,0.473501,0.436162,320,174,0.0978702,-1,1,1
h2,244,22,2,301,4.99335,0,11020,758,0.300629,0.0538969,-0.21784,-0.343538,0.653345,1.05,1.08451,0.728011,0.559202,0.729364,0.748137,0.682071,0.645068,320,174,0.0755422,-1,1,1
h2,245,22,2,279,4.06204,0,10907,871,0.28235,0.0424652,-0.213402,-0.343822,0.628552,1.05,1.0086,0.575101,0.429296,0.575101,0.767916,0.484448,0.445258,320,174,0.0751724,1,1,1
h2,246,22,2,149,3.89459,1,10302,2116,0.222262,-0.350074,-0.180577,0.0329027,0.555989,1.05,1.02569,0.64682,0.533266,0.64682,0.6839,0.687497,0.650478,320,174,0.0740546,1,1,1
h2,247,22,2,244,0.913479,0,11020,871,0.300629,0.0538969,-0.213402,-0.343822,0.649999,1.05,1.03266,0.690122,0.535972,0.690122,0.75342,0.682818,0.647063,320,174,0.0816103,1,1,1
h2,248,22,2,118,4.06226,0,701,9877,-0.205156,0.0152569,0.212786,-0.349945,0.555025,1.05,1.03707,0.668471,0.5318,0.668471,0.667891,0.691134,0.64897,320,174,0.0744149,1,1,1
h2,249,22,2,160,4.85348,0,10964,871,0.291183,0.047905,-0.213402,-0.343822,0.638863,1.05,1.00971,0.730717,0.545444,0.730717,0.770931,0.689163,0.652918,320,174,0.0825212,1,1,1
h2,250,22,2,18,3.30594,1,10805,871,0.265274,0.0333366,-0.213402,-0.343822,0.609478,1.05,1.02025,0.627876,0.487934,0.627876,0.724217,0.656908,0.617634,320,174,0.121018,1,1,1
h2,251,22,2,71,2.91739,0,2116,9863,-0.180577,0.0329027,0.212733,-0.350325,0.54919,1.05,1.03187,0.592693,0.510938,0.598106,0.626999,0.695168,0.65878,320,174,0.0707203,1,1,1
h2,252,22,2,85,2.31036,1,10789,871,0.248311,0.028616,-0.213402,-0.343822,0.593466,1.05,1.04034,0.668471,0.523117,0.673884,0.704992,0.687265,0.648774,320,174,0.0713756,1,1,1
h2,253,22,2,163,5.69997,0,72,10071,-0.232005,-0.00155163,0.216829,-0.349864,0.5682,1.05,1.03317,0.687415,0.529544,0.687415,0.701817,0.693844,0.650035,320,174,0.0832149,1,1,1
h2,254,22,2,234,3.69614,1,11020,871,0.300629,0.0538969,-0.213402,-0.343822,0.649999,1.05,1.06374,0.699594,0.547925,0.700947,0.760434,0.677576,0.640557,320,174,0.0705423,1,1,1
h2,255,22,2,232,4.77689,0,10671,1059,0.247573,0.0175762,-0.208993,-0.344123,0.582692,1.05,1.01671,0.600812,0.503834,0.614344,0.670462,0.68877,0.648224,320,174,0.0944346,-1,1,1
h2,256,22,2,225,0.469772,1,72,10071,-0.232005,-0.00155163,0.216829,-0.349864,0.5682,1.05,1.04646,0.718539,0.553112,0.718539,0.703997,0.694563,0.652359,320,174,0.0954867,1,1,1
h2,257,22,2,28,0.865023,0,72,9877,-0.232005,-0.00155163,0.212786,-0.349945,0.565039,1.05,1.01407,0.654939,0.541047,0.656292,0.664726,0.695557,0.652134,320,174,0.0752542,1,1,1
h2,258,22,2,294,3.70012,1,10724,871,0.243099,0.0187893,-0.213402,-0.343822,0.583225,1.05,1.03682,0.663058,0.516915,0.663058,0.672616,0.696452,0.654799,320,174,0.0827078,-1,1,1
h2,259,22,2,39,3.29281,1,11020,871,0.300629,0.0538969,-0.213402,-0.343822,0.649999,1.05,1.07971,0.70636,0.550406,0.70636,0.762202,0.679071,0.642401,320,174,0.0711611,-1,1,1
h2,260,22,2,245,1.72722,0,660,10995,-0.222329,-0.343306,0.295924,0.050889,0.651212,1.05,1.06904,0.683356,0.537889,0.695535,0.762742,0.681364,0.645818,320,174,0.0709313,1,1,1
h2,261,22,2,51,6.09923,0,315,10071,-0.218787,0.00849438,0.216829,-0.349864,0.56408,1.05,1.04045,0.667118,0.524696,0.667118,0.672805,0.6921,0.64912,320,174,0.0777861,-1,1,1
h2,262,22,2,168,5.3678,0,11039,871,0.304684,0.0569029,-0.213402,-0.343822,0.655045,1.05,1.0256,0.707713,0.539693,0.707713,0.780306,0.683164,0.647083,320,174,0.0881605,-1,1,1
h2,263,22,2,257,2.8909,1,10223,2116,0.221288,-0.349851,-0.180577,0.0329027,0.555034,1.05,1.04443,0.633288,0.505526,0.633288,0.661576,0.689443,0.651299,320,174,0.0656321,1,1,1
h2,264,22,2,265,1.59569,1,72,9863,-0.232005,-0.00155163,0.212733,-0.350325,0.565232,1.05,1.0621,0.515562,0.40088,0.515562,0.709163,0.480236,0.436293,320,174,0.0781936,1,1,1
h2,265,22,2,209,2.84018,1,10995,871,0.295924,0.050889,-0.213402,-0.343822,0.644438,1.05,1.0698,0.70636,0.532589,0.70636,0.75349,0.684491,0.646821,320,174,0.0770124,-1,1,1
h2,266,22,2,106,3.40989,1,758,10995,-0.21784,-0.343538,0.295924,0.050889,0.647782,1.05,1.02908,0.67253,0.519057,0.67253,0.723093,0.677217,0.641941,320,174,0.0699764,-1,1,1
h2,267,22,2,97,0.242906,0,10776,1059,0.244051,0.0272169,-0.208993,-0.344123,0.586102,1.05,1.02972,0.642761,0.505525,0.642761,0.681139,0.678461,0.64084,320,174,0.0879318,-1,1,1
h2,268,22,2,342,1.28633,1,10789,871,0.248311,0.028616,-0.213402,-0.343822,0.593466,1.05,1.0297,0.514208,0.396031,0.515562,0.741534,0.477778,0.440473,320,174,0.087047,-1,1,1
h2,269,22,2,48,2.18653,1,10220,1059,0.259429,0.0142794,-0.208993,-0.344123,0.590021,1.05,1.02084,0.671177,0.526387,0.671177,0.68348,0.681789,0.64452,320,174,0.0701104,1,1,1
h2,270,22,2,212,0.544388,1,10805,1059,0.265274,0.0333366,-0.208993,-0.344123,0.606213,1.05,1.05049,0.52774,0.416892,0.52774,0.767262,0.473524,0.434499,320,174,0.0779808,1,1,1
h2,271,22,2,127,1.51052,0,10805,871,0.265274,0.0333366,-0.213402,-0.343822,0.609478,1.05,1.04557,0.485792,0.40415,0.493911,0.727465,0.46615,0.426127,320,174,0.0773888,-1,1,1
h2,272,22,2,276,2.27943,0,10724,880,0.243099,0.0187893,-0.213438,-0.344109,0.583434,1.05,1.03584,0.73207,0.544655,0.73207,0.741405,0.69366,0.652339,320,174,0.0699492,1,1,1
h2,273,22,2,324,1.95589,1,11039,871,0.304684,0.0569029,-0.213402,-0.343822,0.655045,1.05,1.08827,0.615697,0.482296,0.61705,0.770076,0.659063,0.623774,320,174,0.0941433,-1,1,1
h2,274,22,2,290,3.643,1,11020,871,0.300629,0.0538969,-0.213402,-0.343822,0.649999,1.05,1.05191,0.688769,0.526274,0.688769,0.754826,0.683122,0.647105,320,174,0.0820013,1,1,1
h2,275,22,2,97,0.057232,1,10776,1059,0.244051,0.0272169,-0.208993,-0.344123,0.586102,1.05,1.03456,0.596752,0.498647,0.604871,0.668824,0.681859,0.644317,320,174,0.0947753,1,1,1
h2,276,22,2,132,5.63727,1,2436,9863,-0.175793,0.0333147,0.212733,-0.350325,0.546046,1.05,1.07687,0.671177,0.521876,0.671177,0.643766,0.693119,0.657171,320,174,0.0804699,-1,1,1
h2,277,22,2,108,3.87977,0,72,9863,-0.232005,-0.00155163,0.212733,-0.350325,0.565232,1.05,1.0206,0.692828,0.529206,0.692828,0.714455,0.688693,0.647146,320,174,0.0721159,1,1,1
h2,278,22,2,53,3.68293,1,10789,871,0.248311,0.028616,-0.213402,-0.343822,0.593466,1.05,1.03471,0.546685,0.408773,0.546685,0.754918,0.480213,0.442955,320,174,0.0799792,1,1,1
h2,279,22,2,347,0.267924,1,10101,880,0.260376,0.010519,-0.213438,-0.344109,0.592004,1.05,1.04517,0.723951,0.541159,0.723951,0.73357,0.687447,0.647567,320,174,0.0955025,-1,1,1
h2,280,22,2,64,0.819827,1,10302,2116,0.222262,-0.350074,-0.180577,0.0329027,0.555989,1.05,1.01635,0.648173,0.522215,0.649526,0.670447,0.685713,0.649155,320,174,0.0712682,-1,1,1
h2,281,22,2,165,5.54827,1,2321,9863,-0.173863,0.0274353,0.212733,-0.350325,0.540536,1.05,1.02864,0.657645,0.514659,0.664411,0.664068,0.695153,0.655794,320,174,0.0808603,-1,1,1
h2,282,22,2,271,6.17242,0,342,10071,-0.216388,-0.0210953,0.216829,-0.349864,0.543848,1.05,1.09707,0.554804,0.466622,0.572395,0.621431,0.670749,0.627892,320,174,0.0698486,-1,1,1
h2,283,22,2,205,3.01993,0,10671,1059,0.247573,0.0175762,-0.208993,-0.344123,0.582692,1.05,1.02544,0.696888,0.539468,0.711773,0.692846,0.688745,0.650436,320,174,0.0721759,-1,1,1
h2,284,22,2,130,0.297134,0,2656,10071,-0.170943,0.0327158,0.216829,-0.349864,0.544738,1.05,1.03837,0.622463,0.502368,0.622463,0.677048,0.684536,0.645473,320,174,0.0718625,1,1,1
h2,285,22,2,325,2.64514,1,10302,2116,0.222262,-0.350074,-0.180577,0.0329027,0.555989,1.05,1.01724,0.649526,0.533153,0.656292,0.667715,0.688204,0.651143,320,174,0.0678904,-1,1,1
h2,286,22,2,231,3.14348,0,2436,9863,-0.175793,0.0333147,0.212733,-0.350325,0.546046,1.05,1.05319,0.653586,0.539355,0.656292,0.647264,0.692217,0.656334,320,174,0.0719939,1,1,1
h2,287,22,2,296,2.18893,0,10776,758,0.244051,0.0272169,-0.21784,-0.343538,0.592601,1.05,1.0118,0.533153,0.411367,0.533153,0.727966,0.475414,0.435257,320,174,0.0883824,1,1,1
h2,240,22,3,65,2.38161,1,10071,1819,0.216829,-0.349864,-0.186354,0.0327301,0.555847,1.05,1.01621,0.660352,0.514659,0.661705,0.694739,0.694816,0.659338,536,171,0.0728769,1,1,1
h2,241,22,3,101,5.97012,0,9877,1234,0.212786,-0.349945,-0.197437,0.0323639,0.560777,1.05,1.01843,0.656292,0.522215,0.656292,0.680285,0.688981,0.655034,536,171,0.0777234,1,1,1
h2,242,22,3,275,0.711073,0,2116,10062,-0.180577,0.0329027,0.258247,0.00213528,0.440407,1.05,1.01004,0.926928,0.667794,0.926928,0.566763,0.719178,0.682157,536,171,0.086512,-1,1,1
h2,243,22,3,352,4.68143,1,743,10220,-0.21785,-0.3439,0.259429,0.0142794,0.596941,1.05,1.0399,0.35724,0.311795,0.376184,0.714886,0.315641,0.280064,536,171,0.115609,1,1,1
h2,244,22,3,301,4.99335,0,758,11038,-0.21784,-0.343538,0.330997,0.0715008,0.688113,1.05,1.03049,0.700947,0.540934,0.700947,0.80308,0.676851,0.640706,536,171,0.0708719,1,1,1
h2,245,22,3,279,4.06204,0,871,10789,-0.213402,-0.343822,0.248311,0.028616,0.593466,1.05,1.03947,0.484438,0.38949,0.484438,0.716791,0.44987,0.414776,536,171,0.0798138,-1,1,1
h2,246,22,3,149,3.89459,1,2116,9191,-0.180577,0.0329027,0.203951,-0.349146,0.542106,1.05,1.02125,0.656292,0.511953,0.656292,0.648417,0.702177,0.665157,536,171,0.071792,-1,1,1
h2,247,22,3,244,0.913479,0,871,11031,-0.213402,-0.343822,0.322236,0.0602169,0.670938,1.05,1.04394,0.744249,0.549504,0.744249,0.788457,0.682457,0.646011,536,171,0.0882912,-1,1,1
h2,248,22,3,118,4.06226,0,9877,478,0.212786,-0.349945,-0.218651,0.026967,0.572918,1.05,1.02538,0.684709,0.530785,0.684709,0.717598,0.692422,0.657249,536,171,0.0706513,-1,1,1
h2,249,22,3,160,4.85348,0,871,10799,-0.213402,-0.343822,0.260697,0.0307922,0.604312,1.05,1.04819,0.703654,0.534506,0.70636,0.719903,0.691565,0.655602,536,171,0.0726145,-1,1,1
h2,250,22,3,18,3.30594,1,871,10855,-0.213402,-0.343822,0.273889,0.0377951,0.619011,1.05,1.05521,0.543978,0.459856,0.543978,0.711328,0.644192,0.608925,536,171,0.106145,-1,1,1
h2,251,22,3,71,2.91739,0,9863,2048,0.212733,-0.350325,-0.178713,0.0263195,0.543247,1.05,1.05888,0.604871,0.510825,0.608931,0.628158,0.692464,0.656077,536,171,0.0726218,-1,1,1
h2,252,22,3,85,2.31036,1,871,11039,-0.213402,-0.343822,0.304684,0.0569029,0.655045,1.05,1.01887,0.707713,0.538453,0.707713,0.774804,0.682226,0.646923,536,171,0.0699531,-1,1,1
h2,253,22,3,163,5.69997,0,10071,165,0.216829,-0.349864,-0.23231,0.0249414,0.58499,1.05,1.05907,0.645467,0.502594,0.645467,0.700449,0.681798,0.646463,536,171,0.0741322,-1,1,1
h2,254,22,3,234,3.69614,1,871,10776,-0.213402,-0.343822,0.244051,0.0272169,0.58932,1.05,1.06271,0.648173,0.516802,0.656292,0.697985,0.686716,0.649697,536,171,0.0725997,-1,1,1
h2,255,22,3,232,4.77689,0,1059,11044,-0.208993,-0.344123,0.309134,0.0598116,0.657049,1.05,1.05019,0.660352,0.516013,0.677943,0.750041,0.675126,0.642799,536,171,0.0760243,1,1,1
h2,256,22,3,225,0.469772,1,10071,1247,0.216829,-0.349864,-0.197655,0.032733,0.564085,1.05,1.01435,0.68065,0.514208,0.68065,0.706992,0.695347,0.660864,536,171,0.074038,-1,1,1
h2,257,22,3,28,0.865023,0,9877,2436,0.212786,-0.349945,-0.175793,0.0333147,0.545817,1.05,1.08066,0.614344,0.524132,0.614344,0.634137,0.6861,0.650482,536,171,0.0762247,-1,1,1
h2,258,22,3,294,3.70012,1,871,11038,-0.213402,-0.343822,0.330997,0.0715008,0.684749,1.05,1.07179,0.728011,0.551534,0.728011,0.772557,0.680307,0.644776,536,171,0.0743459,1,1,1
h2,259,22,3,39,3.29281,1,871,11038,-0.213402,-0.343822,0.330997,0.0715008,0.684749,1.05,1.05163,0.721245,0.543978,0.721245,0.813183,0.668499,0.631829,536,171,0.0765331,1,1,1
h2,260,22,3,245,1.72722,0,10995,869,0.295924,0.050889,-0.213525,-0.342882,0.643956,1.05,1.06686,0.671177,0.514208,0.671177,0.73616,0.66727,0.632698,536,171,0.0761622,-1,1,1
h2,261,22,3,51,6.09923,0,10071,1819,0.216829,-0.349864,-0.186354,0.0327301,0.555847,1.05,1.02724,0.699594,0.519283,0.699594,0.687669,0.695109,0.660146,536,171,0.0822265,1,1,1
h2,262,22,3,168,5.3678,0,871,11041,-0.213402,-0.343822,0.328109,0.0713987,0.682448,1.05,1.01879,0.763193,0.548038,0.763193,0.817089,0.679246,0.643165,536,171,0.0755744,1,1,1
h2,263,22,3,257,2.8909,1,2116,9863,-0.180577,0.0329027,0.212733,-0.350325,0.54919,1.05,1.01404,0.644114,0.501804,0.644114,0.649771,0.693777,0.655925,536,171,0.0719185,-1,1,1
h2,264,22,3,265,1.59569,1,9863,1287,0.212733,-0.350325,-0.192291,0.0208731,0.54945,1.05,1.05772,0.470907,0.380244,0.470907,0.670695,0.470001,0.437044,536,171,0.0749642,-1,1,1
h2,265,22,3,209,2.84018,1,871,11041,-0.213402,-0.343822,0.328109,0.0713987,0.682448,1.05,1.0611,0.711773,0.54161,0.711773,0.807788,0.67307,0.637171,536,171,0.0729895,1,1,1
h2,266,22,3,106,3.40989,1,10995,624,0.295924,0.050889,-0.226661,-0.343457,0.65472,1.05,1.03132,0.568336,0.446662,0.581867,0.750784,0.484051,0.446872,536,171,0.072124,1,1,1
h2,267,22,3,97,0.242906,0,1059,10880,-0.208993,-0.344123,0.277928,0.0400038,0.620275,1.05,1.05689,0.673884,0.515562,0.673884,0.694478,0.679984,0.644387,536,171,0.0744407,1,1,1
h2,268,22,3,342,1.28633,1,871,10220,-0.213402,-0.343822,0.259429,0.0142794,0.593339,1.05,1.04261,0.393775,0.363216,0.397835,0.707293,0.45387,0.41682,536,171,0.0960999,1,1,1
h2,269,22,3,48,2.18653,1,1059,10995,-0.208993,-0.344123,0.295924,0.050889,0.641148,1.05,1.02518,0.668471,0.510938,0.668471,0.740842,0.678578,0.642923,536,171,0.0708355,-1,1,1
h2,270,22,3,212,0.544388,1,1059,10799,-0.208993,-0.344123,0.260697,0.0307922,0.60105,1.05,1.09027,0.504736,0.403811,0.506089,0.742189,0.46784,0.431658,536,171,0.0802549,-1,1,1
h2,271,22,3,127,1.51052,0,871,10880,-0.213402,-0.343822,0.277928,0.0400038,0.623553,1.05,1.05421,0.537212,0.423094,0.537212,0.746882,0.472953,0.43532,536,171,0.0801476,1,1,1
h2,272,22,3,276,2.27943,0,880,11044,-0.213438,-0.344109,0.309134,0.0598116,0.660548,1.05,1.01856,0.687415,0.520749,0.687415,0.78994,0.684973,0.649935,536,171,0.0711971,-1,1,1
h2,273,22,3,324,1.95589,1,871,10817,-0.213402,-0.343822,0.268873,0.0364056,0.614209,1.05,1.06477,0.614344,0.484326,0.623816,0.717645,0.679079,0.643791,536,171,0.0817843,1,1,1
h2,274,22,3,290,3.643,1,871,11044,-0.213402,-0.343822,0.309134,0.0598116,0.660343,1.05,1.01825,0.710419,0.535859,0.713126,0.795019,0.682022,0.646006,536,171,0.0760298,-1,1,1
h2,275,22,3,97,0.057232,1,1059,11041,-0.208993,-0.344123,0.328109,0.0713987,0.679142,1.05,1.03907,0.683356,0.532927,0.696888,0.758037,0.670963,0.633421,536,171,0.0703227,-1,1,1
h2,276,22,3,132,5.63727,1,9863,2338,0.212733,-0.350325,-0.17583,0.0560017,0.562212,1.05,1.06065,0.637348,0.512179,0.637348,0.642337,0.684068,0.64538,536,171,0.073768,1,1,1
h2,277,22,3,108,3.87977,0,9863,1514,0.212733,-0.350325,-0.191777,0.0333281,0.557552,1.05,1.00869,0.696888,0.519847,0.696888,0.688746,0.698625,0.661297,536,171,0.070669,-1,1,1
h2,278,22,3,53,3.68293,1,871,10057,-0.213402,-0.343822,0.259485,0.00617504,0.588491,1.05,1.04804,0.434371,0.359382,0.434371,0.716533,0.442422,0.407986,536,171,0.0905986,-1,1,1
h2,279,22,3,347,0.267924,1,880,10805,-0.213438,-0.344109,0.265274,0.0333366,0.609686,1.05,1.0328,0.721245,0.530785,0.721245,0.76197,0.687742,0.650034,536,171,0.0722606,1,1,1
h2,280,22,3,64,0.819827,1,2116,9890,-0.180577,0.0329027,0.212895,-0.348965,0.54836,1.05,1.01878,0.664411,0.503834,0.664411,0.67216,0.689696,0.652535,536,171,0.0729082,1,1,1
h2,281,22,3,165,5.54827,1,9863,2432,0.212733,-0.350325,-0.173925,0.0515223,0.557661,1.05,1.00836,0.677943,0.518155,0.677943,0.702741,0.688584,0.650068,536,171,0.0729531,1,1,1
h2,282,22,3,271,6.17242,0,10071,814,0.216829,-0.349864,-0.208155,0.0282202,0.568842,1.05,1.06489,0.626522,0.510149,0.630582,0.668249,0.677729,0.642862,536,171,0.0790217,1,1,1
h2,283,22,3,205,3.01993,0,1059,10995,-0.208993,-0.344123,0.295924,0.050889,0.641148,1.05,1.01276,0.715832,0.537212,0.715832,0.76716,0.690628,0.656301,536,171,0.0727289,1,1,1
h2,284,22,3,130,0.297134,0,10071,814,0.216829,-0.349864,-0.208155,0.0282202,0.568842,1.05,1.07429,0.637348,0.504962,0.637348,0.669962,0.685022,0.648531,536,171,0.0758987,-1,1,1
h2,285,22,3,325,2.64514,1,2116,9560,-0.180577,0.0329027,0.20837,-0.349643,0.545597,1.05,1.01895,0.637348,0.533378,0.641407,0.648596,0.700804,0.662634,536,171,0.0736706,1,1,1
h2,286,22,3,231,3.14348,0,9863,2036,0.212733,-0.350325,-0.178605,0.0260801,0.543007,1.05,1.04026,0.635995,0.52244,0.644114,0.640923,0.69125,0.655367,536,171,0.0703517,-1,1,1
h2,287,22,3,296,2.18893,0,758,11038,-0.21784,-0.343538,0.330997,0.0715008,0.688113,1.05,1.0204,0.577808,0.425124,0.579161,0.804268,0.466817,0.427443,536,171,0.0732312,-1,1,1
h2,240,22,4,65,2.38161,1,1819,9556,-0.186354,0.0327301,0.208492,-0.350009,0.54995,1.05,1.01173,0.656292,0.507555,0.658999,0.666017,0.684941,0.649463,515,175,0.082139,-1,1,1
h2,241,22,4,101,5.97012,0,1234,10223,-0.197437,0.0323639,0.221288,-0.349851,0.56697,1.05,1.02476,0.519621,0.419711,0.525034,0.668137,0.476298,0.441999,515,175,0.0828467,-1,1,1
h2,242,22,4,275,0.711073,0,10062,880,0.258247,0.00213528,-0.213438,-0.344109,0.585286,1.05,1.05349,0.663058,0.519847,0.663058,0.681762,0.672649,0.635568,515,175,0.0824145,1,1,1
h2,243,22,4,352,4.68143,1,10220,758,0.259429,0.0142794,-0.21784,-0.343538,0.596718,1.05,1.06307,0.38295,0.309427,0.388363,0.701965,0.303868,0.270984,515,175,0.085634,-1,1,1
h2,244,22,4,301,4.99335,0,11038,640,0.330997,0.0715008,-0.227367,-0.343797,0.695881,1.05,1.03169,0.748309,0.546008,0.748309,0.843049,0.670567,0.635677,515,175,0.07138,-1,1,1
h2,245,22,4,279,4.06204,0,10789,660,0.248311,0.028616,-0.222329,-0.343306,0.600133,1.05,1.03754,0.589987,0.479139,0.612991,0.679261,0.650563,0.613813,515,175,0.126832,1,1,1
h2,246,22,4,149,3.89459,1,9191,2722,0.203951,-0.349146,-0.167755,0.0322943,0.532599,1.05,1.05806,0.640054,0.511389,0.640054,0.61342,0.69921,0.663488,515,175,0.0700927,1,1,1
h2,247,22,4,244,0.913479,0,11031,758,0.322236,0.0602169,-0.21784,-0.343538,0.674317,1.05,1.05892,0.718539,0.536085,0.718539,0.771523,0.684848,0.648402,515,175,0.0711866,1,1,1
h2,248,22,4,118,4.06226,0,478,9877,-0.218651,0.026967,0.212786,-0.349945,0.572918,1.05,1.02622,0.635995,0.503383,0.635995,0.705346,0.691139,0.657703,515,175,0.0736389,1,1,1
h2,249,22,4,160,4.85348,0,10799,743,0.260697,0.0307922,-0.21785,-0.3439,0.607858,1.05,1.05481,0.648173,0.504962,0.648173,0.70126,0.681628,0.645141,515,175,0.0706359,1,1,1
h2,250,22,4,18,3.30594,1,10855,758,0.273889,0.0377951,-0.21784,-0.343538,0.622341,1.05,1.05831,0.625169,0.491655,0.625169,0.716382,0.680829,0.64691,515,175,0.069659,1,1,1
h2,251,22,4,71,2.91739,0,2048,9877,-0.178713,0.0263195,0.212786,-0.349945,0.543021,1.05,1.05055,0.640054,0.500677,0.640054,0.643996,0.693247,0.657973,515,175,0.0726612,1,1,1
h2,252,22,4,85,2.31036,1,11039,871,0.304684,0.0569029,-0.213402,-0.343822,0.655045,1.05,1.00997,0.671177,0.530559,0.686062,0.764645,0.688564,0.653177,515,175,0.0727573,1,1,1
h2,253,22,4,163,5.69997,0,165,10088,-0.23231,0.0249414,0.21704,-0.349799,0.585108,1.05,1.06245,0.667118,0.511276,0.675237,0.672399,0.690031,0.655429,515,175,0.0821115,1,1,1
h2,254,22,4,234,3.69614,1,10776,328,0.244051,0.0272169,-0.220024,-0.0178938,0.466642,1.05,1.01992,0.91475,0.664186,0.91475,0.586178,0.698174,0.654459,515,175,0.0737221,1,1,1
h2,255,22,4,232,4.77689,0,11044,740,0.309134,0.0598116,-0.217771,-0.342923,0.663262,1.05,1.04025,0.687415,0.516464,0.687415,0.770768,0.657372,0.619761,515,175,0.0816064,-1,1,1
h2,256,22,4,225,0.469772,1,1247,9877,-0.197655,0.032733,0.212786,-0.349945,0.56119,1.05,1.01578,0.698241,0.523568,0.698241,0.693666,0.697064,0.660937,515,175,0.0793772,1,1,1
h2,257,22,4,28,0.865023,0,2436,9556,-0.175793,0.0333147,0.208492,-0.350009,0.542814,1.05,1.09406,0.634641,0.513194,0.634641,0.648327,0.680159,0.646441,515,175,0.073727,1,1,1
h2,258,22,4,294,3.70012,1,11038,660,0.330997,0.0715008,-0.222329,-0.343306,0.691561,1.05,1.06974,0.718539,0.544768,0.718539,0.776217,0.673272,0.639444,515,175,0.0714864,-1,1,1
h2,259,22,4,39,3.29281,1,11038,160,0.330997,0.0715008,-0.239383,-0.0039978,0.575364,1.05,1.07484,0.841678,0.597767,0.841678,0.690271,0.647974,0.607532,515,175,0.195206,-1,1,1
h2,260,22,4,245,1.72722,0,869,10995,-0.213525,-0.342882,0.295924,0.050889,0.643956,1.05,1.06703,0.682003,0.517253,0.682003,0.740714,0.667267,0.632695,515,175,0.0730514,1,1,1
h2,261,22,4,51,6.09923,0,1819,10088,-0.186354,0.0327301,0.21704,-0.349799,0.555959,1.05,1.03092,0.664411,0.520185,0.673884,0.646268,0.699981,0.66469,515,175,0.0718887,-1,1,1
h2,262,22,4,168,5.3678,0,11041,758,0.328109,0.0713987,-0.21784,-0.343538,0.685807,1.05,1.0213,0.73207,0.532815,0.73207,0.801431,0.682051,0.649309,515,175,0.0727751,-1,1,1
h2,263,22,4,257,2.8909,1,9863,1792,0.212733,-0.350325,-0.183195,0.0246906,0.545374,1.05,1.07886,0.64682,0.515787,0.652233,0.634914,0.689359,0.651508,515,175,0.0728425,1,1,1
h2,264,22,4,265,1.59569,1,1287,8988,-0.192291,0.0208731,0.19627,-0.301114,0.504662,1.05,1.03353,0.491204,0.390731,0.491204,0.609581,0.477396,0.442622,515,175,0.0784166,1,1,1
h2,265,22,4,209,2.84018,1,11041,743,0.328109,0.0713987,-0.21785,-0.3439,0.686032,1.05,1.05708,0.520974,0.419711,0.520974,0.800261,0.458213,0.423218,515,175,0.0741438,-1,1,1
h2,266,22,4,106,3.40989,1,624,10995,-0.226661,-0.343457,0.295924,0.050889,0.65472,1.05,1.04583,0.535859,0.437867,0.552097,0.751803,0.48511,0.451291,515,175,0.075129,-1,1,1
h2,267,22,4,97,0.242906,0,10880,880,0.277928,0.0400038,-0.213438,-0.344109,0.62376,1.05,1.06144,0.519621,0.432228,0.543978,0.7198,0.485222,0.453939,515,175,0.0787373,-1,1,1
h2,268,22,4,342,1.28633,1,10220,16,0.259429,0.0142794,-0.25239,0.0100727,0.511873,1.05,1.075,0.483085,0.40336,0.485792,0.622245,0.492738,0.453979,515,175,0.0905106,-1,1,1
h2,269,22,4,48,2.18653,1,10995,1043,0.295924,0.050889,-0.209272,-0.342851,0.640585,1.05,1.03924,0.671177,0.508457,0.671177,0.728228,0.668914,0.634783,515,175,0.0701654,1,1,1
h2,270,22,4,212,0.544388,1,10799,873,0.260697,0.0307922,-0.219904,-0.28769,0.576549,1.05,1.06965,0.514208,0.414862,0.514208,0.711598,0.47989,0.437289,515,175,0.0902034,1,1,1
h2,271,22,4,127,1.51052,0,10880,538,0.277928,0.0400038,-0.209632,0.0133495,0.488373,1.05,1.07004,0.556157,0.439332,0.556157,0.613982,0.512776,0.477327,515,175,0.0960502,-1,1,1
h2,272,22,4,276,2.27943,0,11044,1279,0.309134,0.0598116,-0.204452,-0.342944,0.652737,1.05,1.02292,0.656292,0.516689,0.661705,0.757807,0.686656,0.651745,515,175,0.0753685,1,1,1
h2,273,22,4,324,1.95589,1,10817,660,0.268873,0.0364056,-0.222329,-0.343306,0.620936,1.05,1.07716,0.427605,0.366937,0.453315,0.72457,0.394014,0.361971,515,175,0.0733377,-1,1,1
h2,274,22,4,290,3.643,1,11044,880,0.309134,0.0598116,-0.213438,-0.344109,0.660548,1.05,1.01523,0.714479,0.52571,0.714479,0.797859,0.676295,0.641804,515,175,0.0681385,1,1,1
h2,275,22,4,97,0.057232,1,11041,758,0.328109,0.0713987,-0.21784,-0.343538,0.685807,1.05,1.04726,0.690122,0.530108,0.692828,0.776901,0.673261,0.636397,515,175,0.0714786,1,1,1
h2,276,22,4,132,5.63727,1,2338,9863,-0.17583,0.0560017,0.212733,-0.350325,0.562212,1.05,1.07535,0.619756,0.515336,0.622463,0.652704,0.673428,0.634741,515,175,0.0730459,-1,1,1
h2,277,22,4,108,3.87977,0,1514,9195,-0.191777,0.0333281,0.203962,-0.348754,0.550132,1.05,1.03187,0.664411,0.51466,0.677943,0.66014,0.695464,0.659748,515,175,0.0719986,1,1,1
h2,278,22,4,53,3.68293,1,10057,880,0.259485,0.00617504,-0.213438,-0.344109,0.588692,1.05,1.07696,0.303112,0.293866,0.351827,0.691759,0.292587,0.259415,515,175,0.0946994,1,1,1
h2,279,22,4,347,0.267924,1,10805,1525,0.265274,0.0333366,-0.199959,-0.342702,0.598247,1.05,1.05905,0.67659,0.524921,0.692828,0.705568,0.691326,0.655391,515,175,0.0722158,-1,1,1
h2,280,22,4,64,0.819827,1,9890,258,0.212895,-0.348965,-0.227717,0.0253763,0.578163,1.05,1.05252,0.664411,0.5106,0.665765,0.678716,0.680848,0.643686,515,175,0.0718371,-1,1,1
h2,281,22,4,165,5.54827,1,2432,10223,-0.173925,0.0515223,0.221288,-0.349851,0.563288,1.05,1.01289,0.663058,0.517817,0.679296,0.670265,0.694904,0.656388,515,175,0.0750807,-1,1,1
h2,282,22,4,271,6.17242,0,814,10223,-0.208155,0.0282202,0.221288,-0.349851,0.572197,1.05,1.06713,0.665765,0.5,0.665765,0.676172,0.686224,0.650289,515,175,0.0753386,-1,1,1
h2,283,22,4,205,3.01993,0,10995,1059,0.295924,0.050889,-0.208993,-0.344123,0.641148,1.05,1.02062,0.684709,0.517028,0.684709,0.746864,0.6947,0.657288,515,175,0.0732226,-1,1,1
h2,284,22,4,130,0.297134,0,814,10223,-0.208155,0.0282202,0.221288,-0.349851,0.572197,1.05,1.07893,0.626522,0.500338,0.626522,0.653502,0.67201,0.638271,515,175,0.0727346,1,1,1
h2,285,22,4,325,2.64514,1,9560,2722,0.20837,-0.349643,-0.167755,0.0322943,0.536047,1.05,1.0492,0.642761,0.525823,0.642761,0.651146,0.698147,0.659977,515,175,0.0740371,-1,1,1
h2,286,22,4,231,3.14348,0,2036,9863,-0.178605,0.0260801,0.212733,-0.350325,0.543007,1.05,1.02571,0.64682,0.507668,0.64682,0.634792,0.688552,0.653019,515,175,0.0707006,1,1,1
h2,287,22,4,296,2.18893,0,11038,637,0.330997,0.0715008,-0.226719,-0.343196,0.694999,1.05,1.04866,0.654939,0.503157,0.667118,0.788488,0.66212,0.627434,515,175,0.0749951,1,1,1
