method,trial,seed,stage,bank_idx,yaw,mirror,idx_top,idx_move,rest_x_top,rest_y_top,rest_x_move,rest_y_move,rest_dist,target_ratio,meas_ratio,cov_plane,cov_yaw_mean,cov_yaw_max,extent_u,extent_v,drape_below_top,settle_steps,stretch_steps,p95_speed,x_sign,attached_ok,valid
h1,0,11,1,34,2.30986,1,5499,11020,-0.0212746,-0.342493,0.303435,0.0569115,0.514749,0.95,0.936473,0.834232,0.624775,0.834232,0.646352,0.763296,0.735397,133,147,0.0761123,1,1,1
h1,1,11,1,83,4.20507,1,10890,660,0.255695,0.153066,-0.221534,-0.343931,0.689097,0.95,1.0124,0.668464,0.518419,0.668464,0.78621,0.621352,0.586354,133,147,0.0815362,-1,1,1
h1,2,11,1,132,4.37191,1,6771,2436,0.110561,-0.338793,-0.177717,0.0331116,0.47061,0.95,0.928787,0.663073,0.542341,0.663073,0.567172,0.709448,0.676141,133,147,0.0789517,-1,1,1
h1,3,11,1,104,1.80389,1,2603,10805,-0.165742,-0.0582237,0.269192,0.0356674,0.445016,0.95,0.976243,0.619946,0.488095,0.632076,0.582691,0.566642,0.527412,133,147,0.079036,1,1,1
h1,4,11,1,171,1.77724,1,912,10057,-0.201639,0.10631,0.264687,0.00983429,0.476203,0.95,0.952348,0.787062,0.595687,0.789757,0.592822,0.630397,0.589781,133,147,0.0962924,-1,1,1
h1,5,11,1,134,4.69991,1,6418,2436,0.0830269,-0.349384,-0.177717,0.0331116,0.462964,0.95,0.897111,0.660377,0.534254,0.660377,0.560072,0.718477,0.686272,133,147,0.0879126,1,1,1
h1,6,11,1,21,4.36284,1,3593,10302,-0.150817,0.132455,0.222526,-0.349716,0.609957,0.95,1.00554,0.657682,0.482929,0.657682,0.672549,0.583721,0.547548,133,147,0.0845814,1,1,1
h1,7,11,1,153,4.7038,0,3537,10907,-0.14829,-0.11206,0.285689,0.0452337,0.461606,0.95,0.963704,0.609164,0.468329,0.609164,0.603617,0.532121,0.494408,133,147,0.077669,1,1,1
h1,8,11,1,94,2.57856,0,2745,10220,-0.164982,0.0977907,0.261646,0.0172234,0.43486,0.95,0.90897,0.739892,0.541891,0.739892,0.600101,0.595764,0.558103,133,147,0.0889854,-1,1,1
h1,9,11,1,156,3.86652,1,3661,10302,-0.147115,0.120241,0.222526,-0.349716,0.59807,0.95,0.935571,0.65903,0.521002,0.669811,0.695425,0.581458,0.545906,133,147,0.0863931,1,1,1
h1,10,11,1,279,5.12464,1,3422,10907,-0.156045,-0.0216017,0.285689,0.0452337,0.446762,0.95,0.856272,0.584906,0.464061,0.603774,0.55457,0.569432,0.530139,133,147,0.0995315,-1,1,1
h1,11,11,1,280,3.19022,1,3801,11020,-0.158261,-0.327012,0.303435,0.0569115,0.600491,0.95,0.941078,0.653639,0.542453,0.660377,0.658884,0.681967,0.650167,133,147,0.0713762,1,1,1
h1,12,11,1,243,5.56902,0,7478,2656,0.140908,-0.132283,-0.172945,0.0325184,0.354526,0.95,1.01424,0.563342,0.453504,0.563342,0.508392,0.526327,0.487846,133,147,0.0744581,-1,1,1
h1,13,11,1,201,5.1247,0,7662,2321,0.144907,0.0508604,-0.176155,0.0272455,0.321971,0.95,0.859516,0.588949,0.480683,0.588949,0.453934,0.622349,0.580739,133,147,0.0791088,1,1,1
h1,14,11,1,222,5.99364,0,3934,11020,-0.155248,-0.295271,0.303435,0.0569115,0.578324,0.95,0.912395,0.634771,0.534254,0.657682,0.659433,0.671295,0.637619,133,147,0.0715874,-1,1,1
h1,15,11,1,116,0.208901,0,4458,11020,-0.121935,-0.278303,0.303435,0.0569115,0.541685,0.95,0.909507,0.649596,0.527628,0.649596,0.6389,0.65366,0.620665,133,147,0.0791106,1,1,1
h1,16,11,1,0,4.15794,1,8010,72,0.152807,0.104347,-0.234023,-0.00157356,0.401073,0.95,0.876664,0.65903,0.513028,0.65903,0.496129,0.60858,0.566331,133,147,0.0854213,1,1,1
h1,17,11,1,145,0.977673,1,10432,637,0.194345,0.145539,-0.226089,-0.343699,0.645121,0.95,0.961189,0.641509,0.493598,0.641509,0.735163,0.589016,0.550648,133,147,0.090261,1,1,1
h1,18,11,1,140,1.53592,0,3904,10818,-0.141075,-0.0156851,0.273449,0.0376854,0.418549,0.95,0.98672,0.632076,0.492475,0.637466,0.53917,0.579701,0.539481,133,147,0.121314,-1,1,1
h1,19,11,1,154,2.76992,1,917,10302,-0.201588,0.156528,0.222526,-0.349716,0.660432,0.95,0.993054,0.652291,0.504492,0.661725,0.7488,0.570232,0.533285,133,147,0.10132,1,1,1
h1,20,11,1,353,1.34193,1,8151,315,0.154758,0.0489473,-0.221039,0.00854301,0.377972,0.95,0.914914,0.617251,0.491128,0.618598,0.484967,0.606644,0.563796,133,147,0.0813994,-1,1,1
h1,21,11,1,40,5.10681,1,3056,10724,-0.144607,0.0373859,0.244729,0.0212641,0.389729,0.95,0.876579,0.51752,0.415207,0.518868,0.520524,0.55416,0.512392,133,147,0.0968542,1,1,1
h1,22,11,1,322,1.01424,0,5527,11039,-0.0120525,-0.0560036,0.307089,0.0602894,0.339678,0.95,1.05734,0.481132,0.43239,0.481132,0.521238,0.537737,0.506184,133,147,0.0727002,1,1,1
h1,23,11,1,331,4.6112,0,6022,2436,0.0370426,-0.348188,-0.177717,0.0331116,0.437662,0.95,0.943879,0.722372,0.560535,0.72372,0.563495,0.754534,0.724137,133,147,0.0769993,1,1,1
h1,24,11,1,335,6.08499,0,464,10761,-0.228718,0.0163822,0.244075,0.0257826,0.473551,0.95,1.00474,0.731806,0.569183,0.731806,0.582,0.631577,0.593691,133,147,0.101527,1,1,1
h1,25,11,1,346,3.67089,1,6883,2116,0.119892,-0.264498,-0.182477,0.0326996,0.42417,0.95,0.903402,0.551213,0.499438,0.580863,0.520398,0.627098,0.590114,133,147,0.0776149,1,1,1
h1,26,11,1,28,0.187062,1,10375,72,0.238587,0.103936,-0.234023,-0.00157356,0.484262,0.95,0.971631,0.778976,0.599281,0.778976,0.598008,0.654166,0.610668,133,147,0.0884623,1,1,1
h1,27,11,1,208,5.26471,1,1862,10789,-0.183446,0.00956726,0.251837,0.0302725,0.435991,0.95,0.90733,0.649596,0.498203,0.657682,0.558609,0.602081,0.562314,133,147,0.0920476,1,1,1
h1,28,11,1,58,4.22784,1,10095,2593,0.208674,-0.160955,-0.172193,0.0298634,0.426027,0.95,0.971287,0.645553,0.510108,0.645553,0.57319,0.573686,0.534062,133,147,0.104757,-1,1,1
h1,29,11,1,90,4.13737,0,6647,758,0.0962086,0.206283,-0.217086,-0.344656,0.633859,0.95,0.926646,0.688679,0.509883,0.692722,0.715038,0.51497,0.466486,133,147,0.0874983,-1,1,1
h1,30,11,1,19,0.762764,1,4470,10223,-0.108949,0.184682,0.221531,-0.349481,0.628191,0.95,0.950327,0.71159,0.512242,0.71159,0.705096,0.527461,0.489926,133,147,0.0816252,1,1,1
h1,31,11,1,80,2.93711,1,7155,9,0.119939,0.0774355,-0.253302,0.0242414,0.377086,0.95,0.874802,0.609164,0.489106,0.613208,0.476036,0.603506,0.560151,133,147,0.0805699,-1,1,1
h1,32,11,1,289,4.58356,0,10063,72,0.269787,0.0161343,-0.234023,-0.00157356,0.504129,0.95,0.907752,0.729111,0.543351,0.753369,0.584147,0.626993,0.582916,133,147,0.0914421,-1,1,1
h1,33,11,1,11,4.54167,0,2006,10805,-0.17281,-0.0137501,0.269192,0.0356674,0.444894,0.95,0.954682,0.67655,0.522686,0.67655,0.586078,0.59883,0.557032,133,147,0.0959039,-1,1,1
h1,34,11,1,225,1.72419,0,8041,72,0.162231,0.0859537,-0.234023,-0.00157356,0.405916,0.95,0.914404,0.699461,0.531334,0.699461,0.548059,0.605982,0.563846,133,147,0.085691,1,1,1
h1,35,11,1,239,3.75203,0,10673,660,0.251783,0.143414,-0.221534,-0.343931,0.679363,0.95,0.902169,0.704852,0.519542,0.704852,0.725578,0.627265,0.592242,133,147,0.0823354,1,1,1
h1,36,11,1,206,5.02874,1,8980,72,0.22859,0.072093,-0.234023,-0.00157356,0.468688,0.95,0.979661,0.727763,0.579066,0.735849,0.573881,0.639235,0.595281,133,147,0.0831892,-1,1,1
h1,37,11,1,209,0.269837,1,3854,10995,-0.153094,-0.17223,0.29844,0.0537834,0.505099,0.95,1.00902,0.576819,0.45575,0.590297,0.629931,0.530413,0.492691,133,147,0.0760252,-1,1,1
h1,38,11,1,60,3.37829,0,3920,10995,-0.15379,-0.23377,0.29844,0.0537834,0.535984,0.95,0.99887,0.622642,0.476864,0.622642,0.641339,0.597183,0.561977,133,147,0.0757994,-1,1,1
h1,39,11,1,129,1.47062,1,7775,72,0.14717,0.107128,-0.234023,-0.00157356,0.396389,0.95,0.878531,0.673854,0.511456,0.673854,0.496624,0.611293,0.568037,133,147,0.0817384,-1,1,1
h1,40,11,1,32,4.61337,1,7744,2593,0.15091,-0.00881004,-0.172193,0.0298634,0.325486,0.95,1.08899,0.509434,0.436096,0.532345,0.46104,0.590297,0.548782,133,147,0.0856344,1,1,1
h1,41,11,1,335,0.120261,1,464,10724,-0.228718,0.0163822,0.244729,0.0212641,0.474063,0.95,1.00559,0.718329,0.561208,0.718329,0.578738,0.630832,0.592101,133,147,0.0894049,-1,1,1
h1,42,11,1,135,2.40424,1,5121,10223,-0.0595236,0.11169,0.221531,-0.349481,0.540136,0.95,0.90448,0.637466,0.48102,0.637466,0.605043,0.515628,0.47791,133,147,0.0759713,-1,1,1
h1,43,11,1,259,5.43343,1,2752,10907,-0.166492,-0.0709629,0.285689,0.0452337,0.466872,0.95,0.952829,0.615903,0.478661,0.618598,0.589392,0.564952,0.525737,133,147,0.0779394,-1,1,1
h1,44,11,1,14,2.2107,1,5570,11020,-0.00852489,-0.0676775,0.303435,0.0569115,0.335967,0.95,1.05444,0.487871,0.433401,0.501348,0.506458,0.551092,0.51843,133,147,0.0807829,-1,1,1
h1,45,11,1,124,2.65758,1,9146,31,0.183883,0.0948801,-0.250805,0.00788689,0.443416,0.95,0.977495,0.606469,0.478549,0.606469,0.580359,0.589136,0.546563,133,147,0.0964618,-1,1,1
h1,46,11,1,280,2.11819,1,3801,11020,-0.158261,-0.327012,0.303435,0.0569115,0.600491,0.95,0.991959,0.680593,0.515836,0.680593,0.673018,0.684519,0.649977,133,147,0.0728901,-1,1,1
h1,47,11,1,90,0.543391,0,6647,758,0.0962086,0.206283,-0.217086,-0.344656,0.633859,0.95,0.938658,0.704852,0.523473,0.710243,0.722673,0.508772,0.471202,133,147,0.0749452,1,1,1
h1,48,11,1,102,1.01039,0,7422,660,0.135014,0.161579,-0.221534,-0.343931,0.61862,0.95,0.886643,0.603774,0.478437,0.61186,0.688705,0.55204,0.516588,158,143,0.0818825,1,1,1
h1,49,11,1,318,4.95229,1,4728,11039,-0.101244,-0.166464,0.307089,0.0602894,0.467089,0.95,1.00902,0.590297,0.472821,0.591644,0.623538,0.531672,0.497019,158,143,0.077819,1,1,1
h1,50,11,1,86,4.78089,0,3744,10724,-0.150739,0.0622416,0.244729,0.0212641,0.398955,0.95,0.921399,0.663073,0.51752,0.663073,0.509738,0.602382,0.561592,158,143,0.0888587,1,1,1
h1,51,11,1,41,2.63766,1,1870,10789,-0.185262,0.0356102,0.251837,0.0302725,0.437367,0.95,0.947579,0.656334,0.513702,0.656334,0.57755,0.608644,0.568962,158,143,0.0993735,-1,1,1
h1,52,11,1,190,4.48604,1,5189,10223,-0.0535402,0.130122,0.221531,-0.349481,0.552956,0.95,0.910853,0.704852,0.502359,0.704852,0.649439,0.484607,0.447633,158,143,0.0737711,1,1,1
h1,53,11,1,207,0.46304,1,5089,11020,-0.0612211,-0.0812702,0.303435,0.0569115,0.390042,0.95,1.028,0.530997,0.437219,0.530997,0.545551,0.473723,0.437924,158,143,0.0862462,-1,1,1
h1,54,11,1,97,1.05443,1,1810,10789,-0.182119,-0.0909252,0.251837,0.0302725,0.45081,0.95,1.01719,0.59434,0.492588,0.614555,0.549544,0.548098,0.509575,158,143,0.0990693,1,1,1
h1,55,11,1,263,3.45814,0,10637,648,0.243748,0.110359,-0.221706,-0.344286,0.650733,0.95,0.978736,0.737197,0.536501,0.737197,0.748772,0.636763,0.600086,158,143,0.0878016,1,1,1
h1,56,11,1,115,5.2388,0,3069,10937,-0.146018,-0.0772314,0.28989,0.0477304,0.453466,0.95,0.946726,0.609164,0.494272,0.609164,0.611828,0.544819,0.507449,158,143,0.0785449,-1,1,1
h1,57,11,1,134,3.97914,1,6418,2436,0.0830269,-0.349384,-0.177717,0.0331116,0.462964,0.95,0.924432,0.683288,0.548854,0.683288,0.580395,0.718188,0.68592,158,143,0.0772546,1,1,1
h1,58,11,1,218,5.24062,0,7771,72,0.147313,0.0951824,-0.234023,-0.00157356,0.393425,0.95,0.915448,0.622642,0.483828,0.622642,0.517385,0.607571,0.56447,158,143,0.0837157,1,1,1
h1,59,11,1,182,0.11713,1,3774,10907,-0.127977,-0.00180435,0.285689,0.0452337,0.41634,0.95,1.03454,0.668464,0.49708,0.668464,0.572968,0.581134,0.540811,158,143,0.0915744,-1,1,1
h1,60,11,1,62,3.83638,1,2669,10220,-0.14966,0.0759401,0.261646,0.0172234,0.415844,0.95,0.91425,0.698113,0.518419,0.698113,0.584014,0.593721,0.554273,158,143,0.0821771,1,1,1
h1,61,11,1,5,4.45728,1,10596,648,0.23284,0.169148,-0.221706,-0.344286,0.685806,0.95,0.963411,0.688679,0.514039,0.688679,0.740178,0.596526,0.560814,158,143,0.0878593,1,1,1
h1,62,11,1,204,1.76217,1,1163,10319,-0.196664,0.131005,0.219543,-0.350306,0.636309,0.95,0.95969,0.673854,0.496069,0.673854,0.717137,0.58059,0.544727,158,143,0.102817,1,1,1
h1,63,11,1,166,2.56232,0,8696,648,0.187659,0.135811,-0.221706,-0.344286,0.630931,0.95,0.967337,0.67655,0.51022,0.67655,0.733206,0.579719,0.542759,158,143,0.0961627,1,1,1
h1,64,11,1,6,4.58713,0,1637,10319,-0.196567,0.137758,0.219543,-0.350306,0.641494,0.95,0.957581,0.657682,0.506626,0.657682,0.72764,0.598061,0.562402,158,143,0.0943349,1,1,1
h1,65,11,1,160,0.012835,1,2337,10964,-0.180623,-0.207244,0.293952,0.0506849,0.540224,0.95,0.957154,0.602426,0.479672,0.602426,0.640675,0.572881,0.5367,158,143,0.0726335,-1,1,1
h1,66,11,1,335,0.460525,0,464,10761,-0.228718,0.0163822,0.244075,0.0257826,0.473551,0.95,0.928445,0.691375,0.539757,0.707547,0.558784,0.633716,0.595773,158,143,0.0872774,-1,1,1
h1,67,11,1,262,1.49281,1,778,10724,-0.215731,0.0692883,0.244729,0.0212641,0.463652,0.95,0.901661,0.714286,0.549978,0.714286,0.552773,0.632759,0.593259,158,143,0.0913256,1,1,1
h1,68,11,1,295,3.58654,0,6429,758,0.0809584,0.137418,-0.217086,-0.344656,0.566768,0.95,0.986179,0.698113,0.500674,0.698113,0.673821,0.513694,0.476175,158,143,0.0755504,-1,1,1
h1,69,11,1,214,6.00633,0,4384,11020,-0.122195,-0.224951,0.303435,0.0569115,0.510498,0.95,0.87867,0.56469,0.496406,0.572776,0.612392,0.592351,0.55606,158,143,0.0748391,-1,1,1
h1,70,11,1,347,3.07269,0,505,10101,-0.225183,0.105872,0.264098,0.0141907,0.498222,0.95,0.869042,0.773585,0.579515,0.774933,0.581328,0.636465,0.596577,158,143,0.0891844,-1,1,1
h1,71,11,1,193,0.972358,1,8574,648,0.167773,0.196839,-0.221706,-0.344286,0.666717,0.95,0.935759,0.672507,0.49854,0.672507,0.772798,0.568118,0.532737,158,143,0.0779875,1,1,1
h1,72,11,1,290,6.13692,0,4930,11020,-0.0844193,-0.345805,0.303435,0.0569115,0.559117,0.95,0.92033,0.733154,0.564241,0.733154,0.66433,0.719485,0.689412,158,143,0.0744825,-1,1,1
h1,73,11,1,238,1.87485,0,10380,72,0.193705,0.11157,-0.234023,-0.00157356,0.442457,0.95,0.91192,0.760108,0.572215,0.760108,0.57163,0.627799,0.585171,158,143,0.0971969,-1,1,1
h1,74,11,1,47,3.85279,0,9313,72,0.189112,0.0958281,-0.234023,-0.00157356,0.434266,0.95,0.915491,0.746631,0.558288,0.746631,0.563662,0.616459,0.57378,158,143,0.0874278,-1,1,1
h1,75,11,1,194,4.66432,0,2925,10724,-0.13728,0.0360088,0.244729,0.0212641,0.38257,0.95,0.930676,0.630728,0.490678,0.630728,0.508893,0.592672,0.551681,158,143,0.0917503,1,1,1
h1,76,11,1,223,0.159282,0,3557,10671,-0.137408,0.0735884,0.249099,0.0191889,0.391393,0.95,0.886357,0.607817,0.488432,0.607817,0.480957,0.603937,0.563682,158,143,0.0846433,-1,1,1
h1,77,11,1,321,1.38777,0,202,9877,-0.2394,0.0955,0.21294,-0.349648,0.634705,0.95,0.983822,0.692722,0.527067,0.692722,0.725291,0.630042,0.591212,158,143,0.0804517,1,1,1
h1,78,11,1,137,1.78519,1,3987,10302,-0.135451,0.139373,0.222526,-0.349716,0.606235,0.95,0.906865,0.640162,0.512803,0.640162,0.688501,0.580042,0.543874,158,143,0.088162,1,1,1
h1,79,11,1,186,5.07804,1,2504,10937,-0.17173,-0.155041,0.28989,0.0477304,0.504206,0.95,0.94595,0.633423,0.495058,0.644205,0.668758,0.537535,0.500203,158,143,0.0759952,1,1,1
h1,80,11,1,107,3.81859,0,5514,11020,-0.0188704,-0.351838,0.303435,0.0569115,0.520536,0.95,0.998091,0.780324,0.595463,0.780324,0.603306,0.77178,0.743319,158,143,0.0780879,-1,1,1
h1,81,11,1,141,0.465864,0,5312,11039,-0.0403414,-0.108826,0.307089,0.0602894,0.386524,0.95,0.912798,0.516173,0.448001,0.516173,0.574082,0.550772,0.517513,158,143,0.0791575,-1,1,1
h1,82,11,1,257,5.94832,1,5403,10223,-0.0286245,0.154693,0.221531,-0.349481,0.562829,0.95,0.987171,0.719677,0.524933,0.719677,0.663978,0.472886,0.41878,158,143,0.0825658,1,1,1
h1,83,11,1,157,3.9257,1,3355,10724,-0.160901,0.0364265,0.244729,0.0212641,0.40657,0.95,0.915591,0.628032,0.486411,0.636119,0.541526,0.574024,0.532342,158,143,0.106327,-1,1,1
h1,84,11,1,290,0.244556,0,4930,11020,-0.0844193,-0.345805,0.303435,0.0569115,0.559117,0.95,0.903357,0.74124,0.565252,0.74124,0.662208,0.718529,0.6885,158,143,0.076379,-1,1,1
h1,85,11,1,32,4.64054,1,7744,2593,0.15091,-0.00881004,-0.172193,0.0298634,0.325486,0.95,1.09168,0.509434,0.437669,0.532345,0.461841,0.590743,0.54921,158,143,0.0848818,1,1,1
h1,86,11,1,248,6.25491,1,7771,72,0.147313,0.0951824,-0.234023,-0.00157356,0.393425,0.95,0.876304,0.673854,0.513702,0.673854,0.542356,0.606529,0.564404,158,143,0.0855934,1,1,1
h1,87,11,1,279,1.91297,0,3422,10907,-0.156045,-0.0216017,0.285689,0.0452337,0.446762,0.95,1.01341,0.661725,0.509546,0.663073,0.608235,0.580068,0.540688,158,143,0.10059,-1,1,1
h1,88,11,1,122,5.6612,1,4608,10724,-0.0995836,0.0376587,0.244729,0.0212641,0.344773,0.95,1.05735,0.59434,0.456536,0.59434,0.521968,0.567801,0.528631,158,143,0.0946764,1,1,1
h1,89,11,1,23,2.25883,1,4516,11020,-0.11296,-0.182758,0.303435,0.0569115,0.480552,0.95,1.01685,0.587601,0.460804,0.587601,0.633836,0.538728,0.50546,158,143,0.0743293,-1,1,1
h1,90,11,1,155,3.67719,1,64,10671,-0.241561,0.0430212,0.249099,0.0191889,0.49128,0.95,0.920953,0.743935,0.559973,0.745283,0.588573,0.642564,0.602475,158,143,0.0864302,1,1,1
h1,91,11,1,296,1.42168,0,4264,10776,-0.121408,0.0303135,0.248111,0.0293283,0.37105,0.95,0.884016,0.570081,0.474169,0.586253,0.464827,0.587141,0.546814,158,143,0.0890876,-1,1,1
h1,92,11,1,280,2.98656,0,3801,11020,-0.158261,-0.327012,0.303435,0.0569115,0.600491,0.95,0.945226,0.644205,0.544362,0.653639,0.656746,0.681562,0.649716,158,143,0.0738684,-1,1,1
h1,93,11,1,12,1.87028,0,5868,1819,0.0201874,-0.216135,-0.188297,0.0325251,0.324687,0.95,0.97391,0.657682,0.525607,0.65903,0.53425,0.678948,0.648316,158,143,0.0734607,1,1,1
h1,94,11,1,226,1.79863,0,8630,2722,0.172188,-0.0683498,-0.169892,0.0321741,0.356668,0.95,0.935231,0.591644,0.48102,0.615903,0.526337,0.586229,0.54714,158,143,0.0770535,1,1,1
h1,95,11,1,238,5.99851,0,10380,72,0.193705,0.11157,-0.234023,-0.00157356,0.442457,0.95,0.909531,0.719677,0.559748,0.729111,0.559334,0.622818,0.580187,158,143,0.0987077,1,1,1
h1,96,11,1,289,0.548789,0,10063,72,0.269787,0.0161343,-0.234023,-0.00157356,0.504129,0.95,1.00097,0.660377,0.559636,0.680593,0.575184,0.639053,0.595143,94,139,0.0769574,-1,1,1
h1,97,11,1,324,4.79262,0,4921,11039,-0.082263,-0.194336,0.307089,0.0602894,0.465242,0.95,0.997017,0.61186,0.48978,0.61186,0.603217,0.577458,0.544086,94,139,0.077171,-1,1,1
h1,98,11,1,211,4.05523,1,7339,9,0.136767,0.0611639,-0.253302,0.0242414,0.392005,0.95,0.932779,0.61186,0.488657,0.61186,0.478873,0.595695,0.551601,94,139,0.0795904,1,1,1
h1,99,11,1,16,2.60666,1,6891,2436,0.119626,-0.246846,-0.177717,0.0331116,0.408604,0.95,0.932102,0.580863,0.498428,0.610512,0.505714,0.604581,0.567974,94,139,0.077248,1,1,1
h1,100,11,1,134,1.23061,1,6418,2436,0.0830269,-0.349384,-0.177717,0.0331116,0.462964,0.95,0.906243,0.680593,0.542116,0.680593,0.582466,0.717164,0.684976,94,139,0.084547,-1,1,1
h1,101,11,1,97,4.47457,1,1810,10789,-0.182119,-0.0909252,0.251837,0.0302725,0.45081,0.95,1.0139,0.621294,0.491577,0.641509,0.563656,0.534494,0.496356,94,139,0.10602,-1,1,1
h1,102,11,1,330,5.12862,0,9588,701,0.229717,-0.00283337,-0.207454,0.0154171,0.437587,0.95,1.00312,0.692722,0.551662,0.695418,0.537276,0.632334,0.590461,94,139,0.0825033,1,1,1
h1,103,11,1,89,3.22179,0,361,10776,-0.21741,-0.0199652,0.248111,0.0293283,0.468467,0.95,1.01225,0.677898,0.536613,0.691375,0.584791,0.596942,0.558514,94,139,0.0977338,1,1,1
h1,104,11,1,284,3.17287,1,5764,2436,0.0107155,-0.275857,-0.177717,0.0331116,0.362235,0.95,0.966778,0.734501,0.574573,0.743935,0.537596,0.731705,0.701577,94,139,0.0755844,1,1,1
h1,105,11,1,117,4.59483,0,609,10724,-0.206564,0.0643044,0.244729,0.0212641,0.453394,0.95,0.959661,0.746631,0.572552,0.746631,0.570552,0.637339,0.597049,94,139,0.0987049,-1,1,1
h1,106,11,1,227,1.05147,0,6895,660,0.116494,0.228361,-0.221534,-0.343931,0.66471,0.95,0.916291,0.667116,0.502471,0.667116,0.750635,0.519879,0.475478,94,139,0.0774983,1,1,1
h1,107,11,1,338,0.0769215,1,8247,2722,0.167962,-0.128345,-0.169892,0.0321741,0.374048,0.95,0.900141,0.561995,0.461029,0.591644,0.537413,0.557277,0.518276,94,139,0.0831053,1,1,1
h1,108,11,1,305,1.0022,1,4299,10805,-0.120808,0.0131626,0.269192,0.0356674,0.391269,0.95,1.08581,0.630728,0.481694,0.630728,0.558659,0.580863,0.540997,94,139,0.0944817,1,1,1
h1,109,11,1,202,3.03508,1,144,10724,-0.237375,0.0538673,0.244729,0.0212641,0.48342,0.95,0.995058,0.750674,0.581536,0.750674,0.590754,0.64813,0.609826,94,139,0.0888588,1,1,1
h1,110,11,1,237,2.30846,0,9929,660,0.240938,0.126872,-0.221534,-0.343931,0.659972,0.95,0.918081,0.690027,0.520103,0.695418,0.689381,0.62301,0.587026,94,139,0.0924589,1,1,1
h1,111,11,1,75,2.27158,1,7934,72,0.170718,0.0690966,-0.234023,-0.00157356,0.411087,0.95,0.923723,0.634771,0.504043,0.636119,0.539705,0.600341,0.558662,94,139,0.0793239,-1,1,1
h1,112,11,1,79,1.11918,0,2753,10776,-0.149867,0.0408087,0.248111,0.0293283,0.398232,0.95,0.885931,0.59434,0.461141,0.59434,0.531499,0.562369,0.522314,94,139,0.0899896,-1,1,1
h1,113,11,1,341,3.82658,0,4824,10223,-0.0859585,0.254676,0.221531,-0.349481,0.677919,0.95,0.98159,0.773585,0.534816,0.773585,0.777462,0.479511,0.436717,94,139,0.0865306,-1,1,1
h1,114,11,1,352,3.21147,0,3098,10220,-0.158361,0.0965099,0.261646,0.0172234,0.428105,0.95,0.900733,0.698113,0.530773,0.698113,0.529749,0.60139,0.564118,94,139,0.0818265,1,1,1
h1,115,11,1,113,4.43997,0,6345,2722,0.07129,-0.0305986,-0.169892,0.0321741,0.24922,0.95,1.06064,0.455526,0.391734,0.462264,0.404388,0.517832,0.478708,94,139,0.0817362,1,1,1
h1,116,11,1,237,5.24179,0,9929,660,0.240938,0.126872,-0.221534,-0.343931,0.659972,0.95,0.913553,0.688679,0.519093,0.692722,0.694219,0.624825,0.588925,94,139,0.0857932,-1,1,1
h1,117,11,1,199,4.29752,0,6355,1819,0.0768652,-0.249022,-0.188297,0.0325251,0.386881,0.95,0.877166,0.610512,0.475404,0.610512,0.521529,0.632,0.596349,94,139,0.0769528,-1,1,1
h1,118,11,1,296,1.96623,1,4264,10776,-0.121408,0.0303135,0.248111,0.0293283,0.37105,0.95,0.911293,0.601078,0.480121,0.607817,0.484568,0.587665,0.547434,94,139,0.0912001,-1,1,1
h1,119,11,1,117,0.563565,1,609,10724,-0.206564,0.0643044,0.244729,0.0212641,0.453394,0.95,0.925144,0.716981,0.547507,0.716981,0.552983,0.628568,0.58833,94,139,0.094617,-1,1,1
h1,120,11,1,51,3.02635,0,7553,315,0.144072,0.0612535,-0.221039,0.00854301,0.368898,0.95,0.904152,0.618598,0.495058,0.625337,0.466812,0.602959,0.559956,94,139,0.0827584,-1,1,1
h1,121,11,1,82,4.75709,0,9822,2722,0.20354,-0.0965071,-0.169892,0.0321741,0.39504,0.95,1.06111,0.533693,0.475404,0.54717,0.501848,0.596605,0.555231,94,139,0.09899,1,1,1
h1,122,11,1,320,3.30022,1,10120,660,0.229074,0.167508,-0.221534,-0.343931,0.681643,0.95,0.944302,0.606469,0.478661,0.606469,0.786278,0.596161,0.560633,94,139,0.102321,-1,1,1
h1,123,11,1,345,5.64414,0,9708,758,0.177473,0.201998,-0.217086,-0.344656,0.674239,0.95,0.895037,0.675202,0.492812,0.675202,0.763805,0.566939,0.529612,94,139,0.0779022,1,1,1
h1,124,11,1,160,3.09309,0,2337,10964,-0.180623,-0.207244,0.293952,0.0506849,0.540224,0.95,0.95783,0.597035,0.479784,0.602426,0.638753,0.571789,0.535597,94,139,0.0721454,-1,1,1
h1,125,11,1,6,4.40482,0,1637,10319,-0.196567,0.137758,0.219543,-0.350306,0.641494,0.95,0.95112,0.673854,0.497417,0.675202,0.690285,0.5832,0.54756,94,139,0.0978716,-1,1,1
h1,126,11,1,92,4.83391,0,9933,648,0.18079,0.199647,-0.221706,-0.344286,0.676733,0.95,1.01649,0.657682,0.497417,0.657682,0.770184,0.541676,0.507989,94,139,0.0752068,-1,1,1
h1,127,11,1,290,0.169811,0,4930,11020,-0.0844193,-0.345805,0.303435,0.0569115,0.559117,0.95,0.905006,0.737197,0.565027,0.737197,0.665391,0.719108,0.689022,94,139,0.0776575,-1,1,1
h1,128,11,1,148,5.09881,0,1845,10789,-0.185579,0.0125389,0.251837,0.0302725,0.438074,0.95,1.0019,0.692722,0.533019,0.692722,0.579404,0.599445,0.561271,94,139,0.0835465,1,1,1
h1,129,11,1,349,2.17468,0,3277,10907,-0.153385,-0.0526571,0.285689,0.0452337,0.449946,0.95,1.02021,0.584906,0.477763,0.61186,0.557986,0.569151,0.531578,94,139,0.0833661,-1,1,1
h1,130,11,1,51,3.80819,0,7553,315,0.144072,0.0612535,-0.221039,0.00854301,0.368898,0.95,0.973928,0.657682,0.498652,0.657682,0.524658,0.597896,0.554981,94,139,0.0797462,-1,1,1
h1,131,11,1,73,0.656463,0,535,10101,-0.219522,0.107427,0.264098,0.0141907,0.492702,0.95,0.906313,0.816712,0.60018,0.816712,0.613298,0.634042,0.594901,94,139,0.0951511,1,1,1
h1,132,11,1,184,5.49731,0,6043,1819,0.0473776,-0.319266,-0.188297,0.0325251,0.423783,0.95,0.978949,0.726415,0.540544,0.726415,0.542775,0.72466,0.692636,94,139,0.0836426,1,1,1
h1,133,11,1,32,1.79133,0,7744,2593,0.15091,-0.00881004,-0.172193,0.0298634,0.325486,0.95,1.08317,0.510782,0.433962,0.530997,0.459094,0.58854,0.547086,94,139,0.0850054,-1,1,1
h1,134,11,1,293,3.42711,0,2257,10302,-0.174117,0.164539,0.222526,-0.349716,0.649472,0.95,0.98004,0.648248,0.504043,0.653639,0.732771,0.568722,0.53224,94,139,0.102634,1,1,1
h1,135,11,1,33,0.529545,1,5177,11020,-0.0543489,-0.000553131,0.303435,0.0569115,0.36237,0.95,0.868479,0.421833,0.410827,0.432615,0.43758,0.499425,0.462172,94,139,0.0804857,1,1,1
h1,136,11,1,142,5.95811,1,1398,10302,-0.20339,0.168999,0.222526,-0.349716,0.671293,0.95,0.960406,0.661725,0.501685,0.661725,0.757408,0.58311,0.546717,94,139,0.0947568,1,1,1
h1,137,11,1,40,4.99985,0,3056,10724,-0.144607,0.0373859,0.244729,0.0212641,0.389729,0.95,1.00453,0.653639,0.500562,0.653639,0.572468,0.59194,0.55018,94,139,0.0926487,-1,1,1
h1,138,11,1,216,4.32738,0,4376,10724,-0.113909,0.0553923,0.244729,0.0212641,0.361591,0.95,0.848945,0.508086,0.427448,0.508086,0.476023,0.595047,0.55566,94,139,0.0882742,-1,1,1
h1,139,11,1,29,3.87647,0,2358,10220,-0.171002,0.0973597,0.261646,0.0172234,0.440564,0.95,0.993312,0.665768,0.50146,0.671159,0.570415,0.590286,0.552472,94,139,0.0857654,1,1,1
h1,140,11,1,265,3.04337,1,9994,72,0.263007,0.0147867,-0.234023,-0.00157356,0.497313,0.95,0.995657,0.664421,0.55593,0.688679,0.572168,0.635987,0.592012,94,139,0.0784757,1,1,1
h1,141,11,1,49,0.850076,1,7102,1287,0.124263,0.0445547,-0.194621,0.0208845,0.320608,0.95,0.801848,0.495957,0.431604,0.506739,0.441538,0.605867,0.563509,94,139,0.0959611,-1,1,1
h1,142,11,1,181,4.24457,0,5016,11020,-0.0792856,-0.344342,0.303435,0.0569115,0.554592,0.95,0.987264,0.712938,0.566487,0.712938,0.612402,0.721077,0.692045,94,139,0.0771008,1,1,1
h1,143,11,1,221,3.37567,0,3538,10724,-0.156799,0.045352,0.244729,0.0212641,0.403075,0.95,1.00083,0.663073,0.504156,0.663073,0.567543,0.594059,0.553429,94,139,0.0847377,1,1,1
h1,144,11,1,53,3.02649,0,346,10789,-0.205805,-0.0289268,0.251837,0.0302725,0.461554,0.95,0.944937,0.669811,0.512803,0.684636,0.573317,0.606173,0.568873,103,142,0.0910633,1,1,1
h1,145,11,1,1,0.276984,0,7699,2722,0.144778,-0.136065,-0.169892,0.0321741,0.356945,0.95,0.997248,0.560647,0.46013,0.563342,0.502455,0.525284,0.487833,103,142,0.0762184,1,1,1
h1,146,11,1,248,3.3839,0,7771,72,0.147313,0.0951824,-0.234023,-0.00157356,0.393425,0.95,0.891507,0.665768,0.506963,0.665768,0.537517,0.590357,0.548381,103,142,0.102263,1,1,1
h1,147,11,1,324,4.08001,0,4921,11039,-0.082263,-0.194336,0.307089,0.0602894,0.465242,0.95,1.04556,0.557952,0.465858,0.578167,0.613941,0.575626,0.541978,103,142,0.0810075,-1,1,1
h1,148,11,1,332,3.80368,0,5941,2116,0.0334044,-0.0193396,-0.182477,0.0326996,0.222728,0.95,0.967617,0.397574,0.388365,0.456873,0.361466,0.482643,0.444478,103,142,0.0745107,1,1,1
h1,149,11,1,107,0.64081,1,5514,11020,-0.0188704,-0.351838,0.303435,0.0569115,0.520536,0.95,0.937237,0.824798,0.610288,0.824798,0.653435,0.767065,0.738621,103,142,0.0749787,1,1,1
h1,150,11,1,74,4.43678,1,8920,2722,0.173998,-0.183234,-0.169892,0.0321741,0.405892,0.95,0.936782,0.526954,0.487197,0.53504,0.525135,0.538815,0.501684,103,142,0.0803543,-1,1,1
h1,151,11,1,14,5.20239,1,5570,11020,-0.00852489,-0.0676775,0.303435,0.0569115,0.335967,0.95,1.05198,0.506739,0.45137,0.518868,0.51335,0.549466,0.517864,103,142,0.0911588,1,1,1
h1,152,11,1,77,1.9488,1,287,9863,-0.231977,0.103093,0.212934,-0.349253,0.634491,0.95,0.995513,0.691375,0.532457,0.691375,0.720952,0.631029,0.593182,103,142,0.083723,-1,1,1
h1,153,11,1,42,5.20206,1,9253,72,0.187821,0.103,-0.234023,-0.00157356,0.434755,0.95,0.910882,0.725067,0.55593,0.731806,0.580342,0.617877,0.575534,103,142,0.0917829,-1,1,1
h1,154,11,1,5,2.50981,1,10596,648,0.23284,0.169148,-0.221706,-0.344286,0.685806,0.95,0.998712,0.657682,0.505615,0.657682,0.78979,0.600561,0.564808,103,142,0.08143,1,1,1
h1,155,11,1,275,0.15247,1,2269,10302,-0.16291,0.113271,0.222526,-0.349716,0.602442,0.95,0.950879,0.675202,0.49708,0.67655,0.720895,0.584858,0.548735,103,142,0.0974614,1,1,1
h1,156,11,1,20,5.17074,1,9641,2722,0.193428,-0.167873,-0.169892,0.0321741,0.414754,0.95,0.93406,0.575472,0.483266,0.576819,0.534793,0.571567,0.533845,103,142,0.0765107,1,1,1
h1,157,11,1,223,1.85863,0,3557,10599,-0.137408,0.0735884,0.253543,0.0193996,0.39583,0.95,0.972268,0.669811,0.509097,0.669811,0.554357,0.591445,0.554419,103,142,0.0885747,1,1,1
h1,158,11,1,281,3.86066,0,5959,1819,0.0313768,-0.18949,-0.188297,0.0325251,0.312455,0.95,0.944766,0.597035,0.484614,0.601078,0.52488,0.642179,0.6087,103,142,0.0792062,-1,1,1
h1,159,11,1,95,4.21737,1,3656,10671,-0.146809,0.0731936,0.249099,0.0191889,0.40083,0.95,0.91863,0.505391,0.416442,0.513477,0.532875,0.572114,0.531476,103,142,0.0910883,-1,1,1
h1,160,11,1,279,0.558029,1,3422,10907,-0.156045,-0.0216017,0.285689,0.0452337,0.446762,0.95,0.957415,0.672507,0.516846,0.672507,0.601446,0.584615,0.545335,103,142,0.100346,-1,1,1
h1,161,11,1,181,1.09356,1,5016,11020,-0.0792856,-0.344342,0.303435,0.0569115,0.554592,0.95,0.93667,0.708895,0.557165,0.719677,0.652515,0.717456,0.688398,103,142,0.0738913,-1,1,1
h1,162,11,1,210,0.53909,0,8066,72,0.173686,0.0941067,-0.234023,-0.00157356,0.419148,0.95,0.958038,0.62938,0.483378,0.62938,0.547246,0.545175,0.502015,103,142,0.111459,1,1,1
h1,163,11,1,14,2.37984,0,5570,11020,-0.00852489,-0.0676775,0.303435,0.0569115,0.335967,0.95,0.955412,0.502695,0.447327,0.502695,0.581936,0.55697,0.525409,103,142,0.0727876,-1,1,1
h1,164,11,1,142,6.03278,0,1398,10302,-0.20339,0.168999,0.222526,-0.349716,0.671293,0.95,0.975849,0.668464,0.489668,0.668464,0.740172,0.567364,0.531991,103,142,0.088395,1,1,1
h1,165,11,1,139,4.19092,0,2677,10220,-0.164862,0.104866,0.261646,0.0172234,0.43593,0.95,0.909643,0.738545,0.55447,0.738545,0.583009,0.614281,0.574088,103,142,0.0817532,-1,1,1
h1,166,11,1,314,2.46111,1,8872,342,0.16511,0.126937,-0.21826,-0.0212355,0.41103,0.95,0.917924,0.715633,0.536388,0.715633,0.499371,0.614002,0.570768,103,142,0.0820702,1,1,1
h1,167,11,1,228,0.857927,0,2593,10776,-0.172193,0.0298634,0.248111,0.0293283,0.420587,0.95,0.947984,0.634771,0.506739,0.638814,0.537086,0.598095,0.558961,103,142,0.0876688,-1,1,1
h1,168,11,1,118,2.33365,0,7523,701,0.136125,0.0443525,-0.207454,0.0154171,0.345222,0.95,1.04764,0.633423,0.482255,0.633423,0.510565,0.595922,0.553695,103,142,0.083315,1,1,1
h1,169,11,1,64,2.36223,0,3105,10302,-0.149117,0.156857,0.222526,-0.349716,0.628291,0.95,0.978881,0.6469,0.496406,0.656334,0.724052,0.559289,0.522633,103,142,0.0887333,1,1,1
h1,170,11,1,123,3.27571,0,526,10220,-0.210241,0.0849247,0.261646,0.0172234,0.476788,0.95,0.977369,0.761456,0.582884,0.761456,0.599772,0.634269,0.593482,103,142,0.0889529,-1,1,1
h1,171,11,1,278,3.62555,1,4851,10907,-0.0805817,0.0186768,0.285689,0.0452337,0.367255,0.95,1.04305,0.560647,0.432278,0.560647,0.542306,0.549143,0.509778,103,142,0.103679,1,1,1
h1,172,11,1,0,0.445699,1,8010,72,0.152807,0.104347,-0.234023,-0.00157356,0.401073,0.95,0.862494,0.679245,0.51752,0.679245,0.502619,0.60949,0.567277,103,142,0.0805951,-1,1,1
h1,173,11,1,130,3.34215,1,6535,2656,0.092967,-0.113099,-0.172945,0.0325184,0.303465,0.95,0.800427,0.489218,0.404987,0.498652,0.438033,0.470941,0.431888,103,142,0.0838801,-1,1,1
h1,174,11,1,311,2.47407,0,8277,660,0.17734,0.128695,-0.221534,-0.343931,0.618457,0.95,0.931533,0.644205,0.504717,0.650943,0.711423,0.601608,0.565223,103,142,0.0827543,-1,1,1
h1,175,11,1,178,0.659111,0,8607,2722,0.170468,-0.152552,-0.169892,0.0321741,0.387372,0.95,0.984366,0.551213,0.466757,0.552561,0.505624,0.552326,0.514086,103,142,0.07714,1,1,1
h1,176,11,1,155,5.74052,0,64,10671,-0.241561,0.0430212,0.249099,0.0191889,0.49128,0.95,0.92087,0.739892,0.555256,0.739892,0.586203,0.642416,0.602117,103,142,0.0847976,1,1,1
h1,177,11,1,328,1.52049,1,145,10724,-0.23682,0.0585508,0.244729,0.0212641,0.483177,0.95,0.990641,0.730458,0.586815,0.737197,0.580091,0.651909,0.612578,103,142,0.0847181,-1,1,1
h1,178,11,1,71,0.660434,0,5804,2116,0.0168428,-0.363878,-0.182477,0.0326996,0.444182,0.95,0.964123,0.774933,0.588387,0.774933,0.600902,0.776936,0.745871,103,142,0.0743772,1,1,1
h1,179,11,1,198,3.864,1,4867,11020,-0.0904884,-0.364652,0.303435,0.0569115,0.576967,0.95,0.956574,0.75876,0.580189,0.75876,0.665816,0.72212,0.693022,103,142,0.0735101,1,1,1
h1,180,11,1,9,4.40256,1,723,10789,-0.203301,0.0441084,0.251837,0.0302725,0.455387,0.95,0.967101,0.743935,0.570755,0.743935,0.594957,0.635937,0.5977,103,142,0.099694,-1,1,1
h1,181,11,1,116,2.39051,0,4458,11020,-0.121935,-0.278303,0.303435,0.0569115,0.541685,0.95,0.898885,0.591644,0.51898,0.61186,0.610205,0.656542,0.623684,103,142,0.0741921,-1,1,1
h1,182,11,1,104,5.27108,0,2603,10805,-0.165742,-0.0582237,0.269192,0.0356674,0.445016,0.95,0.965913,0.637466,0.503931,0.6469,0.582649,0.567056,0.52773,103,142,0.0833465,-1,1,1
h1,183,11,1,40,3.31283,0,3056,10724,-0.144607,0.0373859,0.244729,0.0212641,0.389729,0.95,0.906763,0.601078,0.489331,0.606469,0.480215,0.597195,0.555456,103,142,0.0879297,1,1,1
h1,184,11,1,32,4.6959,1,7744,2321,0.15091,-0.00881004,-0.176155,0.0272455,0.329087,0.95,1.08537,0.522911,0.441599,0.530997,0.469217,0.586434,0.545828,103,142,0.0878102,1,1,1
h1,185,11,1,50,3.94277,1,1982,10805,-0.186027,-0.058404,0.269192,0.0356674,0.46484,0.95,0.978396,0.665768,0.5219,0.665768,0.603395,0.579205,0.539991,103,142,0.0797011,-1,1,1
h1,186,11,1,202,3.5113,1,144,10724,-0.237375,0.0538673,0.244729,0.0212641,0.48342,0.95,0.976602,0.761456,0.581761,0.761456,0.573971,0.6466,0.608348,103,142,0.0912446,1,1,1
h1,187,11,1,335,1.04968,0,464,10761,-0.228718,0.0163822,0.244075,0.0257826,0.473551,0.95,0.957171,0.730458,0.551999,0.730458,0.569584,0.630059,0.592062,103,142,0.0862137,-1,1,1
h1,188,11,1,209,4.79264,1,3854,10995,-0.153094,-0.17223,0.29844,0.0537834,0.505099,0.95,0.926705,0.601078,0.498091,0.601078,0.642282,0.532136,0.49446,103,142,0.0764136,-1,1,1
h1,189,11,1,25,5.6297,0,2870,10964,-0.173573,-0.277822,0.293952,0.0506849,0.571482,0.95,0.924373,0.628032,0.497642,0.628032,0.619911,0.647566,0.614549,103,142,0.0751973,-1,1,1
h1,190,11,1,266,5.21441,0,7692,2321,0.146803,0.0702419,-0.176155,0.0272455,0.325809,0.95,0.81042,0.571429,0.475517,0.575472,0.464855,0.63043,0.588945,103,142,0.0806012,1,1,1
h1,191,11,1,60,3.1895,0,3920,10995,-0.15379,-0.23377,0.29844,0.0537834,0.535984,0.95,1.00557,0.606469,0.477651,0.606469,0.638998,0.59411,0.558925,103,142,0.0753639,-1,1,1
h1,192,11,1,253,3.75394,0,3937,10776,-0.119947,0.0517769,0.248111,0.0293283,0.368837,0.95,0.828845,0.530997,0.44553,0.537736,0.460963,0.597852,0.55755,229,140,0.0897469,-1,1,1
h1,193,11,1,214,3.17537,1,4384,11020,-0.122195,-0.224951,0.303435,0.0569115,0.510498,0.95,0.86649,0.576819,0.508086,0.588949,0.603888,0.591928,0.555641,229,140,0.0757859,-1,1,1
h1,194,11,1,336,5.06081,1,2980,10776,-0.1311,0.0187426,0.248111,0.0293283,0.379752,0.95,0.9662,0.610512,0.483715,0.614555,0.509026,0.585732,0.545308,229,140,0.0879932,1,1,1
h1,195,11,1,217,3.8878,0,3432,10907,-0.149065,-0.0136862,0.285689,0.0452337,0.438797,0.95,0.90844,0.642857,0.503819,0.642857,0.570395,0.590571,0.5494,229,140,0.0974774,1,1,1
h1,196,11,1,342,2.20002,0,126,10789,-0.224814,-0.00405121,0.251837,0.0302725,0.477923,0.95,0.950103,0.672507,0.517745,0.699461,0.575932,0.617929,0.580923,229,140,0.0870311,1,1,1
h1,197,11,1,351,1.34826,0,7516,701,0.141206,0.0471897,-0.207454,0.0154171,0.350153,0.95,0.973133,0.621294,0.492363,0.621294,0.464066,0.603326,0.561853,229,140,0.0809236,-1,1,1
h1,198,11,1,59,6.03194,0,4286,10671,-0.11536,0.101578,0.249099,0.0191889,0.37372,0.95,0.881476,0.475741,0.403863,0.504043,0.45472,0.561736,0.519796,229,140,0.096252,1,1,1
h1,199,11,1,64,3.35491,1,3105,10302,-0.149117,0.156857,0.222526,-0.349716,0.628291,0.95,1.00283,0.656334,0.484389,0.656334,0.717878,0.556297,0.519596,229,140,0.0940605,-1,1,1
h1,200,11,1,162,5.22708,0,5545,10223,-0.00925446,0.171809,0.221531,-0.349481,0.570098,0.95,0.919993,0.703504,0.509546,0.703504,0.644932,0.441231,0.405653,229,140,0.0785433,-1,1,1
h1,201,11,1,177,0.946842,1,6756,2116,0.106054,-0.173679,-0.182477,0.0326996,0.355158,0.95,1.04016,0.560647,0.450023,0.560647,0.520153,0.531293,0.493608,229,140,0.0768559,-1,1,1
h1,202,11,1,179,5.91252,0,10456,1287,0.248541,-0.00627041,-0.194621,0.0208845,0.444002,0.95,1.04052,0.700809,0.535377,0.700809,0.553321,0.63565,0.594296,229,140,0.0828127,1,1,1
h1,203,11,1,301,4.44229,0,5144,11020,-0.0568323,-0.0357151,0.303435,0.0569115,0.372106,0.95,0.830426,0.45283,0.398697,0.456873,0.486675,0.445506,0.408543,229,140,0.100881,-1,1,1
h1,204,11,1,163,6.03679,1,10457,70,0.211976,0.095252,-0.231787,-0.0046196,0.454862,0.95,0.936574,0.742588,0.57491,0.742588,0.573503,0.637887,0.593807,229,140,0.0941568,1,1,1
h1,205,11,1,21,4.18941,1,3593,10302,-0.150817,0.132455,0.222526,-0.349716,0.609957,0.95,0.902392,0.641509,0.501235,0.6469,0.696219,0.595946,0.559769,229,140,0.0865539,-1,1,1
h1,206,11,1,70,6.18331,1,961,10302,-0.215131,0.168263,0.222526,-0.349716,0.678237,0.95,0.963554,0.667116,0.501123,0.667116,0.775506,0.587472,0.552085,229,140,0.0797642,1,1,1
h1,207,11,1,277,1.70395,1,2945,10071,-0.153687,0.225564,0.217018,-0.349343,0.684152,0.95,0.962324,0.692722,0.516734,0.698113,0.739086,0.551901,0.515901,229,140,0.0750865,-1,1,1
h1,208,11,1,286,3.95641,1,5732,2121,0.00246429,-0.349024,-0.183115,0.0327539,0.424549,0.95,1.00908,0.72372,0.576932,0.72372,0.502033,0.789286,0.758524,229,140,0.0773103,1,1,1
h1,209,11,1,214,5.13553,0,4384,11020,-0.122195,-0.224951,0.303435,0.0569115,0.510498,0.95,0.949218,0.576819,0.494272,0.588949,0.614083,0.593527,0.557168,229,140,0.0743082,-1,1,1
h1,210,11,1,215,0.305806,1,507,10789,-0.214523,0.0275526,0.251837,0.0302725,0.466546,0.95,0.981032,0.754717,0.574349,0.754717,0.584763,0.6297,0.591682,229,140,0.0947203,-1,1,1
h1,211,11,1,255,3.74475,0,5114,11020,-0.06884,-0.350043,0.303435,0.0569115,0.551544,0.95,0.983428,0.738545,0.57974,0.738545,0.605407,0.73235,0.702942,229,140,0.0724918,-1,1,1
h1,212,11,1,293,0.15772,0,2257,10302,-0.174117,0.164539,0.222526,-0.349716,0.649472,0.95,0.974301,0.642857,0.506851,0.654987,0.729581,0.569741,0.532536,229,140,0.0982663,-1,1,1
h1,213,11,1,132,4.98767,0,6771,2436,0.110561,-0.338793,-0.177717,0.0331116,0.47061,0.95,0.924431,0.650943,0.53841,0.650943,0.566979,0.708808,0.675383,229,140,0.0809233,-1,1,1
h1,214,11,1,144,3.57125,0,2236,10220,-0.160474,0.0814457,0.261646,0.0172234,0.42733,0.95,0.920772,0.632076,0.514488,0.634771,0.522286,0.600095,0.561696,229,140,0.0875872,1,1,1
h1,215,11,1,297,0.48872,1,7839,2722,0.153073,-0.0445271,-0.169892,0.0321741,0.33199,0.95,1.00753,0.518868,0.449798,0.545822,0.468912,0.578202,0.537022,229,140,0.0793041,-1,1,1
h1,216,11,1,256,2.382,0,10399,648,0.191095,0.136386,-0.221706,-0.344286,0.633682,0.95,0.965398,0.664421,0.510782,0.664421,0.735858,0.580468,0.54381,229,140,0.112757,1,1,1
h1,217,11,1,52,3.6383,1,9232,9,0.183264,0.0179186,-0.253302,0.0242414,0.437115,0.95,1.04901,0.702156,0.534591,0.702156,0.597469,0.59886,0.557374,229,140,0.089322,1,1,1
h1,218,11,1,181,4.89524,1,5016,11020,-0.0792856,-0.344342,0.303435,0.0569115,0.554592,0.95,0.973091,0.710243,0.565027,0.714286,0.626529,0.720933,0.691892,229,140,0.0738597,1,1,1
h1,219,11,1,264,4.79379,0,9884,2321,0.197553,-0.138995,-0.176155,0.0272455,0.409038,0.95,0.926331,0.543127,0.461253,0.56469,0.502645,0.599169,0.560189,229,140,0.0777542,1,1,1
h1,220,11,1,78,3.3887,1,324,10724,-0.230242,0.0528574,0.244729,0.0212641,0.47653,0.95,0.903585,0.716981,0.542678,0.716981,0.553358,0.637882,0.597789,229,140,0.0911135,-1,1,1
h1,221,11,1,53,2.81358,1,346,10789,-0.205805,-0.0289268,0.251837,0.0302725,0.461554,0.95,0.917984,0.607817,0.48248,0.636119,0.545703,0.620826,0.583414,229,140,0.0885538,-1,1,1
h1,222,11,1,265,2.18333,0,9994,72,0.263007,0.0147867,-0.234023,-0.00157356,0.497313,0.95,0.947599,0.687332,0.522237,0.687332,0.619002,0.621178,0.577076,229,140,0.0778383,-1,1,1
h1,223,11,1,39,2.53158,1,4259,11020,-0.136743,-0.326915,0.303435,0.0569115,0.584062,0.95,0.97245,0.654987,0.54717,0.661725,0.651632,0.686031,0.653743,229,140,0.0728769,1,1,1
h1,224,11,1,58,4.0898,0,10095,2593,0.208674,-0.160955,-0.172193,0.0298634,0.426027,0.95,0.876591,0.513477,0.456761,0.537736,0.491227,0.593865,0.554253,229,140,0.0743726,1,1,1
h1,225,11,1,79,4.85795,1,2753,10776,-0.149867,0.0408087,0.248111,0.0293283,0.398232,0.95,0.886572,0.572776,0.447889,0.572776,0.540262,0.574353,0.534272,229,140,0.110035,1,1,1
h1,226,11,1,289,3.9377,0,10063,72,0.269787,0.0161343,-0.234023,-0.00157356,0.504129,0.95,0.901076,0.540431,0.465297,0.597035,0.558504,0.629634,0.58559,229,140,0.109949,-1,1,1
h1,227,11,1,183,4.11445,1,4310,11020,-0.133662,-0.343003,0.303435,0.0569115,0.592574,0.95,0.927462,0.700809,0.53841,0.700809,0.69053,0.695503,0.66441,229,140,0.0752,1,1,1
h1,228,11,1,175,4.37429,0,5584,10223,-0.00551796,0.108643,0.221531,-0.349481,0.511301,0.95,0.980967,0.656334,0.4854,0.656334,0.599949,0.465644,0.426228,229,140,0.0772953,1,1,1
h1,229,11,1,39,0.130339,1,4259,11020,-0.136743,-0.326915,0.303435,0.0569115,0.584062,0.95,0.987775,0.714286,0.549191,0.715633,0.637191,0.689806,0.657362,229,140,0.0732926,-1,1,1
h1,230,11,1,129,1.22947,0,7775,72,0.14717,0.107128,-0.234023,-0.00157356,0.396389,0.95,0.910982,0.6469,0.495732,0.6469,0.511095,0.607512,0.564152,229,140,0.080853,-1,1,1
h1,231,11,1,272,1.06509,0,7898,2321,0.151156,0.055851,-0.176155,0.0272455,0.328747,0.95,1.05901,0.630728,0.481469,0.630728,0.48327,0.615272,0.573481,229,140,0.0797047,1,1,1
h1,232,11,1,197,6.05975,1,6470,758,0.0850677,0.223834,-0.217086,-0.344656,0.643822,0.95,1.00372,0.739892,0.544587,0.739892,0.6936,0.490595,0.442705,229,140,0.0724388,1,1,1
h1,233,11,1,204,0.0578782,0,1163,10319,-0.196664,0.131005,0.219543,-0.350306,0.636309,0.95,0.976151,0.650943,0.497642,0.656334,0.721144,0.59024,0.554353,229,140,0.100603,1,1,1
h1,234,11,1,316,2.27478,0,1300,10319,-0.19441,0.133852,0.219543,-0.350306,0.636998,0.95,0.957288,0.653639,0.504268,0.653639,0.720575,0.597081,0.562126,229,140,0.1015,1,1,1
h1,235,11,1,54,3.57463,1,9937,758,0.183938,0.220732,-0.217086,-0.344656,0.693236,0.95,1.01068,0.714286,0.514825,0.714286,0.761215,0.557702,0.520359,229,140,0.0776945,-1,1,1
h1,236,11,1,78,1.19985,1,324,10724,-0.230242,0.0528574,0.244729,0.0212641,0.47653,0.95,1.00327,0.733154,0.572776,0.739892,0.586323,0.64064,0.600449,229,140,0.0918261,-1,1,1
h1,237,11,1,232,3.95395,1,778,10671,-0.215731,0.0692883,0.249099,0.0191889,0.46818,0.95,1.00176,0.738545,0.567498,0.738545,0.589609,0.638429,0.597938,229,140,0.0908709,1,1,1
h1,238,11,1,124,2.23834,1,9146,31,0.183883,0.0948801,-0.250805,0.00788689,0.443416,0.95,0.971257,0.617251,0.488994,0.617251,0.573788,0.561332,0.518796,229,140,0.100728,-1,1,1
h1,239,11,1,147,2.99363,0,7893,315,0.157929,0.0596781,-0.221039,0.00854301,0.382414,0.95,0.955152,0.665768,0.516622,0.665768,0.508345,0.60725,0.563966,229,140,0.0793153,1,1,1
h1,240,11,1,306,2.25865,0,4455,10724,-0.108435,0.0668907,0.244729,0.0212641,0.357145,1,0.880308,0.570081,0.465746,0.576819,0.458875,0.596832,0.558028,127,147,0.0901935,-1,1,1
h1,241,11,1,347,6.16929,0,505,10101,-0.225183,0.105872,0.264098,0.0141907,0.498222,1,0.92003,0.792453,0.596024,0.792453,0.602459,0.634992,0.5952,127,147,0.093146,1,1,1
h1,242,11,1,355,2.08597,1,1726,10302,-0.18229,0.123334,0.222526,-0.349716,0.622619,1,1.00589,0.65903,0.505952,0.671159,0.728932,0.582611,0.546358,127,147,0.104367,-1,1,1
h1,243,11,1,283,5.87011,0,8530,72,0.157607,0.12263,-0.234023,-0.00157356,0.410935,1,0.915809,0.726415,0.553684,0.726415,0.547153,0.615028,0.572203,127,147,0.0882062,-1,1,1
h1,244,11,1,285,3.73435,1,3880,10724,-0.129674,0.046999,0.244729,0.0212641,0.376355,1,0.91934,0.583558,0.448001,0.583558,0.533891,0.587921,0.546965,127,147,0.0928989,-1,1,1
h1,245,11,1,163,2.85407,0,10457,70,0.211976,0.095252,-0.231787,-0.0046196,0.454862,1,1.01291,0.752022,0.583221,0.754717,0.592806,0.63332,0.589229,127,147,0.0957368,1,1,1
h1,246,11,1,274,1.91251,1,9173,1287,0.189021,-0.0517368,-0.194621,0.0208845,0.390469,1,1.12183,0.649596,0.515499,0.649596,0.549301,0.593588,0.553218,127,147,0.0800246,-1,1,1
h1,247,11,1,180,5.86033,0,10765,660,0.254869,0.147903,-0.221534,-0.343931,0.684735,1,1.01055,0.656334,0.485961,0.656334,0.771363,0.612814,0.57799,127,147,0.110203,1,1,1
h1,248,11,1,256,2.33511,0,10399,648,0.191095,0.136386,-0.221706,-0.344286,0.633682,1,1.01576,0.681941,0.510332,0.681941,0.766617,0.57152,0.534822,127,147,0.0986071,1,1,1
h1,249,11,1,345,5.42858,1,9708,758,0.177473,0.201998,-0.217086,-0.344656,0.674239,1,1.01871,0.677898,0.527179,0.688679,0.758401,0.570557,0.533253,127,147,0.0771272,1,1,1
h1,250,11,1,199,3.24217,0,6355,1819,0.0768652,-0.249022,-0.188297,0.0325251,0.386881,1,1.07002,0.621294,0.500674,0.621294,0.531593,0.628665,0.592875,127,147,0.0810697,1,1,1
h1,251,11,1,322,3.48553,1,5527,11039,-0.0120525,-0.0560036,0.307089,0.0602894,0.339678,1,0.916698,0.43531,0.406559,0.440701,0.486938,0.536014,0.504969,127,147,0.0881739,-1,1,1
h1,252,11,1,145,0.529341,1,10432,637,0.194345,0.145539,-0.226089,-0.343699,0.645121,1,1.00326,0.656334,0.502583,0.656334,0.768117,0.588906,0.550552,127,147,0.0898065,1,1,1
h1,253,11,1,15,0.944574,1,2437,10818,-0.166977,-0.120154,0.273449,0.0376854,0.467855,1,1.00912,0.603774,0.485849,0.610512,0.589686,0.50328,0.465307,127,147,0.124988,1,1,1
h1,254,11,1,85,4.44238,1,1685,10789,-0.189052,0.0152712,0.251837,0.0302725,0.441445,1,0.989705,0.652291,0.519093,0.652291,0.588855,0.603689,0.565203,127,147,0.0839658,1,1,1
h1,255,11,1,159,2.02784,0,10342,315,0.209995,0.0348787,-0.221039,0.00854301,0.431915,1,0.952621,0.571429,0.469227,0.605121,0.533929,0.605484,0.563459,127,147,0.0905989,1,1,1
h1,256,11,1,209,3.89249,1,3854,10995,-0.153094,-0.17223,0.29844,0.0537834,0.505099,1,1.06034,0.561995,0.456312,0.583558,0.623604,0.523196,0.485552,127,147,0.078506,1,1,1
h1,257,11,1,123,3.84678,0,526,10220,-0.210241,0.0849247,0.261646,0.0172234,0.476788,1,1.05708,0.778976,0.585018,0.778976,0.612702,0.629719,0.588902,127,147,0.0912004,-1,1,1
h1,258,11,1,351,5.67864,1,7516,701,0.141206,0.0471897,-0.207454,0.0154171,0.350153,1,0.943966,0.606469,0.484277,0.606469,0.459338,0.607363,0.565864,127,147,0.0820382,1,1,1
h1,259,11,1,280,4.45883,0,3801,11020,-0.158261,-0.327012,0.303435,0.0569115,0.600491,1,1.04285,0.722372,0.53549,0.722372,0.694377,0.681796,0.649754,127,147,0.0738897,1,1,1
h1,260,11,1,284,0.127037,1,5764,2436,0.0107155,-0.275857,-0.177717,0.0331116,0.362235,1,1.01826,0.731806,0.578279,0.743935,0.554143,0.730014,0.699826,127,147,0.0760832,-1,1,1
h1,261,11,1,317,4.51057,1,3441,10220,-0.149386,0.0844364,0.261646,0.0172234,0.417315,1,0.981093,0.710243,0.52336,0.710243,0.603521,0.591172,0.549262,127,147,0.0875596,1,1,1
h1,262,11,1,258,5.44938,1,8871,2722,0.171471,-0.0783558,-0.169892,0.0321741,0.358813,1,0.996062,0.641509,0.494048,0.641509,0.552066,0.580537,0.540368,127,147,0.0762466,-1,1,1
h1,263,11,1,184,3.79959,0,6043,1819,0.0473776,-0.319266,-0.188297,0.0325251,0.423783,1,0.956091,0.699461,0.548967,0.699461,0.573484,0.727408,0.695341,127,147,0.0836075,1,1,1
h1,264,11,1,129,5.22404,1,7775,72,0.14717,0.107128,-0.234023,-0.00157356,0.396389,1,0.976331,0.690027,0.514825,0.690027,0.54178,0.587527,0.544181,127,147,0.096766,1,1,1
h1,265,11,1,329,5.18578,0,6120,2321,0.0505381,0.0228777,-0.176155,0.0272455,0.226739,1,1.14626,0.41779,0.3604,0.428571,0.404434,0.517647,0.478893,127,147,0.0854474,-1,1,1
h1,266,11,1,325,0.869128,1,1245,10302,-0.200416,0.196606,0.222526,-0.349716,0.691121,1,0.988076,0.685984,0.497642,0.685984,0.820473,0.559118,0.523109,127,147,0.0797972,-1,1,1
h1,267,11,1,251,4.17008,1,4139,10805,-0.136357,-0.0604601,0.269192,0.0356674,0.417273,1,1.05568,0.605121,0.465633,0.609164,0.584861,0.54271,0.505619,127,147,0.0786077,1,1,1
h1,268,11,1,106,1.82169,1,8738,758,0.185501,0.179561,-0.217086,-0.344656,0.660968,1,1.04925,0.669811,0.504043,0.669811,0.785385,0.555915,0.518377,127,147,0.0823545,-1,1,1
h1,269,11,1,210,2.97181,1,8066,72,0.173686,0.0941067,-0.234023,-0.00157356,0.419148,1,1.02585,0.657682,0.510108,0.672507,0.575743,0.590805,0.547634,127,147,0.0790754,1,1,1
h1,270,11,1,299,6.13203,0,5677,637,0.00555229,0.234078,-0.226089,-0.343699,0.622533,1,1.03109,0.721024,0.519317,0.721024,0.729766,0.449543,0.413397,127,147,0.0841928,-1,1,1
h1,271,11,1,354,3.14699,0,2052,10223,-0.174834,0.21325,0.221531,-0.349481,0.688314,1,0.961742,0.688679,0.498428,0.688679,0.796077,0.558871,0.51744,127,147,0.0790873,-1,1,1
h1,272,11,1,240,5.5832,0,9047,315,0.192272,0.0475636,-0.221039,0.00854301,0.415149,1,1.04873,0.700809,0.536164,0.700809,0.560127,0.60928,0.566558,127,147,0.0813086,1,1,1
h1,273,11,1,307,1.9665,0,8510,72,0.157132,0.116941,-0.234023,-0.00157356,0.408805,1,1.01217,0.707547,0.532233,0.707547,0.565748,0.610439,0.568074,127,147,0.0845886,1,1,1
h1,274,11,1,56,0.0700879,1,188,9890,-0.238694,0.0907698,0.213011,-0.348644,0.630237,1,1.0619,0.690027,0.526393,0.695418,0.753655,0.636917,0.599073,127,147,0.0843503,-1,1,1
h1,275,11,1,7,3.09976,1,164,10761,-0.229441,0.0254383,0.244075,0.0257826,0.473569,1,1.01194,0.793801,0.577156,0.793801,0.603835,0.631397,0.593247,127,147,0.0895128,-1,1,1
h1,276,11,1,203,6.04479,0,626,10302,-0.218694,0.143538,0.222526,-0.349716,0.661796,1,1.0461,0.653639,0.509322,0.653639,0.775145,0.584355,0.547184,127,147,0.0925567,1,1,1
h1,277,11,1,58,1.81487,1,10095,2593,0.208674,-0.160955,-0.172193,0.0298634,0.426027,1,0.942052,0.521563,0.454627,0.525607,0.519622,0.596922,0.557295,127,147,0.076621,-1,1,1
h1,278,11,1,38,3.8555,1,1188,10302,-0.20869,0.177177,0.222526,-0.349716,0.680983,1,1.00671,0.665768,0.497754,0.665768,0.805992,0.568937,0.532328,127,147,0.0808479,-1,1,1
h1,279,11,1,25,5.00177,1,2870,10964,-0.173573,-0.277822,0.293952,0.0506849,0.571482,1,0.965988,0.642857,0.528976,0.664421,0.675185,0.646642,0.613382,127,147,0.0736675,1,1,1
h1,280,11,1,101,2.27188,1,7045,701,0.120216,0.0447788,-0.207454,0.0154171,0.329055,1,0.881159,0.46496,0.405211,0.46496,0.437027,0.593406,0.552576,127,147,0.101345,-1,1,1
h1,281,11,1,55,1.15664,0,10391,660,0.232121,0.170844,-0.221534,-0.343931,0.686147,1,1.04854,0.660377,0.511119,0.660377,0.823608,0.583996,0.550859,127,147,0.0785875,1,1,1
h1,282,11,1,256,0.11998,0,10399,648,0.191095,0.136386,-0.221706,-0.344286,0.633682,1,1.00244,0.668464,0.505728,0.668464,0.761547,0.586403,0.549775,127,147,0.0971766,-1,1,1
h1,283,11,1,186,2.29477,1,2504,10937,-0.17173,-0.155041,0.28989,0.0477304,0.504206,1,0.999271,0.618598,0.487309,0.62938,0.658794,0.536086,0.498349,127,147,0.0783144,-1,1,1
h1,284,11,1,309,2.07478,1,1878,10937,-0.188515,-0.225231,0.28989,0.0477304,0.550845,1,0.979474,0.625337,0.514713,0.625337,0.723246,0.594562,0.558818,127,147,0.0832146,-1,1,1
h1,285,11,1,211,0.928551,1,7339,9,0.136767,0.0611639,-0.253302,0.0242414,0.392005,1,0.982846,0.638814,0.501011,0.638814,0.498869,0.594682,0.550448,127,147,0.0792487,-1,1,1
h1,286,11,1,70,1.59835,1,961,10302,-0.215131,0.168263,0.222526,-0.349716,0.678237,1,1.06189,0.65903,0.520553,0.65903,0.786362,0.559157,0.523827,127,147,0.0778941,-1,1,1
h1,287,11,1,134,6.03563,0,6418,2436,0.0830269,-0.349384,-0.177717,0.0331116,0.462964,1,1.00691,0.707547,0.559636,0.707547,0.596788,0.718691,0.686488,127,147,0.077775,1,1,1
h1,288,11,1,50,3.70713,0,1982,10805,-0.186027,-0.058404,0.269192,0.0356674,0.46484,1,0.997985,0.648248,0.490117,0.665768,0.635855,0.564389,0.525399,114,148,0.104483,1,1,1
h1,289,11,1,51,5.96948,0,7553,315,0.144072,0.0612535,-0.221039,0.00854301,0.368898,1,0.939009,0.615903,0.497866,0.626685,0.479901,0.60363,0.560551,114,148,0.0851841,1,1,1
h1,290,11,1,95,2.27417,1,3656,10220,-0.146809,0.0731936,0.261646,0.0172234,0.413622,1,0.945868,0.649596,0.514263,0.656334,0.539164,0.59584,0.5563,114,148,0.0850914,1,1,1
h1,291,11,1,131,3.44162,1,7877,72,0.151999,0.0878963,-0.234023,-0.00157356,0.396259,1,0.966684,0.673854,0.512803,0.673854,0.567473,0.596014,0.552766,114,148,0.0812371,-1,1,1
h1,292,11,1,204,1.78346,1,1163,10319,-0.196664,0.131005,0.219543,-0.350306,0.636309,1,1.01015,0.690027,0.497754,0.690027,0.749464,0.571424,0.535539,114,148,0.101529,1,1,1
h1,293,11,1,164,2.50119,0,3718,10220,-0.150369,0.0991592,0.261646,0.0172234,0.421644,1,0.925979,0.714286,0.536051,0.714286,0.544903,0.599082,0.561217,114,148,0.0905337,1,1,1
h1,294,11,1,217,1.93454,0,3432,10907,-0.149065,-0.0136862,0.285689,0.0452337,0.438797,1,1.12219,0.667116,0.506626,0.671159,0.630165,0.58208,0.541135,114,148,0.105359,1,1,1
h1,295,11,1,248,1.9485,1,7771,72,0.147313,0.0951824,-0.234023,-0.00157356,0.393425,1,0.985683,0.687332,0.510108,0.687332,0.54347,0.594569,0.55242,114,148,0.0893393,1,1,1
h1,296,11,1,63,3.38369,1,5177,11020,-0.0543489,-0.000553131,0.303435,0.0569115,0.36237,1,1.03569,0.508086,0.40858,0.508086,0.515956,0.507483,0.46962,114,148,0.0815515,-1,1,1
h1,297,11,1,186,0.456186,0,2504,10937,-0.17173,-0.155041,0.28989,0.0477304,0.504206,1,1.0096,0.551213,0.465072,0.576819,0.632927,0.538483,0.500932,114,148,0.0931043,-1,1,1
h1,298,11,1,267,2.04561,0,6716,2116,0.116477,-0.330881,-0.182477,0.0326996,0.47102,1,0.977401,0.626685,0.546047,0.642857,0.573676,0.694496,0.660415,114,148,0.0771059,-1,1,1
h1,299,11,1,315,0.516971,1,1053,10223,-0.192751,0.190524,0.221531,-0.349481,0.680672,1,1.03673,0.664421,0.518868,0.665768,0.779337,0.56719,0.515046,114,148,0.0818064,1,1,1
h1,300,11,1,332,2.74415,0,5941,2116,0.0334044,-0.0193396,-0.182477,0.0326996,0.222728,1,0.861032,0.404313,0.381402,0.411051,0.384963,0.482694,0.444406,114,148,0.0865202,1,1,1
h1,301,11,1,348,1.90863,1,4881,10789,-0.08113,0.0515871,0.251837,0.0302725,0.334003,1,0.830809,0.448787,0.399596,0.45283,0.453444,0.582309,0.543345,114,148,0.0823362,1,1,1
h1,302,11,1,168,1.10173,0,4388,11039,-0.121205,-0.251931,0.307089,0.0602894,0.530079,1,1.01499,0.636119,0.513028,0.636119,0.648628,0.621788,0.58664,114,148,0.0724376,-1,1,1
h1,303,11,1,208,1.21931,0,1862,10789,-0.183446,0.00956726,0.251837,0.0302725,0.435991,1,0.948769,0.660377,0.495171,0.663073,0.572168,0.592846,0.553157,114,148,0.101685,-1,1,1
h1,304,11,1,131,3.66932,1,7877,72,0.151999,0.0878963,-0.234023,-0.00157356,0.396259,1,0.950573,0.683288,0.522911,0.683288,0.551155,0.598567,0.555424,114,148,0.0805294,-1,1,1
h1,305,11,1,337,2.38176,0,3682,10907,-0.146651,-0.120312,0.285689,0.0452337,0.462951,1,1.04955,0.583558,0.457884,0.595687,0.620945,0.521722,0.484718,114,148,0.0799843,1,1,1
h1,306,11,1,181,2.26719,0,5016,11020,-0.0792856,-0.344342,0.303435,0.0569115,0.554592,1,0.974593,0.733154,0.566375,0.733154,0.689719,0.715289,0.686292,114,148,0.073659,-1,1,1
h1,307,11,1,225,1.43379,1,8041,315,0.162231,0.0859537,-0.221039,0.00854301,0.391015,1,0.976091,0.692722,0.5292,0.692722,0.542976,0.610493,0.567699,114,148,0.0837968,1,1,1
h1,308,11,1,249,4.5218,1,1659,10319,-0.198243,0.143496,0.219543,-0.350306,0.647061,1,1.0307,0.683288,0.494609,0.683288,0.779871,0.563286,0.527546,114,148,0.100748,1,1,1
h1,309,11,1,171,1.23506,0,912,10101,-0.201639,0.10631,0.264098,0.0141907,0.474765,1,0.991875,0.826146,0.612646,0.826146,0.615589,0.631592,0.591207,114,148,0.0933111,-1,1,1
h1,310,11,1,266,4.41668,1,7692,2321,0.146803,0.0702419,-0.176155,0.0272455,0.325809,1,0.85408,0.580863,0.478661,0.591644,0.472191,0.625658,0.584408,114,148,0.0943321,1,1,1
h1,311,11,1,340,3.51842,1,3313,10955,-0.154504,0.0497618,0.307137,0.0456686,0.461837,1,0.975294,0.680593,0.522911,0.680593,0.592958,0.593906,0.554047,114,148,0.0866488,1,1,1
h1,312,11,1,200,3.3852,0,7430,758,0.141142,0.184283,-0.217086,-0.344656,0.638846,1,1.07767,0.691375,0.498877,0.691375,0.770435,0.527731,0.487369,114,148,0.0770063,-1,1,1
h1,313,11,1,298,3.78736,0,5919,2116,0.0261135,-0.320004,-0.182477,0.0326996,0.409926,1,0.971042,0.687332,0.565813,0.687332,0.504077,0.755188,0.722695,114,148,0.0730659,1,1,1
h1,314,11,1,327,5.61421,1,9518,2321,0.188954,-0.138802,-0.176155,0.0272455,0.401111,1,0.994744,0.549865,0.46934,0.553908,0.537825,0.572878,0.533638,114,148,0.0780741,-1,1,1
h1,315,11,1,326,4.17012,0,8603,637,0.209278,0.13398,-0.226089,-0.343699,0.646316,1,1.01977,0.699461,0.534816,0.699461,0.770034,0.601013,0.564853,114,148,0.0899778,-1,1,1
h1,316,11,1,210,4.42193,0,8066,72,0.173686,0.0941067,-0.234023,-0.00157356,0.419148,1,0.973014,0.698113,0.537174,0.698113,0.543902,0.60704,0.563956,114,148,0.0775048,-1,1,1
h1,317,11,1,217,1.69691,0,3432,10907,-0.149065,-0.0136862,0.285689,0.0452337,0.438797,1,1.12114,0.632076,0.494497,0.648248,0.612022,0.577974,0.537338,114,148,0.101864,1,1,1
h1,318,11,1,112,5.70604,0,8840,2722,0.173558,-0.21897,-0.169892,0.0321741,0.425581,1,0.98088,0.549865,0.474843,0.559299,0.58536,0.566462,0.527412,114,148,0.0851888,-1,1,1
h1,319,11,1,299,3.51309,1,5677,637,0.00555229,0.234078,-0.226089,-0.343699,0.622533,1,0.993607,0.716981,0.507412,0.716981,0.715886,0.440476,0.401476,114,148,0.0831743,1,1,1
h1,320,11,1,52,1.47192,1,9232,9,0.183264,0.0179186,-0.253302,0.0242414,0.437115,1,1.05898,0.69407,0.535602,0.69407,0.579116,0.597841,0.556202,114,148,0.0818798,-1,1,1
h1,321,11,1,32,1.65258,1,7744,2593,0.15091,-0.00881004,-0.172193,0.0298634,0.325486,1,1.14547,0.528302,0.440925,0.544474,0.479794,0.58689,0.545403,114,148,0.0853088,-1,1,1
h1,322,11,1,320,5.61638,1,10120,660,0.229074,0.167508,-0.221534,-0.343931,0.681643,1,1.05141,0.695418,0.518419,0.695418,0.795759,0.580057,0.546691,114,148,0.0782635,-1,1,1
h1,323,11,1,13,2.57531,0,10912,758,0.261138,0.162951,-0.217086,-0.344656,0.697445,1,0.988653,0.665768,0.49124,0.665768,0.763656,0.613235,0.578013,114,148,0.0894257,-1,1,1
h1,324,11,1,323,2.58026,1,9776,2321,0.194669,-0.121669,-0.176155,0.0272455,0.39964,1,0.967367,0.524259,0.450135,0.52965,0.500078,0.601186,0.560264,114,148,0.0820122,-1,1,1
h1,325,11,1,120,4.38926,1,6292,2321,0.0669107,0.00686741,-0.176155,0.0272455,0.243927,1,0.903203,0.444744,0.392969,0.444744,0.360537,0.527881,0.4899,114,148,0.0830952,1,1,1
h1,326,11,1,103,1.27752,0,7750,2116,0.157073,-0.327806,-0.182477,0.0326996,0.495326,1,1.02314,0.630728,0.5146,0.630728,0.564507,0.686235,0.650106,114,148,0.0751857,1,1,1
h1,327,11,1,318,5.81075,0,4728,11039,-0.101244,-0.166464,0.307089,0.0602894,0.467089,1,0.932606,0.532345,0.464286,0.53504,0.594703,0.531509,0.496787,114,148,0.0765841,1,1,1
h1,328,11,1,260,4.02033,1,2043,10220,-0.18872,0.0880241,0.261646,0.0172234,0.456615,1,1.03641,0.718329,0.545485,0.718329,0.589921,0.609267,0.568118,114,148,0.0876794,1,1,1
h1,329,11,1,152,4.47854,0,571,10220,-0.216429,0.0887175,0.261646,0.0172234,0.483681,1,0.945049,0.820755,0.598944,0.820755,0.612667,0.630334,0.589887,114,148,0.0873802,1,1,1
h1,330,11,1,202,1.26484,1,144,10724,-0.237375,0.0538673,0.244729,0.0212641,0.48342,1,0.98051,0.792453,0.584456,0.792453,0.606546,0.643865,0.605587,114,148,0.0857456,-1,1,1
h1,331,11,1,203,2.71484,0,626,10302,-0.218694,0.143538,0.222526,-0.349716,0.661796,1,1.04291,0.649596,0.509883,0.649596,0.784731,0.587715,0.550594,114,148,0.0923951,-1,1,1
h1,332,11,1,101,3.43938,1,7045,701,0.120216,0.0447788,-0.207454,0.0154171,0.329055,1,1.04357,0.602426,0.473046,0.602426,0.478931,0.586784,0.545942,114,148,0.0854418,1,1,1
h1,333,11,1,235,2.57065,0,2606,10223,-0.157615,0.190065,0.221531,-0.349481,0.659499,1,1.06989,0.672507,0.480683,0.672507,0.760242,0.535008,0.499171,114,148,0.0856609,-1,1,1
h1,334,11,1,192,6.04732,0,6935,2116,0.119255,-0.189837,-0.182477,0.0326996,0.375312,1,1.11798,0.586253,0.455189,0.591644,0.545666,0.542784,0.504594,114,148,0.0820729,1,1,1
h1,335,11,1,175,4.17208,0,5584,10223,-0.00551796,0.108643,0.221531,-0.349481,0.511301,1,0.968502,0.649596,0.484501,0.649596,0.609329,0.463624,0.426145,114,148,0.0905484,-1,1,1
h1,336,11,1,168,1.01556,0,4388,11039,-0.121205,-0.251931,0.307089,0.0602894,0.530079,1,1.0219,0.633423,0.509771,0.633423,0.649721,0.62079,0.58576,102,147,0.0739207,-1,1,1
h1,337,11,1,328,5.96288,1,145,10724,-0.23682,0.0585508,0.244729,0.0212641,0.483177,1,0.977865,0.78841,0.586141,0.78841,0.615047,0.646034,0.606567,102,147,0.0847928,1,1,1
h1,338,11,1,338,4.57466,0,8247,2722,0.167962,-0.128345,-0.169892,0.0321741,0.374048,1,0.994567,0.619946,0.480121,0.619946,0.517888,0.493992,0.455152,102,147,0.143702,-1,1,1
h1,339,11,1,234,2.13657,1,5227,11020,-0.0583124,-0.366248,0.303435,0.0569115,0.55671,1,1.00491,0.795148,0.599955,0.796496,0.69692,0.737324,0.708258,102,147,0.0739871,-1,1,1
h1,340,11,1,267,3.74706,1,6716,2116,0.116477,-0.330881,-0.182477,0.0326996,0.47102,1,1.00199,0.622642,0.530436,0.640162,0.530556,0.69483,0.660745,102,147,0.0751158,1,1,1
h1,341,11,1,16,1.44766,0,6891,2436,0.119626,-0.246846,-0.177717,0.0331116,0.408604,1,1.06955,0.603774,0.478324,0.603774,0.559298,0.603047,0.566517,102,147,0.0765085,1,1,1
h1,342,11,1,256,1.25092,0,10399,648,0.191095,0.136386,-0.221706,-0.344286,0.633682,1,1.01589,0.681941,0.498203,0.684636,0.72398,0.575264,0.538491,102,147,0.0898656,1,1,1
h1,343,11,1,302,2.89098,1,7722,758,0.142722,0.156304,-0.217086,-0.344656,0.616859,1,0.937872,0.650943,0.498315,0.650943,0.707522,0.565332,0.532948,102,147,0.0776493,1,1,1
h1,344,11,1,233,3.45881,1,5612,724,-0.00142384,0.23288,-0.223286,-0.344934,0.618943,1,1.04606,0.557952,0.390162,0.557952,0.731567,0.414179,0.367166,102,147,0.0819375,-1,1,1
h1,345,11,1,313,0.776045,0,5217,11039,-0.056818,-0.30092,0.307089,0.0602894,0.512739,1,1.00648,0.765499,0.575921,0.766846,0.683065,0.710395,0.680931,102,147,0.106141,1,1,1
h1,346,11,1,329,6.11432,0,6120,2321,0.0505381,0.0228777,-0.176155,0.0272455,0.226739,1,0.804325,0.425876,0.358378,0.442049,0.322631,0.453666,0.414891,102,147,0.108667,1,1,1
h1,347,11,1,305,5.59572,0,4299,10805,-0.120808,0.0131626,0.269192,0.0356674,0.391269,1,1.11104,0.652291,0.489892,0.652291,0.572946,0.576427,0.536717,102,147,0.0892283,-1,1,1
h1,348,11,1,191,0.963649,1,7105,2656,0.133837,-0.214824,-0.172945,0.0325184,0.394297,1,1.01272,0.553908,0.464623,0.56469,0.533223,0.562669,0.527956,102,147,0.0821709,1,1,1
h1,349,11,1,236,0.771971,0,4146,10907,-0.122689,-0.0699654,0.285689,0.0452337,0.424577,1,1.05433,0.61186,0.464735,0.61186,0.605062,0.53629,0.498916,102,147,0.0786677,1,1,1
h1,350,11,1,214,4.64306,0,4384,11020,-0.122195,-0.224951,0.303435,0.0569115,0.510498,1,1.04397,0.621294,0.487871,0.621294,0.656031,0.590776,0.554428,102,147,0.0745305,-1,1,1
h1,351,11,1,31,1.84029,0,6472,2116,0.0871954,-0.329845,-0.182477,0.0326996,0.451885,1,0.959164,0.673854,0.550539,0.673854,0.597978,0.708804,0.674983,102,147,0.0734986,-1,1,1
h1,352,11,1,328,6.14084,1,145,10724,-0.23682,0.0585508,0.244729,0.0212641,0.483177,1,0.969649,0.78841,0.582547,0.78841,0.611234,0.646489,0.607146,102,147,0.0865174,1,1,1
h1,353,11,1,236,0.142198,1,4146,10907,-0.122689,-0.0699654,0.285689,0.0452337,0.424577,1,1.10631,0.560647,0.443621,0.584906,0.591494,0.530439,0.492918,102,147,0.0793786,-1,1,1
h1,354,11,1,75,5.71049,1,7934,72,0.170718,0.0690966,-0.234023,-0.00157356,0.411087,1,0.977807,0.614555,0.493711,0.623989,0.547951,0.594162,0.552469,102,147,0.080093,1,1,1
h1,355,11,1,199,0.223851,1,6355,1819,0.0768652,-0.249022,-0.188297,0.0325251,0.386881,1,1.0502,0.61186,0.500898,0.617251,0.53023,0.629477,0.593806,102,147,0.074288,1,1,1
h1,356,11,1,106,2.32217,0,8738,758,0.185501,0.179561,-0.217086,-0.344656,0.660968,1,0.996034,0.671159,0.500112,0.671159,0.778704,0.572899,0.538465,102,147,0.0820849,-1,1,1
h1,357,11,1,83,1.67639,1,10890,660,0.255695,0.153066,-0.221534,-0.343931,0.689097,1,1.05733,0.704852,0.53403,0.704852,0.793536,0.608803,0.573815,102,147,0.0788985,1,1,1
h1,358,11,1,242,1.16639,1,8888,72,0.196739,0.110368,-0.234023,-0.00157356,0.445265,1,1.00869,0.795148,0.587601,0.795148,0.584727,0.629112,0.586144,102,147,0.0910784,-1,1,1
h1,359,11,1,186,1.2551,0,2504,10937,-0.17173,-0.155041,0.28989,0.0477304,0.504206,1,0.993354,0.656334,0.5073,0.656334,0.694255,0.533711,0.496205,102,147,0.0840392,-1,1,1
h1,360,11,1,322,3.93692,1,5527,11039,-0.0120525,-0.0560036,0.307089,0.0602894,0.339678,1,0.963471,0.442049,0.408019,0.460916,0.538996,0.538863,0.505343,102,147,0.0755076,-1,1,1
h1,361,11,1,34,3.21841,0,5499,11020,-0.0212746,-0.342493,0.303435,0.0569115,0.514749,1,1.0124,0.82345,0.626011,0.824798,0.627839,0.76333,0.734768,102,147,0.072889,-1,1,1
h1,362,11,1,343,1.47068,0,7016,2593,0.121774,-0.0572081,-0.172193,0.0298634,0.306607,1,1.14642,0.521563,0.425427,0.545822,0.481865,0.548249,0.50904,102,147,0.0793775,1,1,1
h1,363,11,1,36,6.18088,1,4675,10724,-0.0951405,0.0405102,0.244729,0.0212641,0.340972,1,0.885933,0.456873,0.404425,0.459569,0.464842,0.582513,0.54369,102,147,0.0874651,-1,1,1
h1,364,11,1,234,1.0786,0,5227,11020,-0.0583124,-0.366248,0.303435,0.0569115,0.55671,1,0.999839,0.800539,0.603661,0.801887,0.694669,0.737726,0.708528,102,147,0.0743762,-1,1,1
h1,365,11,1,4,3.79265,0,8825,758,0.162009,0.166172,-0.217086,-0.344656,0.6362,1,1.00307,0.679245,0.526393,0.679245,0.756083,0.56527,0.528438,102,147,0.0806728,-1,1,1
h1,366,11,1,71,3.24821,1,5804,2116,0.0168428,-0.363878,-0.182477,0.0326996,0.444182,1,0.962325,0.749326,0.587713,0.749326,0.606613,0.771947,0.740745,102,147,0.0736225,1,1,1
h1,367,11,1,24,2.92657,0,2921,10995,-0.175522,-0.296458,0.29844,0.0537834,0.589329,1,0.992477,0.698113,0.517408,0.698113,0.669643,0.667085,0.633994,102,147,0.0708323,1,1,1
h1,368,11,1,257,0.953181,1,5403,10223,-0.0286245,0.154693,0.221531,-0.349481,0.562829,1,0.962013,0.787062,0.553347,0.787062,0.64808,0.47295,0.434755,102,147,0.0726264,-1,1,1
h1,369,11,1,235,2.30755,0,2606,10223,-0.157615,0.190065,0.221531,-0.349481,0.659499,1,1.06934,0.664421,0.482143,0.664421,0.762326,0.536875,0.500887,102,147,0.0798369,-1,1,1
h1,370,11,1,233,1.4562,1,5612,724,-0.00142384,0.23288,-0.223286,-0.344934,0.618943,1,1.07571,0.504043,0.40027,0.508086,0.703288,0.422157,0.368118,102,147,0.0837677,1,1,1
h1,371,11,1,326,1.77315,0,8603,637,0.209278,0.13398,-0.226089,-0.343699,0.646316,1,0.987582,0.695418,0.510669,0.702156,0.734572,0.602888,0.566735,102,147,0.0881967,-1,1,1
h1,372,11,1,160,6.12069,1,2337,10964,-0.180623,-0.207244,0.293952,0.0506849,0.540224,1,1.00384,0.61186,0.48978,0.625337,0.676661,0.57257,0.536319,102,147,0.0739917,-1,1,1
h1,373,11,1,163,4.35984,0,10457,70,0.211976,0.095252,-0.231787,-0.0046196,0.454862,1,0.953108,0.769542,0.579066,0.769542,0.590169,0.635473,0.591407,102,147,0.0962526,1,1,1
h1,374,11,1,125,4.77199,1,454,10220,-0.222429,0.104938,0.261646,0.0172234,0.492076,1,0.940609,0.842318,0.608378,0.842318,0.633642,0.640343,0.598751,102,147,0.103915,-1,1,1
h1,375,11,1,7,4.4781,1,164,10761,-0.229441,0.0254383,0.244075,0.0257826,0.473569,1,0.962695,0.699461,0.550427,0.716981,0.563057,0.633545,0.595575,102,147,0.0896505,-1,1,1
h1,376,11,1,208,5.91824,0,1862,10789,-0.183446,0.00956726,0.251837,0.0302725,0.435991,1,1.04245,0.696766,0.540207,0.696766,0.582603,0.601764,0.562068,102,147,0.0839777,-1,1,1
h1,377,11,1,321,1.78942,0,202,9863,-0.2394,0.0955,0.212934,-0.349253,0.634424,1,1.01247,0.721024,0.532907,0.721024,0.745344,0.623522,0.584715,102,147,0.0872015,1,1,1
h1,378,11,1,16,0.221093,1,6891,2436,0.119626,-0.246846,-0.177717,0.0331116,0.408604,1,0.915277,0.52965,0.491914,0.568733,0.509785,0.604436,0.567908,102,147,0.0759026,-1,1,1
h1,379,11,1,141,2.79554,0,5312,11039,-0.0403414,-0.108826,0.307089,0.0602894,0.386524,1,1.03956,0.541779,0.467318,0.549865,0.553568,0.550969,0.517644,102,147,0.0722639,1,1,1
h1,380,11,1,255,1.61995,0,5114,11020,-0.06884,-0.350043,0.303435,0.0569115,0.551544,1,0.974193,0.760108,0.581424,0.760108,0.679853,0.725509,0.6964,102,147,0.0725897,1,1,1
h1,381,11,1,198,4.61177,0,4867,11020,-0.0904884,-0.364652,0.303435,0.0569115,0.576967,1,1.06575,0.765499,0.58951,0.765499,0.655561,0.721363,0.692253,102,147,0.0750513,1,1,1
h1,382,11,1,321,3.96086,1,202,9863,-0.2394,0.0955,0.212934,-0.349253,0.634424,1,0.981716,0.702156,0.523922,0.702156,0.721581,0.627884,0.589004,102,147,0.0840343,-1,1,1
h1,383,11,1,181,0.67447,1,5016,11020,-0.0792856,-0.344342,0.303435,0.0569115,0.554592,1,0.965172,0.742588,0.564465,0.742588,0.692368,0.712692,0.683645,102,147,0.0764162,-1,1,1
h1,384,11,1,245,6.13829,1,9764,660,0.213848,0.141525,-0.221534,-0.343931,0.652172,1,0.995088,0.690027,0.507974,0.692722,0.734605,0.595412,0.559838,420,142,0.0938768,1,1,1
h1,385,11,1,35,2.21704,0,1295,10776,-0.195056,0.034338,0.248111,0.0293283,0.443462,1,0.986319,0.618598,0.493486,0.618598,0.541717,0.619625,0.581916,420,142,0.0900073,-1,1,1
h1,386,11,1,86,3.8156,1,3744,10724,-0.150739,0.0622416,0.244729,0.0212641,0.398955,1,0.945645,0.62938,0.499439,0.62938,0.517073,0.599828,0.558743,420,142,0.0842779,1,1,1
h1,387,11,1,262,4.92333,1,778,10724,-0.215731,0.0692883,0.244729,0.0212641,0.463652,1,1.05191,0.750674,0.576932,0.750674,0.594349,0.634404,0.594829,420,142,0.0875484,1,1,1
h1,388,11,1,92,0.514502,1,9933,648,0.18079,0.199647,-0.221706,-0.344286,0.676733,1,1.02127,0.664421,0.499214,0.664421,0.781713,0.557584,0.523653,420,142,0.0779611,1,1,1
h1,389,11,1,234,4.85091,0,5227,11020,-0.0583124,-0.366248,0.303435,0.0569115,0.55671,1,0.96271,0.768194,0.585243,0.768194,0.675529,0.739982,0.7109,420,142,0.074759,1,1,1
h1,390,11,1,231,1.6513,0,6617,2436,0.0972939,-0.347898,-0.177717,0.0331116,0.469894,1,1.07667,0.640162,0.516173,0.640162,0.568215,0.708572,0.677419,420,142,0.0792394,1,1,1
h1,391,11,1,137,2.30369,0,3987,10302,-0.135451,0.139373,0.222526,-0.349716,0.606235,1,1.01799,0.671159,0.506177,0.67655,0.715389,0.567502,0.531413,420,142,0.0877516,1,1,1
h1,392,11,1,121,5.99161,1,7976,315,0.15271,0.0454683,-0.221039,0.00854301,0.375582,1,0.998443,0.644205,0.500562,0.644205,0.507531,0.601077,0.559725,420,142,0.0968258,1,1,1
h1,393,11,1,179,3.48722,1,10456,1792,0.248541,-0.00627041,-0.185456,0.0244999,0.435111,1,1.10724,0.708895,0.539757,0.708895,0.563555,0.637883,0.596645,420,142,0.0805012,1,1,1
h1,394,11,1,156,5.94026,1,3661,10302,-0.147115,0.120241,0.222526,-0.349716,0.59807,1,1.0373,0.680593,0.49708,0.680593,0.719643,0.5671,0.531588,420,142,0.0846701,-1,1,1
h1,395,11,1,244,6.08901,0,4636,11020,-0.11931,-0.343344,0.303435,0.0569115,0.582236,1,1.01788,0.721024,0.566375,0.721024,0.69609,0.698958,0.668337,420,142,0.0724448,-1,1,1
h1,396,11,1,204,0.0851352,0,1163,10319,-0.196664,0.131005,0.219543,-0.350306,0.636309,1,1.02638,0.660377,0.496855,0.660377,0.754617,0.578331,0.542426,420,142,0.0995574,1,1,1
h1,397,11,1,305,3.29388,0,4299,10805,-0.120808,0.0131626,0.269192,0.0356674,0.391269,1,1.00335,0.641509,0.502695,0.641509,0.523022,0.583221,0.543393,420,142,0.0931996,1,1,1
h1,398,11,1,126,4.18594,0,6357,1819,0.0777225,-0.238333,-0.188297,0.0325251,0.38003,1,0.924654,0.579515,0.463612,0.579515,0.532728,0.616368,0.580706,420,142,0.0792563,1,1,1
h1,399,11,1,18,4.85023,1,3981,10805,-0.140058,-0.0289974,0.269192,0.0356674,0.414721,1,1.05474,0.638814,0.488432,0.638814,0.577023,0.562779,0.523234,420,142,0.0936927,-1,1,1
h1,400,11,1,227,5.71315,1,6895,660,0.116494,0.228361,-0.221534,-0.343931,0.66471,1,0.982671,0.714286,0.526056,0.714286,0.784044,0.518803,0.481394,420,142,0.0738132,-1,1,1
h1,401,11,1,127,2.332,0,2482,10805,-0.162598,-0.00450706,0.269192,0.0356674,0.433764,1,1.01888,0.703504,0.527628,0.703504,0.609237,0.593863,0.553597,420,142,0.107273,-1,1,1
h1,402,11,1,129,1.85734,1,7775,72,0.14717,0.107128,-0.234023,-0.00157356,0.396389,1,0.956358,0.683288,0.514039,0.683288,0.525432,0.608689,0.565589,420,142,0.0814004,-1,1,1
h1,403,11,1,213,1.73063,0,2620,10805,-0.173088,0.00572681,0.269192,0.0356674,0.443364,1,1.02094,0.721024,0.537736,0.721024,0.609649,0.597302,0.557696,420,142,0.0873336,-1,1,1
h1,404,11,1,290,2.7466,1,4930,11020,-0.0844193,-0.345805,0.303435,0.0569115,0.559117,1,0.94749,0.754717,0.568059,0.754717,0.684146,0.712682,0.682551,420,142,0.0760353,-1,1,1
h1,405,11,1,250,6.04684,0,2302,10302,-0.169319,0.138799,0.222526,-0.349716,0.626262,1,1.02885,0.657682,0.482817,0.657682,0.710781,0.565052,0.527845,420,142,0.0924572,-1,1,1
h1,406,11,1,87,2.40466,0,10428,72,0.222961,0.0431671,-0.234023,-0.00157356,0.459174,1,1.0418,0.774933,0.585804,0.774933,0.620334,0.620166,0.577765,420,142,0.0823404,-1,1,1
h1,407,11,1,326,3.76554,0,8603,637,0.209278,0.13398,-0.226089,-0.343699,0.646316,1,1.0179,0.687332,0.519991,0.687332,0.76932,0.595235,0.559048,420,142,0.0874596,-1,1,1
h1,408,11,1,311,4.23377,0,8277,660,0.17734,0.128695,-0.221534,-0.343931,0.618457,1,1.02063,0.681941,0.505279,0.681941,0.756233,0.5704,0.533935,420,142,0.0824881,1,1,1
h1,409,11,1,225,4.14254,1,8041,72,0.162231,0.0859537,-0.234023,-0.00157356,0.405916,1,1.02311,0.544474,0.428122,0.544474,0.544702,0.567736,0.525527,420,142,0.0857179,1,1,1
h1,410,11,1,221,3.76031,0,3538,10724,-0.156799,0.045352,0.244729,0.0212641,0.403075,1,1.04054,0.698113,0.51898,0.698113,0.586652,0.595947,0.555316,420,142,0.0882051,1,1,1
h1,411,11,1,133,1.78447,0,4070,10907,-0.124249,-0.0357809,0.285689,0.0452337,0.418087,1,0.899024,0.559299,0.46305,0.584906,0.557893,0.540348,0.501695,420,142,0.0975901,1,1,1
h1,412,11,1,43,0.375142,0,5356,11020,-0.0347128,-0.00728893,0.303435,0.0569115,0.344264,1,1.0427,0.478437,0.419924,0.483828,0.526879,0.472628,0.437817,420,142,0.0779256,-1,1,1
h1,413,11,1,8,3.01071,0,9999,758,0.19798,0.21126,-0.217086,-0.344656,0.693841,1,0.966119,0.695418,0.521002,0.695418,0.804977,0.574112,0.536822,420,142,0.0768676,1,1,1
h1,414,11,1,105,5.63102,0,6653,2436,0.0996361,-0.292066,-0.177717,0.0331116,0.427464,1,1.00555,0.617251,0.496855,0.617251,0.536504,0.66803,0.634849,420,142,0.0796608,1,1,1
h1,415,11,1,97,3.49454,1,1810,10789,-0.182119,-0.0909252,0.251837,0.0302725,0.45081,1,1.03873,0.491914,0.404313,0.494609,0.555033,0.436212,0.397929,420,142,0.0956315,-1,1,1
h1,416,11,1,162,4.71498,0,5545,10223,-0.00925446,0.171809,0.221531,-0.349481,0.570098,1,0.957459,0.746631,0.5365,0.746631,0.664478,0.441362,0.406191,420,142,0.076401,-1,1,1
h1,417,11,1,138,4.02962,0,830,10319,-0.204844,0.146182,0.219543,-0.350306,0.653149,1,0.975548,0.667116,0.495058,0.669811,0.727947,0.584658,0.548514,420,142,0.0981405,1,1,1
h1,418,11,1,135,5.87122,0,5121,10223,-0.0595236,0.11169,0.221531,-0.349481,0.540136,1,1.00564,0.692722,0.490454,0.692722,0.687044,0.493111,0.456814,420,142,0.0781007,1,1,1
h1,419,11,1,209,2.48546,1,3854,10995,-0.153094,-0.17223,0.29844,0.0537834,0.505099,1,1.02338,0.607817,0.486523,0.614555,0.657486,0.530075,0.492443,420,142,0.0743105,1,1,1
h1,420,11,1,130,1.3593,1,6535,2656,0.092967,-0.113099,-0.172945,0.0325184,0.303465,1,1.11265,0.532345,0.43093,0.532345,0.506836,0.485936,0.446942,420,142,0.074905,-1,1,1
h1,421,11,1,63,6.16152,0,5177,11020,-0.0543489,-0.000553131,0.303435,0.0569115,0.36237,1,1.02306,0.510782,0.411276,0.510782,0.50844,0.50855,0.470468,420,142,0.0828675,-1,1,1
h1,422,11,1,143,3.10068,1,4100,10964,-0.145068,-0.163669,0.293952,0.0506849,0.488775,1,0.937618,0.587601,0.497529,0.598383,0.596319,0.519223,0.482269,420,142,0.0768615,-1,1,1
h1,423,11,1,30,1.29532,0,1138,10223,-0.202636,0.209866,0.221531,-0.349481,0.70199,1,0.950721,0.703504,0.503706,0.703504,0.801908,0.554722,0.51665,420,142,0.0765854,-1,1,1
h1,424,11,1,187,0.962449,1,7043,701,0.120269,0.0487461,-0.207454,0.0154171,0.329865,1,1.08194,0.613208,0.4708,0.613208,0.507021,0.583477,0.542949,420,142,0.0869938,-1,1,1
h1,425,11,1,338,4.7292,0,8247,2722,0.167962,-0.128345,-0.169892,0.0321741,0.374048,1,0.985714,0.586253,0.466981,0.587601,0.527099,0.52117,0.482194,420,142,0.0907913,-1,1,1
h1,426,11,1,37,2.92233,1,1927,10789,-0.177875,-0.0647078,0.251837,0.0302725,0.440346,1,1.00889,0.637466,0.487084,0.653639,0.623825,0.553401,0.515836,420,142,0.0815268,-1,1,1
h1,427,11,1,125,0.103278,0,454,10220,-0.222429,0.104938,0.261646,0.0172234,0.492076,1,1.04853,0.814016,0.610288,0.814016,0.628975,0.638709,0.597221,420,142,0.103287,-1,1,1
h1,428,11,1,160,0.935162,0,2337,10964,-0.180623,-0.207244,0.293952,0.0506849,0.540224,1,0.991393,0.638814,0.514376,0.638814,0.718487,0.572893,0.53657,420,142,0.0726514,1,1,1
h1,429,11,1,66,5.42042,1,10754,648,0.229716,0.196766,-0.221706,-0.344286,0.704658,1,0.996923,0.69407,0.510445,0.69407,0.845407,0.587965,0.552916,420,142,0.0824571,-1,1,1
h1,430,11,1,320,1.40012,0,10120,660,0.229074,0.167508,-0.221534,-0.343931,0.681643,1,1.05864,0.677898,0.529762,0.677898,0.788683,0.586413,0.550513,420,142,0.0773261,1,1,1
h1,431,11,1,312,0.408426,1,2296,10223,-0.172047,0.171903,0.221531,-0.349481,0.653282,1,1.05703,0.67655,0.488095,0.67655,0.766697,0.54921,0.512326,420,142,0.10953,-1,1,1
h1,432,11,1,211,4.49411,0,7339,315,0.136767,0.0611639,-0.221039,0.00854301,0.361683,1,0.899661,0.580863,0.470126,0.580863,0.48425,0.601335,0.558161,420,146,0.0874843,1,1,1
h1,433,11,1,191,4.42957,0,7105,2656,0.133837,-0.214824,-0.172945,0.0325184,0.394297,1,0.929027,0.518868,0.474618,0.537736,0.505593,0.562224,0.527367,420,146,0.0786049,-1,1,1
h1,434,11,1,67,3.66177,1,4318,10937,-0.124496,-0.0355082,0.28989,0.0477304,0.423399,1,0.981671,0.583558,0.493486,0.609164,0.517309,0.561266,0.523276,420,146,0.0760713,-1,1,1
h1,435,11,1,95,1.5204,1,3656,10220,-0.146809,0.0731936,0.261646,0.0172234,0.413622,1,0.961507,0.601078,0.467206,0.601078,0.54186,0.56438,0.524711,420,146,0.0855077,1,1,1
h1,436,11,1,355,0.124226,0,1726,10302,-0.18229,0.123334,0.222526,-0.349716,0.622619,1,1.01188,0.668464,0.489443,0.668464,0.704597,0.571202,0.534878,420,146,0.107142,1,1,1
h1,437,11,1,41,4.2892,1,1870,10789,-0.185262,0.0356102,0.251837,0.0302725,0.437367,1,0.983838,0.605121,0.476752,0.626685,0.565828,0.600989,0.561304,420,146,0.0953237,1,1,1
h1,438,11,1,340,2.55786,0,3313,10724,-0.154504,0.0497618,0.244729,0.0212641,0.400743,1,0.96371,0.656334,0.515162,0.656334,0.546149,0.597098,0.556653,420,146,0.0855285,-1,1,1
h1,439,11,1,293,0.894958,0,2257,10302,-0.174117,0.164539,0.222526,-0.349716,0.649472,1,1.04936,0.668464,0.490903,0.668464,0.767616,0.552743,0.516391,420,146,0.0951977,-1,1,1
h1,440,11,1,150,4.87762,0,7371,9,0.136817,0.0662384,-0.253302,0.0242414,0.392581,1,0.951309,0.52965,0.423181,0.530997,0.549662,0.575908,0.531988,420,146,0.0829264,1,1,1
h1,441,11,1,19,4.65427,1,4470,10223,-0.108949,0.184682,0.221531,-0.349481,0.628191,1,0.954224,0.687332,0.509434,0.696766,0.710873,0.534678,0.497143,420,146,0.0819684,-1,1,1
h1,442,11,1,94,2.94557,1,2745,10220,-0.164982,0.0977907,0.261646,0.0172234,0.43486,1,0.956281,0.743935,0.553684,0.743935,0.602457,0.599416,0.561784,420,146,0.0814512,1,1,1
h1,443,11,1,87,6.15321,0,10428,72,0.222961,0.0431671,-0.234023,-0.00157356,0.459174,1,1.01543,0.78841,0.573338,0.78841,0.642803,0.61779,0.575355,420,146,0.0873957,1,1,1
h1,444,11,1,307,4.9063,0,8510,72,0.157132,0.116941,-0.234023,-0.00157356,0.408805,1,1.03073,0.691375,0.520777,0.691375,0.565175,0.603469,0.561126,420,146,0.0858666,-1,1,1
h1,445,11,1,255,4.45971,1,5114,11020,-0.06884,-0.350043,0.303435,0.0569115,0.551544,1,0.959887,0.769542,0.577493,0.769542,0.685534,0.725346,0.695875,420,146,0.0734173,-1,1,1
h1,446,11,1,296,2.12545,0,4264,10776,-0.121408,0.0303135,0.248111,0.0293283,0.37105,1,0.889801,0.521563,0.437893,0.521563,0.505729,0.567346,0.527281,420,146,0.090038,-1,1,1
h1,447,11,1,314,1.34699,1,8872,342,0.16511,0.126937,-0.21826,-0.0212355,0.41103,1,0.916374,0.754717,0.568733,0.754717,0.576754,0.60864,0.565438,420,146,0.0858867,1,1,1
h1,448,11,1,240,2.37937,0,9047,315,0.192272,0.0475636,-0.221039,0.00854301,0.415149,1,1.04697,0.688679,0.535602,0.69407,0.556839,0.610143,0.567416,420,146,0.0814293,-1,1,1
h1,449,11,1,303,3.20787,0,9405,9,0.1927,-0.013135,-0.253302,0.0242414,0.447936,1,0.922375,0.605121,0.469789,0.622642,0.610439,0.598758,0.559713,420,146,0.0851369,-1,1,1
h1,450,11,1,222,1.76172,0,3934,11020,-0.155248,-0.295271,0.303435,0.0569115,0.578324,1,0.98924,0.665768,0.522013,0.665768,0.641698,0.670326,0.636675,420,146,0.0714161,1,1,1
h1,451,11,1,239,0.760695,0,10673,660,0.251783,0.143414,-0.221534,-0.343931,0.679363,1,0.956216,0.726415,0.522911,0.726415,0.758902,0.618057,0.583241,420,146,0.0863511,-1,1,1
h1,452,11,1,161,0.592042,1,2296,10302,-0.172047,0.171903,0.222526,-0.349716,0.654044,1,0.970306,0.650943,0.500112,0.650943,0.759372,0.572533,0.536606,420,146,0.0842036,1,1,1
h1,453,11,1,217,1.61479,1,3432,10907,-0.149065,-0.0136862,0.285689,0.0452337,0.438797,1,1.11665,0.619946,0.482817,0.62938,0.58953,0.57648,0.535788,420,146,0.102256,1,1,1
h1,454,11,1,172,1.94403,1,9878,2722,0.197953,-0.145679,-0.169892,0.0321741,0.408586,1,0.979408,0.52965,0.462152,0.552561,0.49668,0.596147,0.556411,420,146,0.0797059,1,1,1
h1,455,11,1,218,4.62938,0,7771,72,0.147313,0.0951824,-0.234023,-0.00157356,0.393425,1,1.01853,0.578167,0.443172,0.578167,0.545797,0.574079,0.530948,420,146,0.101501,1,1,1
h1,456,11,1,167,6.10519,1,8147,72,0.166078,0.0965643,-0.234023,-0.00157356,0.412065,1,1.00905,0.602426,0.463837,0.609164,0.568684,0.569543,0.526491,420,146,0.0881839,1,1,1
h1,457,11,1,281,3.32005,0,5959,1819,0.0313768,-0.18949,-0.188297,0.0325251,0.312455,1,0.967731,0.567385,0.47372,0.588949,0.518629,0.641664,0.608563,420,146,0.0790353,-1,1,1
h1,458,11,1,233,3.35638,1,5612,724,-0.00142384,0.23288,-0.223286,-0.344934,0.618943,1,1.04025,0.557952,0.389263,0.557952,0.72818,0.412407,0.368227,420,146,0.0807738,-1,1,1
h1,459,11,1,60,3.66189,1,3920,10995,-0.15379,-0.23377,0.29844,0.0537834,0.535984,1,0.940938,0.598383,0.504492,0.607817,0.642952,0.598016,0.562722,420,146,0.0745713,-1,1,1
h1,460,11,1,256,3.97834,1,10399,648,0.191095,0.136386,-0.221706,-0.344286,0.633682,1,1.01606,0.680593,0.510894,0.680593,0.766081,0.572017,0.535396,420,146,0.09125,-1,1,1
h1,461,11,1,97,2.78879,0,1810,10789,-0.182119,-0.0909252,0.251837,0.0302725,0.45081,1,1.04282,0.578167,0.467655,0.578167,0.560153,0.531243,0.492582,420,146,0.0820058,1,1,1
h1,462,11,1,311,5.18223,0,8277,660,0.17734,0.128695,-0.221534,-0.343931,0.618457,1,0.993325,0.690027,0.511231,0.690027,0.748746,0.587182,0.550671,420,146,0.0831384,1,1,1
h1,463,11,1,233,3.16845,0,5612,724,-0.00142384,0.23288,-0.223286,-0.344934,0.618943,1,1.02347,0.557952,0.383648,0.557952,0.726148,0.411198,0.369142,420,146,0.0830953,1,1,1
h1,464,11,1,313,3.2929,0,5217,11020,-0.056818,-0.30092,0.303435,0.0569115,0.507766,1,0.985361,0.750674,0.571541,0.750674,0.674569,0.709526,0.679567,420,146,0.092393,-1,1,1
h1,465,11,1,17,2.70406,1,5499,11020,-0.0212746,-0.342493,0.303435,0.0569115,0.514749,1,1.00289,0.815364,0.621069,0.826146,0.634265,0.763373,0.734916,420,146,0.0732974,1,1,1
h1,466,11,1,37,4.62403,0,1927,10789,-0.177875,-0.0647078,0.251837,0.0302725,0.440346,1,1.05335,0.640162,0.500674,0.640162,0.598536,0.561561,0.523948,420,146,0.0800652,-1,1,1
h1,467,11,1,161,1.61437,1,2296,10302,-0.172047,0.171903,0.222526,-0.349716,0.654044,1,1.05524,0.671159,0.487197,0.671159,0.769593,0.546875,0.510936,420,146,0.0830072,-1,1,1
h1,468,11,1,245,3.81857,1,9764,660,0.213848,0.141525,-0.221534,-0.343931,0.652172,1,1.02615,0.690027,0.517745,0.690027,0.797787,0.608096,0.572571,420,146,0.0864655,1,1,1
h1,469,11,1,353,2.05231,0,8151,315,0.154758,0.0489473,-0.221039,0.00854301,0.377972,1,0.98126,0.642857,0.504942,0.642857,0.50475,0.601651,0.558802,420,146,0.0807256,-1,1,1
h1,470,11,1,173,4.29121,0,10286,660,0.187483,0.156299,-0.221534,-0.343931,0.646241,1,0.982029,0.645553,0.491352,0.645553,0.748798,0.588484,0.551048,420,146,0.0853518,1,1,1
h1,471,11,1,304,2.75765,0,7146,2321,0.124701,0.00166798,-0.176155,0.0272455,0.302059,1,0.9096,0.483828,0.437556,0.497305,0.414604,0.588934,0.548735,420,146,0.0825006,1,1,1
h1,472,11,1,73,4.02414,1,535,10101,-0.219522,0.107427,0.264098,0.0141907,0.492702,1,1.05973,0.820755,0.6104,0.820755,0.619101,0.631625,0.592468,420,146,0.0908664,-1,1,1
h1,473,11,1,67,3.51815,1,4318,10937,-0.124496,-0.0355082,0.28989,0.0477304,0.423399,1,0.965249,0.568733,0.48686,0.580863,0.512844,0.561075,0.523081,420,146,0.0752166,-1,1,1
h1,474,11,1,61,3.03726,0,8155,72,0.17855,0.11513,-0.234023,-0.00157356,0.429248,1,1.03884,0.703504,0.53942,0.71159,0.57613,0.610727,0.567809,420,146,0.0822382,1,1,1
h1,475,11,1,51,1.60452,0,7553,315,0.144072,0.0612535,-0.221039,0.00854301,0.368898,1,0.922386,0.545822,0.448562,0.54717,0.490049,0.5986,0.555643,420,146,0.104275,-1,1,1
h1,476,11,1,252,4.1114,1,3134,10880,-0.135998,-0.0183783,0.281345,0.0425987,0.421789,1,1.09314,0.65903,0.496743,0.65903,0.614019,0.572989,0.532688,420,146,0.0929081,1,1,1
h1,477,11,1,93,1.30484,0,5274,10223,-0.0442619,0.167949,0.221531,-0.349481,0.581704,1,0.954619,0.745283,0.53066,0.745283,0.675484,0.46515,0.426514,420,146,0.0729323,-1,1,1
h1,478,11,1,217,1.00581,1,3432,10907,-0.149065,-0.0136862,0.285689,0.0452337,0.438797,1,1.12025,0.679245,0.510108,0.680593,0.634455,0.582821,0.54178,420,146,0.112394,1,1,1
h1,479,11,1,180,3.52631,0,10765,660,0.254869,0.147903,-0.221534,-0.343931,0.684735,1,1.04991,0.7062,0.530099,0.7062,0.79393,0.610519,0.575715,420,146,0.0794216,-1,1,1
h1,480,11,1,287,2.93245,1,1051,10776,-0.211145,0.0363054,0.248111,0.0293283,0.46055,1.05,1.06441,0.803235,0.591532,0.803235,0.630913,0.62338,0.586509,171,150,0.0896816,-1,1,1
h1,481,11,1,259,3.75102,0,2752,10907,-0.166492,-0.0709629,0.285689,0.0452337,0.466872,1.05,1.05364,0.653639,0.495395,0.669811,0.636932,0.556185,0.516968,171,150,0.0791587,-1,1,1
h1,482,11,1,291,1.01274,1,4918,10995,-0.0757704,-0.0324402,0.29844,0.0537834,0.384016,1.05,1.12743,0.591644,0.448562,0.591644,0.592286,0.526465,0.486251,171,150,0.0861921,-1,1,1
h1,483,11,1,191,5.24218,0,7105,2656,0.133837,-0.214824,-0.172945,0.0325184,0.394297,1.05,1.05242,0.543127,0.464398,0.56469,0.548288,0.562781,0.527853,171,150,0.0785096,-1,1,1
h1,484,11,1,314,0.982218,1,8872,342,0.16511,0.126937,-0.21826,-0.0212355,0.41103,1.05,1.1355,0.660377,0.506402,0.660377,0.55724,0.585667,0.542471,171,150,0.084653,-1,1,1
h1,485,11,1,293,0.0585274,1,2257,10302,-0.174117,0.164539,0.222526,-0.349716,0.649472,1.05,1.06339,0.642857,0.497305,0.642857,0.78938,0.567487,0.51107,171,150,0.106587,1,1,1
h1,486,11,1,60,1.88637,1,3920,10995,-0.15379,-0.23377,0.29844,0.0537834,0.535984,1.05,1.04256,0.621294,0.5073,0.621294,0.708518,0.596561,0.561335,171,150,0.0720802,1,1,1
h1,487,11,1,128,6.25227,1,4565,10937,-0.110312,-0.0946741,0.28989,0.0477304,0.42488,1.05,1.08508,0.59434,0.458783,0.59434,0.608183,0.508271,0.473061,171,150,0.079317,-1,1,1
h1,488,11,1,160,3.2642,0,2337,10964,-0.180623,-0.207244,0.293952,0.0506849,0.540224,1.05,1.05415,0.628032,0.494497,0.640162,0.697587,0.571788,0.535598,171,150,0.0732651,-1,1,1
h1,489,11,1,145,5.19496,0,10432,637,0.194345,0.145539,-0.226089,-0.343699,0.645121,1.05,1.06271,0.672507,0.503032,0.672507,0.798558,0.568454,0.530083,171,150,0.0911559,-1,1,1
h1,490,11,1,110,5.30811,0,3810,10776,-0.133489,0.0376883,0.248111,0.0293283,0.382917,1.05,1.07125,0.664421,0.511905,0.664421,0.551152,0.588714,0.548311,171,150,0.0815908,1,1,1
h1,491,11,1,182,2.79483,0,3774,10907,-0.127977,-0.00180435,0.285689,0.0452337,0.41634,1.05,1.15971,0.669811,0.503257,0.669811,0.604815,0.574243,0.533885,171,150,0.10827,-1,1,1
h1,492,11,1,341,0.94632,0,4824,10223,-0.0859585,0.254676,0.221531,-0.349481,0.677919,1.05,1.09373,0.822102,0.566262,0.822102,0.84919,0.469459,0.424631,171,150,0.0755125,1,1,1
h1,493,11,1,292,2.9029,0,1564,10223,-0.184376,0.21873,0.221531,-0.349481,0.698306,1.05,1.08251,0.7062,0.527628,0.707547,0.826534,0.545277,0.500866,171,150,0.0745398,1,1,1
h1,494,11,1,305,2.55989,1,4299,10805,-0.120808,0.0131626,0.269192,0.0356674,0.391269,1.05,0.989222,0.640162,0.504492,0.640162,0.532855,0.581766,0.541685,171,150,0.0960164,-1,1,1
h1,495,11,1,72,3.14047,1,504,10776,-0.216653,0.0518904,0.248111,0.0293283,0.465654,1.05,1.0173,0.745283,0.571204,0.749326,0.590646,0.628423,0.588821,171,150,0.0952821,-1,1,1
h1,496,11,1,124,3.64766,1,9146,31,0.183883,0.0948801,-0.250805,0.00788689,0.443416,1.05,1.02961,0.803235,0.578616,0.803235,0.648973,0.598436,0.55589,171,150,0.0805496,1,1,1
h1,497,11,1,139,3.96514,1,2677,10220,-0.164862,0.104866,0.261646,0.0172234,0.43593,1.05,1.05881,0.640162,0.48978,0.640162,0.587892,0.544688,0.504397,171,150,0.0911674,-1,1,1
h1,498,11,1,341,4.26114,1,4824,10223,-0.0859585,0.254676,0.221531,-0.349481,0.677919,1.05,1.11046,0.777628,0.566487,0.777628,0.788459,0.465158,0.425028,171,150,0.0743297,-1,1,1
h1,499,11,1,33,3.5845,1,5177,11020,-0.0543489,-0.000553131,0.303435,0.0569115,0.36237,1.05,0.96044,0.444744,0.419811,0.447439,0.480055,0.500384,0.463048,171,150,0.0804028,-1,1,1
h1,500,11,1,135,1.69229,1,5121,10223,-0.0595236,0.11169,0.221531,-0.349481,0.540136,1.05,1.00244,0.695418,0.512466,0.71159,0.697892,0.504238,0.468343,171,150,0.0769803,-1,1,1
h1,501,11,1,153,3.97361,1,3537,10880,-0.14829,-0.11206,0.281345,0.0425987,0.456625,1.05,1.02353,0.62938,0.498765,0.62938,0.625433,0.526755,0.489761,171,150,0.0805054,1,1,1
h1,502,11,1,222,3.91924,1,3934,11020,-0.155248,-0.295271,0.303435,0.0569115,0.578324,1.05,1.01852,0.648248,0.536725,0.648248,0.694479,0.668488,0.634684,171,150,0.0704228,-1,1,1
h1,503,11,1,168,4.83994,0,4388,11039,-0.121205,-0.251931,0.307089,0.0602894,0.530079,1.05,1.02149,0.603774,0.513814,0.61186,0.672162,0.619337,0.584012,171,150,0.0729762,1,1,1
h1,504,11,1,217,1.55122,0,3432,10907,-0.149065,-0.0136862,0.285689,0.0452337,0.438797,1.05,1.16695,0.642857,0.500562,0.661725,0.622021,0.572474,0.531987,171,150,0.101616,1,1,1
h1,505,11,1,180,5.89499,1,10765,660,0.254869,0.147903,-0.221534,-0.343931,0.684735,1.05,1.09988,0.721024,0.536164,0.721024,0.827898,0.601182,0.566375,171,150,0.0827166,-1,1,1
h1,506,11,1,175,3.75184,0,5584,10223,-0.00551796,0.108643,0.221531,-0.349481,0.511301,1.05,1.00327,0.698113,0.504156,0.698113,0.641322,0.464611,0.427128,171,150,0.0776511,-1,1,1
h1,507,11,1,136,1.96263,0,92,10776,-0.245583,0.0160055,0.248111,0.0293283,0.494098,1.05,1.07004,0.83558,0.604223,0.83558,0.645289,0.656114,0.617178,171,150,0.0814201,1,1,1
h1,508,11,1,289,3.29842,0,10063,72,0.269787,0.0161343,-0.234023,-0.00157356,0.504129,1.05,1.08921,0.742588,0.58266,0.761456,0.641572,0.634183,0.59013,171,150,0.079505,1,1,1
h1,509,11,1,76,1.70443,1,3124,10220,-0.148359,0.101333,0.261646,0.0172234,0.419151,1.05,0.981479,0.738545,0.551325,0.738545,0.5565,0.599482,0.562042,171,150,0.0911454,1,1,1
h1,510,11,1,66,5.25479,0,10754,648,0.229716,0.196766,-0.221706,-0.344286,0.704658,1.05,1.12014,0.679245,0.524708,0.679245,0.838581,0.55452,0.519351,171,150,0.0801392,1,1,1
h1,511,11,1,66,5.59836,0,10754,648,0.229716,0.196766,-0.221706,-0.344286,0.704658,1.05,1.1212,0.684636,0.530099,0.684636,0.829014,0.555828,0.520799,171,150,0.0791683,1,1,1
h1,512,11,1,330,2.44059,0,9588,701,0.229717,-0.00283337,-0.207454,0.0154171,0.437587,1.05,1.116,0.734501,0.569632,0.734501,0.572692,0.626996,0.585155,171,150,0.0809028,-1,1,1
h1,513,11,1,223,1.1137,1,3557,10671,-0.137408,0.0735884,0.249099,0.0191889,0.391393,1.05,1.06668,0.695418,0.521339,0.695418,0.58495,0.591749,0.551492,171,150,0.0915343,1,1,1
h1,514,11,1,111,3.46446,1,2251,10302,-0.176538,0.119537,0.222526,-0.349716,0.616368,1.05,1.07579,0.702156,0.501572,0.702156,0.744903,0.564683,0.527462,171,150,0.0903992,1,1,1
h1,515,11,1,113,0.42906,1,6345,2722,0.07129,-0.0305986,-0.169892,0.0321741,0.24922,1.05,0.833971,0.412399,0.400382,0.433962,0.397932,0.512791,0.47401,171,150,0.0875583,1,1,1
h1,516,11,1,292,4.91413,1,1564,10223,-0.184376,0.21873,0.221531,-0.349481,0.698306,1.05,1.12516,0.700809,0.501797,0.700809,0.832445,0.516352,0.478678,171,150,0.0774064,1,1,1
h1,517,11,1,106,5.38685,1,8738,758,0.185501,0.179561,-0.217086,-0.344656,0.660968,1.05,1.11047,0.679245,0.496855,0.679245,0.824867,0.539907,0.504204,171,150,0.0792807,1,1,1
h1,518,11,1,56,2.09667,0,188,9890,-0.238694,0.0907698,0.213011,-0.348644,0.630237,1.05,1.01514,0.72372,0.530211,0.72372,0.747068,0.629587,0.591699,171,150,0.0788415,1,1,1
h1,519,11,1,214,0.932414,0,4384,11020,-0.122195,-0.224951,0.303435,0.0569115,0.510498,1.05,1.13176,0.642857,0.486074,0.642857,0.690154,0.590585,0.554237,171,150,0.0758191,1,1,1
h1,520,11,1,203,0.45182,0,626,10302,-0.218694,0.143538,0.222526,-0.349716,0.661796,1.05,1.09315,0.677898,0.517071,0.677898,0.812937,0.582706,0.527322,171,150,0.0991071,1,1,1
h1,521,11,1,7,4.85074,1,164,10761,-0.229441,0.0254383,0.244075,0.0257826,0.473569,1.05,1.09388,0.761456,0.590746,0.761456,0.632252,0.6337,0.595596,171,150,0.0841546,1,1,1
h1,522,11,1,78,1.175,1,324,10724,-0.230242,0.0528574,0.244729,0.0212641,0.47653,1.05,1.10352,0.769542,0.586366,0.77089,0.632456,0.63119,0.591021,171,150,0.0951756,-1,1,1
h1,523,11,1,11,4.10917,0,2006,10805,-0.17281,-0.0137501,0.269192,0.0356674,0.444894,1.05,1.08078,0.729111,0.546496,0.729111,0.647215,0.58782,0.548451,171,150,0.0969154,-1,1,1
h1,524,11,1,285,0.981546,0,3880,10724,-0.129674,0.046999,0.244729,0.0212641,0.376355,1.05,1.00215,0.644205,0.507525,0.6469,0.548883,0.593025,0.55208,171,150,0.0799185,1,1,1
h1,525,11,1,248,1.07268,0,7771,72,0.147313,0.0951824,-0.234023,-0.00157356,0.393425,1.05,1.04689,0.680593,0.5146,0.692722,0.56238,0.582446,0.540403,171,150,0.0978507,1,1,1
h1,526,11,1,113,6.17404,0,6345,2722,0.07129,-0.0305986,-0.169892,0.0321741,0.24922,1.05,0.860129,0.471698,0.413634,0.474394,0.416634,0.51331,0.474279,171,150,0.0854072,-1,1,1
h1,527,11,1,180,0.799629,0,10765,660,0.254869,0.147903,-0.221534,-0.343931,0.684735,1.05,0.99468,0.71159,0.531334,0.71159,0.813999,0.613949,0.579107,171,150,0.0854866,-1,1,1
h1,528,11,1,307,5.34319,0,8510,72,0.157132,0.116941,-0.234023,-0.00157356,0.408805,1.05,1.04121,0.710243,0.53504,0.710243,0.583913,0.6092,0.566957,149,147,0.0887059,-1,1,1
h1,529,11,1,195,5.9377,0,4564,11039,-0.111328,-0.174129,0.307089,0.0602894,0.47967,1.05,1.14998,0.561995,0.447102,0.56469,0.661704,0.531552,0.496792,149,147,0.0810136,1,1,1
h1,530,11,1,310,2.79082,1,5736,637,0.0108242,0.153424,-0.226089,-0.343699,0.550692,1.05,1.02687,0.722372,0.523473,0.722372,0.685879,0.450706,0.41347,149,147,0.0781516,-1,1,1
h1,531,11,1,17,1.26773,0,5499,11020,-0.0212746,-0.342493,0.303435,0.0569115,0.514749,1.05,1.02632,0.862534,0.623877,0.862534,0.704946,0.756477,0.727987,149,147,0.0746134,1,1,1
h1,532,11,1,225,3.48765,0,8041,72,0.162231,0.0859537,-0.234023,-0.00157356,0.405916,1.05,1.00711,0.648248,0.507749,0.648248,0.551975,0.604207,0.561936,149,147,0.0801778,-1,1,1
h1,533,11,1,168,5.15726,1,4388,11039,-0.121205,-0.251931,0.307089,0.0602894,0.530079,1.05,1.06471,0.634771,0.51606,0.634771,0.675337,0.619049,0.584185,149,147,0.0750569,1,1,1
h1,534,11,1,301,0.740501,0,5144,11020,-0.0568323,-0.0357151,0.303435,0.0569115,0.372106,1.05,0.966788,0.45283,0.419137,0.471698,0.497987,0.492447,0.455505,149,147,0.0795875,1,1,1
h1,535,11,1,49,0.560812,0,7102,1287,0.124263,0.0445547,-0.194621,0.0208845,0.320608,1.05,1.04039,0.623989,0.485512,0.623989,0.467741,0.599135,0.556649,149,147,0.0808119,1,1,1
h1,536,11,1,77,1.93572,1,287,9863,-0.231977,0.103093,0.212934,-0.349253,0.634491,1.05,1.095,0.718329,0.534254,0.718329,0.782975,0.613736,0.575796,149,147,0.0815257,-1,1,1
h1,537,11,1,264,0.370137,1,9884,2321,0.197553,-0.138995,-0.176155,0.0272455,0.409038,1.05,1.05131,0.605121,0.513028,0.618598,0.558918,0.577815,0.538855,149,147,0.0798957,1,1,1
h1,538,11,1,322,2.87282,1,5527,11039,-0.0120525,-0.0560036,0.307089,0.0602894,0.339678,1.05,1.17951,0.510782,0.429919,0.52965,0.548437,0.531682,0.500788,149,147,0.076663,1,1,1
h1,539,11,1,138,4.31589,1,830,10319,-0.204844,0.146182,0.219543,-0.350306,0.653149,1.05,1.09199,0.677898,0.503257,0.677898,0.813709,0.569888,0.522656,149,147,0.0960568,-1,1,1
h1,540,11,1,100,2.47929,0,8821,648,0.193151,0.181816,-0.221706,-0.344286,0.669993,1.05,1.08162,0.687332,0.508311,0.687332,0.81914,0.555758,0.520679,149,147,0.0831252,-1,1,1
h1,541,11,1,175,2.98114,1,5584,10223,-0.00551796,0.108643,0.221531,-0.349481,0.511301,1.05,0.996473,0.725067,0.513702,0.725067,0.652112,0.464693,0.427179,149,147,0.0783802,1,1,1
h1,542,11,1,235,4.99751,0,2606,10223,-0.157615,0.190065,0.221531,-0.349481,0.659499,1.05,1.10766,0.669811,0.499214,0.671159,0.796891,0.532072,0.493704,149,147,0.0778122,1,1,1
h1,543,11,1,111,4.91193,1,2251,10302,-0.176538,0.119537,0.222526,-0.349716,0.616368,1.05,1.05537,0.684636,0.504492,0.690027,0.777233,0.566979,0.529767,149,147,0.0911465,1,1,1
h1,544,11,1,263,4.64113,0,10637,352,0.243748,0.110359,-0.213752,-0.023284,0.476718,1.05,1.15269,0.8531,0.625225,0.8531,0.64235,0.642872,0.598992,149,147,0.0844489,1,1,1
h1,545,11,1,54,1.0534,0,9937,758,0.183938,0.220732,-0.217086,-0.344656,0.693236,1.05,1.04316,0.714286,0.53504,0.714286,0.815676,0.558769,0.52144,149,147,0.0745352,-1,1,1
h1,546,11,1,187,5.17874,0,7043,701,0.120269,0.0487461,-0.207454,0.0154171,0.329865,1.05,1.11805,0.636119,0.482817,0.636119,0.512409,0.582739,0.542107,149,147,0.0911903,1,1,1
h1,547,11,1,206,4.8472,0,8980,72,0.22859,0.072093,-0.234023,-0.00157356,0.468688,1.05,1.05863,0.784367,0.598495,0.784367,0.634876,0.634225,0.590282,149,147,0.0864216,-1,1,1
h1,548,11,1,338,1.02434,0,8247,2722,0.167962,-0.128345,-0.169892,0.0321741,0.374048,1.05,1.08303,0.588949,0.486411,0.605121,0.508983,0.530255,0.490732,149,147,0.0753833,1,1,1
h1,549,11,1,33,1.45292,1,5177,11020,-0.0543489,-0.000553131,0.303435,0.0569115,0.36237,1.05,1.07504,0.520216,0.415768,0.520216,0.531987,0.502845,0.465631,149,147,0.0807322,1,1,1
h1,550,11,1,30,2.43902,1,1138,10223,-0.202636,0.209866,0.221531,-0.349481,0.70199,1.05,1.13036,0.690027,0.503145,0.690027,0.830451,0.5245,0.486335,149,147,0.0790302,1,1,1
h1,551,11,1,233,4.99061,0,5612,724,-0.00142384,0.23288,-0.223286,-0.344934,0.618943,1.05,1.12669,0.508086,0.392408,0.510782,0.744401,0.414342,0.361362,149,147,0.0869578,-1,1,1
h1,552,11,1,101,5.53807,1,7045,701,0.120216,0.0447788,-0.207454,0.0154171,0.329055,1.05,0.934682,0.473046,0.404874,0.479784,0.472962,0.574625,0.533633,149,147,0.0842636,1,1,1
h1,553,11,1,232,5.83633,0,778,10671,-0.215731,0.0692883,0.249099,0.0191889,0.46818,1.05,1.10876,0.764151,0.571766,0.764151,0.618092,0.621349,0.580819,149,147,0.111477,1,1,1
h1,554,11,1,146,2.31711,0,4274,11020,-0.136652,-0.233879,0.303435,0.0569115,0.527557,1.05,1.00821,0.598383,0.513365,0.605121,0.698805,0.595855,0.559813,149,147,0.0757299,1,1,1
h1,555,11,1,162,0.765374,1,5545,10223,-0.00925446,0.171809,0.221531,-0.349481,0.570098,1.05,1.07588,0.738545,0.531559,0.738545,0.702885,0.448517,0.404549,149,147,0.0749705,-1,1,1
h1,556,11,1,353,1.12347,0,8151,315,0.154758,0.0489473,-0.221039,0.00854301,0.377972,1.05,0.985688,0.592992,0.475966,0.595687,0.52768,0.598915,0.555987,149,147,0.0837814,-1,1,1
h1,557,11,1,255,2.49319,0,5114,11020,-0.06884,-0.350043,0.303435,0.0569115,0.551544,1.05,0.990191,0.772237,0.576707,0.772237,0.690115,0.719994,0.690658,149,147,0.0748443,1,1,1
h1,558,11,1,313,0.920512,0,5217,11039,-0.056818,-0.30092,0.307089,0.0602894,0.512739,1.05,1.04546,0.721024,0.541217,0.721024,0.644732,0.714898,0.68436,149,147,0.0794918,-1,1,1
h1,559,11,1,121,5.68738,0,7976,315,0.15271,0.0454683,-0.221039,0.00854301,0.375582,1.05,0.994839,0.59434,0.478661,0.597035,0.51567,0.600984,0.559772,149,147,0.0834304,-1,1,1
h1,560,11,1,183,3.66722,1,4310,11020,-0.133662,-0.343003,0.303435,0.0569115,0.592574,1.05,1.0056,0.754717,0.565027,0.754717,0.746314,0.688076,0.656834,149,147,0.0746005,1,1,1
h1,561,11,1,350,5.99913,0,7312,2722,0.133438,-0.0713081,-0.169892,0.0321741,0.320546,1.05,1.10051,0.567385,0.459681,0.567385,0.495386,0.54798,0.508587,149,147,0.0839859,1,1,1
h1,562,11,1,149,5.71125,0,2641,10302,-0.16793,0.192812,0.222526,-0.349716,0.668474,1.05,1.06879,0.680593,0.522799,0.680593,0.788511,0.540766,0.505791,149,147,0.0761355,-1,1,1
h1,563,11,1,286,5.79614,1,5732,2121,0.00246429,-0.349024,-0.183115,0.0327539,0.424549,1.05,1.0401,0.80593,0.604897,0.80593,0.647893,0.777688,0.746811,149,147,0.0798914,1,1,1
h1,564,11,1,90,0.674278,0,6647,758,0.0962086,0.206283,-0.217086,-0.344656,0.633859,1.05,1.03465,0.749326,0.538185,0.749326,0.786366,0.501248,0.452347,149,147,0.0739049,1,1,1
h1,565,11,1,88,3.55372,0,8379,2722,0.176596,-0.18532,-0.169892,0.0321741,0.409094,1.05,1.03026,0.541779,0.453279,0.557952,0.568416,0.538979,0.502007,149,147,0.102059,1,1,1
h1,566,11,1,220,3.42744,1,2899,10302,-0.152773,0.177044,0.222526,-0.349716,0.646889,1.05,1.1151,0.67655,0.485961,0.67655,0.790682,0.529266,0.492646,149,147,0.0836547,-1,1,1
h1,567,11,1,0,5.47549,0,8010,72,0.152807,0.104347,-0.234023,-0.00157356,0.401073,1.05,0.967384,0.712938,0.541217,0.712938,0.540706,0.603517,0.561272,149,147,0.0828038,1,1,1
h1,568,11,1,330,2.79159,1,9588,701,0.229717,-0.00283337,-0.207454,0.0154171,0.437587,1.05,1.00903,0.699461,0.521002,0.708895,0.616845,0.615561,0.573728,149,147,0.107412,-1,1,1
h1,569,11,1,71,3.12193,0,5804,2116,0.0168428,-0.363878,-0.182477,0.0326996,0.444182,1.05,1.0153,0.756065,0.593329,0.756065,0.635279,0.769612,0.738285,149,147,0.075617,-1,1,1
h1,570,11,1,110,5.20973,1,3810,10776,-0.133489,0.0376883,0.248111,0.0293283,0.382917,1.05,0.963768,0.592992,0.459232,0.609164,0.559963,0.555579,0.515181,149,147,0.0990717,-1,1,1
h1,571,11,1,82,3.39868,0,9822,2722,0.20354,-0.0965071,-0.169892,0.0321741,0.39504,1.05,1.08773,0.598383,0.487758,0.598383,0.548883,0.618583,0.577177,149,147,0.0796324,1,1,1
h1,572,11,1,210,3.72002,1,8066,72,0.173686,0.0941067,-0.234023,-0.00157356,0.419148,1.05,1.00778,0.752022,0.560422,0.752022,0.623774,0.601351,0.558207,149,147,0.0862694,-1,1,1
h1,573,11,1,129,5.58214,1,7775,72,0.14717,0.107128,-0.234023,-0.00157356,0.396389,1.05,1.05819,0.657682,0.498315,0.677898,0.57506,0.5504,0.507175,149,147,0.083418,1,1,1
h1,574,11,1,226,1.20461,1,8630,2722,0.172188,-0.0683498,-0.169892,0.0321741,0.356668,1.05,1.03895,0.610512,0.485063,0.622642,0.542732,0.583698,0.544794,149,147,0.0783845,1,1,1
h1,575,11,1,30,4.8639,0,1138,10223,-0.202636,0.209866,0.221531,-0.349481,0.70199,1.05,1.03202,0.718329,0.511905,0.718329,0.861052,0.540885,0.502795,149,147,0.0768266,1,1,1
h1,576,11,1,123,4.78202,0,526,10220,-0.210241,0.0849247,0.261646,0.0172234,0.476788,1.05,0.983916,0.801887,0.586927,0.801887,0.624173,0.622772,0.581948,132,148,0.0878271,1,1,1
h1,577,11,1,125,4.67523,1,454,10101,-0.222429,0.104938,0.264098,0.0141907,0.495013,1.05,0.99215,0.867925,0.621631,0.867925,0.661853,0.632183,0.59075,132,148,0.0991396,-1,1,1
h1,578,11,1,331,5.03924,0,6022,2436,0.0370426,-0.348188,-0.177717,0.0331116,0.437662,1.05,1.06721,0.722372,0.574236,0.729111,0.577312,0.75199,0.721604,132,148,0.0764382,1,1,1
h1,579,11,1,90,5.53821,1,6647,758,0.0962086,0.206283,-0.217086,-0.344656,0.633859,1.05,1.03388,0.739892,0.530548,0.739892,0.784982,0.503126,0.453089,132,148,0.072339,-1,1,1
h1,580,11,1,206,5.85843,1,8980,72,0.22859,0.072093,-0.234023,-0.00157356,0.468688,1.05,1.10203,0.791105,0.592543,0.791105,0.652604,0.639958,0.595992,132,148,0.0859914,-1,1,1
h1,581,11,1,89,4.24798,0,361,10776,-0.21741,-0.0199652,0.248111,0.0293283,0.468467,1.05,1.04688,0.654987,0.511905,0.680593,0.594744,0.614028,0.575475,132,148,0.098905,1,1,1
h1,582,11,1,147,0.659676,1,7893,315,0.157929,0.0596781,-0.221039,0.00854301,0.382414,1.05,1.02084,0.677898,0.521451,0.677898,0.529454,0.604999,0.561798,132,148,0.0789707,1,1,1
h1,583,11,1,49,3.84758,1,7102,1287,0.124263,0.0445547,-0.194621,0.0208845,0.320608,1.05,0.900148,0.533693,0.451033,0.533693,0.466455,0.603993,0.56169,132,148,0.0832985,1,1,1
h1,584,11,1,128,6.12161,0,4565,10937,-0.110312,-0.0946741,0.28989,0.0477304,0.42488,1.05,1.11235,0.588949,0.455413,0.588949,0.618554,0.507813,0.47285,132,148,0.0790339,1,1,1
h1,585,11,1,127,2.93254,1,2482,10805,-0.162598,-0.00450706,0.269192,0.0356674,0.433764,1.05,1.00512,0.668464,0.520553,0.671159,0.624,0.591107,0.551276,132,148,0.114787,1,1,1
h1,586,11,1,336,5.10518,1,2980,10776,-0.1311,0.0187426,0.248111,0.0293283,0.379752,1.05,1.06821,0.642857,0.499102,0.649596,0.552055,0.57886,0.538619,132,148,0.0891522,1,1,1
h1,587,11,1,158,3.86802,1,4264,10789,-0.121408,0.0303135,0.251837,0.0302725,0.374553,1.05,1.06869,0.654987,0.496743,0.654987,0.562027,0.580891,0.540699,132,148,0.0919936,-1,1,1
h1,588,11,1,106,1.76384,0,8738,758,0.185501,0.179561,-0.217086,-0.344656,0.660968,1.05,1.07816,0.690027,0.50438,0.690027,0.805755,0.550208,0.515673,132,148,0.0809239,-1,1,1
h1,589,11,1,142,0.366812,1,1398,10302,-0.20339,0.168999,0.222526,-0.349716,0.671293,1.05,1.08098,0.683288,0.490566,0.683288,0.81031,0.547109,0.51069,132,148,0.0904418,-1,1,1
h1,590,11,1,315,5.24537,0,1053,10223,-0.192751,0.190524,0.221531,-0.349481,0.680672,1.05,1.05246,0.675202,0.499775,0.675202,0.834389,0.544346,0.507024,132,148,0.0827311,-1,1,1
h1,591,11,1,55,3.03483,0,10391,660,0.232121,0.170844,-0.221534,-0.343931,0.686147,1.05,1.1011,0.702156,0.520665,0.702156,0.8353,0.569225,0.536092,132,148,0.0817295,-1,1,1
h1,592,11,1,325,5.601,0,1245,10302,-0.200416,0.196606,0.222526,-0.349716,0.691121,1.05,1.05043,0.696766,0.500786,0.696766,0.855049,0.554135,0.50864,132,148,0.0833394,1,1,1
h1,593,11,1,113,0.734144,0,6345,2722,0.07129,-0.0305986,-0.169892,0.0321741,0.24922,1.05,1.02522,0.469003,0.405548,0.474394,0.418138,0.516836,0.477548,132,148,0.0818564,-1,1,1
h1,594,11,1,44,5.14518,0,5645,10995,-0.00163555,-0.146739,0.29844,0.0537834,0.360908,1.05,1.05766,0.628032,0.508872,0.628032,0.583102,0.63101,0.602637,132,148,0.0747077,1,1,1
h1,595,11,1,47,4.21921,1,9313,72,0.189112,0.0958281,-0.234023,-0.00157356,0.434266,1.05,1.06518,0.735849,0.555481,0.735849,0.592683,0.609443,0.566797,132,148,0.109478,1,1,1
h1,596,11,1,280,1.79356,0,3801,11020,-0.158261,-0.327012,0.303435,0.0569115,0.600491,1.05,1.08623,0.710243,0.544811,0.71159,0.699063,0.680461,0.648757,132,148,0.0723644,-1,1,1
h1,597,11,1,220,2.9639,1,2899,10302,-0.152773,0.177044,0.222526,-0.349716,0.646889,1.05,1.11643,0.675202,0.478549,0.675202,0.778797,0.532905,0.496272,132,148,0.088194,-1,1,1
h1,598,11,1,192,5.4587,0,6935,2116,0.119255,-0.189837,-0.182477,0.0326996,0.375312,1.05,1.12246,0.58221,0.459906,0.58221,0.565101,0.545088,0.50693,132,148,0.0763121,1,1,1
h1,599,11,1,235,2.47433,1,2606,10223,-0.157615,0.190065,0.221531,-0.349481,0.659499,1.05,1.03671,0.665768,0.492925,0.665768,0.793643,0.545357,0.507291,132,148,0.0822281,-1,1,1
h1,600,11,1,325,3.55025,1,1245,10302,-0.200416,0.196606,0.222526,-0.349716,0.691121,1.05,1.06809,0.688679,0.501235,0.688679,0.843145,0.559281,0.505432,132,148,0.0807519,1,1,1
h1,601,11,1,242,4.10602,1,8888,70,0.196739,0.110368,-0.231787,-0.0046196,0.443947,1.05,1.05228,0.808625,0.597372,0.808625,0.600425,0.621644,0.577971,132,148,0.0960922,1,1,1
h1,602,11,1,284,2.1457,0,5764,2436,0.0107155,-0.275857,-0.177717,0.0331116,0.362235,1.05,1.03323,0.671159,0.553684,0.671159,0.525721,0.734139,0.704032,132,148,0.0744381,1,1,1
h1,603,11,1,351,4.79724,0,7516,701,0.141206,0.0471897,-0.207454,0.0154171,0.350153,1.05,1.10236,0.650943,0.500562,0.650943,0.512778,0.595625,0.554076,132,148,0.0828335,1,1,1
h1,604,11,1,147,4.33375,1,7893,315,0.157929,0.0596781,-0.221039,0.00854301,0.382414,1.05,0.993513,0.653639,0.511905,0.653639,0.529267,0.608255,0.565048,132,148,0.0791079,-1,1,1
h1,605,11,1,9,0.889557,1,723,10789,-0.203301,0.0441084,0.251837,0.0302725,0.455387,1.05,1.06698,0.750674,0.578279,0.753369,0.636228,0.628428,0.590326,132,148,0.0931599,1,1,1
h1,606,11,1,180,2.26168,0,10765,660,0.254869,0.147903,-0.221534,-0.343931,0.684735,1.05,1.03379,0.738545,0.528414,0.738545,0.795827,0.608039,0.573228,132,148,0.118646,-1,1,1
h1,607,11,1,321,4.748,0,202,9877,-0.2394,0.0955,0.21294,-0.349648,0.634705,1.05,1.07262,0.725067,0.529762,0.725067,0.78427,0.611947,0.57316,132,148,0.0832523,-1,1,1
h1,608,11,1,221,4.27319,1,3538,10724,-0.156799,0.045352,0.244729,0.0212641,0.403075,1.05,1.02685,0.673854,0.51898,0.673854,0.551956,0.594067,0.553496,132,148,0.0873052,1,1,1
h1,609,11,1,329,5.25057,1,6120,2321,0.0505381,0.0228777,-0.176155,0.0272455,0.226739,1.05,0.985584,0.421833,0.380952,0.421833,0.366455,0.510085,0.471315,132,148,0.0869359,-1,1,1
h1,610,11,1,200,0.507223,1,7430,758,0.141142,0.184283,-0.217086,-0.344656,0.638846,1.05,0.980985,0.664421,0.499326,0.664421,0.751966,0.540703,0.502743,132,148,0.0788263,1,1,1
h1,611,11,1,289,2.6231,0,10063,72,0.269787,0.0161343,-0.234023,-0.00157356,0.504129,1.05,1.05921,0.80593,0.58996,0.809973,0.66466,0.639709,0.595699,132,148,0.0786112,1,1,1
h1,612,11,1,338,3.6715,0,8247,2722,0.167962,-0.128345,-0.169892,0.0321741,0.374048,1.05,1.08783,0.544474,0.47181,0.56469,0.529449,0.532903,0.494108,132,148,0.119284,-1,1,1
h1,613,11,1,104,0.881073,0,2603,10805,-0.165742,-0.0582237,0.269192,0.0356674,0.445016,1.05,1.07553,0.644205,0.492812,0.644205,0.623547,0.559862,0.520732,132,148,0.0847008,1,1,1
h1,614,11,1,29,4.67296,0,2358,10220,-0.171002,0.0973597,0.261646,0.0172234,0.440564,1.05,1.00463,0.797844,0.581536,0.797844,0.600258,0.605796,0.567971,132,148,0.0807677,-1,1,1
h1,615,11,1,55,1.3447,0,10391,660,0.232121,0.170844,-0.221534,-0.343931,0.686147,1.05,1.09085,0.679245,0.514488,0.679245,0.865,0.575713,0.542608,132,148,0.0778517,1,1,1
h1,616,11,1,194,0.877751,1,2925,10724,-0.13728,0.0360088,0.244729,0.0212641,0.38257,1.05,0.979499,0.591644,0.480571,0.591644,0.520104,0.58715,0.546069,132,148,0.0885652,-1,1,1
h1,617,11,1,324,4.64769,1,4921,11039,-0.082263,-0.194336,0.307089,0.0602894,0.465242,1.05,1.09983,0.628032,0.49562,0.62938,0.651903,0.576132,0.542484,132,148,0.0801528,-1,1,1
h1,618,11,1,245,1.60423,0,9764,660,0.213848,0.141525,-0.221534,-0.343931,0.652172,1.05,1.07866,0.696766,0.517296,0.696766,0.802505,0.579739,0.54421,132,148,0.0918847,-1,1,1
h1,619,11,1,196,3.18984,0,1363,10776,-0.196059,0.0201368,0.248111,0.0293283,0.44489,1.05,1.05773,0.687332,0.539757,0.687332,0.610737,0.604905,0.567292,132,148,0.0822287,-1,1,1
h1,620,11,1,150,4.25706,1,7371,9,0.136817,0.0662384,-0.253302,0.0242414,0.392581,1.05,0.993617,0.621294,0.485288,0.621294,0.552689,0.584656,0.540702,132,148,0.10348,1,1,1
h1,621,11,1,224,5.9026,1,5733,2116,0.00270939,-0.349284,-0.182477,0.0326996,0.424565,1.05,1.05508,0.471698,0.376909,0.474394,0.604551,0.390296,0.358549,132,148,0.0767242,-1,1,1
h1,622,11,1,291,1.44774,0,4918,10995,-0.0757704,-0.0324402,0.29844,0.0537834,0.384016,1.05,1.18369,0.570081,0.435085,0.574124,0.606419,0.520919,0.482986,132,148,0.0834282,-1,1,1
h1,623,11,1,142,4.5842,0,1398,10302,-0.20339,0.168999,0.222526,-0.349716,0.671293,1.05,1.10265,0.661725,0.498989,0.661725,0.816025,0.560281,0.50477,132,148,0.0980752,1,1,1
h1,624,11,1,311,0.910887,1,8277,660,0.17734,0.128695,-0.221534,-0.343931,0.618457,1.05,1.03752,0.699461,0.522125,0.699461,0.771955,0.581158,0.544643,85,152,0.0867482,-1,1,1
h1,625,11,1,81,5.35234,0,10762,758,0.237412,0.183067,-0.217086,-0.344656,0.696529,1.05,1.06034,0.698113,0.500898,0.698113,0.838472,0.577179,0.539258,85,152,0.0871594,-1,1,1
h1,626,11,1,238,2.22442,1,10380,72,0.193705,0.11157,-0.234023,-0.00157356,0.442457,1.05,1.04882,0.795148,0.586927,0.795148,0.601663,0.624364,0.581726,85,152,0.0945251,-1,1,1
h1,627,11,1,70,3.69728,1,961,10302,-0.215131,0.168263,0.222526,-0.349716,0.678237,1.05,1.08149,0.683288,0.496631,0.683288,0.814055,0.55183,0.516518,85,152,0.0853784,1,1,1
h1,628,11,1,191,2.627,0,7105,2656,0.133837,-0.214824,-0.172945,0.0325184,0.394297,1.05,1.10327,0.557952,0.450247,0.559299,0.567568,0.560898,0.526239,85,152,0.0786172,1,1,1
h1,629,11,1,72,5.51896,0,504,10776,-0.216653,0.0518904,0.248111,0.0293283,0.465654,1.05,1.07385,0.781671,0.590521,0.781671,0.635546,0.633811,0.595495,85,152,0.0927939,1,1,1
h1,630,11,1,143,1.61283,1,4100,10964,-0.145068,-0.163669,0.293952,0.0506849,0.488775,1.05,1.06966,0.619946,0.483603,0.619946,0.667292,0.518619,0.481656,85,152,0.0770349,1,1,1
h1,631,11,1,144,1.5723,0,2236,10220,-0.160474,0.0814457,0.261646,0.0172234,0.42733,1.05,1.03566,0.731806,0.54133,0.731806,0.623997,0.584852,0.546397,85,152,0.0892843,1,1,1
h1,632,11,1,75,2.90255,1,7934,72,0.170718,0.0690966,-0.234023,-0.00157356,0.411087,1.05,1.03478,0.571429,0.457323,0.583558,0.582028,0.545844,0.504161,85,152,0.0835168,-1,1,1
h1,633,11,1,217,3.0711,1,3432,10907,-0.149065,-0.0136862,0.285689,0.0452337,0.438797,1.05,1.08998,0.695418,0.529425,0.695418,0.593232,0.581686,0.54101,85,152,0.11068,-1,1,1
h1,634,11,1,96,3.5788,0,5101,11039,-0.0674639,-0.273713,0.307089,0.0602894,0.501844,1.05,1.04049,0.683288,0.548405,0.690027,0.660739,0.665903,0.634359,85,152,0.0772875,1,1,1
h1,635,11,1,280,3.99498,0,3801,11020,-0.158261,-0.327012,0.303435,0.0569115,0.600491,1.05,1.09097,0.714286,0.526842,0.714286,0.73522,0.67748,0.642915,85,152,0.0804184,1,1,1
h1,636,11,1,253,3.17999,1,3937,10789,-0.119947,0.0517769,0.251837,0.0302725,0.372453,1.05,0.955937,0.619946,0.486748,0.619946,0.500112,0.592937,0.553204,85,152,0.0881135,1,1,1
h1,637,11,1,273,0.308967,0,108,10776,-0.232425,0.00147438,0.248111,0.0293283,0.481533,1.05,1.09837,0.795148,0.589286,0.795148,0.661736,0.624785,0.586902,85,152,0.0880858,1,1,1
h1,638,11,1,26,4.49132,0,6899,2656,0.113883,-0.104602,-0.172945,0.0325184,0.318076,1.05,1.10864,0.555256,0.445642,0.555256,0.515979,0.516288,0.478764,85,152,0.0784885,-1,1,1
h1,639,11,1,215,4.48855,0,507,10789,-0.214523,0.0275526,0.251837,0.0302725,0.466546,1.05,1.06569,0.716981,0.537399,0.721024,0.636032,0.593718,0.555728,85,152,0.097252,-1,1,1
h1,640,11,1,350,4.25902,0,7312,2722,0.133438,-0.0713081,-0.169892,0.0321741,0.320546,1.05,1.16778,0.510782,0.426325,0.540431,0.486188,0.553762,0.514148,85,152,0.0786178,-1,1,1
h1,641,11,1,42,5.06319,0,9253,72,0.187821,0.103,-0.234023,-0.00157356,0.434755,1.05,1.07282,0.733154,0.54717,0.733154,0.605573,0.601402,0.559149,85,152,0.0890099,1,1,1
h1,642,11,1,48,2.39145,1,3274,10220,-0.158749,0.0992336,0.261646,0.0172234,0.429407,1.05,0.989532,0.762803,0.560984,0.762803,0.59087,0.597967,0.560624,85,152,0.0864065,-1,1,1
h1,643,11,1,145,2.79025,1,10432,637,0.194345,0.145539,-0.226089,-0.343699,0.645121,1.05,1.06415,0.681941,0.494497,0.681941,0.769825,0.56022,0.521857,85,152,0.0940693,1,1,1
h1,644,11,1,165,5.89118,1,8843,2321,0.166903,-0.0440197,-0.176155,0.0272455,0.35039,1.05,1.00385,0.475741,0.43239,0.487871,0.502389,0.588325,0.548837,85,152,0.0898653,1,1,1
h1,645,11,1,105,4.93672,0,6653,2436,0.0996361,-0.292066,-0.177717,0.0331116,0.427464,1.05,1.01011,0.642857,0.533019,0.664421,0.516948,0.670879,0.637666,85,152,0.0774846,1,1,1
h1,646,11,1,37,4.95013,1,1927,10799,-0.177875,-0.0647078,0.264661,0.0332232,0.45331,1.05,1.08035,0.67655,0.516173,0.67655,0.638813,0.564645,0.525412,85,152,0.0770681,-1,1,1
h1,647,11,1,71,2.26248,1,5804,2116,0.0168428,-0.363878,-0.182477,0.0326996,0.444182,1.05,1.07664,0.787062,0.601191,0.793801,0.63583,0.771358,0.739881,85,152,0.0728053,1,1,1
h1,648,11,1,26,2.14373,1,6899,2656,0.113883,-0.104602,-0.172945,0.0325184,0.318076,1.05,1.06531,0.532345,0.457996,0.543127,0.490224,0.513265,0.475719,85,152,0.0770501,1,1,1
h1,649,11,1,54,0.480238,1,9937,758,0.183938,0.220732,-0.217086,-0.344656,0.693236,1.05,1.11122,0.715633,0.513365,0.715633,0.833187,0.534927,0.497585,85,152,0.0773633,1,1,1
h1,650,11,1,150,4.30181,0,7371,9,0.136817,0.0662384,-0.253302,0.0242414,0.392581,1.05,1.07939,0.675202,0.504605,0.675202,0.566761,0.581613,0.537624,85,152,0.0820482,-1,1,1
h1,651,11,1,158,0.79433,1,4264,10789,-0.121408,0.0303135,0.251837,0.0302725,0.374553,1.05,1.07731,0.661725,0.498428,0.661725,0.566724,0.581543,0.541309,85,152,0.0930032,1,1,1
h1,652,11,1,66,1.31802,1,10754,648,0.229716,0.196766,-0.221706,-0.344286,0.704658,1.05,1.11374,0.687332,0.51606,0.687332,0.840993,0.551865,0.516697,85,152,0.0802668,-1,1,1
h1,653,11,1,94,4.62588,0,2745,10220,-0.164982,0.0977907,0.261646,0.0172234,0.43486,1.05,1.05433,0.615903,0.467318,0.615903,0.590384,0.51582,0.478217,85,152,0.0854336,-1,1,1
h1,654,11,1,176,5.38883,0,778,10671,-0.215731,0.0692883,0.249099,0.0191889,0.46818,1.05,1.03618,0.818059,0.599281,0.818059,0.624829,0.62724,0.587156,85,152,0.0910543,1,1,1
h1,655,11,1,7,4.37158,0,164,10761,-0.229441,0.0254383,0.244075,0.0257826,0.473569,1.05,1.09488,0.774933,0.590746,0.774933,0.623778,0.630878,0.592963,85,152,0.0846429,1,1,1
h1,656,11,1,334,2.80783,0,5422,11039,-0.0259733,-0.0657234,0.307089,0.0602894,0.356116,1.05,1.05132,0.490566,0.444182,0.490566,0.60782,0.527417,0.495642,85,152,0.0731575,-1,1,1
h1,657,11,1,184,1.45821,1,6043,1819,0.0473776,-0.319266,-0.188297,0.0325251,0.423783,1.05,1.04603,0.718329,0.564578,0.718329,0.528669,0.725559,0.693516,85,152,0.0776097,-1,1,1
h1,658,11,1,265,4.39395,0,9994,72,0.263007,0.0147867,-0.234023,-0.00157356,0.497313,1.05,1.0058,0.725067,0.53358,0.733154,0.627882,0.619022,0.575092,85,152,0.0945882,1,1,1
h1,659,11,1,312,2.37525,0,2296,10223,-0.172047,0.171903,0.221531,-0.349481,0.653282,1.05,1.09863,0.67655,0.499102,0.67655,0.802664,0.540424,0.503248,85,152,0.0955099,-1,1,1
h1,660,11,1,340,0.987744,1,3313,10724,-0.154504,0.0497618,0.244729,0.0212641,0.400743,1.05,1.03477,0.685984,0.523023,0.685984,0.577918,0.59307,0.552651,85,152,0.0858039,-1,1,1
h1,661,11,1,15,1.12294,1,2437,10818,-0.166977,-0.120154,0.273449,0.0376854,0.467855,1.05,1.05729,0.613208,0.48832,0.619946,0.61727,0.496694,0.45883,85,152,0.100974,1,1,1
h1,662,11,1,184,2.88433,0,6043,1819,0.0473776,-0.319266,-0.188297,0.0325251,0.423783,1.05,1.0097,0.726415,0.55155,0.726415,0.609313,0.72378,0.691442,85,152,0.0748129,1,1,1
h1,663,11,1,24,2.24776,1,2921,10995,-0.175522,-0.296458,0.29844,0.0537834,0.589329,1.05,1.01775,0.632076,0.537624,0.633423,0.704496,0.667979,0.634671,85,152,0.0729293,-1,1,1
h1,664,11,1,136,0.54035,0,92,10776,-0.245583,0.0160055,0.248111,0.0293283,0.494098,1.05,1.10774,0.791105,0.60018,0.791105,0.610104,0.652129,0.61315,85,152,0.0818285,1,1,1
h1,665,11,1,111,0.0926201,1,2251,10302,-0.176538,0.119537,0.222526,-0.349716,0.616368,1.05,1.07502,0.699461,0.500449,0.699461,0.732303,0.566261,0.529119,85,152,0.0931792,-1,1,1
h1,666,11,1,121,1.35723,1,7976,315,0.15271,0.0454683,-0.221039,0.00854301,0.375582,1.05,0.985069,0.510782,0.419137,0.510782,0.511494,0.568135,0.526772,85,152,0.0869133,1,1,1
h1,667,11,1,80,0.258582,0,7155,9,0.119939,0.0774355,-0.253302,0.0242414,0.377086,1.05,0.977816,0.640162,0.504829,0.648248,0.51726,0.599258,0.555894,85,152,0.0848452,-1,1,1
h1,668,11,1,1,5.26036,1,7699,2722,0.144778,-0.136065,-0.169892,0.0321741,0.356945,1.05,1.13392,0.576819,0.448787,0.576819,0.541706,0.531831,0.4945,85,152,0.0780459,-1,1,1
h1,669,11,1,251,3.67332,1,4139,10805,-0.136357,-0.0604601,0.269192,0.0356674,0.417273,1.05,1.08342,0.634771,0.482929,0.637466,0.599276,0.541202,0.50423,85,152,0.0775659,1,1,1
h1,670,11,1,50,2.11819,0,1982,10805,-0.186027,-0.058404,0.269192,0.0356674,0.46484,1.05,1.08004,0.692722,0.533917,0.692722,0.649145,0.573456,0.534295,85,152,0.0790561,1,1,1
h1,671,11,1,186,4.70404,1,2504,10937,-0.17173,-0.155041,0.28989,0.0477304,0.504206,1.05,1.04004,0.673854,0.515723,0.673854,0.72859,0.531015,0.493501,85,152,0.0763168,1,1,1
h1,672,11,1,228,0.376832,1,2593,10789,-0.172193,0.0298634,0.251837,0.0302725,0.42423,1.05,1.11303,0.730458,0.534254,0.730458,0.625933,0.588493,0.549639,107,149,0.0940588,1,1,1
h1,673,11,1,189,3.19259,0,2319,10724,-0.179487,0.0292273,0.244729,0.0212641,0.425024,1.05,1.07207,0.726415,0.540094,0.726415,0.585829,0.596974,0.556317,107,149,0.0845803,-1,1,1
h1,674,11,1,282,3.30159,1,5785,2436,0.00887203,-0.33405,-0.177717,0.0331116,0.412104,1.05,1.04612,0.792453,0.60602,0.796496,0.563779,0.773766,0.742586,107,149,0.0737164,1,1,1
h1,675,11,1,12,5.98774,0,5868,1819,0.0201874,-0.216135,-0.188297,0.0325251,0.324687,1.05,1.09941,0.653639,0.530885,0.653639,0.527458,0.677158,0.646604,107,149,0.0775601,-1,1,1
h1,676,11,1,299,3.78185,1,5677,637,0.00555229,0.234078,-0.226089,-0.343699,0.622533,1.05,1.06305,0.739892,0.520216,0.739892,0.752301,0.438268,0.399067,107,149,0.084392,1,1,1
h1,677,11,1,57,1.44923,0,4978,11039,-0.0729494,-0.0893135,0.307089,0.0602894,0.408535,1.05,1.18646,0.548518,0.420485,0.548518,0.623794,0.48463,0.44757,107,149,0.0831689,1,1,1
h1,678,11,1,337,4.23788,0,3682,10907,-0.146651,-0.120312,0.285689,0.0452337,0.462951,1.05,1.01195,0.58221,0.486972,0.590297,0.595633,0.520083,0.483506,107,149,0.0774729,1,1,1
h1,679,11,1,72,6.03206,0,504,10776,-0.216653,0.0518904,0.248111,0.0293283,0.465654,1.05,1.084,0.761456,0.584007,0.761456,0.636914,0.636176,0.597833,107,149,0.089374,1,1,1
h1,680,11,1,124,3.97617,0,9146,31,0.183883,0.0948801,-0.250805,0.00788689,0.443416,1.05,1.07226,0.691375,0.520777,0.691375,0.619213,0.552394,0.5098,107,149,0.0988446,1,1,1
h1,681,11,1,134,0.418948,1,6418,2436,0.0830269,-0.349384,-0.177717,0.0331116,0.462964,1.05,1.0468,0.72372,0.564802,0.72372,0.626236,0.716372,0.684205,107,149,0.0746209,-1,1,1
h1,682,11,1,294,0.655965,1,3182,10724,-0.13306,0.0376873,0.244729,0.0212641,0.378507,1.05,0.958408,0.580863,0.46934,0.603774,0.514237,0.538797,0.497132,107,149,0.0946925,-1,1,1
h1,683,11,1,70,3.86801,1,961,10302,-0.215131,0.168263,0.222526,-0.349716,0.678237,1.05,1.08979,0.684636,0.495395,0.684636,0.820222,0.550725,0.515506,107,149,0.0852027,1,1,1
h1,684,11,1,106,3.6396,1,8738,758,0.185501,0.179561,-0.217086,-0.344656,0.660968,1.05,1.02618,0.675202,0.504605,0.675202,0.802021,0.564224,0.52971,107,149,0.083078,1,1,1
h1,685,11,1,51,1.85217,0,7553,315,0.144072,0.0612535,-0.221039,0.00854301,0.368898,1.05,0.964169,0.572776,0.469003,0.572776,0.510519,0.600035,0.557094,107,149,0.0856087,-1,1,1
h1,686,11,1,354,4.68278,0,2052,10223,-0.174834,0.21325,0.221531,-0.349481,0.688314,1.05,1.10437,0.683288,0.514825,0.687332,0.786868,0.534183,0.498039,107,149,0.0781094,-1,1,1
h1,687,11,1,253,2.04199,0,3937,10789,-0.119947,0.0517769,0.251837,0.0302725,0.372453,1.05,1.07573,0.661725,0.496743,0.661725,0.575042,0.584441,0.544647,107,149,0.0961946,-1,1,1
h1,688,11,1,121,5.86413,1,7976,315,0.15271,0.0454683,-0.221039,0.00854301,0.375582,1.05,1.05772,0.665768,0.512129,0.665768,0.527247,0.596424,0.555108,107,149,0.0802232,1,1,1
h1,689,11,1,228,2.02142,1,2593,10955,-0.172193,0.0298634,0.307137,0.0456686,0.479641,1.05,1.05104,0.695418,0.533131,0.695418,0.642869,0.583589,0.544369,107,149,0.0892899,-1,1,1
h1,690,11,1,292,6.25329,1,1564,10223,-0.184376,0.21873,0.221531,-0.349481,0.698306,1.05,1.10037,0.691375,0.527403,0.691375,0.814631,0.536458,0.496683,107,149,0.0737469,1,1,1
h1,691,11,1,34,0.465515,1,5499,11020,-0.0212746,-0.342493,0.303435,0.0569115,0.514749,1.05,1.07846,0.804582,0.613769,0.811321,0.627663,0.760385,0.732623,107,149,0.0830616,-1,1,1
h1,692,11,1,296,3.44135,0,4264,10776,-0.121408,0.0303135,0.248111,0.0293283,0.37105,1.05,1.11188,0.667116,0.499214,0.667116,0.585051,0.577957,0.537922,107,149,0.0906975,1,1,1
h1,693,11,1,80,2.9039,0,7155,9,0.119939,0.0774355,-0.253302,0.0242414,0.377086,1.05,0.956333,0.590297,0.486411,0.592992,0.495769,0.602324,0.559065,107,149,0.0787725,1,1,1
h1,694,11,1,13,4.03537,0,10912,758,0.261138,0.162951,-0.217086,-0.344656,0.697445,1.05,1.11594,0.700809,0.534479,0.700809,0.83303,0.595184,0.560012,107,149,0.0757518,-1,1,1
h1,695,11,1,182,1.41958,1,3774,10907,-0.127977,-0.00180435,0.285689,0.0452337,0.41634,1.05,0.904453,0.587601,0.475404,0.588949,0.589638,0.574174,0.533578,107,149,0.098133,1,1,1
h1,696,11,1,22,5.94148,1,2257,10302,-0.174117,0.164539,0.222526,-0.349716,0.649472,1.05,1.0825,0.663073,0.50292,0.663073,0.80382,0.548506,0.508317,107,149,0.100183,1,1,1
h1,697,11,1,342,5.10029,1,126,10776,-0.224814,-0.00405121,0.248111,0.0293283,0.474175,1.05,1.10477,0.730458,0.568733,0.730458,0.636029,0.616186,0.578879,107,149,0.102178,-1,1,1
h1,698,11,1,96,4.77058,0,5101,11039,-0.0674639,-0.273713,0.307089,0.0602894,0.501844,1.05,1.05095,0.684636,0.518756,0.684636,0.634733,0.670582,0.638963,107,149,0.0772553,-1,1,1
h1,699,11,1,345,4.47618,1,9708,758,0.177473,0.201998,-0.217086,-0.344656,0.674239,1.05,1.01602,0.719677,0.529537,0.719677,0.824839,0.557737,0.520491,107,149,0.0774429,1,1,1
h1,700,11,1,2,0.656574,0,5149,11039,-0.0563393,-0.0472298,0.307089,0.0602894,0.379142,1.05,1.10681,0.524259,0.432053,0.524259,0.554739,0.480464,0.443026,107,149,0.0805954,-1,1,1
h1,701,11,1,23,4.33831,1,4516,11020,-0.11296,-0.182758,0.303435,0.0569115,0.480552,1.05,1.01262,0.563342,0.498765,0.574124,0.645257,0.538992,0.505586,107,149,0.0832481,1,1,1
h1,702,11,1,25,2.76857,0,2870,10964,-0.173573,-0.277822,0.293952,0.0506849,0.571482,1.05,1.01584,0.653639,0.503931,0.653639,0.668087,0.645817,0.61248,107,149,0.0729978,1,1,1
h1,703,11,1,303,4.85145,1,9405,9,0.1927,-0.013135,-0.253302,0.0242414,0.447936,1.05,1.09866,0.695418,0.549191,0.695418,0.600373,0.592013,0.553017,107,149,0.0807273,-1,1,1
h1,704,11,1,317,0.532752,1,3441,10220,-0.149386,0.0844364,0.261646,0.0172234,0.417315,1.05,0.990406,0.722372,0.53695,0.722372,0.615454,0.59365,0.55186,107,149,0.0840396,-1,1,1
h1,705,11,1,156,0.976448,1,3661,10302,-0.147115,0.120241,0.222526,-0.349716,0.59807,1.05,1.02326,0.691375,0.529425,0.691375,0.751127,0.564831,0.529461,107,149,0.0854209,-1,1,1
h1,706,11,1,156,1.22282,0,3661,10302,-0.147115,0.120241,0.222526,-0.349716,0.59807,1.05,1.10395,0.681941,0.482255,0.681941,0.733335,0.556668,0.521138,107,149,0.0925803,1,1,1
h1,707,11,1,142,0.244819,0,1398,10302,-0.20339,0.168999,0.222526,-0.349716,0.671293,1.05,1.05562,0.688679,0.508311,0.688679,0.823804,0.558072,0.521652,107,149,0.093097,-1,1,1
h1,708,11,1,89,2.92033,1,361,10776,-0.21741,-0.0199652,0.248111,0.0293283,0.468467,1.05,1.10483,0.71159,0.546945,0.725067,0.628984,0.584371,0.546011,107,149,0.0926553,-1,1,1
h1,709,11,1,194,5.2417,0,2925,10776,-0.13728,0.0360088,0.248111,0.0293283,0.385778,1.05,0.988162,0.603774,0.486186,0.603774,0.514009,0.587183,0.546724,107,149,0.0919675,1,1,1
h1,710,11,1,111,4.48091,0,2251,10302,-0.176538,0.119537,0.222526,-0.349716,0.616368,1.05,1.05474,0.698113,0.510782,0.698113,0.775903,0.568528,0.531339,107,149,0.0907536,1,1,1
h1,711,11,1,104,6.2711,1,2603,10805,-0.165742,-0.0582237,0.269192,0.0356674,0.445016,1.05,1.04426,0.613208,0.465858,0.613208,0.632922,0.48902,0.449865,107,149,0.122441,1,1,1
h1,712,11,1,295,4.25356,1,6429,758,0.0809584,0.137418,-0.217086,-0.344656,0.566768,1.05,1.01001,0.664421,0.499102,0.664421,0.685015,0.521761,0.478009,107,149,0.0771877,-1,1,1
h1,713,11,1,160,4.37944,0,2337,10964,-0.180623,-0.207244,0.293952,0.0506849,0.540224,1.05,1.03441,0.650943,0.537736,0.650943,0.740466,0.572946,0.536741,107,149,0.0720807,-1,1,1
h1,714,11,1,101,3.42558,0,7045,701,0.120216,0.0447788,-0.207454,0.0154171,0.329055,1.05,1.15532,0.618598,0.470126,0.618598,0.511755,0.580164,0.539265,107,149,0.0872704,-1,1,1
h1,715,11,1,61,4.09249,1,8155,72,0.17855,0.11513,-0.234023,-0.00157356,0.429248,1.05,0.999544,0.797844,0.587713,0.797844,0.604452,0.615581,0.572697,107,149,0.082578,1,1,1
h1,716,11,1,82,4.17519,1,9822,2722,0.20354,-0.0965071,-0.169892,0.0321741,0.39504,1.05,0.968528,0.524259,0.489218,0.545822,0.501547,0.619169,0.577866,107,149,0.107618,-1,1,1
h1,717,11,1,176,2.01446,0,778,10671,-0.215731,0.0692883,0.249099,0.0191889,0.46818,1.05,1.02504,0.830189,0.60018,0.830189,0.62236,0.625275,0.585337,107,149,0.087908,-1,1,1
h1,718,11,1,1,1.5862,1,7699,2722,0.144778,-0.136065,-0.169892,0.0321741,0.356945,1.05,1.13466,0.51752,0.437332,0.543127,0.531757,0.526891,0.489435,107,149,0.0765073,1,1,1
h1,719,11,1,339,0.629202,1,7784,2722,0.151742,-0.121592,-0.169892,0.0321741,0.356624,1.05,1.1199,0.595687,0.456649,0.595687,0.541124,0.535374,0.497317,107,149,0.0766149,-1,1,1
h1,720,11,1,129,5.98812,0,7775,72,0.14717,0.107128,-0.234023,-0.00157356,0.396389,1.1,1.02296,0.718329,0.534479,0.718329,0.572571,0.595464,0.552035,69,149,0.0842924,1,1,1
h1,721,11,1,62,0.75202,1,2669,10220,-0.14966,0.0759401,0.261646,0.0172234,0.415844,1.1,1.06673,0.765499,0.554021,0.765499,0.651151,0.584951,0.545497,69,149,0.0836842,-1,1,1
h1,722,11,1,168,4.80305,0,4388,11039,-0.121205,-0.251931,0.307089,0.0602894,0.530079,1.1,1.07383,0.609164,0.517969,0.619946,0.699489,0.615952,0.580568,69,149,0.07816,1,1,1
h1,723,11,1,283,2.23755,1,8530,72,0.157607,0.12263,-0.234023,-0.00157356,0.410935,1.1,1.0972,0.77089,0.55593,0.772237,0.608896,0.582075,0.539392,69,149,0.0941636,1,1,1
h1,724,11,1,199,2.04909,0,6355,1819,0.0768652,-0.249022,-0.188297,0.0325251,0.386881,1.1,1.08036,0.601078,0.51943,0.623989,0.55701,0.630981,0.595153,69,149,0.0741625,1,1,1
h1,725,11,1,159,4.0587,0,10342,315,0.209995,0.0348787,-0.221039,0.00854301,0.431915,1.1,1.13673,0.752022,0.570755,0.752022,0.626785,0.604659,0.562612,69,149,0.0831268,1,1,1
h1,726,11,1,99,2.13857,0,5671,2121,-0.00239468,-0.366286,-0.183115,0.0327539,0.438395,1.1,1.07205,0.827493,0.616914,0.828841,0.656245,0.779986,0.750297,69,149,0.0882837,1,1,1
h1,727,11,1,308,0.464236,1,3394,10805,-0.131516,-0.0266199,0.269192,0.0356674,0.405523,1.1,1.19117,0.628032,0.47372,0.642857,0.601849,0.54466,0.505696,69,149,0.0870883,-1,1,1
h1,728,11,1,201,0.3533,1,7662,2321,0.144907,0.0508604,-0.176155,0.0272455,0.321971,1.1,1.12995,0.633423,0.498877,0.633423,0.486759,0.608821,0.567217,69,149,0.0824493,-1,1,1
h1,729,11,1,96,3.20692,1,5101,11039,-0.0674639,-0.273713,0.307089,0.0602894,0.501844,1.1,1.08797,0.696766,0.557053,0.700809,0.676732,0.667242,0.635676,69,149,0.0801744,-1,1,1
h1,730,11,1,96,5.2542,0,5101,11039,-0.0674639,-0.273713,0.307089,0.0602894,0.501844,1.1,1.09478,0.696766,0.533244,0.696766,0.665265,0.671446,0.639457,69,149,0.0783814,-1,1,1
h1,731,11,1,162,6.21445,0,5545,10223,-0.00925446,0.171809,0.221531,-0.349481,0.570098,1.1,1.0946,0.756065,0.548293,0.756065,0.732759,0.440322,0.40395,69,149,0.0758406,1,1,1
h1,732,11,1,336,1.64048,1,2980,10776,-0.1311,0.0187426,0.248111,0.0293283,0.379752,1.1,1.08413,0.660377,0.503032,0.660377,0.55365,0.577692,0.537433,69,149,0.0917619,-1,1,1
h1,733,11,1,274,2.68731,1,9173,1287,0.189021,-0.0517368,-0.194621,0.0208845,0.390469,1.1,1.17026,0.605121,0.5146,0.613208,0.560684,0.596778,0.556423,69,149,0.0800615,-1,1,1
h1,734,11,1,66,1.20693,1,10754,648,0.229716,0.196766,-0.221706,-0.344286,0.704658,1.1,1.16691,0.71159,0.530548,0.71159,0.875576,0.541566,0.505845,69,149,0.0813415,-1,1,1
h1,735,11,1,266,1.01921,0,7692,2321,0.146803,0.0702419,-0.176155,0.0272455,0.325809,1.1,1.21498,0.641509,0.490341,0.645553,0.522564,0.608435,0.566927,69,149,0.0822326,1,1,1
h1,736,11,1,164,2.53141,1,3718,10220,-0.150369,0.0991592,0.261646,0.0172234,0.421644,1.1,1.07114,0.700809,0.527179,0.700809,0.584765,0.594164,0.556292,69,149,0.0975521,-1,1,1
h1,737,11,1,287,0.830294,0,1051,10776,-0.211145,0.0363054,0.248111,0.0293283,0.46055,1.1,1.12861,0.822102,0.6031,0.822102,0.647931,0.620982,0.584432,69,149,0.0947361,-1,1,1
h1,738,11,1,297,1.93634,1,7839,2722,0.153073,-0.0445271,-0.169892,0.0321741,0.33199,1.1,1.07391,0.605121,0.482255,0.605121,0.528175,0.572884,0.531709,69,149,0.0859167,-1,1,1
h1,739,11,1,189,3.19516,0,2319,10724,-0.179487,0.0292273,0.244729,0.0212641,0.425024,1.1,1.12231,0.737197,0.549865,0.737197,0.606918,0.593973,0.553227,69,149,0.0821544,-1,1,1
h1,740,11,1,164,3.78437,0,3718,10220,-0.150369,0.0991592,0.261646,0.0172234,0.421644,1.1,1.07402,0.690027,0.524596,0.690027,0.585867,0.593791,0.555822,69,149,0.0943774,1,1,1
h1,741,11,1,160,1.50762,0,2337,10964,-0.180623,-0.207244,0.293952,0.0506849,0.540224,1.1,1.08363,0.663073,0.538185,0.663073,0.749978,0.5715,0.535125,69,149,0.0800756,1,1,1
h1,742,11,1,243,0.503253,0,7478,2656,0.140908,-0.132283,-0.172945,0.0325184,0.354526,1.1,1.18927,0.525607,0.426999,0.541779,0.521765,0.531402,0.493283,69,149,0.0846758,-1,1,1
h1,743,11,1,346,6.26212,0,6883,2116,0.119892,-0.264498,-0.182477,0.0326996,0.42417,1.1,1.09661,0.59973,0.507412,0.618598,0.569731,0.627332,0.590392,69,149,0.0790891,1,1,1
h1,744,11,1,267,0.223226,1,6716,2116,0.116477,-0.330881,-0.182477,0.0326996,0.47102,1.1,1.12113,0.671159,0.530324,0.671159,0.59083,0.691898,0.657807,69,149,0.0760825,-1,1,1
h1,745,11,1,70,4.09633,1,961,10302,-0.215131,0.168263,0.222526,-0.349716,0.678237,1.1,1.14898,0.687332,0.50438,0.687332,0.856884,0.53666,0.501418,69,149,0.0829311,1,1,1
h1,746,11,1,95,3.46738,1,3656,10671,-0.146809,0.0731936,0.249099,0.0191889,0.40083,1.1,1.09852,0.737197,0.546833,0.737197,0.627928,0.587455,0.546794,69,149,0.087123,1,1,1
h1,747,11,1,256,2.22254,0,10399,648,0.191095,0.136386,-0.221706,-0.344286,0.633682,1.1,1.11661,0.698113,0.507188,0.698113,0.827422,0.549888,0.513205,69,149,0.0938037,1,1,1
h1,748,11,1,113,2.30308,0,6345,2722,0.07129,-0.0305986,-0.169892,0.0321741,0.24922,1.1,0.888059,0.447439,0.374438,0.447439,0.407233,0.464878,0.426017,69,149,0.10738,1,1,1
h1,749,11,1,59,3.34007,0,4286,10220,-0.11536,0.101578,0.261646,0.0172234,0.386424,1.1,1.1228,0.683288,0.512579,0.683288,0.60881,0.574901,0.53471,69,149,0.100961,1,1,1
h1,750,11,1,264,5.59645,0,9884,2321,0.197553,-0.138995,-0.176155,0.0272455,0.409038,1.1,1.11228,0.598383,0.507076,0.602426,0.573339,0.57486,0.535873,69,149,0.0854169,-1,1,1
h1,751,11,1,289,2.78524,1,10063,72,0.269787,0.0161343,-0.234023,-0.00157356,0.504129,1.1,1.14578,0.765499,0.596586,0.765499,0.654381,0.631905,0.587841,69,149,0.202486,-1,1,1
h1,752,11,1,268,3.48472,0,5413,11020,-0.0288649,-0.206573,0.303435,0.0569115,0.424132,1.1,1.08914,0.718329,0.553796,0.718329,0.665524,0.649608,0.619897,69,149,0.0731151,1,1,1
h1,753,11,1,321,4.45036,0,202,9863,-0.2394,0.0955,0.212934,-0.349253,0.634424,1.1,1.13622,0.74124,0.53796,0.74124,0.821439,0.604605,0.565787,69,149,0.0830687,-1,1,1
h1,754,11,1,64,0.276339,0,3105,10302,-0.149117,0.156857,0.222526,-0.349716,0.628291,1.1,1.16024,0.661725,0.476752,0.661725,0.797566,0.529009,0.49223,69,149,0.0900167,-1,1,1
h1,755,11,1,2,3.58648,1,5149,11039,-0.0563393,-0.0472298,0.307089,0.0602894,0.379142,1.1,1.23775,0.490566,0.397013,0.497305,0.581701,0.482217,0.44472,69,149,0.0859664,-1,1,1
h1,756,11,1,132,4.88564,0,6771,2436,0.110561,-0.338793,-0.177717,0.0331116,0.47061,1.1,1.06848,0.671159,0.543801,0.671159,0.635732,0.700759,0.667318,69,149,0.0807158,-1,1,1
h1,757,11,1,96,5.67892,0,5101,11039,-0.0674639,-0.273713,0.307089,0.0602894,0.501844,1.1,1.08989,0.737197,0.556155,0.737197,0.651108,0.67208,0.639828,69,149,0.0766754,-1,1,1
h1,758,11,1,181,2.31222,1,5016,11020,-0.0792856,-0.344342,0.303435,0.0569115,0.554592,1.1,1.14755,0.773585,0.586478,0.773585,0.692331,0.712073,0.683059,69,149,0.0780171,-1,1,1
h1,759,11,1,177,4.94334,0,6756,2116,0.106054,-0.173679,-0.182477,0.0326996,0.355158,1.1,1.14722,0.567385,0.464623,0.568733,0.558546,0.531555,0.494044,69,149,0.0760185,1,1,1
h1,760,11,1,63,3.50617,0,5177,11020,-0.0543489,-0.000553131,0.303435,0.0569115,0.36237,1.1,1.06759,0.495957,0.427336,0.506739,0.501794,0.505549,0.467712,69,149,0.0814907,1,1,1
h1,761,11,1,183,5.51533,1,4310,11020,-0.133662,-0.343003,0.303435,0.0569115,0.592574,1.1,1.1527,0.716981,0.568958,0.716981,0.734949,0.692916,0.661603,69,149,0.0811702,1,1,1
h1,762,11,1,206,3.59097,0,8980,72,0.22859,0.072093,-0.234023,-0.00157356,0.468688,1.1,1.15182,0.803235,0.597597,0.803235,0.67635,0.634879,0.590917,69,149,0.0868964,-1,1,1
h1,763,11,1,78,3.33038,1,324,10724,-0.230242,0.0528574,0.244729,0.0212641,0.47653,1.1,1.05424,0.774933,0.577044,0.774933,0.628363,0.629738,0.589691,69,149,0.088291,-1,1,1
h1,764,11,1,195,5.08006,0,4564,11039,-0.111328,-0.174129,0.307089,0.0602894,0.47967,1.1,1.03887,0.578167,0.487421,0.578167,0.64257,0.5326,0.497913,69,149,0.0791186,-1,1,1
h1,765,11,1,194,2.65802,1,2925,10724,-0.13728,0.0360088,0.244729,0.0212641,0.38257,1.1,1.16056,0.703504,0.515499,0.703504,0.650837,0.57952,0.538524,69,149,0.0938816,-1,1,1
h1,766,11,1,342,2.64645,0,126,10789,-0.224814,-0.00405121,0.251837,0.0302725,0.477923,1.1,1.07371,0.663073,0.508311,0.684636,0.621891,0.621476,0.584332,69,149,0.0991847,1,1,1
h1,767,11,1,141,5.72456,0,5312,11039,-0.0403414,-0.108826,0.307089,0.0602894,0.386524,1.1,1.15697,0.574124,0.474506,0.574124,0.592113,0.551098,0.517758,69,149,0.0736419,-1,1,1
h1,768,11,1,278,1.59726,1,4851,10907,-0.0805817,0.0186768,0.285689,0.0452337,0.367255,1.1,0.906049,0.505391,0.409816,0.505391,0.523885,0.512559,0.473392,340,150,0.119134,1,1,1
h1,769,11,1,143,5.54712,0,4100,10964,-0.145068,-0.163669,0.293952,0.0506849,0.488775,1.1,1.06177,0.615903,0.517408,0.617251,0.691947,0.517432,0.480484,340,150,0.0793352,-1,1,1
h1,770,11,1,272,3.98654,1,7898,2321,0.151156,0.055851,-0.176155,0.0272455,0.328747,1.1,0.976728,0.59434,0.488881,0.595687,0.521321,0.624842,0.582949,340,150,0.0804517,1,1,1
h1,771,11,1,331,1.20357,0,6022,2436,0.0370426,-0.348188,-0.177717,0.0331116,0.437662,1.1,1.07784,0.756065,0.576707,0.756065,0.634293,0.746925,0.716457,340,150,0.0760327,-1,1,1
h1,772,11,1,296,2.09265,0,4264,10776,-0.121408,0.0303135,0.248111,0.0293283,0.37105,1.1,0.988815,0.54717,0.446204,0.559299,0.539804,0.545519,0.505188,340,150,0.0934707,-1,1,1
h1,773,11,1,199,1.40256,1,6355,1819,0.0768652,-0.249022,-0.188297,0.0325251,0.386881,1.1,1.05723,0.607817,0.512242,0.607817,0.570862,0.630124,0.594429,340,150,0.0735282,1,1,1
h1,774,11,1,353,1.50978,1,8151,315,0.154758,0.0489473,-0.221039,0.00854301,0.377972,1.1,1.05425,0.661725,0.504717,0.661725,0.541049,0.599562,0.556651,340,150,0.0810356,-1,1,1
h1,775,11,1,111,3.98621,0,2251,10302,-0.176538,0.119537,0.222526,-0.349716,0.616368,1.1,1.09315,0.691375,0.523136,0.692722,0.791669,0.566777,0.529606,340,150,0.0888826,1,1,1
h1,776,11,1,286,2.71162,0,5732,2121,0.00246429,-0.349024,-0.183115,0.0327539,0.424549,1.1,1.15546,0.764151,0.591869,0.764151,0.561366,0.784088,0.753219,340,150,0.0749275,-1,1,1
h1,777,11,1,40,5.43344,1,3056,10724,-0.144607,0.0373859,0.244729,0.0212641,0.389729,1.1,1.02879,0.598383,0.459681,0.598383,0.566303,0.523316,0.48152,340,150,0.111855,1,1,1
h1,778,11,1,107,5.55014,0,5514,11020,-0.0188704,-0.351838,0.303435,0.0569115,0.520536,1.1,1.09189,0.865229,0.628819,0.865229,0.73733,0.756601,0.728267,340,150,0.075053,-1,1,1
h1,779,11,1,18,1.30844,1,3981,10805,-0.140058,-0.0289974,0.269192,0.0356674,0.414721,1.1,1.12247,0.664421,0.504043,0.664421,0.60337,0.558733,0.519293,340,150,0.0987411,1,1,1
h1,780,11,1,166,3.63135,1,8696,648,0.187659,0.135811,-0.221706,-0.344286,0.630931,1.1,1.11571,0.699461,0.5146,0.699461,0.828109,0.553349,0.514332,340,150,0.097391,-1,1,1
h1,781,11,1,347,0.57253,0,505,10101,-0.225183,0.105872,0.264098,0.0141907,0.498222,1.1,1.03197,0.893531,0.642633,0.893531,0.676779,0.630693,0.590846,340,150,0.0927795,1,1,1
h1,782,11,1,238,5.67679,1,10380,72,0.193705,0.11157,-0.234023,-0.00157356,0.442457,1.1,1.11307,0.803235,0.59389,0.803235,0.627711,0.620146,0.577455,340,150,0.0968652,1,1,1
h1,783,11,1,71,2.5778,1,5804,2121,0.0168428,-0.363878,-0.183115,0.0327539,0.444519,1.1,1.10619,0.808625,0.607592,0.808625,0.666849,0.769419,0.738005,340,150,0.0761904,1,1,1
h1,784,11,1,206,3.44429,1,8980,72,0.22859,0.072093,-0.234023,-0.00157356,0.468688,1.1,1.06013,0.816712,0.600629,0.816712,0.647638,0.628756,0.584766,340,150,0.0848135,-1,1,1
h1,785,11,1,54,1.82176,0,9937,758,0.183938,0.220732,-0.217086,-0.344656,0.693236,1.1,1.053,0.735849,0.535602,0.735849,0.856043,0.544711,0.505154,340,150,0.0750695,-1,1,1
h1,786,11,1,129,1.35526,1,7775,72,0.14717,0.107128,-0.234023,-0.00157356,0.396389,1.1,1.02171,0.731806,0.545148,0.731806,0.553183,0.60367,0.560246,340,150,0.0808378,-1,1,1
h1,787,11,1,24,4.55485,0,2921,10995,-0.175522,-0.296458,0.29844,0.0537834,0.589329,1.1,1.08123,0.648248,0.534142,0.661725,0.737311,0.659692,0.62667,340,150,0.0707768,1,1,1
h1,788,11,1,355,0.0886112,1,1726,10302,-0.18229,0.123334,0.222526,-0.349716,0.622619,1.1,1.11431,0.704852,0.499888,0.704852,0.772173,0.552189,0.51581,340,150,0.101321,-1,1,1
h1,789,11,1,329,4.47108,1,6120,2321,0.0505381,0.0228777,-0.176155,0.0272455,0.226739,1.1,1.2009,0.442049,0.367588,0.442049,0.430977,0.517348,0.478249,340,150,0.0854374,-1,1,1
h1,790,11,1,66,1.79832,1,10754,648,0.229716,0.196766,-0.221706,-0.344286,0.704658,1.1,1.06417,0.698113,0.508199,0.698113,0.876336,0.557212,0.522043,340,150,0.0839734,1,1,1
h1,791,11,1,274,0.214456,1,9173,1287,0.189021,-0.0517368,-0.194621,0.0208845,0.390469,1.1,1.09341,0.563342,0.478212,0.563342,0.564727,0.600233,0.559731,340,150,0.0822878,1,1,1
h1,792,11,1,68,3.29729,1,4756,10799,-0.0911398,0.0271988,0.264661,0.0332232,0.355931,1.1,1.15668,0.6469,0.48686,0.6469,0.579517,0.566127,0.526149,340,150,0.0886058,-1,1,1
h1,793,11,1,187,4.31267,1,7043,701,0.120269,0.0487461,-0.207454,0.0154171,0.329865,1.1,1.15928,0.644205,0.488095,0.644205,0.528838,0.583689,0.543079,340,150,0.0816232,1,1,1
h1,794,11,1,46,0.823746,0,9358,70,0.234097,0.0942402,-0.231787,-0.0046196,0.476653,1.1,1.15244,0.793801,0.581087,0.793801,0.661557,0.617393,0.573073,340,150,0.0979426,-1,1,1
h1,795,11,1,330,1.63606,1,9588,701,0.229717,-0.00283337,-0.207454,0.0154171,0.437587,1.1,1.12837,0.761456,0.578055,0.761456,0.644675,0.627427,0.585635,340,150,0.0839166,-1,1,1
h1,796,11,1,254,3.49322,0,8645,315,0.213696,0.0233593,-0.221039,0.00854301,0.435017,1.1,1.08657,0.737197,0.546945,0.747978,0.643889,0.602535,0.561119,340,150,0.0962318,-1,1,1
h1,797,11,1,130,3.72474,0,6535,2656,0.092967,-0.113099,-0.172945,0.0325184,0.303465,1.1,1.03215,0.481132,0.434075,0.483828,0.489003,0.476333,0.437372,340,150,0.0744096,1,1,1
h1,798,11,1,299,0.709421,1,5677,637,0.00555229,0.234078,-0.226089,-0.343699,0.622533,1.1,1.11815,0.75876,0.532008,0.760108,0.781598,0.437914,0.396793,340,150,0.0813146,-1,1,1
h1,799,11,1,99,3.50913,1,5671,2121,-0.00239468,-0.366286,-0.183115,0.0327539,0.438395,1.1,1.12349,0.845013,0.627359,0.845013,0.659738,0.779449,0.749775,340,150,0.0760025,-1,1,1
h1,800,11,1,117,5.35943,0,609,10724,-0.206564,0.0643044,0.244729,0.0212641,0.453394,1.1,1.12385,0.745283,0.570867,0.745283,0.629289,0.623988,0.583726,340,150,0.0999246,-1,1,1
h1,801,11,1,323,4.40541,1,9776,2321,0.194669,-0.121669,-0.176155,0.0272455,0.39964,1.1,1.06392,0.602426,0.487646,0.614555,0.580645,0.583481,0.542513,340,150,0.07873,-1,1,1
h1,802,11,1,355,5.85479,1,1726,10302,-0.18229,0.123334,0.222526,-0.349716,0.622619,1.1,1.10657,0.691375,0.49708,0.691375,0.765804,0.557696,0.52141,340,150,0.104615,-1,1,1
h1,803,11,1,243,1.73719,0,7478,2656,0.140908,-0.132283,-0.172945,0.0325184,0.354526,1.1,1.10621,0.543127,0.484389,0.566038,0.518327,0.521693,0.483621,340,150,0.0743566,1,1,1
h1,804,11,1,252,6.00363,0,3134,10880,-0.135998,-0.0183783,0.281345,0.0425987,0.421789,1.1,1.11886,0.681941,0.514263,0.681941,0.598826,0.571074,0.531273,340,150,0.089068,1,1,1
h1,805,11,1,110,1.71608,0,3810,10776,-0.133489,0.0376883,0.248111,0.0293283,0.382917,1.1,1.16127,0.691375,0.509097,0.691375,0.607176,0.580007,0.539722,340,150,0.0839625,-1,1,1
h1,806,11,1,32,1.46665,0,7744,2593,0.15091,-0.00881004,-0.172193,0.0298634,0.325486,1.1,1.24601,0.557952,0.454852,0.572776,0.510641,0.583496,0.54202,340,150,0.0864776,-1,1,1
h1,807,11,1,34,5.70954,1,5499,11020,-0.0212746,-0.342493,0.303435,0.0569115,0.514749,1.1,1.09427,0.861186,0.632862,0.861186,0.723031,0.753037,0.725202,340,150,0.0730714,-1,1,1
h1,808,11,1,82,0.151204,0,9822,2722,0.20354,-0.0965071,-0.169892,0.0321741,0.39504,1.1,1.12749,0.603774,0.490005,0.603774,0.557698,0.617928,0.576378,340,150,0.0802104,-1,1,1
h1,809,11,1,252,3.13106,0,3134,10880,-0.135998,-0.0183783,0.281345,0.0425987,0.421789,1.1,1.08239,0.667116,0.513028,0.667116,0.578282,0.573028,0.532954,340,150,0.0905445,-1,1,1
h1,810,11,1,337,5.24901,1,3682,10907,-0.146651,-0.120312,0.285689,0.0452337,0.462951,1.1,1.06098,0.59973,0.497866,0.59973,0.627871,0.521693,0.485116,340,150,0.0807661,1,1,1
h1,811,11,1,336,3.08369,1,2980,10776,-0.1311,0.0187426,0.248111,0.0293283,0.379752,1.1,1.00374,0.48248,0.394093,0.48248,0.560633,0.549248,0.508826,340,150,0.0909343,1,1,1
h1,812,11,1,267,3.10501,0,6716,2116,0.116477,-0.330881,-0.182477,0.0326996,0.47102,1.1,1.12974,0.675202,0.525831,0.675202,0.604696,0.691514,0.657342,340,150,0.0752847,-1,1,1
h1,813,11,1,308,3.94229,0,3394,10805,-0.131516,-0.0266199,0.269192,0.0356674,0.405523,1.1,1.09358,0.65903,0.491689,0.65903,0.584183,0.555357,0.516371,340,150,0.0828814,-1,1,1
h1,814,11,1,145,0.204076,0,10432,637,0.194345,0.145539,-0.226089,-0.343699,0.645121,1.1,1.11208,0.692722,0.495171,0.692722,0.799484,0.551791,0.513449,340,150,0.0917659,1,1,1
h1,815,11,1,349,1.49735,1,3277,10907,-0.153385,-0.0526571,0.285689,0.0452337,0.449946,1.1,1.04365,0.59973,0.478437,0.617251,0.632681,0.542133,0.504077,340,150,0.0814256,1,1,1
h1,816,11,1,47,4.91,1,9313,72,0.189112,0.0958281,-0.234023,-0.00157356,0.434266,1.1,1.13377,0.726415,0.541105,0.726415,0.636242,0.596887,0.554224,420,147,0.0883496,1,1,1
h1,817,11,1,353,3.33091,1,8151,315,0.154758,0.0489473,-0.221039,0.00854301,0.377972,1.1,1.14115,0.695418,0.524708,0.695418,0.579409,0.590619,0.547782,420,147,0.0814918,1,1,1
h1,818,11,1,236,5.00609,1,4146,10907,-0.122689,-0.0699654,0.285689,0.0452337,0.424577,1.1,1.09903,0.630728,0.485288,0.630728,0.617617,0.535069,0.497609,420,147,0.0788426,-1,1,1
h1,819,11,1,159,2.56053,1,10342,315,0.209995,0.0348787,-0.221039,0.00854301,0.431915,1.1,1.12293,0.735849,0.555144,0.735849,0.639817,0.602918,0.560908,420,147,0.0844502,-1,1,1
h1,820,11,1,340,3.37908,0,3313,10724,-0.154504,0.0497618,0.244729,0.0212641,0.400743,1.1,1.04157,0.595687,0.461703,0.597035,0.586647,0.540827,0.500405,420,147,0.100252,-1,1,1
h1,821,11,1,28,2.87926,1,10375,72,0.238587,0.103936,-0.234023,-0.00157356,0.484262,1.1,1.09877,0.873315,0.641285,0.873315,0.694542,0.648114,0.604787,420,147,0.0913994,-1,1,1
h1,822,11,1,101,3.29021,0,7045,701,0.120216,0.0447788,-0.207454,0.0154171,0.329055,1.1,1.19307,0.634771,0.47664,0.634771,0.528357,0.578901,0.537914,420,147,0.0865156,-1,1,1
h1,823,11,1,19,0.671919,0,4470,10223,-0.108949,0.184682,0.221531,-0.349481,0.628191,1.1,1.03509,0.702156,0.508872,0.702156,0.769633,0.519688,0.481301,420,147,0.0809874,1,1,1
h1,824,11,1,155,0.47165,0,64,10724,-0.241561,0.0430212,0.244729,0.0212641,0.486826,1.1,1.1155,0.789757,0.58996,0.789757,0.662376,0.639031,0.599164,420,147,0.0837896,1,1,1
h1,825,11,1,160,4.25607,1,2337,10964,-0.180623,-0.207244,0.293952,0.0506849,0.540224,1.1,1.08168,0.606469,0.507412,0.606469,0.689166,0.572145,0.535783,420,147,0.0709328,-1,1,1
h1,826,11,1,261,5.57105,0,9649,660,0.218831,0.166449,-0.221534,-0.343931,0.674111,1.1,1.10935,0.696766,0.51898,0.696766,0.883555,0.571662,0.535036,420,147,0.0816132,-1,1,1
h1,827,11,1,318,5.157,1,4728,11039,-0.101244,-0.166464,0.307089,0.0602894,0.467089,1.1,1.1714,0.595687,0.470912,0.595687,0.699487,0.528576,0.494107,420,147,0.0773323,1,1,1
h1,828,11,1,114,5.83045,0,5668,637,0.00262928,0.0709314,-0.226089,-0.343699,0.473596,1.1,1.05268,0.657682,0.500898,0.657682,0.636081,0.472336,0.436074,420,147,0.0752976,1,1,1
h1,829,11,1,155,4.19797,0,64,10671,-0.241561,0.0430212,0.249099,0.0191889,0.49128,1.1,1.13498,0.769542,0.592655,0.77089,0.644445,0.637962,0.59767,420,147,0.0801769,-1,1,1
h1,830,11,1,223,0.305021,1,3557,10671,-0.137408,0.0735884,0.249099,0.0191889,0.391393,1.1,1.05767,0.687332,0.524483,0.687332,0.552153,0.596942,0.556605,420,147,0.0822736,1,1,1
h1,831,11,1,223,1.13546,1,3557,10671,-0.137408,0.0735884,0.249099,0.0191889,0.391393,1.1,1.11744,0.718329,0.530324,0.718329,0.604818,0.590275,0.550036,420,147,0.0878656,1,1,1
h1,832,11,1,161,2.02548,0,2296,10302,-0.172047,0.171903,0.222526,-0.349716,0.654044,1.1,1.1503,0.672507,0.487534,0.672507,0.80766,0.53212,0.496144,420,147,0.0938493,-1,1,1
h1,833,11,1,110,0.926522,1,3810,10776,-0.133489,0.0376883,0.248111,0.0293283,0.382917,1.1,1.11563,0.688679,0.526505,0.688679,0.570466,0.586217,0.545831,420,147,0.0811669,-1,1,1
h1,834,11,1,142,5.51042,0,1398,10302,-0.20339,0.168999,0.222526,-0.349716,0.671293,1.1,1.14646,0.683288,0.493374,0.683288,0.857118,0.531687,0.495338,420,147,0.0923426,1,1,1
h1,835,11,1,148,2.98409,0,1845,10789,-0.185579,0.0125389,0.251837,0.0302725,0.438074,1.1,1.09187,0.675202,0.52965,0.675202,0.632259,0.593843,0.555847,420,147,0.0806395,-1,1,1
h1,836,11,1,23,1.79039,1,4516,11020,-0.11296,-0.182758,0.303435,0.0569115,0.480552,1.1,1.12577,0.597035,0.481132,0.597035,0.687783,0.539173,0.505787,420,147,0.0737256,-1,1,1
h1,837,11,1,27,4.06729,0,8788,2722,0.176098,-0.132092,-0.169892,0.0321741,0.383005,1.1,1.12628,0.621294,0.508199,0.650943,0.550344,0.54724,0.508288,420,147,0.0772117,-1,1,1
h1,838,11,1,54,5.64141,0,9937,758,0.183938,0.220732,-0.217086,-0.344656,0.693236,1.1,1.16245,0.718329,0.511343,0.718329,0.875089,0.518989,0.48154,420,147,0.0771245,-1,1,1
h1,839,11,1,51,1.94435,0,7553,315,0.144072,0.0612535,-0.221039,0.00854301,0.368898,1.1,1.01213,0.609164,0.475067,0.609164,0.527838,0.597543,0.554654,420,147,0.0817049,-1,1,1
h1,840,11,1,131,3.69291,0,7877,72,0.151999,0.0878963,-0.234023,-0.00157356,0.396259,1.1,1.07477,0.657682,0.502022,0.657682,0.582647,0.60134,0.558095,420,147,0.082389,-1,1,1
h1,841,11,1,270,3.08346,1,7665,2722,0.152892,-0.0882483,-0.169892,0.0321741,0.344645,1.1,1.07149,0.583558,0.46496,0.590297,0.526143,0.552197,0.511947,420,147,0.0770725,1,1,1
h1,842,11,1,229,5.31066,1,6569,701,0.0891819,0.0654058,-0.207454,0.0154171,0.300909,1.1,1.01714,0.424528,0.352538,0.424528,0.485608,0.558276,0.516855,420,147,0.0897036,-1,1,1
h1,843,11,1,215,5.89203,1,507,10776,-0.214523,0.0275526,0.248111,0.0293283,0.462889,1.1,1.13631,0.773585,0.585804,0.773585,0.658412,0.621699,0.582408,420,147,0.105496,-1,1,1
h1,844,11,1,106,5.42378,0,8738,758,0.185501,0.179561,-0.217086,-0.344656,0.660968,1.1,1.09733,0.698113,0.512354,0.698113,0.844435,0.550785,0.516303,420,147,0.0834472,1,1,1
h1,845,11,1,195,4.33808,1,4564,11039,-0.111328,-0.174129,0.307089,0.0602894,0.47967,1.1,1.04502,0.572776,0.488432,0.578167,0.637784,0.532534,0.49768,420,147,0.0763634,-1,1,1
h1,846,11,1,313,0.774326,1,5217,11039,-0.056818,-0.30092,0.307089,0.0602894,0.512739,1.1,1.07999,0.746631,0.585355,0.761456,0.689382,0.710959,0.680407,420,147,0.0722783,-1,1,1
h1,847,11,1,345,1.33016,0,9708,758,0.177473,0.201998,-0.217086,-0.344656,0.674239,1.1,1.09047,0.712938,0.540094,0.712938,0.840195,0.552331,0.514877,420,147,0.0821184,-1,1,1
h1,848,11,1,129,2.2127,1,7775,72,0.14717,0.107128,-0.234023,-0.00157356,0.396389,1.1,1.08654,0.685984,0.501797,0.685984,0.587191,0.59399,0.550623,420,147,0.0824353,-1,1,1
h1,849,11,1,336,0.173023,0,2980,10776,-0.1311,0.0187426,0.248111,0.0293283,0.379752,1.1,1.19601,0.660377,0.499326,0.660377,0.630713,0.571555,0.531235,420,147,0.0885137,-1,1,1
h1,850,11,1,36,1.64292,1,4675,10724,-0.0951405,0.0405102,0.244729,0.0212641,0.340972,1.1,1.06852,0.623989,0.490566,0.626685,0.530433,0.573211,0.534505,420,147,0.088504,-1,1,1
h1,851,11,1,66,2.46475,0,10754,648,0.229716,0.196766,-0.221706,-0.344286,0.704658,1.1,1.17082,0.700809,0.534367,0.700809,0.864753,0.548353,0.510292,420,147,0.0762568,-1,1,1
h1,852,11,1,36,5.84111,1,4675,10724,-0.0951405,0.0405102,0.244729,0.0212641,0.340972,1.1,1.01754,0.463612,0.394542,0.463612,0.49604,0.572841,0.534178,420,147,0.0901491,-1,1,1
h1,853,11,1,331,4.11174,0,6022,2436,0.0370426,-0.348188,-0.177717,0.0331116,0.437662,1.1,1.06699,0.752022,0.576707,0.752022,0.63647,0.746541,0.71603,420,147,0.0772935,1,1,1
h1,854,11,1,232,2.68854,1,778,10671,-0.215731,0.0692883,0.249099,0.0191889,0.46818,1.1,1.06004,0.815364,0.594115,0.815364,0.650129,0.623258,0.582653,420,147,0.0878405,-1,1,1
h1,855,11,1,151,0.608041,0,8681,315,0.182535,0.0524225,-0.221039,0.00854301,0.406118,1.1,1.14657,0.75876,0.562669,0.75876,0.615433,0.603893,0.561214,420,147,0.0857096,1,1,1
h1,856,11,1,322,0.276093,0,5527,11039,-0.0120525,-0.0560036,0.307089,0.0602894,0.339678,1.1,1.2292,0.513477,0.429919,0.520216,0.570667,0.535645,0.502336,420,147,0.077643,1,1,1
h1,857,11,1,131,5.1871,1,7877,72,0.151999,0.0878963,-0.234023,-0.00157356,0.396259,1.1,1.03593,0.681941,0.518306,0.681941,0.552414,0.600413,0.55716,420,147,0.0809965,-1,1,1
h1,858,11,1,303,0.877234,0,9405,9,0.1927,-0.013135,-0.253302,0.0242414,0.447936,1.1,1.09381,0.672507,0.524933,0.672507,0.651423,0.581558,0.542566,420,147,0.079297,1,1,1
h1,859,11,1,20,3.33635,0,9641,2722,0.193428,-0.167873,-0.169892,0.0321741,0.414754,1.1,1.09656,0.618598,0.516509,0.622642,0.6271,0.561774,0.52404,420,147,0.0775706,1,1,1
h1,860,11,1,187,6.25012,0,7043,701,0.120269,0.0487461,-0.207454,0.0154171,0.329865,1.1,0.991146,0.504043,0.433064,0.504043,0.466759,0.594777,0.554141,420,147,0.0860339,-1,1,1
h1,861,11,1,138,1.54336,1,830,10319,-0.204844,0.146182,0.219543,-0.350306,0.653149,1.1,1.1416,0.677898,0.508086,0.677898,0.831148,0.555555,0.512139,420,147,0.108502,1,1,1
h1,862,11,1,7,0.859177,0,164,10776,-0.229441,0.0254383,0.248111,0.0293283,0.47762,1.1,1.14038,0.811321,0.604784,0.811321,0.653284,0.629455,0.592111,420,147,0.084738,-1,1,1
h1,863,11,1,34,5.64903,1,5499,11020,-0.0212746,-0.342493,0.303435,0.0569115,0.514749,1.1,1.09241,0.854447,0.628369,0.854447,0.708067,0.75244,0.72459,420,147,0.0740252,-1,1,1
h1,864,11,1,56,5.27834,0,188,9890,-0.238694,0.0907698,0.213011,-0.348644,0.630237,1.1,1.06331,0.735849,0.537848,0.74124,0.777447,0.621552,0.58371,420,153,0.0857475,-1,1,1
h1,865,11,1,226,3.8248,1,8630,2722,0.172188,-0.0683498,-0.169892,0.0321741,0.356668,1.1,1.08382,0.559299,0.47181,0.579515,0.51045,0.593861,0.55466,420,153,0.0955016,-1,1,1
h1,866,11,1,223,5.20802,0,3557,10671,-0.137408,0.0735884,0.249099,0.0191889,0.391393,1.1,1.11303,0.710243,0.528527,0.710243,0.603462,0.58549,0.54924,420,153,0.085887,-1,1,1
h1,867,11,1,94,5.20687,1,2745,10220,-0.164982,0.0977907,0.261646,0.0172234,0.43486,1.1,1.0842,0.71159,0.543127,0.71159,0.590964,0.590232,0.552563,420,153,0.138389,-1,1,1
h1,868,11,1,269,4.27504,1,4914,10776,-0.0771093,0.0686913,0.248111,0.0293283,0.327701,1.1,0.943744,0.557952,0.446541,0.557952,0.456723,0.563337,0.52295,420,153,0.0793603,-1,1,1
h1,869,11,1,18,5.97306,1,3981,10805,-0.140058,-0.0289974,0.269192,0.0356674,0.414721,1.1,1.01165,0.590297,0.469003,0.603774,0.620283,0.548415,0.509009,420,153,0.0994845,1,1,1
h1,870,11,1,312,2.05412,1,2296,10223,-0.172047,0.171903,0.221531,-0.349481,0.653282,1.1,1.08176,0.687332,0.510445,0.687332,0.832053,0.541311,0.503289,420,153,0.108948,-1,1,1
h1,871,11,1,179,1.23435,0,10456,1792,0.248541,-0.00627041,-0.185456,0.0244999,0.435111,1.1,1.15645,0.687332,0.558401,0.712938,0.604404,0.639779,0.598616,420,153,0.0797749,-1,1,1
h1,872,11,1,15,6.17447,0,2437,10818,-0.166977,-0.120154,0.273449,0.0376854,0.467855,1.1,1.09448,0.614555,0.476078,0.625337,0.656543,0.533547,0.495737,420,153,0.07937,1,1,1
h1,873,11,1,244,4.39384,1,4636,11020,-0.11931,-0.343344,0.303435,0.0569115,0.582236,1.1,1.15715,0.764151,0.584344,0.765499,0.723897,0.695395,0.66492,420,153,0.0722693,-1,1,1
h1,874,11,1,254,4.91949,1,8645,315,0.213696,0.0233593,-0.221039,0.00854301,0.435017,1.1,1.14932,0.747978,0.575135,0.747978,0.626911,0.604551,0.563164,420,153,0.0798863,-1,1,1
h1,875,11,1,171,4.65573,0,912,10101,-0.201639,0.10631,0.264098,0.0141907,0.474765,1.1,1.10772,0.862534,0.628145,0.862534,0.664604,0.624872,0.584446,420,153,0.0986082,1,1,1
h1,876,11,1,90,4.37295,0,6647,758,0.0962086,0.206283,-0.217086,-0.344656,0.633859,1.1,1.07183,0.729111,0.525494,0.729111,0.797582,0.494381,0.445248,420,153,0.0743714,-1,1,1
h1,877,11,1,9,1.80701,1,723,10789,-0.203301,0.0441084,0.251837,0.0302725,0.455387,1.1,1.11407,0.816712,0.601191,0.816712,0.650341,0.623927,0.585671,420,153,0.0890123,1,1,1
h1,878,11,1,204,4.88661,1,1163,10319,-0.196664,0.131005,0.219543,-0.350306,0.636309,1.1,1.10919,0.714286,0.503482,0.714286,0.808313,0.552431,0.51653,420,153,0.108556,-1,1,1
h1,879,11,1,48,1.65027,1,3274,10220,-0.158749,0.0992336,0.261646,0.0172234,0.429407,1.1,1.04179,0.757412,0.559636,0.757412,0.593458,0.592785,0.555483,420,153,0.0841875,-1,1,1
h1,880,11,1,83,5.43066,0,10890,660,0.255695,0.153066,-0.221534,-0.343931,0.689097,1.1,1.04392,0.725067,0.53695,0.725067,0.836102,0.597394,0.562441,420,153,0.0848965,1,1,1
h1,881,11,1,213,0.617594,0,2620,10805,-0.173088,0.00572681,0.269192,0.0356674,0.443364,1.1,1.04145,0.645553,0.489892,0.654987,0.610141,0.586925,0.54729,420,153,0.0959994,1,1,1
h1,882,11,1,86,0.690193,0,3744,10724,-0.150739,0.0622416,0.244729,0.0212641,0.398955,1.1,1.12674,0.747978,0.542004,0.747978,0.631071,0.586344,0.545447,420,153,0.0852248,-1,1,1
h1,883,11,1,337,3.47109,0,3682,10907,-0.146651,-0.120312,0.285689,0.0452337,0.462951,1.1,1.09844,0.641509,0.495732,0.641509,0.672055,0.516849,0.47992,420,153,0.0793404,1,1,1
h1,884,11,1,167,5.12909,1,8147,72,0.166078,0.0965643,-0.234023,-0.00157356,0.412065,1.1,1.05244,0.707547,0.535939,0.707547,0.589903,0.598575,0.555606,420,153,0.0824606,1,1,1
h1,885,11,1,46,0.30643,1,9358,72,0.234097,0.0942402,-0.234023,-0.00157356,0.478139,1.1,1.09732,0.83558,0.612085,0.83558,0.686066,0.638635,0.595179,420,153,0.0921724,-1,1,1
h1,886,11,1,186,4.83593,0,2504,10937,-0.17173,-0.155041,0.28989,0.0477304,0.504206,1.1,1.08739,0.69407,0.526393,0.69407,0.749885,0.527311,0.489672,420,153,0.0757416,1,1,1
h1,887,11,1,96,4.55381,1,5101,11039,-0.0674639,-0.273713,0.307089,0.0602894,0.501844,1.1,1.10032,0.691375,0.521114,0.691375,0.662371,0.670646,0.638715,420,153,0.0740644,-1,1,1
h1,888,11,1,227,4.61891,0,6895,660,0.116494,0.228361,-0.221534,-0.343931,0.66471,1.1,1.05807,0.730458,0.523473,0.730458,0.834634,0.486411,0.439142,420,153,0.0827874,-1,1,1
h1,889,11,1,288,0.692089,1,7857,72,0.149749,0.0999985,-0.234023,-0.00157356,0.396991,1.1,1.0373,0.739892,0.536276,0.739892,0.616081,0.590042,0.548698,420,153,0.0829762,-1,1,1
h1,890,11,1,175,1.44885,1,5584,10223,-0.00551796,0.108643,0.221531,-0.349481,0.511301,1.1,1.10462,0.684636,0.514713,0.687332,0.679534,0.46321,0.425877,420,153,0.077889,-1,1,1
h1,891,11,1,178,2.74083,0,8607,2722,0.170468,-0.152552,-0.169892,0.0321741,0.387372,1.1,1.11471,0.561995,0.463724,0.571429,0.573704,0.54428,0.506044,420,153,0.0750815,-1,1,1
h1,892,11,1,238,1.19009,1,10380,72,0.193705,0.11157,-0.234023,-0.00157356,0.442457,1.1,1.06022,0.839623,0.608828,0.839623,0.638121,0.620327,0.577684,420,153,0.0928672,-1,1,1
h1,893,11,1,109,2.93575,1,3851,10220,-0.146527,0.0985994,0.261646,0.0172234,0.417867,1.1,1.05451,0.743935,0.542116,0.743935,0.635726,0.583558,0.545848,420,153,0.0930752,-1,1,1
h1,894,11,1,267,3.9586,0,6716,2116,0.116477,-0.330881,-0.182477,0.0326996,0.47102,1.1,1.05016,0.704852,0.544811,0.704852,0.650341,0.688564,0.654501,420,153,0.0721071,1,1,1
h1,895,11,1,254,0.966875,1,8645,315,0.213696,0.0233593,-0.221039,0.00854301,0.435017,1.1,1.17096,0.77628,0.579403,0.77628,0.657319,0.598816,0.557452,420,153,0.0833815,1,1,1
h1,896,11,1,223,2.1698,0,3557,10671,-0.137408,0.0735884,0.249099,0.0191889,0.391393,1.1,1.10595,0.714286,0.531559,0.714286,0.597248,0.587165,0.550951,420,153,0.0878443,1,1,1
h1,897,11,1,348,1.13941,1,4881,10789,-0.08113,0.0515871,0.251837,0.0302725,0.334003,1.1,1.18878,0.619946,0.4635,0.619946,0.567479,0.564873,0.526418,420,153,0.0854063,-1,1,1
h1,898,11,1,21,5.76161,1,3593,10302,-0.150817,0.132455,0.222526,-0.349716,0.609957,1.1,1.1241,0.7062,0.510108,0.7062,0.801766,0.554646,0.518419,420,153,0.0911645,1,1,1
h1,899,11,1,322,3.04717,0,5527,11039,-0.0120525,-0.0560036,0.307089,0.0602894,0.339678,1.1,1.21898,0.493261,0.420148,0.510782,0.556141,0.530771,0.499695,420,153,0.0762404,-1,1,1
h1,900,11,1,151,4.75969,0,8681,315,0.182535,0.0524225,-0.221039,0.00854301,0.406118,1.1,1.07757,0.664421,0.504717,0.664421,0.604678,0.608023,0.565374,420,153,0.0867066,1,1,1
h1,901,11,1,229,2.61666,0,6569,701,0.0891819,0.0654058,-0.207454,0.0154171,0.300909,1.1,0.963105,0.567385,0.452493,0.567385,0.426532,0.577726,0.53636,420,153,0.0837197,1,1,1
h1,902,11,1,202,3.78341,0,144,10724,-0.237375,0.0538673,0.244729,0.0212641,0.48342,1.1,1.04959,0.784367,0.587938,0.784367,0.620421,0.637345,0.594967,420,153,0.0857459,1,1,1
h1,903,11,1,177,5.22013,1,6756,2116,0.106054,-0.173679,-0.182477,0.0326996,0.355158,1.1,1.04971,0.513477,0.468329,0.520216,0.53079,0.53205,0.494409,420,153,0.0778186,1,1,1
h1,904,11,1,182,0.950126,0,3774,10907,-0.127977,-0.00180435,0.285689,0.0452337,0.41634,1.1,1.02836,0.673854,0.514825,0.673854,0.589895,0.581586,0.541093,420,153,0.0977781,1,1,1
h1,905,11,1,108,0.370817,0,7225,72,0.122624,0.105203,-0.234023,-0.00157356,0.372291,1.1,0.956446,0.653639,0.508872,0.653639,0.546525,0.590022,0.548397,420,153,0.0789258,1,1,1
h1,906,11,1,342,3.77312,0,126,10789,-0.224814,-0.00405121,0.251837,0.0302725,0.477923,1.1,1.1604,0.789757,0.59434,0.789757,0.662706,0.617233,0.579934,420,153,0.0833988,-1,1,1
h1,907,11,1,321,2.45842,1,202,9877,-0.2394,0.0955,0.21294,-0.349648,0.634705,1.1,1.15616,0.738545,0.546384,0.738545,0.811131,0.614395,0.575703,420,153,0.0815015,1,1,1
h1,908,11,1,43,3.42584,0,5356,11020,-0.0347128,-0.00728893,0.303435,0.0569115,0.344264,1.1,1.14912,0.489218,0.419362,0.489218,0.55324,0.476911,0.441547,420,153,0.0752724,1,1,1
h1,909,11,1,343,2.89083,0,7016,2593,0.121774,-0.0572081,-0.172193,0.0298634,0.306607,1.1,1.09794,0.541779,0.46159,0.555256,0.474283,0.547472,0.508181,420,153,0.0760891,-1,1,1
h1,910,11,1,64,5.21267,1,3105,10302,-0.149117,0.156857,0.222526,-0.349716,0.628291,1.1,1.05776,0.699461,0.508536,0.699461,0.810694,0.541663,0.504998,420,153,0.0897853,-1,1,1
h1,911,11,1,4,4.56209,0,8825,758,0.162009,0.166172,-0.217086,-0.344656,0.6362,1.1,1.05959,0.691375,0.514039,0.691375,0.82848,0.557421,0.520491,420,153,0.0810435,-1,1,1
h1,912,11,1,216,5.94747,1,4376,10724,-0.113909,0.0553923,0.244729,0.0212641,0.361591,1.1,0.996454,0.598383,0.482817,0.598383,0.494703,0.59078,0.551394,151,154,0.08914,-1,1,1
h1,913,11,1,230,5.67042,0,3837,10805,-0.142791,-0.0406256,0.269192,0.0356674,0.419212,1.1,1.11178,0.680593,0.504268,0.680593,0.613175,0.555034,0.516596,151,154,0.0868895,-1,1,1
h1,914,11,1,266,0.259963,0,7692,2321,0.146803,0.0702419,-0.176155,0.0272455,0.325809,1.1,1.11799,0.644205,0.496181,0.644205,0.487561,0.614637,0.573354,151,154,0.0821423,1,1,1
h1,915,11,1,352,0.317601,1,3098,10220,-0.158361,0.0965099,0.261646,0.0172234,0.428105,1.1,1.04844,0.765499,0.561096,0.765499,0.59613,0.590575,0.553231,151,154,0.0889955,1,1,1
h1,916,11,1,13,4.96788,0,10912,758,0.261138,0.162951,-0.217086,-0.344656,0.697445,1.1,1.15848,0.718329,0.539533,0.718329,0.908275,0.592012,0.556891,151,154,0.0828663,-1,1,1
h1,917,11,1,23,1.10233,1,4516,11020,-0.11296,-0.182758,0.303435,0.0569115,0.480552,1.1,1.05594,0.587601,0.497192,0.587601,0.663129,0.538631,0.505321,151,154,0.07491,-1,1,1
h1,918,11,1,75,0.417648,1,7934,72,0.170718,0.0690966,-0.234023,-0.00157356,0.411087,1.1,1.10388,0.587601,0.467206,0.59973,0.593691,0.587756,0.546077,151,154,0.0851119,1,1,1
h1,919,11,1,239,3.84437,0,10673,660,0.251783,0.143414,-0.221534,-0.343931,0.679363,1.1,1.05429,0.74124,0.535939,0.74124,0.826017,0.597212,0.562412,151,154,0.0896092,1,1,1
h1,920,11,1,254,5.58224,1,8645,315,0.213696,0.0233593,-0.221039,0.00854301,0.435017,1.1,1.10994,0.67655,0.509546,0.679245,0.641011,0.565692,0.524285,151,154,0.0897177,-1,1,1
h1,921,11,1,346,1.94363,0,6883,2116,0.119892,-0.264498,-0.182477,0.0326996,0.42417,1.1,1.01215,0.597035,0.506289,0.609164,0.600676,0.628567,0.591542,151,154,0.0745808,-1,1,1
h1,922,11,1,222,4.52559,1,3934,11020,-0.155248,-0.295271,0.303435,0.0569115,0.578324,1.1,1.08777,0.687332,0.533244,0.687332,0.698927,0.668853,0.63506,151,154,0.070689,-1,1,1
h1,923,11,1,54,4.13857,1,9937,758,0.183938,0.220732,-0.217086,-0.344656,0.693236,1.1,1.04395,0.745283,0.537736,0.745283,0.863635,0.542903,0.499993,151,154,0.0769268,1,1,1
h1,924,11,1,348,2.7627,0,4881,10789,-0.08113,0.0515871,0.251837,0.0302725,0.334003,1.1,1.04312,0.605121,0.468778,0.605121,0.504883,0.578645,0.539573,151,154,0.0827284,-1,1,1
h1,925,11,1,280,5.05445,0,3801,11020,-0.158261,-0.327012,0.303435,0.0569115,0.600491,1.1,1.13398,0.714286,0.550764,0.714286,0.732759,0.676904,0.64492,151,154,0.0706698,1,1,1
h1,926,11,1,191,0.457449,1,7105,2656,0.133837,-0.214824,-0.172945,0.0325184,0.394297,1.1,1.15874,0.578167,0.454515,0.578167,0.586647,0.560068,0.52537,151,154,0.0780601,1,1,1
h1,927,11,1,180,5.04736,0,10765,660,0.254869,0.147903,-0.221534,-0.343931,0.684735,1.1,1.06506,0.750674,0.5365,0.750674,0.83013,0.596768,0.56196,151,154,0.0840872,1,1,1
h1,928,11,1,259,2.96457,1,2752,10907,-0.166492,-0.0709629,0.285689,0.0452337,0.466872,1.1,1.10697,0.625337,0.481581,0.62938,0.623275,0.557413,0.518309,151,154,0.0835425,1,1,1
h1,929,11,1,58,3.04631,1,10095,2593,0.208674,-0.160955,-0.172193,0.0298634,0.426027,1.1,1.03053,0.61186,0.494048,0.641509,0.615964,0.580164,0.540307,151,154,0.076776,-1,1,1
h1,930,11,1,181,0.209879,1,5016,11020,-0.0792856,-0.344342,0.303435,0.0569115,0.554592,1.1,1.0504,0.791105,0.583109,0.791105,0.734318,0.707564,0.678554,151,154,0.0754664,-1,1,1
h1,931,11,1,193,1.04331,0,8574,648,0.167773,0.196839,-0.221706,-0.344286,0.666717,1.1,1.15023,0.703504,0.522799,0.703504,0.8244,0.521055,0.485664,151,154,0.0775899,1,1,1
h1,932,11,1,325,2.9617,1,1245,10302,-0.200416,0.196606,0.222526,-0.349716,0.691121,1.1,1.15034,0.710243,0.532682,0.710243,0.849683,0.531435,0.493151,151,154,0.0835399,1,1,1
h1,933,11,1,292,5.96381,1,1564,10223,-0.184376,0.21873,0.221531,-0.349481,0.698306,1.1,1.16549,0.708895,0.525157,0.708895,0.839786,0.519309,0.480965,151,154,0.0745125,1,1,1
h1,934,11,1,196,1.98353,0,1363,10776,-0.196059,0.0201368,0.248111,0.0293283,0.44489,1.1,1.15326,0.761456,0.565701,0.761456,0.647102,0.592012,0.554356,151,154,0.0862141,-1,1,1
h1,935,11,1,278,2.0952,1,4851,10907,-0.0805817,0.0186768,0.285689,0.0452337,0.367255,1.1,0.926649,0.570081,0.451033,0.570081,0.504162,0.556079,0.51664,151,154,0.101848,1,1,1
h1,936,11,1,288,3.57069,1,7857,72,0.149749,0.0999985,-0.234023,-0.00157356,0.396991,1.1,1.05657,0.718329,0.53504,0.718329,0.597706,0.588625,0.547307,151,154,0.0814108,1,1,1
h1,937,11,1,197,5.95164,0,6470,758,0.0850677,0.223834,-0.217086,-0.344656,0.643822,1.1,1.16052,0.753369,0.533693,0.753369,0.800815,0.45423,0.41084,151,154,0.0777851,-1,1,1
h1,938,11,1,230,3.6946,0,3837,10805,-0.142791,-0.0406256,0.269192,0.0356674,0.419212,1.1,1.04056,0.606469,0.492138,0.606469,0.604997,0.559905,0.521549,151,154,0.0885562,1,1,1
h1,939,11,1,9,6.14481,1,723,10789,-0.203301,0.0441084,0.251837,0.0302725,0.455387,1.1,1.09711,0.792453,0.58075,0.792453,0.64976,0.618055,0.57979,151,154,0.0946232,-1,1,1
h1,940,11,1,77,2.13824,0,287,9863,-0.231977,0.103093,0.212934,-0.349253,0.634491,1.1,1.09919,0.738545,0.534928,0.738545,0.78691,0.604406,0.566476,151,154,0.0823971,-1,1,1
h1,941,11,1,335,5.57667,0,464,10724,-0.228718,0.0163822,0.244729,0.0212641,0.474063,1.1,1.15629,0.78841,0.594227,0.78841,0.638909,0.620389,0.581778,151,154,0.087047,1,1,1
h1,942,11,1,177,2.44155,0,6756,2116,0.106054,-0.173679,-0.182477,0.0326996,0.355158,1.1,1.21246,0.566038,0.446541,0.566038,0.572663,0.528428,0.49089,151,154,0.0776064,-1,1,1
h1,943,11,1,182,0.976376,0,3774,10907,-0.127977,-0.00180435,0.285689,0.0452337,0.41634,1.1,1.02573,0.665768,0.513477,0.665768,0.586893,0.582034,0.541514,151,154,0.097429,1,1,1
h1,944,11,1,353,5.21152,1,8151,315,0.154758,0.0489473,-0.221039,0.00854301,0.377972,1.1,1.03466,0.595687,0.478774,0.606469,0.549553,0.596711,0.553761,151,154,0.0824975,1,1,1
h1,945,11,1,109,5.11247,0,3851,10220,-0.146527,0.0985994,0.261646,0.0172234,0.417867,1.1,1.04842,0.667116,0.513589,0.667116,0.574409,0.583678,0.545994,151,154,0.0885992,1,1,1
h1,946,11,1,74,2.13283,0,8920,2722,0.173998,-0.183234,-0.169892,0.0321741,0.405892,1.1,1.09518,0.556604,0.491128,0.557952,0.580452,0.532544,0.495737,151,154,0.0782477,1,1,1
h1,947,11,1,244,4.90716,0,4636,11020,-0.11931,-0.343344,0.303435,0.0569115,0.582236,1.1,1.15803,0.774933,0.580638,0.774933,0.723605,0.695889,0.665479,151,154,0.073832,-1,1,1
h1,948,11,1,213,6.01713,0,2620,10805,-0.173088,0.00572681,0.269192,0.0356674,0.443364,1.1,1.05535,0.679245,0.515274,0.679245,0.653098,0.578728,0.539141,151,154,0.101433,1,1,1
h1,949,11,1,116,5.34957,0,4458,11020,-0.121935,-0.278303,0.303435,0.0569115,0.541685,1.1,1.05174,0.632076,0.530324,0.640162,0.681252,0.651252,0.618202,151,154,0.0736363,1,1,1
h1,950,11,1,162,0.825189,1,5545,10223,-0.00925446,0.171809,0.221531,-0.349481,0.570098,1.1,1.07768,0.708895,0.505391,0.708895,0.731893,0.441443,0.40585,151,154,0.0840285,1,1,1
h1,951,11,1,16,5.52093,1,6891,2436,0.119626,-0.246846,-0.177717,0.0331116,0.408604,1.1,1.10086,0.598383,0.492026,0.602426,0.570667,0.603115,0.566721,151,154,0.0761009,-1,1,1
h1,952,11,1,91,0.0438252,1,10121,72,0.232655,0.0409832,-0.234023,-0.00157356,0.468619,1.1,1.13182,0.789757,0.571541,0.789757,0.676968,0.606052,0.563278,151,154,0.0898646,1,1,1
h1,953,11,1,159,0.881883,0,10342,315,0.209995,0.0348787,-0.221039,0.00854301,0.431915,1.1,1.13537,0.746631,0.567498,0.746631,0.621994,0.605134,0.563079,151,154,0.0838851,-1,1,1
h1,954,11,1,154,3.53882,1,917,10302,-0.201588,0.156528,0.222526,-0.349716,0.660432,1.1,1.13423,0.692722,0.514151,0.692722,0.828295,0.54526,0.508175,151,154,0.107719,1,1,1
h1,955,11,1,5,2.46221,1,10596,648,0.23284,0.169148,-0.221706,-0.344286,0.685806,1.1,1.1471,0.700809,0.522462,0.700809,0.892593,0.565576,0.52981,151,154,0.085122,1,1,1
h1,956,11,1,71,2.98636,0,5804,2121,0.0168428,-0.363878,-0.183115,0.0327539,0.444519,1.1,1.0581,0.774933,0.595912,0.774933,0.642189,0.7672,0.73583,151,154,0.0809159,-1,1,1
h1,957,11,1,10,2.81204,1,6119,1819,0.050128,-0.334274,-0.188297,0.0325251,0.437681,1.1,1.14088,0.75876,0.574686,0.75876,0.573023,0.728169,0.696909,151,154,0.0772572,-1,1,1
h1,958,11,1,140,5.45146,0,3904,10907,-0.141075,-0.0156851,0.285689,0.0452337,0.431677,1.1,1.04492,0.685984,0.518868,0.685984,0.607983,0.579512,0.538367,151,154,0.102008,1,1,1
h1,959,11,1,0,4.93739,1,8010,72,0.152807,0.104347,-0.234023,-0.00157356,0.401073,1.1,1.08332,0.690027,0.52527,0.690027,0.581886,0.600943,0.558632,151,154,0.0843496,1,1,1
