method,trial,seed,stage,bank_idx,yaw,mirror,idx_top,idx_move,rest_x_top,rest_y_top,rest_x_move,rest_y_move,rest_dist,target_ratio,meas_ratio,cov_plane,cov_yaw_mean,cov_yaw_max,extent_u,extent_v,drape_below_top,settle_steps,stretch_steps,p95_speed,x_sign,attached_ok,valid
hk_second,0,44,1,192,2.59741,0,6935,3682,0.117278,-0.18766,-0.145423,-0.120304,0.271199,1.05,1.00374,0.61348,0.484984,0.623109,0.460306,0.584014,0.509126,420,131,0.0798366,1,1,1
hk_second,1,44,1,317,5.83226,0,3441,10964,-0.147379,0.0833225,0.287165,0.0427685,0.436845,1.05,1.07602,0.77304,0.567859,0.77304,0.603501,0.623224,0.577486,420,131,0.0844719,1,1,1
hk_second,2,44,1,299,2.7753,1,5677,5978,0.00583744,0.232452,0.0369835,0.0699272,0.165483,1.05,1.26764,0.409904,0.382279,0.422283,0.325187,0.564255,0.48821,420,131,0.0864901,-1,1,1
hk_second,3,44,1,114,0.769324,0,5668,5978,0.00244904,0.0739937,0.0369835,0.0699272,0.034773,1.05,1.00051,0.332875,0.357405,0.392022,0.204622,0.507139,0.469988,420,131,0.0722154,-1,1,1
hk_second,4,44,1,137,2.10018,0,3987,9747,-0.134011,0.139685,0.197115,0.197071,0.336455,1.05,1.12122,0.808803,0.57531,0.808803,0.504697,0.538873,0.456649,420,131,0.0935955,-1,1,1
hk_second,5,44,1,314,2.54273,0,8872,5939,0.167253,0.128325,0.0334911,0.0658207,0.147822,1.05,1.16077,0.497937,0.446699,0.5337,0.40549,0.61533,0.552095,420,131,0.0914934,-1,1,1
hk_second,6,44,1,55,3.38211,1,10391,3682,0.233146,0.168499,-0.145423,-0.120304,0.4763,1.05,1.12884,0.679505,0.508253,0.685007,0.653565,0.50902,0.439655,420,131,0.0889684,1,1,1
hk_second,7,44,1,265,4.53939,0,9994,310,0.249557,0.00668144,-0.219695,0.0452003,0.470843,1.05,0.996399,0.749656,0.550321,0.755158,0.631229,0.61544,0.553732,420,131,0.0817971,1,1,1
hk_second,8,44,1,6,0.824949,1,1637,10195,-0.190655,0.136858,0.215868,-0.341135,0.627495,1.05,1.0787,0.668501,0.511004,0.672627,0.77115,0.561682,0.520955,420,131,0.0976074,-1,1,1
hk_second,9,44,1,24,2.92464,0,2921,10195,-0.170677,-0.296522,0.215868,-0.341135,0.38923,1.05,1.02509,0.565337,0.442343,0.565337,0.534796,0.677649,0.616898,420,131,0.0739319,1,1,1
hk_second,10,44,1,184,4.08321,0,6043,310,0.0484133,-0.316555,-0.219695,0.0452003,0.450373,1.05,0.965793,0.740027,0.581385,0.740027,0.597168,0.736467,0.676163,420,131,0.0739401,1,1,1
hk_second,11,44,1,28,2.85248,1,10375,224,0.234842,0.100029,-0.22202,0.0434113,0.460399,1.05,1.03486,0.877579,0.629298,0.877579,0.644428,0.623164,0.558571,420,131,0.100651,-1,1,1
hk_second,12,44,1,24,5.67267,1,2921,6053,-0.170677,-0.296522,0.048049,0.23877,0.578255,1.05,1.02722,0.588721,0.451398,0.588721,0.725841,0.417994,0.360171,420,131,0.0873952,1,1,1
hk_second,13,44,1,190,1.5186,1,5189,10964,-0.0536966,0.132971,0.287165,0.0427685,0.352595,1.05,1.13889,0.643741,0.485442,0.643741,0.531625,0.585385,0.537513,420,131,0.0754225,1,1,1
hk_second,14,44,1,56,2.64441,1,188,9841,-0.232725,0.0888329,0.197415,0.204821,0.445505,1.05,1.00406,0.551582,0.425608,0.551582,0.570977,0.536112,0.455451,420,131,0.137189,-1,1,1
hk_second,15,44,1,208,4.38755,0,1862,10964,-0.181014,0.00871277,0.287165,0.0427685,0.469495,1.05,1.16784,0.784044,0.580009,0.784044,0.638186,0.606116,0.559573,420,131,0.0925951,-1,1,1
hk_second,16,44,1,21,0.1589,1,3593,9955,-0.145442,0.131649,0.20261,-0.11853,0.428851,1.05,1.07396,0.603851,0.476158,0.607978,0.549146,0.458492,0.410836,420,131,0.0874207,1,1,1
hk_second,17,44,1,192,1.2649,1,6935,224,0.117278,-0.18766,-0.22202,0.0434113,0.410509,1.05,1.00892,0.566712,0.479023,0.58597,0.578025,0.56976,0.505,420,131,0.0786242,-1,1,1
hk_second,18,44,1,242,5.50165,0,8888,3892,0.193636,0.110502,-0.135832,-0.12322,0.403985,1.05,1.03203,0.658872,0.481545,0.66575,0.613564,0.469634,0.395702,420,131,0.0978732,1,1,1
hk_second,19,44,1,155,0.276229,0,64,5930,-0.234504,0.0394249,0.0368662,-0.348948,0.47379,1.05,1.03597,0.415406,0.325768,0.415406,0.636423,0.320503,0.244533,420,131,0.0936583,1,1,1
hk_second,20,44,1,272,1.45307,1,7898,5905,0.147932,0.0597,0.0300732,-0.177021,0.264816,1.05,0.981391,0.482806,0.422856,0.488308,0.449042,0.569157,0.486437,420,131,0.0898158,-1,1,1
hk_second,21,44,1,167,0.107436,0,8147,5939,0.162757,0.100016,0.0334911,0.0658207,0.133833,1.05,1.09394,0.507565,0.446928,0.510316,0.409549,0.629087,0.563331,420,131,0.0898269,-1,1,1
hk_second,22,44,1,347,2.06241,0,505,9955,-0.220543,0.104492,0.20261,-0.11853,0.478436,1.05,1.14686,0.72077,0.522696,0.726272,0.67965,0.458123,0.410844,420,131,0.0928959,1,1,1
hk_second,23,44,1,162,5.01514,1,5545,6021,-0.00926971,0.172331,0.0384684,-0.180233,0.355784,1.05,1.04382,0.45392,0.369441,0.463549,0.507621,0.409995,0.324555,420,131,0.100774,-1,1,1
hk_second,24,44,1,0,4.14045,1,8010,4229,0.153151,0.106094,-0.124166,0.197805,0.292088,1.05,0.964556,0.393398,0.359124,0.393398,0.483889,0.443657,0.358565,420,131,0.085315,1,1,1
hk_second,25,44,1,343,0.428159,0,7016,4229,0.123242,-0.0546131,-0.124166,0.197805,0.353456,1.05,1.12317,0.62586,0.464466,0.62586,0.526172,0.413181,0.337446,420,131,0.0831603,1,1,1
hk_second,26,44,1,64,4.46572,1,3105,5978,-0.149013,0.159067,0.0369835,0.0699272,0.206253,1.05,1.05669,0.462173,0.414489,0.464924,0.427212,0.530768,0.462669,420,131,0.0969447,-1,1,1
hk_second,27,44,1,154,5.27919,0,917,10964,-0.198413,0.156603,0.287165,0.0427685,0.498742,1.05,1.09728,0.884457,0.633425,0.884457,0.619166,0.639751,0.587671,420,131,0.0988997,-1,1,1
hk_second,28,44,1,183,3.33201,0,4310,5930,-0.13725,-0.341614,0.0368662,-0.348948,0.175006,1.05,0.926205,0.687758,0.584365,0.698762,0.351915,0.844203,0.77574,420,131,0.075358,-1,1,1
hk_second,29,44,1,162,3.89969,1,5545,6021,-0.00926971,0.172331,0.0384684,-0.180233,0.355784,1.05,1.04379,0.486933,0.35901,0.486933,0.535344,0.381982,0.306032,420,131,0.113287,-1,1,1
hk_second,30,44,1,44,4.61777,1,5645,5978,-0.00166035,-0.144115,0.0369835,0.0699272,0.217503,1.05,1.03313,0.491059,0.40956,0.491059,0.405232,0.496042,0.42321,420,131,0.10007,1,1,1
hk_second,31,44,1,345,2.59957,1,9708,5939,0.17973,0.202705,0.0334911,0.0658207,0.200477,1.05,1.17134,0.458047,0.431453,0.478679,0.364966,0.612756,0.548986,420,131,0.0910547,-1,1,1
hk_second,32,44,1,153,5.57575,1,3537,10964,-0.14661,-0.112272,0.287165,0.0427685,0.460654,1.05,1.10865,0.595598,0.468592,0.61348,0.631599,0.531917,0.492204,420,131,0.0814964,1,1,1
hk_second,33,44,1,287,0.846235,1,1051,10195,-0.20861,0.0351448,0.215868,-0.341135,0.567506,1.05,1.06743,0.836314,0.596286,0.836314,0.747193,0.627957,0.580759,420,131,0.0925772,-1,1,1
hk_second,34,44,1,58,5.63106,1,10095,5939,0.206203,-0.160028,0.0334911,0.0658207,0.284385,1.05,0.986505,0.606602,0.542985,0.606602,0.435489,0.630553,0.568254,420,131,0.106774,1,1,1
hk_second,35,44,1,68,2.76406,0,4756,6021,-0.0913134,0.027607,0.0384684,-0.180233,0.245035,1.05,1.05819,0.572215,0.472719,0.572215,0.431971,0.609605,0.546894,420,131,0.0890226,-1,1,1
hk_second,36,44,1,240,3.36429,0,9047,3892,0.183033,0.049387,-0.135832,-0.12322,0.362637,1.05,1.16017,0.550206,0.418501,0.550206,0.504335,0.415541,0.341018,420,131,0.0869811,-1,1,1
hk_second,37,44,1,229,0.987161,0,6569,5858,0.0887804,0.0686264,0.0265684,0.235537,0.178127,1.05,1.28096,0.594223,0.477648,0.596974,0.391512,0.595131,0.551179,420,131,0.109909,-1,1,1
hk_second,38,44,1,159,0.792382,1,10342,3682,0.199654,0.0344048,-0.145423,-0.120304,0.37817,1.05,1.01152,0.591472,0.43856,0.592847,0.556085,0.479597,0.40325,420,131,0.0906189,1,1,1
hk_second,39,44,1,267,3.61098,0,6716,3682,0.111472,-0.328012,-0.145423,-0.120304,0.33036,1.05,1.09306,0.418157,0.370128,0.418157,0.500586,0.554997,0.451951,420,131,0.0842124,1,1,1
hk_second,40,44,1,278,2.1996,1,4851,9841,-0.0814438,0.0211334,0.197415,0.204821,0.333921,1.05,0.841107,0.62586,0.481201,0.631362,0.455921,0.542929,0.468754,420,131,0.102013,1,1,1
hk_second,41,44,1,159,1.20182,1,10342,4229,0.199654,0.0344048,-0.124166,0.197805,0.36271,1.05,1.15014,0.460798,0.3558,0.460798,0.542798,0.375483,0.304457,420,131,0.0988302,-1,1,1
hk_second,42,44,1,315,5.91035,1,1053,9747,-0.19071,0.191168,0.197115,0.197071,0.387883,1.05,1.00238,0.771664,0.558918,0.771664,0.526667,0.575899,0.494969,420,131,0.0881689,-1,1,1
hk_second,43,44,1,22,0.572027,0,2257,6021,-0.169992,0.166122,0.0384684,-0.180233,0.404266,1.05,1.18494,0.69326,0.50619,0.69326,0.627275,0.596681,0.496297,420,131,0.104253,-1,1,1
hk_second,44,44,1,306,1.27183,1,4455,10195,-0.10778,0.0671616,0.215868,-0.341135,0.521154,1.05,0.975213,0.654745,0.505731,0.654745,0.635211,0.588586,0.549556,420,131,0.0896055,-1,1,1
hk_second,45,44,1,37,3.21407,0,1927,6021,-0.175525,-0.0662861,0.0384684,-0.180233,0.242441,1.05,1.12206,0.667125,0.53072,0.667125,0.492886,0.683572,0.621379,420,131,0.0792391,1,1,1
hk_second,46,44,1,155,0.660119,0,64,5978,-0.234504,0.0394249,0.0369835,0.0699272,0.2732,1.05,1.21004,0.427785,0.370472,0.447043,0.451015,0.490832,0.436571,420,131,0.0913735,1,1,1
hk_second,47,44,1,16,0.488702,1,6891,5858,0.116324,-0.24567,0.0265684,0.235537,0.489518,1.05,1.03218,0.584594,0.438789,0.584594,0.708372,0.469942,0.401939,420,131,0.105483,-1,1,1
hk_second,48,44,1,240,5.05855,0,9047,3892,0.183033,0.049387,-0.135832,-0.12322,0.362637,1.05,1.06194,0.541953,0.413801,0.541953,0.549139,0.421689,0.34786,420,131,0.0922094,1,1,1
hk_second,49,44,1,274,0.284487,1,9173,5939,0.185262,-0.050684,0.0334911,0.0658207,0.191508,1.05,1.20513,0.530949,0.45541,0.535076,0.363983,0.633242,0.568486,420,131,0.0853168,1,1,1
hk_second,50,44,1,329,5.64163,1,6120,4108,0.051157,0.0233612,-0.143532,-0.33996,0.412278,1.05,0.940262,0.507565,0.398326,0.508941,0.546898,0.38727,0.326706,420,131,0.0890006,-1,1,1
hk_second,51,44,1,144,1.04528,0,2236,5930,-0.158705,0.0825329,0.0368662,-0.348948,0.473918,1.05,1.03481,0.412655,0.323934,0.412655,0.677041,0.331607,0.236706,420,131,0.0918406,-1,1,1
hk_second,52,44,1,60,2.36929,1,3920,9955,-0.145715,-0.23489,0.20261,-0.11853,0.367263,1.05,1.08366,0.767538,0.571183,0.767538,0.51969,0.612185,0.563231,420,131,0.0759302,-1,1,1
hk_second,53,44,1,59,2.22116,1,4286,5930,-0.117738,0.104343,0.0368662,-0.348948,0.478937,1.05,1.11472,0.474553,0.341243,0.477304,0.693405,0.322766,0.256106,420,131,0.101289,1,1,1
hk_second,54,44,1,202,2.42474,0,144,9747,-0.232092,0.0517426,0.197115,0.197071,0.453178,1.05,1.08669,0.609353,0.456557,0.609353,0.603586,0.459418,0.379231,420,131,0.0880773,-1,1,1
hk_second,55,44,1,77,5.51169,0,287,6053,-0.226969,0.101463,0.048049,0.23877,0.307458,1.05,1.09659,0.430536,0.416667,0.452545,0.516896,0.556809,0.48535,420,131,0.0928221,-1,1,1
hk_second,56,44,1,290,0.222242,0,4930,9955,-0.082468,-0.343641,0.20261,-0.11853,0.36327,1.05,1.04889,0.916093,0.652568,0.916093,0.52696,0.772709,0.695787,420,131,0.0756017,-1,1,1
hk_second,57,44,1,311,3.87133,1,8277,4108,0.17855,0.130058,-0.143532,-0.33996,0.569966,1.05,1.05045,0.511692,0.383654,0.518569,0.769442,0.321995,0.264684,420,131,0.0871335,1,1,1
hk_second,58,44,1,104,3.00127,0,2603,6021,-0.163672,-0.0595016,0.0384684,-0.180233,0.235455,1.05,1.12611,0.656121,0.519486,0.656121,0.459547,0.685847,0.616061,420,131,0.0810091,1,1,1
hk_second,59,44,1,214,3.51969,0,4384,6021,-0.119753,-0.22311,0.0384684,-0.180233,0.164071,1.05,0.969205,0.598349,0.524071,0.61348,0.322651,0.728284,0.664534,420,131,0.0747259,1,1,1
hk_second,60,44,1,0,5.50003,0,8010,4108,0.153151,0.106094,-0.143532,-0.33996,0.53571,1.05,1.07853,0.735901,0.531408,0.751032,0.66659,0.591387,0.522812,420,131,0.0885242,-1,1,1
hk_second,61,44,1,34,0.847495,0,5499,6021,-0.020174,-0.34054,0.0384684,-0.180233,0.170889,1.05,1.09618,0.559835,0.501605,0.595598,0.367945,0.738899,0.668034,420,131,0.0789723,1,1,1
hk_second,62,44,1,170,0.0854816,0,8849,224,0.168257,0.133598,-0.22202,0.0434113,0.400803,1.05,1.06659,0.815681,0.590211,0.815681,0.57226,0.59301,0.529087,420,131,0.0904045,-1,1,1
hk_second,63,44,1,276,4.94202,1,3716,5978,-0.146962,0.0401211,0.0369835,0.0699272,0.187335,1.05,0.908863,0.469051,0.418157,0.475928,0.386179,0.540493,0.453638,420,131,0.0990851,-1,1,1
hk_second,64,44,1,64,6.07682,1,3105,10195,-0.149013,0.159067,0.215868,-0.341135,0.619219,1.05,1.11654,0.676754,0.484984,0.676754,0.75708,0.534775,0.497221,420,138,0.0929253,1,1,1
hk_second,65,44,1,295,3.82458,0,6429,4108,0.0812702,0.138203,-0.143532,-0.33996,0.528445,1.05,1.07023,0.727648,0.526937,0.727648,0.692298,0.530478,0.454893,420,138,0.0764893,-1,1,1
hk_second,66,44,1,55,0.845185,1,10391,4108,0.233146,0.168499,-0.143532,-0.33996,0.632895,1.05,1.09262,0.522696,0.366919,0.522696,0.803791,0.32421,0.266398,420,138,0.0907154,-1,1,1
hk_second,67,44,1,105,4.93454,0,6653,4229,0.10094,-0.290892,-0.124166,0.197805,0.538229,1.05,1.00654,0.568088,0.423086,0.568088,0.650672,0.363621,0.295091,420,138,0.0805756,1,1,1
hk_second,68,44,1,132,1.36911,0,6771,3682,0.109994,-0.34244,-0.145423,-0.120304,0.338651,1.05,1.038,0.829436,0.602361,0.829436,0.473252,0.753492,0.664947,420,138,0.0766238,1,1,1
hk_second,69,44,1,183,5.77595,1,4310,9747,-0.13725,-0.341614,0.197115,0.197071,0.634153,1.05,1.09642,0.764787,0.553416,0.764787,0.737593,0.590339,0.521326,420,138,0.0768802,1,1,1
hk_second,70,44,1,147,1.26717,1,7893,4108,0.149387,0.0651398,-0.143532,-0.33996,0.499927,1.05,1.00515,0.719395,0.528427,0.719395,0.673687,0.631413,0.564879,420,138,0.080419,1,1,1
hk_second,71,44,1,156,5.65631,1,3661,6053,-0.142819,0.119009,0.048049,0.23877,0.226063,1.05,1.03403,0.686382,0.525676,0.686382,0.382551,0.64421,0.573823,420,138,0.0889492,1,1,1
hk_second,72,44,1,76,2.19008,0,3124,6021,-0.146292,0.0999088,0.0384684,-0.180233,0.335695,1.05,1.02529,0.668501,0.504012,0.668501,0.582869,0.622913,0.531114,420,138,0.0920502,1,1,1
hk_second,73,44,1,321,4.21898,0,202,5930,-0.233294,0.0935402,0.0368662,-0.348948,0.518442,1.05,0.948732,0.405777,0.310523,0.405777,0.688918,0.278641,0.211059,420,138,0.0986776,1,1,1
hk_second,74,44,1,335,2.45718,0,464,10964,-0.226435,0.0147247,0.287165,0.0427685,0.514721,1.05,1.12059,0.844567,0.621389,0.844567,0.671425,0.623947,0.571427,420,138,0.0830909,-1,1,1
hk_second,75,44,1,262,3.74571,0,778,6053,-0.210507,0.0680695,0.048049,0.23877,0.310358,1.05,1.14596,0.485557,0.402224,0.496561,0.500755,0.548666,0.475214,420,138,0.101232,1,1,1
hk_second,76,44,1,93,3.82772,1,5274,10964,-0.0439816,0.168495,0.287165,0.0427685,0.354315,1.05,1.03217,0.724897,0.547226,0.724897,0.530729,0.603888,0.552572,420,138,0.0730378,-1,1,1
hk_second,77,44,1,205,1.97329,1,1025,9747,-0.191309,0.0368557,0.197115,0.197071,0.42018,1.05,1.03194,0.804677,0.586084,0.804677,0.538227,0.572514,0.495255,420,138,0.108172,1,1,1
hk_second,78,44,1,89,0.13237,0,361,9955,-0.215227,-0.020916,0.20261,-0.11853,0.429115,1.05,1.13535,0.599725,0.468478,0.6011,0.565514,0.461673,0.409989,420,138,0.0850564,-1,1,1
hk_second,79,44,1,112,5.25171,0,8840,4108,0.170301,-0.217621,-0.143532,-0.33996,0.336836,1.05,1.05981,0.550206,0.462173,0.557084,0.459167,0.704164,0.635102,420,138,0.0760842,1,1,1
hk_second,80,44,1,250,4.05346,1,2302,9955,-0.169162,0.141109,0.20261,-0.11853,0.453466,1.05,1.08805,0.701513,0.492664,0.701513,0.632095,0.475375,0.424919,420,138,0.0997249,-1,1,1
hk_second,81,44,1,113,3.37096,1,6345,5939,0.0726681,-0.029808,0.0334911,0.0658207,0.103344,1.05,0.947735,0.456671,0.435809,0.460798,0.286345,0.623491,0.565617,420,138,0.0820033,-1,1,1
hk_second,82,44,1,10,5.17523,1,6119,5930,0.0503969,-0.333708,0.0368662,-0.348948,0.0214621,1.05,0.993122,0.462173,0.457244,0.469051,0.198955,0.833715,0.81606,420,138,0.0720099,-1,1,1
hk_second,83,44,1,20,4.63325,0,9641,3682,0.190646,-0.167004,-0.145423,-0.120304,0.339426,1.05,1.10007,0.682256,0.522467,0.69326,0.507287,0.558697,0.484246,420,138,0.0775952,-1,1,1
hk_second,84,44,1,251,3.94915,0,4139,10964,-0.133931,-0.0611229,0.287165,0.0427685,0.434393,1.05,0.973762,0.598349,0.498739,0.606602,0.558079,0.559824,0.517252,420,138,0.0774147,-1,1,1
hk_second,85,44,1,122,3.1563,1,4608,10195,-0.100303,0.0401154,0.215868,-0.341135,0.495387,1.05,0.949773,0.660248,0.511921,0.660248,0.618105,0.595196,0.557481,420,138,0.0878937,1,1,1
hk_second,86,44,1,70,4.43403,1,961,10964,-0.210009,0.166574,0.287165,0.0427685,0.512646,1.05,0.994653,0.988996,0.699908,0.988996,0.657813,0.636014,0.57753,420,138,0.0823273,-1,1,1
hk_second,87,44,1,167,0.910471,0,8147,4108,0.162757,0.100016,-0.143532,-0.33996,0.53627,1.05,1.01283,0.746905,0.544475,0.746905,0.712525,0.611389,0.550397,420,138,0.0867748,-1,1,1
hk_second,88,44,1,301,3.62857,0,5144,5930,-0.0571032,-0.0350533,0.0368662,-0.348948,0.327785,1.05,1.12938,0.624484,0.480857,0.631362,0.503496,0.623451,0.571045,420,138,0.0951246,1,1,1
hk_second,89,44,1,335,1.98166,1,464,9747,-0.226435,0.0147247,0.197115,0.197071,0.461417,1.05,1.08561,0.877579,0.617721,0.877579,0.595927,0.540674,0.460984,420,138,0.0950706,-1,1,1
hk_second,90,44,1,26,5.90064,0,6899,3682,0.112572,-0.103825,-0.145423,-0.120304,0.258584,1.05,0.982262,0.480055,0.417698,0.496561,0.385969,0.503326,0.427943,420,138,0.0814521,1,1,1
hk_second,91,44,1,86,6.13184,1,3744,5978,-0.148283,0.0602264,0.0369835,0.0699272,0.187642,1.05,0.944564,0.463549,0.412425,0.463549,0.414897,0.537226,0.44749,420,138,0.0918525,-1,1,1
hk_second,92,44,1,171,5.65699,1,912,10195,-0.197198,0.105358,0.215868,-0.341135,0.608335,1.05,1.0619,0.737276,0.525447,0.737276,0.773412,0.582105,0.538172,420,138,0.0982801,-1,1,1
hk_second,93,44,1,227,5.82172,0,6895,3682,0.117938,0.229021,-0.145423,-0.120304,0.437555,1.05,1.12795,0.719395,0.540348,0.719395,0.545643,0.534449,0.465071,420,138,0.079931,1,1,1
hk_second,94,44,1,188,3.08381,0,2079,10195,-0.179393,-0.0142174,0.215868,-0.341135,0.512944,1.05,1.02838,0.742778,0.540234,0.742778,0.613382,0.634717,0.594238,420,138,0.100246,-1,1,1
hk_second,95,44,1,81,5.30464,1,10762,224,0.237948,0.178961,-0.22202,0.0434113,0.479526,1.05,0.952707,0.672627,0.518799,0.672627,0.586337,0.52258,0.459633,420,138,0.0943726,-1,1,1
hk_second,96,44,1,272,1.95044,1,7898,4108,0.147932,0.0597,-0.143532,-0.33996,0.494854,1.05,1.03181,0.737276,0.529574,0.737276,0.645821,0.617781,0.550963,420,138,0.0823666,-1,1,1
hk_second,97,44,1,9,3.71497,0,723,6053,-0.198773,0.0427933,0.048049,0.23877,0.315163,1.05,1.14862,0.660248,0.527052,0.660248,0.454458,0.543765,0.475171,420,138,0.0947146,-1,1,1
hk_second,98,44,1,154,2.04616,1,917,10964,-0.198413,0.156603,0.287165,0.0427685,0.498742,1.05,0.998317,0.982118,0.680651,0.982118,0.67332,0.651539,0.601805,420,138,0.105381,-1,1,1
hk_second,99,44,1,128,2.68947,1,4565,6021,-0.108182,-0.0946751,0.0384684,-0.180233,0.169785,1.05,1.07022,0.525447,0.445553,0.526823,0.361569,0.674182,0.610408,420,138,0.138259,-1,1,1
hk_second,100,44,1,175,3.91426,0,5584,6021,-0.00520706,0.10903,0.0384684,-0.180233,0.292543,1.05,1.05545,0.480055,0.37116,0.480055,0.443907,0.442576,0.374025,420,138,0.0972025,-1,1,1
hk_second,101,44,1,147,5.785,1,7893,5939,0.149387,0.0651398,0.0334911,0.0658207,0.11596,1.05,1.02222,0.482806,0.415062,0.482806,0.352717,0.630827,0.566663,420,138,0.0872331,-1,1,1
hk_second,102,44,1,70,2.50571,0,961,10195,-0.210009,0.166574,0.215868,-0.341135,0.66272,1.05,1.0923,0.690509,0.507107,0.690509,0.802318,0.547262,0.511443,420,138,0.0804466,-1,1,1
hk_second,103,44,1,307,1.72895,0,8510,224,0.158795,0.118376,-0.22202,0.0434113,0.388356,1.05,1.0415,0.746905,0.553416,0.746905,0.557899,0.588575,0.524652,420,138,0.0968134,-1,1,1
hk_second,104,44,1,117,5.40525,1,609,6021,-0.202491,0.0627403,0.0384684,-0.180233,0.342291,1.05,1.055,0.685007,0.532095,0.691884,0.535087,0.648188,0.584968,420,138,0.102548,1,1,1
hk_second,105,44,1,276,2.84918,0,3716,9747,-0.146962,0.0401211,0.197115,0.197071,0.378531,1.05,1.05218,0.759285,0.55227,0.759285,0.534261,0.561117,0.481802,420,138,0.0849952,-1,1,1
hk_second,106,44,1,217,4.04943,0,3432,9841,-0.146373,-0.0177174,0.197415,0.204821,0.409928,1.05,1.12935,0.708391,0.525218,0.726272,0.527489,0.553871,0.477186,420,138,0.121676,-1,1,1
hk_second,107,44,1,51,3.23549,0,7553,5905,0.138498,0.0660362,0.0300732,-0.177021,0.266294,1.05,1.03725,0.470426,0.396263,0.470426,0.428153,0.533635,0.463406,420,138,0.098207,1,1,1
hk_second,108,44,1,300,0.295614,1,1608,9747,-0.189479,0.0437775,0.197115,0.197071,0.416451,1.05,1.09288,0.861073,0.6058,0.861073,0.577414,0.536512,0.45613,420,138,0.089858,-1,1,1
hk_second,109,44,1,198,2.07714,1,4867,10195,-0.0885878,-0.36237,0.215868,-0.341135,0.305326,1.05,1.18757,0.767538,0.567629,0.767538,0.458644,0.713656,0.657677,420,138,0.0801873,-1,1,1
hk_second,110,44,1,76,4.32766,0,3124,6053,-0.146292,0.0999088,0.048049,0.23877,0.239441,1.05,0.967973,0.722146,0.544475,0.722146,0.403138,0.639823,0.565243,420,138,0.0843307,-1,1,1
hk_second,111,44,1,234,4.08864,1,5227,10195,-0.0567274,-0.364162,0.215868,-0.341135,0.273735,1.05,0.947703,0.779917,0.59216,0.779917,0.399222,0.741071,0.692965,420,138,0.0768988,1,1,1
hk_second,112,44,1,94,0.786751,1,2745,9955,-0.162147,0.097084,0.20261,-0.11853,0.423998,1.05,1.06517,0.635488,0.457703,0.635488,0.614341,0.443992,0.395036,420,138,0.0878484,1,1,1
hk_second,113,44,1,32,2.06967,0,7744,5858,0.145889,-0.00840378,0.0265684,0.235537,0.271559,1.05,1.12967,0.698762,0.54436,0.719395,0.409005,0.591877,0.539806,420,138,0.105807,-1,1,1
hk_second,114,44,1,14,1.99027,1,5570,10964,-0.00850677,-0.0638542,0.287165,0.0427685,0.314309,1.05,1.12818,0.420908,0.388469,0.423659,0.529824,0.401044,0.368263,420,138,0.0829913,-1,1,1
hk_second,115,44,1,32,3.44476,0,7744,4229,0.145889,-0.00840378,-0.124166,0.197805,0.339782,1.05,1.10272,0.656121,0.487162,0.656121,0.504037,0.440638,0.368861,420,138,0.0889683,1,1,1
hk_second,116,44,1,107,0.480641,1,5514,9955,-0.0181208,-0.350769,0.20261,-0.11853,0.320433,1.05,1.03225,0.583219,0.459995,0.583219,0.504829,0.564135,0.49844,420,138,0.0796655,1,1,1
hk_second,117,44,1,112,0.406378,0,8840,5858,0.170301,-0.217621,0.0265684,0.235537,0.475406,1.05,1.01435,0.876203,0.624599,0.876203,0.651052,0.539619,0.477197,420,138,0.0942085,-1,1,1
hk_second,118,44,1,304,2.10395,1,7146,224,0.124316,0.00430679,-0.22202,0.0434113,0.348909,1.05,1.11381,0.661623,0.489225,0.661623,0.590178,0.556086,0.492034,420,138,0.103128,-1,1,1
hk_second,119,44,1,43,5.11708,0,5356,10195,-0.0346918,-0.00691986,0.215868,-0.341135,0.417712,1.05,1.02878,0.650619,0.509743,0.650619,0.584358,0.545799,0.496193,420,138,0.0729311,1,1,1
hk_second,120,44,1,127,3.17177,1,2482,9955,-0.163255,-0.00610352,0.20261,-0.11853,0.382956,1.05,1.11399,0.576341,0.459652,0.603851,0.538946,0.457746,0.411842,420,138,0.106572,1,1,1
hk_second,121,44,1,103,6.06622,1,7750,5930,0.152426,-0.326618,0.0368662,-0.348948,0.117955,1.05,0.942031,0.616231,0.550321,0.651994,0.284973,0.939578,0.866618,420,138,0.0708362,-1,1,1
hk_second,122,44,1,285,4.98567,0,3880,10964,-0.129067,0.0450993,0.287165,0.0427685,0.416612,1.05,0.994589,0.660248,0.521664,0.660248,0.563337,0.618146,0.572403,420,138,0.0818471,-1,1,1
hk_second,123,44,1,165,0.361569,0,8843,4108,0.164474,-0.0431175,-0.143532,-0.33996,0.427844,1.05,1.04807,0.777166,0.561554,0.777166,0.586218,0.685389,0.615048,420,138,0.0824338,-1,1,1
hk_second,124,44,1,147,3.64545,1,7893,5858,0.149387,0.0651398,0.0265684,0.235537,0.210094,1.05,1.13023,0.689133,0.548258,0.689133,0.366447,0.647739,0.593768,420,138,0.0792563,-1,1,1
hk_second,125,44,1,7,4.4347,0,164,6053,-0.224703,0.0232792,0.048049,0.23877,0.347608,1.05,1.17187,0.84044,0.618294,0.84044,0.507593,0.628323,0.559687,420,138,0.0988175,1,1,1
hk_second,126,44,1,239,0.469861,0,10673,5930,0.249869,0.139086,0.0368662,-0.348948,0.532573,1.05,0.976692,0.86795,0.62586,0.86795,0.685404,0.684816,0.607456,420,138,0.0937867,-1,1,1
hk_second,127,44,1,244,3.52003,1,4636,6021,-0.118258,-0.342709,0.0384684,-0.180233,0.225749,1.05,1.04987,0.452545,0.460454,0.478679,0.396746,0.724046,0.653595,420,138,0.0855557,-1,1,1
hk_second,128,44,1,56,4.63312,0,188,6021,-0.232725,0.0888329,0.0384684,-0.180233,0.382094,1.05,1.08942,0.627235,0.516048,0.634113,0.546858,0.622834,0.559103,420,128,0.0834699,-1,1,1
hk_second,129,44,1,52,0.325287,1,9232,4116,0.17929,0.0167542,-0.129094,0.208578,0.363864,1.05,1.15968,0.806052,0.574163,0.806052,0.531648,0.573533,0.490171,420,128,0.0864753,-1,1,1
hk_second,130,44,1,211,1.44711,0,7339,4108,0.134484,0.0650234,-0.143532,-0.33996,0.491256,1.05,0.981907,0.713893,0.52774,0.715268,0.630198,0.622303,0.556603,420,128,0.0799413,-1,1,1
hk_second,131,44,1,264,2.62458,1,9884,310,0.194921,-0.138159,-0.219695,0.0452003,0.453351,1.05,1.03165,0.609353,0.478679,0.614856,0.610102,0.551554,0.491125,420,128,0.0802528,-1,1,1
hk_second,132,44,1,60,3.69622,1,3920,6053,-0.145715,-0.23489,0.048049,0.23877,0.511823,1.05,1.04563,0.719395,0.534846,0.735901,0.652545,0.452911,0.392863,420,128,0.0921461,1,1,1
hk_second,133,44,1,232,1.65949,0,778,9955,-0.210507,0.0680695,0.20261,-0.11853,0.453511,1.05,1.12953,0.707015,0.508826,0.707015,0.649025,0.444289,0.393923,420,128,0.0876355,-1,1,1
hk_second,134,44,1,227,2.17821,1,6895,4229,0.117938,0.229021,-0.124166,0.197805,0.244242,1.05,0.876617,0.460798,0.401307,0.467675,0.437176,0.534204,0.462599,420,128,0.0831757,1,1,1
hk_second,135,44,1,125,4.4809,0,454,10964,-0.216916,0.104023,0.287165,0.0427685,0.507826,1.05,1.04008,0.911967,0.654402,0.918845,0.654742,0.626487,0.576859,420,128,0.0918786,-1,1,1
hk_second,136,44,1,231,5.38493,0,6617,224,0.0951862,-0.347176,-0.22202,0.0434113,0.503562,1.05,0.980681,0.745529,0.567171,0.749656,0.619914,0.713033,0.650665,420,128,0.0772919,1,1,1
hk_second,137,44,1,211,4.95599,0,7339,4116,0.134484,0.0650234,-0.129094,0.208578,0.300182,1.05,0.940257,0.54608,0.423544,0.54608,0.461209,0.435971,0.355385,420,128,0.0867057,1,1,1
hk_second,138,44,1,84,4.04773,0,6511,3892,0.0878477,0.250835,-0.135832,-0.12322,0.435854,1.05,1.15184,0.745529,0.548258,0.745529,0.550252,0.541916,0.47165,420,128,0.0808938,-1,1,1
hk_second,139,44,1,300,2.38472,0,1608,9955,-0.189479,0.0437775,0.20261,-0.11853,0.424842,1.05,1.01433,0.618982,0.452201,0.618982,0.602779,0.453296,0.402261,420,128,0.0887562,1,1,1
hk_second,140,44,1,231,2.12481,0,6617,3682,0.0951862,-0.347176,-0.145423,-0.120304,0.331306,1.05,1.02837,0.462173,0.398785,0.469051,0.471908,0.550492,0.458194,420,128,0.0805197,-1,1,1
hk_second,141,44,1,175,1.50996,1,5584,9747,-0.00520706,0.10903,0.197115,0.197071,0.220733,1.05,1.09004,0.407153,0.321298,0.407153,0.379783,0.452489,0.381676,420,128,0.0944649,-1,1,1
hk_second,142,44,1,172,1.32115,0,9878,4116,0.195285,-0.144848,-0.129094,0.208578,0.479801,1.05,1.0206,0.713893,0.564764,0.713893,0.577148,0.527842,0.44614,420,128,0.0779468,1,1,1
hk_second,143,44,1,6,4.96111,0,1637,9747,-0.190655,0.136858,0.197115,0.197071,0.392545,1.05,1.07855,0.449794,0.339523,0.449794,0.551009,0.370388,0.294626,420,128,0.102706,-1,1,1
hk_second,144,44,1,74,5.56947,1,8920,4108,0.171358,-0.181938,-0.143532,-0.33996,0.352316,1.05,1.04094,0.778542,0.593191,0.790922,0.464305,0.746744,0.674447,420,128,0.0803535,1,1,1
hk_second,145,44,1,147,4.01542,1,7893,4229,0.149387,0.0651398,-0.124166,0.197805,0.304057,1.05,1.03961,0.574966,0.435924,0.574966,0.482317,0.437002,0.360467,420,128,0.0840812,-1,1,1
hk_second,146,44,1,79,0.118129,0,2753,6053,-0.153852,0.0429802,0.048049,0.23877,0.281242,1.05,1.07884,0.755158,0.55995,0.755158,0.453707,0.615094,0.541411,420,128,0.0927295,-1,1,1
hk_second,147,44,1,92,2.30643,1,9933,4116,0.183047,0.200186,-0.129094,0.208578,0.312254,1.05,0.922868,0.441541,0.367607,0.451169,0.500981,0.494681,0.405228,420,128,0.0890141,-1,1,1
hk_second,148,44,1,61,4.46944,1,8155,5905,0.181888,0.115295,0.0300732,-0.177021,0.330085,1.05,1.02444,0.43879,0.380789,0.43879,0.531116,0.473604,0.404675,420,128,0.0990074,1,1,1
hk_second,149,44,1,61,1.89466,0,8155,224,0.181888,0.115295,-0.22202,0.0434113,0.410814,1.05,0.995522,0.823934,0.59812,0.823934,0.560755,0.596422,0.532084,420,128,0.0934837,-1,1,1
hk_second,150,44,1,43,2.86462,1,5356,9955,-0.0346918,-0.00691986,0.20261,-0.11853,0.262259,1.05,1.0796,0.587345,0.450023,0.587345,0.454237,0.487991,0.435539,420,128,0.0776923,-1,1,1
hk_second,151,44,1,191,4.27443,0,7105,4108,0.130851,-0.212919,-0.143532,-0.33996,0.302366,1.05,1.12056,0.770289,0.602476,0.80055,0.463932,0.742896,0.671399,420,128,0.080503,1,1,1
hk_second,152,44,1,127,4.90746,1,2482,6021,-0.163255,-0.00610352,0.0384684,-0.180233,0.266636,1.05,0.978417,0.629986,0.500917,0.631362,0.4861,0.653313,0.588396,420,128,0.109713,-1,1,1
hk_second,153,44,1,200,1.0238,0,7430,310,0.142322,0.185495,-0.219695,0.0452003,0.388272,1.05,1.03338,0.463549,0.360156,0.464924,0.517805,0.392257,0.317804,420,128,0.0887346,-1,1,1
hk_second,154,44,1,96,3.09712,0,5101,10964,-0.0661154,-0.271517,0.287165,0.0427685,0.472845,1.05,1.01377,0.682256,0.558115,0.683631,0.627782,0.670389,0.639854,420,128,0.0734551,1,1,1
hk_second,155,44,1,346,2.09707,0,6883,4108,0.116212,-0.263298,-0.143532,-0.33996,0.270857,1.05,1.20513,0.807428,0.597891,0.807428,0.416575,0.766011,0.693625,420,128,0.0822629,1,1,1
hk_second,156,44,1,115,0.498519,0,3069,9955,-0.14577,-0.0782051,0.20261,-0.11853,0.350736,1.05,1.04948,0.592847,0.466071,0.599725,0.483872,0.465696,0.426386,420,128,0.0796881,-1,1,1
hk_second,157,44,1,37,1.52681,0,1927,6021,-0.175525,-0.0662861,0.0384684,-0.180233,0.242441,1.05,0.967177,0.595598,0.504127,0.596974,0.39561,0.684258,0.622236,420,128,0.0795616,-1,1,1
hk_second,158,44,1,192,3.22038,0,6935,3682,0.117278,-0.18766,-0.145423,-0.120304,0.271199,1.05,0.972483,0.576341,0.478221,0.587345,0.398822,0.581658,0.508739,420,128,0.0796687,1,1,1
hk_second,159,44,1,158,3.86517,1,4264,5978,-0.121587,0.030117,0.0369835,0.0699272,0.165527,1.05,0.999565,0.437414,0.401651,0.437414,0.350845,0.52811,0.463346,420,128,0.108114,1,1,1
hk_second,160,44,1,257,4.8651,1,5403,5930,-0.0285273,0.155144,0.0368662,-0.348948,0.508342,1.05,1.04193,0.729023,0.508368,0.729023,0.66203,0.457056,0.372316,420,128,0.0883566,1,1,1
hk_second,161,44,1,73,1.22946,0,535,10195,-0.212989,0.106691,0.215868,-0.341135,0.620054,1.05,1.04807,0.738652,0.534732,0.744154,0.74108,0.589563,0.55108,420,128,0.0919887,-1,1,1
hk_second,162,44,1,89,2.67327,1,361,6021,-0.215227,-0.020916,0.0384684,-0.180233,0.299574,1.05,1.12276,0.702888,0.541151,0.702888,0.497036,0.696855,0.628358,420,128,0.0851242,-1,1,1
hk_second,163,44,1,212,6.23591,1,1917,5930,-0.185678,-0.0457993,0.0368662,-0.348948,0.376102,1.05,1.02408,0.579092,0.432141,0.579092,0.597989,0.521577,0.439681,420,128,0.0851997,-1,1,1
hk_second,164,44,1,253,0.942256,0,3937,9955,-0.121964,0.0537186,0.20261,-0.11853,0.367463,1.05,0.899979,0.592847,0.445667,0.592847,0.579123,0.455456,0.409881,420,128,0.0894049,1,1,1
hk_second,165,44,1,268,2.39995,0,5413,10964,-0.0284109,-0.20623,0.287165,0.0427685,0.402059,1.05,1.05673,0.69326,0.546768,0.69326,0.592397,0.653385,0.622839,420,128,0.073206,1,1,1
hk_second,166,44,1,102,2.78176,1,7422,5858,0.135748,0.163858,0.0265684,0.235537,0.130689,1.05,0.738809,0.577717,0.454379,0.577717,0.340225,0.699762,0.631319,420,128,0.0843906,1,1,1
hk_second,167,44,1,167,2.11261,0,8147,5930,0.162757,0.100016,0.0368662,-0.348948,0.466487,1.05,1.12446,0.405777,0.314076,0.405777,0.629639,0.358347,0.29017,420,128,0.0986375,1,1,1
hk_second,168,44,1,202,5.88752,0,144,9841,-0.232092,0.0517426,0.197415,0.204821,0.456053,1.05,1.09619,0.716644,0.522581,0.716644,0.611413,0.50432,0.42399,420,128,0.0919234,1,1,1
hk_second,169,44,1,296,6.01369,1,4264,9955,-0.121587,0.030117,0.20261,-0.11853,0.357289,1.05,0.95834,0.594223,0.424003,0.594223,0.589935,0.445939,0.402189,420,128,0.0925958,-1,1,1
hk_second,170,44,1,240,2.55371,1,9047,5905,0.183033,0.049387,0.0300732,-0.177021,0.273436,1.05,0.950894,0.668501,0.522467,0.668501,0.465916,0.709404,0.633745,420,128,0.0961159,-1,1,1
hk_second,171,44,1,313,3.55001,0,5217,9955,-0.0556211,-0.298784,0.20261,-0.11853,0.314953,1.05,1.12233,0.878955,0.643741,0.878955,0.497818,0.74595,0.689735,420,128,0.0739043,-1,1,1
hk_second,172,44,1,93,1.61479,0,5274,9955,-0.0439816,0.168495,0.20261,-0.11853,0.378428,1.05,0.999731,0.312242,0.250688,0.312242,0.537863,0.289827,0.21568,420,128,0.0943768,-1,1,1
hk_second,173,44,1,131,3.71602,1,7877,4108,0.14865,0.0954666,-0.143532,-0.33996,0.524465,1.05,1.10215,0.713893,0.507795,0.713893,0.688176,0.596805,0.529685,420,128,0.0869698,1,1,1
hk_second,174,44,1,163,2.262,0,10457,3892,0.208192,0.0954685,-0.135832,-0.12322,0.407672,1.05,1.08545,0.592847,0.476158,0.609353,0.556979,0.474213,0.398112,420,128,0.102506,1,1,1
hk_second,175,44,1,39,3.87588,1,4259,5978,-0.133485,-0.327171,0.0369835,0.0699272,0.432216,1.05,1.06183,0.612104,0.456557,0.612104,0.588198,0.526781,0.453836,420,128,0.0836262,1,1,1
hk_second,176,44,1,321,1.14061,1,202,10964,-0.233294,0.0935402,0.287165,0.0427685,0.522929,1.05,1.09477,1.02201,0.71458,1.02201,0.70271,0.66723,0.614082,420,128,0.0815181,-1,1,1
hk_second,177,44,1,195,3.87813,0,4564,9841,-0.104622,-0.174194,0.197415,0.204821,0.48481,1.05,1.07587,0.713893,0.525905,0.713893,0.662176,0.530581,0.455125,420,128,0.0798974,-1,1,1
hk_second,178,44,1,66,5.5524,1,10754,224,0.231573,0.194092,-0.22202,0.0434113,0.477992,1.05,1.03209,0.497937,0.396149,0.497937,0.652541,0.390594,0.325229,420,128,0.0893486,-1,1,1
hk_second,179,44,1,330,4.28922,1,9588,5930,0.215705,-0.00708389,0.0368662,-0.348948,0.385907,1.05,0.938999,0.525447,0.433861,0.525447,0.534818,0.53012,0.446878,420,128,0.0891782,-1,1,1
hk_second,180,44,1,220,3.88418,0,2899,9955,-0.150585,0.177588,0.20261,-0.11853,0.461153,1.05,1.02771,0.724897,0.522696,0.724897,0.610345,0.492064,0.440726,420,128,0.0867593,-1,1,1
hk_second,181,44,1,19,4.96383,0,4470,5978,-0.109126,0.187119,0.0369835,0.0699272,0.187301,1.05,0.965833,0.379642,0.361646,0.401651,0.386049,0.560113,0.499352,420,128,0.114508,-1,1,1
hk_second,182,44,1,162,3.28151,1,5545,10964,-0.00926971,0.172331,0.287165,0.0427685,0.323581,1.05,1.02182,0.691884,0.531408,0.696011,0.504306,0.604961,0.554338,420,128,0.074317,1,1,1
hk_second,183,44,1,197,5.19702,1,6470,4229,0.0840712,0.228271,-0.124166,0.197805,0.210454,1.05,0.994994,0.364512,0.346515,0.376891,0.373181,0.547191,0.477076,420,128,0.0943453,1,1,1
hk_second,184,44,1,277,6.07827,0,2945,9841,-0.153766,0.227865,0.197415,0.204821,0.351936,1.05,0.927913,0.73315,0.555364,0.73315,0.482697,0.589974,0.50745,420,128,0.0825538,-1,1,1
hk_second,185,44,1,288,0.833496,0,7857,5939,0.150184,0.101412,0.0334911,0.0658207,0.122279,1.05,1.08278,0.436038,0.456901,0.496561,0.36834,0.623197,0.557292,420,128,0.0891415,-1,1,1
hk_second,186,44,1,205,3.60793,0,1025,6053,-0.191309,0.0368557,0.048049,0.23877,0.313148,1.05,1.19127,0.77304,0.594452,0.77304,0.454769,0.625499,0.553992,420,128,0.095979,1,1,1
hk_second,187,44,1,329,3.80797,1,6120,5939,0.051157,0.0233612,0.0334911,0.0658207,0.045988,1.05,0.995399,0.396149,0.377464,0.423659,0.259842,0.562931,0.527741,420,128,0.0834698,1,1,1
hk_second,188,44,1,173,3.00772,0,10286,5905,0.18917,0.156502,0.0300732,-0.177021,0.369526,1.05,0.980347,0.504814,0.385259,0.504814,0.530914,0.429045,0.364238,420,128,0.103307,-1,1,1
hk_second,189,44,1,185,5.73953,1,4601,9747,-0.100121,0.141691,0.197115,0.197071,0.302402,1.05,0.840406,0.632737,0.477877,0.632737,0.418512,0.517371,0.439327,420,128,0.0901167,1,1,1
hk_second,190,44,1,94,2.76881,0,2745,6053,-0.162147,0.097084,0.048049,0.23877,0.254273,1.05,1.08147,0.751032,0.550092,0.751032,0.422371,0.641346,0.570331,420,128,0.0823149,-1,1,1
hk_second,191,44,1,106,5.3844,1,8738,4116,0.187523,0.18059,-0.129094,0.208578,0.318004,1.05,0.969554,0.503439,0.379413,0.503439,0.464577,0.463205,0.379034,420,128,0.086173,-1,1,1
hk_second,192,44,1,97,0.659239,0,1810,6053,-0.179,-0.0926571,0.048049,0.23877,0.40184,1.05,1.09245,0.818432,0.589752,0.818432,0.594874,0.545085,0.47233,420,129,0.080204,1,1,1
hk_second,193,44,1,288,2.88356,1,7857,3682,0.150184,0.101412,-0.145423,-0.120304,0.369515,1.05,1.05361,0.559835,0.450481,0.559835,0.521319,0.470885,0.396425,420,129,0.0842225,-1,1,1
hk_second,194,44,1,106,0.673436,1,8738,5905,0.187523,0.18059,0.0300732,-0.177021,0.390861,1.05,1.00479,0.408528,0.389386,0.423659,0.562802,0.468462,0.366722,420,129,0.0998715,-1,1,1
hk_second,195,44,1,13,2.49948,0,10912,3682,0.260425,0.157444,-0.145423,-0.120304,0.49179,1.05,1.07768,0.731774,0.532668,0.731774,0.691284,0.529144,0.462079,420,129,0.0884968,1,1,1
hk_second,196,44,1,157,0.0546644,1,3355,10195,-0.158213,0.0336552,0.215868,-0.341135,0.529668,1.05,1.0088,0.751032,0.546424,0.751032,0.690299,0.601025,0.562378,420,129,0.0884493,1,1,1
hk_second,197,44,1,98,1.23539,1,5863,5978,0.0213184,-0.163612,0.0369835,0.0699272,0.234254,1.05,1.00077,0.504814,0.427785,0.504814,0.429508,0.528794,0.456899,420,129,0.0984079,1,1,1
hk_second,198,44,1,354,3.15136,0,2052,10964,-0.173978,0.212563,0.287165,0.0427685,0.491508,1.05,0.97001,0.958734,0.667813,0.958734,0.622123,0.626549,0.573747,420,129,0.0818685,-1,1,1
hk_second,199,44,1,208,2.78555,1,1862,10964,-0.181014,0.00871277,0.287165,0.0427685,0.469495,1.05,1.05238,0.719395,0.562357,0.719395,0.642831,0.622193,0.575467,420,129,0.0904699,-1,1,1
hk_second,200,44,1,332,5.98831,1,5941,9747,0.0328388,-0.015934,0.197115,0.197071,0.269011,1.05,1.04109,0.56121,0.437299,0.56121,0.46347,0.495097,0.428383,420,129,0.0862086,1,1,1
hk_second,201,44,1,209,3.12142,0,3854,9841,-0.147379,-0.173302,0.197415,0.204821,0.511877,1.05,1.06292,0.73315,0.523728,0.73315,0.671834,0.519297,0.444367,420,129,0.0808591,-1,1,1
hk_second,202,44,1,83,0.346146,0,10890,5930,0.254601,0.147932,0.0368662,-0.348948,0.542492,1.05,1.07558,0.863824,0.620816,0.863824,0.731469,0.665486,0.601699,420,129,0.0863248,1,1,1
hk_second,203,44,1,154,6.28274,1,917,9955,-0.198413,0.156603,0.20261,-0.11853,0.486352,1.05,1.14016,0.702888,0.537368,0.702888,0.59755,0.506178,0.454171,420,129,0.0937648,-1,1,1
hk_second,204,44,1,217,5.52384,1,3432,9841,-0.146373,-0.0177174,0.197415,0.204821,0.409928,1.05,1.11572,0.698762,0.514328,0.715268,0.523826,0.552164,0.475736,420,129,0.11669,-1,1,1
hk_second,205,44,1,57,4.49734,0,4978,6021,-0.0717449,-0.0889511,0.0384684,-0.180233,0.143113,1.05,0.992663,0.541953,0.460339,0.544704,0.357176,0.672088,0.607867,420,129,0.0842203,1,1,1
hk_second,206,44,1,2,4.70985,1,5149,6053,-0.0569572,-0.0470867,0.048049,0.23877,0.304683,1.05,0.921319,0.581843,0.451857,0.605227,0.445544,0.489353,0.421622,420,129,0.091609,1,1,1
hk_second,207,44,1,148,3.38212,0,1845,9955,-0.183352,0.0122242,0.20261,-0.11853,0.407553,1.05,1.08834,0.565337,0.459078,0.569464,0.534993,0.455018,0.410584,420,129,0.0866358,-1,1,1
hk_second,208,44,1,42,5.80694,0,9253,5905,0.183644,0.10475,0.0300732,-0.177021,0.321048,1.05,1.09161,0.431912,0.403026,0.445667,0.539836,0.501947,0.416956,420,129,0.0994646,1,1,1
hk_second,209,44,1,33,3.69613,1,5177,6021,-0.0550661,0.00213814,0.0384684,-0.180233,0.205118,1.05,0.922467,0.524072,0.443031,0.524072,0.428581,0.525483,0.455743,420,129,0.0971242,-1,1,1
hk_second,210,44,1,200,3.49411,1,7430,4116,0.142322,0.185495,-0.129094,0.208578,0.272725,1.05,0.890299,0.397524,0.376318,0.422283,0.429561,0.475284,0.386138,420,129,0.0836369,-1,1,1
hk_second,211,44,1,329,5.06203,1,6120,4229,0.051157,0.0233612,-0.124166,0.197805,0.247457,1.05,0.985118,0.541953,0.427671,0.547455,0.387589,0.520435,0.441596,420,129,0.0858197,-1,1,1
hk_second,212,44,1,91,5.92704,0,10121,5905,0.222721,0.0376015,0.0300732,-0.177021,0.288413,1.05,1.05317,0.786795,0.576685,0.786795,0.553318,0.731307,0.661017,420,129,0.0904911,-1,1,1
hk_second,213,44,1,131,5.74454,1,7877,4116,0.14865,0.0954666,-0.129094,0.208578,0.300054,1.05,1.1355,0.540578,0.417125,0.540578,0.4419,0.453514,0.373019,420,129,0.0980563,1,1,1
hk_second,214,44,1,71,4.18998,0,5804,9747,0.0182104,-0.361324,0.197115,0.197071,0.586363,1.05,1.06728,0.445667,0.325883,0.455296,0.746476,0.263757,0.195909,420,129,0.101008,-1,1,1
hk_second,215,44,1,105,6.27628,1,6653,4108,0.10094,-0.290892,-0.143532,-0.33996,0.249737,1.05,1.10041,0.806052,0.633654,0.837689,0.411395,0.770068,0.69913,420,129,0.0767522,1,1,1
hk_second,216,44,1,45,1.38173,1,10394,3892,0.233486,0.167738,-0.135832,-0.12322,0.470219,1.05,1.10598,0.650619,0.511692,0.658872,0.631928,0.511101,0.438949,420,129,0.0869318,1,1,1
hk_second,217,44,1,123,4.29078,0,526,10195,-0.206175,0.0834217,0.215868,-0.341135,0.598716,1.05,1.01683,0.726272,0.533815,0.726272,0.718292,0.622135,0.579574,420,129,0.0875162,1,1,1
hk_second,218,44,1,120,3.24555,0,6292,4229,0.0677252,0.00784302,-0.124166,0.197805,0.270153,1.05,1.1793,0.595598,0.444521,0.6011,0.437877,0.511113,0.432527,420,129,0.0853638,-1,1,1
hk_second,219,44,1,75,4.81849,1,7934,5930,0.167445,0.0708179,0.0368662,-0.348948,0.439834,1.05,1.06301,0.431912,0.352591,0.431912,0.682613,0.369352,0.306213,420,129,0.0930224,1,1,1
hk_second,220,44,1,128,0.944304,1,4565,5978,-0.108182,-0.0946751,0.0369835,0.0699272,0.219642,1.05,1.00853,0.513067,0.408184,0.528198,0.47165,0.53408,0.456988,420,129,0.105723,1,1,1
hk_second,221,44,1,196,5.67741,0,1363,9841,-0.193136,0.0180779,0.197415,0.204821,0.433295,1.05,1.15116,0.866575,0.610614,0.866575,0.57946,0.569295,0.489279,420,129,0.0887167,1,1,1
hk_second,222,44,1,120,3.76766,0,6292,310,0.0677252,0.00784302,-0.219695,0.0452003,0.289839,1.05,0.932772,0.496561,0.406121,0.504814,0.454459,0.512889,0.452198,420,129,0.090117,1,1,1
hk_second,223,44,1,192,5.29989,1,6935,5858,0.117278,-0.18766,0.0265684,0.235537,0.432809,1.05,1.00599,0.730399,0.557084,0.752407,0.607871,0.488663,0.422186,420,129,0.0963285,1,1,1
hk_second,224,44,1,106,3.72287,1,8738,5858,0.187523,0.18059,0.0265684,0.235537,0.17036,1.05,0.986129,0.62586,0.505273,0.634113,0.376276,0.719463,0.650887,420,129,0.0797597,1,1,1
hk_second,225,44,1,36,1.1627,1,4675,6053,-0.0961971,0.0408859,0.048049,0.23877,0.245127,1.05,0.942137,0.676754,0.522123,0.676754,0.406116,0.600269,0.528018,420,129,0.0908576,-1,1,1
hk_second,226,44,1,262,4.32966,0,778,10195,-0.210507,0.0680695,0.215868,-0.341135,0.591032,1.05,1.012,0.742778,0.548487,0.749656,0.696381,0.621905,0.579153,420,129,0.0909407,-1,1,1
hk_second,227,44,1,212,2.31052,0,1917,6021,-0.185678,-0.0457993,0.0384684,-0.180233,0.261384,1.05,1.1427,0.672627,0.524186,0.672627,0.462538,0.675194,0.609811,420,129,0.0873763,-1,1,1
hk_second,228,44,1,128,1.06839,1,4565,10964,-0.108182,-0.0946751,0.287165,0.0427685,0.418648,1.05,1.17273,0.548831,0.43707,0.566712,0.596331,0.507133,0.469601,420,129,0.0801763,-1,1,1
hk_second,229,44,1,347,2.93943,0,505,10964,-0.220543,0.104492,0.287165,0.0427685,0.511658,1.05,0.983253,0.872077,0.63354,0.872077,0.63855,0.617096,0.56553,420,129,0.0987471,-1,1,1
hk_second,230,44,1,258,5.2464,1,8871,5858,0.168806,-0.0773411,0.0265684,0.235537,0.343769,1.05,1.13963,0.715268,0.538858,0.715268,0.538779,0.528386,0.460305,420,129,0.0984016,-1,1,1
hk_second,231,44,1,17,3.52752,0,5499,10964,-0.020174,-0.34054,0.287165,0.0427685,0.491307,1.05,1.04276,0.826685,0.63182,0.832187,0.620865,0.764277,0.734392,420,129,0.0736908,-1,1,1
hk_second,232,44,1,111,5.42293,0,2251,5978,-0.172057,0.119741,0.0369835,0.0699272,0.216319,1.05,1.07384,0.451169,0.380903,0.452545,0.444132,0.50245,0.436134,420,129,0.103059,1,1,1
hk_second,233,44,1,281,0.600741,1,5959,6053,0.0326958,-0.18923,0.048049,0.23877,0.428351,1.05,1.00824,0.544704,0.409789,0.544704,0.608218,0.38447,0.312173,420,129,0.0948784,1,1,1
hk_second,234,44,1,26,4.68173,1,6899,5939,0.112572,-0.103825,0.0334911,0.0658207,0.187189,1.05,1.21741,0.635488,0.519143,0.635488,0.409633,0.626539,0.556992,420,129,0.0960075,-1,1,1
hk_second,235,44,1,141,1.57428,0,5312,10195,-0.0404406,-0.108433,0.215868,-0.341135,0.346186,1.05,1.01948,0.678129,0.543787,0.689133,0.497921,0.609619,0.569986,420,129,0.0721881,-1,1,1
hk_second,236,44,1,93,5.36498,0,5274,5978,-0.0439816,0.168495,0.0369835,0.0699272,0.127847,1.05,1.16877,0.4663,0.388698,0.4663,0.300358,0.572231,0.498016,420,129,0.0781013,-1,1,1
hk_second,237,44,1,313,5.30618,0,5217,9955,-0.0556211,-0.298784,0.20261,-0.11853,0.314953,1.05,0.935663,0.815681,0.6011,0.815681,0.490733,0.746189,0.694563,420,129,0.104517,1,1,1
hk_second,238,44,1,287,2.05255,1,1051,10964,-0.20861,0.0351448,0.287165,0.0427685,0.496556,1.05,1.12367,0.845942,0.616116,0.845942,0.651476,0.602106,0.556689,420,129,0.0922238,-1,1,1
hk_second,239,44,1,150,1.20278,1,7371,5939,0.13379,0.0698147,0.0334911,0.0658207,0.100397,1.05,0.971931,0.447043,0.407382,0.467675,0.310221,0.633147,0.567144,420,129,0.0826116,-1,1,1
hk_second,240,44,1,139,5.33355,0,2677,6021,-0.163133,0.104197,0.0384684,-0.180233,0.348831,1.05,1.0885,0.689133,0.517309,0.689133,0.595076,0.629747,0.539904,420,129,0.0885559,-1,1,1
hk_second,241,44,1,299,4.84378,0,5677,10964,0.00583744,0.232452,0.287165,0.0427685,0.339301,1.05,1.05357,0.795048,0.588721,0.795048,0.507145,0.675652,0.616687,420,129,0.0750017,-1,1,1
hk_second,242,44,1,219,1.58197,0,6988,310,0.12088,-0.0896454,-0.219695,0.0452003,0.366417,1.05,1.03654,0.572215,0.458161,0.574966,0.57017,0.518095,0.456595,420,129,0.0773501,-1,1,1
hk_second,243,44,1,251,5.35486,1,4139,9747,-0.133931,-0.0611229,0.197115,0.197071,0.420358,1.05,1.00717,0.683631,0.519716,0.683631,0.547843,0.480376,0.407885,420,129,0.0857815,-1,1,1
hk_second,244,44,1,49,4.16155,1,7102,3892,0.12375,0.0460739,-0.135832,-0.12322,0.310665,1.05,1.24473,0.519945,0.402224,0.519945,0.444109,0.406845,0.336364,420,129,0.0880093,-1,1,1
hk_second,245,44,1,328,2.66568,1,145,6021,-0.231773,0.0564556,0.0384684,-0.180233,0.359239,1.05,1.07031,0.709766,0.533585,0.72077,0.594291,0.665728,0.59319,420,129,0.0875513,1,1,1
hk_second,246,44,1,129,0.98322,0,7775,5858,0.147208,0.109085,0.0265684,0.235537,0.174768,1.05,1.21522,0.616231,0.489684,0.618982,0.330639,0.66004,0.600993,420,129,0.0904524,1,1,1
hk_second,247,44,1,34,1.19679,1,5499,5978,-0.020174,-0.34054,0.0369835,0.0699272,0.414428,1.05,1.07795,0.491059,0.393512,0.495186,0.584105,0.480154,0.410059,420,129,0.096146,-1,1,1
hk_second,248,44,1,83,3.34992,1,10890,310,0.254601,0.147932,-0.219695,0.0452003,0.485384,1.05,1.08805,0.52132,0.416667,0.52132,0.708439,0.449394,0.384202,420,129,0.104074,-1,1,1
hk_second,249,44,1,78,6.01615,1,324,10964,-0.224505,0.0513477,0.287165,0.0427685,0.511992,1.05,1.0764,0.844567,0.609468,0.844567,0.657213,0.618851,0.568986,420,129,0.0988512,1,1,1
hk_second,250,44,1,301,5.60221,1,5144,6021,-0.0571032,-0.0350533,0.0384684,-0.180233,0.173816,1.05,0.88081,0.587345,0.480284,0.587345,0.410755,0.628533,0.54231,420,129,0.0824859,-1,1,1
hk_second,251,44,1,321,3.48776,0,202,5978,-0.233294,0.0935402,0.0369835,0.0699272,0.271307,1.05,1.25536,0.448418,0.407153,0.469051,0.499269,0.511599,0.445322,420,129,0.092966,-1,1,1
hk_second,252,44,1,263,0.011221,0,10637,3682,0.24009,0.1061,-0.145423,-0.120304,0.447079,1.05,1.09678,0.627235,0.476616,0.627235,0.585896,0.494949,0.423632,420,129,0.0901586,-1,1,1
hk_second,253,44,1,288,5.4423,0,7857,3682,0.150184,0.101412,-0.145423,-0.120304,0.369515,1.05,1.12396,0.628611,0.449794,0.628611,0.597368,0.465578,0.391088,420,129,0.0870169,-1,1,1
hk_second,254,44,1,120,5.70168,1,6292,4116,0.0677252,0.00784302,-0.129094,0.208578,0.281261,1.05,1.22748,0.602476,0.447616,0.602476,0.451857,0.51188,0.430863,420,129,0.0909666,-1,1,1
hk_second,255,44,1,42,0.606497,0,9253,3892,0.183644,0.10475,-0.135832,-0.12322,0.392509,1.05,1.09375,0.581843,0.441311,0.581843,0.543859,0.470373,0.396928,420,129,0.0907746,-1,1,1
hk_second,256,44,1,108,0.512446,0,7225,5939,0.122822,0.10763,0.0334911,0.0658207,0.0989587,1.05,0.844189,0.45392,0.44475,0.471802,0.300154,0.625289,0.558975,420,125,0.0846282,1,1,1
hk_second,257,44,1,90,5.31746,0,6647,4108,0.0966511,0.209816,-0.143532,-0.33996,0.599951,1.05,1.09467,0.744154,0.524301,0.744154,0.758408,0.487778,0.420881,420,125,0.0794253,1,1,1
hk_second,258,44,1,349,4.99576,1,3277,6021,-0.154407,-0.0541534,0.0384684,-0.180233,0.230645,1.05,1.10608,0.643741,0.514214,0.643741,0.453466,0.682036,0.61087,420,125,0.0827911,-1,1,1
hk_second,259,44,1,44,4.09092,1,5645,9841,-0.00166035,-0.144115,0.197415,0.204821,0.401731,1.05,1.04132,0.518569,0.388125,0.518569,0.56539,0.376611,0.30478,420,125,0.0939159,1,1,1
hk_second,260,44,1,190,0.270169,1,5189,9955,-0.0536966,0.132971,0.20261,-0.11853,0.359119,1.05,1.04193,0.286107,0.244039,0.290234,0.504489,0.281682,0.208484,420,125,0.10486,-1,1,1
hk_second,261,44,1,111,5.07543,0,2251,9747,-0.172057,0.119741,0.197115,0.197071,0.377813,1.05,1.0466,0.866575,0.609353,0.866575,0.535991,0.562997,0.484776,420,125,0.0883604,-1,1,1
hk_second,262,44,1,337,0.41722,1,3682,10195,-0.145423,-0.120304,0.215868,-0.341135,0.423545,1.05,1.01906,0.866575,0.621389,0.866575,0.61751,0.662475,0.61896,420,125,0.0799858,-1,1,1
hk_second,263,44,1,355,2.88488,0,1726,9747,-0.178373,0.123741,0.197115,0.197071,0.382582,1.05,1.01204,0.661623,0.489684,0.661623,0.5453,0.52672,0.446195,420,125,0.104634,1,1,1
hk_second,264,44,1,237,5.67319,0,9929,4108,0.238985,0.123638,-0.143532,-0.33996,0.601292,1.05,1.00238,0.767538,0.555823,0.785419,0.710654,0.619325,0.559032,420,125,0.0974037,-1,1,1
hk_second,265,44,1,161,1.08181,0,2296,6021,-0.169759,0.173975,0.0384684,-0.180233,0.410887,1.05,1.13212,0.518569,0.396722,0.518569,0.623193,0.462329,0.355541,420,125,0.100123,-1,1,1
hk_second,266,44,1,105,2.24286,0,6653,5930,0.10094,-0.290892,0.0368662,-0.348948,0.0875764,1.05,1.4088,0.61348,0.531293,0.61348,0.299519,0.869394,0.822139,420,125,0.0709796,1,1,1
hk_second,267,44,1,194,0.0606982,1,2925,9841,-0.14276,0.0369511,0.197415,0.204821,0.379448,1.05,1.19389,0.810179,0.569349,0.810179,0.570284,0.55173,0.473873,420,125,0.0951099,1,1,1
hk_second,268,44,1,269,2.64663,1,4914,10964,-0.0775452,0.0713692,0.287165,0.0427685,0.36583,1.05,1.13817,0.6011,0.458047,0.6011,0.540397,0.570834,0.524172,420,125,0.0817573,1,1,1
hk_second,269,44,1,256,0.534107,1,10399,5930,0.193072,0.136457,0.0368662,-0.348948,0.50992,1.05,1.01594,0.4663,0.355227,0.4663,0.681298,0.318496,0.243942,420,125,0.1131,-1,1,1
hk_second,270,44,1,323,3.74859,0,9776,3892,0.192269,-0.12063,-0.135832,-0.12322,0.328141,1.05,1.15095,0.577717,0.485672,0.580468,0.434353,0.513478,0.434785,420,125,0.0790248,-1,1,1
hk_second,271,44,1,271,5.49177,0,9670,3682,0.225389,0.107691,-0.145423,-0.120304,0.435302,1.05,1.08318,0.627235,0.470197,0.627235,0.583277,0.475049,0.404019,420,125,0.0946183,1,1,1
hk_second,272,44,1,303,3.07447,1,9405,4108,0.189878,-0.0124245,-0.143532,-0.33996,0.467525,1.05,0.957953,0.848693,0.605342,0.854195,0.647666,0.671832,0.608279,420,125,0.0824564,1,1,1
hk_second,273,44,1,149,2.1438,0,2641,6053,-0.165371,0.19384,0.048049,0.23877,0.218751,1.05,0.961731,0.730399,0.526364,0.730399,0.440959,0.651294,0.583273,420,125,0.0832615,1,1,1
hk_second,274,44,1,192,0.62214,0,6935,4108,0.117278,-0.18766,-0.143532,-0.33996,0.302022,1.05,0.936442,0.891334,0.645575,0.891334,0.483683,0.741369,0.669528,420,125,0.079615,-1,1,1
hk_second,275,44,1,353,4.8954,0,8151,4116,0.15035,0.0531063,-0.129094,0.208578,0.319921,1.05,1.01608,0.580468,0.433287,0.580468,0.504012,0.433496,0.351823,420,125,0.0899983,1,1,1
hk_second,276,44,1,197,4.56407,1,6470,5858,0.0840712,0.228271,0.0265684,0.235537,0.0579599,1.05,1.02151,0.422283,0.388469,0.422283,0.235323,0.678746,0.649142,420,125,0.0717411,1,1,1
hk_second,277,44,1,212,2.30948,0,1917,10964,-0.185678,-0.0457993,0.287165,0.0427685,0.481095,1.05,1.06978,0.634113,0.499427,0.65337,0.608521,0.57916,0.536383,420,125,0.0981669,1,1,1
hk_second,278,44,1,143,1.16466,1,4100,9955,-0.139844,-0.164345,0.20261,-0.11853,0.345601,1.05,1.07048,0.68088,0.51066,0.68088,0.573531,0.525573,0.481243,420,125,0.076353,1,1,1
hk_second,279,44,1,69,5.08407,1,6992,3892,0.132932,-0.357224,-0.135832,-0.12322,0.356386,1.05,1.09299,0.342503,0.341243,0.394773,0.528198,0.519866,0.440352,420,125,0.0932262,-1,1,1
hk_second,280,44,1,316,2.44867,0,1300,6053,-0.190201,0.133934,0.048049,0.23877,0.260295,1.05,1.02892,0.577717,0.470426,0.577717,0.470051,0.619282,0.546891,420,125,0.116086,1,1,1
hk_second,281,44,1,347,4.33608,0,505,9747,-0.220543,0.104492,0.197115,0.197071,0.427956,1.05,1.06603,0.938102,0.65956,0.938102,0.603017,0.56972,0.491798,420,125,0.0914245,-1,1,1
hk_second,282,44,1,157,2.94954,0,3355,5978,-0.158213,0.0336552,0.0369835,0.0699272,0.199708,1.05,0.95419,0.42641,0.386061,0.427785,0.446909,0.517205,0.449887,420,125,0.0940878,1,1,1
hk_second,283,44,1,261,0.615836,0,9649,4116,0.219873,0.164474,-0.129094,0.208578,0.351855,1.05,0.986389,0.463549,0.374599,0.463549,0.527559,0.463692,0.381291,420,125,0.0965246,-1,1,1
hk_second,284,44,1,125,3.84822,1,454,9747,-0.216916,0.104023,0.197115,0.197071,0.42437,1.05,1.08488,0.577717,0.428473,0.577717,0.61132,0.516135,0.438495,420,125,0.104747,-1,1,1
hk_second,285,44,1,312,0.806506,0,2296,9955,-0.169759,0.173975,0.20261,-0.11853,0.473518,1.05,1.04664,0.726272,0.525562,0.734525,0.639569,0.495278,0.441801,420,125,0.101855,-1,1,1
hk_second,286,44,1,133,0.144826,0,4070,5978,-0.126747,-0.0340939,0.0369835,0.0699272,0.194597,1.05,1.04797,0.5337,0.458391,0.541953,0.406081,0.526263,0.458996,420,125,0.0834955,1,1,1
hk_second,287,44,1,143,2.59809,0,4100,10964,-0.139844,-0.164345,0.287165,0.0427685,0.474756,1.05,1.00359,0.596974,0.511119,0.609353,0.633434,0.51842,0.481375,420,125,0.0817368,1,1,1
hk_second,288,44,1,248,4.86225,1,7771,4116,0.148771,0.0966034,-0.129094,0.208578,0.29958,1.05,1.15026,0.686382,0.526249,0.686382,0.411655,0.577448,0.494856,420,125,0.0899137,1,1,1
hk_second,289,44,1,65,5.22709,1,8697,4116,0.21066,0.0522957,-0.129094,0.208578,0.374288,1.05,1.09442,0.844567,0.604539,0.844567,0.522173,0.588505,0.503366,420,125,0.0824948,-1,1,1
hk_second,290,44,1,214,5.40104,0,4384,9955,-0.119753,-0.22311,0.20261,-0.11853,0.338918,1.05,1.01871,0.726272,0.542985,0.726272,0.556521,0.601649,0.557953,420,125,0.0794088,-1,1,1
hk_second,291,44,1,35,1.50075,1,1295,6021,-0.18936,0.032856,0.0384684,-0.180233,0.31195,1.05,1.0178,0.635488,0.526249,0.645117,0.469662,0.665781,0.599497,420,125,0.0931352,-1,1,1
hk_second,292,44,1,316,0.991932,1,1300,6021,-0.190201,0.133934,0.0384684,-0.180233,0.38866,1.05,1.06046,0.634113,0.516277,0.647868,0.511395,0.605402,0.543808,420,125,0.113367,-1,1,1
hk_second,293,44,1,159,0.26852,0,10342,4116,0.199654,0.0344048,-0.129094,0.208578,0.372037,1.05,1.0355,0.614856,0.465956,0.621733,0.493702,0.46814,0.389973,420,125,0.0925894,1,1,1
hk_second,294,44,1,290,1.94131,1,4930,5978,-0.082468,-0.343641,0.0369835,0.0699272,0.430474,1.05,1.08586,0.420908,0.359583,0.422283,0.573458,0.503391,0.422904,420,125,0.0970399,1,1,1
hk_second,295,44,1,179,1.60868,0,10456,4229,0.234799,-0.0109615,-0.124166,0.197805,0.415258,1.05,0.96789,0.504814,0.391678,0.504814,0.557249,0.378315,0.306034,420,125,0.0886105,1,1,1
hk_second,296,44,1,336,2.39733,1,2980,10964,-0.13974,0.0195541,0.287165,0.0427685,0.427622,1.05,1.16142,0.727648,0.535993,0.727648,0.619922,0.582623,0.540552,420,125,0.0901386,-1,1,1
hk_second,297,44,1,216,1.55731,1,4376,9747,-0.113602,0.0556068,0.197115,0.197071,0.34212,1.05,1.20333,0.621733,0.459422,0.62586,0.489058,0.425487,0.353324,420,125,0.0939518,-1,1,1
hk_second,298,44,1,193,0.484757,0,8574,5930,0.169613,0.198015,0.0368662,-0.348948,0.562921,1.05,0.955761,0.411279,0.339409,0.411279,0.707137,0.310428,0.249064,420,125,0.0916983,-1,1,1
hk_second,299,44,1,183,2.84111,1,4310,5978,-0.13725,-0.341614,0.0369835,0.0699272,0.447191,1.05,1.1177,0.595598,0.447616,0.595598,0.579838,0.526811,0.449308,420,125,0.0859313,-1,1,1
hk_second,300,44,1,18,5.20204,1,3981,5978,-0.13959,-0.0293598,0.0369835,0.0699272,0.203845,1.05,1.20666,0.574966,0.468936,0.574966,0.407916,0.524392,0.455211,420,125,0.0904627,-1,1,1
hk_second,301,44,1,293,4.07237,1,2257,9955,-0.169992,0.166122,0.20261,-0.11853,0.468947,1.05,1.05562,0.731774,0.531408,0.740027,0.628134,0.491015,0.438708,420,125,0.0901393,-1,1,1
hk_second,302,44,1,170,3.03451,1,8849,5930,0.168257,0.133598,0.0368662,-0.348948,0.500308,1.05,1.06676,0.447043,0.352476,0.447043,0.644711,0.313751,0.240572,420,125,0.114953,-1,1,1
hk_second,303,44,1,169,6.16795,1,7697,4108,0.150768,-0.192585,-0.143532,-0.33996,0.329283,1.05,1.04608,0.859697,0.65635,0.885832,0.484099,0.741327,0.668964,420,125,0.0793853,-1,1,1
hk_second,304,44,1,49,0.936357,0,7102,224,0.12375,0.0460739,-0.22202,0.0434113,0.34676,1.05,1.08701,0.660248,0.490486,0.660248,0.53046,0.560238,0.496984,420,125,0.0832888,1,1,1
hk_second,305,44,1,250,1.68617,1,2302,6021,-0.169162,0.141109,0.0384684,-0.180233,0.382627,1.05,1.14572,0.696011,0.508597,0.696011,0.625652,0.606805,0.507211,420,125,0.106516,1,1,1
hk_second,306,44,1,45,2.3029,0,10394,3892,0.233486,0.167738,-0.135832,-0.12322,0.470219,1.05,1.05878,0.686382,0.508368,0.696011,0.652361,0.510434,0.435034,420,125,0.0877131,1,1,1
hk_second,307,44,1,109,2.5635,1,3851,9841,-0.1422,0.0966148,0.197415,0.204821,0.357695,1.05,1.05291,0.810179,0.573132,0.810179,0.512834,0.575165,0.49411,420,125,0.0878756,-1,1,1
hk_second,308,44,1,262,0.912725,1,778,5930,-0.210507,0.0680695,0.0368662,-0.348948,0.48521,1.05,1.0831,0.511692,0.380674,0.511692,0.70048,0.36776,0.296989,420,125,0.0929955,-1,1,1
hk_second,309,44,1,54,4.98268,1,9937,5939,0.186988,0.221008,0.0334911,0.0658207,0.218433,1.05,1.0397,0.420908,0.431339,0.471802,0.385806,0.620946,0.556277,420,125,0.104992,1,1,1
hk_second,310,44,1,5,3.1604,0,10596,5930,0.232658,0.165411,0.0368662,-0.348948,0.550363,1.05,1.12364,0.784044,0.560752,0.784044,0.731388,0.604956,0.546183,420,125,0.0940593,-1,1,1
hk_second,311,44,1,306,3.98052,0,4455,9841,-0.10778,0.0671616,0.197415,0.204821,0.33551,1.05,1.11539,0.620358,0.4616,0.627235,0.478735,0.433756,0.36201,420,125,0.0934495,1,1,1
hk_second,312,44,1,237,2.36091,1,9929,310,0.238985,0.123638,-0.219695,0.0452003,0.465411,1.05,0.998457,0.929849,0.657267,0.929849,0.625099,0.632205,0.569621,420,125,0.0911661,1,1,1
hk_second,313,44,1,87,0.235829,0,10428,4108,0.213781,0.0406761,-0.143532,-0.33996,0.52207,1.05,1.01841,0.889959,0.618524,0.889959,0.732962,0.674964,0.608788,420,125,0.0873518,-1,1,1
hk_second,314,44,1,50,1.37038,1,1982,10195,-0.184628,-0.06003,0.215868,-0.341135,0.489397,1.05,0.998661,0.833562,0.601444,0.843191,0.60339,0.659092,0.620185,420,125,0.0814327,-1,1,1
hk_second,315,44,1,259,0.876576,0,2752,5930,-0.165661,-0.0726624,0.0368662,-0.348948,0.342565,1.05,0.982863,0.927098,0.669188,0.927098,0.530558,0.758957,0.686249,420,125,0.078475,-1,1,1
hk_second,316,44,1,54,1.78142,0,9937,5930,0.186988,0.221008,0.0368662,-0.348948,0.589395,1.05,0.983953,0.400275,0.313732,0.408528,0.769836,0.274964,0.207843,420,125,0.106979,-1,1,1
hk_second,317,44,1,232,4.33379,0,778,9955,-0.210507,0.0680695,0.20261,-0.11853,0.453511,1.05,1.02218,0.667125,0.476502,0.667125,0.630495,0.448386,0.397973,420,125,0.0940282,-1,1,1
hk_second,318,44,1,173,0.427431,1,10286,310,0.18917,0.156502,-0.219695,0.0452003,0.423846,1.05,1.0012,0.430536,0.329551,0.430536,0.573681,0.358055,0.294468,420,125,0.104837,-1,1,1
hk_second,319,44,1,306,5.73713,1,4455,10195,-0.10778,0.0671616,0.215868,-0.341135,0.521154,1.05,1.02694,0.70564,0.499083,0.70564,0.68725,0.581347,0.542445,420,125,0.0878793,-1,1,1
hk_second,320,44,1,193,1.87621,0,8574,224,0.169613,0.198015,-0.22202,0.0434113,0.421151,1.05,1.01005,0.859697,0.611187,0.859697,0.571712,0.602876,0.539532,420,132,0.0830852,1,1,1
hk_second,321,44,1,54,2.41522,0,9937,5930,0.186988,0.221008,0.0368662,-0.348948,0.589395,1.05,0.94357,0.389271,0.301353,0.389271,0.745576,0.287801,0.208132,420,132,0.10849,-1,1,1
hk_second,322,44,1,153,1.46415,1,3537,6053,-0.14661,-0.112272,0.048049,0.23877,0.401405,1.05,1.04839,0.724897,0.539661,0.724897,0.613634,0.456405,0.402767,420,132,0.0880054,-1,1,1
hk_second,323,44,1,86,5.76419,0,3744,9955,-0.148283,0.0602264,0.20261,-0.11853,0.394509,1.05,1.06548,0.583219,0.468822,0.603851,0.523277,0.448181,0.399438,420,132,0.0861787,1,1,1
hk_second,324,44,1,125,0.266626,1,454,9841,-0.216916,0.104023,0.197415,0.204821,0.426461,1.05,1.09508,0.595598,0.443375,0.595598,0.617222,0.529085,0.450988,420,132,0.135662,1,1,1
hk_second,325,44,1,129,1.52542,0,7775,5930,0.147208,0.109085,0.0368662,-0.348948,0.471136,1.05,1.09629,0.727648,0.534846,0.727648,0.616134,0.581719,0.530496,420,132,0.109118,1,1,1
hk_second,326,44,1,273,5.53918,1,108,9747,-0.227746,-0.000780106,0.197115,0.197071,0.468682,1.05,1.13619,0.894085,0.622536,0.894085,0.631428,0.54505,0.467145,420,132,0.0854154,-1,1,1
hk_second,327,44,1,200,2.79859,1,7430,5930,0.142322,0.185495,0.0368662,-0.348948,0.544913,1.05,1.11039,0.660248,0.472719,0.660248,0.718287,0.478549,0.399039,420,132,0.0996026,1,1,1
hk_second,328,44,1,0,2.38798,1,8010,224,0.153151,0.106094,-0.22202,0.0434113,0.380371,1.05,1.04422,0.735901,0.543902,0.735901,0.543699,0.583614,0.518194,420,132,0.0881876,1,1,1
hk_second,329,44,1,239,3.38872,1,10673,4108,0.249869,0.139086,-0.143532,-0.33996,0.619949,1.05,0.994996,0.529574,0.391793,0.540578,0.774112,0.34851,0.286033,420,132,0.090475,-1,1,1
hk_second,330,44,1,81,4.97559,1,10762,4229,0.237948,0.178961,-0.124166,0.197805,0.362604,1.05,0.976491,0.419532,0.388239,0.422283,0.49122,0.489833,0.419811,420,132,0.103144,-1,1,1
hk_second,331,44,1,337,5.56429,1,3682,10195,-0.145423,-0.120304,0.215868,-0.341135,0.423545,1.05,1.06157,0.810179,0.583333,0.810179,0.564343,0.664961,0.623025,420,132,0.0812076,-1,1,1
hk_second,332,44,1,241,4.74455,1,3662,10195,-0.152966,-0.152401,0.215868,-0.341135,0.41443,1.05,1.08509,0.778542,0.58448,0.789546,0.52634,0.686654,0.643245,420,132,0.082353,1,1,1
hk_second,333,44,1,30,2.60129,0,1138,6053,-0.201284,0.208988,0.048049,0.23877,0.251362,1.05,1.10953,0.554333,0.47077,0.574966,0.419173,0.633964,0.565448,420,132,0.0800424,-1,1,1
hk_second,334,44,1,181,6.26548,0,5016,6053,-0.0794516,-0.346184,0.048049,0.23877,0.598764,1.05,1.09146,0.557084,0.407038,0.557084,0.784473,0.367502,0.290744,420,132,0.0997695,-1,1,1
hk_second,335,44,1,137,2.90252,0,3987,9955,-0.134011,0.139685,0.20261,-0.11853,0.424507,1.05,1.04601,0.685007,0.501719,0.685007,0.553648,0.44922,0.388458,420,132,0.0938422,-1,1,1
hk_second,336,44,1,172,2.98008,1,9878,310,0.195285,-0.144848,-0.219695,0.0452003,0.456428,1.05,0.984493,0.609353,0.477189,0.614856,0.612914,0.555191,0.493082,420,132,0.0850158,1,1,1
hk_second,337,44,1,44,0.947154,0,5645,10195,-0.00166035,-0.144115,0.215868,-0.341135,0.293645,1.05,1.08108,0.607978,0.511004,0.614856,0.48336,0.639894,0.603451,420,132,0.0716754,1,1,1
hk_second,338,44,1,256,2.31265,0,10399,4108,0.193072,0.136457,-0.143532,-0.33996,0.583332,1.05,1.04384,0.762036,0.53519,0.762036,0.756596,0.591881,0.531223,420,132,0.098652,1,1,1
hk_second,339,44,1,302,5.26892,0,7722,3682,0.144189,0.158182,-0.145423,-0.120304,0.401783,1.05,1.04576,0.592847,0.458505,0.6011,0.535777,0.495335,0.424525,420,132,0.0853,1,1,1
hk_second,340,44,1,255,1.40492,0,5114,5978,-0.0671492,-0.347904,0.0369835,0.0699272,0.430612,1.05,1.07215,0.485557,0.387208,0.485557,0.611181,0.501633,0.429141,420,132,0.0976997,1,1,1
hk_second,341,44,1,306,3.12181,0,4455,5930,-0.10778,0.0671616,0.0368662,-0.348948,0.441069,1.05,0.957257,0.796424,0.573934,0.796424,0.612693,0.649873,0.57175,420,132,0.0919785,-1,1,1
hk_second,342,44,1,108,2.83537,0,7225,5905,0.122822,0.10763,0.0300732,-0.177021,0.29938,1.05,0.952804,0.731774,0.555135,0.741403,0.519534,0.654198,0.577354,420,132,0.100052,-1,1,1
hk_second,343,44,1,51,0.942912,0,7553,224,0.138498,0.0660362,-0.22202,0.0434113,0.361338,1.05,1.09436,0.69326,0.510202,0.69326,0.551848,0.572826,0.509099,420,132,0.0871408,1,1,1
hk_second,344,44,1,156,4.1344,1,3661,5978,-0.142819,0.119009,0.0369835,0.0699272,0.187266,1.05,1.01491,0.441541,0.405548,0.459422,0.428717,0.523681,0.447193,420,132,0.0960998,1,1,1
hk_second,345,44,1,146,5.41617,1,4274,6053,-0.128312,-0.23443,0.048049,0.23877,0.50504,1.05,1.05675,0.742778,0.526249,0.742778,0.691017,0.439352,0.371714,420,132,0.0964509,-1,1,1
hk_second,346,44,1,355,5.80467,1,1726,10195,-0.178373,0.123741,0.215868,-0.341135,0.609576,1.05,1.05907,0.68088,0.499656,0.68088,0.721799,0.565517,0.526453,420,132,0.104759,-1,1,1
hk_second,347,44,1,223,4.79168,0,3557,5930,-0.135834,0.0712223,0.0368662,-0.348948,0.454716,1.05,1.02131,0.839065,0.598808,0.839065,0.605036,0.678029,0.593245,420,132,0.0884323,1,1,1
hk_second,348,44,1,28,4.7863,0,10375,224,0.234842,0.100029,-0.22202,0.0434113,0.460399,1.05,1.01364,0.917469,0.652109,0.917469,0.593316,0.620235,0.555697,420,132,0.101888,1,1,1
hk_second,349,44,1,106,2.72986,1,8738,5930,0.187523,0.18059,0.0368662,-0.348948,0.550639,1.05,1.10244,0.737276,0.527625,0.737276,0.72041,0.550424,0.488555,420,132,0.107211,-1,1,1
hk_second,350,44,1,142,3.97826,1,1398,6021,-0.198367,0.168041,0.0384684,-0.180233,0.421258,1.05,1.17697,0.698762,0.510087,0.698762,0.63148,0.596056,0.496855,420,132,0.108079,1,1,1
hk_second,351,44,1,354,1.74804,0,2052,10964,-0.173978,0.212563,0.287165,0.0427685,0.491508,1.05,1.02662,0.998624,0.689707,0.998624,0.626869,0.613045,0.559308,420,132,0.0795331,-1,1,1
hk_second,352,44,1,24,1.51913,1,2921,10195,-0.170677,-0.296522,0.215868,-0.341135,0.38923,1.05,1.11453,0.540578,0.44945,0.540578,0.509455,0.678468,0.621998,420,132,0.0753617,1,1,1
hk_second,353,44,1,143,2.76435,0,4100,10964,-0.139844,-0.164345,0.287165,0.0427685,0.474756,1.05,0.996056,0.598349,0.512838,0.606602,0.625691,0.517983,0.481023,420,132,0.0802997,1,1,1
hk_second,354,44,1,296,5.31989,0,4264,6053,-0.121587,0.030117,0.048049,0.23877,0.270154,1.05,1.2727,0.70564,0.534732,0.712517,0.427997,0.594603,0.522514,420,132,0.0957676,-1,1,1
hk_second,355,44,1,170,0.754848,0,8849,4108,0.168257,0.133598,-0.143532,-0.33996,0.567155,1.05,1.02942,0.5337,0.399473,0.5337,0.759496,0.325781,0.267511,420,132,0.0897052,1,1,1
hk_second,356,44,1,194,4.17951,0,2925,5978,-0.14276,0.0369511,0.0369835,0.0699272,0.182964,1.05,0.93095,0.42641,0.394314,0.442916,0.367774,0.533856,0.463685,420,132,0.107432,-1,1,1
hk_second,357,44,1,252,1.83853,0,3134,10964,-0.143783,-0.0156364,0.287165,0.0427685,0.434887,1.05,1.17493,0.694635,0.515016,0.696011,0.646503,0.566418,0.52566,420,132,0.0919759,-1,1,1
hk_second,358,44,1,259,5.16597,0,2752,9841,-0.165661,-0.0726624,0.197415,0.204821,0.45697,1.05,1.05052,0.668501,0.507107,0.668501,0.566871,0.539375,0.463982,420,132,0.0842882,1,1,1
hk_second,359,44,1,147,3.99712,0,7893,5930,0.149387,0.0651398,0.0368662,-0.348948,0.429126,1.05,1.03945,0.833562,0.616116,0.833562,0.592263,0.682335,0.607387,420,132,0.0833497,-1,1,1
hk_second,360,44,1,250,5.25904,0,2302,6021,-0.169162,0.141109,0.0384684,-0.180233,0.382627,1.05,1.16346,0.687758,0.503095,0.690509,0.596012,0.605013,0.512919,420,132,0.101085,-1,1,1
hk_second,361,44,1,3,4.36467,1,6806,4229,0.103346,0.0448399,-0.124166,0.197805,0.274928,1.05,0.906042,0.518569,0.40016,0.518569,0.413692,0.422975,0.345431,420,132,0.0886261,1,1,1
hk_second,362,44,1,330,5.06942,1,9588,3892,0.215705,-0.00708389,-0.135832,-0.12322,0.370246,1.05,1.08614,0.562586,0.443375,0.562586,0.53046,0.487804,0.41236,420,132,0.0841956,1,1,1
hk_second,363,44,1,90,1.22226,0,6647,5939,0.0966511,0.209816,0.0334911,0.0658207,0.157453,1.05,1.05109,0.502063,0.411852,0.502063,0.377915,0.626312,0.555062,420,132,0.103004,1,1,1
hk_second,364,44,1,25,5.13777,1,2870,10195,-0.165772,-0.279064,0.215868,-0.341135,0.386655,1.05,1.123,0.931224,0.681453,0.94773,0.515275,0.732153,0.684929,420,132,0.0737473,-1,1,1
hk_second,365,44,1,213,1.19117,0,2620,9955,-0.171457,0.00380898,0.20261,-0.11853,0.393648,1.05,0.964988,0.596974,0.440967,0.603851,0.573562,0.452104,0.407328,420,132,0.0884495,1,1,1
hk_second,366,44,1,176,4.38064,0,778,5930,-0.210507,0.0680695,0.0368662,-0.348948,0.48521,1.05,1.10432,0.910591,0.653714,0.916093,0.626873,0.715543,0.651825,420,132,0.0881628,-1,1,1
hk_second,367,44,1,257,5.95448,1,5403,5930,-0.0285273,0.155144,0.0368662,-0.348948,0.508342,1.05,1.08662,0.698762,0.493695,0.698762,0.644462,0.461343,0.36953,420,132,0.0929333,1,1,1
hk_second,368,44,1,203,3.45156,1,626,6053,-0.213366,0.142853,0.048049,0.23877,0.278493,1.05,0.987412,0.598349,0.471573,0.598349,0.411415,0.624465,0.551219,420,132,0.115301,-1,1,1
hk_second,369,44,1,304,1.84415,0,7146,5939,0.124316,0.00430679,0.0334911,0.0658207,0.109981,1.05,0.956724,0.526823,0.449564,0.526823,0.374859,0.637266,0.570683,420,132,0.116152,1,1,1
hk_second,370,44,1,140,2.70028,1,3904,10964,-0.140755,-0.0161591,0.287165,0.0427685,0.432736,1.05,1.17369,0.649243,0.494613,0.650619,0.605021,0.572832,0.531145,420,132,0.0963929,-1,1,1
hk_second,371,44,1,165,2.40528,0,8843,4108,0.164474,-0.0431175,-0.143532,-0.33996,0.427844,1.05,0.988291,0.80055,0.575424,0.80055,0.574778,0.675683,0.60517,420,132,0.0822506,1,1,1
hk_second,372,44,1,153,2.72977,1,3537,9955,-0.14661,-0.112272,0.20261,-0.11853,0.349286,1.05,1.06548,0.595598,0.489225,0.599725,0.450356,0.482069,0.440513,420,132,0.0774499,1,1,1
hk_second,373,44,1,216,1.38121,1,4376,6053,-0.113602,0.0556068,0.048049,0.23877,0.245585,1.05,1.22919,0.723521,0.5337,0.723521,0.426426,0.617729,0.544664,420,132,0.088589,-1,1,1
hk_second,374,44,1,281,3.29393,0,5959,9747,0.0326958,-0.18923,0.197115,0.197071,0.419866,1.05,1.02926,0.500688,0.386061,0.500688,0.576008,0.374905,0.305448,420,132,0.0904048,1,1,1
hk_second,375,44,1,113,5.65603,0,6345,4108,0.0726681,-0.029808,-0.143532,-0.33996,0.378149,1.05,0.926529,0.748281,0.556396,0.748281,0.542563,0.632622,0.569101,420,132,0.0803895,-1,1,1
hk_second,376,44,1,4,0.259671,0,8825,310,0.163625,0.167404,-0.219695,0.0452003,0.402436,1.05,1.04154,0.844567,0.6011,0.844567,0.561689,0.596216,0.532575,420,132,0.084803,-1,1,1
hk_second,377,44,1,263,3.39888,0,10637,5905,0.24009,0.1061,0.0300732,-0.177021,0.352512,1.05,1.10177,0.784044,0.570954,0.784044,0.598921,0.697022,0.623312,420,132,0.0977978,1,1,1
hk_second,378,44,1,268,6.1334,1,5413,9955,-0.0284109,-0.20623,0.20261,-0.11853,0.247131,1.05,1.16418,0.686382,0.536795,0.686382,0.452276,0.669786,0.624727,420,132,0.0733727,1,1,1
hk_second,379,44,1,85,1.57388,1,1685,6021,-0.186297,0.0135059,0.0384684,-0.180233,0.296786,1.05,1.08811,0.679505,0.523728,0.679505,0.534157,0.657114,0.590005,420,132,0.0959274,-1,1,1
hk_second,380,44,1,241,6.23324,1,3662,10964,-0.152966,-0.152401,0.287165,0.0427685,0.481463,1.05,1.08591,0.634113,0.48911,0.636864,0.656351,0.511766,0.476564,420,132,0.0790381,-1,1,1
hk_second,381,44,1,127,1.9745,0,2482,6053,-0.163255,-0.00610352,0.048049,0.23877,0.323891,1.05,1.22183,0.440165,0.367377,0.440165,0.485207,0.464076,0.392462,420,132,0.112696,-1,1,1
hk_second,382,44,1,82,5.39781,1,9822,5930,0.200679,-0.0954647,0.0368662,-0.348948,0.301817,1.05,1.11857,0.682256,0.530376,0.683631,0.505106,0.7174,0.654234,420,132,0.0781927,1,1,1
hk_second,383,44,1,243,2.86133,1,7478,5939,0.13908,-0.13126,0.0334911,0.0658207,0.223585,1.05,1.04506,0.623109,0.500458,0.639615,0.43268,0.6245,0.553807,420,132,0.101574,-1,1,1
hk_second,384,44,1,62,2.69525,1,2669,5978,-0.149251,0.0753403,0.0369835,0.0699272,0.186543,1.05,0.9995,0.407153,0.417928,0.448418,0.432114,0.526126,0.452674,420,131,0.102408,1,1,1
hk_second,385,44,1,83,5.32989,0,10890,3892,0.254601,0.147932,-0.135832,-0.12322,0.475375,1.05,1.11851,0.657497,0.501719,0.674003,0.62845,0.518301,0.443533,420,131,0.0868495,-1,1,1
hk_second,386,44,1,239,0.515492,0,10673,4108,0.249869,0.139086,-0.143532,-0.33996,0.619949,1.05,1.01538,0.507565,0.379642,0.507565,0.729533,0.340216,0.277872,420,131,0.0946849,-1,1,1
hk_second,387,44,1,28,3.97603,1,10375,5905,0.234842,0.100029,0.0300732,-0.177021,0.344566,1.05,0.982926,0.712517,0.587804,0.742778,0.499634,0.70332,0.635734,420,131,0.0938226,1,1,1
hk_second,388,44,1,149,6.04094,1,2641,10964,-0.165371,0.19384,0.287165,0.0427685,0.477385,1.05,1.03598,0.958734,0.668845,0.958734,0.611463,0.635928,0.580978,420,131,0.0802528,-1,1,1
hk_second,389,44,1,251,3.4311,1,4139,9955,-0.133931,-0.0611229,0.20261,-0.11853,0.341963,1.05,1.13268,0.629986,0.465383,0.636864,0.52911,0.463136,0.421918,420,131,0.0821228,1,1,1
hk_second,390,44,1,313,5.98877,0,5217,9955,-0.0556211,-0.298784,0.20261,-0.11853,0.314953,1.05,1.02246,0.843191,0.620128,0.843191,0.502651,0.742537,0.690658,420,131,0.0822137,1,1,1
hk_second,391,44,1,71,3.20484,0,5804,9747,0.0182104,-0.361324,0.197115,0.197071,0.586363,1.05,1.06527,0.452545,0.325883,0.452545,0.770252,0.267171,0.195387,420,131,0.102349,1,1,1
hk_second,392,44,1,22,3.52346,0,2257,6053,-0.169992,0.166122,0.048049,0.23877,0.230124,1.05,1.03384,0.463549,0.402912,0.463549,0.385864,0.579026,0.505183,420,131,0.11219,-1,1,1
hk_second,393,44,1,118,5.16117,1,7523,5930,0.13451,0.046236,0.0368662,-0.348948,0.407721,1.05,1.10395,0.742778,0.540807,0.742778,0.558322,0.605787,0.554053,420,131,0.0955031,1,1,1
hk_second,394,44,1,318,3.00411,1,4728,9955,-0.0987978,-0.166088,0.20261,-0.11853,0.305137,1.05,1.03748,0.606602,0.494498,0.606602,0.42733,0.540619,0.497342,420,131,0.0775228,1,1,1
hk_second,395,44,1,201,1.70728,0,7662,4116,0.140712,0.0526752,-0.129094,0.208578,0.311851,1.05,0.965737,0.559835,0.426639,0.559835,0.473781,0.431787,0.349576,420,131,0.0882632,-1,1,1
hk_second,396,44,1,209,3.76854,1,3854,10195,-0.147379,-0.173302,0.215868,-0.341135,0.400157,1.05,1.00985,0.909216,0.645919,0.909216,0.551142,0.696366,0.655409,420,131,0.0765593,-1,1,1
hk_second,397,44,1,68,2.54134,0,4756,6021,-0.0913134,0.027607,0.0384684,-0.180233,0.245035,1.05,1.01833,0.574966,0.474553,0.576341,0.435549,0.614465,0.548039,420,131,0.0852031,-1,1,1
hk_second,398,44,1,158,5.89431,0,4264,10964,-0.121587,0.030117,0.287165,0.0427685,0.409766,1.05,1.07174,0.690509,0.523957,0.690509,0.555227,0.594806,0.55364,420,131,0.0874157,-1,1,1
hk_second,399,44,1,166,2.14366,1,8696,4108,0.188346,0.1366,-0.143532,-0.33996,0.580821,1.05,1.06497,0.698762,0.518226,0.702888,0.757047,0.617325,0.558614,420,131,0.105394,-1,1,1
hk_second,400,44,1,299,1.14046,0,5677,10195,0.00583744,0.232452,0.215868,-0.341135,0.610907,1.05,1.01574,0.563961,0.411852,0.568088,0.733737,0.413146,0.372105,420,131,0.0983921,1,1,1
hk_second,401,44,1,246,1.62075,1,3742,9747,-0.140085,-0.105789,0.197115,0.197071,0.453249,1.05,1.10774,0.690509,0.497134,0.690509,0.588833,0.456035,0.38215,420,131,0.0853649,1,1,1
hk_second,402,44,1,117,0.582527,1,609,6021,-0.202491,0.0627403,0.0384684,-0.180233,0.342291,1.05,1.0866,0.697386,0.530949,0.697386,0.5671,0.65192,0.579596,420,131,0.0974244,1,1,1
hk_second,403,44,1,211,2.42465,1,7339,5905,0.134484,0.0650234,0.0300732,-0.177021,0.263656,1.05,1.00122,0.576341,0.467905,0.576341,0.434245,0.608691,0.52455,420,131,0.0846577,-1,1,1
hk_second,404,44,1,58,4.3667,0,10095,4116,0.206203,-0.160028,-0.129094,0.208578,0.498297,1.05,0.941024,0.742778,0.549404,0.755158,0.605093,0.534741,0.45599,420,131,0.07558,1,1,1
hk_second,405,44,1,164,0.738131,0,3718,9955,-0.146139,0.0973415,0.20261,-0.11853,0.410989,1.05,1.06389,0.590096,0.473865,0.592847,0.532713,0.440664,0.392367,420,131,0.0884455,-1,1,1
hk_second,406,44,1,8,6.19129,1,9999,4116,0.20046,0.210665,-0.129094,0.208578,0.329561,1.05,0.973278,0.686382,0.529574,0.686382,0.481195,0.59343,0.511164,420,131,0.0795067,1,1,1
hk_second,407,44,1,253,3.51629,1,3937,9955,-0.121964,0.0537186,0.20261,-0.11853,0.367463,1.05,1.02968,0.594223,0.449221,0.594223,0.504105,0.453901,0.408382,420,131,0.0892273,1,1,1
hk_second,408,44,1,200,1.31024,0,7430,5930,0.142322,0.185495,0.0368662,-0.348948,0.544913,1.05,1.06843,0.694635,0.482921,0.694635,0.735978,0.490247,0.402913,420,131,0.0988844,1,1,1
hk_second,409,44,1,349,4.57993,0,3277,9841,-0.154407,-0.0541534,0.197415,0.204821,0.437235,1.05,1.09173,0.678129,0.503439,0.679505,0.556526,0.521888,0.446575,420,131,0.0850799,1,1,1
hk_second,410,44,1,190,1.09543,1,5189,6053,-0.0536966,0.132971,0.048049,0.23877,0.146784,1.05,1.1782,0.524072,0.449106,0.56121,0.322311,0.604665,0.53062,420,131,0.076344,1,1,1
hk_second,411,44,1,219,2.52466,1,6988,4116,0.12088,-0.0896454,-0.129094,0.208578,0.389133,1.05,1.04187,0.679505,0.531637,0.686382,0.525218,0.516476,0.433341,420,131,0.0779004,-1,1,1
hk_second,412,44,1,25,5.62681,0,2870,9747,-0.165772,-0.279064,0.197115,0.197071,0.598695,1.05,0.971351,0.730399,0.51685,0.730399,0.7151,0.587302,0.515227,420,131,0.0806419,-1,1,1
hk_second,413,44,1,85,5.30788,0,1685,9955,-0.186297,0.0135059,0.20261,-0.11853,0.410804,1.05,1.09137,0.570839,0.460798,0.570839,0.538321,0.455792,0.411107,420,131,0.0903058,1,1,1
hk_second,414,44,1,53,2.74677,0,346,10964,-0.202533,-0.0308952,0.287165,0.0427685,0.495226,1.05,1.09846,0.748281,0.570266,0.755158,0.634584,0.603234,0.557798,420,131,0.0917282,-1,1,1
hk_second,415,44,1,30,4.32379,0,1138,10964,-0.201284,0.208988,0.287165,0.0427685,0.516081,1.05,1.03375,0.771664,0.571183,0.771664,0.654047,0.553439,0.497041,420,131,0.0800665,1,1,1
hk_second,416,44,1,73,4.86225,1,535,5978,-0.212989,0.106691,0.0369835,0.0699272,0.252813,1.05,1.17891,0.416781,0.3989,0.440165,0.460125,0.504903,0.434384,420,131,0.100708,-1,1,1
hk_second,417,44,1,192,2.03947,1,6935,4108,0.117278,-0.18766,-0.143532,-0.33996,0.302022,1.05,1.13862,0.746905,0.57359,0.762036,0.436755,0.7346,0.662726,420,131,0.0820813,1,1,1
hk_second,418,44,1,50,3.9918,1,1982,10964,-0.184628,-0.06003,0.287165,0.0427685,0.482863,1.05,1.04351,0.6011,0.48785,0.605227,0.585356,0.584854,0.541863,420,131,0.0825993,1,1,1
hk_second,419,44,1,71,2.83938,1,5804,9955,0.0182104,-0.361324,0.20261,-0.11853,0.304914,1.05,1.08687,0.697386,0.533929,0.697386,0.496984,0.666673,0.602265,420,131,0.0826502,-1,1,1
hk_second,420,44,1,80,1.89907,1,7155,4229,0.118999,0.0801544,-0.124166,0.197805,0.270131,1.05,1.0181,0.686382,0.493008,0.686382,0.439168,0.560158,0.484643,420,131,0.0840466,-1,1,1
hk_second,421,44,1,183,1.68944,1,4310,5930,-0.13725,-0.341614,0.0368662,-0.348948,0.175006,1.05,1.03444,0.669876,0.564535,0.70564,0.362521,0.843694,0.775247,420,131,0.0749372,-1,1,1
hk_second,422,44,1,252,2.68549,0,3134,9747,-0.143783,-0.0156364,0.197115,0.197071,0.401828,1.05,1.0457,0.767538,0.558574,0.767538,0.565867,0.540364,0.465451,420,131,0.0891154,-1,1,1
hk_second,423,44,1,220,3.77158,1,2899,10195,-0.150585,0.177588,0.215868,-0.341135,0.635187,1.05,1.11411,0.671252,0.502522,0.671252,0.785604,0.527374,0.489996,420,131,0.080908,-1,1,1
hk_second,424,44,1,198,0.020325,0,4867,10195,-0.0885878,-0.36237,0.215868,-0.341135,0.305326,1.05,1.02832,0.763411,0.603622,0.782668,0.442139,0.705434,0.654291,420,131,0.0777488,1,1,1
hk_second,425,44,1,288,0.310556,0,7857,310,0.150184,0.101412,-0.219695,0.0452003,0.374243,1.05,1.10159,0.70564,0.51834,0.70564,0.520682,0.57917,0.516573,420,131,0.0870086,1,1,1
hk_second,426,44,1,41,5.89374,0,1870,9955,-0.179219,0.0344696,0.20261,-0.11853,0.411363,1.05,0.978799,0.621733,0.448991,0.621733,0.592411,0.449895,0.404361,420,131,0.0891133,1,1,1
hk_second,427,44,1,24,4.75369,1,2921,9955,-0.170677,-0.296522,0.20261,-0.11853,0.413576,1.05,1.04308,0.544704,0.407726,0.544704,0.569118,0.509683,0.464442,420,131,0.0748055,1,1,1
hk_second,428,44,1,219,0.813717,1,6988,4229,0.12088,-0.0896454,-0.124166,0.197805,0.377724,1.05,1.08284,0.726272,0.503897,0.726272,0.559401,0.496029,0.424571,420,131,0.0854867,-1,1,1
hk_second,429,44,1,26,0.670242,1,6899,5939,0.112572,-0.103825,0.0334911,0.0658207,0.187189,1.05,1.12571,0.612104,0.493352,0.629986,0.377331,0.626997,0.557409,420,131,0.102636,1,1,1
hk_second,430,44,1,294,3.87671,1,3182,5930,-0.138104,0.037056,0.0368662,-0.348948,0.423891,1.05,0.932576,0.415406,0.350069,0.416781,0.594456,0.351016,0.264536,420,131,0.0921824,1,1,1
hk_second,431,44,1,114,2.89134,0,5668,10964,0.00244904,0.0739937,0.287165,0.0427685,0.286423,1.05,1.09176,0.431912,0.413113,0.45392,0.470989,0.511474,0.472688,420,131,0.0734777,1,1,1
hk_second,432,44,1,207,5.69128,0,5089,6021,-0.0624723,-0.081028,0.0384684,-0.180233,0.141531,1.05,1.14034,0.495186,0.426524,0.495186,0.343969,0.652101,0.588706,420,131,0.0845395,-1,1,1
hk_second,433,44,1,348,1.34231,0,4881,10195,-0.0812931,0.0520878,0.215868,-0.341135,0.492879,1.05,0.949302,0.528198,0.394314,0.528198,0.643316,0.360283,0.322189,420,131,0.0838081,1,1,1
hk_second,434,44,1,291,4.87047,1,4918,5978,-0.0764961,-0.030159,0.0369835,0.0699272,0.151311,1.05,1.0535,0.529574,0.439248,0.543329,0.381046,0.531171,0.462859,420,131,0.105278,1,1,1
hk_second,435,44,1,42,2.44959,0,9253,224,0.183644,0.10475,-0.22202,0.0434113,0.410389,1.05,1.03863,0.804677,0.589065,0.804677,0.578451,0.603884,0.539697,420,131,0.0952806,-1,1,1
hk_second,436,44,1,201,1.81305,1,7662,310,0.140712,0.0526752,-0.219695,0.0452003,0.360496,1.05,0.955486,0.636864,0.493581,0.636864,0.50953,0.590983,0.529718,420,131,0.0838119,-1,1,1
hk_second,437,44,1,17,3.29521,1,5499,10195,-0.020174,-0.34054,0.215868,-0.341135,0.236238,1.05,1.07951,0.767538,0.600069,0.767538,0.365915,0.806515,0.761475,420,131,0.0748817,-1,1,1
hk_second,438,44,1,75,4.38644,0,7934,3892,0.167445,0.0708179,-0.135832,-0.12322,0.36017,1.05,1.05023,0.566712,0.452889,0.588721,0.521857,0.477256,0.400436,420,131,0.0849282,1,1,1
hk_second,439,44,1,97,0.0165754,0,1810,5930,-0.179,-0.0926571,0.0368662,-0.348948,0.335207,1.05,1.00567,0.938102,0.677671,0.938102,0.511593,0.772435,0.707061,420,131,0.0773088,-1,1,1
hk_second,440,44,1,47,4.45629,0,9313,5905,0.183941,0.0966854,0.0300732,-0.177021,0.314234,1.05,1.12133,0.458047,0.410821,0.470426,0.574368,0.517936,0.429458,420,131,0.100134,1,1,1
hk_second,441,44,1,332,3.72448,0,5941,6021,0.0328388,-0.015934,0.0384684,-0.180233,0.164595,1.05,1.14504,0.576341,0.470197,0.576341,0.388037,0.606481,0.533304,420,131,0.0797218,-1,1,1
hk_second,442,44,1,267,0.351536,0,6716,4108,0.111472,-0.328012,-0.143532,-0.33996,0.255284,1.05,1.09994,0.826685,0.634571,0.826685,0.412092,0.777334,0.702888,420,131,0.0749787,-1,1,1
hk_second,443,44,1,142,4.69085,0,1398,10964,-0.198367,0.168041,0.287165,0.0427685,0.501707,1.05,1.03808,0.993122,0.689363,0.993122,0.641491,0.626531,0.573285,420,131,0.0902899,-1,1,1
hk_second,444,44,1,101,5.54569,1,7045,3682,0.118299,0.0475616,-0.145423,-0.120304,0.31296,1.05,1.19693,0.550206,0.42171,0.551582,0.458988,0.428751,0.36289,420,131,0.0911491,-1,1,1
hk_second,445,44,1,276,1.72085,0,3716,6053,-0.146962,0.0401211,0.048049,0.23877,0.279037,1.05,1.21153,0.80055,0.570839,0.80055,0.480333,0.631418,0.555026,420,131,0.0905276,-1,1,1
hk_second,446,44,1,324,5.60593,0,4921,10195,-0.0798178,-0.193817,0.215868,-0.341135,0.330397,1.05,0.946151,0.845942,0.627579,0.845942,0.508316,0.69181,0.649457,420,131,0.0983918,-1,1,1
hk_second,447,44,1,245,5.20093,0,9764,5930,0.216486,0.139889,0.0368662,-0.348948,0.520792,1.05,1.09563,0.400275,0.334709,0.400275,0.690796,0.368736,0.307969,420,131,0.101439,1,1,1
hk_second,448,44,1,43,5.67972,1,5356,6053,-0.0346918,-0.00691986,0.048049,0.23877,0.259366,1.05,1.05668,0.6011,0.472375,0.6011,0.44219,0.494462,0.421065,420,148,0.0912739,1,1,1
hk_second,449,44,1,244,0.0210507,1,4636,9841,-0.118258,-0.342709,0.197415,0.204821,0.632078,1.05,1.00419,0.580468,0.42022,0.580468,0.792612,0.361778,0.294662,420,148,0.0791632,1,1,1
hk_second,450,44,1,241,2.08369,1,3662,6053,-0.152966,-0.152401,0.048049,0.23877,0.439797,1.05,1.08104,0.80055,0.573132,0.80055,0.65818,0.493523,0.442105,420,148,0.0887861,1,1,1
hk_second,451,44,1,265,6.23789,1,9994,5905,0.249557,0.00668144,0.0300732,-0.177021,0.286278,1.05,0.931965,0.719395,0.586543,0.746905,0.489646,0.747926,0.677436,420,148,0.0813616,1,1,1
hk_second,452,44,1,262,5.52803,1,778,9955,-0.210507,0.0680695,0.20261,-0.11853,0.453511,1.05,1.14932,0.682256,0.507451,0.696011,0.641146,0.444746,0.395342,420,148,0.08543,1,1,1
hk_second,453,44,1,234,5.25005,0,5227,6053,-0.0567274,-0.364162,0.048049,0.23877,0.611968,1.05,1.06241,0.694635,0.48613,0.694635,0.76589,0.42775,0.343428,420,148,0.10154,-1,1,1
hk_second,454,44,1,267,3.82107,0,6716,5858,0.111472,-0.328012,0.0265684,0.235537,0.569909,1.05,1.07649,0.676754,0.478221,0.676754,0.742032,0.451317,0.383748,420,148,0.102246,-1,1,1
hk_second,455,44,1,28,5.21441,1,10375,5939,0.234842,0.100029,0.0334911,0.0658207,0.204246,1.05,1.18384,0.5337,0.448418,0.543329,0.469719,0.626343,0.558125,420,148,0.103785,-1,1,1
hk_second,456,44,1,280,4.27357,0,3801,10964,-0.151362,-0.328093,0.287165,0.0427685,0.574328,1.05,1.08906,0.702888,0.525906,0.702888,0.707963,0.679651,0.647525,420,148,0.072983,1,1,1
hk_second,457,44,1,83,5.20175,0,10890,4108,0.254601,0.147932,-0.143532,-0.33996,0.629721,1.05,0.996132,0.517194,0.384686,0.517194,0.7432,0.34593,0.284776,420,148,0.0932161,1,1,1
hk_second,458,44,1,315,5.30385,1,1053,9747,-0.19071,0.191168,0.197115,0.197071,0.387883,1.05,1.01232,0.748281,0.551238,0.749656,0.539995,0.579127,0.49822,420,148,0.0890556,-1,1,1
hk_second,459,44,1,69,1.39368,1,6992,3682,0.132932,-0.357224,-0.145423,-0.120304,0.36553,1.05,1.07773,0.337001,0.342733,0.382393,0.526519,0.513026,0.432403,420,148,0.0890647,1,1,1
hk_second,460,44,1,335,5.20728,1,464,9747,-0.226435,0.0147247,0.197115,0.197071,0.461417,1.05,1.07902,0.881706,0.617148,0.881706,0.597362,0.541807,0.462583,420,148,0.0982654,1,1,1
hk_second,461,44,1,210,4.10806,0,8066,5905,0.172959,0.0951385,0.0300732,-0.177021,0.307988,1.05,1.09238,0.408528,0.417813,0.484182,0.531871,0.500085,0.421204,420,148,0.0994153,-1,1,1
hk_second,462,44,1,91,0.232316,0,10121,5939,0.222721,0.0376015,0.0334911,0.0658207,0.19141,1.05,1.2621,0.514443,0.462632,0.554333,0.471555,0.642966,0.577908,420,148,0.0923455,-1,1,1
hk_second,463,44,1,34,2.2286,0,5499,5930,-0.020174,-0.34054,0.0368662,-0.348948,0.0576565,1.05,1.0026,0.511692,0.453462,0.511692,0.268074,0.799124,0.765735,420,148,0.0689992,1,1,1
hk_second,464,44,1,180,2.46213,1,10765,310,0.253306,0.143385,-0.219695,0.0452003,0.483084,1.05,0.969653,0.525447,0.411165,0.525447,0.614371,0.447796,0.384082,420,148,0.0895716,-1,1,1
hk_second,465,44,1,133,5.73444,1,4070,6021,-0.126747,-0.0340939,0.0384684,-0.180233,0.220698,1.05,1.0976,0.562586,0.466758,0.562586,0.386746,0.651005,0.582327,420,148,0.0845562,1,1,1
hk_second,466,44,1,279,1.26982,0,3422,6053,-0.156438,-0.0245876,0.048049,0.23877,0.333537,1.05,1.18971,0.638239,0.504241,0.638239,0.468703,0.456663,0.387179,420,148,0.102114,-1,1,1
hk_second,467,44,1,256,5.53878,1,10399,4116,0.193072,0.136457,-0.129094,0.208578,0.33014,1.05,1.01345,0.392022,0.365887,0.409904,0.547448,0.475499,0.37843,420,148,0.102956,1,1,1
hk_second,468,44,1,31,2.18703,1,6472,4116,0.0850973,-0.329395,-0.129094,0.208578,0.57922,1.05,1.09803,0.574966,0.409101,0.574966,0.725622,0.332724,0.262843,420,148,0.0818183,1,1,1
hk_second,469,44,1,115,5.1684,0,3069,10195,-0.14577,-0.0782051,0.215868,-0.341135,0.447222,1.05,1.04253,0.775791,0.561784,0.778542,0.574899,0.646855,0.607049,420,148,0.0775178,1,1,1
hk_second,470,44,1,287,2.44234,0,1051,9747,-0.20861,0.0351448,0.197115,0.197071,0.43749,1.05,1.04426,0.667125,0.49553,0.667125,0.560947,0.449663,0.370373,420,148,0.0939578,1,1,1
hk_second,471,44,1,336,0.234602,0,2980,6053,-0.13974,0.0195541,0.048049,0.23877,0.288781,1.05,1.24646,0.796424,0.562127,0.796424,0.498222,0.599732,0.526731,420,148,0.0892115,-1,1,1
hk_second,472,44,1,295,1.8337,0,6429,3682,0.0812702,0.138203,-0.145423,-0.120304,0.343941,1.05,1.01333,0.480055,0.388239,0.481431,0.524676,0.332541,0.246009,420,148,0.0909224,1,1,1
hk_second,473,44,1,74,2.47202,0,8920,4108,0.171358,-0.181938,-0.143532,-0.33996,0.352316,1.05,1.02915,0.982118,0.698189,0.98762,0.570195,0.745493,0.673322,420,148,0.076544,-1,1,1
hk_second,474,44,1,212,3.94048,0,1917,9747,-0.185678,-0.0457993,0.197115,0.197071,0.453345,1.05,1.00413,0.595598,0.458047,0.599725,0.564567,0.542462,0.467912,420,148,0.0949159,-1,1,1
hk_second,475,44,1,338,0.126896,0,8247,224,0.165434,-0.127287,-0.22202,0.0434113,0.423477,1.05,1.05903,0.587345,0.456327,0.591472,0.578972,0.520442,0.457096,420,148,0.08579,-1,1,1
hk_second,476,44,1,194,3.71957,1,2925,9841,-0.14276,0.0369511,0.197415,0.204821,0.379448,1.05,0.924971,0.719395,0.522123,0.719395,0.531454,0.563511,0.485644,420,148,0.0864512,1,1,1
hk_second,477,44,1,12,3.13151,1,5868,9955,0.0212555,-0.215813,0.20261,-0.11853,0.205832,1.05,1.11765,0.671252,0.565566,0.683631,0.399431,0.749299,0.698459,420,148,0.0735428,-1,1,1
hk_second,478,44,1,335,3.95488,1,464,10964,-0.226435,0.0147247,0.287165,0.0427685,0.514721,1.05,1.1251,0.855571,0.62265,0.855571,0.668147,0.621116,0.568912,420,148,0.0839062,1,1,1
hk_second,479,44,1,187,1.96857,1,7043,224,0.11977,0.0503006,-0.22202,0.0434113,0.34285,1.05,1.02501,0.643741,0.483723,0.643741,0.47755,0.563726,0.500611,420,148,0.0821889,-1,1,1
hk_second,480,44,1,351,4.31098,1,7516,5905,0.136501,0.0476723,0.0300732,-0.177021,0.248675,1.05,0.962228,0.629986,0.529,0.632737,0.445128,0.665983,0.594244,420,148,0.0855743,-1,1,1
hk_second,481,44,1,175,3.32605,1,5584,6021,-0.00520706,0.10903,0.0384684,-0.180233,0.292543,1.05,1.08206,0.50619,0.382852,0.50619,0.447238,0.4394,0.37099,420,148,0.100158,1,1,1
hk_second,482,44,1,151,5.12536,1,8681,4108,0.17974,0.0527687,-0.143532,-0.33996,0.509169,1.05,1.04341,0.748281,0.533929,0.748281,0.661362,0.641714,0.574206,420,148,0.0897881,1,1,1
hk_second,483,44,1,353,1.90698,0,8151,4229,0.15035,0.0531063,-0.124166,0.197805,0.310459,1.05,1.04615,0.580468,0.439592,0.580468,0.497551,0.428645,0.351903,420,148,0.0855223,-1,1,1
hk_second,484,44,1,315,3.19198,1,1053,5978,-0.19071,0.191168,0.0369835,0.0699272,0.257961,1.05,1.1761,0.524072,0.428015,0.530949,0.41363,0.546557,0.479089,420,148,0.0818159,-1,1,1
hk_second,485,44,1,342,5.56386,1,126,5930,-0.2208,-0.00627518,0.0368662,-0.348948,0.428738,1.05,0.956355,0.437414,0.363824,0.441541,0.554144,0.4006,0.333873,420,148,0.0952016,1,1,1
hk_second,486,44,1,277,5.78093,1,2945,9955,-0.153766,0.227865,0.20261,-0.11853,0.497005,1.05,0.952438,0.387895,0.306625,0.387895,0.686072,0.287669,0.211264,420,148,0.0986596,1,1,1
hk_second,487,44,1,191,5.421,1,7105,4108,0.130851,-0.212919,-0.143532,-0.33996,0.302366,1.05,0.965958,0.88033,0.643856,0.881706,0.469171,0.749495,0.677876,420,148,0.0770118,-1,1,1
hk_second,488,44,1,311,4.39408,0,8277,4108,0.17855,0.130058,-0.143532,-0.33996,0.569966,1.05,1.05105,0.568088,0.408184,0.568088,0.759918,0.385502,0.290593,420,148,0.0905984,1,1,1
hk_second,489,44,1,111,0.945837,0,2251,10195,-0.172057,0.119741,0.215868,-0.341135,0.602598,1.05,1.04753,0.682256,0.522237,0.687758,0.745862,0.571589,0.532001,420,148,0.0896133,-1,1,1
hk_second,490,44,1,166,4.072,1,8696,4116,0.188346,0.1366,-0.129094,0.208578,0.325652,1.05,1.04147,0.471802,0.376891,0.471802,0.524667,0.469914,0.386821,420,148,0.101671,1,1,1
hk_second,491,44,1,197,0.3271,1,6470,4108,0.0840712,0.228271,-0.143532,-0.33996,0.612119,1.05,1.03151,0.726272,0.522467,0.726272,0.721104,0.500018,0.43614,420,148,0.0738688,-1,1,1
hk_second,492,44,1,114,5.12132,1,5668,10964,0.00244904,0.0739937,0.287165,0.0427685,0.286423,1.05,1.12379,0.515818,0.407497,0.515818,0.491763,0.516319,0.473421,420,148,0.0785094,-1,1,1
hk_second,493,44,1,109,2.97731,1,3851,10964,-0.1422,0.0966148,0.287165,0.0427685,0.433765,1.05,1.09293,0.756534,0.558459,0.756534,0.596958,0.615837,0.56694,420,148,0.0913879,-1,1,1
hk_second,494,44,1,239,2.6657,1,10673,224,0.249869,0.139086,-0.22202,0.0434113,0.481581,1.05,0.977568,0.548831,0.40635,0.548831,0.602386,0.439163,0.368521,420,148,0.0922508,-1,1,1
hk_second,495,44,1,308,3.62936,0,3394,10964,-0.138611,-0.0240898,0.287165,0.0427685,0.430993,1.05,1.05117,0.696011,0.516048,0.696011,0.618735,0.568374,0.525457,420,148,0.0829175,-1,1,1
hk_second,496,44,1,83,1.50724,0,10890,4116,0.254601,0.147932,-0.129094,0.208578,0.388459,1.05,0.963899,0.429161,0.368982,0.430536,0.551632,0.435395,0.355324,420,148,0.092804,-1,1,1
hk_second,497,44,1,246,2.68559,0,3742,10964,-0.140085,-0.105789,0.287165,0.0427685,0.452341,1.05,1.08031,0.64099,0.486818,0.646492,0.641255,0.5325,0.492386,420,148,0.0788474,1,1,1
hk_second,498,44,1,21,2.41651,0,3593,9747,-0.145442,0.131649,0.197115,0.197071,0.349073,1.05,0.942525,0.810179,0.570954,0.810179,0.493382,0.571157,0.489852,420,148,0.0863227,1,1,1
hk_second,499,44,1,117,4.64998,1,609,6053,-0.202491,0.0627403,0.048049,0.23877,0.306197,1.05,1.13155,0.42641,0.389959,0.449794,0.490757,0.497228,0.423212,420,148,0.112826,-1,1,1
hk_second,500,44,1,224,1.40416,1,5733,10964,0.0029707,-0.348467,0.287165,0.0427685,0.483655,1.05,1.0927,0.462173,0.391907,0.462173,0.593784,0.394876,0.363799,420,148,0.0755062,1,1,1
hk_second,501,44,1,63,5.13282,0,5177,10964,-0.0550661,0.00213814,0.287165,0.0427685,0.344634,1.05,1.1628,0.486933,0.386978,0.491059,0.524192,0.50402,0.46638,420,148,0.0842519,-1,1,1
hk_second,502,44,1,334,2.49753,1,5422,9841,-0.0272398,-0.0630569,0.197415,0.204821,0.349612,1.05,1.12465,0.558459,0.444979,0.584594,0.489035,0.537153,0.466205,420,148,0.0851612,-1,1,1
hk_second,503,44,1,202,4.23674,0,144,10195,-0.232092,0.0517426,0.215868,-0.341135,0.595837,1.05,1.01885,0.766162,0.560637,0.766162,0.701514,0.648964,0.602416,420,148,0.0872607,1,1,1
hk_second,504,44,1,1,6.04982,0,7699,5939,0.142165,-0.134474,0.0334911,0.0658207,0.228025,1.05,1.16464,0.559835,0.502636,0.56121,0.506489,0.632684,0.553843,420,148,0.085879,1,1,1
hk_second,505,44,1,37,5.2776,1,1927,10964,-0.175525,-0.0662861,0.287165,0.0427685,0.475453,1.05,1.07189,0.708391,0.531752,0.713893,0.681896,0.571457,0.528397,420,148,0.0795102,-1,1,1
hk_second,506,44,1,196,0.650923,0,1363,5978,-0.193136,0.0180779,0.0369835,0.0699272,0.236608,1.05,1.07391,0.473177,0.40337,0.474553,0.486191,0.510784,0.441499,420,148,0.0920244,1,1,1
hk_second,507,44,1,307,2.0166,0,8510,4116,0.158795,0.118376,-0.129094,0.208578,0.30199,1.05,1.1098,0.408528,0.341586,0.416781,0.429295,0.425867,0.34155,420,148,0.0951906,-1,1,1
hk_second,508,44,1,155,3.70619,1,64,5930,-0.234504,0.0394249,0.0368662,-0.348948,0.47379,1.05,0.98208,0.418157,0.340555,0.422283,0.616598,0.325535,0.244986,420,148,0.0929213,1,1,1
hk_second,509,44,1,301,4.06425,1,5144,9955,-0.0571032,-0.0350533,0.20261,-0.11853,0.272837,1.05,0.992552,0.56121,0.418042,0.562586,0.469778,0.455631,0.413536,420,148,0.0824823,-1,1,1
hk_second,510,44,1,175,4.59795,0,5584,9747,-0.00520706,0.10903,0.197115,0.197071,0.220733,1.05,1.1146,0.563961,0.4326,0.563961,0.378448,0.564984,0.494101,420,148,0.0895197,1,1,1
hk_second,511,44,1,239,0.47836,1,10673,224,0.249869,0.139086,-0.22202,0.0434113,0.481581,1.05,0.987667,0.532325,0.412196,0.532325,0.634594,0.446211,0.382101,420,148,0.0926919,1,1,1
hk_second,512,44,1,303,1.43814,1,9405,4108,0.189878,-0.0124245,-0.143532,-0.33996,0.467525,1.05,0.993624,0.785419,0.574392,0.785419,0.56268,0.67064,0.607124,420,129,0.0845405,-1,1,1
hk_second,513,44,1,287,5.8251,0,1051,10964,-0.20861,0.0351448,0.287165,0.0427685,0.496556,1.05,1.04628,0.814305,0.602017,0.814305,0.663116,0.599646,0.554147,420,129,0.0916764,-1,1,1
hk_second,514,44,1,352,5.97104,0,3098,10964,-0.156178,0.0957584,0.287165,0.0427685,0.446905,1.05,1.03375,0.825309,0.590326,0.825309,0.619411,0.625522,0.578907,420,129,0.0864676,-1,1,1
hk_second,515,44,1,187,5.41377,0,7043,5939,0.11977,0.0503006,0.0334911,0.0658207,0.0894613,1.05,0.971715,0.478679,0.408528,0.489684,0.32131,0.632275,0.569146,420,129,0.0839903,-1,1,1
hk_second,516,44,1,113,4.53472,1,6345,3892,0.0726681,-0.029808,-0.135832,-0.12322,0.228493,1.05,0.961223,0.464924,0.396378,0.508941,0.398035,0.491136,0.416087,420,129,0.0859312,-1,1,1
hk_second,517,44,1,306,5.0565,0,4455,5978,-0.10778,0.0671616,0.0369835,0.0699272,0.146411,1.05,0.777939,0.422283,0.384801,0.452545,0.28975,0.521578,0.447988,420,129,0.0956905,1,1,1
hk_second,518,44,1,155,5.61858,0,64,9747,-0.234504,0.0394249,0.197115,0.197071,0.459509,1.05,1.04113,0.41403,0.323361,0.418157,0.604216,0.290944,0.214528,420,129,0.0921717,1,1,1
hk_second,519,44,1,245,4.76056,1,9764,4108,0.216486,0.139889,-0.143532,-0.33996,0.59989,1.05,1.05537,0.756534,0.54757,0.756534,0.764028,0.59514,0.535086,420,129,0.0916982,1,1,1
hk_second,520,44,1,100,3.22275,1,8821,5930,0.195387,0.182163,0.0368662,-0.348948,0.554335,1.05,1.08667,0.936726,0.652338,0.936726,0.734628,0.644256,0.582537,420,129,0.100294,-1,1,1
hk_second,521,44,1,51,5.76278,0,7553,5905,0.138498,0.0660362,0.0300732,-0.177021,0.266294,1.05,1.02078,0.462173,0.405089,0.462173,0.447886,0.542904,0.454006,420,129,0.0936927,1,1,1
hk_second,522,44,1,196,3.67175,0,1363,10964,-0.193136,0.0180779,0.287165,0.0427685,0.481289,1.05,1.03938,0.709766,0.546653,0.709766,0.655135,0.611634,0.564127,420,129,0.0853545,-1,1,1
hk_second,523,44,1,233,1.82785,0,5612,10195,-0.00121307,0.233318,0.215868,-0.341135,0.614177,1.05,1.10814,0.801926,0.583677,0.801926,0.73034,0.452436,0.408354,420,129,0.0807836,1,1,1
hk_second,524,44,1,154,4.01513,0,917,5930,-0.198413,0.156603,0.0368662,-0.348948,0.557618,1.05,0.959382,0.724897,0.523269,0.724897,0.726196,0.463137,0.405676,420,129,0.119383,1,1,1
hk_second,525,44,1,178,5.81097,1,8607,4116,0.168005,-0.151178,-0.129094,0.208578,0.466575,1.05,1.07154,0.726272,0.545048,0.726272,0.581854,0.514323,0.433632,420,129,0.0783646,-1,1,1
hk_second,526,44,1,194,1.66434,0,2925,5930,-0.14276,0.0369511,0.0368662,-0.348948,0.425751,1.05,1.11083,0.403026,0.326226,0.403026,0.583136,0.332601,0.267532,420,129,0.0992047,1,1,1
hk_second,527,44,1,225,2.76063,0,8041,5905,0.158119,0.0896015,0.0300732,-0.177021,0.296099,1.05,1.04506,0.437414,0.384801,0.444292,0.494794,0.51952,0.445738,420,129,0.0963592,-1,1,1
hk_second,528,44,1,307,3.54299,1,8510,224,0.158795,0.118376,-0.22202,0.0434113,0.388356,1.05,0.98196,0.755158,0.553874,0.755158,0.542422,0.59552,0.53167,420,129,0.0986012,-1,1,1
hk_second,529,44,1,166,2.7943,1,8696,5939,0.188346,0.1366,0.0334911,0.0658207,0.170273,1.05,1.19902,0.436038,0.444406,0.500688,0.395545,0.616009,0.547759,420,129,0.100978,-1,1,1
hk_second,530,44,1,234,5.05474,0,5227,6021,-0.0567274,-0.364162,0.0384684,-0.180233,0.207263,1.05,0.854532,0.607978,0.507221,0.609353,0.357529,0.729442,0.654693,420,129,0.0854686,1,1,1
hk_second,531,44,1,171,2.84659,0,912,5930,-0.197198,0.105358,0.0368662,-0.348948,0.511057,1.05,1.0909,0.440165,0.33127,0.440165,0.684293,0.27371,0.196368,420,129,0.106159,-1,1,1
hk_second,532,44,1,79,4.65377,0,2753,6021,-0.153852,0.0429802,0.0384684,-0.180233,0.294749,1.05,1.07259,0.68088,0.513526,0.68088,0.562524,0.63444,0.549858,420,129,0.0976208,1,1,1
hk_second,533,44,1,94,4.06111,0,2745,5930,-0.162147,0.097084,0.0368662,-0.348948,0.488823,1.05,1.01791,0.405777,0.306625,0.405777,0.664893,0.280501,0.19836,420,129,0.0926248,-1,1,1
hk_second,534,44,1,159,0.175183,1,10342,4108,0.199654,0.0344048,-0.143532,-0.33996,0.507863,1.05,1.02024,0.517194,0.384801,0.517194,0.727877,0.32048,0.259254,420,129,0.0905441,1,1,1
hk_second,535,44,1,311,4.64363,0,8277,5905,0.17855,0.130058,0.0300732,-0.177021,0.341393,1.05,1.08448,0.442916,0.399702,0.458047,0.567796,0.498136,0.391757,420,129,0.103007,1,1,1
hk_second,536,44,1,295,3.00906,0,6429,4229,0.0812702,0.138203,-0.124166,0.197805,0.21409,1.05,0.922674,0.558459,0.435695,0.558459,0.327699,0.55404,0.47639,420,129,0.0752995,1,1,1
hk_second,537,44,1,28,2.69059,1,10375,4108,0.234842,0.100029,-0.143532,-0.33996,0.580342,1.05,1.00824,0.801926,0.571298,0.803301,0.738801,0.624189,0.564342,420,129,0.0992386,1,1,1
hk_second,538,44,1,271,0.991566,0,9670,5930,0.225389,0.107691,0.0368662,-0.348948,0.494029,1.05,1.06455,0.400275,0.335511,0.400275,0.695562,0.374458,0.308269,420,129,0.0975886,1,1,1
hk_second,539,44,1,49,3.74155,0,7102,4116,0.12375,0.0460739,-0.129094,0.208578,0.301691,1.05,1.05286,0.566712,0.429046,0.566712,0.459235,0.423175,0.341099,420,129,0.0891611,-1,1,1
hk_second,540,44,1,55,3.17185,1,10391,5930,0.233146,0.168499,0.0368662,-0.348948,0.553548,1.05,1.13423,0.81293,0.588033,0.81293,0.745694,0.627949,0.571509,420,129,0.0866075,1,1,1
hk_second,541,44,1,314,0.519196,1,8872,224,0.167253,0.128325,-0.22202,0.0434113,0.398726,1.05,1.05909,0.792297,0.574966,0.792297,0.577113,0.591847,0.527465,420,129,0.0935097,1,1,1
hk_second,542,44,1,328,5.66357,0,145,5978,-0.231773,0.0564556,0.0369835,0.0699272,0.269198,1.05,1.22964,0.3989,0.364626,0.419532,0.456824,0.499577,0.429601,420,129,0.0922506,1,1,1
hk_second,543,44,1,194,5.79888,1,2925,5978,-0.14276,0.0369511,0.0369835,0.0699272,0.182964,1.05,0.857205,0.449794,0.397868,0.449794,0.380969,0.53342,0.462845,420,129,0.103411,-1,1,1
hk_second,544,44,1,338,6.07272,0,8247,4229,0.165434,-0.127287,-0.124166,0.197805,0.435462,1.05,1.08381,0.58597,0.429963,0.58597,0.553373,0.430607,0.356196,420,129,0.0956803,1,1,1
hk_second,545,44,1,31,4.01405,0,6472,5905,0.0850973,-0.329395,0.0300732,-0.177021,0.162626,1.05,1.05514,0.519945,0.465841,0.526823,0.344049,0.797694,0.727623,420,129,0.0804343,1,1,1
hk_second,546,44,1,280,5.66821,0,3801,9747,-0.151362,-0.328093,0.197115,0.197071,0.630265,1.05,1.01951,0.713893,0.543673,0.713893,0.748564,0.593987,0.52455,420,129,0.0740915,1,1,1
hk_second,547,44,1,240,0.6781,0,9047,5905,0.183033,0.049387,0.0300732,-0.177021,0.273436,1.05,0.957372,0.671252,0.524301,0.671252,0.472888,0.710824,0.633436,420,129,0.100759,-1,1,1
hk_second,548,44,1,110,5.31133,0,3810,10195,-0.131227,0.036171,0.215868,-0.341135,0.512791,1.05,1.04581,0.700137,0.503095,0.700137,0.670614,0.575384,0.538133,420,129,0.0845916,-1,1,1
hk_second,549,44,1,188,3.70251,1,2079,9955,-0.179393,-0.0142174,0.20261,-0.11853,0.396057,1.05,1.17945,0.642366,0.475126,0.65337,0.572143,0.453865,0.410076,420,129,0.102828,-1,1,1
hk_second,550,44,1,42,4.77494,1,9253,5939,0.183644,0.10475,0.0334911,0.0658207,0.155124,1.05,1.17997,0.491059,0.450023,0.541953,0.422993,0.622669,0.559403,420,129,0.0907931,1,1,1
hk_second,551,44,1,328,5.30305,0,145,9955,-0.231773,0.0564556,0.20261,-0.11853,0.468314,1.05,1.15752,0.674003,0.497593,0.674003,0.616196,0.453884,0.403408,420,129,0.0848169,1,1,1
hk_second,552,44,1,325,5.15789,1,1245,9747,-0.198538,0.195587,0.197115,0.197071,0.39608,1.05,0.994578,0.910591,0.646263,0.910591,0.50327,0.602438,0.520904,420,129,0.0815549,1,1,1
hk_second,553,44,1,227,3.49874,1,6895,5939,0.117938,0.229021,0.0334911,0.0658207,0.183754,1.05,1.23942,0.430536,0.422627,0.444292,0.314927,0.631402,0.560279,420,129,0.0931369,1,1,1
hk_second,554,44,1,79,3.16312,0,2753,6021,-0.153852,0.0429802,0.0384684,-0.180233,0.294749,1.05,1.04609,0.599725,0.497937,0.62586,0.434309,0.623333,0.556607,420,129,0.098003,-1,1,1
hk_second,555,44,1,63,6.17971,1,5177,10964,-0.0550661,0.00213814,0.287165,0.0427685,0.344634,1.05,1.03323,0.508941,0.425034,0.522696,0.494455,0.50557,0.467978,420,129,0.0794173,1,1,1
hk_second,556,44,1,293,2.0901,0,2257,5978,-0.169992,0.166122,0.0369835,0.0699272,0.228537,1.05,1.00666,0.45392,0.423659,0.45392,0.412817,0.527765,0.458717,420,129,0.098686,1,1,1
hk_second,557,44,1,313,4.11691,0,5217,9841,-0.0556211,-0.298784,0.197415,0.204821,0.5636,1.05,1.05592,0.503439,0.364053,0.503439,0.721926,0.302162,0.237281,420,129,0.0834716,1,1,1
hk_second,558,44,1,95,5.3356,1,3656,6021,-0.143841,0.0715752,0.0384684,-0.180233,0.311312,1.05,0.983772,0.649243,0.502178,0.649243,0.554799,0.630915,0.546429,420,129,0.0862383,-1,1,1
hk_second,559,44,1,185,0.172366,0,4601,9747,-0.100121,0.141691,0.197115,0.197071,0.302402,1.05,0.908511,0.654745,0.490257,0.654745,0.42339,0.516925,0.43878,420,129,0.0878337,-1,1,1
hk_second,560,44,1,92,0.943448,0,9933,5905,0.183047,0.200186,0.0300732,-0.177021,0.407046,1.05,0.964119,0.462173,0.385259,0.462173,0.55314,0.441764,0.355529,420,129,0.0908644,-1,1,1
hk_second,561,44,1,296,1.46877,1,4264,10964,-0.121587,0.030117,0.287165,0.0427685,0.409766,1.05,0.971879,0.620358,0.505731,0.627235,0.532918,0.599047,0.557383,420,129,0.0902584,-1,1,1
hk_second,562,44,1,6,2.30229,1,1637,9747,-0.190655,0.136858,0.197115,0.197071,0.392545,1.05,1.02885,0.474553,0.355342,0.474553,0.605947,0.364064,0.288208,420,129,0.102855,-1,1,1
hk_second,563,44,1,235,3.97389,0,2606,10964,-0.157172,0.192364,0.287165,0.0427685,0.468843,1.05,1.12247,0.514443,0.40188,0.518569,0.598404,0.352132,0.299128,420,129,0.0938842,-1,1,1
hk_second,564,44,1,11,5.98024,0,2006,10964,-0.173419,-0.0156574,0.287165,0.0427685,0.464577,1.05,1.16314,0.749656,0.556167,0.757909,0.639028,0.581291,0.539333,420,129,0.100929,1,1,1
hk_second,565,44,1,276,2.48542,1,3716,6053,-0.146962,0.0401211,0.048049,0.23877,0.279037,1.05,1.17865,0.734525,0.559262,0.76066,0.442273,0.624221,0.547973,420,129,0.0868635,-1,1,1
hk_second,566,44,1,147,4.61725,1,7893,5930,0.149387,0.0651398,0.0368662,-0.348948,0.429126,1.05,1.01618,0.82806,0.609697,0.82806,0.605965,0.69683,0.609391,420,129,0.0873886,-1,1,1
hk_second,567,44,1,100,2.05138,0,8821,3682,0.195387,0.182163,-0.145423,-0.120304,0.455761,1.05,1.13117,0.635488,0.497707,0.635488,0.574829,0.508592,0.440013,420,129,0.0834258,-1,1,1
hk_second,568,44,1,148,0.663299,1,1845,6053,-0.183352,0.0122242,0.048049,0.23877,0.324008,1.05,1.18111,0.784044,0.57657,0.784044,0.466217,0.636981,0.561783,420,129,0.0928299,-1,1,1
hk_second,569,44,1,335,4.96366,1,464,10964,-0.226435,0.0147247,0.287165,0.0427685,0.514721,1.05,1.10853,0.862448,0.620816,0.862448,0.649324,0.616986,0.570645,420,129,0.0904429,1,1,1
hk_second,570,44,1,281,0.16966,0,5959,9955,0.0326958,-0.18923,0.20261,-0.11853,0.18407,1.05,1.16437,0.690509,0.554333,0.690509,0.445465,0.741925,0.691396,420,129,0.0747107,-1,1,1
hk_second,571,44,1,332,1.00814,1,5941,10195,0.0328388,-0.015934,0.215868,-0.341135,0.373293,1.05,1.14625,0.522696,0.423315,0.522696,0.494368,0.587623,0.533291,420,129,0.0849483,-1,1,1
hk_second,572,44,1,343,0.78665,1,7016,310,0.123242,-0.0546131,-0.219695,0.0452003,0.357235,1.05,1.05308,0.548831,0.4616,0.548831,0.48241,0.538828,0.479843,420,129,0.0823399,-1,1,1
hk_second,573,44,1,290,2.03001,0,4930,6021,-0.082468,-0.343641,0.0384684,-0.180233,0.203455,1.05,1.13603,0.540578,0.466414,0.540578,0.364378,0.73105,0.659524,420,129,0.0821041,1,1,1
hk_second,574,44,1,48,1.54265,0,3274,10195,-0.155717,0.0980568,0.215868,-0.341135,0.5755,1.05,1.09043,0.685007,0.498624,0.685007,0.690317,0.56835,0.527972,420,129,0.0875397,1,1,1
hk_second,575,44,1,81,4.59233,0,10762,5930,0.237948,0.178961,0.0368662,-0.348948,0.564908,1.05,1.13043,0.729023,0.520862,0.73315,0.774523,0.478195,0.400262,420,129,0.0940352,1,1,1
hk_second,576,44,1,32,0.262985,0,7744,5858,0.145889,-0.00840378,0.0265684,0.235537,0.271559,1.05,1.26214,0.76066,0.587574,0.76066,0.469258,0.593884,0.541636,420,140,0.094598,-1,1,1
hk_second,577,44,1,326,0.650931,1,8603,4108,0.209123,0.13381,-0.143532,-0.33996,0.590699,1.05,1.038,0.749656,0.539088,0.759285,0.711807,0.605773,0.543303,420,140,0.0897542,-1,1,1
hk_second,578,44,1,248,4.58293,1,7771,224,0.148771,0.0966034,-0.22202,0.0434113,0.374588,1.05,0.949947,0.712517,0.5337,0.712517,0.525846,0.585956,0.522319,420,140,0.0890742,-1,1,1
hk_second,579,44,1,327,5.52538,0,9518,224,0.186288,-0.137939,-0.22202,0.0434113,0.446858,1.05,1.08606,0.691884,0.529574,0.691884,0.622937,0.545415,0.480387,420,140,0.0795898,1,1,1
hk_second,580,44,1,14,6.16424,1,5570,10195,-0.00850677,-0.0638542,0.215868,-0.341135,0.356821,1.05,1.07053,0.647868,0.525676,0.651994,0.564037,0.585041,0.525784,420,140,0.0732198,-1,1,1
hk_second,581,44,1,14,1.55062,1,5570,9955,-0.00850677,-0.0638542,0.20261,-0.11853,0.21813,1.05,0.936773,0.525447,0.428244,0.526823,0.379608,0.566355,0.524756,420,140,0.0791496,1,1,1
hk_second,582,44,1,236,4.29584,0,4146,10964,-0.122572,-0.0686092,0.287165,0.0427685,0.424877,1.05,1.0571,0.639615,0.493008,0.639615,0.602422,0.539464,0.500879,420,140,0.0775225,-1,1,1
hk_second,583,44,1,226,5.15868,1,8630,4116,0.168265,-0.067524,-0.129094,0.208578,0.405777,1.05,1.06864,0.722146,0.529688,0.722146,0.506885,0.54871,0.467884,420,140,0.0846819,1,1,1
hk_second,584,44,1,138,0.885613,1,830,10964,-0.200837,0.146086,0.287165,0.0427685,0.498819,1.05,1.0484,0.965612,0.679734,0.965612,0.64485,0.641379,0.588762,420,140,0.0990002,-1,1,1
hk_second,585,44,1,270,2.92108,1,7665,224,0.147827,-0.0870876,-0.22202,0.0434113,0.392195,1.05,1.09192,0.587345,0.44773,0.587345,0.564862,0.517413,0.455279,420,140,0.0790173,1,1,1
hk_second,586,44,1,138,3.45625,1,830,10195,-0.200837,0.146086,0.215868,-0.341135,0.641186,1.05,1.08641,0.696011,0.503897,0.696011,0.787594,0.557858,0.516712,420,140,0.0979884,-1,1,1
hk_second,587,44,1,197,2.90245,1,6470,310,0.0840712,0.228271,-0.219695,0.0452003,0.35479,1.05,1.03103,0.583219,0.426983,0.583219,0.485776,0.460017,0.390148,420,140,0.0822058,1,1,1
hk_second,588,44,1,276,3.42464,1,3716,10195,-0.146962,0.0401211,0.215868,-0.341135,0.526398,1.05,1.03975,0.683631,0.520747,0.683631,0.689961,0.594328,0.555289,420,140,0.0864086,1,1,1
hk_second,589,44,1,57,6.24438,0,4978,9747,-0.0717449,-0.0889511,0.197115,0.197071,0.392602,1.05,0.970003,0.612104,0.480514,0.612104,0.523767,0.484736,0.409155,420,140,0.0820289,-1,1,1
hk_second,590,44,1,320,4.15386,0,10120,4108,0.230378,0.165562,-0.143532,-0.33996,0.628983,1.05,0.990712,0.5337,0.382623,0.5337,0.824319,0.336115,0.275531,420,140,0.0929396,1,1,1
hk_second,591,44,1,119,1.5455,0,6372,3892,0.0740252,-0.000478745,-0.135832,-0.12322,0.243156,1.05,1.00729,0.508941,0.395805,0.526823,0.454065,0.484996,0.409429,420,140,0.0879557,-1,1,1
hk_second,592,44,1,331,0.020316,1,6022,5858,0.0376511,-0.34959,0.0265684,0.235537,0.585313,1.05,1.09558,0.460798,0.356029,0.460798,0.745722,0.348475,0.275721,420,140,0.102028,-1,1,1
hk_second,593,44,1,212,5.2487,1,1917,10195,-0.185678,-0.0457993,0.215868,-0.341135,0.498478,1.05,0.982222,0.833562,0.591586,0.833562,0.617452,0.655799,0.613087,420,140,0.0839575,-1,1,1
hk_second,594,44,1,231,0.785459,0,6617,310,0.0951862,-0.347176,-0.219695,0.0452003,0.503212,1.05,1.04159,0.741403,0.56763,0.741403,0.643163,0.719055,0.65866,420,140,0.0803477,1,1,1
hk_second,595,44,1,46,5.66903,0,9358,5939,0.23048,0.0911007,0.0334911,0.0658207,0.199086,1.05,1.23303,0.474553,0.442801,0.528198,0.415277,0.632343,0.562406,420,140,0.0978127,1,1,1
hk_second,596,44,1,205,4.85394,1,1025,9747,-0.191309,0.0368557,0.197115,0.197071,0.42018,1.05,1.06776,0.815681,0.588148,0.815681,0.54656,0.571079,0.494461,420,140,0.0976792,-1,1,1
hk_second,597,44,1,309,0.904874,1,1878,5930,-0.182061,-0.226929,0.0368662,-0.348948,0.250749,1.05,1.07066,0.900963,0.669532,0.900963,0.414146,0.842202,0.771142,420,140,0.074396,-1,1,1
hk_second,598,44,1,27,4.56431,0,8788,4108,0.173485,-0.131092,-0.143532,-0.33996,0.379741,1.05,1.02061,0.80055,0.60133,0.814305,0.490432,0.731023,0.659181,420,140,0.0786288,1,1,1
hk_second,599,44,1,57,0.495367,1,4978,5930,-0.0717449,-0.0889511,0.0368662,-0.348948,0.281931,1.05,1.13557,0.518569,0.440165,0.518569,0.427546,0.614379,0.558981,420,140,0.0920351,-1,1,1
hk_second,600,44,1,296,0.53699,1,4264,10964,-0.121587,0.030117,0.287165,0.0427685,0.409766,1.05,1.21559,0.669876,0.506075,0.671252,0.589753,0.582676,0.540904,420,140,0.0946362,1,1,1
hk_second,601,44,1,354,4.51607,1,2052,9747,-0.173978,0.212563,0.197115,0.197071,0.371479,1.05,0.953893,0.712517,0.531064,0.712517,0.487224,0.569801,0.484956,420,140,0.0839069,1,1,1
hk_second,602,44,1,212,6.0498,0,1917,9955,-0.185678,-0.0457993,0.20261,-0.11853,0.395041,1.05,1.08445,0.559835,0.461371,0.56121,0.52228,0.462046,0.418911,420,140,0.0858688,1,1,1
hk_second,603,44,1,7,6.03183,0,164,9747,-0.224703,0.0232792,0.197115,0.197071,0.45622,1.05,1.07799,0.874828,0.613709,0.874828,0.592644,0.54478,0.463613,420,140,0.0913873,-1,1,1
hk_second,604,44,1,132,3.72162,0,6771,4229,0.109994,-0.34244,-0.124166,0.197805,0.588894,1.05,1.10605,0.563961,0.419418,0.569464,0.694724,0.354358,0.284603,420,140,0.080655,1,1,1
hk_second,605,44,1,336,3.36554,0,2980,5930,-0.13974,0.0195541,0.0368662,-0.348948,0.408727,1.05,0.943555,0.515818,0.387552,0.515818,0.60373,0.406104,0.325943,420,140,0.0880514,-1,1,1
hk_second,606,44,1,282,2.20542,0,5785,5978,0.00966835,-0.33427,0.0369835,0.0699272,0.405145,1.05,1.11386,0.444292,0.365543,0.444292,0.566725,0.498626,0.429662,420,140,0.0909941,1,1,1
hk_second,607,44,1,335,0.644672,0,464,6053,-0.226435,0.0147247,0.048049,0.23877,0.354831,1.05,1.07123,0.669876,0.516621,0.669876,0.473425,0.539094,0.468619,420,140,0.0994759,-1,1,1
hk_second,608,44,1,350,4.92313,1,7312,3682,0.132683,-0.0704346,-0.145423,-0.120304,0.283201,1.05,1.03891,0.463549,0.415864,0.474553,0.397552,0.497925,0.421741,420,140,0.077005,1,1,1
hk_second,609,44,1,175,1.80602,0,5584,5930,-0.00520706,0.10903,0.0368662,-0.348948,0.459997,1.05,1.05596,0.52132,0.378725,0.52132,0.616598,0.458672,0.383964,420,140,0.10104,-1,1,1
hk_second,610,44,1,132,2.64192,0,6771,310,0.109994,-0.34244,-0.219695,0.0452003,0.508881,1.05,1.03287,0.722146,0.563962,0.722146,0.660913,0.71667,0.655186,420,140,0.0751912,1,1,1
hk_second,611,44,1,83,0.967562,1,10890,3892,0.254601,0.147932,-0.135832,-0.12322,0.475375,1.05,1.1188,0.657497,0.502293,0.667125,0.626828,0.5164,0.441759,420,140,0.0873696,1,1,1
hk_second,612,44,1,81,2.46548,1,10762,5939,0.237948,0.178961,0.0334911,0.0658207,0.233819,1.05,1.27159,0.517194,0.462173,0.517194,0.435618,0.605126,0.542611,420,140,0.0937597,-1,1,1
hk_second,613,44,1,227,2.66545,1,6895,5858,0.117938,0.229021,0.0265684,0.235537,0.0919632,1.05,0.78004,0.481431,0.417813,0.488308,0.304749,0.707066,0.65154,420,140,0.0730689,1,1,1
hk_second,614,44,1,88,2.84141,0,8379,4108,0.173568,-0.184334,-0.143532,-0.33996,0.353357,1.05,1.03509,0.953232,0.697845,0.954608,0.55233,0.750639,0.677237,420,140,0.0761161,-1,1,1
hk_second,615,44,1,263,4.33377,1,10637,4108,0.24009,0.1061,-0.143532,-0.33996,0.588333,1.05,0.994802,0.781293,0.570151,0.80055,0.698386,0.630606,0.57,420,140,0.0873742,-1,1,1
hk_second,616,44,1,266,5.31507,1,7692,3892,0.141196,0.0755539,-0.135832,-0.12322,0.340983,1.05,1.09417,0.547455,0.411738,0.547455,0.483258,0.43136,0.353866,420,140,0.0907394,-1,1,1
hk_second,617,44,1,272,4.80099,1,7898,310,0.147932,0.0597,-0.219695,0.0452003,0.367945,1.05,0.980217,0.620358,0.480972,0.635488,0.547201,0.581143,0.519891,420,140,0.0840143,1,1,1
hk_second,618,44,1,125,2.98194,0,454,9955,-0.216916,0.104023,0.20261,-0.11853,0.474905,1.05,1.13042,0.722146,0.520174,0.722146,0.67569,0.464332,0.410715,420,140,0.0935591,1,1,1
hk_second,619,44,1,235,6.16618,0,2606,9955,-0.157172,0.192364,0.20261,-0.11853,0.47552,1.05,1.00178,0.762036,0.541953,0.763411,0.629085,0.519009,0.463315,420,140,0.0913667,-1,1,1
hk_second,620,44,1,214,5.25316,1,4384,5978,-0.119753,-0.22311,0.0369835,0.0699272,0.332323,1.05,1.13028,0.605227,0.477533,0.605227,0.532917,0.539465,0.458976,420,140,0.0846094,-1,1,1
hk_second,621,44,1,114,2.46647,1,5668,10195,0.00244904,0.0739937,0.215868,-0.341135,0.466874,1.05,1.08472,0.635488,0.508024,0.661623,0.624146,0.498087,0.457534,420,140,0.0817802,-1,1,1
hk_second,622,44,1,69,5.96662,0,6992,5858,0.132932,-0.357224,0.0265684,0.235537,0.602227,1.05,1.11612,0.730399,0.518913,0.730399,0.771828,0.468531,0.402649,420,140,0.100022,-1,1,1
hk_second,623,44,1,168,5.37924,0,4388,10964,-0.116703,-0.251677,0.287165,0.0427685,0.499973,1.05,0.983178,0.631362,0.527281,0.638239,0.648688,0.618027,0.584905,420,140,0.075012,1,1,1
hk_second,624,44,1,77,3.44966,1,287,10195,-0.226969,0.101463,0.215868,-0.341135,0.626105,1.05,1.00055,0.716644,0.530261,0.716644,0.729619,0.613729,0.572145,420,140,0.0853329,1,1,1
hk_second,625,44,1,114,4.69633,1,5668,6053,0.00244904,0.0739937,0.048049,0.23877,0.170969,1.05,1.02304,0.504814,0.428932,0.511692,0.355803,0.540996,0.470522,420,140,0.0746144,-1,1,1
hk_second,626,44,1,225,4.94837,0,8041,5930,0.158119,0.0896015,0.0368662,-0.348948,0.455214,1.05,1.10065,0.811554,0.591701,0.811554,0.612231,0.649091,0.588176,420,140,0.0932435,1,1,1
hk_second,627,44,1,19,1.70893,0,4470,6053,-0.109126,0.187119,0.048049,0.23877,0.165444,1.05,0.796456,0.497937,0.410821,0.497937,0.322098,0.632565,0.563261,420,140,0.0863999,1,1,1
hk_second,628,44,1,138,5.67461,0,830,9955,-0.200837,0.146086,0.20261,-0.11853,0.482506,1.05,1.10491,0.72077,0.519028,0.72077,0.646755,0.498269,0.446161,420,140,0.101382,-1,1,1
hk_second,629,44,1,234,0.420408,1,5227,6053,-0.0567274,-0.364162,0.048049,0.23877,0.611968,1.05,1.03722,0.679505,0.483494,0.679505,0.767997,0.419122,0.349427,420,140,0.104794,-1,1,1
hk_second,630,44,1,335,4.89955,1,464,10195,-0.226435,0.0147247,0.215868,-0.341135,0.567767,1.05,1.01136,0.866575,0.60901,0.866575,0.725039,0.649494,0.598513,420,140,0.0932926,-1,1,1
hk_second,631,44,1,3,1.79246,0,6806,5939,0.103346,0.0448399,0.0334911,0.0658207,0.0739913,1.05,0.728591,0.45392,0.395346,0.478679,0.288805,0.616117,0.563923,420,140,0.0818441,-1,1,1
hk_second,632,44,1,166,3.4004,1,8696,4229,0.188346,0.1366,-0.124166,0.197805,0.318605,1.05,1.04867,0.462173,0.374943,0.462173,0.477621,0.459141,0.384393,420,140,0.112911,1,1,1
hk_second,633,44,1,64,5.87935,0,3105,10195,-0.149013,0.159067,0.215868,-0.341135,0.619219,1.05,1.10581,0.676754,0.496217,0.676754,0.771687,0.534497,0.497018,420,140,0.0861859,-1,1,1
hk_second,634,44,1,204,1.65319,1,1163,6021,-0.192342,0.131229,0.0384684,-0.180233,0.387749,1.05,1.122,0.687758,0.513984,0.700137,0.583498,0.611487,0.530226,420,140,0.107084,1,1,1
hk_second,635,44,1,301,3.92845,1,5144,6053,-0.0571032,-0.0350533,0.048049,0.23877,0.293461,1.05,1.10888,0.658872,0.478106,0.658872,0.485939,0.498418,0.434121,420,140,0.0825713,1,1,1
hk_second,636,44,1,332,2.484,1,5941,9955,0.0328388,-0.015934,0.20261,-0.11853,0.198416,1.05,1.07349,0.331499,0.338033,0.350756,0.361305,0.487419,0.417705,420,140,0.109348,1,1,1
hk_second,637,44,1,138,5.02944,1,830,6053,-0.200837,0.146086,0.048049,0.23877,0.265583,1.05,1.01975,0.535076,0.454264,0.535076,0.404699,0.648979,0.577383,420,140,0.102066,1,1,1
hk_second,638,44,1,349,4.88106,1,3277,10195,-0.154407,-0.0541534,0.215868,-0.341135,0.468545,1.05,1.04941,0.833562,0.602591,0.833562,0.63785,0.646323,0.606168,420,140,0.0801155,-1,1,1
hk_second,639,44,1,95,5.4708,1,3656,10195,-0.143841,0.0715752,0.215868,-0.341135,0.547671,1.05,1.02541,0.709766,0.529803,0.709766,0.722513,0.582257,0.545564,420,140,0.0852017,-1,1,1
hk_second,640,44,1,145,1.22456,1,10432,4108,0.196428,0.145632,-0.143532,-0.33996,0.592767,1.05,1.0621,0.757909,0.54138,0.757909,0.750609,0.599889,0.542331,420,132,0.0994187,1,1,1
hk_second,641,44,1,144,6.2804,0,2236,10964,-0.158705,0.0825329,0.287165,0.0427685,0.447834,1.05,1.07417,0.753783,0.569693,0.753783,0.608055,0.627666,0.58209,420,132,0.0859289,-1,1,1
hk_second,642,44,1,355,6.05305,1,1726,10964,-0.178373,0.123741,0.287165,0.0427685,0.472536,1.05,0.974139,0.863824,0.62414,0.863824,0.629276,0.657206,0.606742,420,132,0.105693,1,1,1
hk_second,643,44,1,220,6.07304,1,2899,9955,-0.150585,0.177588,0.20261,-0.11853,0.461153,1.05,0.99298,0.742778,0.52751,0.745529,0.619582,0.489537,0.438139,420,132,0.0851422,-1,1,1
hk_second,644,44,1,242,5.52612,1,8888,5930,0.193636,0.110502,0.0368662,-0.348948,0.485557,1.05,1.04932,0.488308,0.375974,0.488308,0.667206,0.377891,0.313676,420,132,0.0999765,-1,1,1
hk_second,645,44,1,333,5.57212,1,5034,9841,-0.0674944,-0.0651569,0.197415,0.204821,0.37834,1.05,0.998893,0.645117,0.487276,0.645117,0.526153,0.494016,0.417473,420,132,0.0807982,1,1,1
hk_second,646,44,1,58,0.422316,1,10095,310,0.206203,-0.160028,-0.219695,0.0452003,0.472822,1.05,1.067,0.629986,0.506763,0.645117,0.634596,0.542806,0.482957,420,132,0.0812546,1,1,1
hk_second,647,44,1,93,1.15438,0,5274,6053,-0.0439816,0.168495,0.048049,0.23877,0.116114,1.05,1.34545,0.517194,0.418845,0.517194,0.326859,0.601528,0.5316,420,132,0.0707835,1,1,1
hk_second,648,44,1,338,6.10252,1,8247,5930,0.165434,-0.127287,0.0368662,-0.348948,0.256394,1.05,1.01104,0.605227,0.499656,0.609353,0.401071,0.708441,0.647647,420,132,0.140744,-1,1,1
hk_second,649,44,1,104,1.93785,0,2603,10964,-0.163672,-0.0595016,0.287165,0.0427685,0.462392,1.05,1.06138,0.708391,0.532668,0.708391,0.65728,0.57124,0.528763,420,132,0.0792023,1,1,1
hk_second,650,44,1,265,2.51776,0,9994,5930,0.249557,0.00668144,0.0368662,-0.348948,0.414421,1.05,1.09529,0.463549,0.382164,0.463549,0.609869,0.478683,0.413529,420,132,0.0862257,-1,1,1
hk_second,651,44,1,227,2.29249,0,6895,5905,0.117938,0.229021,0.0300732,-0.177021,0.415519,1.05,1.15862,0.473177,0.378955,0.473177,0.600474,0.405724,0.325127,420,132,0.103884,-1,1,1
hk_second,652,44,1,0,0.911507,1,8010,310,0.153151,0.106094,-0.219695,0.0452003,0.377901,1.05,0.954561,0.726272,0.54287,0.726272,0.5202,0.600002,0.537894,420,132,0.0955855,-1,1,1
hk_second,653,44,1,86,4.25706,1,3744,5930,-0.148283,0.0602264,0.0368662,-0.348948,0.449996,1.05,0.977465,0.412655,0.318203,0.412655,0.615645,0.302731,0.21881,420,132,0.0979061,1,1,1
hk_second,654,44,1,327,2.02799,0,9518,4108,0.186288,-0.137939,-0.143532,-0.33996,0.386875,1.05,1.00461,0.784044,0.592962,0.803301,0.488098,0.73738,0.666891,420,132,0.0778191,1,1,1
hk_second,655,44,1,332,3.68485,0,5941,10964,0.0328388,-0.015934,0.287165,0.0427685,0.261013,1.05,0.991778,0.50619,0.401536,0.50619,0.470091,0.476092,0.43284,420,132,0.0810164,1,1,1
hk_second,656,44,1,8,5.61191,0,9999,224,0.20046,0.210665,-0.22202,0.0434113,0.454383,1.05,1.04987,0.713893,0.526593,0.713893,0.604469,0.55058,0.477401,420,132,0.0868322,-1,1,1
hk_second,657,44,1,17,1.76995,1,5499,5930,-0.020174,-0.34054,0.0368662,-0.348948,0.0576565,1.05,1.00318,0.511692,0.470426,0.525447,0.247908,0.801419,0.767891,420,132,0.0709356,1,1,1
hk_second,658,44,1,283,2.62146,0,8530,310,0.159548,0.124092,-0.219695,0.0452003,0.387374,1.05,0.949579,0.779917,0.574049,0.779917,0.525461,0.606002,0.542839,420,132,0.087607,1,1,1
hk_second,659,44,1,35,6.1353,0,1295,10964,-0.18936,0.032856,0.287165,0.0427685,0.476702,1.05,1.06097,0.764787,0.576112,0.764787,0.636467,0.604188,0.554289,420,132,0.0884816,-1,1,1
hk_second,660,44,1,84,5.66207,0,6511,224,0.0878477,0.250835,-0.22202,0.0434113,0.372985,1.05,0.9758,0.552957,0.409331,0.558459,0.532178,0.440236,0.367583,420,132,0.0880698,-1,1,1
hk_second,661,44,1,76,2.23329,0,3124,10964,-0.146292,0.0999088,0.287165,0.0427685,0.437528,1.05,1.16805,0.729023,0.53989,0.729023,0.56523,0.616889,0.566548,420,132,0.0867968,-1,1,1
hk_second,662,44,1,86,4.46778,0,3744,5978,-0.148283,0.0602264,0.0369835,0.0699272,0.187642,1.05,1.07498,0.433287,0.398097,0.471802,0.393899,0.516027,0.44765,420,132,0.0965168,1,1,1
hk_second,663,44,1,95,3.29657,0,3656,9747,-0.143841,0.0715752,0.197115,0.197071,0.363956,1.05,1.03627,0.806052,0.568546,0.806052,0.514975,0.561855,0.48299,420,132,0.0849799,-1,1,1
hk_second,664,44,1,175,0.436517,0,5584,9955,-0.00520706,0.10903,0.20261,-0.11853,0.308209,1.05,1.08303,0.277854,0.244383,0.277854,0.456194,0.303715,0.23289,420,132,0.104382,-1,1,1
hk_second,665,44,1,142,1.72418,1,1398,9955,-0.198367,0.168041,0.20261,-0.11853,0.493002,1.05,1.15571,0.69326,0.524072,0.69326,0.599199,0.507652,0.455635,420,132,0.0852842,-1,1,1
hk_second,666,44,1,210,5.236,0,8066,5930,0.172959,0.0951385,0.0368662,-0.348948,0.46487,1.05,1.02011,0.397524,0.331614,0.408528,0.656995,0.332639,0.256171,420,132,0.0876187,-1,1,1
hk_second,667,44,1,193,1.555,0,8574,4229,0.169613,0.198015,-0.124166,0.197805,0.293931,1.05,1.09754,0.4663,0.402797,0.477304,0.420693,0.56658,0.492983,420,132,0.0906578,-1,1,1
hk_second,668,44,1,262,1.28129,0,778,10964,-0.210507,0.0680695,0.287165,0.0427685,0.498648,1.05,1.09906,0.847318,0.622306,0.847318,0.66716,0.627311,0.576949,420,132,0.0901449,-1,1,1
hk_second,669,44,1,68,0.0685676,0,4756,5978,-0.0913134,0.027607,0.0369835,0.0699272,0.135413,1.05,1.01735,0.511692,0.429849,0.529574,0.329081,0.528003,0.477472,420,132,0.0961018,-1,1,1
hk_second,670,44,1,350,2.53691,1,7312,5939,0.132683,-0.0704346,0.0334911,0.0658207,0.168897,1.05,1.11083,0.616231,0.492205,0.620358,0.390015,0.631922,0.556713,420,132,0.0981857,1,1,1
hk_second,671,44,1,33,1.28347,1,5177,5978,-0.0550661,0.00213814,0.0369835,0.0699272,0.114317,1.05,0.758749,0.401651,0.400734,0.437414,0.282438,0.534235,0.460403,420,132,0.0902083,1,1,1
hk_second,672,44,1,258,4.81814,1,8871,3892,0.168806,-0.0773411,-0.135832,-0.12322,0.308087,1.05,1.04511,0.598349,0.455869,0.598349,0.544591,0.50229,0.423022,420,132,0.0814737,1,1,1
hk_second,673,44,1,285,0.899586,0,3880,6021,-0.129067,0.0450993,0.0384684,-0.180233,0.280951,1.05,1.10596,0.606602,0.498625,0.620358,0.441185,0.626124,0.554137,420,132,0.0931875,-1,1,1
hk_second,674,44,1,115,1.53954,1,3069,5930,-0.14577,-0.0782051,0.0368662,-0.348948,0.326585,1.05,0.985671,0.610729,0.483952,0.610729,0.485799,0.536238,0.470661,420,132,0.08565,-1,1,1
hk_second,675,44,1,129,2.19713,1,7775,5905,0.147208,0.109085,0.0300732,-0.177021,0.309156,1.05,1.07996,0.555708,0.450711,0.555708,0.50261,0.577366,0.493739,420,132,0.0961645,-1,1,1
hk_second,676,44,1,36,0.579065,1,4675,6053,-0.0961971,0.0408859,0.048049,0.23877,0.245127,1.05,0.827342,0.651994,0.501605,0.664374,0.418291,0.601754,0.529488,420,132,0.0894147,-1,1,1
hk_second,677,44,1,161,4.43818,1,2296,10195,-0.169759,0.173975,0.215868,-0.341135,0.643477,1.05,1.11103,0.682256,0.493122,0.682256,0.774879,0.535129,0.498611,420,132,0.0883039,1,1,1
hk_second,678,44,1,229,3.68142,0,6569,310,0.0887804,0.0686264,-0.219695,0.0452003,0.309505,1.05,1.09804,0.609353,0.462746,0.609353,0.491392,0.560879,0.499927,420,132,0.103601,1,1,1
hk_second,679,44,1,192,4.54703,1,6935,3682,0.117278,-0.18766,-0.145423,-0.120304,0.271199,1.05,1.03377,0.602476,0.466873,0.602476,0.464802,0.583922,0.509082,420,132,0.0795861,1,1,1
hk_second,680,44,1,44,4.92437,1,5645,6053,-0.00166035,-0.144115,0.048049,0.23877,0.386098,1.05,1.05334,0.526823,0.402224,0.529574,0.573682,0.352863,0.279503,420,132,0.0943111,1,1,1
hk_second,681,44,1,60,5.26546,1,3920,6021,-0.145715,-0.23489,0.0384684,-0.180233,0.192122,1.05,1.06232,0.6011,0.495186,0.6011,0.422077,0.730263,0.666388,420,132,0.0765103,-1,1,1
hk_second,682,44,1,162,1.17409,1,5545,10964,-0.00926971,0.172331,0.287165,0.0427685,0.323581,1.05,1.15055,0.675378,0.524415,0.675378,0.505133,0.608047,0.555328,420,132,0.0738472,-1,1,1
hk_second,683,44,1,45,4.03875,1,10394,4116,0.233486,0.167738,-0.129094,0.208578,0.365061,1.05,1.04297,0.643741,0.51066,0.643741,0.580207,0.555664,0.472674,420,132,0.0847581,-1,1,1
hk_second,684,44,1,9,4.08771,1,723,6021,-0.198773,0.0427933,0.0384684,-0.180233,0.325715,1.05,1.09214,0.689133,0.534044,0.69326,0.554225,0.661057,0.59167,420,132,0.101907,-1,1,1
hk_second,685,44,1,98,5.48244,1,5863,10964,0.0213184,-0.163612,0.287165,0.0427685,0.336685,1.05,1.05894,0.68088,0.546653,0.68088,0.581725,0.672931,0.644474,420,132,0.0730083,1,1,1
hk_second,686,44,1,48,0.338859,0,3274,10195,-0.155717,0.0980568,0.215868,-0.341135,0.5755,1.05,1.07797,0.719395,0.511806,0.719395,0.749649,0.564336,0.523949,420,132,0.0837414,1,1,1
hk_second,687,44,1,305,5.8028,0,4299,9841,-0.120824,0.0128975,0.197415,0.204821,0.372447,1.05,1.1256,0.786795,0.566025,0.786795,0.563494,0.556952,0.479763,420,132,0.0885972,-1,1,1
hk_second,688,44,1,235,0.0910788,0,2606,10195,-0.157172,0.192364,0.215868,-0.341135,0.651055,1.05,1.00654,0.700137,0.50917,0.700137,0.791555,0.540473,0.500932,420,132,0.0823834,-1,1,1
hk_second,689,44,1,36,0.831516,0,4675,10195,-0.0961971,0.0408859,0.215868,-0.341135,0.493282,1.05,1.0267,0.683631,0.491288,0.683631,0.6733,0.581721,0.543619,420,132,0.0836553,1,1,1
hk_second,690,44,1,323,6.1671,0,9776,5858,0.192269,-0.12063,0.0265684,0.235537,0.392825,1.05,0.94742,0.782668,0.59984,0.790922,0.534936,0.541568,0.494017,420,132,0.0976097,-1,1,1
hk_second,691,44,1,255,0.438106,0,5114,9955,-0.0671492,-0.347904,0.20261,-0.11853,0.354123,1.05,1.06153,0.614856,0.479253,0.616231,0.482835,0.573723,0.509477,420,132,0.0782994,-1,1,1
hk_second,692,44,1,122,1.45693,0,4608,9841,-0.100303,0.0401154,0.197415,0.204821,0.340241,1.05,1.07761,0.620358,0.449221,0.620358,0.487735,0.415656,0.340895,420,132,0.0914579,-1,1,1
hk_second,693,44,1,144,1.2546,1,2236,9955,-0.158705,0.0825329,0.20261,-0.11853,0.413582,1.05,1.04045,0.638239,0.456671,0.638239,0.610639,0.442943,0.395698,420,132,0.0878558,-1,1,1
hk_second,694,44,1,245,5.92898,1,9764,3892,0.216486,0.139889,-0.135832,-0.12322,0.439744,1.05,1.03486,0.687758,0.48934,0.687758,0.660642,0.484004,0.412148,420,132,0.104812,-1,1,1
hk_second,695,44,1,73,2.93721,0,535,9955,-0.212989,0.106691,0.20261,-0.11853,0.472721,1.05,1.1513,0.636864,0.494727,0.636864,0.591778,0.466681,0.414809,420,132,0.0903582,1,1,1
hk_second,696,44,1,165,4.52147,1,8843,5939,0.164474,-0.0431175,0.0334911,0.0658207,0.170364,1.05,1.27676,0.550206,0.482806,0.565337,0.358028,0.632393,0.564907,420,132,0.0908716,1,1,1
hk_second,697,44,1,142,1.4158,1,1398,9841,-0.198367,0.168041,0.197415,0.204821,0.397834,1.05,1.00906,0.441541,0.352132,0.445667,0.556154,0.38535,0.304323,420,132,0.101798,1,1,1
hk_second,698,44,1,12,5.14581,1,5868,5978,0.0212555,-0.215813,0.0369835,0.0699272,0.28629,1.05,1.04011,0.525447,0.41254,0.525447,0.465864,0.517244,0.446134,420,132,0.101822,-1,1,1
hk_second,699,44,1,263,2.05003,1,10637,5858,0.24009,0.1061,0.0265684,0.235537,0.249691,1.05,0.975102,0.513067,0.458047,0.513067,0.369534,0.664301,0.59456,420,132,0.0988015,1,1,1
hk_second,700,44,1,241,4.4087,0,3662,5930,-0.152966,-0.152401,0.0368662,-0.348948,0.273253,1.05,1.06741,0.833562,0.619784,0.839065,0.459301,0.787636,0.72302,420,132,0.0786208,1,1,1
hk_second,701,44,1,272,0.851749,1,7898,4116,0.147932,0.0597,-0.129094,0.208578,0.314815,1.05,0.95852,0.551582,0.422742,0.551582,0.488125,0.431868,0.35132,420,132,0.0899386,-1,1,1
hk_second,702,44,1,267,0.810248,0,6716,5939,0.111472,-0.328012,0.0334911,0.0658207,0.401564,1.05,1.12887,0.694635,0.515704,0.694635,0.545349,0.619255,0.550915,420,132,0.086257,1,1,1
hk_second,703,44,1,102,4.23375,0,7422,4229,0.135748,0.163858,-0.124166,0.197805,0.262162,1.05,0.825874,0.502063,0.439363,0.502063,0.430538,0.535287,0.460409,420,132,0.0823813,-1,1,1
hk_second,704,44,1,95,4.47772,0,3656,9955,-0.143841,0.0715752,0.20261,-0.11853,0.395688,1.05,1.04254,0.57359,0.468592,0.577717,0.509505,0.445062,0.396433,420,133,0.0854739,-1,1,1
hk_second,705,44,1,105,4.6303,1,6653,4229,0.10094,-0.290892,-0.124166,0.197805,0.538229,1.05,1.00624,0.576341,0.424347,0.576341,0.662742,0.367579,0.295706,420,133,0.0802487,1,1,1
hk_second,706,44,1,126,0.104632,0,6357,5905,0.0775404,-0.235666,0.0300732,-0.177021,0.075448,1.05,0.90442,0.532325,0.496103,0.569464,0.287908,0.778145,0.735885,420,133,0.0738361,1,1,1
hk_second,707,44,1,142,6.24633,0,1398,9841,-0.198367,0.168041,0.197415,0.204821,0.397834,1.05,1.01914,0.418157,0.358895,0.418157,0.574169,0.385045,0.303831,420,133,0.102907,-1,1,1
hk_second,708,44,1,178,0.691713,1,8607,5930,0.168005,-0.151178,0.0368662,-0.348948,0.237297,1.05,0.9648,0.909216,0.684778,0.918845,0.441557,0.85618,0.791633,420,133,0.11885,1,1,1
hk_second,709,44,1,33,1.30501,0,5177,10964,-0.0550661,0.00213814,0.287165,0.0427685,0.344634,1.05,1.11258,0.514443,0.40658,0.514443,0.529836,0.501621,0.46495,420,133,0.0842674,1,1,1
hk_second,710,44,1,199,1.66525,0,6355,3682,0.0776243,-0.248634,-0.145423,-0.120304,0.257479,1.05,0.979534,0.66575,0.513984,0.66575,0.435932,0.667744,0.591995,420,133,0.0790904,1,1,1
hk_second,711,44,1,236,2.30874,1,4146,9747,-0.122572,-0.0686092,0.197115,0.197071,0.415854,1.05,1.08062,0.711142,0.509285,0.711142,0.593933,0.485294,0.409512,420,133,0.0828713,1,1,1
hk_second,712,44,1,190,2.92187,0,5189,6021,-0.0536966,0.132971,0.0384684,-0.180233,0.326583,1.05,1.05099,0.547455,0.404172,0.547455,0.48999,0.487435,0.418134,420,133,0.0954728,-1,1,1
hk_second,713,44,1,38,4.66204,1,1188,9955,-0.204065,0.176115,0.20261,-0.11853,0.502361,1.05,1.02315,0.789546,0.555364,0.789546,0.676815,0.518708,0.465376,420,133,0.0851023,-1,1,1
hk_second,714,44,1,206,3.03983,0,8980,5858,0.221375,0.069849,0.0265684,0.235537,0.256565,1.05,1.07401,0.790922,0.582531,0.790922,0.407798,0.695335,0.628335,420,133,0.0909115,1,1,1
hk_second,715,44,1,124,5.74405,1,9146,4108,0.178815,0.0965843,-0.143532,-0.33996,0.542741,1.05,1.03669,0.781293,0.556396,0.781293,0.736047,0.611018,0.548783,420,133,0.0807237,1,1,1
hk_second,716,44,1,218,0.942167,1,7771,224,0.148771,0.0966034,-0.22202,0.0434113,0.374588,1.05,0.999773,0.72077,0.529344,0.72077,0.549914,0.599634,0.535086,420,133,0.0892136,-1,1,1
hk_second,717,44,1,52,1.70208,0,9232,5858,0.17929,0.0167542,0.0265684,0.235537,0.26775,1.05,1.20041,0.762036,0.568432,0.767538,0.433699,0.642482,0.586448,420,133,0.0876511,-1,1,1
hk_second,718,44,1,195,0.15233,1,4564,5930,-0.104622,-0.174194,0.0368662,-0.348948,0.22521,1.05,0.909823,0.851444,0.640303,0.851444,0.469413,0.785359,0.724575,420,133,0.0752221,1,1,1
hk_second,719,44,1,66,4.43638,0,10754,5905,0.231573,0.194092,0.0300732,-0.177021,0.422318,1.05,0.963905,0.451169,0.387781,0.469051,0.611082,0.46077,0.362929,420,133,0.0977351,-1,1,1
hk_second,720,44,1,244,5.43601,0,4636,9955,-0.118258,-0.342709,0.20261,-0.11853,0.391451,1.05,1.01253,0.929849,0.679619,0.929849,0.524043,0.731088,0.675471,420,133,0.0755785,1,1,1
hk_second,721,44,1,172,0.818674,1,9878,4108,0.195285,-0.144848,-0.143532,-0.33996,0.39108,1.05,1.01743,0.917469,0.678817,0.954608,0.542403,0.735157,0.663391,420,133,0.0769665,1,1,1
hk_second,722,44,1,247,2.1781,1,7124,5905,0.133885,-0.236761,0.0300732,-0.177021,0.119776,1.05,1.03176,0.508941,0.512036,0.588721,0.28522,0.794142,0.730538,420,133,0.0747372,1,1,1
hk_second,723,44,1,59,5.69512,1,4286,10964,-0.117738,0.104343,0.287165,0.0427685,0.409564,1.05,1.10746,0.746905,0.554333,0.746905,0.585813,0.613541,0.567428,420,133,0.0950476,1,1,1
hk_second,724,44,1,68,5.08805,0,4756,9747,-0.0913134,0.027607,0.197115,0.197071,0.334587,1.05,1.27808,0.716644,0.515589,0.716644,0.508917,0.542846,0.465838,420,133,0.0901561,-1,1,1
hk_second,725,44,1,260,4.7021,1,2043,9841,-0.184146,0.0862808,0.197415,0.204821,0.399958,1.05,1.04184,0.645117,0.491288,0.649243,0.587104,0.493915,0.415223,420,133,0.0917151,1,1,1
hk_second,726,44,1,125,4.20468,0,454,9747,-0.216916,0.104023,0.197115,0.197071,0.42437,1.05,1.03374,0.883081,0.628267,0.883081,0.549828,0.578323,0.50025,420,133,0.0998481,-1,1,1
hk_second,727,44,1,71,4.91908,0,5804,9955,0.0182104,-0.361324,0.20261,-0.11853,0.304914,1.05,1.0535,0.68088,0.523384,0.683631,0.466284,0.672838,0.600546,420,133,0.0817218,1,1,1
hk_second,728,44,1,342,1.72943,0,126,9955,-0.2208,-0.00627518,0.20261,-0.11853,0.438062,1.05,1.1145,0.572215,0.462517,0.572215,0.546363,0.45972,0.40876,420,133,0.0847533,1,1,1
hk_second,729,44,1,239,4.69423,0,10673,4116,0.249869,0.139086,-0.129094,0.208578,0.385396,1.05,1.07094,0.418157,0.368065,0.425034,0.606761,0.439357,0.35272,420,133,0.0949608,-1,1,1
hk_second,730,44,1,284,0.873274,1,5764,9747,0.0113955,-0.273321,0.197115,0.197071,0.505737,1.05,0.973002,0.603851,0.428702,0.603851,0.676635,0.361563,0.301018,420,133,0.0902694,1,1,1
hk_second,731,44,1,290,3.79135,0,4930,10195,-0.082468,-0.343641,0.215868,-0.341135,0.298502,1.05,0.965086,0.814305,0.626433,0.814305,0.43351,0.740624,0.671005,420,133,0.0771494,1,1,1
hk_second,732,44,1,74,1.04178,1,8920,4108,0.171358,-0.181938,-0.143532,-0.33996,0.352316,1.05,1.0261,0.933975,0.685695,0.953232,0.543314,0.745542,0.673403,420,133,0.0769989,-1,1,1
hk_second,733,44,1,210,0.804446,0,8066,5905,0.172959,0.0951385,0.0300732,-0.177021,0.307988,1.05,1.09623,0.419532,0.413228,0.475928,0.553699,0.501262,0.421718,420,133,0.0975136,1,1,1
hk_second,734,44,1,348,1.75947,0,4881,9955,-0.0812931,0.0520878,0.20261,-0.11853,0.331251,1.05,1.19137,0.568088,0.429963,0.568088,0.485448,0.420697,0.356914,420,133,0.0888874,-1,1,1
hk_second,735,44,1,15,3.77346,0,2437,10195,-0.165801,-0.121548,0.215868,-0.341135,0.440435,1.05,1.03376,0.869326,0.621848,0.869326,0.599808,0.680899,0.637706,420,133,0.077918,1,1,1
hk_second,736,44,1,334,3.70849,1,5422,9747,-0.0272398,-0.0630569,0.197115,0.197071,0.343527,1.05,1.11093,0.649243,0.498739,0.65337,0.603075,0.534495,0.462542,420,133,0.0837327,1,1,1
hk_second,737,44,1,180,1.02871,1,10765,4108,0.253306,0.143385,-0.143532,-0.33996,0.625454,1.05,1.05204,0.513067,0.367492,0.513067,0.767871,0.336699,0.275444,420,133,0.0894773,-1,1,1
hk_second,738,44,1,334,0.128137,0,5422,10964,-0.0272398,-0.0630569,0.287165,0.0427685,0.331737,1.05,0.966653,0.474553,0.433402,0.499312,0.531977,0.52864,0.496229,420,133,0.0775691,1,1,1
hk_second,739,44,1,26,2.16158,1,6899,5858,0.112572,-0.103825,0.0265684,0.235537,0.350136,1.05,1.10555,0.744154,0.564191,0.744154,0.556357,0.493437,0.431647,420,133,0.10849,1,1,1
hk_second,740,44,1,8,4.26979,1,9999,3892,0.20046,0.210665,-0.135832,-0.12322,0.473911,1.05,1.05583,0.387895,0.321412,0.387895,0.662726,0.314343,0.237616,420,133,0.0928017,-1,1,1
hk_second,741,44,1,258,4.88479,0,8871,4108,0.168806,-0.0773411,-0.143532,-0.33996,0.408139,1.05,1.02972,0.88033,0.633196,0.884457,0.585726,0.693977,0.623407,420,133,0.0771158,1,1,1
hk_second,742,44,1,275,4.33579,1,2269,5978,-0.165799,0.114693,0.0369835,0.0699272,0.207665,1.05,1.0647,0.3989,0.395461,0.43879,0.426329,0.510988,0.438526,420,133,0.107164,-1,1,1
hk_second,743,44,1,80,2.0485,1,7155,224,0.118999,0.0801544,-0.22202,0.0434113,0.342992,1.05,1.00918,0.667125,0.493008,0.667125,0.542464,0.57239,0.508084,420,133,0.0871924,-1,1,1
hk_second,744,44,1,178,1.14376,1,8607,5905,0.168005,-0.151178,0.0300732,-0.177021,0.140332,1.05,1.10115,0.551582,0.488079,0.570839,0.347923,0.784985,0.71527,420,133,0.0741345,-1,1,1
hk_second,745,44,1,165,1.00983,0,8843,4229,0.164474,-0.0431175,-0.124166,0.197805,0.376062,1.05,1.11443,0.65337,0.475699,0.65337,0.545955,0.424631,0.347129,420,133,0.087034,-1,1,1
hk_second,746,44,1,163,2.8419,0,10457,5930,0.208192,0.0954685,0.0368662,-0.348948,0.476296,1.05,1.09794,0.447043,0.369097,0.447043,0.677835,0.436248,0.374324,420,133,0.101426,1,1,1
hk_second,747,44,1,262,6.24866,0,778,5930,-0.210507,0.0680695,0.0368662,-0.348948,0.48521,1.05,1.01336,0.530949,0.398097,0.530949,0.681388,0.374418,0.294188,420,133,0.0885382,1,1,1
hk_second,748,44,1,285,3.04008,0,3880,10964,-0.129067,0.0450993,0.287165,0.0427685,0.416612,1.05,1.17001,0.73315,0.546997,0.73315,0.613811,0.600261,0.554646,420,133,0.0848504,-1,1,1
hk_second,749,44,1,250,0.384461,1,2302,10195,-0.169162,0.141109,0.215868,-0.341135,0.617138,1.05,1.08834,0.682256,0.494956,0.682256,0.735748,0.550468,0.512125,420,133,0.0953199,1,1,1
hk_second,750,44,1,30,4.8551,1,1138,9955,-0.201284,0.208988,0.20261,-0.11853,0.520043,1.05,1.03348,0.792297,0.568088,0.795048,0.680977,0.54139,0.483271,420,133,0.0797794,1,1,1
hk_second,751,44,1,209,2.30518,1,3854,6053,-0.147379,-0.173302,0.048049,0.23877,0.456239,1.05,1.09901,0.82806,0.591586,0.82806,0.694088,0.498048,0.441723,420,133,0.0855003,1,1,1
hk_second,752,44,1,302,2.64758,0,7722,4229,0.144189,0.158182,-0.124166,0.197805,0.271264,1.05,0.91722,0.550206,0.433861,0.550206,0.480384,0.561211,0.483877,420,133,0.0836274,-1,1,1
hk_second,753,44,1,173,0.692145,1,10286,310,0.18917,0.156502,-0.219695,0.0452003,0.423846,1.05,0.989098,0.427785,0.335511,0.427785,0.585046,0.367865,0.302726,420,133,0.0968817,-1,1,1
hk_second,754,44,1,111,0.250987,0,2251,9747,-0.172057,0.119741,0.197115,0.197071,0.377813,1.05,0.980445,0.832187,0.597088,0.832187,0.524851,0.562036,0.483246,420,133,0.0865735,-1,1,1
hk_second,755,44,1,175,2.74756,1,5584,10964,-0.00520706,0.10903,0.287165,0.0427685,0.299926,1.05,1.1878,0.492435,0.413801,0.492435,0.489911,0.543863,0.500931,420,133,0.0724136,-1,1,1
hk_second,756,44,1,156,0.457842,1,3661,6021,-0.142819,0.119009,0.0384684,-0.180233,0.350018,1.05,1.07375,0.676754,0.509972,0.676754,0.581121,0.613159,0.531558,420,133,0.0913595,-1,1,1
hk_second,757,44,1,347,1.38992,1,505,9841,-0.220543,0.104492,0.197415,0.204821,0.430084,1.05,1.0851,0.938102,0.660018,0.942228,0.619568,0.572939,0.492409,420,133,0.0956307,1,1,1
hk_second,758,44,1,205,2.39512,1,1025,6021,-0.191309,0.0368557,0.0384684,-0.180233,0.316215,1.05,1.09536,0.674003,0.528657,0.674003,0.55092,0.661503,0.594292,420,133,0.101999,-1,1,1
hk_second,759,44,1,62,4.26017,1,2669,6021,-0.149251,0.0753403,0.0384684,-0.180233,0.317108,1.05,1.08156,0.627235,0.508368,0.628611,0.511334,0.613899,0.551238,420,133,0.0883178,-1,1,1
hk_second,760,44,1,143,1.7912,0,4100,9841,-0.139844,-0.164345,0.197415,0.204821,0.500188,1.05,1.01109,0.722146,0.534961,0.723521,0.683378,0.523214,0.44829,420,133,0.0813659,1,1,1
hk_second,761,44,1,319,2.1769,0,6265,5858,0.0644636,0.127455,0.0265684,0.235537,0.114533,1.05,1.12451,0.447043,0.413686,0.4663,0.286098,0.617444,0.567706,420,133,0.0743895,-1,1,1
hk_second,762,44,1,211,5.33575,1,7339,310,0.134484,0.0650234,-0.219695,0.0452003,0.354757,1.05,0.952404,0.634113,0.491174,0.635488,0.527836,0.590314,0.528794,420,133,0.0826232,1,1,1
hk_second,763,44,1,287,3.44484,1,1051,9747,-0.20861,0.0351448,0.197115,0.197071,0.43749,1.05,1.06434,0.672627,0.503095,0.672627,0.561331,0.453427,0.374054,420,133,0.0902785,-1,1,1
hk_second,764,44,1,252,4.25011,1,3134,5978,-0.143783,-0.0156364,0.0369835,0.0699272,0.199994,1.05,0.924316,0.420908,0.389156,0.429161,0.375633,0.526932,0.455766,420,133,0.0968449,-1,1,1
hk_second,765,44,1,331,4.12395,1,6022,3892,0.0376511,-0.34959,-0.135832,-0.12322,0.285251,1.05,1.00199,0.445667,0.390532,0.447043,0.458771,0.545137,0.464627,420,133,0.0852107,1,1,1
hk_second,766,44,1,240,1.05153,0,9047,3892,0.183033,0.049387,-0.135832,-0.12322,0.362637,1.05,1.13332,0.56121,0.417011,0.56121,0.532433,0.416106,0.342277,420,133,0.0932578,1,1,1
hk_second,767,44,1,176,0.327876,1,778,10195,-0.210507,0.0680695,0.215868,-0.341135,0.591032,1.05,1.02607,0.77304,0.554791,0.775791,0.706215,0.611538,0.567055,420,133,0.0879019,1,1,1
hk_second,768,44,1,319,3.58657,0,6265,3892,0.0644636,0.127455,-0.135832,-0.12322,0.320898,1.05,0.959085,0.559835,0.437299,0.565337,0.481673,0.469889,0.362852,420,130,0.0933752,1,1,1
hk_second,769,44,1,101,2.99511,0,7045,5939,0.118299,0.0475616,0.0334911,0.0658207,0.0869876,1.05,1.18498,0.497937,0.431224,0.511692,0.284328,0.6342,0.570285,420,130,0.0853253,-1,1,1
hk_second,770,44,1,124,4.62903,0,9146,5930,0.178815,0.0965843,0.0368662,-0.348948,0.467693,1.05,1.01871,0.394773,0.327831,0.394773,0.647837,0.336342,0.252175,420,130,0.087779,1,1,1
hk_second,771,44,1,247,3.92713,1,7124,224,0.133885,-0.236761,-0.22202,0.0434113,0.452952,1.05,1.05571,0.675378,0.501605,0.675378,0.650901,0.617965,0.553312,420,130,0.0875186,-1,1,1
hk_second,772,44,1,351,1.09249,0,7516,224,0.136501,0.0476723,-0.22202,0.0434113,0.358582,1.05,1.06111,0.682256,0.520518,0.682256,0.503975,0.585756,0.522901,420,130,0.0875625,-1,1,1
hk_second,773,44,1,88,0.425864,0,8379,3682,0.173568,-0.184334,-0.145423,-0.120304,0.325492,1.05,1.07522,0.685007,0.526249,0.696011,0.488957,0.569721,0.491826,420,130,0.0801345,1,1,1
hk_second,774,44,1,221,4.43158,0,3538,10964,-0.154715,0.0431747,0.287165,0.0427685,0.442371,1.05,1.0953,0.76066,0.567859,0.762036,0.612754,0.611224,0.56676,420,130,0.0834212,1,1,1
hk_second,775,44,1,320,1.95779,1,10120,5905,0.230378,0.165562,0.0300732,-0.177021,0.397168,1.05,0.987663,0.481431,0.384342,0.497937,0.561303,0.445555,0.370125,420,130,0.0907841,-1,1,1
hk_second,776,44,1,174,2.89823,1,9442,5930,0.233532,0.0555954,0.0368662,-0.348948,0.450322,1.05,1.00725,0.418157,0.384113,0.436038,0.599133,0.453668,0.383086,420,130,0.0934274,-1,1,1
hk_second,777,44,1,284,2.82103,0,5764,6053,0.0113955,-0.273321,0.048049,0.23877,0.513401,1.05,1.10934,0.64099,0.47226,0.64099,0.642039,0.473452,0.405912,420,130,0.0771867,-1,1,1
hk_second,778,44,1,218,1.97782,1,7771,224,0.148771,0.0966034,-0.22202,0.0434113,0.374588,1.05,1.02235,0.707015,0.521206,0.707015,0.547444,0.574014,0.509447,420,130,0.0854827,1,1,1
hk_second,779,44,1,185,2.56199,0,4601,10964,-0.100121,0.141691,0.287165,0.0427685,0.399812,1.05,1.11266,0.763411,0.553416,0.763411,0.573726,0.617959,0.56736,420,130,0.08939,1,1,1
hk_second,780,44,1,260,0.778587,0,2043,6053,-0.184146,0.0862808,0.048049,0.23877,0.278375,1.05,1.09203,0.661623,0.514787,0.662999,0.468678,0.575572,0.499748,420,130,0.0865929,-1,1,1
hk_second,781,44,1,172,4.81028,1,9878,4108,0.195285,-0.144848,-0.143532,-0.33996,0.39108,1.05,0.99118,0.819807,0.623682,0.847318,0.494948,0.739961,0.668246,420,130,0.0769646,-1,1,1
hk_second,782,44,1,74,6.13035,0,8920,3892,0.171358,-0.181938,-0.135832,-0.12322,0.312782,1.05,1.0684,0.658872,0.515131,0.669876,0.471117,0.571319,0.491441,420,130,0.0785978,1,1,1
hk_second,783,44,1,54,2.38515,1,9937,4116,0.186988,0.221008,-0.129094,0.208578,0.316326,1.05,1.07809,0.70564,0.516277,0.70564,0.44407,0.612213,0.528114,420,130,0.0805584,-1,1,1
hk_second,784,44,1,235,3.75736,1,2606,10195,-0.157172,0.192364,0.215868,-0.341135,0.651055,1.05,1.11928,0.687758,0.494727,0.687758,0.783922,0.520028,0.481495,420,130,0.0885474,1,1,1
hk_second,785,44,1,201,1.37627,0,7662,3892,0.140712,0.0526752,-0.135832,-0.12322,0.327837,1.05,1.21965,0.519945,0.404172,0.519945,0.479398,0.415287,0.343327,420,130,0.0910776,1,1,1
hk_second,786,44,1,310,1.11488,0,5736,9955,0.0108366,0.153881,0.20261,-0.11853,0.33317,1.05,0.994964,0.330124,0.278886,0.338377,0.505228,0.319747,0.240014,420,130,0.101469,-1,1,1
hk_second,787,44,1,147,5.4616,0,7893,224,0.149387,0.0651398,-0.22202,0.0434113,0.372069,1.05,1.02119,0.704264,0.526708,0.704264,0.515421,0.585944,0.52247,420,130,0.0857968,-1,1,1
hk_second,788,44,1,253,0.0779799,0,3937,6053,-0.121964,0.0537186,0.048049,0.23877,0.251297,1.05,0.905444,0.694635,0.517882,0.694635,0.404266,0.627106,0.553761,420,130,0.091777,1,1,1
hk_second,789,44,1,47,4.14418,0,9313,4116,0.183941,0.0966854,-0.129094,0.208578,0.332662,1.05,1.06143,0.405777,0.337689,0.405777,0.478309,0.388676,0.30759,420,130,0.0925606,-1,1,1
hk_second,790,44,1,104,4.45243,0,2603,10195,-0.163672,-0.0595016,0.215868,-0.341135,0.472619,1.05,1.01288,0.818432,0.585053,0.818432,0.608599,0.644832,0.605761,420,130,0.0764982,1,1,1
hk_second,791,44,1,0,0.375415,1,8010,4229,0.153151,0.106094,-0.124166,0.197805,0.292088,1.05,0.985174,0.418157,0.369555,0.429161,0.438632,0.444066,0.364871,420,130,0.0863559,-1,1,1
hk_second,792,44,1,275,3.43994,0,2269,10964,-0.165799,0.114693,0.287165,0.0427685,0.458639,1.05,1.08058,0.837689,0.602361,0.837689,0.611138,0.634537,0.587307,420,130,0.0964652,-1,1,1
hk_second,793,44,1,353,1.20157,1,8151,4108,0.15035,0.0531063,-0.143532,-0.33996,0.490874,1.05,1.02482,0.727648,0.533585,0.727648,0.652421,0.628158,0.56271,420,130,0.0822353,-1,1,1
hk_second,794,44,1,331,2.42621,1,6022,4116,0.0376511,-0.34959,-0.129094,0.208578,0.582624,1.05,1.05938,0.420908,0.31293,0.420908,0.717713,0.333332,0.256891,420,130,0.0811038,-1,1,1
hk_second,795,44,1,68,5.99332,0,4756,10195,-0.0913134,0.027607,0.215868,-0.341135,0.479928,1.05,1.02855,0.662999,0.485672,0.662999,0.630219,0.580006,0.540028,420,130,0.0814055,1,1,1
hk_second,796,44,1,160,4.27367,0,2337,6053,-0.174494,-0.208858,0.048049,0.23877,0.499979,1.05,1.0898,0.830812,0.602132,0.836314,0.687473,0.516231,0.464995,420,130,0.0828361,-1,1,1
hk_second,797,44,1,116,4.69046,1,4458,9747,-0.115042,-0.27813,0.197115,0.197071,0.568672,1.05,0.987652,0.735901,0.533242,0.737276,0.668308,0.597424,0.528077,420,130,0.0777135,1,1,1
hk_second,798,44,1,212,4.29122,0,1917,6021,-0.185678,-0.0457993,0.0384684,-0.180233,0.261384,1.05,0.942066,0.602476,0.505731,0.602476,0.425169,0.678189,0.614527,420,130,0.086673,-1,1,1
hk_second,799,44,1,344,3.91394,1,4127,5930,-0.138835,-0.177011,0.0368662,-0.348948,0.246024,1.05,1.07803,0.770289,0.602591,0.789546,0.399411,0.803782,0.736798,420,130,0.0770034,1,1,1
hk_second,800,44,1,23,5.28751,0,4516,9955,-0.107945,-0.183283,0.20261,-0.11853,0.317393,1.05,1.04763,0.623109,0.486016,0.62586,0.478212,0.54909,0.506729,420,130,0.0767365,1,1,1
hk_second,801,44,1,137,0.993609,0,3987,10195,-0.134011,0.139685,0.215868,-0.341135,0.594724,1.05,0.997158,0.686382,0.516506,0.691884,0.753375,0.558646,0.51773,420,130,0.0927344,1,1,1
hk_second,802,44,1,84,4.89378,0,6511,5939,0.0878477,0.250835,0.0334911,0.0658207,0.192835,1.05,1.27567,0.482806,0.416208,0.499312,0.398695,0.620354,0.548159,420,130,0.0948331,-1,1,1
hk_second,803,44,1,133,5.14877,0,4070,6021,-0.126747,-0.0340939,0.0384684,-0.180233,0.220698,1.05,0.963273,0.590096,0.486933,0.590096,0.430731,0.650969,0.581097,420,130,0.0824411,-1,1,1
hk_second,804,44,1,61,5.90548,1,8155,5939,0.181888,0.115295,0.0334911,0.0658207,0.156986,1.05,1.17689,0.434663,0.447387,0.504814,0.387543,0.617093,0.554394,420,130,0.0859565,1,1,1
hk_second,805,44,1,352,4.4906,0,3098,10964,-0.156178,0.0957584,0.287165,0.0427685,0.446905,1.05,1.14634,0.746905,0.554104,0.746905,0.588295,0.614384,0.565663,420,130,0.0849159,-1,1,1
hk_second,806,44,1,108,2.42651,1,7225,5930,0.122822,0.10763,0.0368662,-0.348948,0.464598,1.05,1.16943,0.429161,0.351788,0.434663,0.659433,0.333236,0.269415,420,130,0.111093,-1,1,1
hk_second,807,44,1,148,1.31487,1,1845,9955,-0.183352,0.0122242,0.20261,-0.11853,0.407553,1.05,0.953661,0.623109,0.446126,0.623109,0.598184,0.455876,0.411487,420,130,0.0942937,1,1,1
hk_second,808,44,1,59,5.82802,1,4286,5978,-0.117738,0.104343,0.0369835,0.0699272,0.15852,1.05,0.984537,0.440165,0.384915,0.452545,0.364388,0.526948,0.456268,420,130,0.113397,-1,1,1
hk_second,809,44,1,88,3.37445,0,8379,224,0.173568,-0.184334,-0.22202,0.0434113,0.456559,1.05,1.01002,0.591472,0.475355,0.596974,0.605498,0.553535,0.488902,420,130,0.07985,1,1,1
hk_second,810,44,1,242,4.21423,0,8888,4229,0.193636,0.110502,-0.124166,0.197805,0.329717,1.05,1.01859,0.430536,0.345484,0.430536,0.464018,0.394827,0.321721,420,130,0.0998707,-1,1,1
hk_second,811,44,1,112,1.49895,1,8840,5939,0.170301,-0.217621,0.0334911,0.0658207,0.31484,1.05,1.20669,0.763411,0.578748,0.763411,0.523845,0.654654,0.576672,420,130,0.0788008,1,1,1
hk_second,812,44,1,177,4.08262,0,6756,5905,0.104677,-0.171114,0.0300732,-0.177021,0.0748375,1.05,0.98722,0.525447,0.476616,0.529574,0.267694,0.780663,0.717481,420,130,0.0758982,1,1,1
hk_second,813,44,1,35,0.692885,1,1295,10964,-0.18936,0.032856,0.287165,0.0427685,0.476702,1.05,1.09373,0.80055,0.59342,0.80055,0.65284,0.60772,0.557898,420,130,0.0938446,1,1,1
hk_second,814,44,1,106,3.47217,1,8738,3682,0.187523,0.18059,-0.145423,-0.120304,0.448874,1.05,0.996383,0.694635,0.50619,0.707015,0.617272,0.505206,0.435954,420,130,0.0860824,1,1,1
hk_second,815,44,1,150,4.8588,1,7371,3892,0.13379,0.0698147,-0.135832,-0.12322,0.331605,1.05,1.13126,0.56121,0.407726,0.56121,0.488742,0.428354,0.352085,420,130,0.0886068,-1,1,1
hk_second,816,44,1,187,3.66075,0,7043,4116,0.11977,0.0503006,-0.129094,0.208578,0.296081,1.05,0.94803,0.572215,0.430995,0.572215,0.44093,0.43896,0.351671,420,130,0.0845597,1,1,1
hk_second,817,44,1,282,3.6631,1,5785,9747,0.00966835,-0.33427,0.197115,0.197071,0.563438,1.05,1.09148,0.572215,0.408987,0.57359,0.709246,0.335155,0.276119,420,130,0.0837616,-1,1,1
hk_second,818,44,1,46,0.870246,1,9358,224,0.23048,0.0911007,-0.22202,0.0434113,0.455539,1.05,1.05646,0.810179,0.602361,0.810179,0.615869,0.614256,0.550482,420,130,0.0978821,-1,1,1
hk_second,819,44,1,84,1.2236,0,6511,5905,0.0878477,0.250835,0.0300732,-0.177021,0.431826,1.05,1.14735,0.447043,0.374484,0.448418,0.562241,0.383769,0.307646,420,130,0.103643,1,1,1
hk_second,820,44,1,273,1.50472,0,108,5930,-0.227746,-0.000780106,0.0368662,-0.348948,0.437355,1.05,0.948685,0.517194,0.413113,0.517194,0.575575,0.433719,0.367691,420,130,0.0853551,-1,1,1
hk_second,821,44,1,273,1.38257,1,108,9841,-0.227746,-0.000780106,0.197415,0.204821,0.472306,1.05,1.00762,0.806052,0.57829,0.806052,0.579947,0.542868,0.465051,420,130,0.086963,-1,1,1
hk_second,822,44,1,221,0.92893,1,3538,5978,-0.154715,0.0431747,0.0369835,0.0699272,0.194674,1.05,0.995662,0.383769,0.422283,0.463549,0.419057,0.519242,0.446645,420,130,0.0872292,-1,1,1
hk_second,823,44,1,56,4.15073,1,188,9747,-0.232725,0.0888329,0.197115,0.197071,0.443264,1.05,1.04135,0.965612,0.670335,0.965612,0.551807,0.604316,0.525021,420,130,0.0884483,-1,1,1
hk_second,824,44,1,286,2.11457,1,5732,10964,0.00285339,-0.348078,0.287165,0.0427685,0.483408,1.05,1.09314,0.56121,0.422742,0.565337,0.640184,0.409698,0.380399,420,130,0.0747756,-1,1,1
hk_second,825,44,1,353,2.73061,0,8151,5930,0.15035,0.0531063,0.0368662,-0.348948,0.417869,1.05,1.0488,0.753783,0.558115,0.755158,0.569904,0.629019,0.568115,420,130,0.0887856,1,1,1
hk_second,826,44,1,230,4.12694,1,3837,9841,-0.14239,-0.0413666,0.197415,0.204821,0.420101,1.05,1.05458,0.815681,0.572215,0.815681,0.632181,0.536329,0.461746,420,130,0.0880862,-1,1,1
hk_second,827,44,1,142,5.09792,1,1398,5930,-0.198367,0.168041,0.0368662,-0.348948,0.568231,1.05,1.03272,0.484182,0.361531,0.484182,0.703009,0.279926,0.214985,420,130,0.106316,-1,1,1
hk_second,828,44,1,106,0.0193465,1,8738,310,0.187523,0.18059,-0.219695,0.0452003,0.429135,1.05,0.98804,0.463549,0.360729,0.463549,0.587919,0.398386,0.327684,420,130,0.0915366,-1,1,1
hk_second,829,44,1,238,0.844165,0,10380,5939,0.195421,0.110336,0.0334911,0.0658207,0.168139,1.05,1.20844,0.37414,0.436497,0.489684,0.339058,0.622223,0.556113,420,130,0.100791,-1,1,1
hk_second,830,44,1,169,4.03079,1,7697,5905,0.150768,-0.192585,0.0300732,-0.177021,0.122083,1.05,1.05294,0.518569,0.529688,0.591472,0.288666,0.791223,0.725477,420,130,0.0738482,-1,1,1
hk_second,831,44,1,124,2.65412,1,9146,4116,0.178815,0.0965843,-0.129094,0.208578,0.327779,1.05,1.04877,0.771664,0.569349,0.771664,0.476433,0.584285,0.500537,420,130,0.0888714,1,1,1
hk_second,832,44,1,71,5.45708,0,5804,5930,0.0182104,-0.361324,0.0368662,-0.348948,0.022388,1.05,1.00358,0.4663,0.446584,0.491059,0.222746,0.838502,0.810056,420,130,0.0731454,-1,1,1
hk_second,833,44,1,164,1.11648,0,3718,10964,-0.146139,0.0973415,0.287165,0.0427685,0.437806,1.05,1.14527,0.753783,0.555021,0.753783,0.583993,0.611272,0.562518,420,130,0.0908648,1,1,1
hk_second,834,44,1,295,4.06387,1,6429,3892,0.0812702,0.138203,-0.135832,-0.12322,0.339846,1.05,0.971989,0.470426,0.390188,0.470426,0.48748,0.33808,0.245988,420,130,0.0942399,-1,1,1
hk_second,835,44,1,93,5.00234,0,5274,6053,-0.0439816,0.168495,0.048049,0.23877,0.116114,1.05,1.25725,0.503439,0.426754,0.513067,0.319838,0.605884,0.535963,420,130,0.0715047,-1,1,1
hk_second,836,44,1,185,4.93084,1,4601,5978,-0.100121,0.141691,0.0369835,0.0699272,0.154987,1.05,0.783584,0.357634,0.370358,0.385144,0.334561,0.538728,0.487664,420,130,0.105748,1,1,1
hk_second,837,44,1,208,3.05441,1,1862,9841,-0.181014,0.00871277,0.197415,0.204821,0.426312,1.05,1.09794,0.829436,0.592503,0.829436,0.602831,0.572049,0.493396,420,130,0.0943133,-1,1,1
hk_second,838,44,1,258,4.20473,1,8871,5858,0.168806,-0.0773411,0.0265684,0.235537,0.343769,1.05,1.0264,0.645117,0.523957,0.662999,0.505673,0.523531,0.461642,420,130,0.106629,-1,1,1
hk_second,839,44,1,58,6.18818,0,10095,3892,0.206203,-0.160028,-0.135832,-0.12322,0.344018,1.05,1.0649,0.726272,0.529688,0.726272,0.549894,0.557618,0.479539,420,130,0.076999,1,1,1
hk_second,840,44,1,126,0.00414406,1,6357,5930,0.0775404,-0.235666,0.0368662,-0.348948,0.120362,1.05,1.10437,0.658872,0.567056,0.667125,0.352512,0.83461,0.777628,420,130,0.0724999,1,1,1
hk_second,841,44,1,283,0.131332,0,8530,3892,0.159548,0.124092,-0.135832,-0.12322,0.385326,1.05,1.10317,0.565337,0.44326,0.565337,0.543389,0.466834,0.39286,420,130,0.0923072,1,1,1
hk_second,842,44,1,91,5.11102,1,10121,4229,0.222721,0.0376015,-0.124166,0.197805,0.382101,1.05,1.02043,0.551582,0.417698,0.551582,0.543788,0.460815,0.385935,420,130,0.0929166,-1,1,1
hk_second,843,44,1,169,1.23684,0,7697,4108,0.150768,-0.192585,-0.143532,-0.33996,0.329283,1.05,0.998047,0.939477,0.673544,0.939477,0.538225,0.741038,0.668685,420,130,0.0767238,1,1,1
hk_second,844,44,1,39,0.836207,0,4259,9747,-0.133485,-0.327171,0.197115,0.197071,0.619799,1.05,1.01219,0.726272,0.548945,0.726272,0.753935,0.593353,0.524623,420,130,0.0793077,1,1,1
hk_second,845,44,1,216,0.0866396,0,4376,10964,-0.113602,0.0556068,0.287165,0.0427685,0.401759,1.05,0.968421,0.657497,0.52304,0.664374,0.559993,0.607787,0.563098,420,130,0.0845837,1,1,1
hk_second,846,44,1,284,5.19105,0,5764,6053,0.0113955,-0.273321,0.048049,0.23877,0.513401,1.05,1.12731,0.65337,0.501032,0.654745,0.647491,0.474171,0.406908,420,130,0.118577,1,1,1
hk_second,847,44,1,334,3.54326,1,5422,10964,-0.0272398,-0.0630569,0.287165,0.0427685,0.331737,1.05,1.02544,0.497937,0.449106,0.497937,0.587029,0.52801,0.49561,420,130,0.0787526,1,1,1
hk_second,848,44,1,242,4.75111,1,8888,5939,0.193636,0.110502,0.0334911,0.0658207,0.166268,1.05,1.22091,0.433287,0.454952,0.518569,0.39607,0.6237,0.556097,420,130,0.0933988,1,1,1
hk_second,849,44,1,228,2.69427,0,2593,5930,-0.166454,0.0286407,0.0368662,-0.348948,0.428951,1.05,0.998476,0.447043,0.337001,0.447043,0.654021,0.321849,0.24445,420,130,0.0946134,-1,1,1
hk_second,850,44,1,38,5.31398,1,1188,9747,-0.204065,0.176115,0.197115,0.197071,0.401985,1.05,1.0037,0.895461,0.634686,0.895461,0.534729,0.594237,0.513294,420,130,0.0849405,-1,1,1
hk_second,851,44,1,355,1.49419,0,1726,10195,-0.178373,0.123741,0.215868,-0.341135,0.609576,1.05,1.06958,0.69326,0.514214,0.69326,0.778095,0.569081,0.520403,420,130,0.105983,-1,1,1
hk_second,852,44,1,54,3.35648,0,9937,4116,0.186988,0.221008,-0.129094,0.208578,0.316326,1.05,0.974342,0.803301,0.591701,0.817056,0.472956,0.603305,0.520141,420,130,0.0790387,-1,1,1
hk_second,853,44,1,313,1.41028,1,5217,5930,-0.0556211,-0.298784,0.0368662,-0.348948,0.105215,1.05,1.37555,0.638239,0.540807,0.638239,0.336287,0.822407,0.762097,420,130,0.0709592,1,1,1
hk_second,854,44,1,58,2.44616,1,10095,4229,0.206203,-0.160028,-0.124166,0.197805,0.487025,1.05,0.972134,0.751032,0.549977,0.762036,0.610272,0.509151,0.435222,420,130,0.0755525,-1,1,1
hk_second,855,44,1,163,2.20216,0,10457,4108,0.208192,0.0954685,-0.143532,-0.33996,0.559739,1.05,1.035,0.764787,0.555594,0.770289,0.682754,0.642988,0.578687,420,130,0.0988829,-1,1,1
hk_second,856,44,1,240,2.969,0,9047,4108,0.183033,0.049387,-0.143532,-0.33996,0.508278,1.05,1.04284,0.757909,0.554448,0.757909,0.634785,0.63613,0.568467,420,130,0.0840281,1,1,1
hk_second,857,44,1,235,6.27481,1,2606,5930,-0.157172,0.192364,0.0368662,-0.348948,0.575038,1.05,0.970613,0.460798,0.336657,0.460798,0.724454,0.277911,0.220177,420,130,0.105288,1,1,1
hk_second,858,44,1,299,4.56856,1,5677,5930,0.00583744,0.232452,0.0368662,-0.348948,0.582227,1.05,1.0943,0.6011,0.41403,0.6011,0.756587,0.424522,0.35009,420,130,0.0978325,1,1,1
hk_second,859,44,1,354,2.92316,1,2052,9955,-0.173978,0.212563,0.20261,-0.11853,0.501467,1.05,0.980616,0.469051,0.353508,0.469051,0.654994,0.286591,0.206598,420,130,0.105599,1,1,1
hk_second,860,44,1,135,2.80629,0,5121,9841,-0.0597992,0.114565,0.197415,0.204821,0.27259,1.05,1.06866,0.603851,0.455066,0.603851,0.410267,0.520346,0.446313,420,130,0.0820499,1,1,1
hk_second,861,44,1,292,4.09169,0,1564,5930,-0.183349,0.218246,0.0368662,-0.348948,0.608552,1.05,0.943781,0.500688,0.363824,0.500688,0.747302,0.270458,0.207351,420,130,0.0952966,-1,1,1
hk_second,862,44,1,36,1.45974,1,4675,5978,-0.0961971,0.0408859,0.0369835,0.0699272,0.136756,1.05,0.842548,0.460798,0.395002,0.484182,0.287868,0.522318,0.453588,420,130,0.08673,-1,1,1
hk_second,863,44,1,204,4.50473,1,1163,5978,-0.192342,0.131229,0.0369835,0.0699272,0.237377,1.05,1.08492,0.411279,0.394888,0.445667,0.422324,0.511863,0.442802,420,130,0.105768,1,1,1
hk_second,864,44,1,112,4.03665,1,8840,3892,0.170301,-0.217621,-0.135832,-0.12322,0.320388,1.05,1.07002,0.715268,0.520289,0.715268,0.557441,0.60568,0.526669,420,130,0.0760855,-1,1,1
hk_second,865,44,1,35,2.54703,1,1295,10964,-0.18936,0.032856,0.287165,0.0427685,0.476702,1.05,1.09544,0.833562,0.603278,0.833562,0.646207,0.602942,0.556623,420,130,0.092095,1,1,1
hk_second,866,44,1,165,2.21107,1,8843,3682,0.164474,-0.0431175,-0.145423,-0.120304,0.319471,1.05,1.06011,0.4663,0.412082,0.49381,0.425569,0.469146,0.40063,420,130,0.0846098,1,1,1
hk_second,867,44,1,237,1.43513,1,9929,310,0.238985,0.123638,-0.219695,0.0452003,0.465411,1.05,1.00656,0.906465,0.653026,0.906465,0.578863,0.628969,0.566016,420,130,0.09407,1,1,1
hk_second,868,44,1,118,5.17315,1,7523,5939,0.13451,0.046236,0.0334911,0.0658207,0.103965,1.05,1.08371,0.462173,0.428817,0.480055,0.279771,0.637019,0.570242,420,130,0.0799686,-1,1,1
hk_second,869,44,1,191,1.42365,1,7105,5939,0.130851,-0.212919,0.0334911,0.0658207,0.295368,1.05,1.16503,0.623109,0.517767,0.623109,0.49413,0.635049,0.555353,420,130,0.0870352,1,1,1
hk_second,870,44,1,278,0.787171,0,4851,10195,-0.0814438,0.0211334,0.215868,-0.341135,0.468749,1.05,0.965949,0.649243,0.491059,0.649243,0.59515,0.577489,0.536523,420,130,0.100547,1,1,1
hk_second,871,44,1,113,0.520244,1,6345,5939,0.0726681,-0.029808,0.0334911,0.0658207,0.103344,1.05,0.912627,0.455296,0.424117,0.455296,0.288489,0.624082,0.564433,420,130,0.0819131,1,1,1
hk_second,872,44,1,23,2.78576,0,4516,9955,-0.107945,-0.183283,0.20261,-0.11853,0.317393,1.05,1.04323,0.614856,0.48785,0.614856,0.430917,0.5496,0.507265,420,130,0.075025,-1,1,1
hk_second,873,44,1,132,1.7992,0,6771,4108,0.109994,-0.34244,-0.143532,-0.33996,0.253739,1.05,1.00878,0.66575,0.532095,0.667125,0.420619,0.734997,0.662276,420,130,0.077684,1,1,1
hk_second,874,44,1,125,5.91368,0,454,9841,-0.216916,0.104023,0.197415,0.204821,0.426461,1.05,1.09399,0.57359,0.423773,0.57359,0.614962,0.516605,0.438336,420,130,0.120475,-1,1,1
hk_second,875,44,1,111,1.20925,1,2251,9841,-0.172057,0.119741,0.197415,0.204821,0.379953,1.05,1.05543,0.865199,0.617721,0.865199,0.537063,0.575652,0.495653,420,130,0.0845863,1,1,1
hk_second,876,44,1,258,3.08512,1,8871,224,0.168806,-0.0773411,-0.22202,0.0434113,0.40912,1.05,1.11084,0.674003,0.510431,0.675378,0.591934,0.544261,0.478951,420,130,0.086034,1,1,1
hk_second,877,44,1,340,3.60865,0,3313,9955,-0.153683,0.0472488,0.20261,-0.11853,0.393145,1.05,1.03629,0.562586,0.450481,0.562586,0.51537,0.444327,0.398894,420,130,0.0874946,-1,1,1
hk_second,878,44,1,249,3.56553,0,1659,5930,-0.193027,0.142382,0.0368662,-0.348948,0.542743,1.05,1.0739,0.491059,0.363595,0.491059,0.701764,0.293905,0.22449,420,130,0.127473,1,1,1
hk_second,879,44,1,28,0.490663,1,10375,5905,0.234842,0.100029,0.0300732,-0.177021,0.344566,1.05,0.984008,0.737276,0.587116,0.762036,0.519188,0.704818,0.631287,420,130,0.10008,-1,1,1
hk_second,880,44,1,155,2.18516,1,64,9955,-0.234504,0.0394249,0.20261,-0.11853,0.464787,1.05,1.00482,0.614856,0.466758,0.614856,0.598626,0.454233,0.403466,420,130,0.0859621,-1,1,1
hk_second,881,44,1,65,0.486341,1,8697,5930,0.21066,0.0522957,0.0368662,-0.348948,0.437533,1.05,0.98885,0.470426,0.386176,0.470426,0.599586,0.432587,0.355182,420,130,0.0906254,1,1,1
hk_second,882,44,1,194,2.41469,1,2925,10195,-0.14276,0.0369511,0.215868,-0.341135,0.521118,1.05,1.01545,0.715268,0.513182,0.715268,0.682033,0.580873,0.5434,420,130,0.0858091,1,1,1
hk_second,883,44,1,37,3.39719,0,1927,9955,-0.175525,-0.0662861,0.20261,-0.11853,0.381753,1.05,1.07937,0.606602,0.465612,0.606602,0.54299,0.466328,0.42395,420,130,0.0788426,1,1,1
hk_second,884,44,1,195,2.91124,0,4564,10195,-0.104622,-0.174194,0.215868,-0.341135,0.361376,1.05,0.98078,0.858322,0.62116,0.858322,0.553555,0.681928,0.640224,420,130,0.076187,1,1,1
hk_second,885,44,1,258,5.33265,0,8871,5939,0.168806,-0.0773411,0.0334911,0.0658207,0.196993,1.05,0.896392,0.496561,0.487391,0.529574,0.361578,0.627939,0.56138,420,130,0.117249,-1,1,1
hk_second,886,44,1,158,5.87995,1,4264,6021,-0.121587,0.030117,0.0384684,-0.180233,0.264918,1.05,0.914541,0.616231,0.499312,0.616231,0.509735,0.63489,0.550129,420,130,0.094699,1,1,1
hk_second,887,44,1,239,0.323921,0,10673,5930,0.249869,0.139086,0.0368662,-0.348948,0.532573,1.05,1.13278,0.807428,0.594796,0.807428,0.769326,0.651855,0.592506,420,130,0.0859071,1,1,1
hk_second,888,44,1,310,1.03136,0,5736,9955,0.0108366,0.153881,0.20261,-0.11853,0.33317,1.05,0.995666,0.337001,0.279344,0.339752,0.507788,0.322092,0.241516,420,130,0.10168,-1,1,1
hk_second,889,44,1,181,1.44874,0,5016,10964,-0.0794516,-0.346184,0.287165,0.0427685,0.534587,1.05,1.05694,0.745529,0.583906,0.749656,0.665611,0.717088,0.6872,420,130,0.0749321,-1,1,1
hk_second,890,44,1,201,0.114118,0,7662,5939,0.140712,0.0526752,0.0334911,0.0658207,0.108099,1.05,0.927001,0.433287,0.393627,0.447043,0.309809,0.635569,0.569007,420,130,0.0874356,-1,1,1
hk_second,891,44,1,34,3.91443,0,5499,10964,-0.020174,-0.34054,0.287165,0.0427685,0.491307,1.05,1.02435,0.850069,0.633425,0.850069,0.667391,0.760886,0.730843,420,130,0.07474,-1,1,1
hk_second,892,44,1,222,6.00295,1,3934,6053,-0.14747,-0.296131,0.048049,0.23877,0.569527,1.05,1.02388,0.70564,0.504585,0.70564,0.715868,0.427204,0.367103,420,130,0.0925536,-1,1,1
hk_second,893,44,1,108,4.92313,1,7225,3682,0.122822,0.10763,-0.145423,-0.120304,0.352007,1.05,1.14679,0.643741,0.454723,0.643741,0.604208,0.460991,0.388872,420,130,0.0852652,1,1,1
hk_second,894,44,1,273,3.38935,0,108,9955,-0.227746,-0.000780106,0.20261,-0.11853,0.446178,1.05,1.00615,0.6011,0.459078,0.6011,0.576492,0.465262,0.412675,420,130,0.0855123,1,1,1
hk_second,895,44,1,123,1.49704,1,526,5930,-0.206175,0.0834217,0.0368662,-0.348948,0.495996,1.05,0.994319,0.480055,0.378267,0.480055,0.663504,0.334293,0.2647,420,130,0.0945054,-1,1,1
