dir,label,method,stage,trial,cov_saved,cov_plane,vis_frac
h7_shoulder,shoulder↔shoulder,h7_shoulder,1,0,0.7256757020950317,0.7280108332633972,0.9897719025611877
h7_shoulder,shoulder↔shoulder,h7_shoulder,1,1,0.44999995827674866,0.45060890913009644,0.9384503960609436
h7_shoulder,shoulder↔shoulder,h7_shoulder,1,2,0.6270270347595215,0.6278755068778992,0.9686821103096008
h7_shoulder,shoulder↔shoulder,h7_shoulder,1,3,0.6581080555915833,0.6589986085891724,0.9589065909385681
h7_shoulder,shoulder↔shoulder,h7_shoulder,1,4,0.7635135054588318,0.7645466923713684,0.9740224480628967
h7_shoulder,shoulder↔shoulder,h7_shoulder,1,5,0.7324324250221252,0.7334235310554504,0.9851557016372681
h7_shoulder,shoulder↔shoulder,h7_shoulder,1,6,0.4418918788433075,0.4411366879940033,0.940170168876648
h7_shoulder,shoulder↔shoulder,h7_shoulder,1,7,0.7418918609619141,0.742895781993866,0.9860607981681824
h7_shoulder,shoulder↔shoulder,h7_shoulder,1,8,0.45675674080848694,0.45872801542282104,0.9671433568000793
h7_shoulder,shoulder↔shoulder,h7_shoulder,1,9,0.5,0.5006765723228455,0.940170168876648
h7_shoulder,shoulder↔shoulder,h7_shoulder,1,10,0.4189189076423645,0.42083895206451416,0.9122918248176575
h7_shoulder,shoulder↔shoulder,h7_shoulder,1,11,0.8662161827087402,0.8660351037979126,0.9983707666397095
h7_shoulder,shoulder↔shoulder,h7_shoulder,1,12,0.6891891956329346,0.6901217699050903,0.9837074875831604
h7_shoulder,shoulder↔shoulder,h7_shoulder,1,13,0.43378376960754395,0.4357239305973053,0.9444243311882019
h7_shoulder,shoulder↔shoulder,h7_shoulder,1,14,0.4094594419002533,0.4100135266780853,0.8904778957366943
h7_shoulder,shoulder↔shoulder,h7_shoulder,1,15,0.46621620655059814,0.46684709191322327,0.9081281423568726
h7_shoulder,shoulder↔shoulder,h7_shoulder,1,16,0.4932432472705841,0.49391070008277893,0.9362780451774597
h7_shoulder,shoulder↔shoulder,h7_shoulder,1,17,0.7418918609619141,0.7442489862442017,0.9738414287567139
h7_shoulder,shoulder↔shoulder,h7_shoulder,1,18,0.4189189076423645,0.41948577761650085,0.9000723958015442
h7_shoulder,shoulder↔shoulder,h7_shoulder,1,19,0.6621621251106262,0.661704957485199,0.9461441040039062
h7_shoulder,shoulder↔shoulder,h7_shoulder,1,20,0.4256756901741028,0.42625170946121216,0.893012285232544
h7_shoulder,shoulder↔shoulder,h7_shoulder,1,21,0.4932432472705841,0.49391070008277893,0.9256879091262817
h7_shoulder,shoulder↔shoulder,h7_shoulder,1,22,0.4027026891708374,0.4032476246356964,0.9012491106987
h7_shoulder,shoulder↔shoulder,h7_shoulder,1,23,0.431081086397171,0.4316644072532654,0.908761739730835
h7_shoulder,shoulder↔shoulder,h7_shoulder,1,24,0.4864864647388458,0.4871447682380676,0.9513034224510193
h7_shoulder,shoulder↔shoulder,h7_shoulder,1,25,0.4513513445854187,0.45196211338043213,0.9434286952018738
h7_shoulder,shoulder↔shoulder,h7_shoulder,1,26,0.46891888976097107,0.4695534408092499,0.9350108504295349
h7_shoulder,shoulder↔shoulder,h7_shoulder,1,27,0.5148648619651794,0.515561580657959,0.9391745328903198
h7_shoulder,shoulder↔shoulder,h7_shoulder,1,28,0.38783782720565796,0.3883626461029053,0.9049601554870605
h7_shoulder,shoulder↔shoulder,h7_shoulder,1,29,0.46891888976097107,0.4695534408092499,0.94333815574646
h7_shoulder,shoulder↔shoulder,h7_shoulder,1,30,0.5351351499557495,0.5358592867851257,0.9567342400550842
h7_shoulder,shoulder↔shoulder,h7_shoulder,1,31,0.40810808539390564,0.4073071777820587,0.9619840979576111
h7_shoulder,shoulder↔shoulder,h7_shoulder,1,32,0.6864864826202393,0.6874154210090637,0.9782766103744507
h7_shoulder,shoulder↔shoulder,h7_shoulder,1,33,0.7729730010032654,0.7740189433097839,0.9949312210083008
h7_shoulder,shoulder↔shoulder,h7_shoulder,1,34,0.40675675868988037,0.4073071777820587,0.9311187267303467
h7_shoulder,shoulder↔shoulder,h7_shoulder,1,35,0.43648648262023926,0.437077134847641,0.956824779510498
h7_shoulder,shoulder↔shoulder,h7_shoulder,1,36,0.40405404567718506,0.4046007990837097,0.9108436107635498
h7_shoulder,shoulder↔shoulder,h7_shoulder,1,37,0.4391891658306122,0.4397834837436676,0.9073135256767273
h7_shoulder,shoulder↔shoulder,h7_shoulder,1,38,0.4486486315727234,0.44925573468208313,0.9346488118171692
h7_shoulder,shoulder↔shoulder,h7_shoulder,1,39,0.7067567706108093,0.7077131271362305,0.9940260648727417
h7_shoulder,shoulder↔shoulder,h7_shoulder,1,40,0.3635134994983673,0.3653585910797119,0.9451484680175781
h7_shoulder,shoulder↔shoulder,h7_shoulder,1,41,0.6405405402183533,0.641407310962677,0.984250545501709
h7_shoulder,shoulder↔shoulder,h7_shoulder,1,42,0.683783769607544,0.6847090721130371,0.9933924674987793
h7_shoulder,shoulder↔shoulder,h7_shoulder,1,43,0.35945945978164673,0.3599458634853363,0.9166364669799805
h7_shoulder,shoulder↔shoulder,h7_shoulder,1,44,0.46891888976097107,0.4695534408092499,0.9141020774841309
h7_shoulder,shoulder↔shoulder,h7_shoulder,1,45,0.7729730010032654,0.7740189433097839,0.9926683306694031
h7_shoulder,shoulder↔shoulder,h7_shoulder,1,46,0.429729700088501,0.4303112030029297,0.9634323120117188
h7_shoulder,shoulder↔shoulder,h7_shoulder,1,47,0.5243242979049683,0.5263869762420654,0.9227009415626526
h7_shoulder,shoulder↔shoulder,h7_shoulder,1,48,0.708108127117157,0.7090663313865662,0.9922158122062683
h7_shoulder,shoulder↔shoulder,h7_shoulder,1,49,0.7364864945411682,0.7374830842018127,0.979091227054596
h7_shoulder,shoulder↔shoulder,h7_shoulder,1,50,0.37837836146354675,0.37889039516448975,0.9437907338142395
h7_shoulder,shoulder↔shoulder,h7_shoulder,1,51,0.7864864468574524,0.7875507473945618,0.9887762665748596
h7_shoulder,shoulder↔shoulder,h7_shoulder,1,52,0.699999988079071,0.6995940208435059,0.9589971303939819
h7_shoulder,shoulder↔shoulder,h7_shoulder,1,53,0.6554054021835327,0.6549391150474548,0.9402607083320618
h7_shoulder,shoulder↔shoulder,h7_shoulder,1,54,0.4283783733844757,0.4276048541069031,0.8635047078132629
h7_shoulder,shoulder↔shoulder,h7_shoulder,1,55,0.5189188718795776,0.5209742784500122,0.9467777013778687
h7_shoulder,shoulder↔shoulder,h7_shoulder,1,56,0.5621621608734131,0.5629228949546814,0.9847031235694885
h7_shoulder,shoulder↔shoulder,h7_shoulder,1,57,0.6297297477722168,0.6305818557739258,0.9510318636894226
h7_shoulder,shoulder↔shoulder,h7_shoulder,1,58,0.4000000059604645,0.4018944501876831,0.883327305316925
h7_shoulder,shoulder↔shoulder,h7_shoulder,1,59,0.7472972869873047,0.7483084797859192,0.9706734418869019
h7_shoulder,shoulder↔shoulder,h7_shoulder,1,60,0.43378376960754395,0.434370756149292,0.9047791361808777
h7_shoulder,shoulder↔shoulder,h7_shoulder,1,61,0.3986486494541168,0.3991881012916565,0.8643193244934082
h7_shoulder,shoulder↔shoulder,h7_shoulder,1,62,0.683783769607544,0.686062216758728,0.9646089673042297
h7_shoulder,shoulder↔shoulder,h7_shoulder,1,63,0.6918918490409851,0.6914749145507812,0.9960173964500427
h7_shoulder,shoulder↔shoulder,h7_shoulder,1,64,0.4378378391265869,0.437077134847641,0.9415279030799866
h7_shoulder,shoulder↔shoulder,h7_shoulder,1,65,0.4351350963115692,0.4357239305973053,0.8730992078781128
h7_shoulder,shoulder↔shoulder,h7_shoulder,1,66,0.5716216564178467,0.5723951458930969,0.9727552533149719
h7_shoulder,shoulder↔shoulder,h7_shoulder,1,67,0.7445945739746094,0.7456021308898926,0.9586350321769714
h7_shoulder,shoulder↔shoulder,h7_shoulder,1,68,0.3986486494541168,0.3991881012916565,0.9244207143783569
h7_shoulder,shoulder↔shoulder,h7_shoulder,1,69,0.8405405282974243,0.8416779041290283,0.9943881034851074
h7_shoulder,shoulder↔shoulder,h7_shoulder,1,70,0.6337838172912598,0.6346414089202881,0.9648805260658264
h7_shoulder,shoulder↔shoulder,h7_shoulder,1,71,0.7810810804367065,0.7821379899978638,0.992577850818634
h7_shoulder,shoulder↔shoulder,h7_shoulder,1,72,0.6486486792564392,0.6481732130050659,0.9644279479980469
h7_shoulder,shoulder↔shoulder,h7_shoulder,1,73,0.4621621370315552,0.46143436431884766,0.9492215514183044
h7_shoulder,shoulder↔shoulder,h7_shoulder,1,74,0.7013513445854187,0.7023004293441772,0.9826213121414185
h7_shoulder,shoulder↔shoulder,h7_shoulder,1,75,0.6621621251106262,0.6630581617355347,0.9525706171989441
h7_shoulder,shoulder↔shoulder,h7_shoulder,1,76,0.44999995827674866,0.45060890913009644,0.9497646689414978
h7_shoulder,shoulder↔shoulder,h7_shoulder,1,77,0.42432430386543274,0.42354536056518555,0.930756688117981
h7_shoulder,shoulder↔shoulder,h7_shoulder,1,78,0.8243243098258972,0.8254397511482239,0.9986422657966614
h7_shoulder,shoulder↔shoulder,h7_shoulder,1,79,0.6364864706993103,0.6373477578163147,0.9666907787322998
h7_shoulder,shoulder↔shoulder,h7_shoulder,1,80,0.4405405521392822,0.4411366879940033,0.9019731879234314
h7_shoulder,shoulder↔shoulder,h7_shoulder,1,81,0.4581080973148346,0.45872801542282104,0.9681390523910522
h7_shoulder,shoulder↔shoulder,h7_shoulder,1,82,0.637837827205658,0.6387009024620056,0.97166907787323
h7_shoulder,shoulder↔shoulder,h7_shoulder,1,83,0.7567567229270935,0.7577807903289795,0.9942070841789246
h7_shoulder,shoulder↔shoulder,h7_shoulder,1,84,0.6810810565948486,0.6820027232170105,0.9667813181877136
h7_shoulder,shoulder↔shoulder,h7_shoulder,1,85,0.4324324131011963,0.4330175518989563,0.950488805770874
h7_shoulder,shoulder↔shoulder,h7_shoulder,1,86,0.4729729890823364,0.4736129939556122,0.9290369153022766
h7_shoulder,shoulder↔shoulder,h7_shoulder,1,87,0.5567567944526672,0.5575101375579834,0.9753801822662354
h7_shoulder,shoulder↔shoulder,h7_shoulder,1,88,0.49189186096191406,0.49255749583244324,0.9618030190467834
h7_shoulder,shoulder↔shoulder,h7_shoulder,1,89,0.5081080794334412,0.5074424743652344,0.9503982663154602
h7_shoulder,shoulder↔shoulder,h7_shoulder,1,90,0.5202702879905701,0.5223274230957031,0.9078566431999207
h7_shoulder,shoulder↔shoulder,h7_shoulder,1,91,0.7445945739746094,0.7442489862442017,0.9919442534446716
h7_shoulder,shoulder↔shoulder,h7_shoulder,1,92,0.6270270347595215,0.6278755068778992,0.9276792407035828
h7_shoulder,shoulder↔shoulder,h7_shoulder,1,93,0.4405405521392822,0.4411366879940033,0.9738414287567139
h7_shoulder,shoulder↔shoulder,h7_shoulder,1,94,0.4094594419002533,0.4100135266780853,0.9414373636245728
h7_shoulder,shoulder↔shoulder,h7_shoulder,1,95,0.7283783555030823,0.7293640375137329,0.9926683306694031
h7_shoulder,shoulder↔shoulder,h7_shoulder,1,96,0.45540541410446167,0.45737481117248535,0.9681390523910522
h7_shoulder,shoulder↔shoulder,h7_shoulder,1,97,0.4621621370315552,0.46278753876686096,0.930756688117981
h7_shoulder,shoulder↔shoulder,h7_shoulder,1,98,0.43648648262023926,0.4357239305973053,0.9540188312530518
h7_shoulder,shoulder↔shoulder,h7_shoulder,1,99,0.4378378391265869,0.4384303390979767,0.8873099088668823
h7_shoulder,shoulder↔shoulder,h7_shoulder,1,100,0.7540540099143982,0.7564275860786438,0.9984612464904785
h7_shoulder,shoulder↔shoulder,h7_shoulder,1,101,0.41756755113601685,0.41677942872047424,0.9153692722320557
h7_shoulder,shoulder↔shoulder,h7_shoulder,1,102,0.40405404567718506,0.4046007990837097,0.9668718576431274
h7_shoulder,shoulder↔shoulder,h7_shoulder,1,103,0.40135136246681213,0.4032476246356964,0.9351918697357178
h7_shoulder,shoulder↔shoulder,h7_shoulder,1,104,0.7878378629684448,0.7889039516448975,0.9930304288864136
h7_shoulder,shoulder↔shoulder,h7_shoulder,1,105,0.48918917775154114,0.48985111713409424,0.9551050066947937
h7_shoulder,shoulder↔shoulder,h7_shoulder,1,106,0.4027026891708374,0.4032476246356964,0.8872194290161133
h7_shoulder,shoulder↔shoulder,h7_shoulder,1,107,0.7135134935379028,0.7144790291786194,0.9953837990760803
h7_shoulder,shoulder↔shoulder,h7_shoulder,1,108,0.3891891837120056,0.3910689949989319,0.9546524286270142
h7_shoulder,shoulder↔shoulder,h7_shoulder,1,109,0.6351351141929626,0.635994553565979,0.9900434613227844
h7_shoulder,shoulder↔shoulder,h7_shoulder,1,110,0.7310810685157776,0.7320703864097595,0.9953837990760803
h7_shoulder,shoulder↔shoulder,h7_shoulder,1,111,0.7202702164649963,0.7212448716163635,0.9761947989463806
h7_shoulder,shoulder↔shoulder,h7_shoulder,1,112,0.4324324131011963,0.4330175518989563,0.9625271558761597
h7_shoulder,shoulder↔shoulder,h7_shoulder,1,113,0.7270269989967346,0.7280108332633972,0.9797248244285583
h7_shoulder,shoulder↔shoulder,h7_shoulder,1,114,0.7364864945411682,0.7374830842018127,0.9975560903549194
h7_shoulder,shoulder↔shoulder,h7_shoulder,1,115,0.4445945620536804,0.4451961815357208,0.9337436556816101
h7_shoulder,shoulder↔shoulder,h7_shoulder,1,116,0.46891888976097107,0.47090664505958557,0.9735698699951172
h7_shoulder,shoulder↔shoulder,h7_shoulder,1,117,0.5162162184715271,0.5169147253036499,0.934829831123352
h7_shoulder,shoulder↔shoulder,h7_shoulder,1,118,0.8027027249336243,0.8037889003753662,0.9903149604797363
h7_shoulder,shoulder↔shoulder,h7_shoulder,1,119,0.6337838172912598,0.6346414089202881,0.9614409804344177
h7_shoulder,shoulder↔shoulder,h7_shoulder,1,120,0.3729729652404785,0.37347766757011414,0.8920166492462158
h7_shoulder,shoulder↔shoulder,h7_shoulder,1,121,0.7243242859840393,0.7239512801170349,0.9884141683578491
h7_shoulder,shoulder↔shoulder,h7_shoulder,1,122,0.6783784031867981,0.6806495189666748,0.9782766103744507
h7_shoulder,shoulder↔shoulder,h7_shoulder,1,123,0.5067567229270935,0.5060893297195435,0.9204381108283997
h7_shoulder,shoulder↔shoulder,h7_shoulder,1,124,0.3797297179698944,0.38024356961250305,0.9449673891067505
h7_shoulder,shoulder↔shoulder,h7_shoulder,1,125,0.6716216206550598,0.672530472278595,0.992577850818634
h7_shoulder,shoulder↔shoulder,h7_shoulder,1,126,0.45540541410446167,0.45602166652679443,0.9229725003242493
h7_shoulder,shoulder↔shoulder,h7_shoulder,1,127,0.43378376960754395,0.434370756149292,0.9466871619224548
h7_shoulder,shoulder↔shoulder,h7_shoulder,1,128,0.6364864706993103,0.6373477578163147,0.9816256165504456
h7_shoulder,shoulder↔shoulder,h7_shoulder,1,129,0.4905405342578888,0.49120432138442993,0.932838499546051
h7_shoulder,shoulder↔shoulder,h7_shoulder,1,130,0.7472972869873047,0.7483084797859192,0.9922158122062683
h7_shoulder,shoulder↔shoulder,h7_shoulder,1,131,0.3864865005016327,0.38700947165489197,0.9101194739341736
h7_shoulder,shoulder↔shoulder,h7_shoulder,1,132,0.41081079840660095,0.41271987557411194,0.9386314153671265
h7_shoulder,shoulder↔shoulder,h7_shoulder,1,133,0.44324323534965515,0.4438430368900299,0.9667813181877136
h7_shoulder,shoulder↔shoulder,h7_shoulder,1,134,0.4513513445854187,0.45196211338043213,0.9581824541091919
h7_shoulder,shoulder↔shoulder,h7_shoulder,1,135,0.4486486315727234,0.44925573468208313,0.9628891944885254
h7_shoulder,shoulder↔shoulder,h7_shoulder,1,136,0.44324323534965515,0.4424898326396942,0.9588160514831543
h7_shoulder,shoulder↔shoulder,h7_shoulder,1,137,0.43648648262023926,0.437077134847641,0.9231535196304321
h7_shoulder,shoulder↔shoulder,h7_shoulder,1,138,0.8310810327529907,0.8308525085449219,0.9963794350624084
h7_shoulder,shoulder↔shoulder,h7_shoulder,1,139,0.429729700088501,0.4303112030029297,0.9631607532501221
h7_shoulder,shoulder↔shoulder,h7_shoulder,1,140,0.6527026891708374,0.6535859107971191,0.9280412793159485
h7_shoulder,shoulder↔shoulder,h7_shoulder,1,141,0.7581080794334412,0.7604871392250061,0.9828928112983704
h7_shoulder,shoulder↔shoulder,h7_shoulder,1,142,0.4216216206550598,0.42219215631484985,0.9427950978279114
h7_shoulder,shoulder↔shoulder,h7_shoulder,1,143,0.42297297716140747,0.42354536056518555,0.8618754744529724
h7_shoulder,shoulder↔shoulder,h7_shoulder,1,144,0.43648648262023926,0.437077134847641,0.9577299356460571
h7_shoulder,shoulder↔shoulder,h7_shoulder,1,145,0.5364864468574524,0.5358592867851257,0.9461441040039062
h7_shoulder,shoulder↔shoulder,h7_shoulder,1,146,0.37432432174682617,0.37483084201812744,0.9350108504295349
h7_shoulder,shoulder↔shoulder,h7_shoulder,1,147,0.5351351499557495,0.5358592867851257,0.9627081751823425
h7_shoulder,shoulder↔shoulder,h7_shoulder,1,148,0.37162160873413086,0.37212449312210083,0.932748019695282
h7_shoulder,shoulder↔shoulder,h7_shoulder,1,149,0.4135134816169739,0.41407305002212524,0.9436097145080566
h7_shoulder,shoulder↔shoulder,h7_shoulder,1,150,0.37432432174682617,0.37483084201812744,0.9523895978927612
h7_shoulder,shoulder↔shoulder,h7_shoulder,1,151,0.7418918609619141,0.742895781993866,0.9677769541740417
h7_shoulder,shoulder↔shoulder,h7_shoulder,1,152,0.7499999403953552,0.7496616840362549,0.9924873113632202
h7_shoulder,shoulder↔shoulder,h7_shoulder,1,153,0.699999988079071,0.7009472250938416,0.9850651621818542
h7_shoulder,shoulder↔shoulder,h7_shoulder,1,154,0.4445945620536804,0.4465493857860565,0.9428855776786804
h7_shoulder,shoulder↔shoulder,h7_shoulder,1,155,0.4148648679256439,0.41542625427246094,0.9309377074241638
h7_shoulder,shoulder↔shoulder,h7_shoulder,1,156,0.42027026414871216,0.42083895206451416,0.9258689284324646
h7_shoulder,shoulder↔shoulder,h7_shoulder,1,157,0.8986486792564392,0.8985114693641663,0.993664026260376
h7_shoulder,shoulder↔shoulder,h7_shoulder,1,158,0.6716216206550598,0.672530472278595,0.9633417725563049
h7_shoulder,shoulder↔shoulder,h7_shoulder,1,159,0.7540540099143982,0.7550743818283081,0.993664026260376
h7_shoulder,shoulder↔shoulder,h7_shoulder,1,160,0.7067567706108093,0.7077131271362305,0.9891383051872253
h7_shoulder,shoulder↔shoulder,h7_shoulder,1,161,0.4405405521392822,0.4411366879940033,0.9501267075538635
h7_shoulder,shoulder↔shoulder,h7_shoulder,1,162,0.7054053544998169,0.7063599228858948,0.9683200716972351
h7_shoulder,shoulder↔shoulder,h7_shoulder,1,163,0.4513513445854187,0.45196211338043213,0.9572773575782776
h7_shoulder,shoulder↔shoulder,h7_shoulder,1,164,0.7216216325759888,0.7225980758666992,0.9900434613227844
h7_shoulder,shoulder↔shoulder,h7_shoulder,1,165,0.6918918490409851,0.6928281188011169,0.9945691823959351
h7_shoulder,shoulder↔shoulder,h7_shoulder,1,166,0.4135134816169739,0.41407305002212524,0.9381788372993469
h7_shoulder,shoulder↔shoulder,h7_shoulder,1,167,0.43648648262023926,0.437077134847641,0.8182476758956909
h7_shoulder,shoulder↔shoulder,h7_shoulder,1,168,0.4283783733844757,0.42895805835723877,0.9494931101799011
h7_shoulder,shoulder↔shoulder,h7_shoulder,1,169,0.4608108103275299,0.46143436431884766,0.9620745778083801
h7_shoulder,shoulder↔shoulder,h7_shoulder,1,170,0.44729727506637573,0.4479025602340698,0.9697682857513428
h7_shoulder,shoulder↔shoulder,h7_shoulder,1,171,0.4391891658306122,0.4384303390979767,0.8346307277679443
h7_shoulder,shoulder↔shoulder,h7_shoulder,1,172,0.46891888976097107,0.4695534408092499,0.9664192795753479
h7_shoulder,shoulder↔shoulder,h7_shoulder,1,173,0.6959459781646729,0.6968876719474792,0.9804489612579346
h7_shoulder,shoulder↔shoulder,h7_shoulder,1,174,0.5013513565063477,0.5020297765731812,0.9526610970497131
h7_shoulder,shoulder↔shoulder,h7_shoulder,1,175,0.4945945739746094,0.49391070008277893,0.9311187267303467
h7_shoulder,shoulder↔shoulder,h7_shoulder,1,176,0.44999995827674866,0.45060890913009644,0.9285843372344971
h7_shoulder,shoulder↔shoulder,h7_shoulder,1,177,0.44324323534965515,0.4438430368900299,0.961169421672821
h7_shoulder,shoulder↔shoulder,h7_shoulder,1,178,0.7662162184715271,0.7686062455177307,0.9964699745178223
h7_shoulder,shoulder↔shoulder,h7_shoulder,1,179,0.4445945620536804,0.4451961815357208,0.9646089673042297
h7_shoulder,shoulder↔shoulder,h7_shoulder,1,180,0.48783785104751587,0.4884979724884033,0.9320238828659058
h7_shoulder,shoulder↔shoulder,h7_shoulder,1,181,0.5229729413986206,0.5223274230957031,0.9357349872589111
h7_shoulder,shoulder↔shoulder,h7_shoulder,1,182,0.43648648262023926,0.437077134847641,0.9472302794456482
h7_shoulder,shoulder↔shoulder,h7_shoulder,1,183,0.7621621489524841,0.7631934881210327,0.9875090718269348
h7_shoulder,shoulder↔shoulder,h7_shoulder,1,184,0.8500000238418579,0.8511502146720886,0.9870564937591553
h7_shoulder,shoulder↔shoulder,h7_shoulder,1,185,0.4445945620536804,0.4451961815357208,0.9361875653266907
h7_shoulder,shoulder↔shoulder,h7_shoulder,1,186,0.43378376960754395,0.434370756149292,0.9477733373641968
h7_shoulder,shoulder↔shoulder,h7_shoulder,1,187,0.7256757020950317,0.7266576290130615,0.9962888956069946
h7_shoulder,shoulder↔shoulder,h7_shoulder,1,188,0.8013513088226318,0.8010825514793396,0.9786386489868164
h7_shoulder,shoulder↔shoulder,h7_shoulder,1,189,0.8256756663322449,0.8267929553985596,0.9998189806938171
h7_shoulder,shoulder↔shoulder,h7_shoulder,1,190,0.6729729175567627,0.6738836169242859,0.9658761620521545
h7_shoulder,shoulder↔shoulder,h7_shoulder,1,191,0.4581080973148346,0.45872801542282104,0.9513034224510193
h7_shoulder,shoulder↔shoulder,h7_shoulder,1,192,0.39459457993507385,0.3937753736972809,0.8990767598152161
h7_shoulder,shoulder↔shoulder,h7_shoulder,1,193,0.7432432174682617,0.7442489862442017,0.9782766103744507
h7_shoulder,shoulder↔shoulder,h7_shoulder,1,194,0.7364864945411682,0.7374830842018127,0.9605358242988586
h7_shoulder,shoulder↔shoulder,h7_shoulder,1,195,0.6702702641487122,0.6684708595275879,0.9387219548225403
h7_shoulder,shoulder↔shoulder,h7_shoulder,1,196,0.4391891658306122,0.4411366879940033,0.9342867732048035
h7_shoulder,shoulder↔shoulder,h7_shoulder,1,197,0.48243245482444763,0.4830852746963501,0.9224293828010559
h7_shoulder,shoulder↔shoulder,h7_shoulder,1,198,0.7527027130126953,0.7537212371826172,0.995745837688446
h7_shoulder,shoulder↔shoulder,h7_shoulder,1,199,0.44594594836235046,0.4451961815357208,0.9451484680175781
h7_shoulder,shoulder↔shoulder,h7_shoulder,1,200,0.7310810685157776,0.7320703864097595,0.965423583984375
h7_shoulder,shoulder↔shoulder,h7_shoulder,1,201,0.6567567586898804,0.6576454639434814,0.9486784934997559
h7_shoulder,shoulder↔shoulder,h7_shoulder,1,202,0.4162162244319916,0.41677942872047424,0.9131969809532166
h7_shoulder,shoulder↔shoulder,h7_shoulder,1,203,0.3932432234287262,0.3937753736972809,0.9400796294212341
h7_shoulder,shoulder↔shoulder,h7_shoulder,1,204,0.4540540277957916,0.4533153176307678,0.962165117263794
h7_shoulder,shoulder↔shoulder,h7_shoulder,1,205,0.4418918788433075,0.4424898326396942,0.9519370198249817
h7_shoulder,shoulder↔shoulder,h7_shoulder,1,206,0.44324323534965515,0.4438430368900299,0.9551954865455627
h7_shoulder,shoulder↔shoulder,h7_shoulder,1,207,0.4391891658306122,0.4397834837436676,0.925325870513916
h7_shoulder,shoulder↔shoulder,h7_shoulder,1,208,0.7486486434936523,0.7483084797859192,0.9785481691360474
h7_shoulder,shoulder↔shoulder,h7_shoulder,1,209,0.7581080794334412,0.7577807903289795,0.9812635779380798
h7_shoulder,shoulder↔shoulder,h7_shoulder,1,210,0.42432430386543274,0.42489850521087646,0.9351013898849487
h7_shoulder,shoulder↔shoulder,h7_shoulder,1,211,0.6851351261138916,0.6874154210090637,0.9848841428756714
h7_shoulder,shoulder↔shoulder,h7_shoulder,1,212,0.6689189076423645,0.6684708595275879,0.9593591690063477
h7_shoulder,shoulder↔shoulder,h7_shoulder,1,213,0.5027027130126953,0.5033829808235168,0.9288558959960938
h7_shoulder,shoulder↔shoulder,h7_shoulder,1,214,0.8229729533195496,0.8213802576065063,0.9986422657966614
h7_shoulder,shoulder↔shoulder,h7_shoulder,1,215,0.4702702760696411,0.47090664505958557,0.9537472724914551
h7_shoulder,shoulder↔shoulder,h7_shoulder,1,216,0.4540540277957916,0.45466846227645874,0.9543808698654175
h7_shoulder,shoulder↔shoulder,h7_shoulder,1,217,0.7635135054588318,0.7658998370170593,0.9895003437995911
h7_shoulder,shoulder↔shoulder,h7_shoulder,1,218,0.42702701687812805,0.4303112030029297,0.8536386489868164
h7_shoulder,shoulder↔shoulder,h7_shoulder,1,219,0.4905405342578888,0.49120432138442993,0.8942794799804688
h7_shoulder,shoulder↔shoulder,h7_shoulder,1,220,0.5324324369430542,0.53450608253479,0.9644279479980469
h7_shoulder,shoulder↔shoulder,h7_shoulder,1,221,0.45675674080848694,0.45737481117248535,0.937092661857605
h7_shoulder,shoulder↔shoulder,h7_shoulder,1,222,0.7378378510475159,0.7388362884521484,0.9646995067596436
h7_shoulder,shoulder↔shoulder,h7_shoulder,1,223,0.745945930480957,0.742895781993866,0.991672694683075
h7_shoulder,shoulder↔shoulder,h7_shoulder,1,224,0.4162162244319916,0.41677942872047424,0.9510318636894226
h7_shoulder,shoulder↔shoulder,h7_shoulder,1,225,0.4621621370315552,0.46278753876686096,0.9814445972442627
h7_shoulder,shoulder↔shoulder,h7_shoulder,1,226,0.40675675868988037,0.4073071777820587,0.9546524286270142
h7_shoulder,shoulder↔shoulder,h7_shoulder,1,227,0.7621621489524841,0.7618403434753418,0.9851557016372681
h7_shoulder,shoulder↔shoulder,h7_shoulder,1,228,0.7121621370315552,0.7117726802825928,0.9793627858161926
h7_shoulder,shoulder↔shoulder,h7_shoulder,1,229,0.39054054021835327,0.3910689949989319,0.9529326558113098
h7_shoulder,shoulder↔shoulder,h7_shoulder,1,230,0.6878377795219421,0.6887685656547546,0.9881426692008972
h7_shoulder,shoulder↔shoulder,h7_shoulder,1,231,0.7229729890823364,0.7239512801170349,0.9870564937591553
h7_shoulder,shoulder↔shoulder,h7_shoulder,1,232,0.4445945620536804,0.4451961815357208,0.9079471230506897
h7_shoulder,shoulder↔shoulder,h7_shoulder,1,233,0.4810810685157776,0.4803788661956787,0.9395365715026855
h7_shoulder,shoulder↔shoulder,h7_shoulder,1,234,0.40405404567718506,0.4046007990837097,0.9459630846977234
h7_shoulder,shoulder↔shoulder,h7_shoulder,1,235,0.6770269870758057,0.6779431700706482,0.9903149604797363
h7_shoulder,shoulder↔shoulder,h7_shoulder,1,236,0.8256756663322449,0.8267929553985596,0.9895003437995911
h7_shoulder,shoulder↔shoulder,h7_shoulder,1,237,0.7608107924461365,0.7604871392250061,0.987328052520752
h7_shoulder,shoulder↔shoulder,h7_shoulder,1,238,0.7445945739746094,0.7469553351402283,0.9675959348678589
h7_shoulder,shoulder↔shoulder,h7_shoulder,1,239,0.8513513803482056,0.8525034189224243,0.9883236885070801
h1,H1 naive 2-grasp (all ratios),h1,1,0,0.8342318534851074,0.837618350982666,0.9889572858810425
h1,H1 naive 2-grasp (all ratios),h1,1,1,0.6684636473655701,0.6711772680282593,0.9620745778083801
h1,H1 naive 2-grasp (all ratios),h1,1,2,0.6630728244781494,0.667117714881897,0.9670528769493103
h1,H1 naive 2-grasp (all ratios),h1,1,3,0.6199461221694946,0.6238159537315369,0.907585084438324
h1,H1 naive 2-grasp (all ratios),h1,1,4,0.7870619893074036,0.7889039516448975,0.9851557016372681
h1,H1 naive 2-grasp (all ratios),h1,1,5,0.6603773832321167,0.6644113659858704,0.9818066358566284
h1,H1 naive 2-grasp (all ratios),h1,1,6,0.6576820015907288,0.6603518128395081,0.9920347332954407
h1,H1 naive 2-grasp (all ratios),h1,1,7,0.6091644167900085,0.6129904985427856,0.9249637722969055
h1,H1 naive 2-grasp (all ratios),h1,1,8,0.7398921847343445,0.742895781993866,0.9778240323066711
h1,H1 naive 2-grasp (all ratios),h1,1,9,0.6590296626091003,0.6603518128395081,0.9618030190467834
h1,H1 naive 2-grasp (all ratios),h1,1,10,0.5849056839942932,0.5859269499778748,0.9687726497650146
h1,H1 naive 2-grasp (all ratios),h1,1,11,0.6536388397216797,0.6562922596931458,0.9645184874534607
h1,H1 naive 2-grasp (all ratios),h1,1,12,0.5633423328399658,0.565629243850708,0.9626176953315735
h1,H1 naive 2-grasp (all ratios),h1,1,13,0.5889487862586975,0.591339647769928,0.9589971303939819
h1,H1 naive 2-grasp (all ratios),h1,1,14,0.634770929813385,0.6373477578163147,0.9542903900146484
h1,H1 naive 2-grasp (all ratios),h1,1,15,0.6495957374572754,0.6535859107971191,0.9666002988815308
h1,H1 naive 2-grasp (all ratios),h1,1,16,0.6590296626091003,0.661704957485199,0.9855177402496338
h1,H1 naive 2-grasp (all ratios),h1,1,17,0.6415094137191772,0.6441136598587036,0.9598117470741272
h1,H1 naive 2-grasp (all ratios),h1,1,18,0.6320755481719971,0.6332882046699524,0.9855177402496338
h1,H1 naive 2-grasp (all ratios),h1,1,19,0.6522911190986633,0.6549391150474548,0.9167270064353943
h1,H1 naive 2-grasp (all ratios),h1,1,20,0.6172507405281067,0.6197564601898193,0.9715785384178162
h1,H1 naive 2-grasp (all ratios),h1,1,21,0.5175202488899231,0.5196210741996765,0.9860607981681824
h1,H1 naive 2-grasp (all ratios),h1,1,22,0.4811321198940277,0.4830852746963501,0.9360970258712769
h1,H1 naive 2-grasp (all ratios),h1,1,23,0.7223719954490662,0.7266576290130615,0.9682295322418213
h1,H1 naive 2-grasp (all ratios),h1,1,24,0.7318059802055359,0.7347767353057861,0.9214337468147278
h1,H1 naive 2-grasp (all ratios),h1,1,25,0.5512129664421082,0.5534505844116211,0.982259213924408
h1,H1 naive 2-grasp (all ratios),h1,1,26,0.778975784778595,0.7821379899978638,0.9800869226455688
h1,H1 naive 2-grasp (all ratios),h1,1,27,0.6495957374572754,0.6522327661514282,0.9708544611930847
h1,H1 naive 2-grasp (all ratios),h1,1,28,0.6455525755882263,0.6495264172554016,0.9711260199546814
h1,H1 naive 2-grasp (all ratios),h1,1,29,0.6886792778968811,0.6914749145507812,0.965333104133606
h1,H1 naive 2-grasp (all ratios),h1,1,30,0.7115903496742249,0.7144790291786194,0.9659667015075684
h1,H1 naive 2-grasp (all ratios),h1,1,31,0.6091644167900085,0.61163729429245,0.9764663577079773
h1,H1 naive 2-grasp (all ratios),h1,1,32,0.7291105389595032,0.7320703864097595,0.9893193244934082
h1,H1 naive 2-grasp (all ratios),h1,1,33,0.6765499114990234,0.6792963743209839,0.9711260199546814
h1,H1 naive 2-grasp (all ratios),h1,1,34,0.6994609832763672,0.7063599228858948,0.9800869226455688
h1,H1 naive 2-grasp (all ratios),h1,1,35,0.7048518061637878,0.7077131271362305,0.9626176953315735
h1,H1 naive 2-grasp (all ratios),h1,1,36,0.7277628183364868,0.7307171821594238,0.9693157076835632
h1,H1 naive 2-grasp (all ratios),h1,1,37,0.5768194198608398,0.5778078436851501,0.9812635779380798
h1,H1 naive 2-grasp (all ratios),h1,1,38,0.6226415634155273,0.6251691579818726,0.98624187707901
h1,H1 naive 2-grasp (all ratios),h1,1,39,0.6738544702529907,0.6765899658203125,0.990496039390564
h1,H1 naive 2-grasp (all ratios),h1,1,40,0.5094339847564697,0.5115020275115967,0.9638848900794983
h1,H1 naive 2-grasp (all ratios),h1,1,41,0.7183288335800171,0.7185385227203369,0.9423425197601318
h1,H1 naive 2-grasp (all ratios),h1,1,42,0.6374663710594177,0.6427605152130127,0.9558290839195251
h1,H1 naive 2-grasp (all ratios),h1,1,43,0.6159030199050903,0.615696907043457,0.9405322074890137
h1,H1 naive 2-grasp (all ratios),h1,1,44,0.48787063360214233,0.48985111713409424,0.9440622925758362
h1,H1 naive 2-grasp (all ratios),h1,1,45,0.6064690351486206,0.6089309453964233,0.9680485129356384
h1,H1 naive 2-grasp (all ratios),h1,1,46,0.6805930137634277,0.6820027232170105,0.9890477657318115
h1,H1 naive 2-grasp (all ratios),h1,1,47,0.7048518061637878,0.7077131271362305,0.9663287401199341
h1,H1 naive 2-grasp (all ratios),h1,1,48,0.6037735939025879,0.6062245965003967,0.9467777013778687
h1,H1 naive 2-grasp (all ratios),h1,1,49,0.5902965664863586,0.591339647769928,0.9675054550170898
h1,H1 naive 2-grasp (all ratios),h1,1,50,0.6630728244781494,0.6657645106315613,0.9866943955421448
h1,H1 naive 2-grasp (all ratios),h1,1,51,0.6563342213630676,0.6589986085891724,0.9754706621170044
h1,H1 naive 2-grasp (all ratios),h1,1,52,0.7048518061637878,0.7077131271362305,0.9728457927703857
h1,H1 naive 2-grasp (all ratios),h1,1,53,0.5309973359107971,0.5331529378890991,0.9597212076187134
h1,H1 naive 2-grasp (all ratios),h1,1,54,0.5943396091461182,0.5953992009162903,0.954742968082428
h1,H1 naive 2-grasp (all ratios),h1,1,55,0.7371968030929565,0.7388362884521484,0.9371832013130188
h1,H1 naive 2-grasp (all ratios),h1,1,56,0.6091644167900085,0.61163729429245,0.9432476758956909
h1,H1 naive 2-grasp (all ratios),h1,1,57,0.6832884550094604,0.686062216758728,0.9807205200195312
h1,H1 naive 2-grasp (all ratios),h1,1,58,0.6226415634155273,0.6238159537315369,0.9664192795753479
h1,H1 naive 2-grasp (all ratios),h1,1,59,0.6684636473655701,0.672530472278595,0.9818066358566284
h1,H1 naive 2-grasp (all ratios),h1,1,60,0.698113203048706,0.7009472250938416,0.9838885068893433
h1,H1 naive 2-grasp (all ratios),h1,1,61,0.6886792778968811,0.6914749145507812,0.9865133762359619
h1,H1 naive 2-grasp (all ratios),h1,1,62,0.6738544702529907,0.6765899658203125,0.9681390523910522
h1,H1 naive 2-grasp (all ratios),h1,1,63,0.6765499114990234,0.6792963743209839,0.940170168876648
h1,H1 naive 2-grasp (all ratios),h1,1,64,0.6576820015907288,0.6589986085891724,0.9698588252067566
h1,H1 naive 2-grasp (all ratios),h1,1,65,0.6024259328842163,0.6048714518547058,0.966238260269165
h1,H1 naive 2-grasp (all ratios),h1,1,66,0.6913747191429138,0.6968876719474792,0.9720311164855957
h1,H1 naive 2-grasp (all ratios),h1,1,67,0.7142857313156128,0.717185378074646,0.9666907787322998
h1,H1 naive 2-grasp (all ratios),h1,1,68,0.698113203048706,0.7009472250938416,0.9724836945533752
h1,H1 naive 2-grasp (all ratios),h1,1,69,0.5646900534629822,0.5669823884963989,0.9631607532501221
h1,H1 naive 2-grasp (all ratios),h1,1,70,0.7735849618911743,0.7767252922058105,0.9657856822013855
h1,H1 naive 2-grasp (all ratios),h1,1,71,0.6725067496299744,0.6752368211746216,0.9607168436050415
h1,H1 naive 2-grasp (all ratios),h1,1,72,0.7331536412239075,0.736129879951477,0.9837074875831604
h1,H1 naive 2-grasp (all ratios),h1,1,73,0.7601078152656555,0.767253041267395,0.9942976236343384
h1,H1 naive 2-grasp (all ratios),h1,1,74,0.7466307878494263,0.7523680329322815,0.9789102077484131
h1,H1 naive 2-grasp (all ratios),h1,1,75,0.6307277679443359,0.6346414089202881,0.9766473770141602
h1,H1 naive 2-grasp (all ratios),h1,1,76,0.607816755771637,0.610284149646759,0.9846125841140747
h1,H1 naive 2-grasp (all ratios),h1,1,77,0.6927223801612854,0.6968876719474792,0.9494931101799011
h1,H1 naive 2-grasp (all ratios),h1,1,78,0.6401617527008057,0.6427605152130127,0.9573678374290466
h1,H1 naive 2-grasp (all ratios),h1,1,79,0.6334232091903687,0.635994553565979,0.9656046628952026
h1,H1 naive 2-grasp (all ratios),h1,1,80,0.7803235054016113,0.7834911942481995,0.9845221042633057
h1,H1 naive 2-grasp (all ratios),h1,1,81,0.5161725282669067,0.5182679295539856,0.9472302794456482
h1,H1 naive 2-grasp (all ratios),h1,1,82,0.7196765542030334,0.7239512801170349,0.987328052520752
h1,H1 naive 2-grasp (all ratios),h1,1,83,0.628032386302948,0.6292286515235901,0.9726647138595581
h1,H1 naive 2-grasp (all ratios),h1,1,84,0.7412399649620056,0.7442489862442017,0.9926683306694031
h1,H1 naive 2-grasp (all ratios),h1,1,85,0.5094339847564697,0.5115020275115967,0.9471397399902344
h1,H1 naive 2-grasp (all ratios),h1,1,86,0.6738544702529907,0.6765899658203125,0.9724836945533752
h1,H1 naive 2-grasp (all ratios),h1,1,87,0.6617251038551331,0.6630581617355347,0.9690441489219666
h1,H1 naive 2-grasp (all ratios),h1,1,88,0.5943396091461182,0.5967523455619812,0.9866943955421448
h1,H1 naive 2-grasp (all ratios),h1,1,89,0.5876011252403259,0.5899865031242371,0.9767378568649292
h1,H1 naive 2-grasp (all ratios),h1,1,90,0.7439353466033936,0.7469553351402283,0.9400796294212341
h1,H1 naive 2-grasp (all ratios),h1,1,91,0.5700809359550476,0.5723951458930969,0.9616219997406006
h1,H1 naive 2-grasp (all ratios),h1,1,92,0.64420485496521,0.6468200087547302,0.9668718576431274
h1,H1 naive 2-grasp (all ratios),h1,1,93,0.6576820015907288,0.661704957485199,0.9796343445777893
h1,H1 naive 2-grasp (all ratios),h1,1,94,0.5916442275047302,0.5940459966659546,0.9609884023666382
h1,H1 naive 2-grasp (all ratios),h1,1,95,0.7196765542030334,0.7225980758666992,0.9837074875831604
h1,H1 naive 2-grasp (all ratios),h1,1,96,0.6603773832321167,0.6630581617355347,0.9415279030799866
h1,H1 naive 2-grasp (all ratios),h1,1,97,0.6118598580360413,0.615696907043457,0.9823497533798218
h1,H1 naive 2-grasp (all ratios),h1,1,98,0.6118598580360413,0.6129904985427856,0.9739319086074829
h1,H1 naive 2-grasp (all ratios),h1,1,99,0.5808625817298889,0.5832205414772034,0.9784576296806335
h1,H1 naive 2-grasp (all ratios),h1,1,100,0.6805930137634277,0.6833558678627014,0.9806299805641174
h1,H1 naive 2-grasp (all ratios),h1,1,101,0.621293842792511,0.6238159537315369,0.944243311882019
h1,H1 naive 2-grasp (all ratios),h1,1,102,0.6927223801612854,0.6955344676971436,0.9625271558761597
h1,H1 naive 2-grasp (all ratios),h1,1,103,0.677897572517395,0.6806495189666748,0.9651520848274231
h1,H1 naive 2-grasp (all ratios),h1,1,104,0.7345013618469238,0.7374830842018127,0.9804489612579346
h1,H1 naive 2-grasp (all ratios),h1,1,105,0.7466307878494263,0.7496616840362549,0.9796343445777893
h1,H1 naive 2-grasp (all ratios),h1,1,106,0.6671159267425537,0.6711772680282593,0.9551050066947937
h1,H1 naive 2-grasp (all ratios),h1,1,107,0.5619946122169495,0.5642760396003723,0.9577299356460571
h1,H1 naive 2-grasp (all ratios),h1,1,108,0.6307277679443359,0.6332882046699524,0.9765568375587463
h1,H1 naive 2-grasp (all ratios),h1,1,109,0.7506738901138306,0.7550743818283081,0.9439717531204224
h1,H1 naive 2-grasp (all ratios),h1,1,110,0.6900269985198975,0.6928281188011169,0.9771904349327087
h1,H1 naive 2-grasp (all ratios),h1,1,111,0.634770929813385,0.6373477578163147,0.9670528769493103
h1,H1 naive 2-grasp (all ratios),h1,1,112,0.5943396091461182,0.5981055498123169,0.97166907787323
h1,H1 naive 2-grasp (all ratios),h1,1,113,0.7735849618911743,0.7753720879554749,0.9800869226455688
h1,H1 naive 2-grasp (all ratios),h1,1,114,0.698113203048706,0.7023004293441772,0.9875090718269348
h1,H1 naive 2-grasp (all ratios),h1,1,115,0.45552560687065125,0.45872801542282104,0.9443337917327881
h1,H1 naive 2-grasp (all ratios),h1,1,116,0.6886792778968811,0.6914749145507812,0.9777335524559021
h1,H1 naive 2-grasp (all ratios),h1,1,117,0.6105121374130249,0.61163729429245,0.9766473770141602
h1,H1 naive 2-grasp (all ratios),h1,1,118,0.6010782122612,0.6035182476043701,0.9669623374938965
h1,H1 naive 2-grasp (all ratios),h1,1,119,0.7169811725616455,0.7198917269706726,0.9640659093856812
h1,H1 naive 2-grasp (all ratios),h1,1,120,0.6185984015464783,0.6211096048355103,0.9777335524559021
h1,H1 naive 2-grasp (all ratios),h1,1,121,0.5336927771568298,0.5358592867851257,0.9520274996757507
h1,H1 naive 2-grasp (all ratios),h1,1,122,0.6064690351486206,0.6089309453964233,0.9336531758308411
h1,H1 naive 2-grasp (all ratios),h1,1,123,0.6752021908760071,0.6779431700706482,0.98542720079422
h1,H1 naive 2-grasp (all ratios),h1,1,124,0.5970350503921509,0.5981055498123169,0.968591570854187
h1,H1 naive 2-grasp (all ratios),h1,1,125,0.6738544702529907,0.6752368211746216,0.9875090718269348
h1,H1 naive 2-grasp (all ratios),h1,1,126,0.6576820015907288,0.6603518128395081,0.9703113436698914
h1,H1 naive 2-grasp (all ratios),h1,1,127,0.7371968030929565,0.7401894330978394,0.9908580780029297
h1,H1 naive 2-grasp (all ratios),h1,1,128,0.6927223801612854,0.6941813230514526,0.978005051612854
h1,H1 naive 2-grasp (all ratios),h1,1,129,0.5849056839942932,0.5859269499778748,0.9835264086723328
h1,H1 naive 2-grasp (all ratios),h1,1,130,0.6576820015907288,0.6589986085891724,0.981082558631897
h1,H1 naive 2-grasp (all ratios),h1,1,131,0.8167116045951843,0.8200270533561707,0.9828928112983704
h1,H1 naive 2-grasp (all ratios),h1,1,132,0.7264151573181152,0.7293640375137329,0.9912201166152954
h1,H1 naive 2-grasp (all ratios),h1,1,133,0.5107817053794861,0.5115020275115967,0.9567342400550842
h1,H1 naive 2-grasp (all ratios),h1,1,134,0.648248016834259,0.6508795619010925,0.926412045955658
h1,H1 naive 2-grasp (all ratios),h1,1,135,0.4218329191207886,0.42354536056518555,0.8102824091911316
h1,H1 naive 2-grasp (all ratios),h1,1,136,0.6617251038551331,0.6657645106315613,0.9708544611930847
h1,H1 naive 2-grasp (all ratios),h1,1,137,0.6536388397216797,0.6576454639434814,0.9794532656669617
h1,H1 naive 2-grasp (all ratios),h1,1,138,0.5080862641334534,0.510148823261261,0.9580919742584229
h1,H1 naive 2-grasp (all ratios),h1,1,139,0.6657682061195374,0.6698240637779236,0.9805394411087036
h1,H1 naive 2-grasp (all ratios),h1,1,140,0.6644205451011658,0.667117714881897,0.9505792856216431
h1,H1 naive 2-grasp (all ratios),h1,1,141,0.4959569275379181,0.49797025322914124,0.9269551038742065
h1,H1 naive 2-grasp (all ratios),h1,1,142,0.7129380106925964,0.7158321738243103,0.9717596173286438
h1,H1 naive 2-grasp (all ratios),h1,1,143,0.6630728244781494,0.667117714881897,0.9849746823310852
h1,H1 naive 2-grasp (all ratios),h1,1,144,0.6698113679885864,0.6738836169242859,0.9637038111686707
h1,H1 naive 2-grasp (all ratios),h1,1,145,0.5606469511985779,0.5629228949546814,0.9352824091911316
h1,H1 naive 2-grasp (all ratios),h1,1,146,0.6657682061195374,0.6698240637779236,0.9885047078132629
h1,H1 naive 2-grasp (all ratios),h1,1,147,0.5579515099525452,0.5602165460586548,0.9799058437347412
h1,H1 naive 2-grasp (all ratios),h1,1,148,0.39757415652275085,0.3991881012916565,0.9236060976982117
h1,H1 naive 2-grasp (all ratios),h1,1,149,0.8247978687286377,0.8281461000442505,0.9890477657318115
h1,H1 naive 2-grasp (all ratios),h1,1,150,0.526954174041748,0.5317997336387634,0.9493120908737183
h1,H1 naive 2-grasp (all ratios),h1,1,151,0.506738543510437,0.5074424743652344,0.9236965775489807
h1,H1 naive 2-grasp (all ratios),h1,1,152,0.6913747191429138,0.6928281188011169,0.9636133313179016
h1,H1 naive 2-grasp (all ratios),h1,1,153,0.7250674366950989,0.7280108332633972,0.9922158122062683
h1,H1 naive 2-grasp (all ratios),h1,1,154,0.6576820015907288,0.661704957485199,0.9787291884422302
h1,H1 naive 2-grasp (all ratios),h1,1,155,0.6752021908760071,0.6765899658203125,0.9643374085426331
h1,H1 naive 2-grasp (all ratios),h1,1,156,0.5754717588424683,0.5778078436851501,0.9755612015724182
h1,H1 naive 2-grasp (all ratios),h1,1,157,0.6698113679885864,0.672530472278595,0.9892288446426392
h1,H1 naive 2-grasp (all ratios),h1,1,158,0.5970350503921509,0.6008118987083435,0.961169421672821
h1,H1 naive 2-grasp (all ratios),h1,1,159,0.5053908228874207,0.5060893297195435,0.9903149604797363
h1,H1 naive 2-grasp (all ratios),h1,1,160,0.6725067496299744,0.6752368211746216,0.9844315648078918
h1,H1 naive 2-grasp (all ratios),h1,1,161,0.7088949084281921,0.7117726802825928,0.9712164998054504
h1,H1 naive 2-grasp (all ratios),h1,1,162,0.6293800473213196,0.6319350004196167,0.9888667464256287
h1,H1 naive 2-grasp (all ratios),h1,1,163,0.5026954412460327,0.5033829808235168,0.9330195784568787
h1,H1 naive 2-grasp (all ratios),h1,1,164,0.6684636473655701,0.6698240637779236,0.9809015393257141
h1,H1 naive 2-grasp (all ratios),h1,1,165,0.7385445237159729,0.741542637348175,0.9904054999351501
h1,H1 naive 2-grasp (all ratios),h1,1,166,0.7156334519386292,0.7185385227203369,0.9881426692008972
h1,H1 naive 2-grasp (all ratios),h1,1,167,0.634770929813385,0.6373477578163147,0.974746584892273
h1,H1 naive 2-grasp (all ratios),h1,1,168,0.6334232091903687,0.6346414089202881,0.9818066358566284
h1,H1 naive 2-grasp (all ratios),h1,1,169,0.6469002962112427,0.6481732130050659,0.9451484680175781
h1,H1 naive 2-grasp (all ratios),h1,1,170,0.7614555358886719,0.7658998370170593,0.9846125841140747
h1,H1 naive 2-grasp (all ratios),h1,1,171,0.5606469511985779,0.5629228949546814,0.9554670453071594
h1,H1 naive 2-grasp (all ratios),h1,1,172,0.6792453527450562,0.6820027232170105,0.9799058437347412
h1,H1 naive 2-grasp (all ratios),h1,1,173,0.4892183542251587,0.49120432138442993,0.9477733373641968
h1,H1 naive 2-grasp (all ratios),h1,1,174,0.64420485496521,0.6468200087547302,0.9805394411087036
h1,H1 naive 2-grasp (all ratios),h1,1,175,0.5512129664421082,0.5534505844116211,0.9814445972442627
h1,H1 naive 2-grasp (all ratios),h1,1,176,0.7398921847343445,0.742895781993866,0.9417089223861694
h1,H1 naive 2-grasp (all ratios),h1,1,177,0.7304582595825195,0.7320703864097595,0.956824779510498
h1,H1 naive 2-grasp (all ratios),h1,1,178,0.7749326229095459,0.7753720879554749,0.9902244806289673
h1,H1 naive 2-grasp (all ratios),h1,1,179,0.7587601542472839,0.7618403434753418,0.987328052520752
h1,H1 naive 2-grasp (all ratios),h1,1,180,0.7439353466033936,0.7456021308898926,0.9783671498298645
h1,H1 naive 2-grasp (all ratios),h1,1,181,0.5916442275047302,0.5940459966659546,0.9544714093208313
h1,H1 naive 2-grasp (all ratios),h1,1,182,0.6374663710594177,0.6400541067123413,0.9560101628303528
h1,H1 naive 2-grasp (all ratios),h1,1,183,0.6010782122612,0.6021650433540344,0.9735698699951172
h1,H1 naive 2-grasp (all ratios),h1,1,184,0.5229110717773438,0.5250337719917297,0.9710354804992676
h1,H1 naive 2-grasp (all ratios),h1,1,185,0.6657682061195374,0.6684708595275879,0.9303946495056152
h1,H1 naive 2-grasp (all ratios),h1,1,186,0.7614555358886719,0.7658998370170593,0.9511224031448364
h1,H1 naive 2-grasp (all ratios),h1,1,187,0.7304582595825195,0.7320703864097595,0.97166907787323
h1,H1 naive 2-grasp (all ratios),h1,1,188,0.6010782122612,0.6021650433540344,0.9408037662506104
h1,H1 naive 2-grasp (all ratios),h1,1,189,0.628032386302948,0.6305818557739258,0.9856987595558167
h1,H1 naive 2-grasp (all ratios),h1,1,190,0.5714285969734192,0.5737482905387878,0.958001434803009
h1,H1 naive 2-grasp (all ratios),h1,1,191,0.6064690351486206,0.610284149646759,0.9820781946182251
h1,H1 naive 2-grasp (all ratios),h1,1,192,0.5309973359107971,0.5331529378890991,0.9735698699951172
h1,H1 naive 2-grasp (all ratios),h1,1,193,0.5768194198608398,0.5791609883308411,0.9378167986869812
h1,H1 naive 2-grasp (all ratios),h1,1,194,0.6105121374130249,0.61163729429245,0.9807205200195312
h1,H1 naive 2-grasp (all ratios),h1,1,195,0.6428571939468384,0.6454668641090393,0.9620745778083801
h1,H1 naive 2-grasp (all ratios),h1,1,196,0.6725067496299744,0.6738836169242859,0.9743844866752625
h1,H1 naive 2-grasp (all ratios),h1,1,197,0.621293842792511,0.6251691579818726,0.974746584892273
h1,H1 naive 2-grasp (all ratios),h1,1,198,0.4757412374019623,0.4776725172996521,0.984250545501709
h1,H1 naive 2-grasp (all ratios),h1,1,199,0.6563342213630676,0.6603518128395081,0.9774619936943054
h1,H1 naive 2-grasp (all ratios),h1,1,200,0.7035040259361267,0.7050067782402039,0.9778240323066711
h1,H1 naive 2-grasp (all ratios),h1,1,201,0.5606469511985779,0.5642760396003723,0.9599022269248962
h1,H1 naive 2-grasp (all ratios),h1,1,202,0.7008086442947388,0.7036535739898682,0.9769188761711121
h1,H1 naive 2-grasp (all ratios),h1,1,203,0.4528301954269409,0.45466846227645874,0.9419804215431213
h1,H1 naive 2-grasp (all ratios),h1,1,204,0.7425876259803772,0.7456021308898926,0.9871469736099243
h1,H1 naive 2-grasp (all ratios),h1,1,205,0.6415094137191772,0.6441136598587036,0.977914571762085
h1,H1 naive 2-grasp (all ratios),h1,1,206,0.6671159267425537,0.6711772680282593,0.9757422208786011
h1,H1 naive 2-grasp (all ratios),h1,1,207,0.6927223801612854,0.6955344676971436,0.9744750261306763
h1,H1 naive 2-grasp (all ratios),h1,1,208,0.7237197160720825,0.7253044247627258,0.9750180840492249
h1,H1 naive 2-grasp (all ratios),h1,1,209,0.5768194198608398,0.5778078436851501,0.95709627866745
h1,H1 naive 2-grasp (all ratios),h1,1,210,0.7547169923782349,0.7591339945793152,0.970582902431488
h1,H1 naive 2-grasp (all ratios),h1,1,211,0.7385445237159729,0.7401894330978394,0.9880521297454834
h1,H1 naive 2-grasp (all ratios),h1,1,212,0.6428571939468384,0.6441136598587036,0.921343207359314
h1,H1 naive 2-grasp (all ratios),h1,1,213,0.650943398475647,0.6549391150474548,0.9666002988815308
h1,H1 naive 2-grasp (all ratios),h1,1,214,0.6320755481719971,0.6346414089202881,0.9763758182525635
h1,H1 naive 2-grasp (all ratios),h1,1,215,0.5188679695129395,0.5209742784500122,0.9777335524559021
h1,H1 naive 2-grasp (all ratios),h1,1,216,0.6644205451011658,0.6684708595275879,0.9494026303291321
h1,H1 naive 2-grasp (all ratios),h1,1,217,0.7021563649177551,0.7050067782402039,0.9595401883125305
h1,H1 naive 2-grasp (all ratios),h1,1,218,0.7102426290512085,0.7117726802825928,0.9742940068244934
h1,H1 naive 2-grasp (all ratios),h1,1,219,0.5431267023086548,0.5453315377235413,0.9763758182525635
h1,H1 naive 2-grasp (all ratios),h1,1,220,0.7169811725616455,0.7212448716163635,0.969406247138977
h1,H1 naive 2-grasp (all ratios),h1,1,221,0.607816755771637,0.610284149646759,0.9759232401847839
h1,H1 naive 2-grasp (all ratios),h1,1,222,0.6873315572738647,0.6928281188011169,0.954742968082428
h1,H1 naive 2-grasp (all ratios),h1,1,223,0.654986560344696,0.6576454639434814,0.9821687340736389
h1,H1 naive 2-grasp (all ratios),h1,1,224,0.5134771466255188,0.515561580657959,0.9606263637542725
h1,H1 naive 2-grasp (all ratios),h1,1,225,0.5727763175964355,0.5751014947891235,0.9883236885070801
h1,H1 naive 2-grasp (all ratios),h1,1,226,0.5404313206672668,0.5426251888275146,0.973660409450531
h1,H1 naive 2-grasp (all ratios),h1,1,227,0.7008086442947388,0.7036535739898682,0.9546524286270142
h1,H1 naive 2-grasp (all ratios),h1,1,228,0.6563342213630676,0.6603518128395081,0.9809920191764832
h1,H1 naive 2-grasp (all ratios),h1,1,229,0.7142857313156128,0.717185378074646,0.9879616498947144
h1,H1 naive 2-grasp (all ratios),h1,1,230,0.6469002962112427,0.6481732130050659,0.9849746823310852
h1,H1 naive 2-grasp (all ratios),h1,1,231,0.6307277679443359,0.6332882046699524,0.9565532207489014
h1,H1 naive 2-grasp (all ratios),h1,1,232,0.7398921847343445,0.741542637348175,0.9865133762359619
h1,H1 naive 2-grasp (all ratios),h1,1,233,0.650943398475647,0.6549391150474548,0.9598117470741272
h1,H1 naive 2-grasp (all ratios),h1,1,234,0.6536388397216797,0.6535859107971191,0.9723026752471924
h1,H1 naive 2-grasp (all ratios),h1,1,235,0.7142857313156128,0.717185378074646,0.9553765654563904
h1,H1 naive 2-grasp (all ratios),h1,1,236,0.7331536412239075,0.7347767353057861,0.9576393961906433
h1,H1 naive 2-grasp (all ratios),h1,1,237,0.7385445237159729,0.741542637348175,0.9756516814231873
h1,H1 naive 2-grasp (all ratios),h1,1,238,0.6172507405281067,0.6211096048355103,0.9840695261955261
h1,H1 naive 2-grasp (all ratios),h1,1,239,0.6657682061195374,0.6684708595275879,0.9843410849571228
h1,H1 naive 2-grasp (all ratios),h1,1,240,0.5700809359550476,0.5723951458930969,0.9828023314476013
h1,H1 naive 2-grasp (all ratios),h1,1,241,0.792452871799469,0.7956697940826416,0.9856987595558167
h1,H1 naive 2-grasp (all ratios),h1,1,242,0.6590296626091003,0.661704957485199,0.9699493050575256
h1,H1 naive 2-grasp (all ratios),h1,1,243,0.7264151573181152,0.7293640375137329,0.9789102077484131
h1,H1 naive 2-grasp (all ratios),h1,1,244,0.5835579633712769,0.5859269499778748,0.9851557016372681
h1,H1 naive 2-grasp (all ratios),h1,1,245,0.7520216107368469,0.7564275860786438,0.9838885068893433
h1,H1 naive 2-grasp (all ratios),h1,1,246,0.6495957374572754,0.6508795619010925,0.9688631296157837
h1,H1 naive 2-grasp (all ratios),h1,1,247,0.6563342213630676,0.6576454639434814,0.9188088178634644
h1,H1 naive 2-grasp (all ratios),h1,1,248,0.6819407343864441,0.6847090721130371,0.9355539679527283
h1,H1 naive 2-grasp (all ratios),h1,1,249,0.677897572517395,0.6806495189666748,0.9495836496353149
h1,H1 naive 2-grasp (all ratios),h1,1,250,0.621293842792511,0.6238159537315369,0.9731172919273376
h1,H1 naive 2-grasp (all ratios),h1,1,251,0.4353100061416626,0.437077134847641,0.8734612464904785
h1,H1 naive 2-grasp (all ratios),h1,1,252,0.6563342213630676,0.6603518128395081,0.9712164998054504
h1,H1 naive 2-grasp (all ratios),h1,1,253,0.6037735939025879,0.6062245965003967,0.9665097594261169
h1,H1 naive 2-grasp (all ratios),h1,1,254,0.6522911190986633,0.6522327661514282,0.958001434803009
h1,H1 naive 2-grasp (all ratios),h1,1,255,0.5714285969734192,0.5737482905387878,0.9713975191116333
h1,H1 naive 2-grasp (all ratios),h1,1,256,0.5619946122169495,0.565629243850708,0.9897719025611877
h1,H1 naive 2-grasp (all ratios),h1,1,257,0.778975784778595,0.7834911942481995,0.9761042594909668
h1,H1 naive 2-grasp (all ratios),h1,1,258,0.6064690351486206,0.6089309453964233,0.9710354804992676
h1,H1 naive 2-grasp (all ratios),h1,1,259,0.7223719954490662,0.7266576290130615,0.9915822148323059
h1,H1 naive 2-grasp (all ratios),h1,1,260,0.7318059802055359,0.736129879951477,0.9684105515480042
h1,H1 naive 2-grasp (all ratios),h1,1,261,0.7102426290512085,0.7131258249282837,0.9867849349975586
h1,H1 naive 2-grasp (all ratios),h1,1,262,0.6415094137191772,0.6441136598587036,0.9357349872589111
h1,H1 naive 2-grasp (all ratios),h1,1,263,0.6994609832763672,0.7023004293441772,0.9866943955421448
h1,H1 naive 2-grasp (all ratios),h1,1,264,0.6900269985198975,0.6928281188011169,0.984250545501709
h1,H1 naive 2-grasp (all ratios),h1,1,265,0.4177897870540619,0.41948577761650085,0.9599022269248962
h1,H1 naive 2-grasp (all ratios),h1,1,266,0.6859838366508484,0.6887685656547546,0.9712164998054504
h1,H1 naive 2-grasp (all ratios),h1,1,267,0.6051213145256042,0.6062245965003967,0.965333104133606
h1,H1 naive 2-grasp (all ratios),h1,1,268,0.6698113679885864,0.672530472278595,0.942161500453949
h1,H1 naive 2-grasp (all ratios),h1,1,269,0.6576820015907288,0.6603518128395081,0.9589971303939819
h1,H1 naive 2-grasp (all ratios),h1,1,270,0.7210243344306946,0.7225980758666992,0.9826213121414185
h1,H1 naive 2-grasp (all ratios),h1,1,271,0.6886792778968811,0.6914749145507812,0.9625271558761597
h1,H1 naive 2-grasp (all ratios),h1,1,272,0.7008086442947388,0.7036535739898682,0.9843410849571228
h1,H1 naive 2-grasp (all ratios),h1,1,273,0.7075471878051758,0.7104194760322571,0.9850651621818542
h1,H1 naive 2-grasp (all ratios),h1,1,274,0.6900269985198975,0.6928281188011169,0.9500362277030945
h1,H1 naive 2-grasp (all ratios),h1,1,275,0.7938005924224854,0.7970229983329773,0.9734793901443481
h1,H1 naive 2-grasp (all ratios),h1,1,276,0.6536388397216797,0.6576454639434814,0.9679579734802246
h1,H1 naive 2-grasp (all ratios),h1,1,277,0.5215633511543274,0.5236806273460388,0.9629797339439392
h1,H1 naive 2-grasp (all ratios),h1,1,278,0.6657682061195374,0.6698240637779236,0.970582902431488
h1,H1 naive 2-grasp (all ratios),h1,1,279,0.6428571939468384,0.6454668641090393,0.9538378119468689
h1,H1 naive 2-grasp (all ratios),h1,1,280,0.46495959162712097,0.4654938876628876,0.9489500522613525
h1,H1 naive 2-grasp (all ratios),h1,1,281,0.6603773832321167,0.6603518128395081,0.9802679419517517
h1,H1 naive 2-grasp (all ratios),h1,1,282,0.6684636473655701,0.672530472278595,0.9749276041984558
h1,H1 naive 2-grasp (all ratios),h1,1,283,0.6185984015464783,0.6211096048355103,0.9601737856864929
h1,H1 naive 2-grasp (all ratios),h1,1,284,0.6253369450569153,0.6265223026275635,0.929670512676239
h1,H1 naive 2-grasp (all ratios),h1,1,285,0.6388140320777893,0.641407310962677,0.970582902431488
h1,H1 naive 2-grasp (all ratios),h1,1,286,0.6590296626091003,0.661704957485199,0.9503077268600464
h1,H1 naive 2-grasp (all ratios),h1,1,287,0.7075471878051758,0.7090663313865662,0.9785481691360474
h1,H1 naive 2-grasp (all ratios),h1,1,288,0.648248016834259,0.6495264172554016,0.968501091003418
h1,H1 naive 2-grasp (all ratios),h1,1,289,0.6159030199050903,0.6184032559394836,0.9815351366996765
h1,H1 naive 2-grasp (all ratios),h1,1,290,0.6495957374572754,0.6508795619010925,0.982259213924408
h1,H1 naive 2-grasp (all ratios),h1,1,291,0.6738544702529907,0.6765899658203125,0.9730268120765686
h1,H1 naive 2-grasp (all ratios),h1,1,292,0.6900269985198975,0.6928281188011169,0.9732983112335205
h1,H1 naive 2-grasp (all ratios),h1,1,293,0.7142857313156128,0.717185378074646,0.9879616498947144
h1,H1 naive 2-grasp (all ratios),h1,1,294,0.6671159267425537,0.6698240637779236,0.9789102077484131
h1,H1 naive 2-grasp (all ratios),h1,1,295,0.6873315572738647,0.6901217699050903,0.9806299805641174
h1,H1 naive 2-grasp (all ratios),h1,1,296,0.5080862641334534,0.510148823261261,0.9332005977630615
h1,H1 naive 2-grasp (all ratios),h1,1,297,0.5512129664421082,0.5534505844116211,0.9071325063705444
h1,H1 naive 2-grasp (all ratios),h1,1,298,0.6266846656799316,0.6305818557739258,0.9861513376235962
h1,H1 naive 2-grasp (all ratios),h1,1,299,0.6644205451011658,0.667117714881897,0.952751636505127
h1,H1 naive 2-grasp (all ratios),h1,1,300,0.40431270003318787,0.405953973531723,0.8521904349327087
h1,H1 naive 2-grasp (all ratios),h1,1,301,0.44878706336021423,0.45060890913009644,0.9352824091911316
h1,H1 naive 2-grasp (all ratios),h1,1,302,0.6361185908317566,0.6373477578163147,0.9640659093856812
h1,H1 naive 2-grasp (all ratios),h1,1,303,0.6603773832321167,0.661704957485199,0.9848841428756714
h1,H1 naive 2-grasp (all ratios),h1,1,304,0.6832884550094604,0.686062216758728,0.9882331490516663
h1,H1 naive 2-grasp (all ratios),h1,1,305,0.5835579633712769,0.5859269499778748,0.9581824541091919
h1,H1 naive 2-grasp (all ratios),h1,1,306,0.7331536412239075,0.7374830842018127,0.9813541173934937
h1,H1 naive 2-grasp (all ratios),h1,1,307,0.6927223801612854,0.6955344676971436,0.9898624420166016
h1,H1 naive 2-grasp (all ratios),h1,1,308,0.6832884550094604,0.6833558678627014,0.9471397399902344
h1,H1 naive 2-grasp (all ratios),h1,1,309,0.826145589351654,0.8294993042945862,0.993754506111145
h1,H1 naive 2-grasp (all ratios),h1,1,310,0.5808625817298889,0.5832205414772034,0.9471397399902344
h1,H1 naive 2-grasp (all ratios),h1,1,311,0.6805930137634277,0.6820027232170105,0.9793627858161926
h1,H1 naive 2-grasp (all ratios),h1,1,312,0.6913747191429138,0.6955344676971436,0.9913106560707092
h1,H1 naive 2-grasp (all ratios),h1,1,313,0.6873315572738647,0.6914749145507812,0.9798153638839722
h1,H1 naive 2-grasp (all ratios),h1,1,314,0.5498652458190918,0.5507442355155945,0.9758327007293701
h1,H1 naive 2-grasp (all ratios),h1,1,315,0.6994609832763672,0.7023004293441772,0.9467777013778687
h1,H1 naive 2-grasp (all ratios),h1,1,316,0.698113203048706,0.7009472250938416,0.9777335524559021
h1,H1 naive 2-grasp (all ratios),h1,1,317,0.6320755481719971,0.635994553565979,0.9776430130004883
h1,H1 naive 2-grasp (all ratios),h1,1,318,0.5498652458190918,0.5534505844116211,0.9514844417572021
h1,H1 naive 2-grasp (all ratios),h1,1,319,0.7169811725616455,0.7198917269706726,0.996922492980957
h1,H1 naive 2-grasp (all ratios),h1,1,320,0.6940701007843018,0.6968876719474792,0.9680485129356384
h1,H1 naive 2-grasp (all ratios),h1,1,321,0.5283019542694092,0.5304465889930725,0.9723932147026062
h1,H1 naive 2-grasp (all ratios),h1,1,322,0.6954178214073181,0.6995940208435059,0.9344677925109863
h1,H1 naive 2-grasp (all ratios),h1,1,323,0.6657682061195374,0.667117714881897,0.9364590644836426
h1,H1 naive 2-grasp (all ratios),h1,1,324,0.5242587924003601,0.5250337719917297,0.965423583984375
h1,H1 naive 2-grasp (all ratios),h1,1,325,0.44474396109580994,0.4451961815357208,0.9349203705787659
h1,H1 naive 2-grasp (all ratios),h1,1,326,0.6307277679443359,0.6332882046699524,0.9722121357917786
h1,H1 naive 2-grasp (all ratios),h1,1,327,0.5323449969291687,0.53450608253479,0.9335626363754272
h1,H1 naive 2-grasp (all ratios),h1,1,328,0.7183288335800171,0.7212448716163635,0.9759232401847839
h1,H1 naive 2-grasp (all ratios),h1,1,329,0.8207547664642334,0.8254397511482239,0.9887762665748596
h1,H1 naive 2-grasp (all ratios),h1,1,330,0.792452871799469,0.7916103005409241,0.9665097594261169
h1,H1 naive 2-grasp (all ratios),h1,1,331,0.6495957374572754,0.6535859107971191,0.9694967269897461
h1,H1 naive 2-grasp (all ratios),h1,1,332,0.6024259328842163,0.6048714518547058,0.9700398445129395
h1,H1 naive 2-grasp (all ratios),h1,1,333,0.6725067496299744,0.6738836169242859,0.9933019280433655
h1,H1 naive 2-grasp (all ratios),h1,1,334,0.5862534046173096,0.591339647769928,0.9923062920570374
h1,H1 naive 2-grasp (all ratios),h1,1,335,0.6495957374572754,0.6522327661514282,0.969406247138977
h1,H1 naive 2-grasp (all ratios),h1,1,336,0.6334232091903687,0.6346414089202881,0.9646089673042297
h1,H1 naive 2-grasp (all ratios),h1,1,337,0.7884097695350647,0.7916103005409241,0.9711260199546814
h1,H1 naive 2-grasp (all ratios),h1,1,338,0.6199461221694946,0.622462809085846,0.9599022269248962
h1,H1 naive 2-grasp (all ratios),h1,1,339,0.7951483130455017,0.7943166494369507,0.9799058437347412
h1,H1 naive 2-grasp (all ratios),h1,1,340,0.6226415634155273,0.6251691579818726,0.9725742340087891
h1,H1 naive 2-grasp (all ratios),h1,1,341,0.6037735939025879,0.6035182476043701,0.9837979674339294
h1,H1 naive 2-grasp (all ratios),h1,1,342,0.6819407343864441,0.6847090721130371,0.9866039156913757
h1,H1 naive 2-grasp (all ratios),h1,1,343,0.650943398475647,0.6522327661514282,0.9733888506889343
h1,H1 naive 2-grasp (all ratios),h1,1,344,0.5579515099525452,0.5588633418083191,0.9943881034851074
h1,H1 naive 2-grasp (all ratios),h1,1,345,0.765498697757721,0.767253041267395,0.9761042594909668
h1,H1 naive 2-grasp (all ratios),h1,1,346,0.42587602138519287,0.4276048541069031,0.947411298751831
h1,H1 naive 2-grasp (all ratios),h1,1,347,0.6522911190986633,0.6576454639434814,0.9870564937591553
h1,H1 naive 2-grasp (all ratios),h1,1,348,0.5539084076881409,0.5534505844116211,0.9468682408332825
h1,H1 naive 2-grasp (all ratios),h1,1,349,0.6118598580360413,0.615696907043457,0.9557386040687561
h1,H1 naive 2-grasp (all ratios),h1,1,350,0.621293842792511,0.6211096048355103,0.9784576296806335
h1,H1 naive 2-grasp (all ratios),h1,1,351,0.6738544702529907,0.6779431700706482,0.9799058437347412
h1,H1 naive 2-grasp (all ratios),h1,1,352,0.7884097695350647,0.7916103005409241,0.9632512927055359
h1,H1 naive 2-grasp (all ratios),h1,1,353,0.5606469511985779,0.5615696907043457,0.9898624420166016
h1,H1 naive 2-grasp (all ratios),h1,1,354,0.6145552396774292,0.617050051689148,0.9797248244285583
h1,H1 naive 2-grasp (all ratios),h1,1,355,0.6118598580360413,0.615696907043457,0.9728457927703857
h1,H1 naive 2-grasp (all ratios),h1,1,356,0.671159029006958,0.6738836169242859,0.9664192795753479
h1,H1 naive 2-grasp (all ratios),h1,1,357,0.7048518061637878,0.7063599228858948,0.9717596173286438
h1,H1 naive 2-grasp (all ratios),h1,1,358,0.7951483130455017,0.798376202583313,0.9775524735450745
h1,H1 naive 2-grasp (all ratios),h1,1,359,0.6563342213630676,0.6576454639434814,0.9840695261955261
h1,H1 naive 2-grasp (all ratios),h1,1,360,0.4420485496520996,0.4438430368900299,0.8692976236343384
h1,H1 naive 2-grasp (all ratios),h1,1,361,0.8234501481056213,0.8281461000442505,0.9825307726860046
h1,H1 naive 2-grasp (all ratios),h1,1,362,0.5215633511543274,0.5236806273460388,0.9806299805641174
h1,H1 naive 2-grasp (all ratios),h1,1,363,0.45687335729599,0.45872801542282104,0.9247827529907227
h1,H1 naive 2-grasp (all ratios),h1,1,364,0.8005391359329224,0.8051420450210571,0.9856082797050476
h1,H1 naive 2-grasp (all ratios),h1,1,365,0.6792453527450562,0.6833558678627014,0.9679579734802246
h1,H1 naive 2-grasp (all ratios),h1,1,366,0.7493261694908142,0.7523680329322815,0.9850651621818542
h1,H1 naive 2-grasp (all ratios),h1,1,367,0.698113203048706,0.7009472250938416,0.9828928112983704
h1,H1 naive 2-grasp (all ratios),h1,1,368,0.7870619893074036,0.792963445186615,0.9860607981681824
h1,H1 naive 2-grasp (all ratios),h1,1,369,0.6644205451011658,0.6684708595275879,0.9866039156913757
h1,H1 naive 2-grasp (all ratios),h1,1,370,0.5040431618690491,0.5060893297195435,0.9733888506889343
h1,H1 naive 2-grasp (all ratios),h1,1,371,0.6954178214073181,0.6982408165931702,0.9838885068893433
h1,H1 naive 2-grasp (all ratios),h1,1,372,0.6118598580360413,0.6143437027931213,0.9708544611930847
h1,H1 naive 2-grasp (all ratios),h1,1,373,0.7695418000221252,0.7726657390594482,0.9891383051872253
h1,H1 naive 2-grasp (all ratios),h1,1,374,0.8423181176185608,0.8457375168800354,0.987418532371521
h1,H1 naive 2-grasp (all ratios),h1,1,375,0.6994609832763672,0.7063599228858948,0.9751991033554077
h1,H1 naive 2-grasp (all ratios),h1,1,376,0.6967655420303345,0.7009472250938416,0.9719406366348267
h1,H1 naive 2-grasp (all ratios),h1,1,377,0.7210243344306946,0.7239512801170349,0.9683200716972351
h1,H1 naive 2-grasp (all ratios),h1,1,378,0.5296496152877808,0.5317997336387634,0.9627081751823425
h1,H1 naive 2-grasp (all ratios),h1,1,379,0.5417789816856384,0.5439783334732056,0.9666907787322998
h1,H1 naive 2-grasp (all ratios),h1,1,380,0.7601078152656555,0.7645466923713684,0.979996383190155
h1,H1 naive 2-grasp (all ratios),h1,1,381,0.765498697757721,0.7686062455177307,0.989409863948822
h1,H1 naive 2-grasp (all ratios),h1,1,382,0.7021563649177551,0.7063599228858948,0.9851557016372681
h1,H1 naive 2-grasp (all ratios),h1,1,383,0.7425876259803772,0.7456021308898926,0.9824402332305908
h1,H1 naive 2-grasp (all ratios),h1,1,384,0.6900269985198975,0.6928281188011169,0.9780955910682678
h1,H1 naive 2-grasp (all ratios),h1,1,385,0.6185984015464783,0.6211096048355103,0.9866039156913757
h1,H1 naive 2-grasp (all ratios),h1,1,386,0.6293800473213196,0.6332882046699524,0.9805394411087036
h1,H1 naive 2-grasp (all ratios),h1,1,387,0.7506738901138306,0.7537212371826172,0.9675959348678589
h1,H1 naive 2-grasp (all ratios),h1,1,388,0.6644205451011658,0.6644113659858704,0.9808109998703003
h1,H1 naive 2-grasp (all ratios),h1,1,389,0.7681941390037537,0.7713125944137573,0.9668718576431274
h1,H1 naive 2-grasp (all ratios),h1,1,390,0.6401617527008057,0.641407310962677,0.9911296367645264
h1,H1 naive 2-grasp (all ratios),h1,1,391,0.671159029006958,0.6738836169242859,0.966238260269165
h1,H1 naive 2-grasp (all ratios),h1,1,392,0.64420485496521,0.6468200087547302,0.9750180840492249
h1,H1 naive 2-grasp (all ratios),h1,1,393,0.7088949084281921,0.7117726802825928,0.9812635779380798
h1,H1 naive 2-grasp (all ratios),h1,1,394,0.6805930137634277,0.6847090721130371,0.9730268120765686
h1,H1 naive 2-grasp (all ratios),h1,1,395,0.7210243344306946,0.7266576290130615,0.982259213924408
h1,H1 naive 2-grasp (all ratios),h1,1,396,0.6603773832321167,0.6630581617355347,0.9561911821365356
h1,H1 naive 2-grasp (all ratios),h1,1,397,0.6415094137191772,0.6441136598587036,0.9757422208786011
h1,H1 naive 2-grasp (all ratios),h1,1,398,0.5795148611068726,0.5818673372268677,0.9648805260658264
h1,H1 naive 2-grasp (all ratios),h1,1,399,0.6388140320777893,0.641407310962677,0.9451484680175781
h1,H1 naive 2-grasp (all ratios),h1,1,400,0.7142857313156128,0.7185385227203369,0.9502172470092773
h1,H1 naive 2-grasp (all ratios),h1,1,401,0.7035040259361267,0.7063599228858948,0.9730268120765686
h1,H1 naive 2-grasp (all ratios),h1,1,402,0.6832884550094604,0.6874154210090637,0.9926683306694031
h1,H1 naive 2-grasp (all ratios),h1,1,403,0.7210243344306946,0.7239512801170349,0.9780955910682678
h1,H1 naive 2-grasp (all ratios),h1,1,404,0.7547169923782349,0.7577807903289795,0.9829833507537842
h1,H1 naive 2-grasp (all ratios),h1,1,405,0.6576820015907288,0.6603518128395081,0.987328052520752
h1,H1 naive 2-grasp (all ratios),h1,1,406,0.7749326229095459,0.7780784368515015,0.9836169481277466
h1,H1 naive 2-grasp (all ratios),h1,1,407,0.6873315572738647,0.6901217699050903,0.9439717531204224
h1,H1 naive 2-grasp (all ratios),h1,1,408,0.6819407343864441,0.6833558678627014,0.964246928691864
h1,H1 naive 2-grasp (all ratios),h1,1,409,0.5444744229316711,0.5466846823692322,0.9634323120117188
h1,H1 naive 2-grasp (all ratios),h1,1,410,0.698113203048706,0.7009472250938416,0.9933924674987793
h1,H1 naive 2-grasp (all ratios),h1,1,411,0.5592992305755615,0.5642760396003723,0.9629797339439392
h1,H1 naive 2-grasp (all ratios),h1,1,412,0.4784366488456726,0.4803788661956787,0.8877624869346619
h1,H1 naive 2-grasp (all ratios),h1,1,413,0.6954178214073181,0.6995940208435059,0.9762852787971497
h1,H1 naive 2-grasp (all ratios),h1,1,414,0.6172507405281067,0.6197564601898193,0.9875995516777039
h1,H1 naive 2-grasp (all ratios),h1,1,415,0.491913765668869,0.49391070008277893,0.935916006565094
h1,H1 naive 2-grasp (all ratios),h1,1,416,0.7466307878494263,0.7496616840362549,0.9870564937591553
h1,H1 naive 2-grasp (all ratios),h1,1,417,0.6671159267425537,0.6698240637779236,0.9834359288215637
h1,H1 naive 2-grasp (all ratios),h1,1,418,0.6927223801612854,0.6955344676971436,0.9788196682929993
h1,H1 naive 2-grasp (all ratios),h1,1,419,0.607816755771637,0.610284149646759,0.9619840979576111
h1,H1 naive 2-grasp (all ratios),h1,1,420,0.5323449969291687,0.5358592867851257,0.9370021820068359
h1,H1 naive 2-grasp (all ratios),h1,1,421,0.5107817053794861,0.5128552317619324,0.9346488118171692
h1,H1 naive 2-grasp (all ratios),h1,1,422,0.5876011252403259,0.5899865031242371,0.9541093707084656
h1,H1 naive 2-grasp (all ratios),h1,1,423,0.7035040259361267,0.7050067782402039,0.9889572858810425
h1,H1 naive 2-grasp (all ratios),h1,1,424,0.6132075786590576,0.615696907043457,0.9767378568649292
h1,H1 naive 2-grasp (all ratios),h1,1,425,0.5862534046173096,0.5886332988739014,0.9562816619873047
h1,H1 naive 2-grasp (all ratios),h1,1,426,0.6374663710594177,0.6400541067123413,0.9585445523262024
h1,H1 naive 2-grasp (all ratios),h1,1,427,0.8140162229537964,0.8159675598144531,0.9804489612579346
h1,H1 naive 2-grasp (all ratios),h1,1,428,0.6388140320777893,0.6427605152130127,0.9471397399902344
h1,H1 naive 2-grasp (all ratios),h1,1,429,0.6940701007843018,0.6968876719474792,0.9695872664451599
h1,H1 naive 2-grasp (all ratios),h1,1,430,0.677897572517395,0.6806495189666748,0.9283128380775452
h1,H1 naive 2-grasp (all ratios),h1,1,431,0.6765499114990234,0.6820027232170105,0.9798153638839722
h1,H1 naive 2-grasp (all ratios),h1,1,432,0.5808625817298889,0.5832205414772034,0.9673243761062622
h1,H1 naive 2-grasp (all ratios),h1,1,433,0.5188679695129395,0.5196210741996765,0.962165117263794
h1,H1 naive 2-grasp (all ratios),h1,1,434,0.5835579633712769,0.5859269499778748,0.9468682408332825
h1,H1 naive 2-grasp (all ratios),h1,1,435,0.6010782122612,0.6035182476043701,0.9835264086723328
h1,H1 naive 2-grasp (all ratios),h1,1,436,0.6684636473655701,0.6684708595275879,0.9891383051872253
h1,H1 naive 2-grasp (all ratios),h1,1,437,0.6051213145256042,0.6089309453964233,0.9833453893661499
h1,H1 naive 2-grasp (all ratios),h1,1,438,0.6563342213630676,0.6589986085891724,0.979091227054596
h1,H1 naive 2-grasp (all ratios),h1,1,439,0.6684636473655701,0.672530472278595,0.9771904349327087
h1,H1 naive 2-grasp (all ratios),h1,1,440,0.5296496152877808,0.5317997336387634,0.9663287401199341
h1,H1 naive 2-grasp (all ratios),h1,1,441,0.6873315572738647,0.6914749145507812,0.9510318636894226
h1,H1 naive 2-grasp (all ratios),h1,1,442,0.7439353466033936,0.7469553351402283,0.9887762665748596
h1,H1 naive 2-grasp (all ratios),h1,1,443,0.7884097695350647,0.7889039516448975,0.9799058437347412
h1,H1 naive 2-grasp (all ratios),h1,1,444,0.6913747191429138,0.6941813230514526,0.9824402332305908
h1,H1 naive 2-grasp (all ratios),h1,1,445,0.7695418000221252,0.7726657390594482,0.9856082797050476
h1,H1 naive 2-grasp (all ratios),h1,1,446,0.5215633511543274,0.5236806273460388,0.9570057988166809
h1,H1 naive 2-grasp (all ratios),h1,1,447,0.7547169923782349,0.7577807903289795,0.9887762665748596
h1,H1 naive 2-grasp (all ratios),h1,1,448,0.6886792778968811,0.6914749145507812,0.9832549095153809
h1,H1 naive 2-grasp (all ratios),h1,1,449,0.6051213145256042,0.610284149646759,0.9703113436698914
h1,H1 naive 2-grasp (all ratios),h1,1,450,0.6657682061195374,0.6698240637779236,0.9757422208786011
h1,H1 naive 2-grasp (all ratios),h1,1,451,0.7264151573181152,0.7280108332633972,0.9605358242988586
h1,H1 naive 2-grasp (all ratios),h1,1,452,0.650943398475647,0.6535859107971191,0.9802679419517517
h1,H1 naive 2-grasp (all ratios),h1,1,453,0.6199461221694946,0.6211096048355103,0.9725742340087891
h1,H1 naive 2-grasp (all ratios),h1,1,454,0.5296496152877808,0.5304465889930725,0.9475923180580139
h1,H1 naive 2-grasp (all ratios),h1,1,455,0.5781671404838562,0.5818673372268677,0.9867849349975586
h1,H1 naive 2-grasp (all ratios),h1,1,456,0.6024259328842163,0.6062245965003967,0.98542720079422
h1,H1 naive 2-grasp (all ratios),h1,1,457,0.5673854351043701,0.5710419416427612,0.9722121357917786
h1,H1 naive 2-grasp (all ratios),h1,1,458,0.5579515099525452,0.5602165460586548,0.996922492980957
h1,H1 naive 2-grasp (all ratios),h1,1,459,0.5983827710151672,0.6021650433540344,0.9544714093208313
h1,H1 naive 2-grasp (all ratios),h1,1,460,0.6805930137634277,0.6820027232170105,0.9505792856216431
h1,H1 naive 2-grasp (all ratios),h1,1,461,0.5781671404838562,0.5791609883308411,0.9402607083320618
h1,H1 naive 2-grasp (all ratios),h1,1,462,0.6900269985198975,0.6928281188011169,0.9823497533798218
h1,H1 naive 2-grasp (all ratios),h1,1,463,0.5579515099525452,0.5588633418083191,0.9974656105041504
h1,H1 naive 2-grasp (all ratios),h1,1,464,0.7506738901138306,0.7550743818283081,0.9775524735450745
h1,H1 naive 2-grasp (all ratios),h1,1,465,0.8153639435768127,0.8186739087104797,0.9857892990112305
h1,H1 naive 2-grasp (all ratios),h1,1,466,0.6401617527008057,0.6441136598587036,0.951665461063385
h1,H1 naive 2-grasp (all ratios),h1,1,467,0.671159029006958,0.6738836169242859,0.9903149604797363
h1,H1 naive 2-grasp (all ratios),h1,1,468,0.6900269985198975,0.6914749145507812,0.950488805770874
h1,H1 naive 2-grasp (all ratios),h1,1,469,0.6428571939468384,0.6441136598587036,0.9782766103744507
h1,H1 naive 2-grasp (all ratios),h1,1,470,0.6455525755882263,0.6481732130050659,0.9165459871292114
h1,H1 naive 2-grasp (all ratios),h1,1,471,0.48382753133773804,0.4857916235923767,0.9151882529258728
h1,H1 naive 2-grasp (all ratios),h1,1,472,0.8207547664642334,0.8227334022521973,0.9783671498298645
h1,H1 naive 2-grasp (all ratios),h1,1,473,0.5687331557273865,0.5710419416427612,0.9347392916679382
h1,H1 naive 2-grasp (all ratios),h1,1,474,0.7035040259361267,0.7050067782402039,0.9575488567352295
h1,H1 naive 2-grasp (all ratios),h1,1,475,0.5458221435546875,0.5466846823692322,0.9617125391960144
h1,H1 naive 2-grasp (all ratios),h1,1,476,0.6590296626091003,0.661704957485199,0.979091227054596
h1,H1 naive 2-grasp (all ratios),h1,1,477,0.7452830076217651,0.7469553351402283,0.9899529218673706
h1,H1 naive 2-grasp (all ratios),h1,1,478,0.6792453527450562,0.6806495189666748,0.9923968315124512
h1,H1 naive 2-grasp (all ratios),h1,1,479,0.7061995267868042,0.7117726802825928,0.968501091003418
h1,H1 naive 2-grasp (all ratios),h1,1,480,0.8032345771789551,0.8078483939170837,0.9749276041984558
h1,H1 naive 2-grasp (all ratios),h1,1,481,0.6536388397216797,0.6562922596931458,0.9508508443832397
h1,H1 naive 2-grasp (all ratios),h1,1,482,0.5916442275047302,0.5953992009162903,0.9859703183174133
h1,H1 naive 2-grasp (all ratios),h1,1,483,0.5431267023086548,0.5453315377235413,0.9506698250770569
h1,H1 naive 2-grasp (all ratios),h1,1,484,0.6603773832321167,0.6630581617355347,0.9800869226455688
h1,H1 naive 2-grasp (all ratios),h1,1,485,0.6428571939468384,0.6468200087547302,0.9457820653915405
h1,H1 naive 2-grasp (all ratios),h1,1,486,0.621293842792511,0.622462809085846,0.9489500522613525
h1,H1 naive 2-grasp (all ratios),h1,1,487,0.5943396091461182,0.5967523455619812,0.9039645195007324
h1,H1 naive 2-grasp (all ratios),h1,1,488,0.628032386302948,0.6305818557739258,0.9766473770141602
h1,H1 naive 2-grasp (all ratios),h1,1,489,0.6725067496299744,0.6752368211746216,0.9682295322418213
h1,H1 naive 2-grasp (all ratios),h1,1,490,0.6644205451011658,0.6657645106315613,0.9802679419517517
h1,H1 naive 2-grasp (all ratios),h1,1,491,0.6698113679885864,0.6738836169242859,0.98542720079422
h1,H1 naive 2-grasp (all ratios),h1,1,492,0.822102427482605,0.8254397511482239,0.9652425646781921
h1,H1 naive 2-grasp (all ratios),h1,1,493,0.7061995267868042,0.7104194760322571,0.9637943506240845
h1,H1 naive 2-grasp (all ratios),h1,1,494,0.6401617527008057,0.6427605152130127,0.9750180840492249
h1,H1 naive 2-grasp (all ratios),h1,1,495,0.7452830076217651,0.7483084797859192,0.9787291884422302
h1,H1 naive 2-grasp (all ratios),h1,1,496,0.8032345771789551,0.8051420450210571,0.9881426692008972
h1,H1 naive 2-grasp (all ratios),h1,1,497,0.6401617527008057,0.6427605152130127,0.9813541173934937
h1,H1 naive 2-grasp (all ratios),h1,1,498,0.7776280641555786,0.7807847857475281,0.9719406366348267
h1,H1 naive 2-grasp (all ratios),h1,1,499,0.44474396109580994,0.4479025602340698,0.8474836945533752
h1,H1 naive 2-grasp (all ratios),h1,1,500,0.6954178214073181,0.6968876719474792,0.9712164998054504
h1,H1 naive 2-grasp (all ratios),h1,1,501,0.6293800473213196,0.6319350004196167,0.9602643251419067
h1,H1 naive 2-grasp (all ratios),h1,1,502,0.648248016834259,0.6508795619010925,0.9618030190467834
h1,H1 naive 2-grasp (all ratios),h1,1,503,0.6037735939025879,0.6062245965003967,0.9479543566703796
h1,H1 naive 2-grasp (all ratios),h1,1,504,0.6428571939468384,0.6427605152130127,0.9731172919273376
h1,H1 naive 2-grasp (all ratios),h1,1,505,0.7210243344306946,0.7253044247627258,0.969406247138977
h1,H1 naive 2-grasp (all ratios),h1,1,506,0.698113203048706,0.7009472250938416,0.9794532656669617
h1,H1 naive 2-grasp (all ratios),h1,1,507,0.8355795741081238,0.8389715552330017,0.9648805260658264
h1,H1 naive 2-grasp (all ratios),h1,1,508,0.7425876259803772,0.7442489862442017,0.9416183829307556
h1,H1 naive 2-grasp (all ratios),h1,1,509,0.7385445237159729,0.741542637348175,0.9847936034202576
h1,H1 naive 2-grasp (all ratios),h1,1,510,0.6792453527450562,0.6820027232170105,0.9399891495704651
h1,H1 naive 2-grasp (all ratios),h1,1,511,0.6846361756324768,0.6887685656547546,0.9526610970497131
h1,H1 naive 2-grasp (all ratios),h1,1,512,0.7345013618469238,0.736129879951477,0.9445148706436157
h1,H1 naive 2-grasp (all ratios),h1,1,513,0.6954178214073181,0.6982408165931702,0.9828928112983704
h1,H1 naive 2-grasp (all ratios),h1,1,514,0.7021563649177551,0.7023004293441772,0.9865133762359619
h1,H1 naive 2-grasp (all ratios),h1,1,515,0.41239893436431885,0.41407305002212524,0.8691166043281555
h1,H1 naive 2-grasp (all ratios),h1,1,516,0.7008086442947388,0.7050067782402039,0.9884141683578491
h1,H1 naive 2-grasp (all ratios),h1,1,517,0.6792453527450562,0.6833558678627014,0.9673243761062622
h1,H1 naive 2-grasp (all ratios),h1,1,518,0.7237197160720825,0.7266576290130615,0.9853367209434509
h1,H1 naive 2-grasp (all ratios),h1,1,519,0.6428571939468384,0.6454668641090393,0.9856082797050476
h1,H1 naive 2-grasp (all ratios),h1,1,520,0.677897572517395,0.6820027232170105,0.919080376625061
h1,H1 naive 2-grasp (all ratios),h1,1,521,0.7614555358886719,0.7645466923713684,0.9480448961257935
h1,H1 naive 2-grasp (all ratios),h1,1,522,0.7695418000221252,0.7699593901634216,0.9644279479980469
h1,H1 naive 2-grasp (all ratios),h1,1,523,0.7291105389595032,0.7334235310554504,0.9780955910682678
h1,H1 naive 2-grasp (all ratios),h1,1,524,0.64420485496521,0.6454668641090393,0.9848841428756714
h1,H1 naive 2-grasp (all ratios),h1,1,525,0.6805930137634277,0.6833558678627014,0.9864228963851929
h1,H1 naive 2-grasp (all ratios),h1,1,526,0.471698135137558,0.4736129939556122,0.9349203705787659
h1,H1 naive 2-grasp (all ratios),h1,1,527,0.7115903496742249,0.7144790291786194,0.9465966820716858
h1,H1 naive 2-grasp (all ratios),h1,1,528,0.7102426290512085,0.7131258249282837,0.9805394411087036
h1,H1 naive 2-grasp (all ratios),h1,1,529,0.5619946122169495,0.5642760396003723,0.9889572858810425
h1,H1 naive 2-grasp (all ratios),h1,1,530,0.7223719954490662,0.7253044247627258,0.9602643251419067
h1,H1 naive 2-grasp (all ratios),h1,1,531,0.862533688545227,0.8660351037979126,0.9930304288864136
h1,H1 naive 2-grasp (all ratios),h1,1,532,0.648248016834259,0.6508795619010925,0.9744750261306763
h1,H1 naive 2-grasp (all ratios),h1,1,533,0.634770929813385,0.635994553565979,0.959087610244751
h1,H1 naive 2-grasp (all ratios),h1,1,534,0.4528301954269409,0.45466846227645874,0.8642288446426392
h1,H1 naive 2-grasp (all ratios),h1,1,535,0.6239892244338989,0.6265223026275635,0.974837064743042
h1,H1 naive 2-grasp (all ratios),h1,1,536,0.7183288335800171,0.7225980758666992,0.9546524286270142
h1,H1 naive 2-grasp (all ratios),h1,1,537,0.6051213145256042,0.6075778007507324,0.9595401883125305
h1,H1 naive 2-grasp (all ratios),h1,1,538,0.5107817053794861,0.5128552317619324,0.9385409355163574
h1,H1 naive 2-grasp (all ratios),h1,1,539,0.677897572517395,0.6806495189666748,0.9227009415626526
h1,H1 naive 2-grasp (all ratios),h1,1,540,0.6873315572738647,0.6914749145507812,0.9645184874534607
h1,H1 naive 2-grasp (all ratios),h1,1,541,0.7250674366950989,0.7280108332633972,0.9847031235694885
h1,H1 naive 2-grasp (all ratios),h1,1,542,0.6698113679885864,0.672530472278595,0.9758327007293701
h1,H1 naive 2-grasp (all ratios),h1,1,543,0.6846361756324768,0.6887685656547546,0.9589971303939819
h1,H1 naive 2-grasp (all ratios),h1,1,544,0.8530997633934021,0.8565629124641418,0.9847936034202576
h1,H1 naive 2-grasp (all ratios),h1,1,545,0.7142857313156128,0.7198917269706726,0.9649710059165955
h1,H1 naive 2-grasp (all ratios),h1,1,546,0.6361185908317566,0.6387009024620056,0.9818971753120422
h1,H1 naive 2-grasp (all ratios),h1,1,547,0.7843666076660156,0.7889039516448975,0.9828023314476013
h1,H1 naive 2-grasp (all ratios),h1,1,548,0.5889487862586975,0.591339647769928,0.9704018831253052
h1,H1 naive 2-grasp (all ratios),h1,1,549,0.520215630531311,0.5223274230957031,0.9444243311882019
h1,H1 naive 2-grasp (all ratios),h1,1,550,0.6900269985198975,0.6955344676971436,0.9739319086074829
h1,H1 naive 2-grasp (all ratios),h1,1,551,0.5080862641334534,0.5087956786155701,0.9875995516777039
h1,H1 naive 2-grasp (all ratios),h1,1,552,0.47304582595825195,0.4749661386013031,0.9507603049278259
h1,H1 naive 2-grasp (all ratios),h1,1,553,0.7641509771347046,0.767253041267395,0.9753801822662354
h1,H1 naive 2-grasp (all ratios),h1,1,554,0.5983827710151672,0.6008118987083435,0.9416183829307556
h1,H1 naive 2-grasp (all ratios),h1,1,555,0.7385445237159729,0.741542637348175,0.9973750710487366
h1,H1 naive 2-grasp (all ratios),h1,1,556,0.5929919481277466,0.5967523455619812,0.9742034673690796
h1,H1 naive 2-grasp (all ratios),h1,1,557,0.772237241268158,0.7767252922058105,0.9785481691360474
h1,H1 naive 2-grasp (all ratios),h1,1,558,0.7210243344306946,0.7239512801170349,0.9763758182525635
h1,H1 naive 2-grasp (all ratios),h1,1,559,0.5943396091461182,0.5967523455619812,0.964246928691864
h1,H1 naive 2-grasp (all ratios),h1,1,560,0.7547169923782349,0.7591339945793152,0.9780955910682678
h1,H1 naive 2-grasp (all ratios),h1,1,561,0.5673854351043701,0.5683355927467346,0.9541998505592346
h1,H1 naive 2-grasp (all ratios),h1,1,562,0.6805930137634277,0.6833558678627014,0.9618030190467834
h1,H1 naive 2-grasp (all ratios),h1,1,563,0.805929958820343,0.8092015981674194,0.9940260648727417
h1,H1 naive 2-grasp (all ratios),h1,1,564,0.7493261694908142,0.7537212371826172,0.9673243761062622
h1,H1 naive 2-grasp (all ratios),h1,1,565,0.5417789816856384,0.5439783334732056,0.9709449410438538
h1,H1 naive 2-grasp (all ratios),h1,1,566,0.6765499114990234,0.6779431700706482,0.9732983112335205
h1,H1 naive 2-grasp (all ratios),h1,1,567,0.7129380106925964,0.7144790291786194,0.98542720079422
h1,H1 naive 2-grasp (all ratios),h1,1,568,0.6994609832763672,0.7023004293441772,0.9856082797050476
h1,H1 naive 2-grasp (all ratios),h1,1,569,0.7560647130012512,0.7591339945793152,0.98624187707901
h1,H1 naive 2-grasp (all ratios),h1,1,570,0.5929919481277466,0.5953992009162903,0.9906770586967468
h1,H1 naive 2-grasp (all ratios),h1,1,571,0.5983827710151672,0.6008118987083435,0.9711260199546814
h1,H1 naive 2-grasp (all ratios),h1,1,572,0.7520216107368469,0.7550743818283081,0.9398081302642822
h1,H1 naive 2-grasp (all ratios),h1,1,573,0.6576820015907288,0.661704957485199,0.9834359288215637
h1,H1 naive 2-grasp (all ratios),h1,1,574,0.6105121374130249,0.61163729429245,0.9501267075538635
h1,H1 naive 2-grasp (all ratios),h1,1,575,0.7183288335800171,0.7198917269706726,0.9765568375587463
h1,H1 naive 2-grasp (all ratios),h1,1,576,0.801886796951294,0.8051420450210571,0.9781860709190369
h1,H1 naive 2-grasp (all ratios),h1,1,577,0.8679245114326477,0.8700947165489197,0.9899529218673706
h1,H1 naive 2-grasp (all ratios),h1,1,578,0.7223719954490662,0.7253044247627258,0.9687726497650146
h1,H1 naive 2-grasp (all ratios),h1,1,579,0.7398921847343445,0.7401894330978394,0.9663287401199341
h1,H1 naive 2-grasp (all ratios),h1,1,580,0.7911051511764526,0.7970229983329773,0.968501091003418
h1,H1 naive 2-grasp (all ratios),h1,1,581,0.654986560344696,0.6576454639434814,0.9820781946182251
h1,H1 naive 2-grasp (all ratios),h1,1,582,0.677897572517395,0.6806495189666748,0.987418532371521
h1,H1 naive 2-grasp (all ratios),h1,1,583,0.5336927771568298,0.5358592867851257,0.9249637722969055
h1,H1 naive 2-grasp (all ratios),h1,1,584,0.5889487862586975,0.591339647769928,0.9243301749229431
h1,H1 naive 2-grasp (all ratios),h1,1,585,0.6684636473655701,0.672530472278595,0.952842116355896
h1,H1 naive 2-grasp (all ratios),h1,1,586,0.6428571939468384,0.6454668641090393,0.979996383190155
h1,H1 naive 2-grasp (all ratios),h1,1,587,0.654986560344696,0.6549391150474548,0.9833453893661499
h1,H1 naive 2-grasp (all ratios),h1,1,588,0.6900269985198975,0.6928281188011169,0.9680485129356384
h1,H1 naive 2-grasp (all ratios),h1,1,589,0.6832884550094604,0.686062216758728,0.9864228963851929
h1,H1 naive 2-grasp (all ratios),h1,1,590,0.6752021908760071,0.6792963743209839,0.9800869226455688
h1,H1 naive 2-grasp (all ratios),h1,1,591,0.7021563649177551,0.7063599228858948,0.9633417725563049
h1,H1 naive 2-grasp (all ratios),h1,1,592,0.6967655420303345,0.6995940208435059,0.9769188761711121
h1,H1 naive 2-grasp (all ratios),h1,1,593,0.46900272369384766,0.47090664505958557,0.965333104133606
h1,H1 naive 2-grasp (all ratios),h1,1,594,0.628032386302948,0.6305818557739258,0.9630702137947083
h1,H1 naive 2-grasp (all ratios),h1,1,595,0.735849142074585,0.7401894330978394,0.9770094156265259
h1,H1 naive 2-grasp (all ratios),h1,1,596,0.7102426290512085,0.7117726802825928,0.9821687340736389
h1,H1 naive 2-grasp (all ratios),h1,1,597,0.6752021908760071,0.6765899658203125,0.990496039390564
h1,H1 naive 2-grasp (all ratios),h1,1,598,0.5822102427482605,0.5832205414772034,0.9532946944236755
h1,H1 naive 2-grasp (all ratios),h1,1,599,0.6657682061195374,0.6684708595275879,0.9732983112335205
h1,H1 naive 2-grasp (all ratios),h1,1,600,0.6886792778968811,0.6914749145507812,0.9699493050575256
h1,H1 naive 2-grasp (all ratios),h1,1,601,0.8086254000663757,0.8146143555641174,0.9898624420166016
h1,H1 naive 2-grasp (all ratios),h1,1,602,0.671159029006958,0.6752368211746216,0.9707639217376709
h1,H1 naive 2-grasp (all ratios),h1,1,603,0.650943398475647,0.6535859107971191,0.970582902431488
h1,H1 naive 2-grasp (all ratios),h1,1,604,0.6536388397216797,0.6576454639434814,0.9809015393257141
h1,H1 naive 2-grasp (all ratios),h1,1,605,0.7506738901138306,0.7537212371826172,0.9738414287567139
h1,H1 naive 2-grasp (all ratios),h1,1,606,0.7385445237159729,0.741542637348175,0.9817161560058594
h1,H1 naive 2-grasp (all ratios),h1,1,607,0.7250674366950989,0.7253044247627258,0.9637038111686707
h1,H1 naive 2-grasp (all ratios),h1,1,608,0.6738544702529907,0.6752368211746216,0.9923062920570374
h1,H1 naive 2-grasp (all ratios),h1,1,609,0.4218329191207886,0.42354536056518555,0.9145546555519104
h1,H1 naive 2-grasp (all ratios),h1,1,610,0.6644205451011658,0.667117714881897,0.9742034673690796
h1,H1 naive 2-grasp (all ratios),h1,1,611,0.805929958820343,0.8078483939170837,0.9698588252067566
h1,H1 naive 2-grasp (all ratios),h1,1,612,0.5444744229316711,0.5466846823692322,0.9395365715026855
h1,H1 naive 2-grasp (all ratios),h1,1,613,0.64420485496521,0.6454668641090393,0.9742034673690796
h1,H1 naive 2-grasp (all ratios),h1,1,614,0.7978436946868896,0.8010825514793396,0.9931209087371826
h1,H1 naive 2-grasp (all ratios),h1,1,615,0.6792453527450562,0.6833558678627014,0.9830738306045532
h1,H1 naive 2-grasp (all ratios),h1,1,616,0.5916442275047302,0.5940459966659546,0.9755612015724182
h1,H1 naive 2-grasp (all ratios),h1,1,617,0.628032386302948,0.6292286515235901,0.9790007472038269
h1,H1 naive 2-grasp (all ratios),h1,1,618,0.6967655420303345,0.6995940208435059,0.9345582723617554
h1,H1 naive 2-grasp (all ratios),h1,1,619,0.6873315572738647,0.6901217699050903,0.952842116355896
h1,H1 naive 2-grasp (all ratios),h1,1,620,0.621293842792511,0.622462809085846,0.9667813181877136
h1,H1 naive 2-grasp (all ratios),h1,1,621,0.471698135137558,0.4722597897052765,0.9800869226455688
h1,H1 naive 2-grasp (all ratios),h1,1,622,0.5700809359550476,0.5723951458930969,0.9675959348678589
h1,H1 naive 2-grasp (all ratios),h1,1,623,0.6617251038551331,0.6644113659858704,0.9608073830604553
h1,H1 naive 2-grasp (all ratios),h1,1,624,0.6994609832763672,0.7050067782402039,0.9750180840492249
h1,H1 naive 2-grasp (all ratios),h1,1,625,0.698113203048706,0.6982408165931702,0.9909486174583435
h1,H1 naive 2-grasp (all ratios),h1,1,626,0.7951483130455017,0.798376202583313,0.9805394411087036
h1,H1 naive 2-grasp (all ratios),h1,1,627,0.6832884550094604,0.6874154210090637,0.9713070392608643
h1,H1 naive 2-grasp (all ratios),h1,1,628,0.5579515099525452,0.5615696907043457,0.9742940068244934
h1,H1 naive 2-grasp (all ratios),h1,1,629,0.7816711664199829,0.7861975431442261,0.9728457927703857
h1,H1 naive 2-grasp (all ratios),h1,1,630,0.6199461221694946,0.622462809085846,0.9734793901443481
h1,H1 naive 2-grasp (all ratios),h1,1,631,0.7318059802055359,0.7347767353057861,0.9871469736099243
h1,H1 naive 2-grasp (all ratios),h1,1,632,0.5714285969734192,0.5696887373924255,0.9846125841140747
h1,H1 naive 2-grasp (all ratios),h1,1,633,0.6954178214073181,0.6982408165931702,0.9825307726860046
h1,H1 naive 2-grasp (all ratios),h1,1,634,0.6832884550094604,0.6874154210090637,0.9612599611282349
h1,H1 naive 2-grasp (all ratios),h1,1,635,0.7142857313156128,0.717185378074646,0.9847936034202576
h1,H1 naive 2-grasp (all ratios),h1,1,636,0.6199461221694946,0.622462809085846,0.981082558631897
h1,H1 naive 2-grasp (all ratios),h1,1,637,0.7951483130455017,0.798376202583313,0.9666907787322998
h1,H1 naive 2-grasp (all ratios),h1,1,638,0.5552561283111572,0.5575101375579834,0.9497646689414978
h1,H1 naive 2-grasp (all ratios),h1,1,639,0.7169811725616455,0.717185378074646,0.981082558631897
h1,H1 naive 2-grasp (all ratios),h1,1,640,0.5107817053794861,0.5128552317619324,0.9682295322418213
h1,H1 naive 2-grasp (all ratios),h1,1,641,0.7331536412239075,0.736129879951477,0.978005051612854
h1,H1 naive 2-grasp (all ratios),h1,1,642,0.7628032565116882,0.7658998370170593,0.990496039390564
h1,H1 naive 2-grasp (all ratios),h1,1,643,0.6819407343864441,0.6833558678627014,0.9849746823310852
h1,H1 naive 2-grasp (all ratios),h1,1,644,0.4757412374019623,0.4790257215499878,0.9419804215431213
h1,H1 naive 2-grasp (all ratios),h1,1,645,0.6428571939468384,0.6468200087547302,0.9890477657318115
h1,H1 naive 2-grasp (all ratios),h1,1,646,0.6765499114990234,0.6779431700706482,0.9386314153671265
h1,H1 naive 2-grasp (all ratios),h1,1,647,0.7870619893074036,0.7902570962905884,0.9852461814880371
h1,H1 naive 2-grasp (all ratios),h1,1,648,0.5323449969291687,0.53450608253479,0.952751636505127
h1,H1 naive 2-grasp (all ratios),h1,1,649,0.7156334519386292,0.717185378074646,0.9906770586967468
h1,H1 naive 2-grasp (all ratios),h1,1,650,0.6752021908760071,0.6779431700706482,0.9731172919273376
h1,H1 naive 2-grasp (all ratios),h1,1,651,0.6617251038551331,0.6657645106315613,0.9805394411087036
h1,H1 naive 2-grasp (all ratios),h1,1,652,0.6873315572738647,0.6901217699050903,0.9623461365699768
h1,H1 naive 2-grasp (all ratios),h1,1,653,0.6159030199050903,0.6184032559394836,0.9817161560058594
h1,H1 naive 2-grasp (all ratios),h1,1,654,0.8180593252182007,0.8227334022521973,0.9808109998703003
h1,H1 naive 2-grasp (all ratios),h1,1,655,0.7749326229095459,0.7767252922058105,0.9484069347381592
h1,H1 naive 2-grasp (all ratios),h1,1,656,0.49056604504585266,0.49255749583244324,0.9144641757011414
h1,H1 naive 2-grasp (all ratios),h1,1,657,0.7183288335800171,0.7198917269706726,0.9880521297454834
h1,H1 naive 2-grasp (all ratios),h1,1,658,0.7250674366950989,0.7266576290130615,0.9686821103096008
h1,H1 naive 2-grasp (all ratios),h1,1,659,0.6765499114990234,0.6779431700706482,0.9392650127410889
h1,H1 naive 2-grasp (all ratios),h1,1,660,0.6859838366508484,0.6874154210090637,0.9853367209434509
h1,H1 naive 2-grasp (all ratios),h1,1,661,0.6132075786590576,0.615696907043457,0.9803584218025208
h1,H1 naive 2-grasp (all ratios),h1,1,662,0.7264151573181152,0.7293640375137329,0.9835264086723328
h1,H1 naive 2-grasp (all ratios),h1,1,663,0.6320755481719971,0.6346414089202881,0.9532042145729065
h1,H1 naive 2-grasp (all ratios),h1,1,664,0.7911051511764526,0.7956697940826416,0.9678674936294556
h1,H1 naive 2-grasp (all ratios),h1,1,665,0.6994609832763672,0.7036535739898682,0.9832549095153809
h1,H1 naive 2-grasp (all ratios),h1,1,666,0.5107817053794861,0.5128552317619324,0.969677746295929
h1,H1 naive 2-grasp (all ratios),h1,1,667,0.6401617527008057,0.641407310962677,0.9732078313827515
h1,H1 naive 2-grasp (all ratios),h1,1,668,0.5768194198608398,0.5791609883308411,0.9790007472038269
h1,H1 naive 2-grasp (all ratios),h1,1,669,0.634770929813385,0.6373477578163147,0.9456009864807129
h1,H1 naive 2-grasp (all ratios),h1,1,670,0.6927223801612854,0.6955344676971436,0.9379978179931641
h1,H1 naive 2-grasp (all ratios),h1,1,671,0.6738544702529907,0.6752368211746216,0.9807205200195312
h1,H1 naive 2-grasp (all ratios),h1,1,672,0.7304582595825195,0.7334235310554504,0.9908580780029297
h1,H1 naive 2-grasp (all ratios),h1,1,673,0.7264151573181152,0.7293640375137329,0.9888667464256287
h1,H1 naive 2-grasp (all ratios),h1,1,674,0.792452871799469,0.7943166494369507,0.991672694683075
h1,H1 naive 2-grasp (all ratios),h1,1,675,0.6536388397216797,0.6562922596931458,0.9661477208137512
h1,H1 naive 2-grasp (all ratios),h1,1,676,0.7398921847343445,0.7442489862442017,0.9983707666397095
h1,H1 naive 2-grasp (all ratios),h1,1,677,0.5485175848007202,0.5493910312652588,0.961169421672821
h1,H1 naive 2-grasp (all ratios),h1,1,678,0.5822102427482605,0.5832205414772034,0.9655141234397888
h1,H1 naive 2-grasp (all ratios),h1,1,679,0.7614555358886719,0.7631934881210327,0.9723026752471924
h1,H1 naive 2-grasp (all ratios),h1,1,680,0.6913747191429138,0.6928281188011169,0.9858797788619995
h1,H1 naive 2-grasp (all ratios),h1,1,681,0.7237197160720825,0.7253044247627258,0.982259213924408
h1,H1 naive 2-grasp (all ratios),h1,1,682,0.5808625817298889,0.5832205414772034,0.9637038111686707
h1,H1 naive 2-grasp (all ratios),h1,1,683,0.6846361756324768,0.6874154210090637,0.982259213924408
h1,H1 naive 2-grasp (all ratios),h1,1,684,0.6752021908760071,0.6779431700706482,0.9616219997406006
h1,H1 naive 2-grasp (all ratios),h1,1,685,0.5727763175964355,0.5751014947891235,0.9636133313179016
h1,H1 naive 2-grasp (all ratios),h1,1,686,0.6832884550094604,0.6847090721130371,0.9640659093856812
h1,H1 naive 2-grasp (all ratios),h1,1,687,0.6617251038551331,0.6644113659858704,0.9840695261955261
h1,H1 naive 2-grasp (all ratios),h1,1,688,0.6657682061195374,0.6711772680282593,0.9780955910682678
h1,H1 naive 2-grasp (all ratios),h1,1,689,0.6954178214073181,0.6995940208435059,0.9718500971794128
h1,H1 naive 2-grasp (all ratios),h1,1,690,0.6913747191429138,0.6928281188011169,0.962165117263794
h1,H1 naive 2-grasp (all ratios),h1,1,691,0.8045822381973267,0.8078483939170837,0.9832549095153809
h1,H1 naive 2-grasp (all ratios),h1,1,692,0.6671159267425537,0.6698240637779236,0.9448769092559814
h1,H1 naive 2-grasp (all ratios),h1,1,693,0.5902965664863586,0.5940459966659546,0.9540188312530518
h1,H1 naive 2-grasp (all ratios),h1,1,694,0.7008086442947388,0.7050067782402039,0.953656792640686
h1,H1 naive 2-grasp (all ratios),h1,1,695,0.5876011252403259,0.591339647769928,0.9494931101799011
h1,H1 naive 2-grasp (all ratios),h1,1,696,0.6630728244781494,0.6657645106315613,0.9406227469444275
h1,H1 naive 2-grasp (all ratios),h1,1,697,0.7304582595825195,0.7320703864097595,0.9362780451774597
h1,H1 naive 2-grasp (all ratios),h1,1,698,0.6846361756324768,0.6887685656547546,0.9815351366996765
h1,H1 naive 2-grasp (all ratios),h1,1,699,0.7196765542030334,0.7225980758666992,0.9698588252067566
h1,H1 naive 2-grasp (all ratios),h1,1,700,0.5242587924003601,0.5263869762420654,0.948587954044342
h1,H1 naive 2-grasp (all ratios),h1,1,701,0.5633423328399658,0.565629243850708,0.9513034224510193
h1,H1 naive 2-grasp (all ratios),h1,1,702,0.6536388397216797,0.6549391150474548,0.9835264086723328
h1,H1 naive 2-grasp (all ratios),h1,1,703,0.6954178214073181,0.6982408165931702,0.9595401883125305
h1,H1 naive 2-grasp (all ratios),h1,1,704,0.7223719954490662,0.7253044247627258,0.9859703183174133
h1,H1 naive 2-grasp (all ratios),h1,1,705,0.6913747191429138,0.6928281188011169,0.9484069347381592
h1,H1 naive 2-grasp (all ratios),h1,1,706,0.6819407343864441,0.6847090721130371,0.9940260648727417
h1,H1 naive 2-grasp (all ratios),h1,1,707,0.6886792778968811,0.6887685656547546,0.9613504409790039
h1,H1 naive 2-grasp (all ratios),h1,1,708,0.7115903496742249,0.7117726802825928,0.9541998505592346
h1,H1 naive 2-grasp (all ratios),h1,1,709,0.6037735939025879,0.6062245965003967,0.9745655059814453
h1,H1 naive 2-grasp (all ratios),h1,1,710,0.698113203048706,0.7009472250938416,0.9544714093208313
h1,H1 naive 2-grasp (all ratios),h1,1,711,0.6132075786590576,0.617050051689148,0.9419804215431213
h1,H1 naive 2-grasp (all ratios),h1,1,712,0.6644205451011658,0.667117714881897,0.9512128829956055
h1,H1 naive 2-grasp (all ratios),h1,1,713,0.650943398475647,0.6522327661514282,0.9341056942939758
h1,H1 naive 2-grasp (all ratios),h1,1,714,0.6185984015464783,0.6211096048355103,0.982259213924408
h1,H1 naive 2-grasp (all ratios),h1,1,715,0.7978436946868896,0.8010825514793396,0.9840695261955261
h1,H1 naive 2-grasp (all ratios),h1,1,716,0.5242587924003601,0.5263869762420654,0.956824779510498
h1,H1 naive 2-grasp (all ratios),h1,1,717,0.8301887512207031,0.8294993042945862,0.98542720079422
h1,H1 naive 2-grasp (all ratios),h1,1,718,0.5175202488899231,0.5196210741996765,0.9827117919921875
h1,H1 naive 2-grasp (all ratios),h1,1,719,0.5956873893737793,0.5981055498123169,0.9827117919921875
h1,H1 naive 2-grasp (all ratios),h1,1,720,0.7183288335800171,0.7212448716163635,0.9880521297454834
h1,H1 naive 2-grasp (all ratios),h1,1,721,0.765498697757721,0.767253041267395,0.9859703183174133
h1,H1 naive 2-grasp (all ratios),h1,1,722,0.6091644167900085,0.61163729429245,0.945329487323761
h1,H1 naive 2-grasp (all ratios),h1,1,723,0.7708895206451416,0.7713125944137573,0.9857892990112305
h1,H1 naive 2-grasp (all ratios),h1,1,724,0.6010782122612,0.6021650433540344,0.9608979225158691
h1,H1 naive 2-grasp (all ratios),h1,1,725,0.7520216107368469,0.7564275860786438,0.9667813181877136
h1,H1 naive 2-grasp (all ratios),h1,1,726,0.8274933099746704,0.8335588574409485,0.987328052520752
h1,H1 naive 2-grasp (all ratios),h1,1,727,0.628032386302948,0.6319350004196167,0.9857892990112305
h1,H1 naive 2-grasp (all ratios),h1,1,728,0.6334232091903687,0.6346414089202881,0.961078941822052
h1,H1 naive 2-grasp (all ratios),h1,1,729,0.6967655420303345,0.6995940208435059,0.968591570854187
h1,H1 naive 2-grasp (all ratios),h1,1,730,0.6967655420303345,0.6995940208435059,0.9697682857513428
h1,H1 naive 2-grasp (all ratios),h1,1,731,0.7560647130012512,0.7591339945793152,0.9675054550170898
h1,H1 naive 2-grasp (all ratios),h1,1,732,0.6603773832321167,0.6603518128395081,0.9746560454368591
h1,H1 naive 2-grasp (all ratios),h1,1,733,0.6051213145256042,0.6048714518547058,0.9257784485816956
h1,H1 naive 2-grasp (all ratios),h1,1,734,0.7115903496742249,0.7144790291786194,0.9646089673042297
h1,H1 naive 2-grasp (all ratios),h1,1,735,0.6415094137191772,0.6441136598587036,0.9806299805641174
h1,H1 naive 2-grasp (all ratios),h1,1,736,0.7008086442947388,0.7050067782402039,0.9840695261955261
h1,H1 naive 2-grasp (all ratios),h1,1,737,0.822102427482605,0.8254397511482239,0.9744750261306763
h1,H1 naive 2-grasp (all ratios),h1,1,738,0.6051213145256042,0.6075778007507324,0.9497646689414978
h1,H1 naive 2-grasp (all ratios),h1,1,739,0.7371968030929565,0.741542637348175,0.9860607981681824
h1,H1 naive 2-grasp (all ratios),h1,1,740,0.6900269985198975,0.6928281188011169,0.9900434613227844
h1,H1 naive 2-grasp (all ratios),h1,1,741,0.6630728244781494,0.667117714881897,0.927588701248169
h1,H1 naive 2-grasp (all ratios),h1,1,742,0.5256065130233765,0.5277401804924011,0.9850651621818542
h1,H1 naive 2-grasp (all ratios),h1,1,743,0.5997304320335388,0.6021650433540344,0.9808109998703003
h1,H1 naive 2-grasp (all ratios),h1,1,744,0.671159029006958,0.672530472278595,0.9801774024963379
h1,H1 naive 2-grasp (all ratios),h1,1,745,0.6873315572738647,0.6928281188011169,0.9799058437347412
h1,H1 naive 2-grasp (all ratios),h1,1,746,0.7371968030929565,0.7401894330978394,0.9635227918624878
h1,H1 naive 2-grasp (all ratios),h1,1,747,0.698113203048706,0.7009472250938416,0.9445148706436157
h1,H1 naive 2-grasp (all ratios),h1,1,748,0.44743937253952026,0.44925573468208313,0.8892107009887695
h1,H1 naive 2-grasp (all ratios),h1,1,749,0.6832884550094604,0.6874154210090637,0.9900434613227844
h1,H1 naive 2-grasp (all ratios),h1,1,750,0.5983827710151672,0.6008118987083435,0.9492215514183044
h1,H1 naive 2-grasp (all ratios),h1,1,751,0.765498697757721,0.7686062455177307,0.981987714767456
h1,H1 naive 2-grasp (all ratios),h1,1,752,0.7183288335800171,0.7212448716163635,0.9675054550170898
h1,H1 naive 2-grasp (all ratios),h1,1,753,0.7412399649620056,0.742895781993866,0.9412563443183899
h1,H1 naive 2-grasp (all ratios),h1,1,754,0.6617251038551331,0.6644113659858704,0.9923062920570374
h1,H1 naive 2-grasp (all ratios),h1,1,755,0.49056604504585266,0.49391070008277893,0.9767378568649292
h1,H1 naive 2-grasp (all ratios),h1,1,756,0.671159029006958,0.6738836169242859,0.97166907787323
h1,H1 naive 2-grasp (all ratios),h1,1,757,0.7371968030929565,0.7401894330978394,0.9689536690711975
h1,H1 naive 2-grasp (all ratios),h1,1,758,0.7735849618911743,0.7753720879554749,0.9688631296157837
h1,H1 naive 2-grasp (all ratios),h1,1,759,0.5673854351043701,0.5696887373924255,0.9651520848274231
h1,H1 naive 2-grasp (all ratios),h1,1,760,0.4959569275379181,0.49661704897880554,0.8533671498298645
h1,H1 naive 2-grasp (all ratios),h1,1,761,0.7169811725616455,0.7198917269706726,0.9650615453720093
h1,H1 naive 2-grasp (all ratios),h1,1,762,0.8032345771789551,0.8064952492713928,0.9717596173286438
h1,H1 naive 2-grasp (all ratios),h1,1,763,0.7749326229095459,0.7794316411018372,0.9728457927703857
h1,H1 naive 2-grasp (all ratios),h1,1,764,0.5781671404838562,0.5818673372268677,0.9581824541091919
h1,H1 naive 2-grasp (all ratios),h1,1,765,0.7035040259361267,0.7063599228858948,0.9727552533149719
h1,H1 naive 2-grasp (all ratios),h1,1,766,0.6630728244781494,0.6644113659858704,0.9734793901443481
h1,H1 naive 2-grasp (all ratios),h1,1,767,0.5741239786148071,0.5764546394348145,0.9723932147026062
h1,H1 naive 2-grasp (all ratios),h1,1,768,0.5053908228874207,0.5060893297195435,0.945329487323761
h1,H1 naive 2-grasp (all ratios),h1,1,769,0.6159030199050903,0.6184032559394836,0.9706734418869019
h1,H1 naive 2-grasp (all ratios),h1,1,770,0.5943396091461182,0.5967523455619812,0.968591570854187
h1,H1 naive 2-grasp (all ratios),h1,1,771,0.7560647130012512,0.7591339945793152,0.9923968315124512
h1,H1 naive 2-grasp (all ratios),h1,1,772,0.5471698045730591,0.5493910312652588,0.9866943955421448
h1,H1 naive 2-grasp (all ratios),h1,1,773,0.607816755771637,0.610284149646759,0.9556480646133423
h1,H1 naive 2-grasp (all ratios),h1,1,774,0.6617251038551331,0.6630581617355347,0.9710354804992676
h1,H1 naive 2-grasp (all ratios),h1,1,775,0.6913747191429138,0.6941813230514526,0.9795438051223755
h1,H1 naive 2-grasp (all ratios),h1,1,776,0.7641509771347046,0.7658998370170593,0.9798153638839722
h1,H1 naive 2-grasp (all ratios),h1,1,777,0.5983827710151672,0.6021650433540344,0.9806299805641174
h1,H1 naive 2-grasp (all ratios),h1,1,778,0.8652291297912598,0.8700947165489197,0.9885047078132629
h1,H1 naive 2-grasp (all ratios),h1,1,779,0.6644205451011658,0.667117714881897,0.9785481691360474
h1,H1 naive 2-grasp (all ratios),h1,1,780,0.6994609832763672,0.7023004293441772,0.9216147661209106
h1,H1 naive 2-grasp (all ratios),h1,1,781,0.8935310244560242,0.8971582651138306,0.978005051612854
h1,H1 naive 2-grasp (all ratios),h1,1,782,0.8032345771789551,0.8105547428131104,0.9893193244934082
h1,H1 naive 2-grasp (all ratios),h1,1,783,0.8086254000663757,0.8132611513137817,0.9875995516777039
h1,H1 naive 2-grasp (all ratios),h1,1,784,0.8167116045951843,0.8200270533561707,0.9895003437995911
h1,H1 naive 2-grasp (all ratios),h1,1,785,0.735849142074585,0.7401894330978394,0.982259213924408
h1,H1 naive 2-grasp (all ratios),h1,1,786,0.7318059802055359,0.7347767353057861,0.9872375130653381
h1,H1 naive 2-grasp (all ratios),h1,1,787,0.648248016834259,0.6508795619010925,0.9431571364402771
h1,H1 naive 2-grasp (all ratios),h1,1,788,0.7048518061637878,0.7077131271362305,0.9844315648078918
h1,H1 naive 2-grasp (all ratios),h1,1,789,0.4420485496520996,0.4438430368900299,0.9564626812934875
h1,H1 naive 2-grasp (all ratios),h1,1,790,0.698113203048706,0.7009472250938416,0.9519370198249817
h1,H1 naive 2-grasp (all ratios),h1,1,791,0.5633423328399658,0.565629243850708,0.9581824541091919
h1,H1 naive 2-grasp (all ratios),h1,1,792,0.6469002962112427,0.6508795619010925,0.9752896428108215
h1,H1 naive 2-grasp (all ratios),h1,1,793,0.64420485496521,0.6468200087547302,0.9761947989463806
h1,H1 naive 2-grasp (all ratios),h1,1,794,0.7938005924224854,0.7970229983329773,0.9690441489219666
h1,H1 naive 2-grasp (all ratios),h1,1,795,0.7614555358886719,0.7658998370170593,0.9619840979576111
h1,H1 naive 2-grasp (all ratios),h1,1,796,0.7371968030929565,0.7401894330978394,0.9843410849571228
h1,H1 naive 2-grasp (all ratios),h1,1,797,0.4811321198940277,0.4830852746963501,0.9269551038742065
h1,H1 naive 2-grasp (all ratios),h1,1,798,0.7587601542472839,0.7604871392250061,0.9983707666397095
h1,H1 naive 2-grasp (all ratios),h1,1,799,0.8450134992599487,0.8484438061714172,0.9878711104393005
h1,H1 naive 2-grasp (all ratios),h1,1,800,0.7452830076217651,0.7483084797859192,0.9709449410438538
h1,H1 naive 2-grasp (all ratios),h1,1,801,0.6024259328842163,0.6048714518547058,0.9314808249473572
h1,H1 naive 2-grasp (all ratios),h1,1,802,0.6913747191429138,0.6928281188011169,0.9832549095153809
h1,H1 naive 2-grasp (all ratios),h1,1,803,0.5431267023086548,0.5453315377235413,0.949674129486084
h1,H1 naive 2-grasp (all ratios),h1,1,804,0.6819407343864441,0.6847090721130371,0.9807205200195312
h1,H1 naive 2-grasp (all ratios),h1,1,805,0.6913747191429138,0.6928281188011169,0.9886857271194458
h1,H1 naive 2-grasp (all ratios),h1,1,806,0.5579515099525452,0.5602165460586548,0.9660571813583374
h1,H1 naive 2-grasp (all ratios),h1,1,807,0.8611860871315002,0.8633288145065308,0.9832549095153809
h1,H1 naive 2-grasp (all ratios),h1,1,808,0.6037735939025879,0.6075778007507324,0.974746584892273
h1,H1 naive 2-grasp (all ratios),h1,1,809,0.6671159267425537,0.6711772680282593,0.9823497533798218
h1,H1 naive 2-grasp (all ratios),h1,1,810,0.5997304320335388,0.6021650433540344,0.9341056942939758
h1,H1 naive 2-grasp (all ratios),h1,1,811,0.4824798107147217,0.484438419342041,0.9767378568649292
h1,H1 naive 2-grasp (all ratios),h1,1,812,0.6752021908760071,0.6779431700706482,0.9828928112983704
h1,H1 naive 2-grasp (all ratios),h1,1,813,0.6590296626091003,0.661704957485199,0.9843410849571228
h1,H1 naive 2-grasp (all ratios),h1,1,814,0.6927223801612854,0.6941813230514526,0.9887762665748596
h1,H1 naive 2-grasp (all ratios),h1,1,815,0.5997304320335388,0.6021650433540344,0.9459630846977234
h1,H1 naive 2-grasp (all ratios),h1,1,816,0.7264151573181152,0.7307171821594238,0.9648805260658264
h1,H1 naive 2-grasp (all ratios),h1,1,817,0.6954178214073181,0.6982408165931702,0.9739319086074829
h1,H1 naive 2-grasp (all ratios),h1,1,818,0.6307277679443359,0.6332882046699524,0.9751991033554077
h1,H1 naive 2-grasp (all ratios),h1,1,819,0.735849142074585,0.7401894330978394,0.9680485129356384
h1,H1 naive 2-grasp (all ratios),h1,1,820,0.5956873893737793,0.5994586944580078,0.9740224480628967
h1,H1 naive 2-grasp (all ratios),h1,1,821,0.8733154535293579,0.8768606781959534,0.9956552982330322
h1,H1 naive 2-grasp (all ratios),h1,1,822,0.634770929813385,0.6373477578163147,0.9782766103744507
h1,H1 naive 2-grasp (all ratios),h1,1,823,0.7021563649177551,0.7063599228858948,0.9732983112335205
h1,H1 naive 2-grasp (all ratios),h1,1,824,0.7897574305534363,0.7916103005409241,0.9717596173286438
h1,H1 naive 2-grasp (all ratios),h1,1,825,0.6064690351486206,0.610284149646759,0.9666907787322998
h1,H1 naive 2-grasp (all ratios),h1,1,826,0.6967655420303345,0.6968876719474792,0.9602643251419067
h1,H1 naive 2-grasp (all ratios),h1,1,827,0.5956873893737793,0.5981055498123169,0.9704018831253052
h1,H1 naive 2-grasp (all ratios),h1,1,828,0.6576820015907288,0.6603518128395081,0.8819695711135864
h1,H1 naive 2-grasp (all ratios),h1,1,829,0.7695418000221252,0.7753720879554749,0.9541093707084656
h1,H1 naive 2-grasp (all ratios),h1,1,830,0.6873315572738647,0.6901217699050903,0.9789102077484131
h1,H1 naive 2-grasp (all ratios),h1,1,831,0.7183288335800171,0.7212448716163635,0.9806299805641174
h1,H1 naive 2-grasp (all ratios),h1,1,832,0.6725067496299744,0.6765899658203125,0.9869659543037415
h1,H1 naive 2-grasp (all ratios),h1,1,833,0.6886792778968811,0.6901217699050903,0.9844315648078918
h1,H1 naive 2-grasp (all ratios),h1,1,834,0.6832884550094604,0.686062216758728,0.9713070392608643
h1,H1 naive 2-grasp (all ratios),h1,1,835,0.6752021908760071,0.6779431700706482,0.9545618891716003
h1,H1 naive 2-grasp (all ratios),h1,1,836,0.5970350503921509,0.5994586944580078,0.9647899866104126
h1,H1 naive 2-grasp (all ratios),h1,1,837,0.621293842792511,0.6251691579818726,0.9678674936294556
h1,H1 naive 2-grasp (all ratios),h1,1,838,0.7183288335800171,0.7212448716163635,0.9891383051872253
h1,H1 naive 2-grasp (all ratios),h1,1,839,0.6091644167900085,0.61163729429245,0.9661477208137512
h1,H1 naive 2-grasp (all ratios),h1,1,840,0.6576820015907288,0.6603518128395081,0.9803584218025208
h1,H1 naive 2-grasp (all ratios),h1,1,841,0.5835579633712769,0.5859269499778748,0.9602643251419067
h1,H1 naive 2-grasp (all ratios),h1,1,842,0.4245283305644989,0.4276048541069031,0.9809920191764832
h1,H1 naive 2-grasp (all ratios),h1,1,843,0.7735849618911743,0.7753720879554749,0.9463251233100891
h1,H1 naive 2-grasp (all ratios),h1,1,844,0.698113203048706,0.7023004293441772,0.9677769541740417
h1,H1 naive 2-grasp (all ratios),h1,1,845,0.5727763175964355,0.5751014947891235,0.9569152593612671
h1,H1 naive 2-grasp (all ratios),h1,1,846,0.7466307878494263,0.7483084797859192,0.9769188761711121
h1,H1 naive 2-grasp (all ratios),h1,1,847,0.7129380106925964,0.7131258249282837,0.9515749216079712
h1,H1 naive 2-grasp (all ratios),h1,1,848,0.6859838366508484,0.6901217699050903,0.9866039156913757
h1,H1 naive 2-grasp (all ratios),h1,1,849,0.6603773832321167,0.6630581617355347,0.9599022269248962
h1,H1 naive 2-grasp (all ratios),h1,1,850,0.6239892244338989,0.6278755068778992,0.9679579734802246
h1,H1 naive 2-grasp (all ratios),h1,1,851,0.7008086442947388,0.7023004293441772,0.947411298751831
h1,H1 naive 2-grasp (all ratios),h1,1,852,0.4636118710041046,0.4654938876628876,0.937907338142395
h1,H1 naive 2-grasp (all ratios),h1,1,853,0.7520216107368469,0.7550743818283081,0.9901339411735535
h1,H1 naive 2-grasp (all ratios),h1,1,854,0.8153639435768127,0.8186739087104797,0.979996383190155
h1,H1 naive 2-grasp (all ratios),h1,1,855,0.7587601542472839,0.7645466923713684,0.9764663577079773
h1,H1 naive 2-grasp (all ratios),h1,1,856,0.5134771466255188,0.515561580657959,0.941075325012207
h1,H1 naive 2-grasp (all ratios),h1,1,857,0.6819407343864441,0.6847090721130371,0.98624187707901
h1,H1 naive 2-grasp (all ratios),h1,1,858,0.6725067496299744,0.6752368211746216,0.9347392916679382
h1,H1 naive 2-grasp (all ratios),h1,1,859,0.6185984015464783,0.622462809085846,0.9361875653266907
h1,H1 naive 2-grasp (all ratios),h1,1,860,0.5040431618690491,0.5060893297195435,0.9561911821365356
h1,H1 naive 2-grasp (all ratios),h1,1,861,0.677897572517395,0.6820027232170105,0.9563722014427185
h1,H1 naive 2-grasp (all ratios),h1,1,862,0.8113207817077637,0.8146143555641174,0.9526610970497131
h1,H1 naive 2-grasp (all ratios),h1,1,863,0.8544474840164185,0.8579161167144775,0.9709449410438538
h1,H1 naive 2-grasp (all ratios),h1,1,864,0.735849142074585,0.7388362884521484,0.9834359288215637
h1,H1 naive 2-grasp (all ratios),h1,1,865,0.5592992305755615,0.5615696907043457,0.9821687340736389
h1,H1 naive 2-grasp (all ratios),h1,1,866,0.7102426290512085,0.7131258249282837,0.9866039156913757
h1,H1 naive 2-grasp (all ratios),h1,1,867,0.7115903496742249,0.7144790291786194,0.9800869226455688
h1,H1 naive 2-grasp (all ratios),h1,1,868,0.5579515099525452,0.5588633418083191,0.9650615453720093
h1,H1 naive 2-grasp (all ratios),h1,1,869,0.5902965664863586,0.5940459966659546,0.9710354804992676
h1,H1 naive 2-grasp (all ratios),h1,1,870,0.6873315572738647,0.6914749145507812,0.9681390523910522
h1,H1 naive 2-grasp (all ratios),h1,1,871,0.6873315572738647,0.6901217699050903,0.9482259154319763
h1,H1 naive 2-grasp (all ratios),h1,1,872,0.6145552396774292,0.617050051689148,0.9397175908088684
h1,H1 naive 2-grasp (all ratios),h1,1,873,0.7641509771347046,0.7699593901634216,0.9856987595558167
h1,H1 naive 2-grasp (all ratios),h1,1,874,0.7479784488677979,0.7523680329322815,0.9651520848274231
h1,H1 naive 2-grasp (all ratios),h1,1,875,0.862533688545227,0.8660351037979126,0.9953837990760803
h1,H1 naive 2-grasp (all ratios),h1,1,876,0.7291105389595032,0.7320703864097595,0.9676864743232727
h1,H1 naive 2-grasp (all ratios),h1,1,877,0.8167116045951843,0.8213802576065063,0.9843410849571228
h1,H1 naive 2-grasp (all ratios),h1,1,878,0.7142857313156128,0.717185378074646,0.9773714542388916
h1,H1 naive 2-grasp (all ratios),h1,1,879,0.7574124336242676,0.7604871392250061,0.9921252727508545
h1,H1 naive 2-grasp (all ratios),h1,1,880,0.7250674366950989,0.7280108332633972,0.9331100583076477
h1,H1 naive 2-grasp (all ratios),h1,1,881,0.6455525755882263,0.6481732130050659,0.9813541173934937
h1,H1 naive 2-grasp (all ratios),h1,1,882,0.7479784488677979,0.7550743818283081,0.9917632341384888
h1,H1 naive 2-grasp (all ratios),h1,1,883,0.6415094137191772,0.6441136598587036,0.9515749216079712
h1,H1 naive 2-grasp (all ratios),h1,1,884,0.7075471878051758,0.7090663313865662,0.9807205200195312
h1,H1 naive 2-grasp (all ratios),h1,1,885,0.8355795741081238,0.8403247594833374,0.9877805709838867
h1,H1 naive 2-grasp (all ratios),h1,1,886,0.6940701007843018,0.6968876719474792,0.9766473770141602
h1,H1 naive 2-grasp (all ratios),h1,1,887,0.6913747191429138,0.6955344676971436,0.9788196682929993
h1,H1 naive 2-grasp (all ratios),h1,1,888,0.7304582595825195,0.7347767353057861,0.9681390523910522
h1,H1 naive 2-grasp (all ratios),h1,1,889,0.7398921847343445,0.7442489862442017,0.9791817665100098
h1,H1 naive 2-grasp (all ratios),h1,1,890,0.6846361756324768,0.6874154210090637,0.9514844417572021
h1,H1 naive 2-grasp (all ratios),h1,1,891,0.5619946122169495,0.565629243850708,0.9426140189170837
h1,H1 naive 2-grasp (all ratios),h1,1,892,0.8396226763725281,0.843031108379364,0.9959268569946289
h1,H1 naive 2-grasp (all ratios),h1,1,893,0.7439353466033936,0.7469553351402283,0.9694967269897461
h1,H1 naive 2-grasp (all ratios),h1,1,894,0.7048518061637878,0.7063599228858948,0.9772809743881226
h1,H1 naive 2-grasp (all ratios),h1,1,895,0.7762803435325623,0.7794316411018372,0.9677769541740417
h1,H1 naive 2-grasp (all ratios),h1,1,896,0.7142857313156128,0.717185378074646,0.9841600060462952
h1,H1 naive 2-grasp (all ratios),h1,1,897,0.6199461221694946,0.6197564601898193,0.9866943955421448
h1,H1 naive 2-grasp (all ratios),h1,1,898,0.7061995267868042,0.7117726802825928,0.9458725452423096
h1,H1 naive 2-grasp (all ratios),h1,1,899,0.493261456489563,0.49526384472846985,0.9439717531204224
h1,H1 naive 2-grasp (all ratios),h1,1,900,0.6644205451011658,0.6657645106315613,0.9625271558761597
h1,H1 naive 2-grasp (all ratios),h1,1,901,0.5673854351043701,0.5710419416427612,0.9704018831253052
h1,H1 naive 2-grasp (all ratios),h1,1,902,0.7843666076660156,0.7834911942481995,0.989409863948822
h1,H1 naive 2-grasp (all ratios),h1,1,903,0.5134771466255188,0.515561580657959,0.9438812732696533
h1,H1 naive 2-grasp (all ratios),h1,1,904,0.6738544702529907,0.6765899658203125,0.9845221042633057
h1,H1 naive 2-grasp (all ratios),h1,1,905,0.6536388397216797,0.6562922596931458,0.98542720079422
h1,H1 naive 2-grasp (all ratios),h1,1,906,0.7897574305534363,0.792963445186615,0.9525706171989441
h1,H1 naive 2-grasp (all ratios),h1,1,907,0.7385445237159729,0.741542637348175,0.9317523241043091
h1,H1 naive 2-grasp (all ratios),h1,1,908,0.4892183542251587,0.49120432138442993,0.8808833956718445
h1,H1 naive 2-grasp (all ratios),h1,1,909,0.5417789816856384,0.541271984577179,0.9507603049278259
h1,H1 naive 2-grasp (all ratios),h1,1,910,0.6994609832763672,0.7023004293441772,0.9733888506889343
h1,H1 naive 2-grasp (all ratios),h1,1,911,0.6913747191429138,0.6941813230514526,0.978005051612854
h1,H1 naive 2-grasp (all ratios),h1,1,912,0.5983827710151672,0.6008118987083435,0.9881426692008972
h1,H1 naive 2-grasp (all ratios),h1,1,913,0.6805930137634277,0.6833558678627014,0.9679579734802246
h1,H1 naive 2-grasp (all ratios),h1,1,914,0.64420485496521,0.6454668641090393,0.9812635779380798
h1,H1 naive 2-grasp (all ratios),h1,1,915,0.765498697757721,0.7686062455177307,0.9915822148323059
h1,H1 naive 2-grasp (all ratios),h1,1,916,0.7183288335800171,0.7225980758666992,0.9759232401847839
h1,H1 naive 2-grasp (all ratios),h1,1,917,0.5876011252403259,0.5899865031242371,0.9432476758956909
h1,H1 naive 2-grasp (all ratios),h1,1,918,0.5876011252403259,0.5872800946235657,0.9875090718269348
h1,H1 naive 2-grasp (all ratios),h1,1,919,0.7412399649620056,0.7442489862442017,0.9596307277679443
h1,H1 naive 2-grasp (all ratios),h1,1,920,0.6765499114990234,0.6792963743209839,0.9815351366996765
h1,H1 naive 2-grasp (all ratios),h1,1,921,0.5970350503921509,0.5981055498123169,0.9709449410438538
h1,H1 naive 2-grasp (all ratios),h1,1,922,0.6873315572738647,0.6914749145507812,0.9656951427459717
h1,H1 naive 2-grasp (all ratios),h1,1,923,0.7452830076217651,0.7483084797859192,0.9800869226455688
h1,H1 naive 2-grasp (all ratios),h1,1,924,0.6051213145256042,0.6075778007507324,0.9733888506889343
h1,H1 naive 2-grasp (all ratios),h1,1,925,0.7142857313156128,0.7158321738243103,0.9792722463607788
h1,H1 naive 2-grasp (all ratios),h1,1,926,0.5781671404838562,0.5805141925811768,0.9656046628952026
h1,H1 naive 2-grasp (all ratios),h1,1,927,0.7506738901138306,0.7537212371826172,0.9707639217376709
h1,H1 naive 2-grasp (all ratios),h1,1,928,0.6253369450569153,0.6278755068778992,0.9837979674339294
h1,H1 naive 2-grasp (all ratios),h1,1,929,0.6118598580360413,0.617050051689148,0.959087610244751
h1,H1 naive 2-grasp (all ratios),h1,1,930,0.7911051511764526,0.7943166494369507,0.9899529218673706
h1,H1 naive 2-grasp (all ratios),h1,1,931,0.7035040259361267,0.7050067782402039,0.9637038111686707
h1,H1 naive 2-grasp (all ratios),h1,1,932,0.7102426290512085,0.7144790291786194,0.970492422580719
h1,H1 naive 2-grasp (all ratios),h1,1,933,0.7088949084281921,0.7117726802825928,0.9586350321769714
h1,H1 naive 2-grasp (all ratios),h1,1,934,0.7614555358886719,0.7645466923713684,0.9809920191764832
h1,H1 naive 2-grasp (all ratios),h1,1,935,0.5700809359550476,0.5723951458930969,0.948497474193573
h1,H1 naive 2-grasp (all ratios),h1,1,936,0.7183288335800171,0.7212448716163635,0.9889572858810425
h1,H1 naive 2-grasp (all ratios),h1,1,937,0.7533693313598633,0.7564275860786438,0.9922158122062683
h1,H1 naive 2-grasp (all ratios),h1,1,938,0.6064690351486206,0.6089309453964233,0.9440622925758362
h1,H1 naive 2-grasp (all ratios),h1,1,939,0.792452871799469,0.7956697940826416,0.9720311164855957
h1,H1 naive 2-grasp (all ratios),h1,1,940,0.7385445237159729,0.741542637348175,0.9889572858810425
h1,H1 naive 2-grasp (all ratios),h1,1,941,0.7884097695350647,0.7916103005409241,0.9545618891716003
h1,H1 naive 2-grasp (all ratios),h1,1,942,0.5660377740859985,0.5669823884963989,0.981987714767456
h1,H1 naive 2-grasp (all ratios),h1,1,943,0.6657682061195374,0.6684708595275879,0.9837074875831604
h1,H1 naive 2-grasp (all ratios),h1,1,944,0.5956873893737793,0.5994586944580078,0.9671433568000793
h1,H1 naive 2-grasp (all ratios),h1,1,945,0.6671159267425537,0.6698240637779236,0.9877805709838867
h1,H1 naive 2-grasp (all ratios),h1,1,946,0.5566037893295288,0.5588633418083191,0.9557386040687561
h1,H1 naive 2-grasp (all ratios),h1,1,947,0.7749326229095459,0.7780784368515015,0.981082558631897
h1,H1 naive 2-grasp (all ratios),h1,1,948,0.6792453527450562,0.6820027232170105,0.9666002988815308
h1,H1 naive 2-grasp (all ratios),h1,1,949,0.6320755481719971,0.6346414089202881,0.9544714093208313
h1,H1 naive 2-grasp (all ratios),h1,1,950,0.7088949084281921,0.7117726802825928,0.9914011359214783
h1,H1 naive 2-grasp (all ratios),h1,1,951,0.5983827710151672,0.5994586944580078,0.9754706621170044
h1,H1 naive 2-grasp (all ratios),h1,1,952,0.7897574305534363,0.792963445186615,0.9848841428756714
h1,H1 naive 2-grasp (all ratios),h1,1,953,0.7466307878494263,0.7496616840362549,0.9637038111686707
h1,H1 naive 2-grasp (all ratios),h1,1,954,0.6927223801612854,0.6955344676971436,0.9700398445129395
h1,H1 naive 2-grasp (all ratios),h1,1,955,0.7008086442947388,0.7050067782402039,0.9751991033554077
h1,H1 naive 2-grasp (all ratios),h1,1,956,0.7749326229095459,0.7767252922058105,0.9943881034851074
h1,H1 naive 2-grasp (all ratios),h1,1,957,0.7587601542472839,0.7604871392250061,0.9883236885070801
h1,H1 naive 2-grasp (all ratios),h1,1,958,0.6859838366508484,0.6901217699050903,0.9683200716972351
h1,H1 naive 2-grasp (all ratios),h1,1,959,0.6900269985198975,0.6928281188011169,0.9919442534446716
h2,H2 regrasp (stage 2),h2,2,0,0.6508795619010925,0.6468200087547302,0.933924674987793
h2,H2 regrasp (stage 2),h2,2,1,0.622462809085846,0.622462809085846,0.9626176953315735
h2,H2 regrasp (stage 2),h2,2,2,0.717185378074646,0.717185378074646,0.927588701248169
h2,H2 regrasp (stage 2),h2,2,3,0.617050051689148,0.6184032559394836,0.9583635330200195
h2,H2 regrasp (stage 2),h2,2,4,0.6373478174209595,0.6373477578163147,0.9742940068244934
h2,H2 regrasp (stage 2),h2,2,5,0.7117726802825928,0.7144790291786194,0.9556480646133423
h2,H2 regrasp (stage 2),h2,2,6,0.6305818557739258,0.6305818557739258,0.9577299356460571
h2,H2 regrasp (stage 2),h2,2,7,0.6468200087547302,0.6454668641090393,0.9510318636894226
h2,H2 regrasp (stage 2),h2,2,8,0.7320703864097595,0.7347767353057861,0.9606263637542725
h2,H2 regrasp (stage 2),h2,2,9,0.6792963743209839,0.6792963743209839,0.95709627866745
h2,H2 regrasp (stage 2),h2,2,10,0.6589986085891724,0.6562922596931458,0.9617125391960144
h2,H2 regrasp (stage 2),h2,2,11,0.6332882642745972,0.6319350004196167,0.9414373636245728
h2,H2 regrasp (stage 2),h2,2,12,0.6887686252593994,0.6901217699050903,0.942251980304718
h2,H2 regrasp (stage 2),h2,2,13,0.6833558678627014,0.6833558678627014,0.9573678374290466
h2,H2 regrasp (stage 2),h2,2,14,0.6562922596931458,0.6562922596931458,0.9456009864807129
h2,H2 regrasp (stage 2),h2,2,15,0.6698241233825684,0.6698240637779236,0.9522990584373474
h2,H2 regrasp (stage 2),h2,2,16,0.7239513397216797,0.7239512801170349,0.9711260199546814
h2,H2 regrasp (stage 2),h2,2,17,0.6995940804481506,0.6995940208435059,0.9561911821365356
h2,H2 regrasp (stage 2),h2,2,18,0.6630582213401794,0.6630581617355347,0.9353728890419006
h2,H2 regrasp (stage 2),h2,2,19,0.6765899658203125,0.6738836169242859,0.9667813181877136
h2,H2 regrasp (stage 2),h2,2,20,0.6481732130050659,0.6481732130050659,0.9254163503646851
h2,H2 regrasp (stage 2),h2,2,21,0.6278755068778992,0.6292286515235901,0.9700398445129395
h2,H2 regrasp (stage 2),h2,2,22,0.672530472278595,0.6698240637779236,0.9785481691360474
h2,H2 regrasp (stage 2),h2,2,23,0.6901218295097351,0.6887685656547546,0.954742968082428
h2,H2 regrasp (stage 2),h2,2,24,0.6684709191322327,0.667117714881897,0.9341962337493896
h2,H2 regrasp (stage 2),h2,2,25,0.691474974155426,0.6914749145507812,0.9498551487922668
h2,H2 regrasp (stage 2),h2,2,26,0.617050051689148,0.6184032559394836,0.959087610244751
h2,H2 regrasp (stage 2),h2,2,27,0.5128552317619324,0.5128552317619324,0.9018827080726624
h2,H2 regrasp (stage 2),h2,2,28,0.6779431700706482,0.6752368211746216,0.9727552533149719
h2,H2 regrasp (stage 2),h2,2,29,0.6184032559394836,0.6184032559394836,0.9727552533149719
h2,H2 regrasp (stage 2),h2,2,30,0.6359946131706238,0.635994553565979,0.9663287401199341
h2,H2 regrasp (stage 2),h2,2,31,0.6617050170898438,0.661704957485199,0.9666907787322998
h2,H2 regrasp (stage 2),h2,2,32,0.6278755068778992,0.6292286515235901,0.9175416231155396
h2,H2 regrasp (stage 2),h2,2,33,0.5548037886619568,0.5534505844116211,0.9329290390014648
h2,H2 regrasp (stage 2),h2,2,34,0.7063599228858948,0.7050067782402039,0.9379978179931641
h2,H2 regrasp (stage 2),h2,2,35,0.45737484097480774,0.45737481117248535,0.9285843372344971
h2,H2 regrasp (stage 2),h2,2,36,0.6495264172554016,0.6508795619010925,0.9756516814231873
h2,H2 regrasp (stage 2),h2,2,37,0.6995940804481506,0.6982408165931702,0.9473207592964172
h2,H2 regrasp (stage 2),h2,2,38,0.6806495189666748,0.6806495189666748,0.9712164998054504
h2,H2 regrasp (stage 2),h2,2,39,0.6982408761978149,0.6982408165931702,0.9656046628952026
h2,H2 regrasp (stage 2),h2,2,40,0.6617050170898438,0.661704957485199,0.9783671498298645
h2,H2 regrasp (stage 2),h2,2,41,0.6535859107971191,0.6508795619010925,0.9592686295509338
h2,H2 regrasp (stage 2),h2,2,42,0.696887731552124,0.6968876719474792,0.9709449410438538
h2,H2 regrasp (stage 2),h2,2,43,0.5629228949546814,0.5615696907043457,0.926412045955658
h2,H2 regrasp (stage 2),h2,2,44,0.6278755068778992,0.6292286515235901,0.9484069347381592
h2,H2 regrasp (stage 2),h2,2,45,0.6847090721130371,0.686062216758728,0.9604453444480896
h2,H2 regrasp (stage 2),h2,2,46,0.6847090721130371,0.686062216758728,0.9570057988166809
h2,H2 regrasp (stage 2),h2,2,47,0.6765899658203125,0.6765899658203125,0.9702208638191223
h2,H2 regrasp (stage 2),h2,2,48,0.6129905581474304,0.61163729429245,0.9682295322418213
h2,H2 regrasp (stage 2),h2,2,49,0.7077131271362305,0.7104194760322571,0.9651520848274231
h2,H2 regrasp (stage 2),h2,2,50,0.5223274827003479,0.5209742784500122,0.9427045583724976
h2,H2 regrasp (stage 2),h2,2,51,0.5967523455619812,0.5967523455619812,0.9599927663803101
h2,H2 regrasp (stage 2),h2,2,52,0.617050051689148,0.617050051689148,0.9470492601394653
h2,H2 regrasp (stage 2),h2,2,53,0.7374830842018127,0.7388362884521484,0.9661477208137512
h2,H2 regrasp (stage 2),h2,2,54,0.6955345273017883,0.6955344676971436,0.9631607532501221
h2,H2 regrasp (stage 2),h2,2,55,0.6792963743209839,0.6792963743209839,0.9533852338790894
h2,H2 regrasp (stage 2),h2,2,56,0.5981055498123169,0.5967523455619812,0.9573678374290466
h2,H2 regrasp (stage 2),h2,2,57,0.4830852746963501,0.484438419342041,0.9274981617927551
h2,H2 regrasp (stage 2),h2,2,58,0.6522327661514282,0.6495264172554016,0.9576393961906433
h2,H2 regrasp (stage 2),h2,2,59,0.6387009620666504,0.6387009024620056,0.9440622925758362
h2,H2 regrasp (stage 2),h2,2,60,0.6941813826560974,0.6955344676971436,0.9664192795753479
h2,H2 regrasp (stage 2),h2,2,61,0.6319350600242615,0.6319350004196167,0.9379978179931641
h2,H2 regrasp (stage 2),h2,2,62,0.7185385823249817,0.717185378074646,0.9577299356460571
h2,H2 regrasp (stage 2),h2,2,63,0.6197564601898193,0.617050051689148,0.9168175458908081
h2,H2 regrasp (stage 2),h2,2,64,0.5832206010818481,0.5832205414772034,0.9031499028205872
h2,H2 regrasp (stage 2),h2,2,65,0.6549391150474548,0.6535859107971191,0.9608979225158691
h2,H2 regrasp (stage 2),h2,2,66,0.6184032559394836,0.6184032559394836,0.959087610244751
h2,H2 regrasp (stage 2),h2,2,67,0.5426251888275146,0.5453315377235413,0.9008870124816895
h2,H2 regrasp (stage 2),h2,2,68,0.6779431700706482,0.6779431700706482,0.9783671498298645
h2,H2 regrasp (stage 2),h2,2,69,0.615696907043457,0.615696907043457,0.9210717082023621
h2,H2 regrasp (stage 2),h2,2,70,0.6359946131706238,0.635994553565979,0.9338341951370239
h2,H2 regrasp (stage 2),h2,2,71,0.6995940804481506,0.6995940208435059,0.962165117263794
h2,H2 regrasp (stage 2),h2,2,72,0.672530472278595,0.6738836169242859,0.9586350321769714
h2,H2 regrasp (stage 2),h2,2,73,0.672530472278595,0.672530472278595,0.956824779510498
h2,H2 regrasp (stage 2),h2,2,74,0.717185378074646,0.717185378074646,0.970582902431488
h2,H2 regrasp (stage 2),h2,2,75,0.6062246561050415,0.6048714518547058,0.9604453444480896
h2,H2 regrasp (stage 2),h2,2,76,0.6887686252593994,0.6874154210090637,0.9740224480628967
h2,H2 regrasp (stage 2),h2,2,77,0.7753721475601196,0.7740189433097839,0.9710354804992676
h2,H2 regrasp (stage 2),h2,2,78,0.4438430368900299,0.4438430368900299,0.9160028696060181
h2,H2 regrasp (stage 2),h2,2,79,0.6305818557739258,0.6305818557739258,0.9592686295509338
h2,H2 regrasp (stage 2),h2,2,80,0.6765899658203125,0.6765899658203125,0.9781860709190369
h2,H2 regrasp (stage 2),h2,2,81,0.7496617436408997,0.7483084797859192,0.9709449410438538
h2,H2 regrasp (stage 2),h2,2,82,0.6400541663169861,0.6387009024620056,0.9837074875831604
h2,H2 regrasp (stage 2),h2,2,83,0.5872800946235657,0.5859269499778748,0.9562816619873047
h2,H2 regrasp (stage 2),h2,2,84,0.6765899658203125,0.6779431700706482,0.9656951427459717
h2,H2 regrasp (stage 2),h2,2,85,0.6833558678627014,0.6833558678627014,0.9447863698005676
h2,H2 regrasp (stage 2),h2,2,86,0.6454668641090393,0.6454668641090393,0.9446958899497986
h2,H2 regrasp (stage 2),h2,2,87,0.6427605152130127,0.6427605152130127,0.9712164998054504
h2,H2 regrasp (stage 2),h2,2,88,0.5548037886619568,0.5507442355155945,0.951665461063385
h2,H2 regrasp (stage 2),h2,2,89,0.5439783334732056,0.5439783334732056,0.9425235390663147
h2,H2 regrasp (stage 2),h2,2,90,0.6522327661514282,0.6508795619010925,0.9608979225158691
h2,H2 regrasp (stage 2),h2,2,91,0.6562922596931458,0.6562922596931458,0.9479543566703796
h2,H2 regrasp (stage 2),h2,2,92,0.6752368211746216,0.6752368211746216,0.9495836496353149
h2,H2 regrasp (stage 2),h2,2,93,0.6387009620666504,0.6373477578163147,0.9680485129356384
h2,H2 regrasp (stage 2),h2,2,94,0.7212449312210083,0.7212448716163635,0.9713070392608643
h2,H2 regrasp (stage 2),h2,2,95,0.6441136598587036,0.6454668641090393,0.9571868181228638
h2,H2 regrasp (stage 2),h2,2,96,0.615696907043457,0.615696907043457,0.9616219997406006
h2,H2 regrasp (stage 2),h2,2,97,0.7117726802825928,0.7131258249282837,0.9732983112335205
h2,H2 regrasp (stage 2),h2,2,98,0.6630582213401794,0.6630581617355347,0.9437907338142395
h2,H2 regrasp (stage 2),h2,2,99,0.6589986085891724,0.6576454639434814,0.9599927663803101
h2,H2 regrasp (stage 2),h2,2,100,0.6738836169242859,0.6738836169242859,0.9856987595558167
h2,H2 regrasp (stage 2),h2,2,101,0.7036535739898682,0.7036535739898682,0.9608979225158691
h2,H2 regrasp (stage 2),h2,2,102,0.6332882642745972,0.6332882046699524,0.9688631296157837
h2,H2 regrasp (stage 2),h2,2,103,0.6481732130050659,0.6468200087547302,0.9476828575134277
h2,H2 regrasp (stage 2),h2,2,104,0.691474974155426,0.6887685656547546,0.9565532207489014
h2,H2 regrasp (stage 2),h2,2,105,0.7077131271362305,0.7077131271362305,0.9625271558761597
h2,H2 regrasp (stage 2),h2,2,106,0.696887731552124,0.6968876719474792,0.9681390523910522
h2,H2 regrasp (stage 2),h2,2,107,0.5480378866195679,0.5480378866195679,0.9376357793807983
h2,H2 regrasp (stage 2),h2,2,108,0.6684709191322327,0.6684708595275879,0.9572773575782776
h2,H2 regrasp (stage 2),h2,2,109,0.5981055498123169,0.5981055498123169,0.9412563443183899
h2,H2 regrasp (stage 2),h2,2,110,0.6278755068778992,0.6292286515235901,0.9566437602043152
h2,H2 regrasp (stage 2),h2,2,111,0.6359946131706238,0.635994553565979,0.9368211627006531
h2,H2 regrasp (stage 2),h2,2,112,0.46684709191322327,0.46684709191322327,0.8903874158859253
h2,H2 regrasp (stage 2),h2,2,113,0.7212449312210083,0.7212448716163635,0.9519370198249817
h2,H2 regrasp (stage 2),h2,2,114,0.6319350600242615,0.6319350004196167,0.9436097145080566
h2,H2 regrasp (stage 2),h2,2,115,0.7131258249282837,0.7144790291786194,0.9825307726860046
h2,H2 regrasp (stage 2),h2,2,116,0.6184032559394836,0.615696907043457,0.9599927663803101
h2,H2 regrasp (stage 2),h2,2,117,0.7077131271362305,0.7063599228858948,0.9355539679527283
h2,H2 regrasp (stage 2),h2,2,118,0.691474974155426,0.6941813230514526,0.9534757137298584
h2,H2 regrasp (stage 2),h2,2,119,0.691474974155426,0.6901217699050903,0.9589065909385681
h2,H2 regrasp (stage 2),h2,2,120,0.6711772680282593,0.6698240637779236,0.9495836496353149
h2,H2 regrasp (stage 2),h2,2,121,0.6576454639434814,0.6562922596931458,0.9755612015724182
h2,H2 regrasp (stage 2),h2,2,122,0.6305818557739258,0.6319350004196167,0.9364590644836426
h2,H2 regrasp (stage 2),h2,2,123,0.6820027232170105,0.6806495189666748,0.9809920191764832
h2,H2 regrasp (stage 2),h2,2,124,0.736129879951477,0.736129879951477,0.9718500971794128
h2,H2 regrasp (stage 2),h2,2,125,0.6373478174209595,0.6387009024620056,0.9244207143783569
h2,H2 regrasp (stage 2),h2,2,126,0.6211096048355103,0.6197564601898193,0.9291274547576904
h2,H2 regrasp (stage 2),h2,2,127,0.6319350600242615,0.6319350004196167,0.965333104133606
h2,H2 regrasp (stage 2),h2,2,128,0.6792963743209839,0.6806495189666748,0.9535662531852722
h2,H2 regrasp (stage 2),h2,2,129,0.6806495189666748,0.6806495189666748,0.961078941822052
h2,H2 regrasp (stage 2),h2,2,130,0.6129905581474304,0.610284149646759,0.9542903900146484
h2,H2 regrasp (stage 2),h2,2,131,0.6400541663169861,0.6400541067123413,0.9502172470092773
h2,H2 regrasp (stage 2),h2,2,132,0.6021650433540344,0.6021650433540344,0.9581824541091919
h2,H2 regrasp (stage 2),h2,2,133,0.7198917865753174,0.7185385227203369,0.9876900911331177
h2,H2 regrasp (stage 2),h2,2,134,0.6359946131706238,0.6346414089202881,0.9791817665100098
h2,H2 regrasp (stage 2),h2,2,135,0.6129905581474304,0.6129904985427856,0.9554670453071594
h2,H2 regrasp (stage 2),h2,2,136,0.7050067782402039,0.7050067782402039,0.9470492601394653
h2,H2 regrasp (stage 2),h2,2,137,0.6441136598587036,0.6441136598587036,0.9714880585670471
h2,H2 regrasp (stage 2),h2,2,138,0.6278755068778992,0.6278755068778992,0.9332910776138306
h2,H2 regrasp (stage 2),h2,2,139,0.7050067782402039,0.7023004293441772,0.9509413242340088
h2,H2 regrasp (stage 2),h2,2,140,0.7266576886177063,0.7266576290130615,0.955919623374939
h2,H2 regrasp (stage 2),h2,2,141,0.6671177744865417,0.667117714881897,0.9628891944885254
h2,H2 regrasp (stage 2),h2,2,142,0.5805142521858215,0.5778078436851501,0.9250543117523193
h2,H2 regrasp (stage 2),h2,2,143,0.6671177744865417,0.6657645106315613,0.9360970258712769
h2,H2 regrasp (stage 2),h2,2,144,0.6468200087547302,0.6468200087547302,0.9623461365699768
h2,H2 regrasp (stage 2),h2,2,145,0.5466846823692322,0.5466846823692322,0.9596307277679443
h2,H2 regrasp (stage 2),h2,2,146,0.6630582213401794,0.661704957485199,0.9690441489219666
h2,H2 regrasp (stage 2),h2,2,147,0.672530472278595,0.672530472278595,0.962255597114563
h2,H2 regrasp (stage 2),h2,2,148,0.641407310962677,0.6400541067123413,0.9561006426811218
h2,H2 regrasp (stage 2),h2,2,149,0.6373478174209595,0.6373477578163147,0.9684105515480042
h2,H2 regrasp (stage 2),h2,2,150,0.5602165460586548,0.5615696907043457,0.9710354804992676
h2,H2 regrasp (stage 2),h2,2,151,0.6238159537315369,0.6238159537315369,0.9292179346084595
h2,H2 regrasp (stage 2),h2,2,152,0.541271984577179,0.541271984577179,0.9598117470741272
h2,H2 regrasp (stage 2),h2,2,153,0.6820027232170105,0.6820027232170105,0.961078941822052
h2,H2 regrasp (stage 2),h2,2,154,0.53450608253479,0.5331529378890991,0.9371832013130188
h2,H2 regrasp (stage 2),h2,2,155,0.686062216758728,0.686062216758728,0.9638848900794983
h2,H2 regrasp (stage 2),h2,2,156,0.6305818557739258,0.6292286515235901,0.9656046628952026
h2,H2 regrasp (stage 2),h2,2,157,0.7009472250938416,0.7009472250938416,0.9586350321769714
h2,H2 regrasp (stage 2),h2,2,158,0.4776725172996521,0.4776725172996521,0.9131969809532166
h2,H2 regrasp (stage 2),h2,2,159,0.696887731552124,0.6982408165931702,0.9544714093208313
h2,H2 regrasp (stage 2),h2,2,160,0.6752368211746216,0.6752368211746216,0.9714880585670471
h2,H2 regrasp (stage 2),h2,2,161,0.6197564601898193,0.6197564601898193,0.9670528769493103
h2,H2 regrasp (stage 2),h2,2,162,0.5209742784500122,0.5209742784500122,0.9258689284324646
h2,H2 regrasp (stage 2),h2,2,163,0.6792963743209839,0.6792963743209839,0.9344677925109863
h2,H2 regrasp (stage 2),h2,2,164,0.6373478174209595,0.6373477578163147,0.922157883644104
h2,H2 regrasp (stage 2),h2,2,165,0.753721296787262,0.7537212371826172,0.962165117263794
h2,H2 regrasp (stage 2),h2,2,166,0.6387009620666504,0.6387009024620056,0.9411658048629761
h2,H2 regrasp (stage 2),h2,2,167,0.6820027232170105,0.6820027232170105,0.9699493050575256
h2,H2 regrasp (stage 2),h2,2,168,0.6603518128395081,0.6603518128395081,0.9542903900146484
h2,H2 regrasp (stage 2),h2,2,169,0.6251691579818726,0.6251691579818726,0.9460535645484924
h2,H2 regrasp (stage 2),h2,2,170,0.6359946131706238,0.6373477578163147,0.9727552533149719
h2,H2 regrasp (stage 2),h2,2,171,0.6508795619010925,0.6481732130050659,0.9262309670448303
h2,H2 regrasp (stage 2),h2,2,172,0.722598135471344,0.7225980758666992,0.9605358242988586
h2,H2 regrasp (stage 2),h2,2,173,0.7158321738243103,0.7158321738243103,0.9244207143783569
h2,H2 regrasp (stage 2),h2,2,174,0.6441136598587036,0.6441136598587036,0.9546524286270142
h2,H2 regrasp (stage 2),h2,2,175,0.6698241233825684,0.6698240637779236,0.9634323120117188
h2,H2 regrasp (stage 2),h2,2,176,0.5818673968315125,0.5818673372268677,0.9385409355163574
h2,H2 regrasp (stage 2),h2,2,177,0.6549391150474548,0.6549391150474548,0.959087610244751
h2,H2 regrasp (stage 2),h2,2,178,0.6143437027931213,0.6143437027931213,0.9551050066947937
h2,H2 regrasp (stage 2),h2,2,179,0.6441136598587036,0.6481732130050659,0.9402607083320618
h2,H2 regrasp (stage 2),h2,2,180,0.6901218295097351,0.6914749145507812,0.9708544611930847
h2,H2 regrasp (stage 2),h2,2,181,0.5169147253036499,0.5169147253036499,0.9646089673042297
h2,H2 regrasp (stage 2),h2,2,182,0.6143437027931213,0.615696907043457,0.9596307277679443
h2,H2 regrasp (stage 2),h2,2,183,0.6508795619010925,0.6508795619010925,0.9188088178634644
h2,H2 regrasp (stage 2),h2,2,184,0.717185378074646,0.717185378074646,0.9864228963851929
h2,H2 regrasp (stage 2),h2,2,185,0.7239513397216797,0.7239512801170349,0.9483164548873901
h2,H2 regrasp (stage 2),h2,2,186,0.615696907043457,0.615696907043457,0.9640659093856812
h2,H2 regrasp (stage 2),h2,2,187,0.6332882642745972,0.6319350004196167,0.953656792640686
h2,H2 regrasp (stage 2),h2,2,188,0.6211096048355103,0.6211096048355103,0.9772809743881226
h2,H2 regrasp (stage 2),h2,2,189,0.7050067782402039,0.7036535739898682,0.9636133313179016
h2,H2 regrasp (stage 2),h2,2,190,0.5953992009162903,0.5953992009162903,0.9605358242988586
h2,H2 regrasp (stage 2),h2,2,191,0.6995940804481506,0.6995940208435059,0.9688631296157837
h2,H2 regrasp (stage 2),h2,2,192,0.4451962113380432,0.4451961815357208,0.9112961888313293
h2,H2 regrasp (stage 2),h2,2,193,0.6075778603553772,0.6075778007507324,0.9098479151725769
h2,H2 regrasp (stage 2),h2,2,194,0.6143437027931213,0.615696907043457,0.9625271558761597
h2,H2 regrasp (stage 2),h2,2,195,0.622462809085846,0.6238159537315369,0.9542903900146484
h2,H2 regrasp (stage 2),h2,2,196,0.6129905581474304,0.6129904985427856,0.9596307277679443
h2,H2 regrasp (stage 2),h2,2,197,0.6332882642745972,0.6332882046699524,0.9340152144432068
h2,H2 regrasp (stage 2),h2,2,198,0.6887686252593994,0.6887685656547546,0.9541998505592346
h2,H2 regrasp (stage 2),h2,2,199,0.6292286515235901,0.6292286515235901,0.945329487323761
h2,H2 regrasp (stage 2),h2,2,200,0.6576454639434814,0.6603518128395081,0.9751991033554077
h2,H2 regrasp (stage 2),h2,2,201,0.4384303390979767,0.4384303390979767,0.950488805770874
h2,H2 regrasp (stage 2),h2,2,202,0.6116373538970947,0.610284149646759,0.9480448961257935
h2,H2 regrasp (stage 2),h2,2,203,0.6332882642745972,0.6332882046699524,0.95709627866745
h2,H2 regrasp (stage 2),h2,2,204,0.49797025322914124,0.49797025322914124,0.961078941822052
h2,H2 regrasp (stage 2),h2,2,205,0.5818673968315125,0.5805141925811768,0.9656951427459717
h2,H2 regrasp (stage 2),h2,2,206,0.6941813826560974,0.6914749145507812,0.9856987595558167
h2,H2 regrasp (stage 2),h2,2,207,0.7050067782402039,0.7050067782402039,0.9266835451126099
h2,H2 regrasp (stage 2),h2,2,208,0.6779431700706482,0.6779431700706482,0.9398986101150513
h2,H2 regrasp (stage 2),h2,2,209,0.5277402400970459,0.5263869762420654,0.9356444478034973
h2,H2 regrasp (stage 2),h2,2,210,0.722598135471344,0.7225980758666992,0.9742034673690796
h2,H2 regrasp (stage 2),h2,2,211,0.7131258249282837,0.7131258249282837,0.9728457927703857
h2,H2 regrasp (stage 2),h2,2,212,0.6752368211746216,0.6738836169242859,0.9495836496353149
h2,H2 regrasp (stage 2),h2,2,213,0.6332882642745972,0.6332882046699524,0.9573678374290466
h2,H2 regrasp (stage 2),h2,2,214,0.5751014947891235,0.5764546394348145,0.9378167986869812
h2,H2 regrasp (stage 2),h2,2,215,0.6535859107971191,0.6549391150474548,0.9569152593612671
h2,H2 regrasp (stage 2),h2,2,216,0.6427605152130127,0.6427605152130127,0.9382693767547607
h2,H2 regrasp (stage 2),h2,2,217,0.6441136598587036,0.6441136598587036,0.968501091003418
h2,H2 regrasp (stage 2),h2,2,218,0.6549391150474548,0.6535859107971191,0.9577299356460571
h2,H2 regrasp (stage 2),h2,2,219,0.5940459966659546,0.5940459966659546,0.9628891944885254
h2,H2 regrasp (stage 2),h2,2,220,0.6874154210090637,0.6874154210090637,0.9333816170692444
h2,H2 regrasp (stage 2),h2,2,221,0.6603518128395081,0.6603518128395081,0.9345582723617554
h2,H2 regrasp (stage 2),h2,2,222,0.7090663313865662,0.7090663313865662,0.9420709609985352
h2,H2 regrasp (stage 2),h2,2,223,0.5899865031242371,0.5899865031242371,0.9486784934997559
h2,H2 regrasp (stage 2),h2,2,224,0.5751014947891235,0.5737482905387878,0.9321144223213196
h2,H2 regrasp (stage 2),h2,2,225,0.6684709191322327,0.6684708595275879,0.9624366164207458
h2,H2 regrasp (stage 2),h2,2,226,0.6603518128395081,0.6576454639434814,0.9632512927055359
h2,H2 regrasp (stage 2),h2,2,227,0.3991881012916565,0.3991881012916565,0.9686821103096008
h2,H2 regrasp (stage 2),h2,2,228,0.5588633418083191,0.5561569333076477,0.8994387984275818
h2,H2 regrasp (stage 2),h2,2,229,0.686062216758728,0.6847090721130371,0.9668718576431274
h2,H2 regrasp (stage 2),h2,2,230,0.7604871392250061,0.7618403434753418,0.9658761620521545
h2,H2 regrasp (stage 2),h2,2,231,0.5588633418083191,0.5588633418083191,0.9652425646781921
h2,H2 regrasp (stage 2),h2,2,232,0.6589986085891724,0.6589986085891724,0.9600832462310791
h2,H2 regrasp (stage 2),h2,2,233,0.665764570236206,0.6684708595275879,0.9713975191116333
h2,H2 regrasp (stage 2),h2,2,234,0.672530472278595,0.672530472278595,0.9509413242340088
h2,H2 regrasp (stage 2),h2,2,235,0.6197564601898193,0.6184032559394836,0.9511224031448364
h2,H2 regrasp (stage 2),h2,2,236,0.6617050170898438,0.661704957485199,0.9471397399902344
h2,H2 regrasp (stage 2),h2,2,237,0.6265223026275635,0.6251691579818726,0.9522990584373474
h2,H2 regrasp (stage 2),h2,2,238,0.5372124314308167,0.5372124314308167,0.9269551038742065
h2,H2 regrasp (stage 2),h2,2,239,0.5331529378890991,0.5331529378890991,0.9397175908088684
h2,H2 regrasp (stage 2),h2,2,240,0.6887686252593994,0.6887685656547546,0.9470492601394653
h2,H2 regrasp (stage 2),h2,2,241,0.6522327661514282,0.6535859107971191,0.9673243761062622
h2,H2 regrasp (stage 2),h2,2,242,0.6671177744865417,0.667117714881897,0.913830578327179
h2,H2 regrasp (stage 2),h2,2,243,0.5060893297195435,0.5074424743652344,0.9400796294212341
h2,H2 regrasp (stage 2),h2,2,244,0.7280108332633972,0.7266576290130615,0.9346488118171692
h2,H2 regrasp (stage 2),h2,2,245,0.5751014947891235,0.5751014947891235,0.9510318636894226
h2,H2 regrasp (stage 2),h2,2,246,0.6468200087547302,0.6454668641090393,0.9132874608039856
h2,H2 regrasp (stage 2),h2,2,247,0.6901218295097351,0.6901217699050903,0.932748019695282
h2,H2 regrasp (stage 2),h2,2,248,0.6684709191322327,0.6684708595275879,0.9588160514831543
h2,H2 regrasp (stage 2),h2,2,249,0.7307171821594238,0.7293640375137329,0.9489500522613525
h2,H2 regrasp (stage 2),h2,2,250,0.6278755068778992,0.6278755068778992,0.945329487323761
h2,H2 regrasp (stage 2),h2,2,251,0.5926928520202637,0.5926928520202637,0.9726647138595581
h2,H2 regrasp (stage 2),h2,2,252,0.6684709191322327,0.6684708595275879,0.9751086235046387
h2,H2 regrasp (stage 2),h2,2,253,0.6874154210090637,0.6874154210090637,0.9612599611282349
h2,H2 regrasp (stage 2),h2,2,254,0.6995940804481506,0.6995940208435059,0.9645184874534607
h2,H2 regrasp (stage 2),h2,2,255,0.6008118987083435,0.6008118987083435,0.9652425646781921
h2,H2 regrasp (stage 2),h2,2,256,0.7185385823249817,0.7185385227203369,0.9481354355812073
h2,H2 regrasp (stage 2),h2,2,257,0.6549391150474548,0.6535859107971191,0.9574583768844604
h2,H2 regrasp (stage 2),h2,2,258,0.6630582213401794,0.661704957485199,0.9412563443183899
h2,H2 regrasp (stage 2),h2,2,259,0.7063599228858948,0.7063599228858948,0.9757422208786011
h2,H2 regrasp (stage 2),h2,2,260,0.6833558678627014,0.6833558678627014,0.9678674936294556
h2,H2 regrasp (stage 2),h2,2,261,0.6671177744865417,0.667117714881897,0.9428855776786804
h2,H2 regrasp (stage 2),h2,2,262,0.7077131271362305,0.7077131271362305,0.9456915259361267
h2,H2 regrasp (stage 2),h2,2,263,0.6332882642745972,0.6292286515235901,0.9603548049926758
h2,H2 regrasp (stage 2),h2,2,264,0.515561580657959,0.5169147253036499,0.9089428186416626
h2,H2 regrasp (stage 2),h2,2,265,0.7063599228858948,0.7063599228858948,0.9313902854919434
h2,H2 regrasp (stage 2),h2,2,266,0.672530472278595,0.672530472278595,0.9618030190467834
h2,H2 regrasp (stage 2),h2,2,267,0.6427605152130127,0.6441136598587036,0.9333816170692444
h2,H2 regrasp (stage 2),h2,2,268,0.5142083764076233,0.5142083764076233,0.9639753699302673
h2,H2 regrasp (stage 2),h2,2,269,0.6711772680282593,0.6698240637779236,0.9885047078132629
h2,H2 regrasp (stage 2),h2,2,270,0.5277402400970459,0.5277401804924011,0.8431390523910522
h2,H2 regrasp (stage 2),h2,2,271,0.4857916235923767,0.4857916235923767,0.9011585712432861
h2,H2 regrasp (stage 2),h2,2,272,0.7320703864097595,0.7307171821594238,0.9476828575134277
h2,H2 regrasp (stage 2),h2,2,273,0.615696907043457,0.6143437027931213,0.9646995067596436
h2,H2 regrasp (stage 2),h2,2,274,0.6887686252593994,0.6901217699050903,0.9335626363754272
h2,H2 regrasp (stage 2),h2,2,275,0.5967523455619812,0.5994586944580078,0.973660409450531
h2,H2 regrasp (stage 2),h2,2,276,0.6711772680282593,0.6738836169242859,0.9708544611930847
h2,H2 regrasp (stage 2),h2,2,277,0.6928281784057617,0.6928281188011169,0.9620745778083801
h2,H2 regrasp (stage 2),h2,2,278,0.5466846823692322,0.5466846823692322,0.9491310715675354
h2,H2 regrasp (stage 2),h2,2,279,0.7239513397216797,0.7239512801170349,0.9625271558761597
h2,H2 regrasp (stage 2),h2,2,280,0.6481732130050659,0.6481732130050659,0.9162744283676147
h2,H2 regrasp (stage 2),h2,2,281,0.6576454639434814,0.6576454639434814,0.9593591690063477
h2,H2 regrasp (stage 2),h2,2,282,0.5548037886619568,0.5548037886619568,0.9505792856216431
h2,H2 regrasp (stage 2),h2,2,283,0.696887731552124,0.6982408165931702,0.9763758182525635
h2,H2 regrasp (stage 2),h2,2,284,0.622462809085846,0.622462809085846,0.9546524286270142
h2,H2 regrasp (stage 2),h2,2,285,0.6495264172554016,0.6468200087547302,0.9083092212677002
h2,H2 regrasp (stage 2),h2,2,286,0.6535859107971191,0.6535859107971191,0.9561911821365356
h2,H2 regrasp (stage 2),h2,2,287,0.5331529378890991,0.5317997336387634,0.9436097145080566
h2o,H2 oracle regrasp (stage 2),h2o,2,0,0.49255749583244324,0.49255749583244324,0.9088522791862488
h2o,H2 oracle regrasp (stage 2),h2o,2,1,0.5723951458930969,0.5723951458930969,0.9533852338790894
h2o,H2 oracle regrasp (stage 2),h2o,2,2,0.9133964776992798,0.9079837203025818,0.9979181885719299
h2o,H2 oracle regrasp (stage 2),h2o,2,3,0.5087956786155701,0.5087956786155701,0.7694605588912964
h2o,H2 oracle regrasp (stage 2),h2o,2,4,0.6359946131706238,0.6387009024620056,0.9618935585021973
h2o,H2 oracle regrasp (stage 2),h2o,2,5,0.6792963743209839,0.6806495189666748,0.9841600060462952
h2o,H2 oracle regrasp (stage 2),h2o,2,6,0.4803788661956787,0.4790257215499878,0.9322049021720886
h2o,H2 oracle regrasp (stage 2),h2o,2,7,0.34100136160850525,0.34100136160850525,0.8036748766899109
h2o,H2 oracle regrasp (stage 2),h2o,2,8,0.6820027232170105,0.6820027232170105,0.9589065909385681
h2o,H2 oracle regrasp (stage 2),h2o,2,9,0.6711772680282593,0.667117714881897,0.9886857271194458
h2o,H2 oracle regrasp (stage 2),h2o,2,10,0.7239513397216797,0.7225980758666992,0.9723932147026062
h2o,H2 oracle regrasp (stage 2),h2o,2,11,0.7198917865753174,0.7212448716163635,0.9664192795753479
h2o,H2 oracle regrasp (stage 2),h2o,2,12,0.6792963743209839,0.6792963743209839,0.966238260269165
h2o,H2 oracle regrasp (stage 2),h2o,2,13,0.5480378866195679,0.5480378866195679,0.9645184874534607
h2o,H2 oracle regrasp (stage 2),h2o,2,14,0.949932336807251,0.9485790729522705,1.0
h2o,H2 oracle regrasp (stage 2),h2o,2,15,0.6346414089202881,0.6346414089202881,0.9581824541091919
h2o,H2 oracle regrasp (stage 2),h2o,2,16,0.6589986085891724,0.6589986085891724,0.9556480646133423
h2o,H2 oracle regrasp (stage 2),h2o,2,17,0.4803788661956787,0.4817320704460144,0.9623461365699768
h2o,H2 oracle regrasp (stage 2),h2o,2,18,0.9594046473503113,0.9566982388496399,0.9961984157562256
h2o,H2 oracle regrasp (stage 2),h2o,2,19,0.7009472250938416,0.7023004293441772,0.9738414287567139
h2o,H2 oracle regrasp (stage 2),h2o,2,20,0.6197564601898193,0.6197564601898193,0.9399891495704651
h2o,H2 oracle regrasp (stage 2),h2o,2,21,0.4046008288860321,0.4032476246356964,0.9308472275733948
h2o,H2 oracle regrasp (stage 2),h2o,2,22,0.49797025322914124,0.49526384472846985,0.8370745778083801
h2o,H2 oracle regrasp (stage 2),h2o,2,23,1.06901216506958,1.0717185735702515,0.9998189806938171
h2o,H2 oracle regrasp (stage 2),h2o,2,24,0.3991881012916565,0.3991881012916565,0.865586519241333
h2o,H2 oracle regrasp (stage 2),h2o,2,25,0.5263870358467102,0.5263869762420654,0.9367306232452393
h2o,H2 oracle regrasp (stage 2),h2o,2,26,0.6495264172554016,0.6495264172554016,0.901339590549469
h2o,H2 oracle regrasp (stage 2),h2o,2,27,0.4817320704460144,0.4803788661956787,0.9082186818122864
h2o,H2 oracle regrasp (stage 2),h2o,2,28,0.7861976027488708,0.7889039516448975,0.9345582723617554
h2o,H2 oracle regrasp (stage 2),h2o,2,29,0.6184032559394836,0.617050051689148,0.9530231952667236
h2o,H2 oracle regrasp (stage 2),h2o,2,30,0.4830852746963501,0.4830852746963501,0.9549239873886108
h2o,H2 oracle regrasp (stage 2),h2o,2,31,0.641407310962677,0.6441136598587036,0.9739319086074829
h2o,H2 oracle regrasp (stage 2),h2o,2,32,0.5250338315963745,0.5236806273460388,0.9335626363754272
h2o,H2 oracle regrasp (stage 2),h2o,2,33,0.46278753876686096,0.46143436431884766,0.9414373636245728
h2o,H2 oracle regrasp (stage 2),h2o,2,34,0.3937753736972809,0.3937753736972809,0.8356263637542725
h2o,H2 oracle regrasp (stage 2),h2o,2,35,0.46820029616355896,0.46820029616355896,0.8406046628952026
h2o,H2 oracle regrasp (stage 2),h2o,2,36,0.6630582213401794,0.661704957485199,0.9644279479980469
h2o,H2 oracle regrasp (stage 2),h2o,2,37,0.47090664505958557,0.47090664505958557,0.9220673441886902
h2o,H2 oracle regrasp (stage 2),h2o,2,38,0.6779431700706482,0.6765899658203125,0.9828928112983704
h2o,H2 oracle regrasp (stage 2),h2o,2,39,0.6820027232170105,0.6820027232170105,0.9615315198898315
h2o,H2 oracle regrasp (stage 2),h2o,2,40,0.7212449312210083,0.7212448716163635,0.9689536690711975
h2o,H2 oracle regrasp (stage 2),h2o,2,41,0.45196211338043213,0.45196211338043213,0.9580919742584229
h2o,H2 oracle regrasp (stage 2),h2o,2,42,0.6941813826560974,0.6941813230514526,0.9833453893661499
h2o,H2 oracle regrasp (stage 2),h2o,2,43,0.7144790291786194,0.7158321738243103,0.9744750261306763
h2o,H2 oracle regrasp (stage 2),h2o,2,44,0.6576454639434814,0.6589986085891724,0.9688631296157837
h2o,H2 oracle regrasp (stage 2),h2o,2,45,0.6698241233825684,0.6698240637779236,0.9753801822662354
h2o,H2 oracle regrasp (stage 2),h2o,2,46,0.691474974155426,0.6914749145507812,0.958001434803009
h2o,H2 oracle regrasp (stage 2),h2o,2,47,0.6549391150474548,0.6535859107971191,0.9587255716323853
h2o,H2 oracle regrasp (stage 2),h2o,2,48,0.7131258249282837,0.7131258249282837,0.9775524735450745
h2o,H2 oracle regrasp (stage 2),h2o,2,49,0.968876838684082,0.968876838684082,0.9998189806938171
h2o,H2 oracle regrasp (stage 2),h2o,2,50,0.4032476544380188,0.4032476246356964,0.8943700194358826
h2o,H2 oracle regrasp (stage 2),h2o,2,51,0.6468200087547302,0.6468200087547302,0.912744402885437
h2o,H2 oracle regrasp (stage 2),h2o,2,52,0.46143439412117004,0.46414074301719666,0.8901158571243286
h2o,H2 oracle regrasp (stage 2),h2o,2,53,0.5737482905387878,0.5778078436851501,0.9758327007293701
h2o,H2 oracle regrasp (stage 2),h2o,2,54,0.38159674406051636,0.38430312275886536,0.932748019695282
h2o,H2 oracle regrasp (stage 2),h2o,2,55,0.46414074301719666,0.46414074301719666,0.9354634284973145
h2o,H2 oracle regrasp (stage 2),h2o,2,56,0.686062216758728,0.686062216758728,0.9773714542388916
h2o,H2 oracle regrasp (stage 2),h2o,2,57,0.4884980022907257,0.4871447682380676,0.9317523241043091
h2o,H2 oracle regrasp (stage 2),h2o,2,58,0.4059540033340454,0.4018944501876831,0.7734431624412537
h2o,H2 oracle regrasp (stage 2),h2o,2,59,0.6765899658203125,0.6765899658203125,0.9732078313827515
h2o,H2 oracle regrasp (stage 2),h2o,2,60,0.5128552317619324,0.5128552317619324,0.9208906292915344
h2o,H2 oracle regrasp (stage 2),h2o,2,61,0.7077131271362305,0.7077131271362305,0.9534757137298584
h2o,H2 oracle regrasp (stage 2),h2o,2,62,0.6698241233825684,0.6711772680282593,0.977914571762085
h2o,H2 oracle regrasp (stage 2),h2o,2,63,0.47361302375793457,0.4736129939556122,0.9455105066299438
h2o,H2 oracle regrasp (stage 2),h2o,2,64,0.47090664505958557,0.4695534408092499,0.8417813181877136
h2o,H2 oracle regrasp (stage 2),h2o,2,65,0.6535859107971191,0.6562922596931458,0.984250545501709
h2o,H2 oracle regrasp (stage 2),h2o,2,66,0.3707713186740875,0.3707713186740875,0.8896632790565491
h2o,H2 oracle regrasp (stage 2),h2o,2,67,0.6711772680282593,0.6738836169242859,0.9439717531204224
h2o,H2 oracle regrasp (stage 2),h2o,2,68,0.7023004293441772,0.7023004293441772,0.9635227918624878
h2o,H2 oracle regrasp (stage 2),h2o,2,69,0.6427605152130127,0.641407310962677,0.9246922731399536
h2o,H2 oracle regrasp (stage 2),h2o,2,70,0.4343707859516144,0.434370756149292,0.9230629801750183
h2o,H2 oracle regrasp (stage 2),h2o,2,71,0.46143439412117004,0.46143436431884766,0.9643374085426331
h2o,H2 oracle regrasp (stage 2),h2o,2,72,0.37212449312210083,0.37212449312210083,0.8157132267951965
h2o,H2 oracle regrasp (stage 2),h2o,2,73,0.9161028861999512,0.9174560308456421,0.993664026260376
h2o,H2 oracle regrasp (stage 2),h2o,2,74,0.6265223026275635,0.6251691579818726,0.942161500453949
h2o,H2 oracle regrasp (stage 2),h2o,2,75,0.6847090721130371,0.6847090721130371,0.9840695261955261
h2o,H2 oracle regrasp (stage 2),h2o,2,76,0.6738836169242859,0.6711772680282593,0.9876900911331177
h2o,H2 oracle regrasp (stage 2),h2o,2,77,0.5074424743652344,0.5060893297195435,0.9154598116874695
h2o,H2 oracle regrasp (stage 2),h2o,2,78,0.6901218295097351,0.6901217699050903,0.9572773575782776
h2o,H2 oracle regrasp (stage 2),h2o,2,79,0.6305818557739258,0.6292286515235901,0.924511194229126
h2o,H2 oracle regrasp (stage 2),h2o,2,80,0.6319350600242615,0.6305818557739258,0.9538378119468689
h2o,H2 oracle regrasp (stage 2),h2o,2,81,0.46143439412117004,0.46278753876686096,0.9103910326957703
h2o,H2 oracle regrasp (stage 2),h2o,2,82,0.672530472278595,0.672530472278595,0.9679579734802246
h2o,H2 oracle regrasp (stage 2),h2o,2,83,0.4695534408092499,0.47090664505958557,0.941075325012207
h2o,H2 oracle regrasp (stage 2),h2o,2,84,0.6400541663169861,0.6400541067123413,0.961078941822052
h2o,H2 oracle regrasp (stage 2),h2o,2,85,0.53450608253479,0.5304465889930725,0.9643374085426331
h2o,H2 oracle regrasp (stage 2),h2o,2,86,0.47361302375793457,0.4763193428516388,0.9380883574485779
h2o,H2 oracle regrasp (stage 2),h2o,2,87,0.437077134847641,0.4384303390979767,0.918175220489502
h2o,H2 oracle regrasp (stage 2),h2o,2,88,0.7158321738243103,0.7158321738243103,0.974837064743042
h2o,H2 oracle regrasp (stage 2),h2o,2,89,1.0974289178848267,1.0974289178848267,1.0
h2o,H2 oracle regrasp (stage 2),h2o,2,90,0.6278755068778992,0.6265223026275635,0.9715785384178162
h2o,H2 oracle regrasp (stage 2),h2o,2,91,0.6887686252593994,0.6901217699050903,0.9759232401847839
h2o,H2 oracle regrasp (stage 2),h2o,2,92,0.6671177744865417,0.6657645106315613,0.9774619936943054
h2o,H2 oracle regrasp (stage 2),h2o,2,93,0.46820029616355896,0.46820029616355896,0.91790372133255
h2o,H2 oracle regrasp (stage 2),h2o,2,94,0.7158321738243103,0.7131258249282837,0.9901339411735535
h2o,H2 oracle regrasp (stage 2),h2o,2,95,0.4776725172996521,0.4790257215499878,0.9702208638191223
h2o,H2 oracle regrasp (stage 2),h2o,2,96,0.6711772680282593,0.672530472278595,0.98624187707901
h2o,H2 oracle regrasp (stage 2),h2o,2,97,0.691474974155426,0.6901217699050903,0.9715785384178162
h2o,H2 oracle regrasp (stage 2),h2o,2,98,0.4722598195075989,0.4722597897052765,0.9330195784568787
h2o,H2 oracle regrasp (stage 2),h2o,2,99,0.6576454639434814,0.6576454639434814,0.9783671498298645
h2o,H2 oracle regrasp (stage 2),h2o,2,100,0.6387009620666504,0.6387009024620056,0.948497474193573
h2o,H2 oracle regrasp (stage 2),h2o,2,101,0.7104194760322571,0.7104194760322571,0.9718500971794128
h2o,H2 oracle regrasp (stage 2),h2o,2,102,0.6508795619010925,0.6481732130050659,0.9489500522613525
h2o,H2 oracle regrasp (stage 2),h2o,2,103,1.0054126977920532,1.0054126977920532,0.9998189806938171
h2o,H2 oracle regrasp (stage 2),h2o,2,104,0.4776725172996521,0.4790257215499878,0.9073135256767273
h2o,H2 oracle regrasp (stage 2),h2o,2,105,0.4763193726539612,0.4763193428516388,0.948497474193573
h2o,H2 oracle regrasp (stage 2),h2o,2,106,0.6468200087547302,0.6454668641090393,0.9637038111686707
h2o,H2 oracle regrasp (stage 2),h2o,2,107,0.38700947165489197,0.3883626461029053,0.9394460320472717
h2o,H2 oracle regrasp (stage 2),h2o,2,108,0.6901218295097351,0.6887685656547546,0.9235155582427979
h2o,H2 oracle regrasp (stage 2),h2o,2,109,1.008118987083435,1.0054126977920532,0.9976466298103333
h2o,H2 oracle regrasp (stage 2),h2o,2,110,0.7374830842018127,0.7374830842018127,0.970582902431488
h2o,H2 oracle regrasp (stage 2),h2o,2,111,0.9824087023735046,0.9810554385185242,0.9997284412384033
h2o,H2 oracle regrasp (stage 2),h2o,2,112,0.7077131271362305,0.7090663313865662,0.9802679419517517
h2o,H2 oracle regrasp (stage 2),h2o,2,113,1.0649526119232178,1.0622462034225464,0.9993664026260376
h2o,H2 oracle regrasp (stage 2),h2o,2,114,0.4803788661956787,0.4803788661956787,0.7602280974388123
h2o,H2 oracle regrasp (stage 2),h2o,2,115,0.4073071777820587,0.4073071777820587,0.9550144672393799
h2o,H2 oracle regrasp (stage 2),h2o,2,116,0.6427605152130127,0.6427605152130127,0.9759232401847839
h2o,H2 oracle regrasp (stage 2),h2o,2,117,0.6671177744865417,0.667117714881897,0.9872375130653381
h2o,H2 oracle regrasp (stage 2),h2o,2,118,0.4451962113380432,0.4451961815357208,0.896994948387146
h2o,H2 oracle regrasp (stage 2),h2o,2,119,0.38430312275886536,0.38024356961250305,0.8451303243637085
h2o,H2 oracle regrasp (stage 2),h2o,2,120,0.6928281784057617,0.6928281188011169,0.9845221042633057
h2o,H2 oracle regrasp (stage 2),h2o,2,121,0.6779431700706482,0.6779431700706482,0.976828396320343
h2o,H2 oracle regrasp (stage 2),h2o,2,122,0.6671177744865417,0.667117714881897,0.9665097594261169
h2o,H2 oracle regrasp (stage 2),h2o,2,123,0.6630582213401794,0.6630581617355347,0.970492422580719
h2o,H2 oracle regrasp (stage 2),h2o,2,124,0.696887731552124,0.6968876719474792,0.9847031235694885
h2o,H2 oracle regrasp (stage 2),h2o,2,125,0.5426251888275146,0.5439783334732056,0.9389934539794922
h2o,H2 oracle regrasp (stage 2),h2o,2,126,0.6265223026275635,0.6278755068778992,0.9538378119468689
h2o,H2 oracle regrasp (stage 2),h2o,2,127,0.7050067782402039,0.7050067782402039,0.9740224480628967
h2o,H2 oracle regrasp (stage 2),h2o,2,128,1.082543969154358,1.082543969154358,0.9991853833198547
h2o,H2 oracle regrasp (stage 2),h2o,2,129,0.49797025322914124,0.49797025322914124,0.8736422657966614
h2o,H2 oracle regrasp (stage 2),h2o,2,130,0.641407310962677,0.641407310962677,0.952751636505127
h2o,H2 oracle regrasp (stage 2),h2o,2,131,0.4817320704460144,0.4830852746963501,0.9175416231155396
h2o,H2 oracle regrasp (stage 2),h2o,2,132,0.4695534408092499,0.4695534408092499,0.9003439545631409
h2o,H2 oracle regrasp (stage 2),h2o,2,133,0.6251691579818726,0.6251691579818726,0.9315713047981262
h2o,H2 oracle regrasp (stage 2),h2o,2,134,0.5074424743652344,0.5087956786155701,0.9562816619873047
h2o,H2 oracle regrasp (stage 2),h2o,2,135,0.6535859107971191,0.6535859107971191,0.9409847855567932
h2o,H2 oracle regrasp (stage 2),h2o,2,136,0.3924221992492676,0.3924221992492676,0.8954561948776245
h2o,H2 oracle regrasp (stage 2),h2o,2,137,0.46143439412117004,0.46008116006851196,0.9660571813583374
h2o,H2 oracle regrasp (stage 2),h2o,2,138,0.46008118987083435,0.46008116006851196,0.8215966820716858
h2o,H2 oracle regrasp (stage 2),h2o,2,139,0.6684709191322327,0.667117714881897,0.9620745778083801
h2o,H2 oracle regrasp (stage 2),h2o,2,140,0.7158321738243103,0.7158321738243103,0.9338341951370239
h2o,H2 oracle regrasp (stage 2),h2o,2,141,0.6887686252593994,0.6887685656547546,0.9892288446426392
h2o,H2 oracle regrasp (stage 2),h2o,2,142,0.38700947165489197,0.38700947165489197,0.9465966820716858
h2o,H2 oracle regrasp (stage 2),h2o,2,143,0.46820029616355896,0.4695534408092499,0.8492034673690796
h2o,H2 oracle regrasp (stage 2),h2o,2,144,0.7090663313865662,0.7104194760322571,0.9865133762359619
h2o,H2 oracle regrasp (stage 2),h2o,2,145,0.3707713186740875,0.37212449312210083,0.9176321625709534
h2o,H2 oracle regrasp (stage 2),h2o,2,146,0.6508795619010925,0.6508795619010925,0.9544714093208313
h2o,H2 oracle regrasp (stage 2),h2o,2,147,0.45060890913009644,0.45196211338043213,0.895003616809845
h2o,H2 oracle regrasp (stage 2),h2o,2,148,0.6603518128395081,0.6603518128395081,0.9763758182525635
h2o,H2 oracle regrasp (stage 2),h2o,2,149,0.5074424743652344,0.5074424743652344,0.8915640711784363
h2o,H2 oracle regrasp (stage 2),h2o,2,150,0.9648173451423645,0.9621109366416931,0.9945691823959351
h2o,H2 oracle regrasp (stage 2),h2o,2,151,0.6075778603553772,0.6089309453964233,0.9008870124816895
h2o,H2 oracle regrasp (stage 2),h2o,2,152,0.7253044843673706,0.7253044247627258,0.979996383190155
h2o,H2 oracle regrasp (stage 2),h2o,2,153,0.49797025322914124,0.49797025322914124,0.9847031235694885
h2o,H2 oracle regrasp (stage 2),h2o,2,154,0.4912043511867523,0.49120432138442993,0.9126538634300232
h2o,H2 oracle regrasp (stage 2),h2o,2,155,0.6359946131706238,0.635994553565979,0.9643374085426331
h2o,H2 oracle regrasp (stage 2),h2o,2,156,0.6278755068778992,0.6278755068778992,0.9503077268600464
h2o,H2 oracle regrasp (stage 2),h2o,2,157,0.6806495189666748,0.6792963743209839,0.9541093707084656
h2o,H2 oracle regrasp (stage 2),h2o,2,158,0.5669823884963989,0.565629243850708,0.9776430130004883
h2o,H2 oracle regrasp (stage 2),h2o,2,159,0.8579161167144775,0.8579161167144775,0.9943881034851074
h2o,H2 oracle regrasp (stage 2),h2o,2,160,0.665764570236206,0.6630581617355347,0.981082558631897
h2o,H2 oracle regrasp (stage 2),h2o,2,161,0.4465494155883789,0.4465493857860565,0.8980811238288879
h2o,H2 oracle regrasp (stage 2),h2o,2,162,0.6765899658203125,0.6779431700706482,0.9361875653266907
h2o,H2 oracle regrasp (stage 2),h2o,2,163,0.6901218295097351,0.6901217699050903,0.9818971753120422
h2o,H2 oracle regrasp (stage 2),h2o,2,164,0.5263870358467102,0.5263869762420654,0.8954561948776245
h2o,H2 oracle regrasp (stage 2),h2o,2,165,0.4005412757396698,0.4018944501876831,0.9103910326957703
h2o,H2 oracle regrasp (stage 2),h2o,2,166,0.5209742784500122,0.5236806273460388,0.9535662531852722
h2o,H2 oracle regrasp (stage 2),h2o,2,167,0.7253044843673706,0.7239512801170349,0.9626176953315735
h2o,H2 oracle regrasp (stage 2),h2o,2,168,0.5006766319274902,0.5006765723228455,0.801502525806427
h2o,H2 oracle regrasp (stage 2),h2o,2,169,0.6711772680282593,0.6711772680282593,0.9754706621170044
h2o,H2 oracle regrasp (stage 2),h2o,2,170,0.6129905581474304,0.6129904985427856,0.954833447933197
h2o,H2 oracle regrasp (stage 2),h2o,2,171,0.7050067782402039,0.7036535739898682,0.9577299356460571
h2o,H2 oracle regrasp (stage 2),h2o,2,172,0.437077134847641,0.437077134847641,0.8870383501052856
h2o,H2 oracle regrasp (stage 2),h2o,2,173,0.6603518128395081,0.6576454639434814,0.9635227918624878
h2o,H2 oracle regrasp (stage 2),h2o,2,174,0.3599458932876587,0.3599458634853363,0.8713794350624084
h2o,H2 oracle regrasp (stage 2),h2o,2,175,0.5845737457275391,0.5832205414772034,0.9539282917976379
h2o,H2 oracle regrasp (stage 2),h2o,2,176,0.6738836169242859,0.672530472278595,0.9658761620521545
h2o,H2 oracle regrasp (stage 2),h2o,2,177,0.6928281784057617,0.6941813230514526,0.98624187707901
h2o,H2 oracle regrasp (stage 2),h2o,2,178,0.6035182476043701,0.6048714518547058,0.9770999550819397
h2o,H2 oracle regrasp (stage 2),h2o,2,179,0.5791610479354858,0.5805141925811768,0.9550144672393799
h2o,H2 oracle regrasp (stage 2),h2o,2,180,0.6522327661514282,0.6522327661514282,0.9678674936294556
h2o,H2 oracle regrasp (stage 2),h2o,2,181,0.3707713186740875,0.37212449312210083,0.9047791361808777
h2o,H2 oracle regrasp (stage 2),h2o,2,182,0.641407310962677,0.641407310962677,0.9008870124816895
h2o,H2 oracle regrasp (stage 2),h2o,2,183,0.981055498123169,0.9810554385185242,0.9993664026260376
h2o,H2 oracle regrasp (stage 2),h2o,2,184,0.37212449312210083,0.37212449312210083,0.9249637722969055
h2o,H2 oracle regrasp (stage 2),h2o,2,185,0.6292286515235901,0.6265223026275635,0.967414915561676
h2o,H2 oracle regrasp (stage 2),h2o,2,186,0.6752368211746216,0.6752368211746216,0.9597212076187134
h2o,H2 oracle regrasp (stage 2),h2o,2,187,0.6048714518547058,0.6035182476043701,0.9726647138595581
h2o,H2 oracle regrasp (stage 2),h2o,2,188,0.6779431700706482,0.6779431700706482,0.9749276041984558
h2o,H2 oracle regrasp (stage 2),h2o,2,189,0.6278755068778992,0.6265223026275635,0.951665461063385
h2o,H2 oracle regrasp (stage 2),h2o,2,190,0.49661704897880554,0.49797025322914124,0.9698588252067566
h2o,H2 oracle regrasp (stage 2),h2o,2,191,0.6319350600242615,0.6292286515235901,0.9651520848274231
h2o,H2 oracle regrasp (stage 2),h2o,2,192,0.6562922596931458,0.6549391150474548,0.9775524735450745
h2o,H2 oracle regrasp (stage 2),h2o,2,193,0.7401894330978394,0.7388362884521484,0.9675959348678589
h2o,H2 oracle regrasp (stage 2),h2o,2,194,0.5020297765731812,0.5020297765731812,0.9178131818771362
h2o,H2 oracle regrasp (stage 2),h2o,2,195,0.6522327661514282,0.6522327661514282,0.9687726497650146
h2o,H2 oracle regrasp (stage 2),h2o,2,196,0.6535859107971191,0.6549391150474548,0.9538378119468689
h2o,H2 oracle regrasp (stage 2),h2o,2,197,1.0676590204238892,1.0663058757781982,0.9997284412384033
h2o,H2 oracle regrasp (stage 2),h2o,2,198,0.9485791325569153,0.9499322772026062,0.9998189806938171
h2o,H2 oracle regrasp (stage 2),h2o,2,199,0.6644114255905151,0.6644113659858704,0.9805394411087036
h2o,H2 oracle regrasp (stage 2),h2o,2,200,0.6901218295097351,0.6901217699050903,0.9837074875831604
h2o,H2 oracle regrasp (stage 2),h2o,2,201,0.6535859107971191,0.6549391150474548,0.9837979674339294
h2o,H2 oracle regrasp (stage 2),h2o,2,202,0.6305818557739258,0.6319350004196167,0.9522990584373474
h2o,H2 oracle regrasp (stage 2),h2o,2,203,0.665764570236206,0.6630581617355347,0.9607168436050415
h2o,H2 oracle regrasp (stage 2),h2o,2,204,0.6251691579818726,0.6251691579818726,0.9310282468795776
h2o,H2 oracle regrasp (stage 2),h2o,2,205,0.4830852746963501,0.4830852746963501,0.9787291884422302
h2o,H2 oracle regrasp (stage 2),h2o,2,206,0.6779431700706482,0.6779431700706482,0.9691346883773804
h2o,H2 oracle regrasp (stage 2),h2o,2,207,0.4763193726539612,0.4763193428516388,0.9389934539794922
h2o,H2 oracle regrasp (stage 2),h2o,2,208,0.3667117655277252,0.3667117655277252,0.8979905843734741
h2o,H2 oracle regrasp (stage 2),h2o,2,209,0.4776725172996521,0.4776725172996521,0.766835629940033
h2o,H2 oracle regrasp (stage 2),h2o,2,210,0.5060893297195435,0.5047361254692078,0.9633417725563049
h2o,H2 oracle regrasp (stage 2),h2o,2,211,0.4533153176307678,0.45466846227645874,0.9269551038742065
h2o,H2 oracle regrasp (stage 2),h2o,2,212,0.38430312275886536,0.38430312275886536,0.9015206098556519
h2o,H2 oracle regrasp (stage 2),h2o,2,213,0.6400541663169861,0.6400541067123413,0.951665461063385
h2o,H2 oracle regrasp (stage 2),h2o,2,214,1.0933693647384644,1.0947226285934448,1.0
h2o,H2 oracle regrasp (stage 2),h2o,2,215,0.6265223026275635,0.6265223026275635,0.9660571813583374
h2o,H2 oracle regrasp (stage 2),h2o,2,216,0.49932342767715454,0.49797025322914124,0.8861332535743713
h2o,H2 oracle regrasp (stage 2),h2o,2,217,0.6400541663169861,0.6400541067123413,0.91790372133255
h2o,H2 oracle regrasp (stage 2),h2o,2,218,0.7077131271362305,0.7090663313865662,0.9708544611930847
h2o,H2 oracle regrasp (stage 2),h2o,2,219,0.717185378074646,0.7185385227203369,0.9866039156913757
h2o,H2 oracle regrasp (stage 2),h2o,2,220,0.3640054166316986,0.3640054166316986,0.7712708115577698
h2o,H2 oracle regrasp (stage 2),h2o,2,221,0.49797025322914124,0.49661704897880554,0.8517378568649292
h2o,H2 oracle regrasp (stage 2),h2o,2,222,0.4776725172996521,0.4776725172996521,0.9332005977630615
h2o,H2 oracle regrasp (stage 2),h2o,2,223,0.9174560904502869,0.9174560308456421,0.9992758631706238
h2o,H2 oracle regrasp (stage 2),h2o,2,224,0.5060893297195435,0.5060893297195435,0.9663287401199341
h2o,H2 oracle regrasp (stage 2),h2o,2,225,0.46143439412117004,0.46143436431884766,0.9715785384178162
h2o,H2 oracle regrasp (stage 2),h2o,2,226,0.5263870358467102,0.5263869762420654,0.9376357793807983
h2o,H2 oracle regrasp (stage 2),h2o,2,227,0.7050067782402039,0.7050067782402039,0.970492422580719
h2o,H2 oracle regrasp (stage 2),h2o,2,228,0.6765899658203125,0.6765899658203125,0.9723932147026062
h2o,H2 oracle regrasp (stage 2),h2o,2,229,0.5223274827003479,0.5250337719917297,0.857259213924408
h2o,H2 oracle regrasp (stage 2),h2o,2,230,0.6427605152130127,0.6427605152130127,0.9663287401199341
h2o,H2 oracle regrasp (stage 2),h2o,2,231,0.6332882642745972,0.6332882046699524,0.9666002988815308
h2o,H2 oracle regrasp (stage 2),h2o,2,232,0.672530472278595,0.6711772680282593,0.9865133762359619
h2o,H2 oracle regrasp (stage 2),h2o,2,233,0.741542637348175,0.741542637348175,0.9680485129356384
h2o,H2 oracle regrasp (stage 2),h2o,2,234,0.5020297765731812,0.5006765723228455,0.8295618891716003
h2o,H2 oracle regrasp (stage 2),h2o,2,235,0.7198917865753174,0.717185378074646,0.9627081751823425
h2o,H2 oracle regrasp (stage 2),h2o,2,236,0.4330175817012787,0.434370756149292,0.8315532207489014
h2o,H2 oracle regrasp (stage 2),h2o,2,237,1.0433018207550049,1.0446548461914062,0.9973750710487366
h2o,H2 oracle regrasp (stage 2),h2o,2,238,0.7388362884521484,0.7401894330978394,0.9753801822662354
h2o,H2 oracle regrasp (stage 2),h2o,2,239,0.33694180846214294,0.33694180846214294,0.8765387535095215
h2o,H2 oracle regrasp (stage 2),h2o,2,240,0.3964817225933075,0.3964817225933075,0.908761739730835
h2o,H2 oracle regrasp (stage 2),h2o,2,241,1.0419485569000244,1.0405954122543335,0.9972845911979675
h2o,H2 oracle regrasp (stage 2),h2o,2,242,0.6292286515235901,0.6265223026275635,0.9506698250770569
h2o,H2 oracle regrasp (stage 2),h2o,2,243,0.6874154210090637,0.6887685656547546,0.9612599611282349
h2o,H2 oracle regrasp (stage 2),h2o,2,244,0.4722598195075989,0.47090664505958557,0.9185373187065125
h2o,H2 oracle regrasp (stage 2),h2o,2,245,0.7212449312210083,0.7185385227203369,0.9961078763008118
h2o,H2 oracle regrasp (stage 2),h2o,2,246,0.46414074301719666,0.4654938876628876,0.909576416015625
h2o,H2 oracle regrasp (stage 2),h2o,2,247,0.6671177744865417,0.6684708595275879,0.9695872664451599
h2o,H2 oracle regrasp (stage 2),h2o,2,248,0.6779431700706482,0.6779431700706482,0.9601737856864929
h2o,H2 oracle regrasp (stage 2),h2o,2,249,0.510148823261261,0.510148823261261,0.8632331490516663
h2o,H2 oracle regrasp (stage 2),h2o,2,250,0.6847090721130371,0.6847090721130371,0.9802679419517517
h2o,H2 oracle regrasp (stage 2),h2o,2,251,0.665764570236206,0.6644113659858704,0.9802679419517517
h2o,H2 oracle regrasp (stage 2),h2o,2,252,0.6535859107971191,0.6535859107971191,0.9739319086074829
h2o,H2 oracle regrasp (stage 2),h2o,2,253,0.46278753876686096,0.46414074301719666,0.8933743834495544
h2o,H2 oracle regrasp (stage 2),h2o,2,254,0.8633288741111755,0.8606224060058594,0.9993664026260376
h2o,H2 oracle regrasp (stage 2),h2o,2,255,0.6278755068778992,0.6278755068778992,0.9637943506240845
h2o,H2 oracle regrasp (stage 2),h2o,2,256,0.5953992009162903,0.5967523455619812,0.9355539679527283
h2o,H2 oracle regrasp (stage 2),h2o,2,257,0.6833558678627014,0.6833558678627014,0.9751991033554077
h2o,H2 oracle regrasp (stage 2),h2o,2,258,0.686062216758728,0.6847090721130371,0.9790007472038269
h2o,H2 oracle regrasp (stage 2),h2o,2,259,0.6400541663169861,0.6400541067123413,0.9627987146377563
h2o,H2 oracle regrasp (stage 2),h2o,2,260,0.6806495189666748,0.6820027232170105,0.9740224480628967
h2o,H2 oracle regrasp (stage 2),h2o,2,261,0.4411366879940033,0.4411366879940033,0.8972664475440979
h2o,H2 oracle regrasp (stage 2),h2o,2,262,0.7280108332633972,0.7293640375137329,0.9878711104393005
h2o,H2 oracle regrasp (stage 2),h2o,2,263,0.6792963743209839,0.6806495189666748,0.9505792856216431
h2o,H2 oracle regrasp (stage 2),h2o,2,264,0.6021650433540344,0.6021650433540344,0.9427950978279114
h2o,H2 oracle regrasp (stage 2),h2o,2,265,0.6400541663169861,0.6400541067123413,0.9557386040687561
h2o,H2 oracle regrasp (stage 2),h2o,2,266,0.6779431700706482,0.6752368211746216,0.9745655059814453
h2o,H2 oracle regrasp (stage 2),h2o,2,267,0.49255749583244324,0.49255749583244324,0.9150072336196899
h2o,H2 oracle regrasp (stage 2),h2o,2,268,0.6928281784057617,0.6928281188011169,0.979091227054596
h2o,H2 oracle regrasp (stage 2),h2o,2,269,0.7334235310554504,0.7334235310554504,0.9618935585021973
h2o,H2 oracle regrasp (stage 2),h2o,2,270,0.6833558678627014,0.6833558678627014,0.9774619936943054
h2o,H2 oracle regrasp (stage 2),h2o,2,271,0.48714479804039,0.4857916235923767,0.9083092212677002
h2o,H2 oracle regrasp (stage 2),h2o,2,272,1.1014885902404785,1.0987820625305176,0.9995474219322205
h2o,H2 oracle regrasp (stage 2),h2o,2,273,0.6116373538970947,0.610284149646759,0.9340152144432068
h2o,H2 oracle regrasp (stage 2),h2o,2,274,0.4749661684036255,0.4763193428516388,0.8744569420814514
h2o,H2 oracle regrasp (stage 2),h2o,2,275,0.6278755068778992,0.6305818557739258,0.965333104133606
h2o,H2 oracle regrasp (stage 2),h2o,2,276,0.6278755068778992,0.6292286515235901,0.9782766103744507
h2o,H2 oracle regrasp (stage 2),h2o,2,277,0.5169147253036499,0.5169147253036499,0.9512128829956055
h2o,H2 oracle regrasp (stage 2),h2o,2,278,0.5548037886619568,0.5520973801612854,0.9197139739990234
h2o,H2 oracle regrasp (stage 2),h2o,2,279,0.49526384472846985,0.49526384472846985,0.900162935256958
h2o,H2 oracle regrasp (stage 2),h2o,2,280,0.45602166652679443,0.45466846227645874,0.8848660588264465
h2o,H2 oracle regrasp (stage 2),h2o,2,281,0.6332882642745972,0.6332882046699524,0.9752896428108215
h2o,H2 oracle regrasp (stage 2),h2o,2,282,0.42083898186683655,0.42219215631484985,0.9495836496353149
h2o,H2 oracle regrasp (stage 2),h2o,2,283,0.45060890913009644,0.4479025602340698,0.8839609026908875
h2o,H2 oracle regrasp (stage 2),h2o,2,284,0.6941813826560974,0.6941813230514526,0.9852461814880371
h2o,H2 oracle regrasp (stage 2),h2o,2,285,0.6535859107971191,0.6522327661514282,0.9577299356460571
h2o,H2 oracle regrasp (stage 2),h2o,2,286,0.6211096048355103,0.6211096048355103,0.9589971303939819
h2o,H2 oracle regrasp (stage 2),h2o,2,287,1.1718538999557495,1.170500636100769,1.0
h6_shake,H1 + shake,h6_shake,1,0,0.7956697940826416,0.7970229983329773,0.9707639217376709
h6_shake,H1 + shake,h6_shake,1,1,0.6684709191322327,0.6684708595275879,0.9467777013778687
h6_shake,H1 + shake,h6_shake,1,2,0.6941813826560974,0.6941813230514526,0.9914916753768921
h6_shake,H1 + shake,h6_shake,1,3,0.6765899658203125,0.6779431700706482,0.9860607981681824
h6_shake,H1 + shake,h6_shake,1,4,0.6928281784057617,0.6928281188011169,0.9817161560058594
h6_shake,H1 + shake,h6_shake,1,5,0.6792963743209839,0.6792963743209839,0.9666907787322998
h6_shake,H1 + shake,h6_shake,1,6,0.5142083764076233,0.5142083764076233,0.965423583984375
h6_shake,H1 + shake,h6_shake,1,7,0.7334235310554504,0.7334235310554504,0.9846125841140747
h6_shake,H1 + shake,h6_shake,1,8,0.7618403434753418,0.7618403434753418,0.9751086235046387
h6_shake,H1 + shake,h6_shake,1,9,0.6089310050010681,0.610284149646759,0.9833453893661499
h6_shake,H1 + shake,h6_shake,1,10,0.6359946131706238,0.6346414089202881,0.9672338962554932
h6_shake,H1 + shake,h6_shake,1,11,0.7185385823249817,0.717185378074646,0.9723026752471924
h6_shake,H1 + shake,h6_shake,1,12,0.6197564601898193,0.6197564601898193,0.9515749216079712
h6_shake,H1 + shake,h6_shake,1,13,0.7104194760322571,0.7104194760322571,0.9801774024963379
h6_shake,H1 + shake,h6_shake,1,14,0.7861976027488708,0.7861975431442261,0.9512128829956055
h6_shake,H1 + shake,h6_shake,1,15,0.6833558678627014,0.6833558678627014,0.9628891944885254
h6_shake,H1 + shake,h6_shake,1,16,0.5967523455619812,0.5981055498123169,0.9599022269248962
h6_shake,H1 + shake,h6_shake,1,17,0.5953992009162903,0.5940459966659546,0.9373642206192017
h6_shake,H1 + shake,h6_shake,1,18,0.6278755068778992,0.6278755068778992,0.9733888506889343
h6_shake,H1 + shake,h6_shake,1,19,0.7875507473945618,0.7861975431442261,0.9867849349975586
h6_shake,H1 + shake,h6_shake,1,20,0.7023004293441772,0.7023004293441772,0.9932114481925964
h6_shake,H1 + shake,h6_shake,1,21,0.696887731552124,0.6982408165931702,0.9846125841140747
h6_shake,H1 + shake,h6_shake,1,22,0.6698241233825684,0.6711772680282593,0.9369116425514221
h6_shake,H1 + shake,h6_shake,1,23,0.8403247594833374,0.8403247594833374,0.9923968315124512
h6_shake,H1 + shake,h6_shake,1,24,0.5372124314308167,0.53450608253479,0.9730268120765686
h6_shake,H1 + shake,h6_shake,1,25,0.7767253518104553,0.7767252922058105,0.9867849349975586
h6_shake,H1 + shake,h6_shake,1,26,0.5602165460586548,0.5602165460586548,0.9781860709190369
h6_shake,H1 + shake,h6_shake,1,27,0.6075778603553772,0.6089309453964233,0.9727552533149719
h6_shake,H1 + shake,h6_shake,1,28,0.7023004293441772,0.7023004293441772,0.9751991033554077
h6_shake,H1 + shake,h6_shake,1,29,0.5453315377235413,0.5453315377235413,0.9836169481277466
h6_shake,H1 + shake,h6_shake,1,30,0.7117726802825928,0.7104194760322571,0.9718500971794128
h6_shake,H1 + shake,h6_shake,1,31,0.6955345273017883,0.6941813230514526,0.935916006565094
h6_shake,H1 + shake,h6_shake,1,32,0.6982408761978149,0.6968876719474792,0.979091227054596
h6_shake,H1 + shake,h6_shake,1,33,0.4790257215499878,0.4790257215499878,0.9532946944236755
h6_shake,H1 + shake,h6_shake,1,34,0.6982408761978149,0.6982408165931702,0.965423583984375
h6_shake,H1 + shake,h6_shake,1,35,0.617050051689148,0.617050051689148,0.9740224480628967
h6_shake,H1 + shake,h6_shake,1,36,0.5520974397659302,0.5520973801612854,0.9486784934997559
h6_shake,H1 + shake,h6_shake,1,37,0.7266576886177063,0.7280108332633972,0.9608979225158691
h6_shake,H1 + shake,h6_shake,1,38,0.7307171821594238,0.7307171821594238,0.9577299356460571
h6_shake,H1 + shake,h6_shake,1,39,0.615696907043457,0.615696907043457,0.9722121357917786
h6_shake,H1 + shake,h6_shake,1,40,0.641407310962677,0.641407310962677,0.9765568375587463
h6_shake,H1 + shake,h6_shake,1,41,0.7401894330978394,0.7401894330978394,0.9927588701248169
h6_shake,H1 + shake,h6_shake,1,42,0.6955345273017883,0.6941813230514526,0.9786386489868164
h6_shake,H1 + shake,h6_shake,1,43,0.6792963743209839,0.6792963743209839,0.9719406366348267
h6_shake,H1 + shake,h6_shake,1,44,0.541271984577179,0.5385656356811523,0.9671433568000793
h6_shake,H1 + shake,h6_shake,1,45,0.5548037886619568,0.5548037886619568,0.94541996717453
h6_shake,H1 + shake,h6_shake,1,46,0.6292286515235901,0.6292286515235901,0.9786386489868164
h6_shake,H1 + shake,h6_shake,1,47,0.7713125944137573,0.7699593901634216,0.9469587206840515
h6_shake,H1 + shake,h6_shake,1,48,0.6630582213401794,0.6630581617355347,0.97166907787323
h6_shake,H1 + shake,h6_shake,1,49,0.7496617436408997,0.7496616840362549,0.9626176953315735
h6_shake,H1 + shake,h6_shake,1,50,0.46820029616355896,0.46820029616355896,0.955919623374939
h6_shake,H1 + shake,h6_shake,1,51,0.7104194760322571,0.7131258249282837,0.9801774024963379
h6_shake,H1 + shake,h6_shake,1,52,0.4830852746963501,0.4830852746963501,0.9398081302642822
h6_shake,H1 + shake,h6_shake,1,53,0.7077131271362305,0.7090663313865662,0.989409863948822
h6_shake,H1 + shake,h6_shake,1,54,0.6481732130050659,0.6481732130050659,0.9625271558761597
h6_shake,H1 + shake,h6_shake,1,55,0.6874154210090637,0.6874154210090637,0.9576393961906433
h6_shake,H1 + shake,h6_shake,1,56,0.7334235310554504,0.7334235310554504,0.9895908832550049
h6_shake,H1 + shake,h6_shake,1,57,0.6089310050010681,0.6089309453964233,0.9509413242340088
h6_shake,H1 + shake,h6_shake,1,58,0.6265223026275635,0.6251691579818726,0.9901339411735535
h6_shake,H1 + shake,h6_shake,1,59,0.5453315377235413,0.5439783334732056,0.9507603049278259
h6_shake,H1 + shake,h6_shake,1,60,0.6738836169242859,0.6738836169242859,0.9553765654563904
h6_shake,H1 + shake,h6_shake,1,61,0.7036535739898682,0.7063599228858948,0.9704018831253052
h6_shake,H1 + shake,h6_shake,1,62,0.6562922596931458,0.6562922596931458,0.97166907787323
h6_shake,H1 + shake,h6_shake,1,63,0.7780784964561462,0.7821379899978638,0.9861513376235962
h6_shake,H1 + shake,h6_shake,1,64,0.6847090721130371,0.6847090721130371,0.913921058177948
h6_shake,H1 + shake,h6_shake,1,65,0.7131258249282837,0.7131258249282837,0.9541998505592346
h6_shake,H1 + shake,h6_shake,1,66,0.8213802576065063,0.8200270533561707,0.9885952472686768
h6_shake,H1 + shake,h6_shake,1,67,0.7889039516448975,0.7902570962905884,0.9773714542388916
h6_shake,H1 + shake,h6_shake,1,68,0.6508795619010925,0.6495264172554016,0.9812635779380798
h6_shake,H1 + shake,h6_shake,1,69,0.7077131271362305,0.7077131271362305,0.9828023314476013
h6_shake,H1 + shake,h6_shake,1,70,0.8294993042945862,0.8308525085449219,0.993664026260376
h6_shake,H1 + shake,h6_shake,1,71,0.6089310050010681,0.6075778007507324,0.9663287401199341
h6_shake,H1 + shake,h6_shake,1,72,0.6698241233825684,0.6684708595275879,0.9814445972442627
h6_shake,H1 + shake,h6_shake,1,73,0.5520974397659302,0.5520973801612854,0.9843410849571228
h6_shake,H1 + shake,h6_shake,1,74,0.6711772680282593,0.6711772680282593,0.9608979225158691
h6_shake,H1 + shake,h6_shake,1,75,0.6738836169242859,0.672530472278595,0.9828023314476013
h6_shake,H1 + shake,h6_shake,1,76,0.6400541663169861,0.6400541067123413,0.9717596173286438
h6_shake,H1 + shake,h6_shake,1,77,0.6400541663169861,0.6400541067123413,0.9814445972442627
h6_shake,H1 + shake,h6_shake,1,78,0.47361302375793457,0.4736129939556122,0.9829833507537842
h6_shake,H1 + shake,h6_shake,1,79,0.7009472250938416,0.7023004293441772,0.9760137796401978
h6_shake,H1 + shake,h6_shake,1,80,0.7009472250938416,0.6982408165931702,0.9298515319824219
h6_shake,H1 + shake,h6_shake,1,81,0.4857916235923767,0.4857916235923767,0.9631607532501221
h6_shake,H1 + shake,h6_shake,1,82,0.6901218295097351,0.6914749145507812,0.9682295322418213
h6_shake,H1 + shake,h6_shake,1,83,0.7185385823249817,0.7198917269706726,0.9807205200195312
h6_shake,H1 + shake,h6_shake,1,84,0.6008118987083435,0.6008118987083435,0.9479543566703796
h6_shake,H1 + shake,h6_shake,1,85,0.5832206010818481,0.5832205414772034,0.9840695261955261
h6_shake,H1 + shake,h6_shake,1,86,0.7090663313865662,0.7090663313865662,0.9820781946182251
h6_shake,H1 + shake,h6_shake,1,87,0.5669823884963989,0.5683355927467346,0.9566437602043152
h6_shake,H1 + shake,h6_shake,1,88,0.5480378866195679,0.5466846823692322,0.9972845911979675
h6_shake,H1 + shake,h6_shake,1,89,0.6576454639434814,0.6576454639434814,0.9558290839195251
h6_shake,H1 + shake,h6_shake,1,90,0.6522327661514282,0.6535859107971191,0.9770094156265259
h6_shake,H1 + shake,h6_shake,1,91,0.7510148882865906,0.7523680329322815,0.9912201166152954
h6_shake,H1 + shake,h6_shake,1,92,0.5561569929122925,0.5561569333076477,0.94541996717453
h6_shake,H1 + shake,h6_shake,1,93,0.5886332988739014,0.5886332988739014,0.9755612015724182
h6_shake,H1 + shake,h6_shake,1,94,0.6305818557739258,0.6305818557739258,0.9818971753120422
h6_shake,H1 + shake,h6_shake,1,95,0.7334235310554504,0.7334235310554504,0.9885952472686768
h6_shake,H1 + shake,h6_shake,1,96,0.7577807903289795,0.7564275860786438,0.9790007472038269
h6_shake,H1 + shake,h6_shake,1,97,0.7686062455177307,0.7686062455177307,0.9683200716972351
h6_shake,H1 + shake,h6_shake,1,98,0.7456021904945374,0.7456021308898926,0.9375452399253845
h6_shake,H1 + shake,h6_shake,1,99,0.5669823884963989,0.5669823884963989,0.9533852338790894
h6_shake,H1 + shake,h6_shake,1,100,0.6400541663169861,0.6400541067123413,0.9797248244285583
h6_shake,H1 + shake,h6_shake,1,101,0.7117726802825928,0.7104194760322571,0.9843410849571228
h6_shake,H1 + shake,h6_shake,1,102,0.6143437027931213,0.6143437027931213,0.9572773575782776
h6_shake,H1 + shake,h6_shake,1,103,0.7253044843673706,0.7212448716163635,0.9676864743232727
h6_shake,H1 + shake,h6_shake,1,104,0.7117726802825928,0.7117726802825928,0.9393555521965027
h6_shake,H1 + shake,h6_shake,1,105,0.5331529378890991,0.5331529378890991,0.9326574802398682
h6_shake,H1 + shake,h6_shake,1,106,0.7510148882865906,0.7510148286819458,0.9808109998703003
h6_shake,H1 + shake,h6_shake,1,107,0.7875507473945618,0.7875507473945618,0.9722121357917786
h6_shake,H1 + shake,h6_shake,1,108,0.5453315377235413,0.5453315377235413,0.9864228963851929
h6_shake,H1 + shake,h6_shake,1,109,0.8186739087104797,0.8186739087104797,0.9746560454368591
h6_shake,H1 + shake,h6_shake,1,110,0.6089310050010681,0.6089309453964233,0.9549239873886108
h6_shake,H1 + shake,h6_shake,1,111,0.5575101971626282,0.5575101375579834,0.9586350321769714
h6_shake,H1 + shake,h6_shake,1,112,0.7591339945793152,0.7591339945793152,0.9754706621170044
h6_shake,H1 + shake,h6_shake,1,113,0.5128552317619324,0.5128552317619324,0.9493120908737183
h6_shake,H1 + shake,h6_shake,1,114,0.7848443984985352,0.7834911942481995,0.9902244806289673
h6_shake,H1 + shake,h6_shake,1,115,0.7374830842018127,0.7388362884521484,0.955919623374939
h6_shake,H1 + shake,h6_shake,1,116,0.6129905581474304,0.6129904985427856,0.9687726497650146
h6_shake,H1 + shake,h6_shake,1,117,0.5372124314308167,0.5372124314308167,0.9420709609985352
h6_shake,H1 + shake,h6_shake,1,118,0.6617050170898438,0.6603518128395081,0.9303041100502014
h6_shake,H1 + shake,h6_shake,1,119,0.6833558678627014,0.6833558678627014,0.9475018382072449
h6_shake,H1 + shake,h6_shake,1,120,0.6008118987083435,0.6008118987083435,0.9511224031448364
h6_shake,H1 + shake,h6_shake,1,121,0.5778078436851501,0.5778078436851501,0.9770999550819397
h6_shake,H1 + shake,h6_shake,1,122,0.565629243850708,0.5669823884963989,0.951665461063385
h6_shake,H1 + shake,h6_shake,1,123,0.565629243850708,0.5642760396003723,0.9789102077484131
h6_shake,H1 + shake,h6_shake,1,124,0.7009472250938416,0.7009472250938416,0.9595401883125305
h6_shake,H1 + shake,h6_shake,1,125,0.717185378074646,0.717185378074646,0.9655141234397888
h6_shake,H1 + shake,h6_shake,1,126,0.6711772680282593,0.672530472278595,0.9820781946182251
h6_shake,H1 + shake,h6_shake,1,127,0.6129905581474304,0.615696907043457,0.9589065909385681
h6_shake,H1 + shake,h6_shake,1,128,0.7821380496025085,0.7821379899978638,0.9884141683578491
h6_shake,H1 + shake,h6_shake,1,129,0.5994586944580078,0.5994586944580078,0.9614409804344177
h6_shake,H1 + shake,h6_shake,1,130,0.803788959980011,0.8037889003753662,0.9827117919921875
h6_shake,H1 + shake,h6_shake,1,131,0.8078484535217285,0.8078483939170837,0.9788196682929993
h6_shake,H1 + shake,h6_shake,1,132,0.5967523455619812,0.5967523455619812,0.9669623374938965
h6_shake,H1 + shake,h6_shake,1,133,0.6116373538970947,0.61163729429245,0.9505792856216431
h6_shake,H1 + shake,h6_shake,1,134,0.6630582213401794,0.6644113659858704,0.9681390523910522
h6_shake,H1 + shake,h6_shake,1,135,0.6319350600242615,0.6319350004196167,0.9892288446426392
h6_shake,H1 + shake,h6_shake,1,136,0.49932342767715454,0.49932339787483215,0.8903874158859253
h6_shake,H1 + shake,h6_shake,1,137,0.7036535739898682,0.7050067782402039,0.9473207592964172
h6_shake,H1 + shake,h6_shake,1,138,0.5791610479354858,0.5778078436851501,0.9827117919921875
h6_shake,H1 + shake,h6_shake,1,139,0.7117726802825928,0.7104194760322571,0.962255597114563
h6_shake,H1 + shake,h6_shake,1,140,0.6738836169242859,0.672530472278595,0.9589065909385681
h6_shake,H1 + shake,h6_shake,1,141,0.8051421046257019,0.8051420450210571,0.9933924674987793
h6_shake,H1 + shake,h6_shake,1,142,0.5575101971626282,0.5548037886619568,0.9571868181228638
h6_shake,H1 + shake,h6_shake,1,143,0.6617050170898438,0.6630581617355347,0.9789102077484131
h6_shake,H1 + shake,h6_shake,1,144,0.8511502146720886,0.8511502146720886,0.9952932596206665
h6_shake,H1 + shake,h6_shake,1,145,0.6075778603553772,0.6048714518547058,0.9488595128059387
h6_shake,H1 + shake,h6_shake,1,146,0.7740189433097839,0.7753720879554749,0.9711260199546814
h6_shake,H1 + shake,h6_shake,1,147,0.5967523455619812,0.5967523455619812,0.9544714093208313
h6_shake,H1 + shake,h6_shake,1,148,0.5683355927467346,0.5683355927467346,0.9640659093856812
h6_shake,H1 + shake,h6_shake,1,149,0.4790257215499878,0.4790257215499878,0.9657856822013855
h6_shake,H1 + shake,h6_shake,1,150,0.6779431700706482,0.6779431700706482,0.9483164548873901
h6_shake,H1 + shake,h6_shake,1,151,0.696887731552124,0.6955344676971436,0.9639753699302673
h6_shake,H1 + shake,h6_shake,1,152,0.6752368211746216,0.6752368211746216,0.962165117263794
h6_shake,H1 + shake,h6_shake,1,153,0.53450608253479,0.53450608253479,0.9859703183174133
h6_shake,H1 + shake,h6_shake,1,154,0.8457375168800354,0.8443843126296997,0.9852461814880371
h6_shake,H1 + shake,h6_shake,1,155,0.803788959980011,0.8024356961250305,0.9909486174583435
h6_shake,H1 + shake,h6_shake,1,156,0.6387009620666504,0.6400541067123413,0.9713975191116333
h6_shake,H1 + shake,h6_shake,1,157,0.7861976027488708,0.7875507473945618,0.9882331490516663
h6_shake,H1 + shake,h6_shake,1,158,0.7280108332633972,0.7266576290130615,0.9908580780029297
h6_shake,H1 + shake,h6_shake,1,159,0.665764570236206,0.667117714881897,0.9743844866752625
h6_shake,H1 + shake,h6_shake,1,160,0.5872800946235657,0.5872800946235657,0.9740224480628967
h6_shake,H1 + shake,h6_shake,1,161,0.7577807903289795,0.7591339945793152,0.9933924674987793
h6_shake,H1 + shake,h6_shake,1,162,0.742895781993866,0.7401894330978394,0.9715785384178162
h6_shake,H1 + shake,h6_shake,1,163,0.7077131271362305,0.7090663313865662,0.9827117919921875
h6_shake,H1 + shake,h6_shake,1,164,0.6630582213401794,0.6630581617355347,0.9833453893661499
h6_shake,H1 + shake,h6_shake,1,165,0.4912043511867523,0.49120432138442993,0.9593591690063477
h6_shake,H1 + shake,h6_shake,1,166,0.5115020275115967,0.5128552317619324,0.9628891944885254
h6_shake,H1 + shake,h6_shake,1,167,0.5561569929122925,0.5548037886619568,0.9955648183822632
h6_shake,H1 + shake,h6_shake,1,168,0.7388362884521484,0.7388362884521484,0.9858797788619995
h6_shake,H1 + shake,h6_shake,1,169,0.6251691579818726,0.6251691579818726,0.9461441040039062
h6_shake,H1 + shake,h6_shake,1,170,0.7307171821594238,0.7307171821594238,0.9665097594261169
h6_shake,H1 + shake,h6_shake,1,171,0.4857916235923767,0.4857916235923767,0.9214337468147278
h6_shake,H1 + shake,h6_shake,1,172,0.5818673968315125,0.5818673372268677,0.9529326558113098
h6_shake,H1 + shake,h6_shake,1,173,0.7699593901634216,0.7686062455177307,0.9765568375587463
h6_shake,H1 + shake,h6_shake,1,174,0.41542625427246094,0.41542625427246094,0.8987147212028503
h6_shake,H1 + shake,h6_shake,1,175,0.6792963743209839,0.6806495189666748,0.981173038482666
h6_shake,H1 + shake,h6_shake,1,176,0.686062216758728,0.6833558678627014,0.986332356929779
h6_shake,H1 + shake,h6_shake,1,177,0.7834912538528442,0.7834911942481995,0.9837074875831604
h6_shake,H1 + shake,h6_shake,1,178,0.6129905581474304,0.6129904985427856,0.9600832462310791
h6_shake,H1 + shake,h6_shake,1,179,0.6617050170898438,0.661704957485199,0.9571868181228638
h6_shake,H1 + shake,h6_shake,1,180,0.6576454639434814,0.6576454639434814,0.98542720079422
h6_shake,H1 + shake,h6_shake,1,181,0.8443843126296997,0.8457375168800354,0.9910390973091125
h6_shake,H1 + shake,h6_shake,1,182,0.7510148882865906,0.7523680329322815,0.9774619936943054
h6_shake,H1 + shake,h6_shake,1,183,0.4451962113380432,0.4438430368900299,0.9593591690063477
h6_shake,H1 + shake,h6_shake,1,184,0.6630582213401794,0.6630581617355347,0.9801774024963379
h6_shake,H1 + shake,h6_shake,1,185,0.6928281784057617,0.6928281188011169,0.9875090718269348
h6_shake,H1 + shake,h6_shake,1,186,0.7374830842018127,0.7374830842018127,0.9824402332305908
h6_shake,H1 + shake,h6_shake,1,187,0.6765899658203125,0.6765899658203125,0.9301230907440186
h6_shake,H1 + shake,h6_shake,1,188,0.8132611513137817,0.811907947063446,0.976828396320343
h6_shake,H1 + shake,h6_shake,1,189,0.874154269695282,0.874154269695282,0.9929398894309998
h6_shake,H1 + shake,h6_shake,1,190,0.742895781993866,0.742895781993866,0.9552860260009766
h6_shake,H1 + shake,h6_shake,1,191,0.7144790291786194,0.7131258249282837,0.9728457927703857
h6_shake,H1 + shake,h6_shake,1,192,0.741542637348175,0.741542637348175,0.9859703183174133
h6_shake,H1 + shake,h6_shake,1,193,0.7158321738243103,0.7144790291786194,0.9911296367645264
h6_shake,H1 + shake,h6_shake,1,194,0.5358592867851257,0.5385656356811523,0.9596307277679443
h6_shake,H1 + shake,h6_shake,1,195,0.6508795619010925,0.6508795619010925,0.9589065909385681
h6_shake,H1 + shake,h6_shake,1,196,0.5940459966659546,0.5953992009162903,0.9664192795753479
h6_shake,H1 + shake,h6_shake,1,197,0.5642760396003723,0.5642760396003723,0.9600832462310791
h6_shake,H1 + shake,h6_shake,1,198,0.6508795619010925,0.6495264172554016,0.979996383190155
h6_shake,H1 + shake,h6_shake,1,199,0.622462809085846,0.622462809085846,0.9739319086074829
h6_shake,H1 + shake,h6_shake,1,200,0.7198917865753174,0.7225980758666992,0.9152787923812866
h6_shake,H1 + shake,h6_shake,1,201,0.691474974155426,0.6887685656547546,0.9927588701248169
h6_shake,H1 + shake,h6_shake,1,202,0.5520974397659302,0.5520973801612854,0.9545618891716003
h6_shake,H1 + shake,h6_shake,1,203,0.6251691579818726,0.6251691579818726,0.9688631296157837
h6_shake,H1 + shake,h6_shake,1,204,0.5642760396003723,0.5642760396003723,0.9800869226455688
h6_shake,H1 + shake,h6_shake,1,205,0.6359946131706238,0.635994553565979,0.9541998505592346
h6_shake,H1 + shake,h6_shake,1,206,0.5142083764076233,0.5142083764076233,0.9529326558113098
h6_shake,H1 + shake,h6_shake,1,207,0.686062216758728,0.686062216758728,0.9827117919921875
h6_shake,H1 + shake,h6_shake,1,208,0.8024357557296753,0.8037889003753662,0.9938450455665588
h6_shake,H1 + shake,h6_shake,1,209,0.6698241233825684,0.6698240637779236,0.9895003437995911
h6_shake,H1 + shake,h6_shake,1,210,0.641407310962677,0.641407310962677,0.977914571762085
h6_shake,H1 + shake,h6_shake,1,211,0.6698241233825684,0.6698240637779236,0.9820781946182251
h6_shake,H1 + shake,h6_shake,1,212,0.5805142521858215,0.5805141925811768,0.9664192795753479
h6_shake,H1 + shake,h6_shake,1,213,0.7293640375137329,0.7293640375137329,0.9735698699951172
h6_shake,H1 + shake,h6_shake,1,214,0.6617050170898438,0.661704957485199,0.9613504409790039
h6_shake,H1 + shake,h6_shake,1,215,0.6481732130050659,0.6468200087547302,0.983164370059967
h6_shake,H1 + shake,h6_shake,1,216,0.5981055498123169,0.5981055498123169,0.9892288446426392
h6_shake,H1 + shake,h6_shake,1,217,0.7239513397216797,0.7239512801170349,0.9828023314476013
h6_shake,H1 + shake,h6_shake,1,218,0.8944520354270935,0.8944519758224487,0.9871469736099243
h6_shake,H1 + shake,h6_shake,1,219,0.7293640375137329,0.7293640375137329,0.9797248244285583
h6_shake,H1 + shake,h6_shake,1,220,0.6441136598587036,0.6427605152130127,0.9514844417572021
h6_shake,H1 + shake,h6_shake,1,221,0.6765899658203125,0.6779431700706482,0.967414915561676
h6_shake,H1 + shake,h6_shake,1,222,0.6711772680282593,0.6738836169242859,0.9564626812934875
h6_shake,H1 + shake,h6_shake,1,223,0.7293640375137329,0.7280108332633972,0.9880521297454834
h6_shake,H1 + shake,h6_shake,1,224,0.4073071777820587,0.4073071777820587,0.8848660588264465
h6_shake,H1 + shake,h6_shake,1,225,0.8078484535217285,0.8092015981674194,0.9804489612579346
h6_shake,H1 + shake,h6_shake,1,226,0.49797025322914124,0.49797025322914124,0.9306662082672119
h6_shake,H1 + shake,h6_shake,1,227,0.6427605152130127,0.641407310962677,0.9764663577079773
h6_shake,H1 + shake,h6_shake,1,228,0.6671177744865417,0.6684708595275879,0.978005051612854
h6_shake,H1 + shake,h6_shake,1,229,0.6035182476043701,0.6035182476043701,0.9634323120117188
h6_shake,H1 + shake,h6_shake,1,230,0.6847090721130371,0.686062216758728,0.9909486174583435
h6_shake,H1 + shake,h6_shake,1,231,0.6211096048355103,0.6211096048355103,0.979091227054596
h6_shake,H1 + shake,h6_shake,1,232,0.6806495189666748,0.6820027232170105,0.981082558631897
h6_shake,H1 + shake,h6_shake,1,233,0.746955394744873,0.7469553351402283,0.9853367209434509
h6_shake,H1 + shake,h6_shake,1,234,0.7861976027488708,0.7861975431442261,0.9886857271194458
h6_shake,H1 + shake,h6_shake,1,235,0.8159675598144531,0.8159675598144531,0.9860607981681824
h6_shake,H1 + shake,h6_shake,1,236,0.7780784964561462,0.7780784368515015,0.9807205200195312
h6_shake,H1 + shake,h6_shake,1,237,0.591339647769928,0.591339647769928,0.984250545501709
h6_shake,H1 + shake,h6_shake,1,238,0.7131258249282837,0.7131258249282837,0.9735698699951172
h6_shake,H1 + shake,h6_shake,1,239,0.843031108379364,0.8457375168800354,0.9920347332954407
h6_pulse,H1 + tautness pulse,h6_pulse,1,0,0.7850339412689209,0.7794316411018372,0.9838885068893433
h6_pulse,H1 + tautness pulse,h6_pulse,1,1,0.67482990026474,0.6711772680282593,0.9649710059165955
h6_pulse,H1 + tautness pulse,h6_pulse,1,2,0.6870747804641724,0.6820027232170105,0.9633417725563049
h6_pulse,H1 + tautness pulse,h6_pulse,1,3,0.597278892993927,0.5940459966659546,0.9726647138595581
h6_pulse,H1 + tautness pulse,h6_pulse,1,4,0.7931972742080688,0.7875507473945618,0.9907675385475159
h6_pulse,H1 + tautness pulse,h6_pulse,1,5,0.835374116897583,0.8308525085449219,0.9670528769493103
h6_pulse,H1 + tautness pulse,h6_pulse,1,6,0.6585034132003784,0.6549391150474548,0.9522085189819336
h6_pulse,H1 + tautness pulse,h6_pulse,1,7,0.8163264989852905,0.811907947063446,0.9892288446426392
h6_pulse,H1 + tautness pulse,h6_pulse,1,8,0.791836678981781,0.7861975431442261,0.9589971303939819
h6_pulse,H1 + tautness pulse,h6_pulse,1,9,0.635374128818512,0.6319350004196167,0.9681390523910522
h6_pulse,H1 + tautness pulse,h6_pulse,1,10,0.6721088290214539,0.667117714881897,0.949674129486084
h6_pulse,H1 + tautness pulse,h6_pulse,1,11,0.6285713911056519,0.6265223026275635,0.9758327007293701
h6_pulse,H1 + tautness pulse,h6_pulse,1,12,0.6979591846466064,0.6928281188011169,0.9907675385475159
h6_pulse,H1 + tautness pulse,h6_pulse,1,13,0.5999999642372131,0.5967523455619812,0.926502525806427
h6_pulse,H1 + tautness pulse,h6_pulse,1,14,0.7469387650489807,0.741542637348175,0.9706734418869019
h6_pulse,H1 + tautness pulse,h6_pulse,1,15,0.756462574005127,0.7523680329322815,0.9847936034202576
h6_pulse,H1 + tautness pulse,h6_pulse,1,16,0.7006802558898926,0.6982408165931702,0.9820781946182251
h6_pulse,H1 + tautness pulse,h6_pulse,1,17,0.710204005241394,0.7063599228858948,0.9701303243637085
h6_pulse,H1 + tautness pulse,h6_pulse,1,18,0.5714285373687744,0.5696887373924255,0.9425235390663147
h6_pulse,H1 + tautness pulse,h6_pulse,1,19,0.6897958517074585,0.6847090721130371,0.9688631296157837
h6_pulse,H1 + tautness pulse,h6_pulse,1,20,0.6938775181770325,0.6928281188011169,0.9625271558761597
h6_pulse,H1 + tautness pulse,h6_pulse,1,21,0.6857143044471741,0.6833558678627014,0.9355539679527283
h6_pulse,H1 + tautness pulse,h6_pulse,1,22,0.7020407915115356,0.6982408165931702,0.9775524735450745
h6_pulse,H1 + tautness pulse,h6_pulse,1,23,0.6721088290214539,0.6684708595275879,0.9749276041984558
h6_pulse,H1 + tautness pulse,h6_pulse,1,24,0.6993197202682495,0.6955344676971436,0.9807205200195312
h6_pulse,H1 + tautness pulse,h6_pulse,1,25,0.6571428179740906,0.6522327661514282,0.9856987595558167
h6_pulse,H1 + tautness pulse,h6_pulse,1,26,0.5836734771728516,0.5791609883308411,0.9777335524559021
h6_pulse,H1 + tautness pulse,h6_pulse,1,27,0.7809523940086365,0.7767252922058105,0.9650615453720093
h6_pulse,H1 + tautness pulse,h6_pulse,1,28,0.7904762029647827,0.7861975431442261,0.9908580780029297
h6_pulse,H1 + tautness pulse,h6_pulse,1,29,0.6952380537986755,0.6901217699050903,0.9543808698654175
h6_pulse,H1 + tautness pulse,h6_pulse,1,30,0.7115646004676819,0.7090663313865662,0.9557386040687561
h6_pulse,H1 + tautness pulse,h6_pulse,1,31,0.7074829339981079,0.7036535739898682,0.9912201166152954
h6_pulse,H1 + tautness pulse,h6_pulse,1,32,0.5523809194564819,0.5493910312652588,0.9211621880531311
h6_pulse,H1 + tautness pulse,h6_pulse,1,33,0.5061224699020386,0.5047361254692078,0.9500362277030945
h6_pulse,H1 + tautness pulse,h6_pulse,1,34,0.7306122183799744,0.7225980758666992,0.9630702137947083
h6_pulse,H1 + tautness pulse,h6_pulse,1,35,0.7755101919174194,0.7713125944137573,0.9888667464256287
h6_pulse,H1 + tautness pulse,h6_pulse,1,36,0.6653060913085938,0.6630581617355347,0.9762852787971497
h6_pulse,H1 + tautness pulse,h6_pulse,1,37,0.8040816187858582,0.7997293472290039,0.9755612015724182
h6_pulse,H1 + tautness pulse,h6_pulse,1,38,0.5428571105003357,0.5399187803268433,0.9250543117523193
h6_pulse,H1 + tautness pulse,h6_pulse,1,39,0.7251700162887573,0.7212448716163635,0.9924873113632202
h6_pulse,H1 + tautness pulse,h6_pulse,1,40,0.718367338180542,0.7144790291786194,0.9832549095153809
h6_pulse,H1 + tautness pulse,h6_pulse,1,41,0.7591836452484131,0.7550743818283081,0.9680485129356384
h6_pulse,H1 + tautness pulse,h6_pulse,1,42,0.7074829339981079,0.7036535739898682,0.9778240323066711
h6_pulse,H1 + tautness pulse,h6_pulse,1,43,0.6612244844436646,0.6576454639434814,0.9788196682929993
h6_pulse,H1 + tautness pulse,h6_pulse,1,44,0.6136054396629333,0.610284149646759,0.9693157076835632
h6_pulse,H1 + tautness pulse,h6_pulse,1,45,0.7061224579811096,0.7009472250938416,0.9823497533798218
h6_pulse,H1 + tautness pulse,h6_pulse,1,46,0.7510203719139099,0.7483084797859192,0.9627987146377563
h6_pulse,H1 + tautness pulse,h6_pulse,1,47,0.5768707394599915,0.5737482905387878,0.9426140189170837
h6_pulse,H1 + tautness pulse,h6_pulse,1,48,0.6149659752845764,0.610284149646759,0.95791095495224
h6_pulse,H1 + tautness pulse,h6_pulse,1,49,0.5673469305038452,0.5642760396003723,0.9875090718269348
h6_pulse,H1 + tautness pulse,h6_pulse,1,50,0.7782312631607056,0.7740189433097839,0.9845221042633057
h6_pulse,H1 + tautness pulse,h6_pulse,1,51,0.8204081654548645,0.817320704460144,0.9734793901443481
h6_pulse,H1 + tautness pulse,h6_pulse,1,52,0.6448979377746582,0.6427605152130127,0.9815351366996765
h6_pulse,H1 + tautness pulse,h6_pulse,1,53,0.7727891206741333,0.7686062455177307,0.9903149604797363
h6_pulse,H1 + tautness pulse,h6_pulse,1,54,0.7115646004676819,0.7063599228858948,0.959087610244751
h6_pulse,H1 + tautness pulse,h6_pulse,1,55,0.6190475821495056,0.615696907043457,0.9828023314476013
h6_pulse,H1 + tautness pulse,h6_pulse,1,56,0.7360544204711914,0.7320703864097595,0.9774619936943054
h6_pulse,H1 + tautness pulse,h6_pulse,1,57,0.7591836452484131,0.7550743818283081,0.9398081302642822
h6_pulse,H1 + tautness pulse,h6_pulse,1,58,0.7537415027618408,0.7496616840362549,0.9881426692008972
h6_pulse,H1 + tautness pulse,h6_pulse,1,59,0.7129251956939697,0.7090663313865662,0.9877805709838867
h6_pulse,H1 + tautness pulse,h6_pulse,1,60,0.7605442404747009,0.7564275860786438,0.9884141683578491
h6_pulse,H1 + tautness pulse,h6_pulse,1,61,0.6054421067237854,0.6021650433540344,0.9522990584373474
h6_pulse,H1 + tautness pulse,h6_pulse,1,62,0.5714285373687744,0.5683355927467346,0.9825307726860046
h6_pulse,H1 + tautness pulse,h6_pulse,1,63,0.5891156196594238,0.5859269499778748,0.9629797339439392
h6_pulse,H1 + tautness pulse,h6_pulse,1,64,0.5986394286155701,0.5953992009162903,0.9432476758956909
h6_pulse,H1 + tautness pulse,h6_pulse,1,65,0.5265306234359741,0.5236806273460388,0.9800869226455688
h6_pulse,H1 + tautness pulse,h6_pulse,1,66,0.5564625859260559,0.5548037886619568,0.9861513376235962
h6_pulse,H1 + tautness pulse,h6_pulse,1,67,0.6040816307067871,0.6021650433540344,0.9522085189819336
h6_pulse,H1 + tautness pulse,h6_pulse,1,68,0.6258503198623657,0.6211096048355103,0.9467777013778687
h6_pulse,H1 + tautness pulse,h6_pulse,1,69,0.7020407915115356,0.6982408165931702,0.9614409804344177
h6_pulse,H1 + tautness pulse,h6_pulse,1,70,0.6721088290214539,0.6684708595275879,0.9961078763008118
h6_pulse,H1 + tautness pulse,h6_pulse,1,71,0.6299319267272949,0.6278755068778992,0.9804489612579346
h6_pulse,H1 + tautness pulse,h6_pulse,1,72,0.3999999761581421,0.4046007990837097,0.8296524286270142
h6_pulse,H1 + tautness pulse,h6_pulse,1,73,0.514285683631897,0.5115020275115967,0.9470492601394653
h6_pulse,H1 + tautness pulse,h6_pulse,1,74,0.7414965629577637,0.7388362884521484,0.9867849349975586
h6_pulse,H1 + tautness pulse,h6_pulse,1,75,0.636734664440155,0.6332882046699524,0.9761042594909668
h6_pulse,H1 + tautness pulse,h6_pulse,1,76,0.7047618627548218,0.7023004293441772,0.9814445972442627
h6_pulse,H1 + tautness pulse,h6_pulse,1,77,0.5945578217506409,0.5899865031242371,0.9749276041984558
h6_pulse,H1 + tautness pulse,h6_pulse,1,78,0.6068027019500732,0.6035182476043701,0.9607168436050415
h6_pulse,H1 + tautness pulse,h6_pulse,1,79,0.8639456033706665,0.8606224060058594,0.9817161560058594
h6_pulse,H1 + tautness pulse,h6_pulse,1,80,0.7904762029647827,0.7861975431442261,0.968591570854187
h6_pulse,H1 + tautness pulse,h6_pulse,1,81,0.7836734652519226,0.7780784368515015,0.9896813631057739
h6_pulse,H1 + tautness pulse,h6_pulse,1,82,0.797278881072998,0.7916103005409241,0.9898624420166016
h6_pulse,H1 + tautness pulse,h6_pulse,1,83,0.7006802558898926,0.6968876719474792,0.9804489612579346
h6_pulse,H1 + tautness pulse,h6_pulse,1,84,0.6081632375717163,0.6048714518547058,0.9148262143135071
h6_pulse,H1 + tautness pulse,h6_pulse,1,85,0.8258503079414368,0.8213802576065063,0.9865133762359619
h6_pulse,H1 + tautness pulse,h6_pulse,1,86,0.6448979377746582,0.6387009024620056,0.9667813181877136
h6_pulse,H1 + tautness pulse,h6_pulse,1,87,0.6911564469337463,0.6874154210090637,0.9628891944885254
h6_pulse,H1 + tautness pulse,h6_pulse,1,88,0.7210884094238281,0.7185385227203369,0.9719406366348267
h6_pulse,H1 + tautness pulse,h6_pulse,1,89,0.6802720427513123,0.6779431700706482,0.9643374085426331
h6_pulse,H1 + tautness pulse,h6_pulse,1,90,0.7986394166946411,0.792963445186615,0.9867849349975586
h6_pulse,H1 + tautness pulse,h6_pulse,1,91,0.752380907535553,0.7483084797859192,0.9776430130004883
h6_pulse,H1 + tautness pulse,h6_pulse,1,92,0.5074829459190369,0.5033829808235168,0.9549239873886108
h6_pulse,H1 + tautness pulse,h6_pulse,1,93,0.601360559463501,0.5994586944580078,0.926412045955658
h6_pulse,H1 + tautness pulse,h6_pulse,1,94,0.6448979377746582,0.641407310962677,0.9557386040687561
h6_pulse,H1 + tautness pulse,h6_pulse,1,95,0.7877550721168518,0.7834911942481995,0.9956552982330322
h6_pulse,H1 + tautness pulse,h6_pulse,1,96,0.7156462669372559,0.7117726802825928,0.9891383051872253
h6_pulse,H1 + tautness pulse,h6_pulse,1,97,0.7428571581840515,0.7388362884521484,0.986332356929779
h6_pulse,H1 + tautness pulse,h6_pulse,1,98,0.8394557237625122,0.8335588574409485,0.9823497533798218
h6_pulse,H1 + tautness pulse,h6_pulse,1,99,0.6925169825553894,0.6887685656547546,0.9215242862701416
h6_pulse,H1 + tautness pulse,h6_pulse,1,100,0.6285713911056519,0.6251691579818726,0.9644279479980469
h6_pulse,H1 + tautness pulse,h6_pulse,1,101,0.7986394166946411,0.7956697940826416,0.9770094156265259
h6_pulse,H1 + tautness pulse,h6_pulse,1,102,0.7170067429542542,0.7117726802825928,0.9790007472038269
h6_pulse,H1 + tautness pulse,h6_pulse,1,103,0.7088435292243958,0.7063599228858948,0.9777335524559021
h6_pulse,H1 + tautness pulse,h6_pulse,1,104,0.7088435292243958,0.7050067782402039,0.9808109998703003
h6_pulse,H1 + tautness pulse,h6_pulse,1,105,0.6190475821495056,0.615696907043457,0.9711260199546814
h6_pulse,H1 + tautness pulse,h6_pulse,1,106,0.6925169825553894,0.6874154210090637,0.9911296367645264
h6_pulse,H1 + tautness pulse,h6_pulse,1,107,0.7496598362922668,0.7469553351402283,0.9692252278327942
h6_pulse,H1 + tautness pulse,h6_pulse,1,108,0.6802720427513123,0.6779431700706482,0.9691346883773804
h6_pulse,H1 + tautness pulse,h6_pulse,1,109,0.8435373902320862,0.8403247594833374,0.9515749216079712
h6_pulse,H1 + tautness pulse,h6_pulse,1,110,0.8585033416748047,0.8538565039634705,0.9826213121414185
h6_pulse,H1 + tautness pulse,h6_pulse,1,111,0.756462574005127,0.7523680329322815,0.9609884023666382
h6_pulse,H1 + tautness pulse,h6_pulse,1,112,0.6489795446395874,0.6454668641090393,0.9828928112983704
h6_pulse,H1 + tautness pulse,h6_pulse,1,113,0.6244897842407227,0.6211096048355103,0.9713975191116333
h6_pulse,H1 + tautness pulse,h6_pulse,1,114,0.5687074661254883,0.565629243850708,0.9777335524559021
h6_pulse,H1 + tautness pulse,h6_pulse,1,115,0.5170067548751831,0.5142083764076233,0.9562816619873047
h6_pulse,H1 + tautness pulse,h6_pulse,1,116,0.635374128818512,0.6319350004196167,0.9597212076187134
h6_pulse,H1 + tautness pulse,h6_pulse,1,117,0.7469387650489807,0.742895781993866,0.9815351366996765
h6_pulse,H1 + tautness pulse,h6_pulse,1,118,0.8489795327186584,0.8443843126296997,0.990496039390564
h6_pulse,H1 + tautness pulse,h6_pulse,1,119,0.710204005241394,0.7063599228858948,0.9940260648727417
h6_pulse,H1 + tautness pulse,h6_pulse,1,120,0.6829931735992432,0.6792963743209839,0.9807205200195312
h6_pulse,H1 + tautness pulse,h6_pulse,1,121,0.6054421067237854,0.5994586944580078,0.9866039156913757
h6_pulse,H1 + tautness pulse,h6_pulse,1,122,0.6734693646430969,0.6684708595275879,0.9290369153022766
h6_pulse,H1 + tautness pulse,h6_pulse,1,123,0.5850339531898499,0.5818673372268677,0.9618030190467834
h6_pulse,H1 + tautness pulse,h6_pulse,1,124,0.5115646123886108,0.510148823261261,0.9066799283027649
h6_pulse,H1 + tautness pulse,h6_pulse,1,125,0.5823128819465637,0.5791609883308411,0.9729362726211548
h6_pulse,H1 + tautness pulse,h6_pulse,1,126,0.7306122183799744,0.7266576290130615,0.990496039390564
h6_pulse,H1 + tautness pulse,h6_pulse,1,127,0.6299319267272949,0.6251691579818726,0.9692252278327942
h6_pulse,H1 + tautness pulse,h6_pulse,1,128,0.6965985894203186,0.6928281188011169,0.9386314153671265
h6_pulse,H1 + tautness pulse,h6_pulse,1,129,0.6448979377746582,0.6427605152130127,0.962255597114563
h6_pulse,H1 + tautness pulse,h6_pulse,1,130,0.43401360511779785,0.4316644072532654,0.9189898371696472
h6_pulse,H1 + tautness pulse,h6_pulse,1,131,0.5836734771728516,0.5805141925811768,0.9737508893013
h6_pulse,H1 + tautness pulse,h6_pulse,1,132,0.6666666269302368,0.661704957485199,0.9804489612579346
h6_pulse,H1 + tautness pulse,h6_pulse,1,133,0.7795917987823486,0.7753720879554749,0.9860607981681824
h6_pulse,H1 + tautness pulse,h6_pulse,1,134,0.6829931735992432,0.6806495189666748,0.9752896428108215
h6_pulse,H1 + tautness pulse,h6_pulse,1,135,0.6421768665313721,0.6373477578163147,0.9659667015075684
h6_pulse,H1 + tautness pulse,h6_pulse,1,136,0.6625850200653076,0.6562922596931458,0.9366401433944702
h6_pulse,H1 + tautness pulse,h6_pulse,1,137,0.7156462669372559,0.7117726802825928,0.9875995516777039
h6_pulse,H1 + tautness pulse,h6_pulse,1,138,0.6462584733963013,0.6427605152130127,0.9463251233100891
h6_pulse,H1 + tautness pulse,h6_pulse,1,139,0.5673469305038452,0.5642760396003723,0.9506698250770569
h6_pulse,H1 + tautness pulse,h6_pulse,1,140,0.6870747804641724,0.6833558678627014,0.9646995067596436
h6_pulse,H1 + tautness pulse,h6_pulse,1,141,0.714285671710968,0.7104194760322571,0.9789102077484131
h6_pulse,H1 + tautness pulse,h6_pulse,1,142,0.6857143044471741,0.6806495189666748,0.9794532656669617
h6_pulse,H1 + tautness pulse,h6_pulse,1,143,0.6965985894203186,0.6928281188011169,0.9624366164207458
h6_pulse,H1 + tautness pulse,h6_pulse,1,144,0.6952380537986755,0.6901217699050903,0.9625271558761597
h6_pulse,H1 + tautness pulse,h6_pulse,1,145,0.7278911471366882,0.7239512801170349,0.9717596173286438
h6_pulse,H1 + tautness pulse,h6_pulse,1,146,0.7414965629577637,0.7388362884521484,0.9363685846328735
h6_pulse,H1 + tautness pulse,h6_pulse,1,147,0.6802720427513123,0.6752368211746216,0.9670528769493103
h6_pulse,H1 + tautness pulse,h6_pulse,1,148,0.7210884094238281,0.717185378074646,0.9903149604797363
h6_pulse,H1 + tautness pulse,h6_pulse,1,149,0.6816326379776001,0.6779431700706482,0.9560101628303528
h6_pulse,H1 + tautness pulse,h6_pulse,1,150,0.6299319267272949,0.6265223026275635,0.9939355254173279
h6_pulse,H1 + tautness pulse,h6_pulse,1,151,0.6952380537986755,0.6914749145507812,0.9378167986869812
h6_pulse,H1 + tautness pulse,h6_pulse,1,152,0.6448979377746582,0.641407310962677,0.9837979674339294
h6_pulse,H1 + tautness pulse,h6_pulse,1,153,0.6517006754875183,0.6468200087547302,0.9632512927055359
h6_pulse,H1 + tautness pulse,h6_pulse,1,154,0.6721088290214539,0.6684708595275879,0.951665461063385
h6_pulse,H1 + tautness pulse,h6_pulse,1,155,0.5959183573722839,0.5940459966659546,0.947411298751831
h6_pulse,H1 + tautness pulse,h6_pulse,1,156,0.7034013271331787,0.6968876719474792,0.977914571762085
h6_pulse,H1 + tautness pulse,h6_pulse,1,157,0.7156462669372559,0.7117726802825928,0.9584540128707886
h6_pulse,H1 + tautness pulse,h6_pulse,1,158,0.8340135812759399,0.8294993042945862,0.987418532371521
h6_pulse,H1 + tautness pulse,h6_pulse,1,159,0.7115646004676819,0.7063599228858948,0.9913106560707092
h6_pulse,H1 + tautness pulse,h6_pulse,1,160,0.6829931735992432,0.6820027232170105,0.9652425646781921
h6_pulse,H1 + tautness pulse,h6_pulse,1,161,0.7034013271331787,0.6982408165931702,0.981082558631897
h6_pulse,H1 + tautness pulse,h6_pulse,1,162,0.6421768665313721,0.6387009024620056,0.9160934090614319
h6_pulse,H1 + tautness pulse,h6_pulse,1,163,0.6938775181770325,0.6901217699050903,0.9274076819419861
h6_pulse,H1 + tautness pulse,h6_pulse,1,164,0.7782312631607056,0.7726657390594482,0.9869659543037415
h6_pulse,H1 + tautness pulse,h6_pulse,1,165,0.6802720427513123,0.6765899658203125,0.8883960843086243
h6_pulse,H1 + tautness pulse,h6_pulse,1,166,0.6775509715080261,0.6738836169242859,0.9452389478683472
h6_pulse,H1 + tautness pulse,h6_pulse,1,167,0.7333333492279053,0.7307171821594238,0.9732078313827515
h6_pulse,H1 + tautness pulse,h6_pulse,1,168,0.5333333611488342,0.5304465889930725,0.9627081751823425
h6_pulse,H1 + tautness pulse,h6_pulse,1,169,0.7170067429542542,0.7131258249282837,0.9767378568649292
h6_pulse,H1 + tautness pulse,h6_pulse,1,170,0.6884353756904602,0.6833558678627014,0.959087610244751
h6_pulse,H1 + tautness pulse,h6_pulse,1,171,0.6911564469337463,0.6874154210090637,0.9826213121414185
h6_pulse,H1 + tautness pulse,h6_pulse,1,172,0.7006802558898926,0.6982408165931702,0.9847031235694885
h6_pulse,H1 + tautness pulse,h6_pulse,1,173,0.8040816187858582,0.798376202583313,0.9742940068244934
h6_pulse,H1 + tautness pulse,h6_pulse,1,174,0.45578232407569885,0.45466846227645874,0.9389029741287231
h6_pulse,H1 + tautness pulse,h6_pulse,1,175,0.510204017162323,0.5074424743652344,0.9632512927055359
h6_pulse,H1 + tautness pulse,h6_pulse,1,176,0.44897958636283875,0.4465493857860565,0.8661296367645264
h6_pulse,H1 + tautness pulse,h6_pulse,1,177,0.7591836452484131,0.7550743818283081,0.9855177402496338
h6_pulse,H1 + tautness pulse,h6_pulse,1,178,0.8244897723197937,0.8200270533561707,0.9857892990112305
h6_pulse,H1 + tautness pulse,h6_pulse,1,179,0.8190475702285767,0.8132611513137817,0.9866943955421448
h6_pulse,H1 + tautness pulse,h6_pulse,1,180,0.718367338180542,0.7131258249282837,0.9821687340736389
h6_pulse,H1 + tautness pulse,h6_pulse,1,181,0.7088435292243958,0.7009472250938416,0.9774619936943054
h6_pulse,H1 + tautness pulse,h6_pulse,1,182,0.67482990026474,0.6698240637779236,0.9926683306694031
h6_pulse,H1 + tautness pulse,h6_pulse,1,183,0.6544217467308044,0.6522327661514282,0.9821687340736389
h6_pulse,H1 + tautness pulse,h6_pulse,1,184,0.7442176342010498,0.7388362884521484,0.9776430130004883
h6_pulse,H1 + tautness pulse,h6_pulse,1,185,0.6163265109062195,0.6143437027931213,0.9646995067596436
h6_pulse,H1 + tautness pulse,h6_pulse,1,186,0.5755102038383484,0.5723951458930969,0.9448769092559814
h6_pulse,H1 + tautness pulse,h6_pulse,1,187,0.7551019787788391,0.7496616840362549,0.9720311164855957
h6_pulse,H1 + tautness pulse,h6_pulse,1,188,0.5605442523956299,0.5588633418083191,0.9574583768844604
h6_pulse,H1 + tautness pulse,h6_pulse,1,189,0.6707482933998108,0.6698240637779236,0.9350108504295349
h6_pulse,H1 + tautness pulse,h6_pulse,1,190,0.6068027019500732,0.6035182476043701,0.9602643251419067
h6_pulse,H1 + tautness pulse,h6_pulse,1,191,0.5809524059295654,0.5791609883308411,0.9801774024963379
h6_pulse,H1 + tautness pulse,h6_pulse,1,192,0.6639455556869507,0.6603518128395081,0.981987714767456
h6_pulse,H1 + tautness pulse,h6_pulse,1,193,0.7374148964881897,0.7334235310554504,0.932838499546051
h6_pulse,H1 + tautness pulse,h6_pulse,1,194,0.8530611395835876,0.8484438061714172,0.9777335524559021
h6_pulse,H1 + tautness pulse,h6_pulse,1,195,0.6544217467308044,0.6508795619010925,0.9840695261955261
h6_pulse,H1 + tautness pulse,h6_pulse,1,196,0.6952380537986755,0.6928281188011169,0.9661477208137512
h6_pulse,H1 + tautness pulse,h6_pulse,1,197,0.6625850200653076,0.6589986085891724,0.9634323120117188
h6_pulse,H1 + tautness pulse,h6_pulse,1,198,0.6707482933998108,0.6657645106315613,0.9238775968551636
h6_pulse,H1 + tautness pulse,h6_pulse,1,199,0.75782310962677,0.7537212371826172,0.9825307726860046
h6_pulse,H1 + tautness pulse,h6_pulse,1,200,0.669387698173523,0.6657645106315613,0.978005051612854
h6_pulse,H1 + tautness pulse,h6_pulse,1,201,0.7795917987823486,0.7740189433097839,0.9923968315124512
h6_pulse,H1 + tautness pulse,h6_pulse,1,202,0.6503400802612305,0.6468200087547302,0.9807205200195312
h6_pulse,H1 + tautness pulse,h6_pulse,1,203,0.5823128819465637,0.5791609883308411,0.934829831123352
h6_pulse,H1 + tautness pulse,h6_pulse,1,204,0.5673469305038452,0.5642760396003723,0.9739319086074829
h6_pulse,H1 + tautness pulse,h6_pulse,1,205,0.6843537092208862,0.6792963743209839,0.9511224031448364
h6_pulse,H1 + tautness pulse,h6_pulse,1,206,0.7850339412689209,0.7807847857475281,0.9757422208786011
h6_pulse,H1 + tautness pulse,h6_pulse,1,207,0.8462584614753723,0.8416779041290283,0.9845221042633057
h6_pulse,H1 + tautness pulse,h6_pulse,1,208,0.6979591846466064,0.6914749145507812,0.9802679419517517
h6_pulse,H1 + tautness pulse,h6_pulse,1,209,0.6802720427513123,0.6765899658203125,0.9646089673042297
h6_pulse,H1 + tautness pulse,h6_pulse,1,210,0.7469387650489807,0.7442489862442017,0.9938450455665588
h6_pulse,H1 + tautness pulse,h6_pulse,1,211,0.6884353756904602,0.6847090721130371,0.9552860260009766
h6_pulse,H1 + tautness pulse,h6_pulse,1,212,0.8761904239654541,0.8700947165489197,0.9910390973091125
h6_pulse,H1 + tautness pulse,h6_pulse,1,213,0.8503401279449463,0.8457375168800354,0.9950217008590698
h6_pulse,H1 + tautness pulse,h6_pulse,1,214,0.5156462788581848,0.5128552317619324,0.9637038111686707
h6_pulse,H1 + tautness pulse,h6_pulse,1,215,0.6952380537986755,0.6901217699050903,0.9775524735450745
h6_pulse,H1 + tautness pulse,h6_pulse,1,216,0.5006802678108215,0.49932339787483215,0.9118392467498779
h6_pulse,H1 + tautness pulse,h6_pulse,1,217,0.5659863948822021,0.5629228949546814,0.9657856822013855
h6_pulse,H1 + tautness pulse,h6_pulse,1,218,0.4653060734272003,0.46278753876686096,0.9570057988166809
h6_pulse,H1 + tautness pulse,h6_pulse,1,219,0.6340135931968689,0.6305818557739258,0.9608979225158691
h6_pulse,H1 + tautness pulse,h6_pulse,1,220,0.6448979377746582,0.641407310962677,0.9891383051872253
h6_pulse,H1 + tautness pulse,h6_pulse,1,221,0.7020407915115356,0.6982408165931702,0.968501091003418
h6_pulse,H1 + tautness pulse,h6_pulse,1,222,0.8122448325157166,0.8078483939170837,0.9848841428756714
h6_pulse,H1 + tautness pulse,h6_pulse,1,223,0.5442176461219788,0.541271984577179,0.9604453444480896
h6_pulse,H1 + tautness pulse,h6_pulse,1,224,0.5904761552810669,0.5872800946235657,0.982259213924408
h6_pulse,H1 + tautness pulse,h6_pulse,1,225,0.6897958517074585,0.686062216758728,0.9879616498947144
h6_pulse,H1 + tautness pulse,h6_pulse,1,226,0.6666666269302368,0.661704957485199,0.9931209087371826
h6_pulse,H1 + tautness pulse,h6_pulse,1,227,0.6707482933998108,0.667117714881897,0.9837074875831604
h6_pulse,H1 + tautness pulse,h6_pulse,1,228,0.7482993006706238,0.7442489862442017,0.9675959348678589
h6_pulse,H1 + tautness pulse,h6_pulse,1,229,0.7755101919174194,0.7713125944137573,0.9934830069541931
h6_pulse,H1 + tautness pulse,h6_pulse,1,230,0.4843537211418152,0.4817320704460144,0.9399891495704651
h6_pulse,H1 + tautness pulse,h6_pulse,1,231,0.710204005241394,0.7077131271362305,0.947411298751831
h6_pulse,H1 + tautness pulse,h6_pulse,1,232,0.5496598482131958,0.5466846823692322,0.9758327007293701
h6_pulse,H1 + tautness pulse,h6_pulse,1,233,0.7795917987823486,0.7753720879554749,0.9904054999351501
h6_pulse,H1 + tautness pulse,h6_pulse,1,234,0.6775509715080261,0.6738836169242859,0.9823497533798218
h6_pulse,H1 + tautness pulse,h6_pulse,1,235,0.6476190090179443,0.6441136598587036,0.9713975191116333
h6_pulse,H1 + tautness pulse,h6_pulse,1,236,0.6639455556869507,0.6603518128395081,0.9804489612579346
h6_pulse,H1 + tautness pulse,h6_pulse,1,237,0.6503400802612305,0.6481732130050659,0.9895003437995911
h6_pulse,H1 + tautness pulse,h6_pulse,1,238,0.6911564469337463,0.6874154210090637,0.9717596173286438
h6_pulse,H1 + tautness pulse,h6_pulse,1,239,0.5455782413482666,0.5426251888275146,0.9505792856216431
h5_oracle,oracle-guided 2nd grasp,h5_oracle,1,0,0.48313090205192566,0.484438419342041,0.9388124346733093
h5_oracle,oracle-guided 2nd grasp,h5_oracle,1,1,0.524966299533844,0.5263869762420654,0.9507603049278259
h5_oracle,oracle-guided 2nd grasp,h5_oracle,1,2,0.7746289372444153,0.7767252922058105,0.9766473770141602
h5_oracle,oracle-guided 2nd grasp,h5_oracle,1,3,0.7746289372444153,0.7780784368515015,0.9683200716972351
h5_oracle,oracle-guided 2nd grasp,h5_oracle,1,4,0.71659916639328,0.717185378074646,0.9864228963851929
h5_oracle,oracle-guided 2nd grasp,h5_oracle,1,5,0.8232119083404541,0.8254397511482239,0.9840695261955261
h5_oracle,oracle-guided 2nd grasp,h5_oracle,1,6,0.8178137540817261,0.8200270533561707,0.9534757137298584
h5_oracle,oracle-guided 2nd grasp,h5_oracle,1,7,0.6936572194099426,0.6955344676971436,0.9760137796401978
h5_oracle,oracle-guided 2nd grasp,h5_oracle,1,8,0.6963562965393066,0.6982408165931702,0.9750180840492249
h5_oracle,oracle-guided 2nd grasp,h5_oracle,1,9,0.8663967847824097,0.868741512298584,0.9761042594909668
h5_oracle,oracle-guided 2nd grasp,h5_oracle,1,10,0.6747638583183289,0.6765899658203125,0.9742034673690796
h5_oracle,oracle-guided 2nd grasp,h5_oracle,1,11,0.734143078327179,0.736129879951477,0.9632512927055359
h5_oracle,oracle-guided 2nd grasp,h5_oracle,1,12,0.8933873176574707,0.8971582651138306,0.9763758182525635
h5_oracle,oracle-guided 2nd grasp,h5_oracle,1,13,0.6329284906387329,0.6346414089202881,0.9217957854270935
h5_oracle,oracle-guided 2nd grasp,h5_oracle,1,14,0.7827260494232178,0.7861975431442261,0.9866039156913757
h5_oracle,oracle-guided 2nd grasp,h5_oracle,1,15,0.7004048824310303,0.7023004293441772,0.9700398445129395
h5_oracle,oracle-guided 2nd grasp,h5_oracle,1,16,0.7570850849151611,0.7577807903289795,0.9745655059814453
h5_oracle,oracle-guided 2nd grasp,h5_oracle,1,17,0.6437247395515442,0.6441136598587036,0.9546524286270142
h5_oracle,oracle-guided 2nd grasp,h5_oracle,1,18,0.7516869306564331,0.7550743818283081,0.9660571813583374
h5_oracle,oracle-guided 2nd grasp,h5_oracle,1,19,0.7651821970939636,0.7686062455177307,0.9645184874534607
h5_oracle,oracle-guided 2nd grasp,h5_oracle,1,20,0.5452091693878174,0.5493910312652588,0.94541996717453
h5_oracle,oracle-guided 2nd grasp,h5_oracle,1,21,0.7233468294143677,0.7253044247627258,0.9742940068244934
h5_oracle,oracle-guided 2nd grasp,h5_oracle,1,22,0.5317139029502869,0.5331529378890991,0.8692976236343384
h5_oracle,oracle-guided 2nd grasp,h5_oracle,1,23,0.7503374218940735,0.7510148286819458,0.9699493050575256
h5_oracle,oracle-guided 2nd grasp,h5_oracle,1,24,0.697705864906311,0.6995940208435059,0.9849746823310852
h5_oracle,oracle-guided 2nd grasp,h5_oracle,1,25,0.7395411729812622,0.741542637348175,0.932838499546051
h5_oracle,oracle-guided 2nd grasp,h5_oracle,1,26,0.7476383447647095,0.7496616840362549,0.9892288446426392
h5_oracle,oracle-guided 2nd grasp,h5_oracle,1,27,0.6963562965393066,0.6968876719474792,0.9396271109580994
h5_oracle,oracle-guided 2nd grasp,h5_oracle,1,28,0.8124156594276428,0.8146143555641174,0.9832549095153809
h5_oracle,oracle-guided 2nd grasp,h5_oracle,1,29,0.5735492706298828,0.5751014947891235,0.9760137796401978
h5_oracle,oracle-guided 2nd grasp,h5_oracle,1,30,0.5317139029502869,0.5317997336387634,0.9272266626358032
h5_oracle,oracle-guided 2nd grasp,h5_oracle,1,31,0.8636977076530457,0.8646820187568665,0.9920347332954407
h5_oracle,oracle-guided 2nd grasp,h5_oracle,1,32,0.5182186365127563,0.5196210741996765,0.9714880585670471
h5_oracle,oracle-guided 2nd grasp,h5_oracle,1,33,0.8002699017524719,0.8024356961250305,0.9899529218673706
h5_oracle,oracle-guided 2nd grasp,h5_oracle,1,34,0.7017543911933899,0.7050067782402039,0.9762852787971497
h5_oracle,oracle-guided 2nd grasp,h5_oracle,1,35,0.7570850849151611,0.7577807903289795,0.9734793901443481
h5_oracle,oracle-guided 2nd grasp,h5_oracle,1,36,0.7004048824310303,0.7023004293441772,0.9770999550819397
h5_oracle,oracle-guided 2nd grasp,h5_oracle,1,37,0.7246963977813721,0.7266576290130615,0.9646089673042297
h5_oracle,oracle-guided 2nd grasp,h5_oracle,1,38,0.5492578148841858,0.5507442355155945,0.9035119414329529
h5_oracle,oracle-guided 2nd grasp,h5_oracle,1,39,0.7246963977813721,0.7266576290130615,0.9760137796401978
h5_oracle,oracle-guided 2nd grasp,h5_oracle,1,40,0.8110661506652832,0.8132611513137817,0.9816256165504456
h5_oracle,oracle-guided 2nd grasp,h5_oracle,1,41,0.6153846383094788,0.617050051689148,0.9751991033554077
h5_oracle,oracle-guided 2nd grasp,h5_oracle,1,42,0.5263158082962036,0.5277401804924011,0.9530231952667236
h5_oracle,oracle-guided 2nd grasp,h5_oracle,1,43,0.659919023513794,0.661704957485199,0.9293084740638733
h5_oracle,oracle-guided 2nd grasp,h5_oracle,1,44,0.7395411729812622,0.741542637348175,0.987328052520752
h5_oracle,oracle-guided 2nd grasp,h5_oracle,1,45,0.7813765406608582,0.7821379899978638,0.9757422208786011
h5_oracle,oracle-guided 2nd grasp,h5_oracle,1,46,0.7314440011978149,0.7320703864097595,0.9667813181877136
h5_oracle,oracle-guided 2nd grasp,h5_oracle,1,47,0.7422402501106262,0.7442489862442017,0.9806299805641174
h5_oracle,oracle-guided 2nd grasp,h5_oracle,1,48,0.7557355165481567,0.7577807903289795,0.9962888956069946
h5_oracle,oracle-guided 2nd grasp,h5_oracle,1,49,0.6801619529724121,0.6820027232170105,0.9847936034202576
h5_oracle,oracle-guided 2nd grasp,h5_oracle,1,50,0.6855601072311401,0.6874154210090637,0.9790007472038269
h5_oracle,oracle-guided 2nd grasp,h5_oracle,1,51,0.763832688331604,0.7658998370170593,0.9553765654563904
h5_oracle,oracle-guided 2nd grasp,h5_oracle,1,52,0.7206478118896484,0.7225980758666992,0.9565532207489014
h5_oracle,oracle-guided 2nd grasp,h5_oracle,1,53,0.734143078327179,0.736129879951477,0.9817161560058594
h5_oracle,oracle-guided 2nd grasp,h5_oracle,1,54,0.5425101518630981,0.5453315377235413,0.8532766103744507
h5_oracle,oracle-guided 2nd grasp,h5_oracle,1,55,0.668016254901886,0.6698240637779236,0.9730268120765686
h5_oracle,oracle-guided 2nd grasp,h5_oracle,1,56,0.6275303363800049,0.6292286515235901,0.9666002988815308
h5_oracle,oracle-guided 2nd grasp,h5_oracle,1,57,0.5195682048797607,0.5209742784500122,0.8752715587615967
h5_oracle,oracle-guided 2nd grasp,h5_oracle,1,58,0.479082316160202,0.4803788661956787,0.95709627866745
h5_oracle,oracle-guided 2nd grasp,h5_oracle,1,59,0.5371120572090149,0.5385656356811523,0.9606263637542725
h5_oracle,oracle-guided 2nd grasp,h5_oracle,1,60,0.766531765460968,0.7686062455177307,0.9886857271194458
h5_oracle,oracle-guided 2nd grasp,h5_oracle,1,61,0.659919023513794,0.6603518128395081,0.9788196682929993
h5_oracle,oracle-guided 2nd grasp,h5_oracle,1,62,0.695006787776947,0.6955344676971436,0.989409863948822
h5_oracle,oracle-guided 2nd grasp,h5_oracle,1,63,0.7449393272399902,0.7469553351402283,0.9786386489868164
h5_oracle,oracle-guided 2nd grasp,h5_oracle,1,64,0.8434548377990723,0.8470907211303711,0.9734793901443481
h5_oracle,oracle-guided 2nd grasp,h5_oracle,1,65,0.5128205418586731,0.5142083764076233,0.8630521297454834
h5_oracle,oracle-guided 2nd grasp,h5_oracle,1,66,0.6612685918807983,0.661704957485199,0.977914571762085
h5_oracle,oracle-guided 2nd grasp,h5_oracle,1,67,0.7314440011978149,0.7334235310554504,0.966238260269165
h5_oracle,oracle-guided 2nd grasp,h5_oracle,1,68,0.52226722240448,0.5236806273460388,0.9521180391311646
h5_oracle,oracle-guided 2nd grasp,h5_oracle,1,69,0.7449393272399902,0.7469553351402283,0.9581824541091919
h5_oracle,oracle-guided 2nd grasp,h5_oracle,1,70,0.7678812742233276,0.7699593901634216,0.9647899866104126
h5_oracle,oracle-guided 2nd grasp,h5_oracle,1,71,0.7206478118896484,0.7225980758666992,0.98624187707901
h5_oracle,oracle-guided 2nd grasp,h5_oracle,1,72,0.7719298601150513,0.7726657390594482,0.9902244806289673
h5_oracle,oracle-guided 2nd grasp,h5_oracle,1,73,0.8056679964065552,0.8078483939170837,0.9529326558113098
h5_oracle,oracle-guided 2nd grasp,h5_oracle,1,74,0.6828610301017761,0.6833558678627014,0.9923968315124512
h5_oracle,oracle-guided 2nd grasp,h5_oracle,1,75,0.7031039595603943,0.7036535739898682,0.9494931101799011
h5_oracle,oracle-guided 2nd grasp,h5_oracle,1,76,0.6666666865348816,0.6684708595275879,0.9521180391311646
h5_oracle,oracle-guided 2nd grasp,h5_oracle,1,77,0.6774629354476929,0.6792963743209839,0.9599927663803101
h5_oracle,oracle-guided 2nd grasp,h5_oracle,1,78,0.7287449240684509,0.7307171821594238,0.9922158122062683
h5_oracle,oracle-guided 2nd grasp,h5_oracle,1,79,0.596491277217865,0.5994586944580078,0.9670528769493103
h5_oracle,oracle-guided 2nd grasp,h5_oracle,1,80,0.7557355165481567,0.7577807903289795,0.9818971753120422
h5_oracle,oracle-guided 2nd grasp,h5_oracle,1,81,0.9190283417701721,0.9215155243873596,0.9641563892364502
h5_oracle,oracle-guided 2nd grasp,h5_oracle,1,82,0.7300944924354553,0.7320703864097595,0.9092143177986145
h5_oracle,oracle-guided 2nd grasp,h5_oracle,1,83,0.7031039595603943,0.7050067782402039,0.9278602600097656
h5_oracle,oracle-guided 2nd grasp,h5_oracle,1,84,0.7273954749107361,0.7293640375137329,0.9592686295509338
h5_oracle,oracle-guided 2nd grasp,h5_oracle,1,85,0.7543860077857971,0.7564275860786438,0.9661477208137512
h5_oracle,oracle-guided 2nd grasp,h5_oracle,1,86,0.8245614171028137,0.8267929553985596,0.9845221042633057
h5_oracle,oracle-guided 2nd grasp,h5_oracle,1,87,0.7381916642189026,0.742895781993866,0.94333815574646
h5_oracle,oracle-guided 2nd grasp,h5_oracle,1,88,0.6936572194099426,0.6968876719474792,0.9801774024963379
h5_oracle,oracle-guided 2nd grasp,h5_oracle,1,89,0.7894737124443054,0.7916103005409241,0.970582902431488
h5_oracle,oracle-guided 2nd grasp,h5_oracle,1,90,0.7273954749107361,0.7293640375137329,0.9851557016372681
h5_oracle,oracle-guided 2nd grasp,h5_oracle,1,91,0.8731444478034973,0.8755074739456177,0.9677769541740417
h5_oracle,oracle-guided 2nd grasp,h5_oracle,1,92,0.6693657040596008,0.6711772680282593,0.9933924674987793
h5_oracle,oracle-guided 2nd grasp,h5_oracle,1,93,0.6099864840507507,0.610284149646759,0.9857892990112305
h5_oracle,oracle-guided 2nd grasp,h5_oracle,1,94,0.5721997618675232,0.5737482905387878,0.9688631296157837
h5_oracle,oracle-guided 2nd grasp,h5_oracle,1,95,0.7921727895736694,0.7956697940826416,0.9285843372344971
h5_oracle,oracle-guided 2nd grasp,h5_oracle,1,96,0.7004048824310303,0.7023004293441772,0.9783671498298645
h5_oracle,oracle-guided 2nd grasp,h5_oracle,1,97,0.5074224472045898,0.5087956786155701,0.8888486623764038
h5_oracle,oracle-guided 2nd grasp,h5_oracle,1,98,0.8070175647735596,0.8092015981674194,0.9784576296806335
h5_oracle,oracle-guided 2nd grasp,h5_oracle,1,99,0.5033738017082214,0.5047361254692078,0.8782585263252258
h5_oracle,oracle-guided 2nd grasp,h5_oracle,1,100,0.692307710647583,0.6928281188011169,0.9850651621818542
h5_oracle,oracle-guided 2nd grasp,h5_oracle,1,101,0.6855601072311401,0.6874154210090637,0.9887762665748596
h5_oracle,oracle-guided 2nd grasp,h5_oracle,1,102,0.6369770765304565,0.6387009024620056,0.987418532371521
h5_oracle,oracle-guided 2nd grasp,h5_oracle,1,103,0.697705864906311,0.6995940208435059,0.964246928691864
h5_oracle,oracle-guided 2nd grasp,h5_oracle,1,104,0.5344129800796509,0.5358592867851257,0.974746584892273
h5_oracle,oracle-guided 2nd grasp,h5_oracle,1,105,0.8394062519073486,0.8416779041290283,0.9672338962554932
h5_oracle,oracle-guided 2nd grasp,h5_oracle,1,106,0.7152497172355652,0.717185378074646,0.9714880585670471
h5_oracle,oracle-guided 2nd grasp,h5_oracle,1,107,0.5708502531051636,0.5723951458930969,0.9553765654563904
h5_oracle,oracle-guided 2nd grasp,h5_oracle,1,108,0.6221322417259216,0.6238159537315369,0.9778240323066711
h5_oracle,oracle-guided 2nd grasp,h5_oracle,1,109,0.6585695147514343,0.6603518128395081,0.9304851293563843
h5_oracle,oracle-guided 2nd grasp,h5_oracle,1,110,0.689608633518219,0.6901217699050903,0.993664026260376
h5_oracle,oracle-guided 2nd grasp,h5_oracle,1,111,0.4885290265083313,0.4884979724884033,0.9070420265197754
h5_oracle,oracle-guided 2nd grasp,h5_oracle,1,112,0.4264507591724396,0.42625170946121216,0.954742968082428
h5_oracle,oracle-guided 2nd grasp,h5_oracle,1,113,0.9068825840950012,0.9079837203025818,0.9910390973091125
h5_oracle,oracle-guided 2nd grasp,h5_oracle,1,114,0.7246963977813721,0.7280108332633972,0.9927588701248169
h5_oracle,oracle-guided 2nd grasp,h5_oracle,1,115,0.6761133670806885,0.672530472278595,0.9542903900146484
h5_oracle,oracle-guided 2nd grasp,h5_oracle,1,116,0.7489878535270691,0.7510148286819458,0.9564626812934875
h5_oracle,oracle-guided 2nd grasp,h5_oracle,1,117,0.8245614171028137,0.8267929553985596,0.9902244806289673
h5_oracle,oracle-guided 2nd grasp,h5_oracle,1,118,0.7530364394187927,0.7550743818283081,0.9812635779380798
h5_oracle,oracle-guided 2nd grasp,h5_oracle,1,119,0.6086370348930359,0.610284149646759,0.987418532371521
h5_oracle,oracle-guided 2nd grasp,h5_oracle,1,120,0.45748990774154663,0.45872801542282104,0.9234250783920288
h5_oracle,oracle-guided 2nd grasp,h5_oracle,1,121,0.7314440011978149,0.736129879951477,0.9634323120117188
h5_oracle,oracle-guided 2nd grasp,h5_oracle,1,122,0.7044534683227539,0.7063599228858948,0.9669623374938965
h5_oracle,oracle-guided 2nd grasp,h5_oracle,1,123,0.6801619529724121,0.6820027232170105,0.9932114481925964
h5_oracle,oracle-guided 2nd grasp,h5_oracle,1,124,0.7530364394187927,0.7564275860786438,0.9809920191764832
h5_oracle,oracle-guided 2nd grasp,h5_oracle,1,125,0.6221322417259216,0.6238159537315369,0.9403511881828308
h5_oracle,oracle-guided 2nd grasp,h5_oracle,1,126,0.7813765406608582,0.7834911942481995,0.9625271558761597
h5_oracle,oracle-guided 2nd grasp,h5_oracle,1,127,0.5641025900840759,0.565629243850708,0.9468682408332825
h5_oracle,oracle-guided 2nd grasp,h5_oracle,1,128,0.7800270318984985,0.7821379899978638,0.9855177402496338
h5_oracle,oracle-guided 2nd grasp,h5_oracle,1,129,0.76113361120224,0.7631934881210327,0.9872375130653381
h5_oracle,oracle-guided 2nd grasp,h5_oracle,1,130,0.7031039595603943,0.7063599228858948,0.9646089673042297
h5_oracle,oracle-guided 2nd grasp,h5_oracle,1,131,0.7705802917480469,0.7726657390594482,0.9663287401199341
h5_oracle,oracle-guided 2nd grasp,h5_oracle,1,132,0.6788124442100525,0.6806495189666748,0.9493120908737183
h5_oracle,oracle-guided 2nd grasp,h5_oracle,1,133,0.48313090205192566,0.484438419342041,0.9785481691360474
h5_oracle,oracle-guided 2nd grasp,h5_oracle,1,134,0.5141700506210327,0.515561580657959,0.937092661857605
h5_oracle,oracle-guided 2nd grasp,h5_oracle,1,135,0.7516869306564331,0.7537212371826172,0.9689536690711975
h5_oracle,oracle-guided 2nd grasp,h5_oracle,1,136,0.9419703483581543,0.944519579410553,0.9942070841789246
h5_oracle,oracle-guided 2nd grasp,h5_oracle,1,137,0.5951417088508606,0.5967523455619812,0.8985336422920227
h5_oracle,oracle-guided 2nd grasp,h5_oracle,1,138,0.7273954749107361,0.7307171821594238,0.9686821103096008
h5_oracle,oracle-guided 2nd grasp,h5_oracle,1,139,0.4979757070541382,0.49932339787483215,0.8877624869346619
h5_oracle,oracle-guided 2nd grasp,h5_oracle,1,140,0.7759783864021301,0.7780784368515015,0.9689536690711975
h5_oracle,oracle-guided 2nd grasp,h5_oracle,1,141,0.7503374218940735,0.7510148286819458,0.9632512927055359
h5_oracle,oracle-guided 2nd grasp,h5_oracle,1,142,0.7557355165481567,0.7564275860786438,0.9498551487922668
h5_oracle,oracle-guided 2nd grasp,h5_oracle,1,143,0.7206478118896484,0.7239512801170349,0.9644279479980469
h5_oracle,oracle-guided 2nd grasp,h5_oracle,1,144,0.6774629354476929,0.6792963743209839,0.9911296367645264
h5_oracle,oracle-guided 2nd grasp,h5_oracle,1,145,0.8448044061660767,0.8457375168800354,0.991672694683075
h5_oracle,oracle-guided 2nd grasp,h5_oracle,1,146,0.6126855611801147,0.6143437027931213,0.9904054999351501
h5_oracle,oracle-guided 2nd grasp,h5_oracle,1,147,0.951417088508606,0.9539918899536133,0.9883236885070801
h5_oracle,oracle-guided 2nd grasp,h5_oracle,1,148,0.71659916639328,0.7185385227203369,0.9849746823310852
h5_oracle,oracle-guided 2nd grasp,h5_oracle,1,149,0.7287449240684509,0.7293640375137329,0.9761042594909668
h5_oracle,oracle-guided 2nd grasp,h5_oracle,1,150,0.7354925870895386,0.7374830842018127,0.9893193244934082
h5_oracle,oracle-guided 2nd grasp,h5_oracle,1,151,0.6126855611801147,0.6143437027931213,0.9880521297454834
h5_oracle,oracle-guided 2nd grasp,h5_oracle,1,152,0.6815114617347717,0.6833558678627014,0.977914571762085
h5_oracle,oracle-guided 2nd grasp,h5_oracle,1,153,0.8380566835403442,0.837618350982666,0.9770999550819397
h5_oracle,oracle-guided 2nd grasp,h5_oracle,1,154,0.6990553140640259,0.6995940208435059,0.9956552982330322
h5_oracle,oracle-guided 2nd grasp,h5_oracle,1,155,0.6707152724266052,0.672530472278595,0.9812635779380798
h5_oracle,oracle-guided 2nd grasp,h5_oracle,1,156,0.43454790115356445,0.4357239305973053,0.9360970258712769
h5_oracle,oracle-guided 2nd grasp,h5_oracle,1,157,0.6531714200973511,0.6549391150474548,0.9838885068893433
h5_oracle,oracle-guided 2nd grasp,h5_oracle,1,158,0.7989203929901123,0.8010825514793396,0.9743844866752625
h5_oracle,oracle-guided 2nd grasp,h5_oracle,1,159,0.554655909538269,0.5561569333076477,0.945329487323761
h5_oracle,oracle-guided 2nd grasp,h5_oracle,1,160,0.8906883001327515,0.893098771572113,0.9491310715675354
h5_oracle,oracle-guided 2nd grasp,h5_oracle,1,161,0.6005398035049438,0.6035182476043701,0.952842116355896
h5_oracle,oracle-guided 2nd grasp,h5_oracle,1,162,0.8353576064109802,0.837618350982666,0.990496039390564
h5_oracle,oracle-guided 2nd grasp,h5_oracle,1,163,0.5506072640419006,0.5520973801612854,0.9018827080726624
h5_oracle,oracle-guided 2nd grasp,h5_oracle,1,164,0.7489878535270691,0.7510148286819458,0.9645184874534607
h5_oracle,oracle-guided 2nd grasp,h5_oracle,1,165,0.7840756177902222,0.7848443984985352,0.9599022269248962
h5_oracle,oracle-guided 2nd grasp,h5_oracle,1,166,0.7449393272399902,0.7469553351402283,0.9884141683578491
h5_oracle,oracle-guided 2nd grasp,h5_oracle,1,167,0.8515519499778748,0.8565629124641418,0.9829833507537842
h5_oracle,oracle-guided 2nd grasp,h5_oracle,1,168,0.5708502531051636,0.5723951458930969,0.8890296816825867
h5_oracle,oracle-guided 2nd grasp,h5_oracle,1,169,0.665317177772522,0.6657645106315613,0.9335626363754272
h5_oracle,oracle-guided 2nd grasp,h5_oracle,1,170,0.7314440011978149,0.7334235310554504,0.9506698250770569
h5_oracle,oracle-guided 2nd grasp,h5_oracle,1,171,0.7031039595603943,0.7050067782402039,0.9581824541091919
h5_oracle,oracle-guided 2nd grasp,h5_oracle,1,172,0.7179487347602844,0.7198917269706726,0.9922158122062683
h5_oracle,oracle-guided 2nd grasp,h5_oracle,1,173,0.7260459065437317,0.7280108332633972,0.9888667464256287
h5_oracle,oracle-guided 2nd grasp,h5_oracle,1,174,0.7152497172355652,0.7158321738243103,0.9602643251419067
h5_oracle,oracle-guided 2nd grasp,h5_oracle,1,175,0.7503374218940735,0.7523680329322815,0.9896813631057739
h5_oracle,oracle-guided 2nd grasp,h5_oracle,1,176,0.6464237570762634,0.6481732130050659,0.9728457927703857
h5_oracle,oracle-guided 2nd grasp,h5_oracle,1,177,0.7139001488685608,0.7158321738243103,0.9802679419517517
h5_oracle,oracle-guided 2nd grasp,h5_oracle,1,178,0.7746289372444153,0.7780784368515015,0.9876900911331177
h5_oracle,oracle-guided 2nd grasp,h5_oracle,1,179,0.695006787776947,0.6982408165931702,0.9867849349975586
h5_oracle,oracle-guided 2nd grasp,h5_oracle,1,180,0.6963562965393066,0.6982408165931702,0.9774619936943054
h5_oracle,oracle-guided 2nd grasp,h5_oracle,1,181,0.7179487347602844,0.7185385227203369,0.9864228963851929
h5_oracle,oracle-guided 2nd grasp,h5_oracle,1,182,0.8070175647735596,0.8092015981674194,0.9722121357917786
h5_oracle,oracle-guided 2nd grasp,h5_oracle,1,183,0.7381916642189026,0.736129879951477,0.9866039156913757
h5_oracle,oracle-guided 2nd grasp,h5_oracle,1,184,0.6815114617347717,0.6833558678627014,0.9497646689414978
h5_oracle,oracle-guided 2nd grasp,h5_oracle,1,185,0.8205128312110901,0.8213802576065063,0.9820781946182251
h5_oracle,oracle-guided 2nd grasp,h5_oracle,1,186,0.736842155456543,0.7388362884521484,0.9794532656669617
h5_oracle,oracle-guided 2nd grasp,h5_oracle,1,187,0.8421052694320679,0.8457375168800354,0.9903149604797363
h5_oracle,oracle-guided 2nd grasp,h5_oracle,1,188,0.5074224472045898,0.5087956786155701,0.8740043640136719
h5_oracle,oracle-guided 2nd grasp,h5_oracle,1,189,0.7854251265525818,0.7875507473945618,0.9911296367645264
h5_oracle,oracle-guided 2nd grasp,h5_oracle,1,190,0.6518218517303467,0.6535859107971191,0.9715785384178162
h5_oracle,oracle-guided 2nd grasp,h5_oracle,1,191,0.8070175647735596,0.8105547428131104,0.9585445523262024
h5_oracle,oracle-guided 2nd grasp,h5_oracle,1,192,0.48043185472488403,0.4803788661956787,0.800325870513916
h5_oracle,oracle-guided 2nd grasp,h5_oracle,1,193,0.71659916639328,0.7198917269706726,0.9939355254173279
h5_oracle,oracle-guided 2nd grasp,h5_oracle,1,194,0.5438596606254578,0.5466846823692322,0.9616219997406006
h5_oracle,oracle-guided 2nd grasp,h5_oracle,1,195,0.4628880023956299,0.46414074301719666,0.906498908996582
h5_oracle,oracle-guided 2nd grasp,h5_oracle,1,196,0.5802968740463257,0.5805141925811768,0.9693157076835632
h5_oracle,oracle-guided 2nd grasp,h5_oracle,1,197,0.7098515629768372,0.7117726802825928,0.9625271558761597
h5_oracle,oracle-guided 2nd grasp,h5_oracle,1,198,0.6882591247558594,0.6901217699050903,0.9766473770141602
h5_oracle,oracle-guided 2nd grasp,h5_oracle,1,199,0.766531765460968,0.767253041267395,0.9702208638191223
h5_oracle,oracle-guided 2nd grasp,h5_oracle,1,200,0.43589743971824646,0.437077134847641,0.9500362277030945
h5_oracle,oracle-guided 2nd grasp,h5_oracle,1,201,0.9689609408378601,0.9715832471847534,0.9943881034851074
h5_oracle,oracle-guided 2nd grasp,h5_oracle,1,202,0.7489878535270691,0.7510148286819458,0.9828023314476013
h5_oracle,oracle-guided 2nd grasp,h5_oracle,1,203,0.7975708842277527,0.8010825514793396,0.9742940068244934
h5_oracle,oracle-guided 2nd grasp,h5_oracle,1,204,0.5141700506210327,0.515561580657959,0.9290369153022766
h5_oracle,oracle-guided 2nd grasp,h5_oracle,1,205,0.7462887763977051,0.7483084797859192,0.9769188761711121
h5_oracle,oracle-guided 2nd grasp,h5_oracle,1,206,0.5843455195426941,0.5859269499778748,0.8511042594909668
h5_oracle,oracle-guided 2nd grasp,h5_oracle,1,207,0.5317139029502869,0.5331529378890991,0.9219768047332764
h5_oracle,oracle-guided 2nd grasp,h5_oracle,1,208,0.692307710647583,0.6928281188011169,0.9675959348678589
h5_oracle,oracle-guided 2nd grasp,h5_oracle,1,209,0.7044534683227539,0.7063599228858948,0.9847031235694885
h5_oracle,oracle-guided 2nd grasp,h5_oracle,1,210,0.6113360524177551,0.6129904985427856,0.9877805709838867
h5_oracle,oracle-guided 2nd grasp,h5_oracle,1,211,0.7112010717391968,0.7117726802825928,0.9553765654563904
h5_oracle,oracle-guided 2nd grasp,h5_oracle,1,212,0.7597841024398804,0.7618403434753418,0.9464156627655029
h5_oracle,oracle-guided 2nd grasp,h5_oracle,1,213,0.524966299533844,0.5263869762420654,0.8848660588264465
h5_oracle,oracle-guided 2nd grasp,h5_oracle,1,214,0.5276653170585632,0.5290933847427368,0.9626176953315735
h5_oracle,oracle-guided 2nd grasp,h5_oracle,1,215,0.8110661506652832,0.8146143555641174,0.9860607981681824
h5_oracle,oracle-guided 2nd grasp,h5_oracle,1,216,0.6275303363800049,0.6292286515235901,0.9709449410438538
h5_oracle,oracle-guided 2nd grasp,h5_oracle,1,217,0.8893387317657471,0.8917455673217773,0.9893193244934082
h5_oracle,oracle-guided 2nd grasp,h5_oracle,1,218,0.7314440011978149,0.7334235310554504,0.93166184425354
h5_oracle,oracle-guided 2nd grasp,h5_oracle,1,219,0.6707152724266052,0.6738836169242859,0.9426140189170837
h5_oracle,oracle-guided 2nd grasp,h5_oracle,1,220,0.719298243522644,0.7212448716163635,0.9643374085426331
h5_oracle,oracle-guided 2nd grasp,h5_oracle,1,221,0.5452091693878174,0.5480378866195679,0.9476828575134277
h5_oracle,oracle-guided 2nd grasp,h5_oracle,1,222,0.4817814230918884,0.4830852746963501,0.8081100583076477
h5_oracle,oracle-guided 2nd grasp,h5_oracle,1,223,0.7098515629768372,0.7117726802825928,0.9788196682929993
h5_oracle,oracle-guided 2nd grasp,h5_oracle,1,224,0.7705802917480469,0.7726657390594482,0.9750180840492249
h5_oracle,oracle-guided 2nd grasp,h5_oracle,1,225,0.7327935695648193,0.7347767353057861,0.98624187707901
h5_oracle,oracle-guided 2nd grasp,h5_oracle,1,226,0.7624831795692444,0.7658998370170593,0.9644279479980469
h5_oracle,oracle-guided 2nd grasp,h5_oracle,1,227,0.7233468294143677,0.7293640375137329,0.9788196682929993
h5_oracle,oracle-guided 2nd grasp,h5_oracle,1,228,0.7489878535270691,0.7523680329322815,0.9838885068893433
h5_oracle,oracle-guided 2nd grasp,h5_oracle,1,229,0.695006787776947,0.6968876719474792,0.9827117919921875
h5_oracle,oracle-guided 2nd grasp,h5_oracle,1,230,0.7462887763977051,0.7483084797859192,0.9745655059814453
h5_oracle,oracle-guided 2nd grasp,h5_oracle,1,231,0.7273954749107361,0.7293640375137329,0.981987714767456
h5_oracle,oracle-guided 2nd grasp,h5_oracle,1,232,0.4669366180896759,0.4695534408092499,0.9367306232452393
h5_oracle,oracle-guided 2nd grasp,h5_oracle,1,233,0.5883941054344177,0.591339647769928,0.9520274996757507
h5_oracle,oracle-guided 2nd grasp,h5_oracle,1,234,0.689608633518219,0.6914749145507812,0.961169421672821
h5_oracle,oracle-guided 2nd grasp,h5_oracle,1,235,0.43319839239120483,0.434370756149292,0.9103004932403564
h5_oracle,oracle-guided 2nd grasp,h5_oracle,1,236,0.6612685918807983,0.661704957485199,0.941075325012207
h5_oracle,oracle-guided 2nd grasp,h5_oracle,1,237,0.6450742483139038,0.6468200087547302,0.9742034673690796
h5_oracle,oracle-guided 2nd grasp,h5_oracle,1,238,0.7408906817436218,0.741542637348175,0.9682295322418213
h5_oracle,oracle-guided 2nd grasp,h5_oracle,1,239,0.5168691277503967,0.5182679295539856,0.9607168436050415
h8_hem,hem↔hem @1.05,h8_hem,1,0,0.9502687454223633,0.9566982388496399,0.9926683306694031
h8_hem,hem↔hem @1.05,h8_hem,1,1,0.9381719827651978,0.944519579410553,0.9993664026260376
h8_hem,hem↔hem @1.05,h8_hem,1,2,0.5577956438064575,0.5615696907043457,0.9750180840492249
h8_hem,hem↔hem @1.05,h8_hem,1,3,0.8118278980255127,0.817320704460144,0.969406247138977
h8_hem,hem↔hem @1.05,h8_hem,1,4,0.6115590929985046,0.615696907043457,0.9332910776138306
h8_hem,hem↔hem @1.05,h8_hem,1,5,0.5591397881507874,0.5629228949546814,0.9710354804992676
h8_hem,hem↔hem @1.05,h8_hem,1,6,0.5551074743270874,0.5588633418083191,0.9693157076835632
h8_hem,hem↔hem @1.05,h8_hem,1,7,0.5309139490127563,0.5372124314308167,0.9539282917976379
h8_hem,hem↔hem @1.05,h8_hem,1,8,0.7809139490127563,0.7861975431442261,0.9591781497001648
h8_hem,hem↔hem @1.05,h8_hem,1,9,0.9072579741477966,0.9106901288032532,0.9986422657966614
h8_hem,hem↔hem @1.05,h8_hem,1,10,1.0067204236984253,1.0135318040847778,0.9859703183174133
h8_hem,hem↔hem @1.05,h8_hem,1,11,0.8776881098747253,0.8836264610290527,0.9929398894309998
h8_hem,hem↔hem @1.05,h8_hem,1,12,0.5564516186714172,0.5615696907043457,0.9666907787322998
h8_hem,hem↔hem @1.05,h8_hem,1,13,0.5913978219032288,0.5940459966659546,0.9878711104393005
h8_hem,hem↔hem @1.05,h8_hem,1,14,1.0618278980255127,1.06901216506958,0.9942976236343384
h8_hem,hem↔hem @1.05,h8_hem,1,15,0.7284945845603943,0.7334235310554504,0.9522990584373474
h8_hem,hem↔hem @1.05,h8_hem,1,16,0.9650537371635437,0.9702300429344177,0.9939355254173279
h8_hem,hem↔hem @1.05,h8_hem,1,17,0.8776881098747253,0.8836264610290527,0.9907675385475159
h8_hem,hem↔hem @1.05,h8_hem,1,18,0.8682795166969299,0.8782137632369995,0.9939355254173279
h8_hem,hem↔hem @1.05,h8_hem,1,19,0.6922042965888977,0.6955344676971436,0.9707639217376709
h8_hem,hem↔hem @1.05,h8_hem,1,20,0.922042965888977,0.9282814860343933,0.9923968315124512
h8_hem,hem↔hem @1.05,h8_hem,1,21,0.9583333134651184,0.9648173451423645,0.9997284412384033
h8_hem,hem↔hem @1.05,h8_hem,1,22,0.5900537371635437,0.5926928520202637,0.9824402332305908
h8_hem,hem↔hem @1.05,h8_hem,1,23,0.7634408473968506,0.7686062455177307,0.9712164998054504
h8_hem,hem↔hem @1.05,h8_hem,1,24,0.9946236610412598,1.001353144645691,0.9934830069541931
h8_hem,hem↔hem @1.05,h8_hem,1,25,0.8951612114906311,0.9012178182601929,0.9897719025611877
h8_hem,hem↔hem @1.05,h8_hem,1,26,0.8897848725318909,0.8958051204681396,0.9941166043281555
h8_hem,hem↔hem @1.05,h8_hem,1,27,0.8642473220825195,0.868741512298584,0.9961984157562256
h8_hem,hem↔hem @1.05,h8_hem,1,28,0.897849440574646,0.9025710225105286,0.9955648183822632
h8_hem,hem↔hem @1.05,h8_hem,1,29,0.5497311353683472,0.5534505844116211,0.970582902431488
h8_hem,hem↔hem @1.05,h8_hem,1,30,0.7083333134651184,0.7131258249282837,0.9906770586967468
h8_hem,hem↔hem @1.05,h8_hem,1,31,0.9758064150810242,0.9837618470191956,0.998008668422699
h8_hem,hem↔hem @1.05,h8_hem,1,32,0.5430107116699219,0.5453315377235413,0.9697682857513428
h8_hem,hem↔hem @1.05,h8_hem,1,33,0.9341397285461426,0.9418132901191711,0.9943881034851074
h8_hem,hem↔hem @1.05,h8_hem,1,34,0.8736558556556702,0.8809201717376709,0.9983707666397095
h8_hem,hem↔hem @1.05,h8_hem,1,35,0.8118278980255127,0.8186739087104797,0.9961984157562256
h8_hem,hem↔hem @1.05,h8_hem,1,36,0.5752687454223633,0.5791609883308411,0.9895908832550049
h8_hem,hem↔hem @1.05,h8_hem,1,37,0.5577956438064575,0.5615696907043457,0.9720311164855957
h8_hem,hem↔hem @1.05,h8_hem,1,38,0.7755375504493713,0.7807847857475281,0.9723932147026062
h8_hem,hem↔hem @1.05,h8_hem,1,39,0.6586021184921265,0.6644113659858704,0.9481354355812073
h8_hem,hem↔hem @1.05,h8_hem,1,40,0.5524193048477173,0.5561569333076477,0.9650615453720093
h8_hem,hem↔hem @1.05,h8_hem,1,41,0.8642473220825195,0.8714478611946106,0.9966509938240051
h8_hem,hem↔hem @1.05,h8_hem,1,42,0.5524193048477173,0.5561569333076477,0.9634323120117188
h8_hem,hem↔hem @1.05,h8_hem,1,43,0.8064515590667725,0.811907947063446,0.9437907338142395
h8_hem,hem↔hem @1.05,h8_hem,1,44,0.7540322542190552,0.7591339945793152,0.9357349872589111
h8_hem,hem↔hem @1.05,h8_hem,1,45,0.9059139490127563,0.9106901288032532,0.994840681552887
h8_hem,hem↔hem @1.05,h8_hem,1,46,0.8615590929985046,0.8673883080482483,0.9972845911979675
h8_hem,hem↔hem @1.05,h8_hem,1,47,0.5618279576301575,0.565629243850708,0.9764663577079773
h8_hem,hem↔hem @1.05,h8_hem,1,48,0.8104838728904724,0.8132611513137817,0.9902244806289673
h8_hem,hem↔hem @1.05,h8_hem,1,49,0.8884408473968506,0.8944519758224487,0.9929398894309998
h8_hem,hem↔hem @1.05,h8_hem,1,50,0.7930107116699219,0.798376202583313,0.9791817665100098
h8_hem,hem↔hem @1.05,h8_hem,1,51,0.943548321723938,0.9472259879112244,0.9959268569946289
h8_hem,hem↔hem @1.05,h8_hem,1,52,0.5712365508079529,0.5737482905387878,0.9780955910682678
h8_hem,hem↔hem @1.05,h8_hem,1,53,0.8481181859970093,0.8511502146720886,0.9890477657318115
h8_hem,hem↔hem @1.05,h8_hem,1,54,0.6303763389587402,0.6346414089202881,0.9837074875831604
h8_hem,hem↔hem @1.05,h8_hem,1,55,0.8723117709159851,0.8795669674873352,0.9949312210083008
h8_hem,hem↔hem @1.05,h8_hem,1,56,0.7338709235191345,0.7401894330978394,0.954742968082428
h8_hem,hem↔hem @1.05,h8_hem,1,57,0.721774160861969,0.7266576290130615,0.989409863948822
h8_hem,hem↔hem @1.05,h8_hem,1,58,0.5645161271095276,0.5683355927467346,0.9720311164855957
h8_hem,hem↔hem @1.05,h8_hem,1,59,0.8790321946144104,0.8836264610290527,0.9960173964500427
h8_hem,hem↔hem @1.05,h8_hem,1,60,0.819892406463623,0.8254397511482239,0.9951122403144836
h8_hem,hem↔hem @1.05,h8_hem,1,61,0.7338709235191345,0.7374830842018127,0.9523895978927612
h8_hem,hem↔hem @1.05,h8_hem,1,62,0.8669354319572449,0.8728010654449463,0.9995474219322205
h8_hem,hem↔hem @1.05,h8_hem,1,63,0.7150537371635437,0.7185385227203369,0.9867849349975586
h8_hem,hem↔hem @1.05,h8_hem,1,64,1.014784812927246,1.020297646522522,0.9961984157562256
h8_hem,hem↔hem @1.05,h8_hem,1,65,0.6357526779174805,0.6400541067123413,0.9417994022369385
h8_hem,hem↔hem @1.05,h8_hem,1,66,0.8373655080795288,0.843031108379364,0.9963794350624084
h8_hem,hem↔hem @1.05,h8_hem,1,67,0.5604838132858276,0.5642760396003723,0.8864952921867371
h8_hem,hem↔hem @1.05,h8_hem,1,68,0.7849462032318115,0.7902570962905884,0.9756516814231873
h8_hem,hem↔hem @1.05,h8_hem,1,69,0.9919354319572449,0.9986467957496643,0.9984612464904785
h8_hem,hem↔hem @1.05,h8_hem,1,70,0.8669354319572449,0.8728010654449463,0.995745837688446
h8_hem,hem↔hem @1.05,h8_hem,1,71,0.7983870506286621,0.8037889003753662,0.9852461814880371
h8_hem,hem↔hem @1.05,h8_hem,1,72,0.5994623303413391,0.6048714518547058,0.968591570854187
h8_hem,hem↔hem @1.05,h8_hem,1,73,0.8131720423698425,0.8200270533561707,0.9845221042633057
h8_hem,hem↔hem @1.05,h8_hem,1,74,0.8172042369842529,0.8227334022521973,0.970582902431488
h8_hem,hem↔hem @1.05,h8_hem,1,75,0.8212364912033081,0.8281461000442505,0.9932114481925964
h8_hem,hem↔hem @1.05,h8_hem,1,76,0.7473117709159851,0.7510148286819458,0.9691346883773804
h8_hem,hem↔hem @1.05,h8_hem,1,77,0.5698924660682678,0.5751014947891235,0.9707639217376709
h8_hem,hem↔hem @1.05,h8_hem,1,78,1.092741847038269,1.100135326385498,0.9972845911979675
h8_hem,hem↔hem @1.05,h8_hem,1,79,0.846774160861969,0.8511502146720886,0.9976466298103333
h8_hem,hem↔hem @1.05,h8_hem,1,80,0.8870967626571655,0.893098771572113,0.9864228963851929
h8_hem,hem↔hem @1.05,h8_hem,1,81,0.7862902879714966,0.7943166494369507,0.9726647138595581
h8_hem,hem↔hem @1.05,h8_hem,1,82,0.7526881098747253,0.7577807903289795,0.9553765654563904
h8_hem,hem↔hem @1.05,h8_hem,1,83,0.6760752201080322,0.6806495189666748,0.9824402332305908
h8_hem,hem↔hem @1.05,h8_hem,1,84,0.7768816947937012,0.7821379899978638,0.9846125841140747
h8_hem,hem↔hem @1.05,h8_hem,1,85,0.5174731016159058,0.5196210741996765,0.9607168436050415
h8_hem,hem↔hem @1.05,h8_hem,1,86,0.5806450843811035,0.5845737457275391,0.8973569869995117
h8_hem,hem↔hem @1.05,h8_hem,1,87,0.9099462032318115,0.9161028265953064,0.9934830069541931
h8_hem,hem↔hem @1.05,h8_hem,1,88,0.7486559152603149,0.7550743818283081,0.9866943955421448
h8_hem,hem↔hem @1.05,h8_hem,1,89,0.899193525314331,0.9052774310112,0.9912201166152954
h8_hem,hem↔hem @1.05,h8_hem,1,90,0.573924720287323,0.5778078436851501,0.966238260269165
h8_hem,hem↔hem @1.05,h8_hem,1,91,0.8951612114906311,0.9012178182601929,0.9986422657966614
h8_hem,hem↔hem @1.05,h8_hem,1,92,0.8172042369842529,0.8213802576065063,0.9686821103096008
h8_hem,hem↔hem @1.05,h8_hem,1,93,0.5793010592460632,0.5845737457275391,0.9917632341384888
h8_hem,hem↔hem @1.05,h8_hem,1,94,0.9422041773796082,0.9472259879112244,0.9996379613876343
h8_hem,hem↔hem @1.05,h8_hem,1,95,0.7365590929985046,0.741542637348175,0.9488595128059387
h8_hem,hem↔hem @1.05,h8_hem,1,96,0.7029569745063782,0.7077131271362305,0.9735698699951172
h8_hem,hem↔hem @1.05,h8_hem,1,97,0.8561827540397644,0.8619756102561951,0.9886857271194458
h8_hem,hem↔hem @1.05,h8_hem,1,98,0.9731181859970093,0.9797022342681885,0.995745837688446
h8_hem,hem↔hem @1.05,h8_hem,1,99,0.7768816947937012,0.7821379899978638,0.9955648183822632
h8_hem,hem↔hem @1.05,h8_hem,1,100,0.5524193048477173,0.5561569333076477,0.976828396320343
h8_hem,hem↔hem @1.05,h8_hem,1,101,0.6034945845603943,0.6075778007507324,0.920166552066803
h8_hem,hem↔hem @1.05,h8_hem,1,102,0.7755375504493713,0.7807847857475281,0.9635227918624878
h8_hem,hem↔hem @1.05,h8_hem,1,103,0.7553762793540955,0.7618403434753418,0.9800869226455688
h8_hem,hem↔hem @1.05,h8_hem,1,104,0.7553762793540955,0.7604871392250061,0.981082558631897
h8_hem,hem↔hem @1.05,h8_hem,1,105,0.9784945249557495,0.9851149916648865,0.9976466298103333
h8_hem,hem↔hem @1.05,h8_hem,1,106,0.8548386096954346,0.8606224060058594,0.9978276491165161
h8_hem,hem↔hem @1.05,h8_hem,1,107,0.7809139490127563,0.7875507473945618,0.9798153638839722
h8_hem,hem↔hem @1.05,h8_hem,1,108,0.865591287612915,0.8700947165489197,0.9920347332954407
h8_hem,hem↔hem @1.05,h8_hem,1,109,0.9301075339317322,0.9377536773681641,0.9972845911979675
h8_hem,hem↔hem @1.05,h8_hem,1,110,0.8723117709159851,0.8782137632369995,0.9954742789268494
h8_hem,hem↔hem @1.05,h8_hem,1,111,0.6680107116699219,0.6711772680282593,0.9928494095802307
h8_hem,hem↔hem @1.05,h8_hem,1,112,0.9153225421905518,0.9215155243873596,0.9966509938240051
h8_hem,hem↔hem @1.05,h8_hem,1,113,0.7903225421905518,0.7956697940826416,0.9650615453720093
h8_hem,hem↔hem @1.05,h8_hem,1,114,0.7728493809700012,0.7767252922058105,0.995745837688446
h8_hem,hem↔hem @1.05,h8_hem,1,115,0.6948924660682678,0.6982408165931702,0.9488595128059387
h8_hem,hem↔hem @1.05,h8_hem,1,116,1.0053763389587402,1.0108253955841064,0.9977371692657471
h8_hem,hem↔hem @1.05,h8_hem,1,117,0.8817204236984253,0.8890392780303955,0.9741129875183105
h8_hem,hem↔hem @1.05,h8_hem,1,118,0.7701612114906311,0.7753720879554749,0.9447863698005676
h8_hem,hem↔hem @1.05,h8_hem,1,119,0.8575268387794495,0.8633288145065308,0.990586519241333
h8_hem,hem↔hem @1.05,h8_hem,1,120,0.9301075339317322,0.9364005923271179,0.9920347332954407
h8_hem,hem↔hem @1.05,h8_hem,1,121,0.8360214829444885,0.8416779041290283,0.9832549095153809
h8_hem,hem↔hem @1.05,h8_hem,1,122,0.9946236610412598,0.9986467957496643,0.9973750710487366
h8_hem,hem↔hem @1.05,h8_hem,1,123,0.6572580337524414,0.661704957485199,0.9412563443183899
h8_hem,hem↔hem @1.05,h8_hem,1,124,0.7822580337524414,0.7875507473945618,0.986332356929779
h8_hem,hem↔hem @1.05,h8_hem,1,125,0.8817204236984253,0.8863328695297241,0.9955648183822632
h8_hem,hem↔hem @1.05,h8_hem,1,126,0.7365590929985046,0.741542637348175,0.9564626812934875
h8_hem,hem↔hem @1.05,h8_hem,1,127,0.5134408473968506,0.5169147253036499,0.9478638768196106
h8_hem,hem↔hem @1.05,h8_hem,1,128,0.797042965888977,0.8051420450210571,0.9910390973091125
h8_hem,hem↔hem @1.05,h8_hem,1,129,0.6841397285461426,0.6874154210090637,0.9868754744529724
h8_hem,hem↔hem @1.05,h8_hem,1,130,0.9610214233398438,0.9675236344337463,0.9952932596206665
h8_hem,hem↔hem @1.05,h8_hem,1,131,0.6841397285461426,0.6887685656547546,0.9733888506889343
h8_hem,hem↔hem @1.05,h8_hem,1,132,0.8602149486541748,0.8660351037979126,0.9967414736747742
h8_hem,hem↔hem @1.05,h8_hem,1,133,0.7620967030525208,0.7686062455177307,0.9627081751823425
h8_hem,hem↔hem @1.05,h8_hem,1,134,0.7244623303413391,0.7293640375137329,0.966238260269165
h8_hem,hem↔hem @1.05,h8_hem,1,135,0.7889784574508667,0.7943166494369507,0.9922158122062683
h8_hem,hem↔hem @1.05,h8_hem,1,136,0.8749999403953552,0.8809201717376709,0.9940260648727417
h8_hem,hem↔hem @1.05,h8_hem,1,137,0.5282257795333862,0.53450608253479,0.9734793901443481
h8_hem,hem↔hem @1.05,h8_hem,1,138,0.8817204236984253,0.8890392780303955,0.9942976236343384
h8_hem,hem↔hem @1.05,h8_hem,1,139,0.8333333134651184,0.8416779041290283,0.9777335524559021
h8_hem,hem↔hem @1.05,h8_hem,1,140,0.9758064150810242,0.9837618470191956,0.9973750710487366
h8_hem,hem↔hem @1.05,h8_hem,1,141,0.9086020588874817,0.9147496223449707,0.9949312210083008
h8_hem,hem↔hem @1.05,h8_hem,1,142,0.5430107116699219,0.5480378866195679,0.9684105515480042
h8_hem,hem↔hem @1.05,h8_hem,1,143,0.9717741012573242,0.9783490300178528,0.9975560903549194
h8_hem,hem↔hem @1.05,h8_hem,1,144,0.8454300761222839,0.8511502146720886,0.9949312210083008
h8_hem,hem↔hem @1.05,h8_hem,1,145,0.819892406463623,0.8254397511482239,0.9847031235694885
h8_hem,hem↔hem @1.05,h8_hem,1,146,0.6989246606826782,0.7036535739898682,0.9698588252067566
h8_hem,hem↔hem @1.05,h8_hem,1,147,0.8293009996414185,0.8335588574409485,0.9915822148323059
h8_hem,hem↔hem @1.05,h8_hem,1,148,0.8830645084381104,0.8890392780303955,0.9907675385475159
h8_hem,hem↔hem @1.05,h8_hem,1,149,0.8844085335731506,0.8903923630714417,0.9973750710487366
h8_hem,hem↔hem @1.05,h8_hem,1,150,0.6760752201080322,0.6779431700706482,0.9556480646133423
h8_hem,hem↔hem @1.05,h8_hem,1,151,0.7016128301620483,0.7063599228858948,0.968501091003418
h8_hem,hem↔hem @1.05,h8_hem,1,152,0.9166666269302368,0.9269282817840576,0.9990948438644409
h8_hem,hem↔hem @1.05,h8_hem,1,153,0.9260752201080322,0.9309877753257751,0.9981897473335266
h8_hem,hem↔hem @1.05,h8_hem,1,154,0.846774160861969,0.8525034189224243,0.9896813631057739
h8_hem,hem↔hem @1.05,h8_hem,1,155,0.8333333134651184,0.8403247594833374,0.9933924674987793
h8_hem,hem↔hem @1.05,h8_hem,1,156,0.7795698642730713,0.7834911942481995,0.9591781497001648
h8_hem,hem↔hem @1.05,h8_hem,1,157,1.0201611518859863,1.0270636081695557,0.9940260648727417
h8_hem,hem↔hem @1.05,h8_hem,1,158,0.8131720423698425,0.817320704460144,0.9977371692657471
h8_hem,hem↔hem @1.05,h8_hem,1,159,0.744623601436615,0.7496616840362549,0.9620745778083801
h8_hem,hem↔hem @1.05,h8_hem,1,160,0.7190859913825989,0.7239512801170349,0.9844315648078918
h8_hem,hem↔hem @1.05,h8_hem,1,161,0.8817204236984253,0.8876860737800598,0.9943881034851074
h8_hem,hem↔hem @1.05,h8_hem,1,162,0.8064515590667725,0.8092015981674194,0.9915822148323059
h8_hem,hem↔hem @1.05,h8_hem,1,163,0.6451612710952759,0.6495264172554016,0.9901339411735535
h8_hem,hem↔hem @1.05,h8_hem,1,164,0.944892406463623,0.9499322772026062,0.9990043640136719
h8_hem,hem↔hem @1.05,h8_hem,1,165,0.7311827540397644,0.736129879951477,0.9570057988166809
h8_hem,hem↔hem @1.05,h8_hem,1,166,0.9489246606826782,0.9553450345993042,0.996922492980957
h8_hem,hem↔hem @1.05,h8_hem,1,167,0.8749999403953552,0.8822733759880066,0.9951122403144836
h8_hem,hem↔hem @1.05,h8_hem,1,168,0.8561827540397644,0.8619756102561951,0.9807205200195312
h8_hem,hem↔hem @1.05,h8_hem,1,169,0.7715053558349609,0.7753720879554749,0.951665461063385
h8_hem,hem↔hem @1.05,h8_hem,1,170,0.943548321723938,0.9512854814529419,0.9966509938240051
h8_hem,hem↔hem @1.05,h8_hem,1,171,0.7715053558349609,0.7753720879554749,0.9908580780029297
h8_hem,hem↔hem @1.05,h8_hem,1,172,0.8440859913825989,0.8497970104217529,0.9992758631706238
h8_hem,hem↔hem @1.05,h8_hem,1,173,0.9717741012573242,0.9783490300178528,0.9915822148323059
h8_hem,hem↔hem @1.05,h8_hem,1,174,0.9287633895874023,0.9350473880767822,0.9800869226455688
h8_hem,hem↔hem @1.05,h8_hem,1,175,0.5362902879714966,0.5399187803268433,0.9658761620521545
h8_hem,hem↔hem @1.05,h8_hem,1,176,0.7661290168762207,0.7713125944137573,0.9899529218673706
h8_hem,hem↔hem @1.05,h8_hem,1,177,0.5645161271095276,0.5683355927467346,0.9803584218025208
h8_hem,hem↔hem @1.05,h8_hem,1,178,0.7379031777381897,0.742895781993866,0.973660409450531
h8_hem,hem↔hem @1.05,h8_hem,1,179,0.8024193048477173,0.8078483939170837,0.9971940517425537
h8_hem,hem↔hem @1.05,h8_hem,1,180,0.9153225421905518,0.9228687286376953,0.9981897473335266
h8_hem,hem↔hem @1.05,h8_hem,1,181,0.6653225421905518,0.6698240637779236,0.9818066358566284
h8_hem,hem↔hem @1.05,h8_hem,1,182,0.9112902879714966,0.9188092350959778,0.9963794350624084
h8_hem,hem↔hem @1.05,h8_hem,1,183,0.8682795166969299,0.8755074739456177,0.9935734868049622
h8_hem,hem↔hem @1.05,h8_hem,1,184,0.8118278980255127,0.8159675598144531,0.9871469736099243
h8_hem,hem↔hem @1.05,h8_hem,1,185,0.944892406463623,0.9512854814529419,0.9982802271842957
h8_hem,hem↔hem @1.05,h8_hem,1,186,0.6559139490127563,0.661704957485199,0.930756688117981
h8_hem,hem↔hem @1.05,h8_hem,1,187,0.545698881149292,0.5507442355155945,0.9660571813583374
h8_hem,hem↔hem @1.05,h8_hem,1,188,0.9973117709159851,1.0040595531463623,0.9996379613876343
h8_hem,hem↔hem @1.05,h8_hem,1,189,0.899193525314331,0.9039242267608643,0.9798153638839722
h8_hem,hem↔hem @1.05,h8_hem,1,190,0.9381719827651978,0.944519579410553,0.9935734868049622
h8_hem,hem↔hem @1.05,h8_hem,1,191,0.819892406463623,0.8254397511482239,0.9939355254173279
h8_hem,hem↔hem @1.05,h8_hem,1,192,0.920698881149292,0.9255750775337219,0.9942070841789246
h8_hem,hem↔hem @1.05,h8_hem,1,193,0.819892406463623,0.8281461000442505,0.9896813631057739
h8_hem,hem↔hem @1.05,h8_hem,1,194,0.5416666269302368,0.5453315377235413,0.9713975191116333
h8_hem,hem↔hem @1.05,h8_hem,1,195,0.5510752201080322,0.5548037886619568,0.9723026752471924
h8_hem,hem↔hem @1.05,h8_hem,1,196,0.9556450843811035,0.9621109366416931,0.9971940517425537
h8_hem,hem↔hem @1.05,h8_hem,1,197,0.4973118305206299,0.5006765723228455,0.956824779510498
h8_hem,hem↔hem @1.05,h8_hem,1,198,0.9126344323158264,0.9174560308456421,0.9956552982330322
h8_hem,hem↔hem @1.05,h8_hem,1,199,1.0107526779174805,1.0175913572311401,0.9961984157562256
h8_hem,hem↔hem @1.05,h8_hem,1,200,0.8951612114906311,0.899864673614502,0.9990948438644409
h8_hem,hem↔hem @1.05,h8_hem,1,201,0.9112902879714966,0.9120433330535889,0.9990948438644409
h8_hem,hem↔hem @1.05,h8_hem,1,202,0.8561827540397644,0.8619756102561951,0.9990043640136719
h8_hem,hem↔hem @1.05,h8_hem,1,203,0.7002688050270081,0.7050067782402039,0.9641563892364502
h8_hem,hem↔hem @1.05,h8_hem,1,204,0.5443547964096069,0.5480378866195679,0.9788196682929993
h8_hem,hem↔hem @1.05,h8_hem,1,205,0.7661290168762207,0.7713125944137573,0.9706734418869019
h8_hem,hem↔hem @1.05,h8_hem,1,206,0.9408602118492126,0.9458727836608887,0.9995474219322205
h8_hem,hem↔hem @1.05,h8_hem,1,207,0.9045698642730713,0.9106901288032532,0.9927588701248169
h8_hem,hem↔hem @1.05,h8_hem,1,208,0.8817204236984253,0.8863328695297241,0.9949312210083008
h8_hem,hem↔hem @1.05,h8_hem,1,209,0.6814515590667725,0.6847090721130371,0.9515749216079712
h8_hem,hem↔hem @1.05,h8_hem,1,210,0.9475806355476379,0.9526386857032776,0.998008668422699
h8_hem,hem↔hem @1.05,h8_hem,1,211,0.5161290168762207,0.5196210741996765,0.9570057988166809
h8_hem,hem↔hem @1.05,h8_hem,1,212,0.846774160861969,0.8538565039634705,0.9981897473335266
h8_hem,hem↔hem @1.05,h8_hem,1,213,0.8534946441650391,0.8592693209648132,0.9987328052520752
h8_hem,hem↔hem @1.05,h8_hem,1,214,0.5604838132858276,0.5629228949546814,0.9028783440589905
h8_hem,hem↔hem @1.05,h8_hem,1,215,0.8897848725318909,0.8958051204681396,0.9975560903549194
h8_hem,hem↔hem @1.05,h8_hem,1,216,0.8736558556556702,0.8795669674873352,0.9908580780029297
h8_hem,hem↔hem @1.05,h8_hem,1,217,0.8521504998207092,0.8565629124641418,0.998008668422699
h8_hem,hem↔hem @1.05,h8_hem,1,218,0.7553762793540955,0.7604871392250061,0.9571868181228638
h8_hem,hem↔hem @1.05,h8_hem,1,219,0.6626343727111816,0.6684708595275879,0.9663287401199341
h8_hem,hem↔hem @1.05,h8_hem,1,220,0.9247310757637024,0.9309877753257751,0.9966509938240051
h8_hem,hem↔hem @1.05,h8_hem,1,221,0.9180107712745667,0.9255750775337219,0.9955648183822632
h8_hem,hem↔hem @1.05,h8_hem,1,222,0.9274193048477173,0.9336941838264465,0.9979181885719299
h8_hem,hem↔hem @1.05,h8_hem,1,223,0.8319891691207886,0.8389715552330017,0.9868754744529724
h8_hem,hem↔hem @1.05,h8_hem,1,224,0.8158601522445679,0.8213802576065063,0.9830738306045532
h8_hem,hem↔hem @1.05,h8_hem,1,225,0.8413978219032288,0.8470907211303711,0.9950217008590698
h8_hem,hem↔hem @1.05,h8_hem,1,226,0.7056451439857483,0.7104194760322571,0.9700398445129395
h8_hem,hem↔hem @1.05,h8_hem,1,227,0.9274193048477173,0.9336941838264465,0.9904054999351501
h8_hem,hem↔hem @1.05,h8_hem,1,228,0.9327956438064575,0.9391068816184998,0.9976466298103333
h8_hem,hem↔hem @1.05,h8_hem,1,229,0.8629031777381897,0.8714478611946106,0.9947502017021179
h8_hem,hem↔hem @1.05,h8_hem,1,230,0.8817204236984253,0.8876860737800598,0.9914011359214783
h8_hem,hem↔hem @1.05,h8_hem,1,231,0.9341397285461426,0.9404600858688354,0.9992758631706238
h8_hem,hem↔hem @1.05,h8_hem,1,232,0.5577956438064575,0.5629228949546814,0.888667643070221
h8_hem,hem↔hem @1.05,h8_hem,1,233,0.5846773982048035,0.5886332988739014,0.9833453893661499
h8_hem,hem↔hem @1.05,h8_hem,1,234,0.8803762793540955,0.8849796652793884,0.9956552982330322
h8_hem,hem↔hem @1.05,h8_hem,1,235,0.5591397881507874,0.5629228949546814,0.9629797339439392
h8_hem,hem↔hem @1.05,h8_hem,1,236,0.7526881098747253,0.7577807903289795,0.967414915561676
h8_hem,hem↔hem @1.05,h8_hem,1,237,0.5685483813285828,0.5710419416427612,0.9837979674339294
h8_hem,hem↔hem @1.05,h8_hem,1,238,1.021505355834961,1.0284167528152466,0.9933019280433655
h8_hem,hem↔hem @1.05,h8_hem,1,239,0.8360214829444885,0.8416779041290283,0.9913106560707092
h8_hem110,hem↔hem @1.10,h8_hem110,1,0,0.8389716148376465,0.8389715552330017,0.9876900911331177
h8_hem110,hem↔hem @1.10,h8_hem110,1,1,0.8768606781959534,0.8795669674873352,0.9939355254173279
h8_hem110,hem↔hem @1.10,h8_hem110,1,2,0.5981055498123169,0.5967523455619812,0.9885952472686768
h8_hem110,hem↔hem @1.10,h8_hem110,1,3,0.9607577323913574,0.9607577323913574,0.9966509938240051
h8_hem110,hem↔hem @1.10,h8_hem110,1,4,0.9309877753257751,0.9309877753257751,0.9934830069541931
h8_hem110,hem↔hem @1.10,h8_hem110,1,5,0.6887686252593994,0.6887685656547546,0.956824779510498
h8_hem110,hem↔hem @1.10,h8_hem110,1,6,0.9526387453079224,0.9526386857032776,0.9962888956069946
h8_hem110,hem↔hem @1.10,h8_hem110,1,7,0.9594046473503113,0.9580514430999756,0.9965604543685913
h8_hem110,hem↔hem @1.10,h8_hem110,1,8,0.5899865031242371,0.5899865031242371,0.9669623374938965
h8_hem110,hem↔hem @1.10,h8_hem110,1,9,0.9715832471847534,0.9729363322257996,0.9960173964500427
h8_hem110,hem↔hem @1.10,h8_hem110,1,10,0.722598135471344,0.7239512801170349,0.9774619936943054
h8_hem110,hem↔hem @1.10,h8_hem110,1,11,0.6941813826560974,0.6928281188011169,0.9852461814880371
h8_hem110,hem↔hem @1.10,h8_hem110,1,12,0.8267929553985596,0.8267929553985596,0.9974656105041504
h8_hem110,hem↔hem @1.10,h8_hem110,1,13,0.9215155839920044,0.9201623201370239,0.9918537139892578
h8_hem110,hem↔hem @1.10,h8_hem110,1,14,0.5778078436851501,0.5791609883308411,0.8979905843734741
h8_hem110,hem↔hem @1.10,h8_hem110,1,15,0.5832206010818481,0.5818673372268677,0.9450579285621643
h8_hem110,hem↔hem @1.10,h8_hem110,1,16,0.7591339945793152,0.7618403434753418,0.9801774024963379
h8_hem110,hem↔hem @1.10,h8_hem110,1,17,0.9161028861999512,0.9147496223449707,0.9900434613227844
h8_hem110,hem↔hem @1.10,h8_hem110,1,18,1.0094722509384155,1.0094722509384155,0.9960173964500427
h8_hem110,hem↔hem @1.10,h8_hem110,1,19,0.8646820783615112,0.8660351037979126,0.9940260648727417
h8_hem110,hem↔hem @1.10,h8_hem110,1,20,1.0027062892913818,1.001353144645691,0.9976466298103333
h8_hem110,hem↔hem @1.10,h8_hem110,1,21,0.9715832471847534,0.9715832471847534,0.9954742789268494
h8_hem110,hem↔hem @1.10,h8_hem110,1,22,0.7374830842018127,0.7374830842018127,0.9459630846977234
h8_hem110,hem↔hem @1.10,h8_hem110,1,23,0.9039242267608643,0.9025710225105286,0.9955648183822632
h8_hem110,hem↔hem @1.10,h8_hem110,1,24,0.7239513397216797,0.7225980758666992,0.9482259154319763
h8_hem110,hem↔hem @1.10,h8_hem110,1,25,0.9458728432655334,0.944519579410553,0.9987328052520752
h8_hem110,hem↔hem @1.10,h8_hem110,1,26,0.9648173451423645,0.9648173451423645,0.9990043640136719
h8_hem110,hem↔hem @1.10,h8_hem110,1,27,0.9458728432655334,0.9458727836608887,0.9978276491165161
h8_hem110,hem↔hem @1.10,h8_hem110,1,28,0.9309877753257751,0.9309877753257751,0.9950217008590698
h8_hem110,hem↔hem @1.10,h8_hem110,1,29,0.6319350600242615,0.6319350004196167,0.9343772530555725
h8_hem110,hem↔hem @1.10,h8_hem110,1,30,0.874154269695282,0.8728010654449463,0.9942070841789246
h8_hem110,hem↔hem @1.10,h8_hem110,1,31,0.7320703864097595,0.7307171821594238,0.9885952472686768
h8_hem110,hem↔hem @1.10,h8_hem110,1,32,0.8186739087104797,0.817320704460144,0.9704018831253052
h8_hem110,hem↔hem @1.10,h8_hem110,1,33,0.9012178182601929,0.9012178182601929,0.995745837688446
h8_hem110,hem↔hem @1.10,h8_hem110,1,34,0.5859269499778748,0.5859269499778748,0.9868754744529724
h8_hem110,hem↔hem @1.10,h8_hem110,1,35,1.0324763059616089,1.031123161315918,0.9974656105041504
h8_hem110,hem↔hem @1.10,h8_hem110,1,36,0.5575101971626282,0.5588633418083191,0.9616219997406006
h8_hem110,hem↔hem @1.10,h8_hem110,1,37,0.9553450345993042,0.9539918899536133,0.9986422657966614
h8_hem110,hem↔hem @1.10,h8_hem110,1,38,0.9025710225105286,0.9025710225105286,0.9675959348678589
h8_hem110,hem↔hem @1.10,h8_hem110,1,39,0.7320703864097595,0.7320703864097595,0.9776430130004883
h8_hem110,hem↔hem @1.10,h8_hem110,1,40,0.8592693209648132,0.8606224060058594,0.9892288446426392
h8_hem110,hem↔hem @1.10,h8_hem110,1,41,0.8322057127952576,0.8308525085449219,0.9703113436698914
h8_hem110,hem↔hem @1.10,h8_hem110,1,42,0.9580514430999756,0.9566982388496399,0.9967414736747742
h8_hem110,hem↔hem @1.10,h8_hem110,1,43,0.8335589170455933,0.8335588574409485,0.9834359288215637
h8_hem110,hem↔hem @1.10,h8_hem110,1,44,0.8362652659416199,0.8362652063369751,0.9828023314476013
h8_hem110,hem↔hem @1.10,h8_hem110,1,45,0.8809201717376709,0.8822733759880066,0.998823344707489
h8_hem110,hem↔hem @1.10,h8_hem110,1,46,0.5940459966659546,0.5940459966659546,0.9786386489868164
h8_hem110,hem↔hem @1.10,h8_hem110,1,47,0.7618403434753418,0.7604871392250061,0.9522990584373474
h8_hem110,hem↔hem @1.10,h8_hem110,1,48,1.0148849487304688,1.0148849487304688,0.9961984157562256
h8_hem110,hem↔hem @1.10,h8_hem110,1,49,0.6589986085891724,0.6589986085891724,0.990496039390564
h8_hem110,hem↔hem @1.10,h8_hem110,1,50,0.9566982388496399,0.9580514430999756,0.9927588701248169
h8_hem110,hem↔hem @1.10,h8_hem110,1,51,0.8700947761535645,0.8700947165489197,0.9955648183822632
h8_hem110,hem↔hem @1.10,h8_hem110,1,52,0.8092016577720642,0.8092015981674194,0.9524800777435303
h8_hem110,hem↔hem @1.10,h8_hem110,1,53,0.6833558678627014,0.6847090721130371,0.9733888506889343
h8_hem110,hem↔hem @1.10,h8_hem110,1,54,0.7307171821594238,0.7334235310554504,0.98542720079422
h8_hem110,hem↔hem @1.10,h8_hem110,1,55,0.7807848453521729,0.7807847857475281,0.9684105515480042
h8_hem110,hem↔hem @1.10,h8_hem110,1,56,0.7591339945793152,0.7564275860786438,0.9471397399902344
h8_hem110,hem↔hem @1.10,h8_hem110,1,57,0.949932336807251,0.9499322772026062,0.9971035718917847
h8_hem110,hem↔hem @1.10,h8_hem110,1,58,0.7740189433097839,0.7740189433097839,0.9798153638839722
h8_hem110,hem↔hem @1.10,h8_hem110,1,59,0.7780784964561462,0.7780784368515015,0.9564626812934875
h8_hem110,hem↔hem @1.10,h8_hem110,1,60,1.0094722509384155,1.0094722509384155,0.9976466298103333
h8_hem110,hem↔hem @1.10,h8_hem110,1,61,0.9621109366416931,0.9621109366416931,0.9998189806938171
h8_hem110,hem↔hem @1.10,h8_hem110,1,62,0.5805142521858215,0.5805141925811768,0.9772809743881226
h8_hem110,hem↔hem @1.10,h8_hem110,1,63,0.6400541663169861,0.641407310962677,0.9284033179283142
h8_hem110,hem↔hem @1.10,h8_hem110,1,64,0.9431664347648621,0.9418132901191711,0.9984612464904785
h8_hem110,hem↔hem @1.10,h8_hem110,1,65,0.8565629124641418,0.8538565039634705,0.9855177402496338
h8_hem110,hem↔hem @1.10,h8_hem110,1,66,0.6089310050010681,0.6062245965003967,0.9228819608688354
h8_hem110,hem↔hem @1.10,h8_hem110,1,67,0.7550744414329529,0.7550743818283081,0.9462345838546753
h8_hem110,hem↔hem @1.10,h8_hem110,1,68,0.6603518128395081,0.661704957485199,0.9500362277030945
h8_hem110,hem↔hem @1.10,h8_hem110,1,69,0.9039242267608643,0.9025710225105286,0.9980992078781128
h8_hem110,hem↔hem @1.10,h8_hem110,1,70,0.5872800946235657,0.5872800946235657,0.9706734418869019
h8_hem110,hem↔hem @1.10,h8_hem110,1,71,0.9052774310112,0.9066306352615356,0.9924873113632202
h8_hem110,hem↔hem @1.10,h8_hem110,1,72,1.0351827144622803,1.0351827144622803,0.9933019280433655
h8_hem110,hem↔hem @1.10,h8_hem110,1,73,0.7970229983329773,0.7970229983329773,0.9898624420166016
h8_hem110,hem↔hem @1.10,h8_hem110,1,74,0.9012178182601929,0.9025710225105286,0.9938450455665588
h8_hem110,hem↔hem @1.10,h8_hem110,1,75,0.8633288741111755,0.8633288145065308,0.9921252727508545
h8_hem110,hem↔hem @1.10,h8_hem110,1,76,1.1204330921173096,1.1204330921173096,0.9993664026260376
h8_hem110,hem↔hem @1.10,h8_hem110,1,77,0.6454668641090393,0.6454668641090393,0.956824779510498
h8_hem110,hem↔hem @1.10,h8_hem110,1,78,0.5520974397659302,0.5534505844116211,0.9850651621818542
h8_hem110,hem↔hem @1.10,h8_hem110,1,79,0.6522327661514282,0.6535859107971191,0.9770094156265259
h8_hem110,hem↔hem @1.10,h8_hem110,1,80,0.9025710225105286,0.9039242267608643,0.9834359288215637
h8_hem110,hem↔hem @1.10,h8_hem110,1,81,0.8376184105873108,0.837618350982666,0.989409863948822
h8_hem110,hem↔hem @1.10,h8_hem110,1,82,0.8795669674873352,0.8795669674873352,0.9923062920570374
h8_hem110,hem↔hem @1.10,h8_hem110,1,83,0.7916103005409241,0.7916103005409241,0.9845221042633057
h8_hem110,hem↔hem @1.10,h8_hem110,1,84,0.7889039516448975,0.7875507473945618,0.978005051612854
h8_hem110,hem↔hem @1.10,h8_hem110,1,85,0.5872800946235657,0.5872800946235657,0.965423583984375
h8_hem110,hem↔hem @1.10,h8_hem110,1,86,0.8633288741111755,0.8633288145065308,0.9920347332954407
h8_hem110,hem↔hem @1.10,h8_hem110,1,87,0.6765899658203125,0.6765899658203125,0.9744750261306763
h8_hem110,hem↔hem @1.10,h8_hem110,1,88,0.9526387453079224,0.9526386857032776,0.9994569420814514
h8_hem110,hem↔hem @1.10,h8_hem110,1,89,0.5277402400970459,0.5277401804924011,0.9416183829307556
h8_hem110,hem↔hem @1.10,h8_hem110,1,90,0.9959405064582825,0.9972935914993286,0.9954742789268494
h8_hem110,hem↔hem @1.10,h8_hem110,1,91,0.9729363918304443,0.9742895364761353,0.9991853833198547
h8_hem110,hem↔hem @1.10,h8_hem110,1,92,0.9959405064582825,0.9972935914993286,0.9971940517425537
h8_hem110,hem↔hem @1.10,h8_hem110,1,93,0.5791610479354858,0.5791609883308411,0.9580919742584229
h8_hem110,hem↔hem @1.10,h8_hem110,1,94,0.9634641408920288,0.9648173451423645,0.9900434613227844
h8_hem110,hem↔hem @1.10,h8_hem110,1,95,0.7780784964561462,0.7780784368515015,0.9909486174583435
h8_hem110,hem↔hem @1.10,h8_hem110,1,96,0.8132611513137817,0.8146143555641174,0.9949312210083008
h8_hem110,hem↔hem @1.10,h8_hem110,1,97,0.7713125944137573,0.7713125944137573,0.966238260269165
h8_hem110,hem↔hem @1.10,h8_hem110,1,98,0.9539919495582581,0.9512854814529419,0.9875090718269348
h8_hem110,hem↔hem @1.10,h8_hem110,1,99,0.8930988311767578,0.8903923630714417,0.9908580780029297
h8_hem110,hem↔hem @1.10,h8_hem110,1,100,0.6630582213401794,0.661704957485199,0.9317523241043091
h8_hem110,hem↔hem @1.10,h8_hem110,1,101,0.7618403434753418,0.7604871392250061,0.9793627858161926
h8_hem110,hem↔hem @1.10,h8_hem110,1,102,0.817320704460144,0.817320704460144,0.9766473770141602
h8_hem110,hem↔hem @1.10,h8_hem110,1,103,0.5723951458930969,0.5723951458930969,0.9030593633651733
h8_hem110,hem↔hem @1.10,h8_hem110,1,104,0.9431664347648621,0.9431663751602173,0.9982802271842957
h8_hem110,hem↔hem @1.10,h8_hem110,1,105,1.0257104635238647,1.0257104635238647,0.9918537139892578
h8_hem110,hem↔hem @1.10,h8_hem110,1,106,0.5994586944580078,0.5981055498123169,0.9073135256767273
h8_hem110,hem↔hem @1.10,h8_hem110,1,107,0.8200270533561707,0.8200270533561707,0.979091227054596
h8_hem110,hem↔hem @1.10,h8_hem110,1,108,0.9377536773681641,0.9377536773681641,0.9964699745178223
h8_hem110,hem↔hem @1.10,h8_hem110,1,109,0.8349120616912842,0.8335588574409485,0.9828023314476013
h8_hem110,hem↔hem @1.10,h8_hem110,1,110,0.9364005923271179,0.9377536773681641,0.9941166043281555
h8_hem110,hem↔hem @1.10,h8_hem110,1,111,0.9052774310112,0.9066306352615356,0.9970130324363708
h8_hem110,hem↔hem @1.10,h8_hem110,1,112,1.0108253955841064,1.012178659439087,0.9952932596206665
h8_hem110,hem↔hem @1.10,h8_hem110,1,113,0.9485791325569153,0.9485790729522705,0.9945691823959351
h8_hem110,hem↔hem @1.10,h8_hem110,1,114,1.0419485569000244,1.0433018207550049,0.993754506111145
h8_hem110,hem↔hem @1.10,h8_hem110,1,115,0.6644114255905151,0.6644113659858704,0.9715785384178162
h8_hem110,hem↔hem @1.10,h8_hem110,1,116,0.5696887373924255,0.5696887373924255,0.9718500971794128
h8_hem110,hem↔hem @1.10,h8_hem110,1,117,0.8105548024177551,0.8105547428131104,0.9843410849571228
h8_hem110,hem↔hem @1.10,h8_hem110,1,118,0.6481732130050659,0.6481732130050659,0.9123823046684265
h8_hem110,hem↔hem @1.10,h8_hem110,1,119,0.6806495189666748,0.6806495189666748,0.9628891944885254
h8_hem110,hem↔hem @1.10,h8_hem110,1,120,0.8944520354270935,0.8958051204681396,0.9923062920570374
h8_hem110,hem↔hem @1.10,h8_hem110,1,121,0.5696887373924255,0.5696887373924255,0.9856082797050476
h8_hem110,hem↔hem @1.10,h8_hem110,1,122,0.722598135471344,0.7225980758666992,0.9480448961257935
h8_hem110,hem↔hem @1.10,h8_hem110,1,123,0.5548037886619568,0.5548037886619568,0.8822411298751831
h8_hem110,hem↔hem @1.10,h8_hem110,1,124,0.8876860737800598,0.8876860737800598,0.9780955910682678
h8_hem110,hem↔hem @1.10,h8_hem110,1,125,0.9377536773681641,0.9350473880767822,0.9997284412384033
h8_hem110,hem↔hem @1.10,h8_hem110,1,126,0.9458728432655334,0.9458727836608887,0.9973750710487366
h8_hem110,hem↔hem @1.10,h8_hem110,1,127,0.8958051204681396,0.8944519758224487,0.9984612464904785
h8_hem110,hem↔hem @1.10,h8_hem110,1,128,0.9729363918304443,0.9715832471847534,0.998008668422699
h8_hem110,hem↔hem @1.10,h8_hem110,1,129,0.9350473880767822,0.9350473880767822,0.9938450455665588
h8_hem110,hem↔hem @1.10,h8_hem110,1,130,0.7307171821594238,0.7307171821594238,0.9578204154968262
h8_hem110,hem↔hem @1.10,h8_hem110,1,131,0.7699593901634216,0.7686062455177307,0.9497646689414978
h8_hem110,hem↔hem @1.10,h8_hem110,1,132,0.5737482905387878,0.5737482905387878,0.906408429145813
h8_hem110,hem↔hem @1.10,h8_hem110,1,133,0.8552097082138062,0.8565629124641418,0.9959268569946289
h8_hem110,hem↔hem @1.10,h8_hem110,1,134,0.8836265206336975,0.8822733759880066,0.9838885068893433
h8_hem110,hem↔hem @1.10,h8_hem110,1,135,1.0392422676086426,1.037889003753662,0.987328052520752
h8_hem110,hem↔hem @1.10,h8_hem110,1,136,0.5899865031242371,0.5899865031242371,0.9712164998054504
h8_hem110,hem↔hem @1.10,h8_hem110,1,137,0.8362652659416199,0.8349120020866394,0.9876900911331177
h8_hem110,hem↔hem @1.10,h8_hem110,1,138,0.5818673968315125,0.5818673372268677,0.8759956359863281
h8_hem110,hem↔hem @1.10,h8_hem110,1,139,0.8795669674873352,0.8782137632369995,0.9850651621818542
h8_hem110,hem↔hem @1.10,h8_hem110,1,140,0.9133964776992798,0.913396418094635,0.9938450455665588
h8_hem110,hem↔hem @1.10,h8_hem110,1,141,0.7198917865753174,0.7198917269706726,0.9901339411735535
h8_hem110,hem↔hem @1.10,h8_hem110,1,142,0.8403247594833374,0.8403247594833374,0.9939355254173279
h8_hem110,hem↔hem @1.10,h8_hem110,1,143,0.741542637348175,0.741542637348175,0.9558290839195251
h8_hem110,hem↔hem @1.10,h8_hem110,1,144,0.9350473880767822,0.9350473880767822,0.998008668422699
h8_hem110,hem↔hem @1.10,h8_hem110,1,145,0.5845737457275391,0.5845737457275391,0.9446958899497986
h8_hem110,hem↔hem @1.10,h8_hem110,1,146,0.8633288741111755,0.8619756102561951,0.9960173964500427
h8_hem110,hem↔hem @1.10,h8_hem110,1,147,0.8443843126296997,0.8443843126296997,0.9841600060462952
h8_hem110,hem↔hem @1.10,h8_hem110,1,148,0.6806495189666748,0.6806495189666748,0.9884141683578491
h8_hem110,hem↔hem @1.10,h8_hem110,1,149,0.8930988311767578,0.893098771572113,0.9875090718269348
h8_hem110,hem↔hem @1.10,h8_hem110,1,150,0.7807848453521729,0.7807847857475281,0.9708544611930847
h8_hem110,hem↔hem @1.10,h8_hem110,1,151,0.6955345273017883,0.6941813230514526,0.9782766103744507
h8_hem110,hem↔hem @1.10,h8_hem110,1,152,0.7063599228858948,0.7063599228858948,0.981082558631897
h8_hem110,hem↔hem @1.10,h8_hem110,1,153,0.8105548024177551,0.8092015981674194,0.9868754744529724
h8_hem110,hem↔hem @1.10,h8_hem110,1,154,0.7266576886177063,0.7253044247627258,0.9484069347381592
h8_hem110,hem↔hem @1.10,h8_hem110,1,155,0.9269282817840576,0.9282814860343933,0.9785481691360474
h8_hem110,hem↔hem @1.10,h8_hem110,1,156,0.8728010654449463,0.8728010654449463,0.9942070841789246
h8_hem110,hem↔hem @1.10,h8_hem110,1,157,0.6576454639434814,0.6562922596931458,0.9886857271194458
h8_hem110,hem↔hem @1.10,h8_hem110,1,158,0.8809201717376709,0.8809201717376709,0.9939355254173279
h8_hem110,hem↔hem @1.10,h8_hem110,1,159,0.6089310050010681,0.6075778007507324,0.981082558631897
h8_hem110,hem↔hem @1.10,h8_hem110,1,160,0.968876838684082,0.968876838684082,0.9977371692657471
h8_hem110,hem↔hem @1.10,h8_hem110,1,161,1.0135318040847778,1.0108253955841064,0.9964699745178223
h8_hem110,hem↔hem @1.10,h8_hem110,1,162,0.6048714518547058,0.6048714518547058,0.9830738306045532
h8_hem110,hem↔hem @1.10,h8_hem110,1,163,0.6630582213401794,0.6630581617355347,0.9921252727508545
h8_hem110,hem↔hem @1.10,h8_hem110,1,164,0.8998647332191467,0.899864673614502,0.9955648183822632
h8_hem110,hem↔hem @1.10,h8_hem110,1,165,0.9580514430999756,0.9580514430999756,0.9971940517425537
h8_hem110,hem↔hem @1.10,h8_hem110,1,166,0.8362652659416199,0.8362652063369751,0.9946596622467041
h8_hem110,hem↔hem @1.10,h8_hem110,1,167,0.9215155839920044,0.9215155243873596,0.9947502017021179
h8_hem110,hem↔hem @1.10,h8_hem110,1,168,0.9458728432655334,0.9458727836608887,0.9985517859458923
h8_hem110,hem↔hem @1.10,h8_hem110,1,169,0.8538565039634705,0.8538565039634705,0.9867849349975586
h8_hem110,hem↔hem @1.10,h8_hem110,1,170,0.7212449312210083,0.7212448716163635,0.9792722463607788
h8_hem110,hem↔hem @1.10,h8_hem110,1,171,0.8322057127952576,0.8308525085449219,0.9945691823959351
h8_hem110,hem↔hem @1.10,h8_hem110,1,172,0.5669823884963989,0.565629243850708,0.9798153638839722
h8_hem110,hem↔hem @1.10,h8_hem110,1,173,0.748308539390564,0.7483084797859192,0.9517560005187988
h8_hem110,hem↔hem @1.10,h8_hem110,1,174,0.9309877753257751,0.9309877753257751,0.9884141683578491
h8_hem110,hem↔hem @1.10,h8_hem110,1,175,0.8863328695297241,0.8863328695297241,0.9976466298103333
h8_hem110,hem↔hem @1.10,h8_hem110,1,176,0.8809201717376709,0.8768606781959534,0.9912201166152954
h8_hem110,hem↔hem @1.10,h8_hem110,1,177,0.5399187803268433,0.5399187803268433,0.9670528769493103
h8_hem110,hem↔hem @1.10,h8_hem110,1,178,0.9066306352615356,0.9079837203025818,0.9973750710487366
h8_hem110,hem↔hem @1.10,h8_hem110,1,179,0.798376202583313,0.7970229983329773,0.9613504409790039
h8_hem110,hem↔hem @1.10,h8_hem110,1,180,0.7753721475601196,0.7740189433097839,0.9778240323066711
h8_hem110,hem↔hem @1.10,h8_hem110,1,181,0.6928281784057617,0.6928281188011169,0.981173038482666
h8_hem110,hem↔hem @1.10,h8_hem110,1,182,0.8376184105873108,0.837618350982666,0.990586519241333
h8_hem110,hem↔hem @1.10,h8_hem110,1,183,0.9039242267608643,0.9039242267608643,0.9923968315124512
h8_hem110,hem↔hem @1.10,h8_hem110,1,184,0.6373478174209595,0.6373477578163147,0.9549239873886108
h8_hem110,hem↔hem @1.10,h8_hem110,1,185,0.8917456269264221,0.8890392780303955,0.9983707666397095
h8_hem110,hem↔hem @1.10,h8_hem110,1,186,0.5575101971626282,0.5548037886619568,0.9870564937591553
h8_hem110,hem↔hem @1.10,h8_hem110,1,187,0.6589986085891724,0.6589986085891724,0.930756688117981
h8_hem110,hem↔hem @1.10,h8_hem110,1,188,0.6481732130050659,0.6495264172554016,0.9322049021720886
h8_hem110,hem↔hem @1.10,h8_hem110,1,189,0.565629243850708,0.565629243850708,0.970582902431488
h8_hem110,hem↔hem @1.10,h8_hem110,1,190,0.9783490896224976,0.9783490300178528,0.9995474219322205
h8_hem110,hem↔hem @1.10,h8_hem110,1,191,0.824086606502533,0.8227334022521973,0.9847031235694885
h8_hem110,hem↔hem @1.10,h8_hem110,1,192,0.874154269695282,0.874154269695282,0.9902244806289673
h8_hem110,hem↔hem @1.10,h8_hem110,1,193,0.7631934881210327,0.7631934881210327,0.9398986101150513
h8_hem110,hem↔hem @1.10,h8_hem110,1,194,0.9729363918304443,0.9729363322257996,0.998823344707489
h8_hem110,hem↔hem @1.10,h8_hem110,1,195,0.8389716148376465,0.8389715552330017,0.9898624420166016
h8_hem110,hem↔hem @1.10,h8_hem110,1,196,0.5696887373924255,0.5710419416427612,0.9820781946182251
h8_hem110,hem↔hem @1.10,h8_hem110,1,197,0.9566982388496399,0.9566982388496399,0.9973750710487366
h8_hem110,hem↔hem @1.10,h8_hem110,1,198,0.9039242267608643,0.9052774310112,0.9946596622467041
h8_hem110,hem↔hem @1.10,h8_hem110,1,199,0.5791610479354858,0.5778078436851501,0.9750180840492249
h8_hem110,hem↔hem @1.10,h8_hem110,1,200,0.9066306352615356,0.9052774310112,0.9847936034202576
h8_hem110,hem↔hem @1.10,h8_hem110,1,201,0.8633288741111755,0.8646820187568665,0.9941166043281555
h8_hem110,hem↔hem @1.10,h8_hem110,1,202,0.5615696907043457,0.5588633418083191,0.9809015393257141
h8_hem110,hem↔hem @1.10,h8_hem110,1,203,0.6454668641090393,0.6441136598587036,0.9804489612579346
h8_hem110,hem↔hem @1.10,h8_hem110,1,204,0.5358592867851257,0.5372124314308167,0.9724836945533752
h8_hem110,hem↔hem @1.10,h8_hem110,1,205,0.803788959980011,0.8024356961250305,0.9665097594261169
h8_hem110,hem↔hem @1.10,h8_hem110,1,206,0.6698241233825684,0.6698240637779236,0.9417089223861694
h8_hem110,hem↔hem @1.10,h8_hem110,1,207,0.6765899658203125,0.6765899658203125,0.9378167986869812
h8_hem110,hem↔hem @1.10,h8_hem110,1,208,0.6319350600242615,0.6305818557739258,0.9567342400550842
h8_hem110,hem↔hem @1.10,h8_hem110,1,209,0.5575101971626282,0.5561569333076477,0.9739319086074829
h8_hem110,hem↔hem @1.10,h8_hem110,1,210,0.6319350600242615,0.6319350004196167,0.9770094156265259
h8_hem110,hem↔hem @1.10,h8_hem110,1,211,0.6278755068778992,0.6278755068778992,0.9368211627006531
h8_hem110,hem↔hem @1.10,h8_hem110,1,212,0.5290933847427368,0.5277401804924011,0.9291274547576904
h8_hem110,hem↔hem @1.10,h8_hem110,1,213,0.843031108379364,0.843031108379364,0.9951122403144836
h8_hem110,hem↔hem @1.10,h8_hem110,1,214,0.9458728432655334,0.9472259879112244,0.9978276491165161
h8_hem110,hem↔hem @1.10,h8_hem110,1,215,0.6982408761978149,0.6982408165931702,0.9443337917327881
h8_hem110,hem↔hem @1.10,h8_hem110,1,216,0.9878214001655579,0.9878214001655579,0.9996379613876343
h8_hem110,hem↔hem @1.10,h8_hem110,1,217,0.7293640375137329,0.7320703864097595,0.9603548049926758
h8_hem110,hem↔hem @1.10,h8_hem110,1,218,0.7807848453521729,0.7807847857475281,0.9865133762359619
h8_hem110,hem↔hem @1.10,h8_hem110,1,219,1.0094722509384155,1.0094722509384155,0.9961984157562256
h8_hem110,hem↔hem @1.10,h8_hem110,1,220,0.8051421046257019,0.8037889003753662,0.9927588701248169
h8_hem110,hem↔hem @1.10,h8_hem110,1,221,0.9458728432655334,0.9431663751602173,0.996922492980957
h8_hem110,hem↔hem @1.10,h8_hem110,1,222,0.929634690284729,0.9282814860343933,0.9982802271842957
h8_hem110,hem↔hem @1.10,h8_hem110,1,223,0.7875507473945618,0.7875507473945618,0.9420709609985352
h8_hem110,hem↔hem @1.10,h8_hem110,1,224,0.5818673968315125,0.5818673372268677,0.9818066358566284
h8_hem110,hem↔hem @1.10,h8_hem110,1,225,0.8051421046257019,0.8051420450210571,0.9738414287567139
h8_hem110,hem↔hem @1.10,h8_hem110,1,226,0.8484438061714172,0.8497970104217529,0.9830738306045532
h8_hem110,hem↔hem @1.10,h8_hem110,1,227,0.7496617436408997,0.7510148286819458,0.98624187707901
h8_hem110,hem↔hem @1.10,h8_hem110,1,228,0.5778078436851501,0.5778078436851501,0.9778240323066711
h8_hem110,hem↔hem @1.10,h8_hem110,1,229,0.9242219924926758,0.924221932888031,0.9949312210083008
h8_hem110,hem↔hem @1.10,h8_hem110,1,230,0.8700947761535645,0.868741512298584,0.9931209087371826
h8_hem110,hem↔hem @1.10,h8_hem110,1,231,0.7158321738243103,0.7185385227203369,0.9730268120765686
h8_hem110,hem↔hem @1.10,h8_hem110,1,232,0.7239513397216797,0.7239512801170349,0.9770999550819397
h8_hem110,hem↔hem @1.10,h8_hem110,1,233,0.7253044843673706,0.7225980758666992,0.9801774024963379
h8_hem110,hem↔hem @1.10,h8_hem110,1,234,1.0338294506072998,1.0338294506072998,0.9951122403144836
h8_hem110,hem↔hem @1.10,h8_hem110,1,235,0.8511502146720886,0.8511502146720886,0.9959268569946289
h8_hem110,hem↔hem @1.10,h8_hem110,1,236,0.5683355927467346,0.5683355927467346,0.9732078313827515
h8_hem110,hem↔hem @1.10,h8_hem110,1,237,0.9364005923271179,0.9350473880767822,0.9953837990760803
h8_hem110,hem↔hem @1.10,h8_hem110,1,238,0.5683355927467346,0.5683355927467346,0.9760137796401978
h8_hem110,hem↔hem @1.10,h8_hem110,1,239,0.9526387453079224,0.9539918899536133,0.9964699745178223
