####
#
# OBJ File Generated by Meshlab
#
####
# Object border.obj
#
# Vertices: 1539
# Faces: 1045
#
####
mtllib ./border.obj.mtl

vn -0.308527 -0.836958 1.597207
v 13.990991 0.522566 20.044840
vn -0.124274 0.031296 0.604542
v 14.155160 0.813725 20.063515
vn -0.475702 0.160974 1.536339
v 14.181637 0.526672 20.083818
vn -0.054433 -0.483002 0.317119
v 14.213087 0.354309 19.826691
vn -1.872111 1.501898 1.749487
v 14.314025 0.742127 20.144653
vn -0.491562 -1.538775 1.792115
v 14.181637 0.526672 20.083818
vn -2.111924 1.242519 1.294798
v 14.304913 0.691588 20.178289
vn -0.258478 -0.541005 0.000030
v 14.561706 0.268229 19.648928
vn -0.899579 1.786476 0.871404
v 14.483634 0.888649 20.134129
vn -0.444264 0.770098 0.462241
v 14.471963 0.863977 20.172661
vn -2.498662 0.334710 1.146840
v 14.240083 0.513571 20.100880
vn -0.088470 -0.074640 0.245743
v 14.304913 0.691588 20.178289
vn -1.433046 1.178794 -2.103464
v 14.460828 0.876465 20.186975
vn -1.755009 1.414028 -2.625141
v 14.471963 0.863977 20.172661
vn -2.551629 1.996592 -1.772841
v 14.304913 0.691588 20.178289
vn -1.841042 1.351769 -1.220474
v 14.293268 0.689574 20.193117
vn -2.684350 -0.136523 -2.005876
v 14.353601 0.367671 19.916855
vn -0.373071 0.939348 0.116417
v 14.665117 0.992992 20.107565
vn -1.406769 0.748370 -2.425261
v 14.657340 1.014412 20.118536
vn -0.978459 0.381197 -0.259141
v 14.230291 0.497435 20.113724
vn -1.080720 -2.312965 -0.007070
v 14.556954 0.270502 19.696114
vn -1.624652 0.846703 -2.828869
v 14.665117 0.992992 20.107565
vn -0.754642 1.987010 0.128206
v 14.675215 0.999315 20.069006
vn -2.263787 -0.054030 -1.723761
v 14.347548 0.343746 19.925558
vn -2.380566 -0.191686 -2.322935
v 14.556954 0.270502 19.696114
vn -0.156672 -0.699018 -0.052369
v 14.762927 0.241514 19.466835
vn -0.550387 2.677672 -0.864704
v 15.055386 1.094812 19.890091
vn -1.377054 0.488286 -2.535019
v 14.859784 1.100515 20.021090
vn -0.090082 0.248991 -0.031505
v 14.863430 1.074335 20.014168
vn -2.096756 -0.170980 -2.057892
v 14.554846 0.243070 19.700541
vn -0.507489 -2.308549 -0.171852
v 14.761625 0.238681 19.508545
vn -0.006793 -0.735516 -0.037599
v 15.151079 0.254363 19.131409
vn -0.085046 2.853973 -0.773656
v 17.060894 1.104535 19.519114
vn -0.278426 2.542870 -0.752181
v 15.437265 1.099728 19.739815
vn -1.574085 0.543946 -2.911210
v 14.863430 1.074335 20.014168
vn -2.000296 -0.186109 -2.243854
v 14.762000 0.209970 19.510586
vn -2.179802 -0.215845 -2.442098
v 14.761625 0.238681 19.508545
vn -0.010197 1.276662 -0.345478
v 17.522865 1.103587 19.474607
vn -0.033997 1.193456 -0.326264
v 16.599232 1.103456 19.579918
vn -0.122131 2.614976 -0.685861
v 15.650436 1.101460 19.686218
vn -0.037399 0.277046 -0.083960
v 15.228335 1.106794 19.841040
vn -1.313795 0.378080 -2.685798
v 15.045160 1.131873 19.927944
vn -2.026073 -0.532537 -2.320395
v 14.962574 0.213744 19.338694
vn -0.020435 -2.439424 -0.120982
v 15.148784 0.252572 19.166859
vn 0.010537 -0.667775 -0.004481
v 15.340637 0.256877 18.976477
vn 0.029221 2.786345 -0.792180
v 17.990200 1.099937 19.459301
vn -0.014644 1.686704 -0.456420
v 17.528374 1.112940 19.509007
vn -0.053686 1.860855 -0.508623
v 16.592228 1.112872 19.615091
vn -0.008640 0.203208 -0.053816
v 15.871590 1.111802 19.686268
vn -0.810650 2.844910 -0.982056
v 15.045977 1.103713 19.923643
vn -0.047909 0.589061 -0.165389
v 15.529996 1.109979 19.740145
vn -1.420092 0.400083 -2.910578
v 15.045977 1.103713 19.923643
vn -2.004790 -0.614992 -2.318596
v 15.148784 0.252572 19.166859
vn -0.000479 0.290170 -0.080202
v 17.764805 1.111400 19.496338
vn 0.088120 2.637723 -0.786797
v 18.937630 1.092092 19.500725
vn -0.097602 3.061565 -0.830708
v 17.056601 1.113935 19.554262
vn -0.895666 0.304714 -2.996963
v 15.427244 1.137975 19.773962
vn -0.896776 0.303198 -2.986045
v 15.426105 1.109244 19.771391
vn -1.167142 0.325225 -2.889643
v 15.228335 1.106794 19.841040
vn -1.170923 0.330371 -2.897828
v 15.229109 1.135390 19.843956
vn -1.929668 -0.175550 -2.583710
v 15.337016 0.227733 19.010801
vn 0.023668 -2.489249 -0.026777
v 15.336626 0.256593 19.009365
vn -0.112073 -0.795765 -0.085746
v 15.539563 0.245711 18.845110
vn 0.042229 3.064344 -0.875076
v 18.002937 1.109276 19.492619
vn 0.004300 0.182679 -0.053312
v 18.730236 1.101730 19.516073
vn -0.208711 0.348360 -3.115775
v 17.528866 1.141615 19.512005
vn -0.099145 0.765155 -3.037983
v 17.764805 1.111400 19.496338
vn -0.213179 0.316842 -3.117911
v 17.528374 1.112940 19.509007
vn -0.299667 0.026921 -3.124473
v 17.292252 1.142442 19.531672
vn -0.370997 0.317781 -3.103904
v 17.056601 1.113935 19.554262
vn -0.357036 0.330719 -3.105857
v 16.592228 1.112872 19.615091
vn -0.357040 0.330029 -3.100761
v 16.592789 1.141548 19.618080
vn -0.371808 0.330309 -3.101108
v 17.057213 1.142611 19.557243
vn -0.369655 0.318094 -3.100941
v 15.871590 1.111802 19.686268
vn -0.591435 0.310501 -3.071724
v 15.641121 1.139665 19.721256
vn -0.592959 0.309327 -3.059010
v 15.640221 1.110952 19.718527
vn -1.824875 -0.145393 -2.447273
v 15.336626 0.256593 19.009365
vn 0.027013 0.344169 -3.125960
v 18.003185 1.137957 19.495607
vn 0.029070 0.324812 -3.120193
v 18.002937 1.109276 19.492619
vn 0.146665 3.113488 -0.954241
v 18.955540 1.100419 19.530647
vn 0.184573 2.369551 -0.920505
v 19.339993 1.094956 19.590366
vn -0.368919 0.318766 -3.104861
v 15.872271 1.140496 19.689133
vn -1.694191 -0.138334 -2.752250
v 15.535491 0.213813 18.880323
vn -0.337312 -2.259359 -0.266952
v 15.536478 0.242571 18.878283
vn 0.151718 0.304066 -3.115048
v 18.730236 1.101730 19.516073
vn 0.387483 0.283278 -3.117765
v 18.954565 1.129150 19.533125
vn 0.389175 0.277052 -3.080684
v 18.955540 1.100419 19.530647
vn 0.027221 0.381496 -0.139166
v 19.147734 1.100798 19.566854
vn -1.598820 -0.128785 -2.589040
v 15.536478 0.242571 18.878283
vn -0.406359 -0.899502 -0.440814
v 15.925615 0.191123 18.624544
vn 0.151401 0.306524 -3.130239
v 18.729916 1.130441 19.518869
vn 0.792673 0.262395 -3.074177
v 19.145683 1.129529 19.568760
vn 0.775425 0.252154 -2.973766
v 19.147734 1.100798 19.566854
vn 0.319426 1.990589 -0.772788
v 19.520927 1.115789 19.689888
vn -1.561040 -1.730384 -2.224754
v 15.924383 0.174987 18.658606
vn 1.192046 0.278144 -2.970775
v 19.318287 1.137153 19.626919
vn 0.139227 1.015993 -0.394502
v 19.475666 1.126860 19.699697
vn 1.133217 0.265064 -2.828670
v 19.321060 1.108429 19.625347
vn -0.813876 -0.079380 -1.424166
v 15.922879 0.146273 18.661043
vn 0.465396 1.393209 -0.448515
v 19.653774 1.138433 19.803127
vn 0.527390 1.467033 -0.458023
v 19.674122 1.124467 19.781824
vn 1.428831 0.302595 -2.719297
v 19.487381 1.157591 19.708731
vn 1.470093 0.311686 -2.812584
v 19.489773 1.128875 19.706799
vn -1.299274 -0.181584 -2.687374
v 16.112047 0.143358 18.561655
vn -0.251234 0.460457 -0.306925
v 11.714929 0.827362 18.692570
vn -2.037862 0.779531 -1.008018
v 11.781993 0.796246 18.532927
vn -2.088746 0.388031 0.987389
v 11.176011 0.768421 19.197060
vn 0.660037 2.788622 -0.980616
v 11.699629 0.780518 18.600996
vn 1.748019 0.359461 -2.794256
v 19.653774 1.138433 19.803127
vn -1.308085 -0.183777 -2.718330
v 16.111570 0.114567 18.563831
vn -0.516713 0.628200 0.319848
v 11.251304 0.880527 19.098513
vn -0.004508 0.206980 -0.105126
v 11.785877 0.709935 18.458328
vn 1.562283 0.321239 -2.498795
v 19.652962 1.166838 19.806271
vn 0.807522 1.565355 -0.375772
v 19.812973 1.113402 19.906263
vn 0.623141 1.169164 -0.271434
v 19.823141 1.101406 19.877935
vn -0.094642 -0.016793 -0.239273
v 16.311457 0.108725 18.476330
vn -0.123081 -0.865427 -0.513478
v 16.764660 0.165251 18.304741
vn -0.604775 0.266996 -0.269059
v 11.785877 0.709935 18.458328
vn -0.576327 -0.167503 0.233444
v 11.212526 0.592264 19.160810
vn -0.847910 1.314942 0.561605
v 11.119240 0.786486 19.069866
vn 0.781872 0.659533 0.060549
v 11.785877 0.709935 18.458328
vn 1.226810 0.974023 0.259767
v 11.694961 0.813683 18.498686
vn 1.631876 0.348483 -2.429467
v 19.815027 1.140895 19.911606
vn 1.846451 0.399722 -2.747299
v 19.812973 1.113402 19.906263
vn -0.888322 -0.316564 -2.927833
v 16.524815 0.143438 18.398996
vn -1.503808 -0.816421 0.566659
v 11.119240 0.786486 19.069866
vn 1.839835 1.706733 -0.276762
v 11.775414 0.706032 18.364704
vn 1.589823 0.448523 -2.443900
v 19.982294 1.074440 20.014597
vn 1.093167 1.671669 -0.216866
v 19.976582 1.049414 20.006247
vn -0.924220 -0.212495 -3.010102
v 16.525810 0.114604 18.400726
vn -0.248674 -1.758544 -1.043166
v 16.757408 0.146889 18.337427
vn -0.209262 -2.444010 -1.425422
v 17.239471 0.168059 18.205496
vn 0.090917 -2.009979 -1.027214
v 17.649990 0.169729 18.191820
vn -2.040179 1.107848 -0.732835
v 11.833938 0.694301 18.300894
vn -0.175465 0.510126 0.147003
v 11.138603 0.856699 18.849327
vn 0.494885 0.366642 -0.088964
v 11.825938 0.628767 18.224096
vn 1.790963 0.519715 -2.756954
v 19.976582 1.049414 20.006247
vn 0.631501 0.950146 -0.114655
v 19.978041 1.044296 19.971870
vn -0.727620 -0.199078 -3.058665
v 16.757935 0.118060 18.339174
vn -0.722442 -0.197589 -3.040151
v 16.757408 0.146889 18.337427
vn -0.001340 -0.303473 -0.164448
v 17.455503 0.152045 18.209209
vn 0.100841 -1.411079 -0.921470
v 18.018669 0.162666 18.249071
vn -0.584996 0.298247 -0.209092
v 11.825938 0.628767 18.224096
vn -2.170854 0.982384 -0.769263
v 11.862760 0.591998 18.073229
vn -0.587582 -0.490701 0.202190
v 11.154804 0.679646 18.913925
vn -0.694110 2.350059 0.647520
v 11.062307 0.803019 18.944538
vn 2.089536 1.362370 -0.404797
v 11.815960 0.617737 18.135468
vn 1.472732 0.720871 -2.412556
v 20.163481 0.962152 20.105120
vn 1.325814 1.708205 0.201341
v 20.153814 0.942105 20.093142
vn 0.601290 0.766592 0.103841
v 20.148888 0.950830 20.057255
vn -0.516929 -0.209005 -3.096400
v 17.233150 0.121874 18.238150
vn -0.265529 -2.767979 -1.619999
v 17.233421 0.150694 18.236158
vn 0.033943 -0.702332 -0.370701
v 17.690918 0.153402 18.227390
vn -0.515018 0.294351 -0.191135
v 11.854787 0.518484 18.001848
vn -1.851516 1.480046 -0.746557
v 11.896633 0.493564 17.848663
vn -1.668600 -1.598367 0.499597
v 11.062307 0.803019 18.944538
vn -0.178132 1.663458 0.376912
v 11.082529 0.854211 18.728165
vn 0.621793 0.245759 -0.029069
v 11.854787 0.518484 18.001848
vn 1.698249 0.848113 -2.760394
v 20.153814 0.942105 20.093142
vn 0.556192 0.504062 0.313414
v 20.327728 0.820905 20.112473
vn -0.509627 -0.208403 -3.082033
v 17.233421 0.150694 18.236158
vn -0.085681 -0.218853 -3.105331
v 17.455503 0.152045 18.209209
vn -0.093719 -0.220357 -3.133541
v 17.455143 0.123226 18.211250
vn 0.611796 -1.367148 -3.672324
v 18.021250 0.144633 18.276968
vn 0.346852 -0.221654 -3.089922
v 17.653633 0.152951 18.221617
vn -0.948167 -1.104392 0.212501
v 11.118976 0.725142 18.792656
vn -0.295238 1.916000 0.480835
v 10.954025 0.847967 18.694990
vn 1.435193 1.253293 -2.136137
v 20.348461 0.803049 20.157986
vn 1.588959 1.469095 0.864568
v 20.336292 0.792151 20.143520
vn 0.128251 -0.109352 0.596497
v 20.671595 0.722322 20.088261
vn 0.463979 -0.034597 -3.080400
v 17.838619 0.151214 18.251507
vn 0.347560 -0.213950 -3.144644
v 17.652693 0.124142 18.223576
vn 0.563015 -0.236373 -3.095827
v 18.018948 0.115892 18.278858
vn 1.012991 -0.473511 -2.477655
v 18.437689 0.136058 18.410387
vn -0.505998 0.404947 -0.213029
v 11.880993 0.437540 17.776384
vn -1.804893 1.447133 -0.811678
v 11.915494 0.397503 17.628284
vn -1.467329 -2.013761 0.204955
v 10.954025 0.847967 18.694990
vn -0.208889 1.066425 0.290735
v 11.031325 0.886640 18.608675
vn 2.328820 0.690358 0.022836
v 11.852865 0.527898 17.913258
vn 1.706797 1.470542 -2.543618
v 20.336292 0.792151 20.143520
vn 4.665968 2.736061 -0.556967
v 20.515633 0.600228 20.133926
vn 0.601876 0.129715 0.433068
v 20.506603 0.654418 20.115883
vn 0.076243 -0.032452 -0.248188
v 18.213701 0.109280 18.323927
vn 1.117338 0.118100 -2.613188
v 18.674042 0.133682 18.516586
vn 0.671916 0.194998 -0.037980
v 11.880993 0.437540 17.776384
vn -0.420258 -0.616015 0.042738
v 11.075908 0.763071 18.669838
vn -0.516141 1.318625 0.412981
v 10.905745 0.872465 18.570442
vn 0.398045 -1.136102 1.418962
v 20.853418 0.455931 20.000332
vn 0.593838 -0.439320 2.495870
v 20.662943 0.435718 20.037580
vn 1.292193 -0.217046 -2.612426
v 19.146343 0.117319 18.718134
vn -0.473632 0.427022 -0.216508
v 11.891967 0.329970 17.560196
vn 2.358849 0.676710 -0.216976
v 11.873818 0.435602 17.692337
vn -1.577193 1.732442 -0.744031
v 11.931543 0.302849 17.413153
vn 1.933343 1.497031 -1.141835
v 20.527111 0.596144 20.148006
vn 1.602372 0.162476 -0.846775
v 20.603035 0.422261 20.051399
vn 0.457454 -0.284007 1.706583
v 20.603035 0.422261 20.051399
vn 0.184219 -0.045571 -0.443001
v 18.519905 0.107337 18.449490
vn 0.091417 -0.003483 -0.210796
v 18.912241 0.096900 18.616772
vn 1.825197 -0.210436 -2.307507
v 19.562775 0.120162 18.976149
vn 0.695240 0.100096 0.002549
v 11.891967 0.329970 17.560196
vn -0.341404 0.422422 0.168821
v 10.932613 0.972267 18.375053
vn 1.272801 0.146489 -0.788707
v 20.611807 0.403930 20.062992
vn 0.105906 -0.556387 0.239643
v 20.651577 0.317847 19.768938
vn 0.537298 -2.191981 0.968004
v 20.662943 0.435718 20.037580
vn 0.301921 -0.766681 0.050713
v 20.509686 0.314174 19.882959
vn 0.551475 -1.669068 0.765405
v 20.603035 0.422261 20.051399
vn 0.920837 -2.115190 -0.559288
v 20.308144 0.259337 19.627481
vn 1.384569 -0.232205 -2.793429
v 19.145119 0.088499 18.719923
vn 0.123281 -0.017243 -0.197974
v 19.363964 0.084929 18.841219
vn -0.454041 0.495521 -0.224574
v 11.908252 0.251429 17.342796
vn -1.549506 1.673556 -0.822965
v 11.940085 0.211218 17.201088
vn -1.690674 1.859146 0.771667
v 10.863466 0.887596 18.447081
vn 2.280771 -0.035956 -1.667198
v 20.514936 0.288900 19.890779
vn 0.918421 -2.199752 -0.177342
v 20.498652 0.314429 19.822653
vn 2.756857 -0.045487 -1.999677
v 20.509686 0.314174 19.882959
vn 1.896715 -0.219690 -2.412224
v 19.562023 0.091347 18.978182
vn 0.166626 -0.015457 -0.178521
v 19.732544 0.112911 19.128351
vn 2.109954 -0.216868 -2.212471
v 19.904444 0.172294 19.292002
vn 2.477224 0.237638 0.088083
v 11.894890 0.341941 17.474394
vn 2.867648 1.298845 -0.602164
v 11.908252 0.251429 17.342796
vn -0.588500 -1.103780 0.088715
v 10.890493 0.879656 18.527014
vn -1.147706 0.871201 0.415765
v 10.881240 1.000894 18.258739
vn 2.201074 -0.166411 -2.137154
v 20.319447 0.222769 19.680187
vn 0.329868 -0.763177 -0.177292
v 20.317249 0.250533 19.675768
vn -0.395921 0.532855 -0.229752
v 11.909060 0.150152 17.135321
vn 0.582547 -0.037276 0.020613
v 11.909060 0.150152 17.135321
vn -1.013581 2.041659 -0.713546
v 11.948363 0.119547 16.991922
vn -0.704096 -1.702593 0.151870
v 10.958513 0.831728 18.305052
vn -1.830363 1.177151 0.636578
v 10.781587 0.897600 18.200094
vn 2.306311 -0.163176 -2.239867
v 20.317249 0.250533 19.675768
vn 0.920276 2.006005 0.277687
v 22.574247 1.203292 18.070038
vn 0.658566 0.378186 -0.045950
v 22.724907 1.101165 18.379910
vn 2.165413 -0.179257 -2.273948
v 19.904854 0.143567 19.294657
vn -0.747507 0.417816 0.252122
v 10.827019 1.015293 18.139753
vn 2.106841 0.081265 -2.282993
v 20.108288 0.177255 19.480042
vn -0.338219 0.657615 -0.243768
v 11.913981 0.079249 16.925457
vn -1.069768 1.962027 -0.799279
v 11.938130 0.035720 16.786283
vn -1.433966 0.625418 0.480706
v 10.739418 0.896947 18.076151
vn 0.850866 0.578509 0.041446
v 22.670759 1.192657 17.850260
vn 1.464578 2.835001 0.244208
v 22.697435 1.127913 18.206320
vn 0.796076 0.152438 -0.102497
v 22.712425 1.017328 18.158278
vn 0.162949 -0.917273 0.208197
v 12.738779 -0.663265 15.430480
vn 0.768707 -0.105293 -0.002066
v 11.913981 0.079249 16.925457
vn 2.319136 -0.297359 0.154844
v 11.916540 0.166381 17.054457
vn -0.673405 -1.673688 0.207211
v 10.767711 0.897643 18.159424
vn -0.153193 -1.004335 0.152039
v 12.615581 -0.641635 15.752441
vn -0.626192 -2.036496 0.240445
v 12.551448 -0.620684 15.911724
vn -0.376772 -0.430115 -0.065843
v 12.290386 -0.509189 16.176168
vn 2.275977 0.413654 -0.251043
v 22.697435 1.127913 18.206320
vn -0.271865 0.640511 -0.236077
v 11.892620 -0.014654 16.723539
vn 2.372611 -0.336119 -0.094686
v 11.911628 0.084489 16.847895
vn -0.443734 -1.119306 0.159031
v 10.876140 0.840776 18.061720
vn -0.549941 0.148977 0.182835
v 10.716161 1.027102 17.900145
vn 1.950713 0.290254 -0.093369
v 22.698505 1.049100 17.983671
vn 0.009615 -1.126610 0.212093
v 12.570717 -0.664327 15.557338
vn -0.687823 -2.668554 0.154162
v 12.632360 -0.689379 15.398718
vn 0.651902 -0.312229 0.052207
v 11.892620 -0.014654 16.723539
vn -0.518177 2.243464 -0.687462
v 11.920519 -0.050550 16.585367
vn -0.424593 -1.213252 0.165886
v 10.698115 0.895875 17.952791
vn -2.365937 0.562764 0.774608
v 10.698115 0.895875 17.952791
vn -0.423023 -2.126667 0.300733
v 12.510095 -0.631133 15.715528
vn -0.118276 0.760840 -0.215793
v 11.878833 -0.080174 16.520113
vn -0.219254 2.560868 -0.777549
v 14.388204 1.954049 1.268751
vn -0.568873 -1.957888 0.254306
v 10.756290 0.845079 17.691851
vn -1.769920 0.263289 0.555304
v 10.663342 1.029622 17.778545
vn -1.858162 -0.965354 -0.543238
v 12.510095 -0.631133 15.715528
vn -1.982082 -0.840751 -0.722813
v 12.404015 -0.486168 15.837800
vn -0.679912 -0.788019 -0.139770
v 12.553623 -0.615740 15.366560
vn -0.879290 -0.722756 -0.210907
v 12.570717 -0.664327 15.557338
vn -0.809079 -0.447088 -0.216242
v 12.463540 -0.531014 15.682716
vn 1.948455 -1.303647 0.287827
v 11.910403 -0.005754 16.643467
vn -0.113422 2.270279 -0.571585
v 11.877066 -0.113891 16.386543
vn 0.663128 -0.380109 -0.064948
v 11.878833 -0.080174 16.520113
vn -0.683563 1.120845 -0.321617
v 14.220363 1.919241 1.277501
vn -1.279708 0.155477 0.460695
v 10.582780 0.886599 17.589582
vn 0.032201 0.765958 -0.178297
v 11.806193 -0.133694 16.321951
vn 2.066234 -1.081803 -0.465241
v 11.869425 -0.064183 16.441147
vn -0.927617 0.913101 -0.391888
v 14.072565 1.832962 1.283315
vn 0.041556 0.321469 -0.107797
v 14.564112 1.934417 1.228699
vn -0.850649 1.505597 -0.434057
v 14.222233 1.911725 1.247333
vn 0.505232 1.240156 -0.438755
v 14.925659 1.823618 1.237953
vn 0.285333 1.277639 -0.465397
v 14.749666 1.900206 1.248543
vn -0.267001 -2.737287 0.878606
v 10.697386 0.831296 17.514875
vn -0.000654 -0.813289 -0.129536
v 23.138443 0.414171 18.769855
vn -0.651555 -0.794973 0.075916
v 12.746854 -0.741911 14.734534
vn -0.234413 -0.880394 0.141960
v 12.836920 -0.774733 14.422527
vn 0.727223 -0.273155 -0.168766
v 11.806193 -0.133694 16.321951
vn -0.264190 3.048368 -0.925450
v 14.387099 1.944831 1.238703
vn -1.184553 1.226130 -0.504841
v 14.077674 1.825287 1.253339
vn -0.259695 -0.805135 0.199988
v 10.547308 0.880801 17.499388
vn -1.939482 0.321607 1.288584
v 10.534711 1.022083 17.433743
vn -0.817407 -2.010406 -0.324142
v 23.196609 0.405782 18.675205
vn 0.571190 -0.750632 0.156445
v 12.972648 -0.803668 13.829942
vn 0.191557 -0.988027 0.264672
v 12.919965 -0.802994 14.120207
vn -0.094315 -1.937627 0.453937
v 12.883840 -0.788877 14.270132
vn 0.399437 2.258759 -0.462928
v 11.812389 -0.162779 16.185383
vn 0.706358 1.140226 -0.464655
v 15.086436 1.719689 1.226154
vn -0.272066 0.221372 -0.115286
v 13.957076 1.704840 1.258158
vn 0.384231 1.600999 -0.581667
v 14.745162 1.890296 1.218576
vn -0.452659 -2.480699 0.890814
v 10.675777 0.817951 17.466732
vn -1.658039 0.173770 0.686049
v 10.534116 0.875884 17.469336
vn 1.397233 -1.718292 -0.266932
v 23.092319 0.402812 18.601543
vn -0.452860 -0.802037 -0.074145
v 23.139683 0.455107 18.512833
vn 0.709157 -0.546118 0.083254
v 13.003010 -0.782209 13.552210
vn 1.269254 -1.289070 0.215499
v 12.991220 -0.791587 13.689727
vn -0.534259 -1.008090 0.130961
v 12.693415 -0.715395 14.553559
vn -2.559734 -1.171754 -0.214422
v 12.661667 -0.674515 14.709164
vn -0.449167 -2.113249 0.378850
v 12.734784 -0.751113 14.400358
vn 0.150279 0.785862 -0.202930
v 11.747585 -0.165771 16.114868
vn 2.125032 -0.656142 -0.499784
v 11.796341 -0.100981 16.237114
vn 0.644767 1.513167 -0.542515
v 14.920296 1.815158 1.207865
vn -2.222083 1.238961 -0.889421
v 13.855739 1.576100 1.293046
vn 0.070314 -0.498191 0.100166
v 10.894818 0.833935 17.472368
vn 0.353863 0.261338 2.696637
v 10.670881 0.803305 17.468822
vn 0.505245 0.330036 3.486639
v 10.675777 0.817951 17.466732
vn 0.105655 0.184025 2.136913
v 10.534116 0.875884 17.469336
vn -0.772860 0.677541 2.221191
v 10.525226 1.021509 17.421822
vn 0.578199 -0.686215 -0.058711
v 23.139683 0.455107 18.512833
vn 0.502270 -1.071049 0.059688
v 12.952291 -0.869508 13.411583
vn 0.472137 -1.027151 0.246527
v 12.868438 -0.855718 13.960680
vn 1.388570 -1.690659 0.333543
v 12.893810 -0.865680 13.820247
vn 0.251913 -2.045037 0.527793
v 12.828378 -0.825137 14.103833
vn 0.455168 2.148427 -0.718923
v 11.748971 -0.210370 15.982466
vn 0.820129 -0.217943 -0.222158
v 11.747585 -0.165771 16.114868
vn 0.868046 1.371618 -0.566480
v 15.079585 1.711687 1.196103
vn 0.814110 1.057177 -0.496163
v 15.238391 1.597860 1.214142
vn -2.631053 1.460638 -1.051755
v 13.864111 1.569706 1.263223
vn -1.229491 0.349951 -0.404091
v 13.787713 1.427909 1.298030
vn 0.302700 -1.448936 0.230396
v 11.073638 0.859749 17.399771
vn 0.832574 0.249593 2.832247
v 10.873845 0.801850 17.425922
vn 0.959762 0.274386 3.139852
v 10.873896 0.818372 17.424444
vn 0.264101 0.531100 1.544244
v 10.512638 1.020767 17.424368
vn 0.956531 0.907036 0.542803
v 11.044491 1.335354 17.070585
vn -1.220883 -1.815669 -0.082682
v 23.193583 0.422948 18.423147
vn 1.697757 -1.422860 0.223943
v 12.936599 -0.869366 13.546178
vn -1.145790 -0.199827 -0.224631
v 12.693415 -0.715395 14.553559
vn -0.886501 -0.013137 -0.177421
v 12.663911 -0.560807 14.689532
vn -1.933335 -0.750767 -0.367792
v 12.734784 -0.751113 14.400358
vn -0.986937 -0.330584 -0.189430
v 12.704856 -0.650116 14.380029
vn -1.926417 -1.093873 -0.313705
v 12.828378 -0.825137 14.103833
vn -1.705608 -0.885202 -0.317371
v 12.735779 -0.691808 14.229599
vn 0.249174 0.750091 -0.249521
v 11.675607 -0.218519 15.911665
vn 2.121849 -0.510433 -0.619096
v 11.729200 -0.138973 16.029762
vn 0.949021 1.122228 -0.457076
v 15.687404 1.202624 1.182088
vn -1.640860 0.494544 -0.547353
v 13.796255 1.423334 1.268078
vn -0.123468 -2.396319 0.182079
v 11.230463 0.863363 17.307758
vn 0.303044 -1.613152 0.213826
v 11.052150 0.847809 17.352913
vn 1.398603 0.140980 2.865665
v 11.052625 0.830590 17.353508
vn 1.224973 0.880161 3.145194
v 10.607285 1.187016 17.344763
vn -0.569739 2.545584 1.641610
v 10.746744 1.298704 17.270739
vn 2.200589 1.116985 0.637757
v 11.270353 1.131827 16.882900
vn 1.294756 0.566209 0.619446
v 11.448428 0.933332 16.624422
vn 0.325783 0.200655 0.118404
v 11.171047 1.274635 16.949030
vn 1.492538 -1.672626 0.054129
v 23.106482 0.420419 18.356422
vn -0.549103 -0.757210 -0.092603
v 23.151726 0.458025 18.270929
vn -0.051147 -0.850815 -0.005065
v 12.827281 -0.862760 13.540406
vn -0.269192 -2.238402 -0.028262
v 12.936599 -0.869366 13.546178
vn -0.579540 -0.852283 -0.044246
v 12.818364 -0.813718 13.807537
vn -1.039124 -1.910845 -0.085237
v 12.893810 -0.865680 13.820247
vn -0.799564 -0.759995 -0.097960
v 12.868438 -0.855718 13.960680
vn -0.496437 -1.761688 -0.053813
v 12.813018 -0.838441 13.673841
vn -0.777884 -0.454482 -0.120595
v 12.781057 -0.738941 14.084228
vn 0.987358 1.927744 -0.635581
v 11.697776 -0.273418 15.779593
vn 0.850571 -0.228163 -0.142262
v 11.675607 -0.218519 15.911665
vn 0.921563 1.192896 -0.557448
v 15.230342 1.589979 1.184143
vn -2.548904 0.748296 -1.125684
v 13.665593 0.962207 1.309690
vn -0.265971 0.070417 -0.096468
v 13.751001 1.269172 1.272261
vn -1.374594 0.496648 0.342367
v 11.405614 0.193121 16.600632
vn -0.700083 -0.800849 0.065124
v 11.357307 0.800383 17.202929
vn 1.370750 0.119080 2.730620
v 11.052150 0.847809 17.352913
vn 0.009647 0.070495 1.073657
v 10.521074 0.865196 17.470694
vn 1.014438 0.649764 2.503864
v 10.595589 1.195653 17.347191
vn 1.192287 0.781953 0.547739
v 11.563765 0.838641 16.514055
vn 0.896521 0.009953 1.502302
v 10.892162 1.361599 17.163572
vn 2.813952 0.070413 3.367093
v 11.041533 1.345365 17.059069
vn 0.625384 -0.662148 -0.016348
v 23.151726 0.458025 18.270929
vn -1.339570 -1.757358 -0.309777
v 23.197575 0.438595 18.182890
vn -0.693464 -1.115549 -0.394724
v 14.373568 0.388549 0.857357
vn 1.906607 2.295837 0.228397
v 11.689496 0.752770 16.404999
vn 1.723372 2.208597 -0.512837
v 15.841475 1.075487 1.173322
vn 1.044230 1.243633 -0.486542
v 15.680425 1.196114 1.151614
vn -1.196162 -0.482519 -0.086213
v 11.507877 0.556183 16.978104
vn -2.435080 -0.040274 0.253061
v 11.518145 0.414981 16.864132
vn -1.255349 -1.621688 0.153225
v 11.339177 0.812437 17.156263
vn -0.280948 -3.210140 0.298860
v 11.208074 0.860939 17.260674
vn 1.973754 -0.369124 2.862432
v 11.205575 0.844805 17.260237
vn -3.015308 0.024465 -0.353530
v 10.483976 1.025715 17.365572
vn -1.287795 2.100957 2.227812
v 10.595589 1.195653 17.347191
vn -1.674543 2.641776 2.016532
v 10.588151 1.199386 17.339371
vn 1.632927 0.448134 3.038276
v 10.738508 1.304598 17.258741
vn -0.476302 2.485020 1.547719
v 10.738508 1.304598 17.258741
vn 2.685222 1.355455 0.772221
v 11.265142 1.168148 16.837267
vn 0.339448 0.156518 0.102933
v 11.349318 1.049920 16.725012
vn 1.335008 0.597693 0.637495
v 11.449023 0.943963 16.613461
vn 1.371797 -1.620231 2.678506
v 11.171047 1.274635 16.949030
vn 1.150104 -1.348548 2.247246
v 11.181613 1.287036 16.951120
vn 1.616108 -1.565417 -0.189197
v 23.118813 0.442074 18.121767
vn -0.609227 -0.678234 -0.070074
v 23.158915 0.493586 18.038105
vn -1.000656 -0.763652 -0.474363
v 15.011151 -0.352019 0.823956
vn -0.832019 -0.971623 -0.431850
v 14.509151 0.305068 0.851661
vn -0.552125 -1.207091 -0.434086
v 14.229866 0.451633 0.862399
vn 0.642709 1.817161 -0.853026
v 11.657783 -0.336520 15.571886
vn -0.535369 -0.223860 -0.042378
v 12.249544 -0.439711 14.178153
vn 0.357685 0.807520 -0.315533
v 11.639958 -0.269979 15.700205
vn 2.116780 -0.599642 -0.210931
v 11.675021 -0.188597 15.820721
vn -0.691343 1.142444 -0.502664
v 13.412217 0.585727 1.318528
vn -1.063128 0.716330 -0.589784
v 13.609426 0.818133 1.313195
vn -2.719743 0.814362 -1.204046
v 13.677034 0.956808 1.280195
vn -2.571431 1.108248 1.099321
v 11.311646 0.090344 16.481478
vn -0.368740 0.056994 0.076137
v 11.477727 0.320098 16.705967
vn -0.450306 -0.307007 -0.004508
v 11.438236 0.716818 17.045292
vn 1.555022 -0.328549 2.268373
v 11.208074 0.860939 17.260674
vn 0.048166 1.275995 0.902223
v 10.730832 1.318492 17.260876
vn 1.318931 0.337160 2.439669
v 10.730832 1.318492 17.260876
vn 1.243836 0.841724 0.555340
v 11.562294 0.848662 16.502951
vn 0.982742 -1.725405 2.538902
v 11.265142 1.168148 16.837267
vn 0.882866 -1.653965 2.385251
v 11.349318 1.049920 16.725012
vn 0.922455 -1.641312 2.405076
v 11.278589 1.178575 16.839216
vn 0.787687 -0.087065 1.274646
v 10.890429 1.377286 17.165470
vn 1.442554 -0.793834 2.293660
v 11.046454 1.360037 17.061052
vn 0.567991 -0.656561 -0.058274
v 23.158915 0.493586 18.038105
vn -0.988525 -0.802554 -0.488920
v 14.631270 0.201341 0.845833
vn -1.082977 -1.307432 -0.566971
v 14.515534 0.312900 0.821742
vn -0.750049 -0.553952 0.648037
v 12.222362 -0.286906 14.087956
vn -0.666490 -0.202439 0.626270
v 12.133757 -0.233482 13.989359
vn 0.913713 -0.117073 -0.193104
v 11.639958 -0.269979 15.700205
vn 0.114933 0.082864 0.034958
v 11.805410 0.668497 16.284483
vn 1.352908 0.518426 0.585885
v 11.897653 0.540711 16.184551
vn 2.891753 -0.104384 0.996152
v 11.951661 0.406456 16.073277
vn 0.170328 0.238010 -0.080458
v 15.994917 0.947243 1.136660
vn -0.908582 0.962025 -0.556034
v 13.523422 0.691115 1.316314
vn -1.322805 0.838783 -0.716630
v 13.621054 0.811288 1.283921
vn -1.728883 -0.613815 -0.097064
v 11.498025 0.588596 16.933386
vn -1.502028 0.548014 0.387741
v 11.406524 0.203266 16.589569
vn -3.159278 -0.030105 0.345632
v 11.513028 0.449210 16.820341
vn 0.810510 -1.697409 2.151343
v 11.438236 0.716818 17.045292
vn 1.351151 -1.124714 2.197236
v 11.339177 0.812437 17.156263
vn 1.680707 -1.407959 2.745028
v 11.331069 0.799776 17.154768
vn -2.823500 0.295718 -0.413014
v 10.484825 1.023493 17.358177
vn -1.138591 1.400351 0.287621
v 10.570769 1.198720 17.277390
vn -0.286687 2.290285 1.006624
v 10.724764 1.324397 17.252920
vn 0.964768 -1.785036 2.582971
v 11.363359 1.059605 16.726540
vn 1.124281 -1.507310 2.398803
v 11.449023 0.943963 16.613461
vn 1.256320 -1.341984 2.484484
v 11.562294 0.848662 16.502951
vn 1.383056 1.389857 0.618566
v 11.181613 1.287036 16.951120
vn 1.095971 2.215528 0.046692
v 11.169212 1.323073 16.894619
vn 0.232960 0.277336 0.132193
v 11.046454 1.360037 17.061052
vn -1.544619 -1.560985 -0.084855
v 23.199156 0.458606 17.949085
vn -0.761756 -0.996586 -0.537990
v 15.245166 -0.619040 0.814087
vn -0.895842 -0.872617 -0.519778
v 15.118456 -0.491085 0.818523
vn -2.339575 -1.476867 -0.756669
v 14.827033 -0.060270 0.835056
vn -1.266114 -1.069916 -0.629098
v 14.639686 0.209109 0.816066
vn 0.073131 -1.308275 -0.416215
v 13.767381 0.490797 0.879156
vn -0.875895 -1.454017 -0.515470
v 14.377579 0.396692 0.827297
vn -0.348172 -1.259241 -0.472748
v 14.079713 0.490314 0.867504
vn 0.481707 0.528043 -0.333683
v 11.583570 -0.341023 15.506378
vn -1.964426 -1.063751 0.557849
v 12.247207 -0.403606 14.016955
vn -1.644864 -0.661802 0.021323
v 12.029446 -0.249162 13.774153
vn -0.992072 -0.357503 0.404307
v 12.039509 -0.270860 13.876976
vn 2.161020 -0.077432 -0.600301
v 11.619533 -0.249317 15.624012
vn 1.017786 -1.020144 0.463726
v 11.845548 0.007590 15.751139
vn 0.737970 1.123937 -0.488548
v 16.168205 0.844514 1.162083
vn -0.862425 1.348263 -0.612147
v 13.419416 0.577065 1.288940
vn -1.106104 1.111276 -0.668014
v 13.533180 0.683344 1.286924
vn -1.326265 0.485279 0.436656
v 11.120294 -0.112969 16.239676
vn -1.455693 0.535088 0.482970
v 11.120703 -0.102190 16.228939
vn -1.255172 -1.518649 2.243679
v 11.406524 0.203266 16.589569
vn -0.739440 -1.762057 2.219082
v 11.477727 0.320098 16.705967
vn -0.845265 -2.018717 2.542497
v 11.462445 0.325802 16.705404
vn -0.139474 -1.853855 2.165360
v 11.513028 0.449210 16.820341
vn -0.758529 1.883864 0.217865
v 10.704515 1.323658 17.191034
vn 0.642535 1.213686 0.798137
v 10.890429 1.377286 17.165470
vn 1.500517 -1.306394 2.701167
v 11.805410 0.668497 16.284483
vn 1.297359 -1.151803 2.359977
v 11.817081 0.680825 16.283962
vn 1.676862 0.978704 0.456168
v 11.278589 1.178575 16.839216
vn 1.750269 1.830068 -0.172817
v 11.270063 1.219074 16.784008
vn 1.688623 0.926534 0.351613
v 11.363359 1.059605 16.726540
vn 3.484937 2.277718 0.344811
v 11.354316 1.099834 16.672020
vn 1.365396 -1.385053 2.595503
v 11.541723 0.887128 16.534155
vn 0.645995 1.175840 0.771029
v 10.886467 1.384658 17.157547
vn -0.155178 1.518635 -0.314513
v 11.027813 1.386495 17.002859
vn 1.228758 -1.878182 -0.090691
v 23.115528 0.472268 17.891750
vn -0.672414 -0.716545 -0.092660
v 23.159767 0.505278 17.807510
vn -1.198769 -1.139567 -0.681385
v 15.127584 -0.482793 0.788870
vn -1.275747 -0.963992 -0.593812
v 15.020357 -0.345558 0.794135
vn -0.290391 -0.208643 -0.117926
v 14.743555 0.084504 0.810595
vn -0.096663 -1.288636 -0.444271
v 13.924742 0.500588 0.873388
vn -0.662490 -1.520598 -0.549714
v 14.232323 0.461299 0.832395
vn -2.426571 1.786679 -0.451072
v 12.234703 -0.549442 14.142107
vn -2.198485 -0.415932 -2.506485
v 12.283792 -0.491991 14.021660
vn -1.715182 -0.768268 1.568647
v 12.124722 -0.310367 13.954891
vn -0.861698 0.883731 -0.432700
v 12.152364 -0.562985 14.489480
vn 1.373195 0.502701 0.594651
v 11.898750 0.550266 16.173563
vn 1.251969 -0.363925 0.060871
v 11.919217 0.105307 15.887674
vn 0.354301 -0.090711 0.033829
v 11.964837 0.273121 15.952678
vn 0.872195 1.350548 -0.586003
v 16.162025 0.835488 1.131983
vn 0.641440 1.176674 -0.502035
v 16.343163 0.747609 1.157448
vn -0.601556 1.495089 -0.612953
v 13.285779 0.496535 1.289712
vn -0.467860 1.238609 -0.503288
v 13.280433 0.506548 1.319324
vn -0.118262 -2.305990 2.677111
v 11.496470 0.449759 16.819895
vn 0.299485 -1.815913 2.221495
v 11.498025 0.588596 16.933386
vn 0.632986 -2.131800 2.713089
v 11.434916 0.687215 17.022905
vn -1.413166 -1.459410 2.356963
v 11.201376 0.014291 16.349403
vn -1.309294 -1.637888 2.473076
v 11.120703 -0.102190 16.228939
vn -1.401930 -1.670385 2.479091
v 11.392982 0.213284 16.588661
vn -0.103323 0.333119 0.017256
v 10.863050 1.389077 17.096619
vn 1.085334 -1.656672 2.707999
v 11.898750 0.550266 16.173563
vn 0.920527 0.680267 0.174430
v 11.445920 0.990681 16.559637
vn 1.353213 0.988481 0.275755
v 11.461874 0.955078 16.614292
vn 2.434686 1.302110 1.484252
v 11.573616 0.861639 16.503042
vn 2.367121 1.271524 1.449075
v 11.573853 0.870120 16.495213
vn 0.441021 1.523791 -0.319043
v 11.162589 1.323105 16.885780
vn -0.136502 1.543153 -0.319441
v 11.022511 1.384092 16.993872
vn 0.493794 -0.791785 -0.070877
v 23.159767 0.505278 17.807510
vn -1.428270 -1.572133 -0.272291
v 23.204874 0.479378 17.720446
vn -0.481673 -0.782433 -0.278688
v 12.739340 -0.127477 14.298711
vn -0.532835 -1.138517 -0.447561
v 15.397877 -0.731795 0.811510
vn -1.014655 -1.288411 -0.701878
v 15.253428 -0.609381 0.784496
vn 0.092569 -1.555653 -0.501761
v 13.765664 0.500285 0.849031
vn -0.101018 -1.672381 -0.571604
v 13.924427 0.510961 0.843369
vn -0.402721 -1.593665 -0.592528
v 14.080903 0.501221 0.837575
vn 0.600310 0.435382 0.006959
v 11.593785 -0.413974 15.336318
vn -1.047017 0.744236 -0.371981
v 12.222208 -0.538513 14.315370
vn -0.153240 -0.088535 -0.471589
v 12.435745 -0.419391 13.958654
vn -0.138716 -0.715628 -2.244643
v 12.247207 -0.403606 14.016955
vn 0.168046 -0.420496 -0.963356
v 12.305474 -0.291519 13.978194
vn 0.239766 -1.767195 -1.568051
v 12.124722 -0.310367 13.954891
vn -0.816397 -0.716866 0.158702
v 12.059161 -0.324211 13.737081
vn 0.032017 -0.396337 -0.235980
v 12.039509 -0.270860 13.876976
vn -0.048686 -1.309618 -0.316558
v 12.177464 -0.287110 13.922986
vn -0.428742 1.133030 -0.295100
v 11.970303 -0.589572 14.811448
vn 0.253182 1.234666 -0.432188
v 11.773264 -0.539542 15.080924
vn 2.848648 -0.107463 0.977299
v 11.955716 0.415783 16.062483
vn 1.538804 -0.484759 0.096239
v 11.929698 0.134234 15.845049
vn 1.103958 2.563186 -0.559536
v 16.524347 0.663105 1.153623
vn -0.355868 0.127606 0.068933
v 11.040053 -0.215353 16.109743
vn -1.236590 -1.543152 2.333592
v 11.107272 -0.091465 16.228914
vn 1.407911 0.568586 0.600671
v 11.817081 0.680825 16.283962
vn 0.949302 -1.444973 2.364288
v 11.912638 0.559156 16.173420
vn 0.830829 1.270132 -0.434541
v 11.262941 1.220518 16.775354
vn 0.069297 0.087863 -0.026473
v 11.438134 0.990999 16.551481
vn 1.089845 -1.873735 -0.273835
v 23.113062 0.498874 17.665447
vn -0.701680 -0.741350 -0.046215
v 23.163847 0.540493 17.582787
vn -0.735857 -0.468423 0.275694
v 12.771588 -0.184636 14.016720
vn -0.170847 -1.984309 -0.541089
v 12.665892 -0.125550 14.437379
vn -0.158924 -1.256090 -0.347839
v 15.571625 -0.809562 0.808671
vn -0.749706 -1.524236 -0.617189
v 15.403936 -0.722905 0.781682
vn 0.387133 -2.619465 -1.127084
v 13.294177 0.411992 0.892286
vn -0.865732 0.496564 -1.362096
v 12.279676 -0.544004 14.007152
vn -1.264846 0.897841 -0.430539
v 12.197558 -0.582488 14.296770
vn -0.122967 0.366002 -1.014142
v 12.422375 -0.539654 13.924498
vn -0.841577 -3.279249 1.178825
v 12.094615 -0.299114 13.837720
vn -0.395619 -1.554915 0.563776
v 12.039509 -0.270860 13.876976
vn -0.271870 0.431141 -0.154052
v 12.025842 -0.613842 14.637573
vn -1.249580 1.212528 -0.595276
v 12.122189 -0.602378 14.469117
vn -0.066165 2.432783 -0.677800
v 11.877567 -0.578698 14.949815
vn 0.546772 -2.016665 2.693003
v 11.955716 0.415783 16.062483
vn 0.464290 -1.693170 2.273763
v 11.971799 0.420233 16.062550
vn 0.665119 -1.847108 1.734745
v 11.853895 0.011072 15.740479
vn 0.115364 -2.045875 2.699711
v 11.964837 0.273121 15.952678
vn 0.752697 1.408677 -0.573316
v 16.337620 0.737796 1.127366
vn -0.262814 1.293950 -0.509951
v 13.134853 0.451848 1.319321
vn -0.349511 1.570057 -0.620909
v 13.138594 0.440940 1.289715
vn -1.042195 -1.878694 2.559181
v 11.040053 -0.215353 16.109743
vn -0.966742 -1.684971 2.317153
v 11.025213 -0.206728 16.109894
vn 1.526204 0.177759 0.611778
v 11.912638 0.559156 16.173420
vn 2.071954 1.418132 0.367327
v 11.817267 0.688829 16.275932
vn 0.917329 2.654959 -1.377397
v 11.549740 0.891807 16.448002
vn 0.436107 -0.847767 -0.084978
v 23.163847 0.540493 17.582787
vn -0.409324 -1.307975 -0.531424
v 18.373514 0.252308 0.765375
vn -0.774189 -0.739212 0.052298
v 12.744253 -0.072149 14.134883
vn -0.894304 -1.945858 -0.645207
v 12.681871 -0.079364 14.262958
vn 0.310440 -0.917108 0.072546
v 12.464621 -0.132161 14.525174
vn -0.267511 -1.735216 -0.496841
v 15.574745 -0.801620 0.778566
vn 0.042815 -0.359307 -0.156449
v 13.131513 0.398755 0.867178
vn 0.184902 0.367762 -0.094590
v 11.643214 -0.479566 15.176077
vn 2.278932 0.394469 0.766041
v 11.588398 -0.405986 15.301262
vn -2.399305 1.781821 -0.479469
v 12.227394 -0.560656 14.137008
vn 0.256858 0.286001 -0.719365
v 12.476409 -0.315664 13.988653
vn 0.253086 -0.550073 -0.439206
v 12.388528 -0.193256 13.964368
vn -0.577594 1.754489 -0.444825
v 11.933047 -0.610391 14.785642
vn 0.292100 1.671268 -0.582101
v 11.733706 -0.542249 15.050017
vn -0.569538 -0.593461 1.208263
v 11.654587 -0.215591 15.531732
vn -0.271658 -1.737519 2.300182
v 11.945975 0.130380 15.844025
vn -0.314717 -2.041870 2.682337
v 11.929698 0.134234 15.845049
vn 0.098559 -1.745001 2.303826
v 11.981650 0.273359 15.952139
vn 0.101137 0.272970 -0.095607
v 16.705677 0.577967 1.121375
vn -0.069787 1.323061 -0.469210
v 12.982279 0.419901 1.319147
vn -1.201199 0.428400 0.189681
v 10.971621 -0.375203 16.037407
vn -0.633086 -1.792917 2.264818
v 10.961472 -0.333615 15.994041
vn 1.372627 0.146272 0.549160
v 11.914968 0.566808 16.165558
vn 0.108460 -0.010685 0.048852
v 11.971799 0.420233 16.062550
vn 0.894759 2.595927 -1.344490
v 11.541451 0.890574 16.440105
vn 0.388617 1.240041 -0.589587
v 16.899988 0.530368 1.149340
vn 0.273691 1.265990 -0.568762
v 17.094503 0.487142 1.147640
vn -1.450379 -1.495450 0.008747
v 23.205629 0.499469 17.497091
vn -0.299998 -1.345063 -0.504283
v 18.167707 0.300157 0.762063
vn -0.437113 -1.282873 -0.494186
v 19.135588 -0.050949 0.781738
vn -0.836116 -2.512644 0.775042
v 12.716049 -0.101220 14.010210
vn 0.156464 -1.287933 -0.374428
v 15.761413 -0.832554 0.803438
vn 0.169907 -1.714092 -0.496189
v 15.761464 -0.823782 0.773286
vn 0.031206 -1.273746 -0.569534
v 12.812057 0.362384 0.907317
vn -0.542710 -0.962479 0.617602
v 11.586459 -0.318872 15.421255
vn -0.337375 -2.467931 -0.761058
v 12.422375 -0.539654 13.924498
vn 0.134583 2.262715 0.301642
v 12.268100 -0.542366 14.000868
vn 0.249551 3.759703 0.556454
v 12.279676 -0.544004 14.007152
vn 0.592676 2.818957 0.512245
v 12.212289 -0.556603 14.132615
vn 0.709536 3.203768 0.593082
v 12.227394 -0.560656 14.137008
vn 1.162029 2.600241 0.666618
v 12.197558 -0.582488 14.296770
vn 1.610838 2.629628 1.029174
v 12.108623 -0.592762 14.465991
vn 1.519594 2.434306 0.965776
v 12.122189 -0.602378 14.469117
vn 1.299770 2.992651 0.757983
v 12.182760 -0.575189 14.293771
vn 0.320893 0.599066 -1.552139
v 12.554151 -0.443418 13.965620
vn 1.968609 2.261541 1.175584
v 12.014791 -0.602188 14.633853
vn 1.883414 2.117654 1.144206
v 12.025842 -0.613842 14.637573
vn -0.087688 3.053345 -0.844340
v 11.837694 -0.587902 14.920672
vn 2.254081 1.463259 1.364650
v 11.933047 -0.610391 14.785642
vn 2.494607 1.614287 1.506111
v 11.926178 -0.596331 14.781912
vn -0.422975 -0.841715 1.346555
v 11.868574 0.003141 15.740033
vn 2.790787 -1.155277 1.190070
v 11.981650 0.273359 15.952139
vn 3.643988 -1.058921 0.815001
v 11.987455 0.279205 15.944201
vn -0.113569 1.630572 -0.585500
v 12.984165 0.409462 1.289431
vn -1.084218 -0.543567 0.070885
v 10.978795 -0.627303 15.808464
vn -2.516479 0.066229 0.110227
v 10.947906 -0.503193 15.923569
vn -1.744762 0.553477 0.264741
v 10.977427 -0.339838 15.994302
vn 1.045707 1.210046 -0.239550
v 11.783481 0.708001 16.221388
vn 0.260163 0.289210 -0.068004
v 11.889553 0.593906 16.111103
vn 2.028004 1.586132 -1.168362
v 11.968211 0.459299 16.008215
vn 0.454169 1.493870 -0.706500
v 16.896255 0.517500 1.119815
vn 0.364151 2.701608 -0.805092
v 17.291908 0.456039 1.146831
vn 0.095192 2.784630 -0.530576
v 17.690166 0.419897 1.149239
vn 0.829150 -1.956856 -0.074946
v 23.105661 0.521196 17.442907
vn -0.741878 -0.823909 -0.047959
v 23.156807 0.546021 17.360565
vn 0.494212 -1.287596 -0.482312
v 17.323692 0.209246 0.756194
vn -0.564773 -1.355667 -0.605180
v 18.572739 0.187638 0.769017
vn -0.453916 -1.489759 -0.600990
v 18.376011 0.263559 0.735760
vn -0.180607 -1.373652 -0.533375
v 17.953873 0.328650 0.759712
vn -0.285911 -1.324195 -0.484569
v 19.315802 -0.114334 0.787682
vn 0.840654 -1.033503 -0.307122
v 16.343033 -0.640514 0.789574
vn 1.035333 -2.470036 -0.755183
v 16.156868 -0.742514 0.794124
vn 0.669400 -1.194317 -0.501309
v 17.134319 0.101602 0.758543
vn 0.698437 -0.745049 0.298219
v 12.628593 -0.146084 14.221048
vn 0.811266 -0.650127 -0.116710
v 12.744253 -0.072149 14.134883
vn 1.249342 -1.400303 0.574722
v 12.681871 -0.079364 14.262958
vn 1.168585 -1.515291 0.663088
v 12.506065 -0.177489 14.348552
vn 0.115117 -1.268979 -0.559022
v 12.973838 0.369194 0.901812
vn 2.512815 -0.368962 1.583860
v 11.643214 -0.479566 15.176077
vn 0.701563 -1.396448 1.144927
v 11.597075 -0.402804 15.299783
vn 2.450781 0.002341 1.774446
v 11.733706 -0.542249 15.050017
vn 2.750142 -0.362160 1.673432
v 11.647073 -0.466627 15.172599
vn 0.894660 0.631928 -1.942515
v 12.590989 -0.350488 14.015720
vn 1.497472 -0.404492 -3.522772
v 12.542209 -0.206737 14.013116
vn 0.057519 0.541582 -1.451763
v 12.540168 -0.556263 13.922969
vn 0.492120 -0.132855 0.046724
v 12.516572 -0.552960 14.051481
vn 2.673591 -0.475084 0.346271
v 12.539514 -0.507098 13.940249
vn 1.669107 -0.624684 0.243453
v 12.554405 -0.442863 13.966056
vn 2.409932 0.972313 1.489977
v 11.837694 -0.587902 14.920672
vn -0.036564 -1.848609 2.082685
v 11.667999 -0.226461 15.532715
vn 1.251566 -1.101068 0.440118
v 11.945975 0.130380 15.844025
vn 0.056966 -0.065106 0.031363
v 11.868574 0.003141 15.740033
vn 1.020772 -0.914322 0.358956
v 11.952520 0.134507 15.835925
vn 0.111675 1.286676 -0.447144
v 12.827094 0.410957 1.317778
vn 0.119053 1.672203 -0.582453
v 12.826652 0.400681 1.288098
vn -0.422129 -1.857522 2.153177
v 10.930616 -0.467490 15.880095
vn -0.746549 -0.958803 0.334794
v 11.136971 -0.843238 15.574593
vn -0.434175 -0.359358 0.097708
v 11.016212 -0.722434 15.651281
vn 0.025559 -1.334428 0.119015
v 11.367635 -0.938630 15.337107
vn -0.172927 2.744114 -0.701665
v 18.089705 0.428192 1.151845
vn 0.322131 1.543498 -0.671966
v 17.091572 0.474433 1.117941
vn 0.024305 0.291943 -0.070928
v 17.489290 0.420758 1.117718
vn 0.406457 -0.975236 -0.070792
v 23.156807 0.546021 17.360565
vn 1.287385 0.398398 -0.169470
v 23.551188 0.516957 17.663088
vn -1.315272 -1.528425 -0.145232
v 23.204073 0.513222 17.277685
vn 0.009202 -1.376320 -0.558668
v 17.738102 0.327411 0.757946
vn -0.575800 -1.415588 -0.626536
v 18.575991 0.199425 0.739578
vn -0.329506 -1.532847 -0.576494
v 18.169197 0.310987 0.732290
vn -0.355921 -1.562621 -0.574681
v 19.317951 -0.103843 0.757745
vn 1.987782 -1.922937 -0.991052
v 16.656811 -0.350845 0.773283
vn 0.181487 -0.198885 -0.078628
v 16.500828 -0.500832 0.751443
vn 0.061882 -0.286428 -0.083825
v 15.956828 -0.798451 0.767792
vn 0.689539 -2.054177 -0.408608
v 12.513844 -0.143547 13.925943
vn 0.343407 -1.221947 0.056650
v 12.630837 -0.121921 14.014653
vn 0.125342 -0.497153 0.087570
v 12.744253 -0.072149 14.134883
vn 2.583355 -1.227836 -1.518143
v 12.695200 -0.126765 14.107236
vn 0.132868 -1.596414 -0.704459
v 12.970964 0.381917 0.872339
vn 0.444742 -2.558131 1.109804
v 11.599116 -0.325663 15.421794
vn 0.000000 0.000000 0.000000
v 11.599116 -0.325663 15.421794
vn -2.444506 0.799073 -2.965028
v 12.264895 -0.584707 13.986915
vn -1.888492 0.636260 -0.335223
v 12.212289 -0.556603 14.132615
vn -2.282642 0.794358 -1.886194
v 12.268100 -0.542366 14.000868
vn -0.771574 0.385064 -1.463564
v 12.421117 -0.537841 13.916887
vn 0.174990 1.229156 0.589564
v 12.520685 -0.550336 13.916092
vn -2.079631 0.445782 -0.695431
v 12.200193 -0.596267 14.117972
vn -1.486860 1.036561 -0.476466
v 12.182760 -0.575189 14.293771
vn -1.198417 1.247953 -0.571197
v 12.108623 -0.592762 14.465991
vn -1.882898 1.401446 -0.904099
v 12.082596 -0.624722 14.448316
vn -0.974616 1.464538 -0.620280
v 12.014791 -0.602188 14.633853
vn -2.066383 1.006449 -0.656660
v 12.161399 -0.610862 14.277567
vn 0.636358 -0.330664 0.137973
v 12.549926 -0.386941 14.120736
vn 0.409826 -0.279994 -0.667344
v 12.630837 -0.121921 14.014653
vn -0.196240 -1.301078 -0.565385
v 12.540168 -0.556263 13.922969
vn 0.449402 -0.033572 0.102637
v 12.517728 -0.602489 14.036478
vn 1.589698 -0.078128 0.282456
v 12.540168 -0.556263 13.922969
vn -1.551759 1.658002 -0.982806
v 11.986350 -0.628428 14.614339
vn -0.524861 1.703518 -0.624227
v 11.926178 -0.596331 14.781912
vn 2.625050 0.394906 1.928246
v 11.759569 -0.536799 15.014215
vn 0.783982 -1.397780 0.799308
v 11.677333 -0.226545 15.524936
vn 1.601584 -0.029477 -0.357394
v 11.977647 0.319628 15.890387
vn 1.324642 -0.095011 -0.688472
v 11.889111 0.033560 15.685649
vn -1.761929 -0.759841 0.083718
v 10.962492 -0.600276 15.766353
vn -3.108794 0.053641 0.114452
v 10.946894 -0.470019 15.880533
vn -0.572988 -2.211750 2.639938
v 10.947222 -0.464542 15.886118
vn -0.841361 -2.377825 0.322293
v 11.244649 -0.913968 15.456143
vn 2.354868 1.842912 -1.356104
v 11.960756 0.463156 16.000511
vn 0.328583 -1.087658 0.280424
v 11.629511 -0.921331 15.098026
vn -0.179747 1.306272 -0.514964
v 18.484406 0.473736 1.157717
vn -0.004105 0.296734 -0.066091
v 17.890219 0.407513 1.120136
vn 0.762963 -1.875101 -0.227753
v 23.094463 0.537418 17.222544
vn 1.467004 -0.139208 -0.243549
v 23.549126 0.704589 17.543421
vn -0.781270 -0.877746 0.007166
v 23.152271 0.570585 17.143133
vn 0.271994 -1.343014 -0.519780
v 17.526497 0.286062 0.756384
vn 0.585500 -1.471272 -0.556428
v 17.318972 0.218637 0.726287
vn -0.482748 -1.406906 -0.544687
v 19.138935 -0.040571 0.751837
vn -0.182903 -1.533623 -0.597880
v 17.953812 0.340151 0.730113
vn -0.128968 -1.317919 -0.513430
v 19.501949 -0.157416 0.793136
vn -0.173912 -1.592539 -0.616797
v 19.503542 -0.145929 0.763250
vn 1.068029 -1.356198 -0.405595
v 16.339125 -0.634735 0.759430
vn 1.190780 -2.821712 -0.863581
v 16.153585 -0.734688 0.764026
vn 0.733867 -0.968449 -0.447421
v 16.958096 -0.036709 0.768940
vn 1.287171 -0.791922 0.480995
v 12.583331 -0.268367 14.173467
vn 0.024410 -1.502187 -0.697412
v 12.809779 0.375452 0.877966
vn -0.473035 -2.081284 -1.365345
v 12.169305 0.430245 0.931228
vn 1.236335 0.513119 -0.543633
v 12.328790 0.688758 1.292522
vn 0.816156 1.950064 -0.634464
v 11.647073 -0.466627 15.172599
vn 0.649138 3.679922 -1.756875
v 11.620332 -0.464357 15.143046
vn 0.085510 0.191813 -0.062640
v 11.597075 -0.402804 15.299783
vn 0.350900 1.770697 -0.561123
v 11.734317 -0.525874 15.046152
vn 0.111027 2.267534 -0.987890
v 11.700470 -0.527110 15.018691
vn -0.663314 0.267874 -1.253029
v 12.424177 -0.624131 13.894168
vn 1.603760 0.293827 -2.628239
v 12.640758 -0.241335 14.069383
vn 0.303047 3.176821 1.374970
v 12.517728 -0.602489 14.036478
vn 2.596993 -0.574541 1.348142
v 12.422128 -0.648163 14.201172
vn -0.938442 1.994802 -0.985949
v 11.895239 -0.612562 14.759719
vn 0.015184 1.741582 -0.564849
v 11.835220 -0.571968 14.917061
vn -0.276724 2.270952 -0.991089
v 11.802266 -0.578373 14.892001
vn 1.305520 -0.403497 -0.610585
v 11.800413 -0.089808 15.582294
vn 0.401604 -0.016904 -0.101593
v 11.949529 0.175086 15.782364
vn 0.401447 1.169091 -0.531684
v 12.673660 0.425270 1.314198
vn 0.489978 1.565623 -0.692109
v 12.670167 0.413172 1.284959
vn 0.539477 -2.082960 2.592892
v 10.962492 -0.600276 15.766353
vn -1.055419 -1.463648 0.482397
v 11.099978 -0.828318 15.534832
vn 1.221000 -1.486516 2.227618
v 11.002850 -0.731790 15.652540
vn 1.418701 -1.663309 2.515874
v 11.016212 -0.722434 15.651281
vn 0.086396 -0.564091 0.095363
v 11.460396 -0.950643 15.182494
vn -0.048808 -1.795723 0.146300
v 11.329445 -0.942646 15.300280
vn -0.029761 0.296132 -0.096336
v 18.289772 0.433713 1.124130
vn 0.375167 -1.040979 -0.076436
v 23.152271 0.570585 17.143133
vn -1.284070 -1.415221 0.096774
v 23.200048 0.521864 17.064579
vn 1.925012 -0.281612 0.164766
v 23.499006 0.545046 17.332718
vn 0.714097 -1.062506 -0.483860
v 20.206404 -0.074927 0.821694
vn 0.332860 -1.529529 -0.590381
v 17.523270 0.296900 0.726692
vn 0.802434 -1.387344 -0.587652
v 17.127808 0.110417 0.728848
vn 0.036440 -1.532681 -0.619611
v 17.736338 0.339355 0.728492
vn 0.996563 -1.299145 -0.602544
v 16.952782 -0.024127 0.732990
vn 2.064161 -1.135719 0.551126
v 12.590933 -0.351886 14.015616
vn -0.258210 -2.256545 -1.659953
v 12.489023 0.382000 0.918959
vn -0.059423 -0.347953 -0.242129
v 12.327829 0.417256 0.896106
vn 1.279615 0.303904 -0.560417
v 12.267139 0.828667 1.281486
vn 1.899790 -1.151440 0.064842
v 11.616303 -0.314928 15.389276
vn -1.121377 0.104077 -1.669279
v 12.272605 -0.629036 13.979976
vn -1.745378 0.151803 -0.880505
v 12.202709 -0.640240 14.108261
vn -1.802458 0.481171 -0.550543
v 12.154616 -0.653953 14.264621
vn -1.555024 0.761558 -0.748285
v 12.069973 -0.666368 14.433969
vn 0.231558 2.355259 1.022447
v 12.531846 -0.602958 14.034361
vn 1.397406 -0.171606 1.026671
v 12.333363 -0.717190 14.342747
vn -1.330255 1.029886 -0.852897
v 11.968739 -0.666373 14.598770
vn 2.550861 -0.964650 -1.134771
v 11.703259 -0.202445 15.476095
vn 1.456303 -0.117358 -0.754073
v 11.885718 0.041290 15.678054
vn 0.821055 0.972251 -0.631139
v 12.533479 0.473362 1.308686
vn 0.471150 -1.804767 2.245510
v 10.947234 -0.603718 15.766788
vn -1.032386 -2.883899 0.402660
v 11.206738 -0.905773 15.417636
vn 1.554401 -1.167520 2.191239
v 11.088980 -0.841197 15.535782
vn 1.780639 -1.336130 2.500474
v 11.099978 -0.828318 15.534832
vn 0.513475 -1.629004 0.434124
v 11.591916 -0.941471 15.063962
vn -0.231920 1.590918 -0.624406
v 18.486801 0.462186 1.127583
vn -0.292121 1.292088 -0.484998
v 18.677498 0.517998 1.161413
vn 0.899464 1.152933 -0.044045
v 23.645363 0.433291 17.396217
vn 0.945828 -0.716261 0.381046
v 23.526405 0.709747 17.333271
vn 1.446747 1.639497 0.339104
v 23.499006 0.545046 17.332718
vn 0.534658 -1.186720 -0.447154
v 20.044153 -0.143862 0.814272
vn 0.283469 -2.533713 -0.952768
v 19.870472 -0.176242 0.806415
vn -0.011720 -0.320382 -0.122347
v 19.689577 -0.166453 0.769203
vn -0.702958 -1.995459 -1.379577
v 12.012497 0.469769 0.938635
vn 1.102861 0.750121 -0.602052
v 12.418048 0.565757 1.301524
vn 1.526449 0.393787 -0.668829
v 12.256063 0.821232 1.252164
vn -0.159312 1.596766 -0.883311
v 11.665806 -0.544669 14.995221
vn 0.335008 2.401997 -1.248419
v 11.589630 -0.474985 15.117038
vn 2.735783 1.234231 -1.178577
v 11.592341 -0.395699 15.268324
vn 2.550001 1.293271 -0.889723
v 11.578902 -0.391751 15.238376
vn -0.479184 1.602371 -0.920854
v 11.771522 -0.600671 14.870757
vn 0.260093 2.820777 1.216432
v 12.440157 -0.665994 14.201221
vn 1.040134 2.559240 1.730622
v 12.333363 -0.717190 14.342747
vn 1.116157 -0.131073 0.833168
v 12.332819 -0.703236 14.345671
vn -0.954455 1.404183 -0.924626
v 11.870877 -0.642856 14.741489
vn 1.434968 -0.448958 -0.671463
v 11.799088 -0.081853 15.574204
vn 0.932388 1.211147 -0.751150
v 12.527197 0.459928 1.279819
vn 2.028428 -0.969777 2.537741
v 11.206738 -0.905773 15.417636
vn 0.511499 -0.877241 0.336329
v 12.139028 -0.769354 14.618269
vn 1.617746 -2.386757 1.038993
v 11.730083 -0.906667 14.953209
vn 2.015563 0.276651 2.261324
v 11.461568 -0.967478 15.183637
vn 2.146387 0.320351 2.403496
v 11.460396 -0.950643 15.182494
vn 2.191826 -0.290662 2.465669
v 11.329445 -0.942646 15.300280
vn 1.959492 -0.295408 2.212883
v 11.326317 -0.958816 15.301035
vn -0.399598 1.275598 -0.450960
v 18.866425 0.577856 1.165941
vn -0.496252 1.242130 -0.448442
v 19.050186 0.653268 1.171738
vn 0.547261 -1.865139 -0.007879
v 23.079411 0.549784 17.006474
vn -0.824246 -0.991693 -0.024484
v 23.139433 0.567715 16.930817
vn -1.142625 -1.448496 -0.110649
v 23.193583 0.530820 16.854622
vn 1.466797 -1.067688 0.578287
v 23.530613 0.708699 17.320856
vn 0.159615 0.259964 0.042535
v 23.623362 0.446276 17.280315
vn 0.563737 -0.902701 0.551175
v 23.655842 0.870661 17.306927
vn 0.820669 -0.948577 -0.516479
v 20.354198 0.019338 0.829530
vn 0.900660 -1.391086 -0.621336
v 20.202000 -0.064307 0.791874
vn 1.433182 0.636503 -0.646885
v 12.319695 0.679584 1.263179
vn 0.275727 0.052878 -0.137172
v 12.214661 0.973205 1.240042
vn 1.863479 -0.687180 -0.132302
v 11.620799 -0.297418 15.356218
vn 1.007735 2.350082 1.630047
v 12.346861 -0.725530 14.346661
vn 1.187900 -1.069104 0.913229
v 12.230777 -0.764272 14.472770
vn 2.763280 -1.037189 -1.221971
v 11.702483 -0.194438 15.467544
vn 1.231956 0.900624 -0.700241
v 12.410228 0.553941 1.272477
vn 1.726955 -0.832469 2.163271
v 11.199004 -0.920640 15.418089
vn 0.142665 -0.237595 0.091645
v 11.974425 -0.830952 14.707937
vn 0.701857 -0.663570 0.540480
v 12.253760 -0.723233 14.493310
vn 1.977736 0.526535 2.257249
v 11.595427 -0.958375 15.064886
vn 2.098697 0.567591 2.394311
v 11.591916 -0.941471 15.063962
vn 1.613196 -2.408853 1.068369
v 11.721771 -0.915877 14.944994
vn -0.370357 1.582550 -0.590879
v 18.680555 0.507339 1.131175
vn -1.887634 2.115944 -0.137721
v 19.539829 0.983313 1.194667
vn -0.979074 0.913242 -0.397745
v 19.804131 1.256642 1.213543
vn 0.354893 -1.193239 -0.062631
v 23.139433 0.567715 16.930817
vn -0.210795 0.871864 -0.369405
v 22.230705 0.057413 15.284385
vn -0.070334 -1.121651 -0.123155
v 23.129871 0.591133 16.722996
vn 0.930927 -1.451787 0.883696
v 23.660221 0.865949 17.294731
vn 1.726118 -0.304292 0.401204
v 23.502365 0.547540 17.320158
vn 1.255545 1.268955 0.587751
v 23.502365 0.547540 17.320158
vn -0.032782 -0.884620 0.270542
v 22.882109 -1.237967 14.178322
vn -0.128192 -1.115746 -0.186670
v 22.836191 -1.236724 13.884738
vn 1.060761 -1.257356 -0.672121
v 20.348286 0.030349 0.799913
vn 0.649351 -1.533863 -0.578098
v 20.041691 -0.133662 0.784258
vn 0.324205 -2.967793 -1.115854
v 19.869923 -0.165037 0.776454
vn -0.498955 -1.137375 -0.696380
v 11.707882 0.580649 0.956891
vn -0.128180 -0.324270 -0.211422
v 11.860517 0.536935 0.918925
vn -0.188035 -0.649297 -0.437388
v 12.091758 0.464610 0.905710
vn 1.564484 1.968298 2.118485
v 12.230777 -0.764272 14.472770
vn 1.038424 -1.651953 0.701663
v 12.106617 -0.798182 14.592369
vn 1.954700 0.553298 2.266921
v 11.726105 -0.932649 14.945362
vn 2.078798 0.590090 2.411627
v 11.721771 -0.915877 14.944994
vn -0.500799 1.560272 -0.552645
v 18.870182 0.568303 1.135590
vn -0.604715 1.170201 -0.415826
v 19.224224 0.747267 1.185184
vn -0.217035 0.221668 -0.054119
v 19.684492 1.110998 1.173636
vn 0.536813 -1.768320 -0.223960
v 23.063034 0.561503 16.796743
vn -0.152854 0.938784 -0.208665
v 22.258268 -0.010141 15.109217
vn -0.160650 1.734781 -0.074830
v 22.223005 -0.019571 14.966306
vn 0.179132 0.210705 3.650617
v 23.544584 0.704914 17.320410
vn 0.251894 0.385455 2.683167
v 23.660221 0.865949 17.294731
vn 0.114858 0.115830 2.614945
v 23.530613 0.708699 17.320856
vn 0.228744 -0.236171 2.059075
v 23.502365 0.547540 17.320158
vn 0.710110 -0.396293 2.791346
v 23.623362 0.446276 17.280315
vn 0.489679 -0.504395 4.129522
v 23.517078 0.551907 17.318991
vn 1.429726 2.181710 0.148071
v 23.812119 0.349160 17.263815
vn 1.977305 -1.616776 1.897047
v 24.016472 1.052061 17.213724
vn 0.063045 -0.089764 0.070767
v 23.843317 0.955487 17.254105
vn -0.279057 -2.049716 0.050710
v 22.854330 -1.245764 14.029682
vn 0.110079 -0.818104 -0.194358
v 22.787344 -1.204222 13.606762
vn 0.956762 -0.906404 -0.497681
v 20.489044 0.128341 0.847140
vn 1.123760 -1.088254 -0.596928
v 20.477997 0.137629 0.808987
vn 2.150346 -1.786331 -0.599183
v 20.810911 0.499449 0.867437
vn -0.627333 -1.095507 -0.668834
v 11.564980 0.656158 0.967923
vn 2.388161 0.246144 -1.463972
v 12.183534 1.294235 1.243241
vn 1.450059 1.754830 1.935853
v 12.241580 -0.776267 14.475754
vn 1.793489 1.059430 2.312186
v 12.113935 -0.812903 14.593563
vn 1.809938 1.117046 2.347118
v 12.106617 -0.798182 14.592369
vn 1.935034 0.519416 2.339434
v 11.974425 -0.830952 14.707937
vn -0.636645 1.546120 -0.557273
v 19.054821 0.644207 1.141511
vn -0.756011 1.116523 -0.395839
v 19.388849 0.858022 1.186245
vn -0.949336 1.366766 -0.452404
v 19.394590 0.851238 1.156145
vn -1.231057 1.127497 -0.477256
v 19.811607 1.251547 1.183442
vn -2.292525 1.750290 -0.504588
v 19.920210 1.405462 1.223912
vn -1.805284 2.258333 -0.465011
v 22.309862 0.058303 15.241316
vn 0.353651 0.527565 3.490817
v 23.672268 0.855220 17.295132
vn 0.851964 -0.471894 3.215685
v 23.635395 0.456675 17.278667
vn 1.778365 2.621500 0.167603
v 23.803822 0.357896 17.215210
vn 1.024320 0.532538 0.225265
v 23.953047 0.217098 17.186211
vn 1.283452 0.018385 0.769196
v 24.129786 1.207241 17.153507
vn 0.944959 -0.813894 2.538652
v 23.854492 0.942347 17.255365
vn 0.226386 0.374055 1.823518
v 23.843317 0.955487 17.254105
vn 0.397662 -0.299018 -0.028687
v 23.008747 -1.200798 14.315202
vn -0.120693 -2.118129 0.569430
v 22.966763 -1.242928 14.172358
vn 0.010633 -1.072305 -0.217101
v 22.905388 -1.221570 13.746641
vn -0.235755 -1.948208 -0.268483
v 22.916849 -1.246181 13.885873
vn 0.413289 -1.692712 -0.435856
v 22.755882 -1.187915 13.472429
vn 0.236928 -0.216238 -0.106225
v 20.594513 0.255327 0.818624
vn -0.620033 -1.365949 -0.836058
v 11.710593 0.596850 0.928488
vn 1.214589 0.363401 -0.520367
v 12.151837 1.452478 1.229121
vn 1.579410 0.436039 -0.711033
v 12.141152 1.445931 1.199609
vn 2.012127 0.520842 2.429665
v 11.978998 -0.847331 14.707661
vn -0.770989 1.453540 -0.516408
v 19.230839 0.737652 1.148506
vn -0.474759 1.156551 -0.146093
v 22.305279 -0.013537 14.929561
vn 0.262045 1.268017 0.701656
v 24.017365 1.669790 16.896559
vn 2.245408 -0.934069 1.229917
v 23.544584 0.704914 17.320410
vn 4.189846 -1.552793 1.156014
v 23.548830 0.703618 17.311674
vn 0.056884 -0.056472 0.056036
v 23.672268 0.855220 17.295132
vn 0.818353 0.718168 0.546935
v 23.517078 0.551907 17.318991
vn 0.697731 0.961340 0.611833
v 23.635395 0.456675 17.278667
vn 3.466294 1.808371 0.245831
v 23.520988 0.554181 17.310043
vn 1.036707 -0.482387 3.150673
v 23.803822 0.357896 17.215210
vn 1.645322 0.953890 0.336359
v 23.953970 0.235389 17.138773
vn 1.401519 -0.005393 0.847067
v 24.136761 1.201123 17.142015
vn 1.853606 -1.356238 1.677615
v 24.021599 1.044738 17.202139
vn 0.158080 0.351797 1.146538
v 24.033300 1.033239 17.204054
vn -0.433419 -3.191773 0.135318
v 22.932808 -1.256487 14.028119
vn 0.365256 -2.248372 -0.545548
v 22.884918 -1.192213 13.611476
vn 0.773308 -0.870894 -0.317957
v 22.840611 -1.134773 13.346386
vn 1.123761 -1.212358 -0.599743
v 20.911572 0.627644 0.846504
vn -0.775583 -1.298082 -0.803916
v 11.568644 0.671519 0.939326
vn -1.596675 -1.762341 -1.253943
v 11.434156 0.751158 0.980332
vn 1.096066 0.632753 -0.478893
v 12.098516 1.603337 1.214492
vn -0.168473 0.155168 -0.071217
v 20.242575 1.827906 1.224644
vn -1.224896 0.743378 -0.131337
v 22.258268 -0.010141 15.109217
vn -0.813880 0.423003 0.098708
v 22.348972 0.145822 15.188737
vn -1.444509 0.968737 -0.396300
v 22.308533 0.045744 15.062610
vn 0.716041 1.092158 0.698168
v 24.120583 1.543213 16.994837
vn -1.368339 0.501565 0.415405
v 23.513241 1.678127 16.441870
vn -1.914069 2.155690 1.084553
v 23.621811 1.755746 16.561520
vn 0.020801 1.323614 0.364007
v 23.728004 1.780420 16.711460
vn -1.587561 0.185734 0.376009
v 23.437185 1.564711 16.321573
vn 0.547716 -0.749656 0.867345
v 23.858820 0.936060 17.247198
vn 1.325441 -2.330165 -1.636856
v 23.674080 0.846403 17.234884
vn 0.937359 1.315072 0.832949
v 23.637590 0.460873 17.269569
vn 0.905211 -0.436369 2.738242
v 23.813663 0.370627 17.213907
vn 0.778133 -1.101755 3.150163
v 23.953970 0.235389 17.138773
vn 0.484355 0.070866 0.158959
v 24.049316 0.088541 17.052374
vn -0.198557 0.691832 1.631590
v 24.177114 1.381674 17.070368
vn 0.243673 0.565943 1.829346
v 24.021599 1.044738 17.202139
vn 1.628924 0.687972 -0.607446
v 22.966763 -1.242928 14.172358
vn 1.103166 0.360720 -0.430627
v 22.942936 -1.173660 14.169342
vn 2.423919 1.829677 -0.431349
v 22.932808 -1.256487 14.028119
vn 1.804355 1.363867 -0.332835
v 22.891960 -1.200269 14.037041
vn 1.006376 0.130767 -0.103764
v 22.905388 -1.221570 13.746641
vn 2.133708 -0.389531 -0.417748
v 22.884918 -1.192213 13.611476
vn 0.983864 -0.133802 -0.178062
v 22.901030 -1.102101 13.632788
vn 1.788628 0.990262 -0.011094
v 22.916849 -1.246181 13.885873
vn 0.961946 0.487647 0.007014
v 22.884785 -1.183156 13.901540
vn 0.853931 -0.951918 -0.487256
v 20.917664 0.617995 0.876031
vn -1.032319 -0.805163 -0.645990
v 11.210717 0.986123 1.009489
vn 1.465627 0.797007 -0.638863
v 12.090016 1.595535 1.184729
vn 0.320129 1.423578 0.792698
v 24.028135 1.673463 16.885899
vn 0.019218 0.358716 0.118448
v 23.898354 1.758905 16.779959
vn -2.859129 -0.351662 0.909049
v 23.371975 1.134188 15.964951
vn -2.845093 -0.393576 1.019624
v 23.396431 -0.029701 16.141481
vn 1.540144 -0.362933 -0.336161
v 23.537226 0.706228 17.251820
vn 1.473559 -0.282742 -0.394405
v 23.504421 0.556955 17.250895
vn 0.343612 0.554834 -0.099410
v 23.616922 0.458954 17.210800
vn 1.037061 0.881026 0.664937
v 23.813663 0.370627 17.213907
vn 0.655961 -0.917290 2.620106
v 23.966009 0.245175 17.139185
vn 0.059793 -1.792548 3.082383
v 24.049316 0.088541 17.052374
vn 0.047041 -1.353903 2.351400
v 24.064421 0.092453 17.054356
vn 0.832750 1.313784 2.174252
v 24.192505 1.382291 17.072634
vn 0.012437 0.635259 1.689059
v 24.136761 1.201123 17.142015
vn 0.018381 0.468181 1.252966
v 24.150732 1.194842 17.144157
vn 1.698864 -0.493289 -0.390834
v 22.896856 -1.063682 13.501143
vn 0.797607 -1.355696 -0.594103
v 21.029789 0.729370 0.854948
vn -1.912864 -2.074466 -1.482348
v 11.439545 0.766539 0.951853
vn -0.266982 -0.231014 -0.177470
v 11.322831 0.877455 0.965770
vn 0.940115 0.844614 -0.500498
v 12.013023 1.739720 1.199662
vn 1.256378 1.077526 -0.653643
v 12.005926 1.730017 1.169957
vn -0.917618 0.896818 -0.454347
v 20.350864 1.958788 1.264282
vn -0.470271 2.330063 3.707818
v 24.130981 1.543420 16.983849
vn -1.452548 0.562792 0.444615
v 23.514112 1.688874 16.431763
vn -0.020078 1.477078 0.424132
v 23.758675 1.791951 16.667778
vn -1.445336 0.187303 0.347193
v 23.436045 1.575598 16.311382
vn -0.114630 0.003251 0.028933
v 23.393272 1.430539 16.202442
vn -1.315198 -0.577788 0.497534
v 23.461657 -0.147636 16.264164
vn 1.198146 -0.171520 0.493731
v 24.042898 -0.099472 17.002634
vn 1.333456 -2.182778 -1.061672
v 24.042677 1.015932 17.144512
vn 1.239979 -2.167419 -1.526172
v 23.669582 0.850017 17.226097
vn 0.992653 1.229681 -0.220365
v 23.504421 0.556955 17.250895
vn 2.200462 3.148224 0.259442
v 23.815012 0.375777 17.205004
vn 1.395835 2.820738 -0.582980
v 23.794956 0.373633 17.146610
vn 0.289844 0.129814 0.135740
v 23.966009 0.245175 17.139185
vn -0.640317 -1.820653 2.926497
v 24.065363 -0.072859 16.957363
vn 0.410294 -1.272310 -0.473818
v 21.170362 0.791687 0.893206
vn 0.630968 -1.140869 -0.490359
v 21.037756 0.717219 0.893470
vn -1.175587 -0.645316 -0.578956
v 11.127790 1.123823 1.025742
vn -1.209565 -0.905727 -0.735166
v 11.218010 0.999810 0.980775
vn -0.697113 1.098273 -0.390793
v 20.619499 2.159803 1.282401
vn -0.818189 0.992195 -0.467159
v 20.479160 2.069455 1.273382
vn -1.187773 1.187114 -0.596574
v 20.359240 1.952112 1.234188
vn -0.933370 0.375240 1.482143
v 24.028135 1.673463 16.885899
vn -1.932287 1.658617 2.969124
v 23.903717 1.774516 16.781748
vn -2.039723 0.387951 2.729306
v 23.898354 1.758905 16.779959
vn -0.613501 0.456194 1.255480
v 24.037607 1.686140 16.888536
vn -1.890758 2.074614 1.023549
v 23.626123 1.764799 16.551136
vn -2.189644 -0.099945 2.699566
v 23.758675 1.791951 16.667778
vn -0.748691 -1.022928 0.209333
v 23.525103 -0.227814 16.417675
vn -1.407118 -0.597735 0.533502
v 23.462658 -0.158560 16.254124
vn -1.051493 -2.615762 1.301949
v 23.789061 -0.325071 16.632143
vn 1.798272 -1.621895 0.529444
v 23.988764 -0.231428 16.897802
vn 1.650272 -0.354803 0.677238
v 24.065363 -0.072859 16.957363
vn 0.029362 -0.086042 -0.040903
v 23.855743 0.931573 17.186277
vn -0.120747 -0.115240 -2.616030
v 23.524210 0.710448 17.252205
vn -0.176685 -0.211896 -3.650719
v 23.537226 0.706228 17.251820
vn -0.483388 0.476481 -4.133673
v 23.504421 0.556955 17.250895
vn -0.384215 -0.497923 -3.486296
v 23.669582 0.850017 17.226097
vn -0.868533 0.481687 -3.251928
v 23.616922 0.458954 17.210800
vn -0.710307 0.393253 -2.748741
v 23.604954 0.448318 17.212421
vn -0.905855 0.408642 -2.831515
v 23.794956 0.373633 17.146610
vn 0.171513 0.270182 -0.063257
v 23.958752 0.262400 17.073435
vn 1.484435 0.554532 0.682714
v 24.064421 0.092453 17.054356
vn 3.222433 1.865275 -0.279244
v 24.077316 0.122237 16.998995
vn -0.534871 -1.428932 2.311895
v 24.080885 -0.075409 16.959261
vn -0.999731 0.959632 2.425341
v 24.144335 1.550728 16.986462
vn 2.326182 0.474335 1.143153
v 24.200531 1.380342 17.065033
vn 0.323392 -0.084247 0.042967
v 24.161274 1.176359 17.075829
vn 0.190914 -1.304214 -0.417966
v 21.317453 0.837519 0.901598
vn 0.559961 -1.582245 -0.601618
v 21.167376 0.801779 0.863521
vn 0.778095 1.052479 -0.466276
v 11.898962 1.855483 1.185730
vn 1.008621 1.302609 -0.595338
v 11.895000 1.845318 1.156174
vn -0.003099 0.725167 -0.897300
v 22.296774 -0.321144 14.164570
vn -0.268148 1.276865 0.723081
v 23.911055 1.780234 16.774372
vn -1.096111 -1.888392 2.549090
v 23.436045 1.575598 16.311382
vn -1.523782 -1.672598 2.564032
v 23.514112 1.688874 16.431763
vn -0.971751 -1.635946 2.219199
v 23.421549 1.584302 16.311543
vn -2.032918 -0.974152 2.595207
v 23.626123 1.764799 16.551136
vn -1.295406 -1.375145 2.145807
v 23.502779 1.700651 16.432629
vn -1.697878 -0.768593 2.150726
v 23.620411 1.779410 16.552010
vn -1.764399 -0.073138 2.175280
v 23.759153 1.808169 16.668711
vn -0.346816 0.092267 0.060402
v 23.340197 1.004083 15.840714
vn -2.969135 -0.369673 0.939582
v 23.367540 1.144184 15.954869
vn -0.805472 -1.973595 2.559876
v 23.390482 1.438720 16.191078
vn -0.725174 -1.743764 2.266119
v 23.374430 1.444619 16.190540
vn -0.977449 -1.269396 0.280329
v 23.551910 -0.255710 16.377235
vn -2.898354 -0.403429 1.041561
v 23.394464 -0.040987 16.131636
vn -0.116084 -0.012277 0.043240
v 23.288645 0.203323 15.888320
vn -2.680586 -0.340457 1.143611
v 23.229727 0.334708 15.774308
vn 1.632788 -2.559004 -1.274770
v 24.038658 1.017989 17.135235
vn -0.237293 0.239652 -2.055764
v 23.490049 0.552392 17.252022
vn -0.449158 -0.657332 -3.057255
v 23.844669 0.944705 17.185068
vn -0.458627 -0.671551 -2.997375
v 23.855743 0.931573 17.186277
vn -0.282986 -0.367985 -2.685771
v 23.658676 0.861535 17.225668
vn -0.969586 0.444133 -3.089492
v 23.785080 0.360956 17.147955
vn -0.678656 0.939444 -2.630655
v 23.958752 0.262400 17.073435
vn 3.102095 -1.572376 1.656829
v 24.089205 -0.071810 16.952087
vn 2.261978 -1.453351 1.894208
v 24.080885 -0.075409 16.959261
vn -1.414465 -1.702872 2.772898
v 24.017487 -0.213989 16.853666
vn 0.930031 1.105760 0.551361
v 24.144335 1.550728 16.986462
vn 0.273301 -1.651386 -0.538535
v 21.317291 0.847072 0.871715
vn -1.369674 -0.703075 -0.665270
v 11.135678 1.135524 0.996683
vn -2.438483 -0.450013 -0.996765
v 11.076357 1.276486 1.042384
vn 0.589177 1.350159 -0.257274
v 11.759962 1.944479 1.173795
vn -1.044996 1.302130 -0.595660
v 20.487133 2.061892 1.243355
vn -0.441944 1.216751 -0.313427
v 20.771114 2.215366 1.289843
vn 0.328886 0.371958 -0.824005
v 22.332651 -0.452762 14.034655
vn -1.395894 0.839453 -1.266991
v 22.440857 -0.233254 14.235102
vn -1.369758 -0.409289 0.345073
v 22.330509 0.301974 14.728056
vn -0.462138 1.482673 0.214635
v 23.759153 1.808169 16.668711
vn 2.254317 1.629037 -0.626660
v 24.074841 1.686884 16.832689
vn 2.304241 1.460956 0.717467
v 24.165348 1.548651 16.954622
vn -2.086579 1.050137 0.511165
v 23.276712 0.856585 15.765428
vn -0.585245 -2.097277 2.522838
v 23.323948 1.009255 15.841218
vn -0.396147 -1.873689 2.376195
v 23.367540 1.144184 15.954869
vn -0.420336 -1.982376 2.513339
v 23.350651 1.147550 15.954735
vn -0.212761 -0.312514 0.077999
v 23.669147 -0.316260 16.500656
vn -1.629567 1.107670 2.105605
v 23.542793 -0.269744 16.377428
vn -2.008390 1.304181 2.547564
v 23.551910 -0.255710 16.377235
vn -1.417344 1.684013 2.461771
v 23.462658 -0.158560 16.254124
vn -0.934734 1.960515 2.388269
v 23.394464 -0.040987 16.131636
vn -0.893175 1.846139 2.259408
v 23.379400 -0.048905 16.132240
vn 0.163713 -0.314712 0.068858
v 23.921068 -0.300025 16.741148
vn 2.197020 -2.057609 0.616783
v 24.017487 -0.213989 16.853666
vn -0.408692 -1.064668 -3.408841
v 24.026024 1.028402 17.133463
vn -0.290107 -0.800584 -2.548700
v 24.038658 1.017989 17.135235
vn -0.769401 1.130194 -3.117958
v 23.946566 0.253036 17.073156
vn 1.565748 -0.415216 0.041973
v 24.100910 -0.038622 16.896290
vn 0.608295 -1.429118 0.635782
v 24.030315 -0.222566 16.855043
vn -1.112354 -1.271219 2.132085
v 24.030315 -0.222566 16.855043
vn 1.564308 -0.200806 0.325241
v 24.210501 1.364107 17.005161
vn 0.008750 -1.266104 -3.296086
v 24.146572 1.181078 17.073929
vn 0.025399 -0.995489 -2.568697
v 24.161274 1.176359 17.075829
vn -0.023582 -1.677673 -0.584124
v 21.472485 0.867446 0.879028
vn 0.253691 1.572907 -0.060842
v 11.606519 2.001972 1.161423
vn 0.681631 1.460246 -0.315269
v 11.763335 1.937379 1.144259
vn -0.882828 1.465927 -0.504376
v 20.625179 2.152667 1.252214
vn 0.287446 2.543563 -0.706815
v 20.933229 2.221673 1.294204
vn 0.476414 1.188617 -2.000741
v 22.451004 -0.384859 14.112545
vn -1.088813 2.670922 0.773436
v 23.062395 0.780563 15.510562
vn -0.054215 2.705771 0.180081
v 23.780222 1.818874 16.637199
vn 0.092382 0.234427 -0.014791
v 23.946795 1.773275 16.717535
vn -2.759049 -0.247154 0.991233
v 23.370979 1.452655 16.182938
vn -3.031843 -0.285949 1.074061
v 23.374430 1.444619 16.190540
vn -0.239813 0.099212 0.050124
v 23.421549 1.584302 16.311543
vn -1.479624 0.897904 0.219632
v 23.502779 1.700651 16.432629
vn -1.875807 1.892412 0.227416
v 23.511610 1.724753 16.402151
vn -1.072836 2.531684 0.212827
v 23.635509 1.797037 16.520927
vn -1.013795 1.341395 0.210590
v 23.620411 1.779410 16.552010
vn -2.804548 1.457458 0.727784
v 23.284248 0.889821 15.727910
vn -0.533490 -1.844513 2.227717
v 23.340197 1.004083 15.840714
vn -1.820132 0.499109 0.275329
v 23.323948 1.009255 15.841218
vn -1.635633 0.224362 0.107752
v 23.350651 1.147550 15.954735
vn -2.288526 0.928042 -0.613610
v 23.354059 1.193561 15.903937
vn -1.849528 0.704969 2.097686
v 23.663757 -0.332115 16.501715
vn -1.278271 1.521081 2.220995
v 23.450106 -0.169450 16.254358
vn -0.712315 1.965921 2.279946
v 23.288645 0.203323 15.888320
vn -2.906753 -0.366925 1.237207
v 23.227295 0.322896 15.765091
vn -1.018685 -2.493657 1.226423
v 23.797741 -0.333327 16.622566
vn -0.043122 1.359257 -2.301020
v 24.072628 0.125050 16.990309
vn 2.644707 1.739118 -0.864178
v 24.072628 0.125050 16.990309
vn 1.600689 -1.118158 -0.011316
v 24.060759 -0.193674 16.793190
vn 1.416133 -1.977277 0.526680
v 24.038916 -0.222209 16.847809
vn -2.221519 -0.750233 2.667620
v 23.921068 -0.300025 16.741148
vn 0.598317 -1.430691 -3.224479
v 24.195099 1.361921 17.003212
vn 0.477917 -1.081539 -2.429194
v 24.210501 1.364107 17.005161
vn -0.043810 -1.282878 -0.451117
v 21.470310 0.857036 0.908843
vn -2.927711 -0.486767 -1.178269
v 11.086388 1.286518 1.013315
vn -0.360466 0.001465 -0.106476
v 11.067431 1.445436 1.031374
vn 0.290374 1.505853 -0.084471
v 11.615963 1.999300 1.131724
vn -0.540935 1.662740 -0.431684
v 20.773638 2.208472 1.259521
vn -0.484133 0.207298 -1.726479
v 22.529432 -0.545711 14.071239
vn -2.874037 -0.774243 0.104935
v 22.454462 -0.210933 14.204431
vn -2.565628 0.518844 -1.993015
v 22.477631 -0.324229 14.095458
vn -2.124934 0.236480 -2.199134
v 22.451004 -0.384859 14.112545
vn -2.534238 0.572213 0.634414
v 22.347603 0.428020 14.846178
vn -2.365970 1.380511 1.466121
v 22.544846 0.661581 15.050597
vn 1.427616 0.419723 0.195486
v 24.173250 1.538657 16.920359
vn 2.568227 1.880532 -0.729286
v 24.076389 1.681287 16.823708
vn -1.616239 2.078725 -1.200205
v 23.437641 1.625836 16.258738
vn -0.257354 0.222171 0.106578
v 23.189995 0.819536 15.614857
vn -0.995197 -1.692769 1.993074
v 23.284248 0.889821 15.727910
vn -1.198338 -2.144913 2.447894
v 23.270596 0.898345 15.728591
vn -2.189657 1.274532 -0.363989
v 23.329626 1.056308 15.790781
vn -1.974040 0.209765 2.041089
v 23.797277 -0.349086 16.624439
vn -2.271765 -1.383687 1.060614
v 23.544899 -0.278706 16.370247
vn -0.550993 -1.489205 0.376220
v 23.663757 -0.332115 16.501715
vn -2.591798 -1.567458 1.196105
v 23.542793 -0.269744 16.377428
vn -0.379046 -0.171697 0.063981
v 23.450106 -0.169450 16.254358
vn -1.938775 -1.606930 -0.305704
v 23.392418 -0.094280 16.081551
vn -1.439527 -0.624445 0.212953
v 23.379400 -0.048905 16.132240
vn -0.733952 2.026252 2.349573
v 23.272623 0.196737 15.889017
vn -0.797746 1.929759 2.246374
v 23.227295 0.322896 15.765091
vn -0.318930 -0.139661 0.101095
v 23.154081 0.435676 15.641595
vn -2.299405 0.664005 2.563788
v 23.758820 -0.328556 16.584724
vn 0.008989 1.959876 -3.232796
v 24.057356 0.121819 16.988544
vn 0.496731 1.453687 -2.310548
v 24.100910 -0.038622 16.896290
vn 1.115555 1.277042 -2.202021
v 24.060759 -0.193674 16.793190
vn 0.013541 -0.390689 0.135031
v 23.927620 -0.313182 16.742821
vn -1.747095 -0.603471 2.096293
v 23.927620 -0.313182 16.742821
vn 1.305246 -1.200396 -3.005659
v 24.160397 1.530120 16.918097
vn -0.344840 -1.602294 -0.641291
v 21.628162 0.859697 0.885946
vn -1.326165 0.109011 -0.294277
v 11.069182 1.602105 1.081519
vn -0.288439 1.510739 -0.036012
v 11.449142 2.023220 1.146189
vn -0.230084 1.561423 -0.040087
v 11.457940 2.024182 1.116078
vn 0.340533 3.062520 -0.850941
v 20.932770 2.213340 1.264030
vn -1.386748 -0.674921 -1.270071
v 22.615789 -0.438620 14.000700
vn -1.589434 -0.365483 0.372095
v 22.314762 0.332761 14.702065
vn -0.230969 -0.091491 0.076063
v 22.323904 0.197776 14.578249
vn 1.678765 0.918805 -0.648847
v 21.434780 1.856432 1.298100
vn 0.607122 1.152150 -0.356001
v 21.237703 2.107017 1.299500
vn -0.639614 1.420658 0.253139
v 22.790216 0.773002 15.280210
vn 0.376222 1.675798 0.012809
v 23.801289 1.813331 16.604958
vn 1.497528 -0.569820 -2.330347
v 24.076389 1.681287 16.823708
vn 1.827451 -0.698998 -2.853782
v 24.067734 1.667849 16.821432
vn 1.698966 -0.274009 -2.275118
v 23.946795 1.773275 16.717535
vn 0.642958 1.768290 -2.263476
v 23.395016 1.491331 16.131392
vn -0.266361 1.668186 0.044669
v 23.656710 1.800166 16.489157
vn -0.761639 1.384340 0.036971
v 23.532036 1.737285 16.370958
vn -1.706447 -1.011140 2.074804
v 23.189995 0.819536 15.614857
vn -2.025933 -1.203596 2.472597
v 23.182161 0.832203 15.614587
vn -1.481745 0.797002 0.528261
v 23.270596 0.898345 15.728591
vn -0.938830 1.712808 -1.889513
v 23.361780 1.198609 15.896695
vn -1.135377 0.980864 -0.596907
v 23.337404 1.060766 15.783339
vn -0.209057 -3.845644 -0.625486
v 23.705656 -0.358666 16.451488
vn -0.157571 -1.904954 0.599748
v 23.797277 -0.349086 16.624439
vn -0.530675 -1.278450 -0.488985
v 23.473831 -0.208016 16.203527
vn -2.742488 0.113485 1.391092
v 23.268795 0.187620 15.882214
vn -2.767469 0.113221 1.405503
v 23.272623 0.196737 15.889017
vn -0.843816 2.020478 2.355258
v 23.211695 0.315461 15.765915
vn -0.933201 1.859293 2.222993
v 23.154081 0.435676 15.641595
vn -1.047625 -0.551230 0.287454
v 23.055588 0.577401 15.554414
vn 1.365048 1.707008 -2.945028
v 24.049337 -0.181966 16.794399
vn 0.292426 -0.264527 -0.009449
v 23.969336 -0.305162 16.682831
vn 1.070221 -0.945205 -2.399900
v 24.173250 1.538657 16.920359
vn -0.297872 -1.244586 -0.506179
v 21.624155 0.848572 0.915658
vn -1.725116 0.177329 -0.360555
v 11.076060 1.604923 1.051567
vn 0.129752 0.339253 -0.099678
v 21.090172 2.174693 1.266926
vn 0.028436 -0.552595 -0.759076
v 22.680529 -0.531202 14.032025
vn -1.520773 -1.080942 0.621611
v 22.451212 -0.296749 14.072988
vn -1.325501 -0.895714 0.419691
v 22.477631 -0.324229 14.095458
vn -0.326908 -1.657020 1.515478
v 22.422762 -0.187708 14.183235
vn -2.030129 -2.253900 -0.318808
v 22.575161 -0.392017 13.976842
vn -0.435895 -1.079625 0.864921
v 22.423561 -0.062328 14.303802
vn -2.868436 0.693756 0.772385
v 22.348066 0.462642 14.816800
vn -0.267334 0.103380 0.114189
v 22.432390 0.577746 14.930024
vn 0.883833 0.950247 -0.300319
v 21.355528 1.996202 1.300385
vn -1.148819 2.823549 0.819338
v 23.069662 0.786257 15.501129
vn -0.614392 1.373740 0.250557
v 22.798132 0.778178 15.271163
vn -0.083104 0.100344 0.048673
v 22.668303 0.740125 15.156680
vn 1.805447 0.206817 -2.202931
v 23.801289 1.813331 16.604958
vn 2.133072 -0.289476 -2.834473
v 23.937057 1.759425 16.711845
vn -1.805561 2.317979 -1.342124
v 23.446266 1.628195 16.251209
vn -1.997590 -0.093937 2.186054
v 23.069662 0.786257 15.501129
vn -0.230613 0.177473 0.100800
v 23.182161 0.832203 15.614587
vn -1.212686 0.746967 0.507333
v 23.274755 0.924473 15.700063
vn -0.166373 0.224660 -0.091875
v 23.292622 0.942118 15.670897
vn 0.670764 -2.349684 0.251299
v 23.840500 -0.366877 16.574043
vn -0.023916 -0.111291 -0.044961
v 23.587082 -0.299392 16.319523
vn -0.940315 -1.251401 -0.518856
v 23.400719 -0.097321 16.074034
vn -0.618013 -1.451296 -0.556658
v 23.482620 -0.208853 16.196177
vn -0.117720 -0.003045 0.061095
v 23.211695 0.315461 15.765915
vn -1.001528 1.972751 2.364350
v 23.139362 0.426829 15.642779
vn -1.621879 -0.919530 0.463307
v 23.066719 0.537786 15.519014
vn 2.194407 0.733918 -2.616594
v 23.963118 -0.291773 16.681362
vn 1.755878 0.585944 -2.091799
v 23.969336 -0.305162 16.682831
vn 0.672355 0.100168 -1.033691
v 22.988127 -0.680302 14.110101
vn -1.038427 -2.488207 -0.580285
v 21.921064 0.752996 0.929615
vn -0.116528 -0.357096 -0.114958
v 21.779501 0.820625 0.892957
vn -1.218090 0.343604 -0.117805
v 11.114573 1.758557 1.101454
vn -0.997576 1.333641 -0.077888
v 11.310905 1.995724 1.099919
vn -0.108635 -1.092709 -1.066449
v 22.721897 -0.423902 13.955462
vn 1.498379 -1.936824 2.262436
v 22.323904 0.197776 14.578249
vn 0.248580 -1.174413 1.339845
v 22.314762 0.332761 14.702065
vn 0.478071 -2.925014 2.875627
v 22.309725 0.190799 14.581609
vn -0.461920 -1.769646 2.172511
v 22.332912 0.468380 14.817993
vn 1.236274 1.243462 -0.427660
v 21.349802 1.991983 1.270184
vn 1.229351 0.432230 -0.463271
v 21.613253 1.239169 1.282476
vn 0.847114 1.503299 -0.465464
v 21.233444 2.099957 1.269388
vn -2.295670 1.349271 1.436095
v 22.546288 0.672198 15.042927
vn 2.112026 0.992871 -2.699267
v 23.663185 1.785810 16.488651
vn 0.933850 1.658326 -2.195962
v 23.446266 1.628195 16.251209
vn 1.666251 0.851876 -2.149704
v 23.656710 1.800166 16.489157
vn 1.533107 1.720242 -2.599740
v 23.543921 1.725965 16.370422
vn 1.235136 1.396393 -2.103707
v 23.532036 1.737285 16.370958
vn -2.227480 -0.069300 2.435977
v 23.067572 0.802318 15.499692
vn -0.804533 1.243079 -0.454044
v 23.196758 0.849000 15.585823
vn 0.522040 1.852112 -2.292213
v 23.353642 1.055426 15.782750
vn 0.589576 2.024929 -2.516219
v 23.337404 1.060766 15.783339
vn 0.234941 1.040857 -1.325061
v 23.378643 1.195001 15.896712
vn 0.987856 1.719405 -2.105514
v 23.306335 0.933590 15.670241
vn 1.140141 2.022267 -2.456002
v 23.292622 0.942118 15.670897
vn 0.790925 -1.483483 -0.132794
v 23.846987 -0.362647 16.566107
vn 0.203081 -3.058043 -0.976970
v 23.714052 -0.355690 16.443918
vn -2.376528 -1.783947 -0.660488
v 23.281855 0.147759 15.839774
vn -0.948795 -1.127364 -0.496598
v 23.223495 0.266172 15.717478
vn -2.671535 -0.282640 1.479367
v 23.136833 0.416921 15.636319
vn -2.679499 -0.285920 1.487515
v 23.139362 0.426829 15.642779
vn -1.100526 1.782958 2.088139
v 23.066719 0.537786 15.519014
vn -1.554968 -1.583923 0.825600
v 22.950642 0.639048 15.432539
vn 1.936347 -0.283323 -1.971039
v 23.846987 -0.362647 16.566107
vn 1.348824 0.308190 -0.033135
v 22.457048 0.114963 14.576301
vn 2.703236 1.078414 0.364129
v 22.503119 0.020403 14.442764
vn 0.262256 -0.512668 -1.429017
v 22.765133 -0.643389 14.055934
vn 1.240052 0.666436 -1.010892
v 22.922619 -0.478541 14.162755
vn -1.777804 0.549285 -0.168870
v 11.117379 1.757983 1.070766
vn -1.168912 0.672416 -0.091065
v 11.193751 1.896963 1.116669
vn -0.940647 1.106932 -0.071637
v 11.305629 1.993218 1.130474
vn -1.213366 -2.025662 -0.143784
v 22.544790 -0.369965 13.953699
vn 0.700175 -1.823338 1.834765
v 22.438889 -0.303186 14.071484
vn 0.970903 -2.432531 2.455964
v 22.451212 -0.296749 14.072988
vn 1.257327 -2.656472 2.772489
v 22.410854 -0.060463 14.299726
vn 2.016219 -1.651438 2.038998
v 22.398407 -0.070819 14.303710
vn 0.003159 -0.917075 1.098569
v 22.299648 0.331939 14.704189
vn -0.642078 -2.157137 2.716698
v 22.351706 0.468911 14.822645
vn 2.358261 0.643019 -1.354424
v 21.487478 1.701248 1.294179
vn 1.187826 0.595223 -0.447986
v 21.681248 1.099569 1.278458
vn -2.193351 0.124088 2.508036
v 22.798132 0.778178 15.271163
vn -1.928803 0.090541 2.217382
v 22.797352 0.794776 15.269643
vn -1.950451 -0.674845 2.592168
v 22.668303 0.740125 15.156680
vn -1.462177 -1.507042 2.637438
v 22.546288 0.672198 15.042927
vn -1.323209 -1.300946 2.349608
v 22.535778 0.684785 15.044145
vn 1.077287 1.998264 -2.660875
v 23.459160 1.616128 16.247478
vn -1.272300 2.580351 1.005127
v 23.073160 0.808031 15.492099
vn -1.313548 2.633750 1.014949
v 23.067572 0.802318 15.499692
vn 2.024127 1.214210 -2.474758
v 23.219263 0.853179 15.557387
vn 2.152550 -0.926589 -2.464077
v 23.719749 -0.339904 16.443037
vn 1.821249 -0.758918 -2.089620
v 23.714052 -0.355690 16.443918
vn 1.643099 -1.114958 -2.141934
v 23.587082 -0.299392 16.319523
vn 1.418521 -1.687986 -2.465749
v 23.495241 -0.197955 16.195967
vn 1.274515 -1.518758 -2.217958
v 23.482620 -0.208853 16.196177
vn 0.891918 -1.822138 -2.205010
v 23.400719 -0.097321 16.074034
vn -0.978980 -1.141044 -0.499950
v 23.231850 0.262356 15.710178
vn -0.228650 -0.140455 0.098746
v 23.053394 0.527279 15.520921
vn -1.251572 1.987898 2.335646
v 23.053394 0.527279 15.520921
vn -2.100060 -2.243585 1.213612
v 22.965607 0.606254 15.397809
vn 2.458879 -0.403219 -2.450687
v 23.847813 -0.346842 16.564434
vn 0.611636 -1.080062 -0.026348
v 22.578001 0.500896 15.088223
vn 0.137048 0.062581 0.017852
v 22.559973 -0.051173 14.299710
vn 2.799397 1.192532 -0.062348
v 22.620792 -0.156178 14.162007
vn 0.202284 -0.999640 -1.836670
v 22.805981 -0.494526 14.010025
vn -1.281632 -2.458658 -0.811176
v 22.207367 0.613278 0.941500
vn -0.155783 -0.333070 -0.093290
v 22.072510 0.695326 0.905884
vn -1.518020 0.953230 -0.118030
v 11.196530 1.897620 1.085849
vn -0.976766 -1.547012 2.298785
v 22.418682 0.587608 14.931301
vn 0.957410 0.617391 -0.840599
v 22.741472 -0.438926 13.966660
vn 0.873482 -1.023946 1.182518
v 22.409079 -0.196880 14.185202
vn -0.616749 -0.968086 0.714555
v 22.298973 0.194740 14.577668
vn -0.043974 -0.065759 0.060195
v 22.398407 -0.070819 14.303710
vn -1.916057 0.275010 0.326363
v 22.332912 0.468380 14.817993
vn -2.099581 0.823058 0.317060
v 22.332382 0.499109 14.793548
vn 1.556743 0.572549 -0.586698
v 21.603067 1.236141 1.252621
vn -1.749927 -0.603510 2.323128
v 22.663013 0.755075 15.156579
vn -0.411299 1.631457 -0.075879
v 22.797352 0.794776 15.269643
vn -0.077224 1.473930 -0.579907
v 23.091976 0.809111 15.470728
vn -0.725257 1.322553 -0.492010
v 23.219263 0.853179 15.557387
vn 1.697354 1.017330 -2.073862
v 23.227287 0.840562 15.557765
vn 1.897559 -1.280168 -2.459757
v 23.596403 -0.285447 16.319456
vn 0.961207 -1.996681 -2.402764
v 23.415745 -0.089286 16.073368
vn 0.873730 -1.950895 -2.333737
v 23.357384 0.028703 15.952467
vn 0.849646 -2.026003 -2.357469
v 23.231850 0.262356 15.710178
vn -0.073989 -0.099327 -0.040644
v 23.163254 0.374113 15.587529
vn -1.477140 -2.518936 -0.764032
v 23.072168 0.477487 15.473070
vn -1.547819 1.496698 1.813482
v 22.965607 0.606254 15.397809
vn -0.049830 -1.027034 0.347235
v 22.829359 0.631199 15.314082
vn -0.226966 -1.920862 0.703281
v 22.851147 0.618102 15.278471
vn 1.170581 -0.136587 -0.032341
v 22.447222 0.301135 14.854233
vn 1.845344 -1.641349 0.079069
v 22.484354 0.407103 14.975168
vn 0.332313 -0.010793 -0.008933
v 22.434311 0.227533 14.697764
vn 1.707141 0.400375 -0.034044
v 22.454254 0.126381 14.568765
vn 2.937318 1.158350 0.373749
v 22.499500 0.031846 14.435741
vn 0.599106 0.420092 -0.509841
v 22.649496 -0.276852 13.996030
vn -0.670896 -1.064370 0.154124
v 22.508739 -0.360279 13.929219
vn -1.249793 -1.962173 1.739594
v 22.398251 -0.193908 14.180775
vn -1.386263 -2.182271 1.925625
v 22.409079 -0.196880 14.185202
vn 0.965299 0.710732 -0.899110
v 22.634037 -0.374339 13.902371
vn -0.621637 -2.623487 -0.806332
v 22.634068 -0.373060 13.900687
vn -2.901466 -0.772363 -0.034767
v 22.298447 0.093068 14.408161
vn -1.140995 0.271971 0.307266
v 22.284723 0.359487 14.682408
vn -1.776658 1.397544 0.407495
v 22.426254 0.618617 14.905787
vn -1.701444 0.843335 0.464903
v 22.418682 0.587608 14.931301
vn 0.972884 0.476409 -0.414361
v 21.437016 1.831048 1.267940
vn 0.263824 0.085752 -0.116952
v 21.551596 1.386653 1.256463
vn 1.457700 0.765385 -0.563828
v 21.672281 1.094965 1.248565
vn 1.078639 0.787258 -0.506134
v 21.771711 0.974847 1.273628
vn -0.080175 4.272785 -0.810775
v 22.823875 0.799861 15.241643
vn -0.940837 1.608976 0.116971
v 22.663013 0.755075 15.156579
vn -1.400764 1.232076 0.441200
v 22.535778 0.684785 15.044145
vn -1.409661 1.892787 0.441440
v 22.549086 0.711332 15.018147
vn -0.682963 1.226217 0.061603
v 22.683626 0.770573 15.129612
vn 1.935113 0.117274 -1.969533
v 23.120815 0.783843 15.444787
vn 0.808171 -1.916605 -2.233116
v 23.247385 0.269902 15.709287
vn -1.551156 -1.801941 0.486688
v 22.966560 0.567184 15.372668
vn -1.908537 1.866782 2.168867
v 22.955990 0.594039 15.399860
vn -2.405141 0.426091 2.384395
v 22.849340 0.604335 15.279100
vn -2.027409 0.357538 2.001103
v 22.851147 0.618102 15.278471
vn 0.119929 -0.445805 0.067263
v 22.729401 0.584820 15.162560
vn 0.983824 -1.611316 -0.045897
v 22.606434 0.517891 15.051598
vn 2.827388 1.226630 -0.031386
v 22.616396 -0.146224 14.155019
vn 1.976184 -1.668180 1.881413
v 22.559973 -0.051173 14.299710
vn 1.902470 -1.606376 1.810759
v 22.572176 -0.039153 14.297550
vn 1.796806 -1.660563 1.784169
v 22.499500 0.031846 14.435741
vn -0.090972 -0.217901 -0.149997
v 22.638208 0.391966 0.931577
vn -1.016006 -0.404205 0.042854
v 22.413019 -0.279907 14.051305
vn 2.400329 -1.714901 1.541586
v 22.649139 -0.281741 13.991463
vn 2.023917 -1.422276 1.400229
v 22.659363 -0.269486 13.989133
vn 0.074881 -0.054398 0.042462
v 22.639338 -0.371734 13.893457
vn -1.101657 -0.212775 0.432216
v 22.280903 0.213529 14.562481
vn -1.627626 -0.413883 0.083377
v 22.342564 -0.038080 14.269578
vn -1.250560 1.467596 0.214172
v 22.447243 0.639464 14.878754
vn -1.592530 1.080489 0.245659
v 22.346827 0.523747 14.767632
vn 2.307253 1.423140 -2.946165
v 23.118523 0.799864 15.443240
vn 1.005710 -1.984878 -2.355898
v 23.163254 0.374113 15.587529
vn -1.528081 -2.597981 -0.793059
v 23.080585 0.474870 15.465425
vn -0.857156 -1.544819 0.159387
v 22.986883 0.552484 15.343500
vn -1.303574 -1.145871 0.506707
v 22.955990 0.594039 15.399860
vn -1.769696 -0.870389 2.214985
v 22.729401 0.584820 15.162560
vn 1.912413 -0.355616 -0.016649
v 22.449739 0.330408 14.821706
vn 2.434715 -2.139339 0.120709
v 22.505472 0.429146 14.939886
vn 1.624430 -1.815454 1.734508
v 22.454254 0.126381 14.568765
vn 1.368927 -2.399542 1.869428
v 22.448679 0.233251 14.694732
vn 1.153292 -2.112939 1.669061
v 22.434311 0.227533 14.697764
vn 1.805529 -1.984729 1.890858
v 22.467880 0.136109 14.566027
vn 2.164917 -1.692392 1.887599
v 22.616396 -0.146224 14.155019
vn 1.934436 -1.783489 1.915370
v 22.512140 0.043264 14.433607
vn 1.921536 -1.492717 1.670942
v 22.627934 -0.135338 14.151516
vn -0.319032 -2.538124 0.027394
v 22.601479 -0.369174 13.876472
vn -1.806531 -0.808232 0.099023
v 22.399937 -0.249054 14.032160
vn -0.270889 -0.098271 0.012024
v 22.363432 -0.145433 14.144048
vn 1.539437 1.832755 -1.677815
v 22.659363 -0.269486 13.989133
vn 0.688640 1.008466 -1.376932
v 22.636822 -0.373625 13.891535
vn -1.649098 -0.320980 0.626821
v 22.266289 0.242829 14.539656
vn -1.403971 -0.358974 0.066576
v 22.339905 -0.028945 14.263017
vn -1.821222 0.355237 0.512938
v 22.284855 0.387431 14.658164
vn -0.793993 1.681439 0.212707
v 22.572559 0.725053 14.990675
vn 1.267871 0.977170 -0.616724
v 21.763142 0.967499 1.243937
vn 2.627508 2.516775 -3.439889
v 22.850994 0.788313 15.215055
vn 0.483692 2.532686 -1.138891
v 22.844114 0.795367 15.221380
vn 0.835541 0.533663 -1.227652
v 22.709229 0.770985 15.102547
vn 0.951672 -1.857671 -2.212881
v 23.177917 0.383050 15.586294
vn 1.209668 -1.963954 -2.318817
v 23.080585 0.474870 15.465425
vn -0.015982 -2.001946 -0.050322
v 22.885174 0.594815 15.221380
vn -0.285595 -2.156182 0.169410
v 22.866274 0.592698 15.250497
vn -0.518821 -1.921990 0.367275
v 22.849340 0.604335 15.279100
vn -1.975449 -1.049779 2.512282
v 22.735649 0.570453 15.161661
vn -1.385452 -1.324934 2.265071
v 22.606434 0.517891 15.051598
vn -1.043013 -1.786988 2.006576
v 22.505472 0.429146 14.939886
vn -0.024270 -2.615723 2.189639
v 22.463821 0.328563 14.819647
vn -0.019734 -2.217948 1.852462
v 22.449739 0.330408 14.821706
vn 1.585791 0.552047 0.356480
v 22.512140 0.043264 14.433607
vn 0.227865 0.169762 -0.019745
v 22.572176 -0.039153 14.297550
vn 1.313983 0.463496 0.299039
v 22.509909 0.053485 14.427568
vn -0.774487 -2.018968 -1.626128
v 22.773859 0.310335 0.968321
vn -1.273952 -1.721190 0.332114
v 22.482693 -0.341658 13.914989
vn 1.690058 2.018867 -2.083544
v 22.626122 -0.258869 13.970231
vn 1.189965 1.118649 -0.321306
v 22.627934 -0.135338 14.151516
vn -3.057475 -0.796200 -0.012536
v 22.296082 0.102256 14.401416
vn 1.344327 1.293648 -2.258400
v 22.572559 0.725053 14.990675
vn 1.065479 1.760554 -2.624350
v 22.460382 0.628978 14.876966
vn 0.916471 1.564480 -2.313235
v 22.447243 0.639464 14.878754
vn 0.579604 2.000673 -2.640822
v 22.361595 0.517256 14.765868
vn 0.466482 1.744482 -2.284683
v 22.346827 0.523747 14.767632
vn -0.472147 2.197479 -2.539595
v 22.299831 0.387402 14.655391
vn -0.399117 1.877215 -2.175120
v 22.284855 0.387431 14.658164
vn 0.858898 0.979074 -0.551221
v 21.884747 0.874548 1.268320
vn 0.541843 1.160662 -0.502236
v 22.020466 0.808214 1.262864
vn 0.120434 -0.002061 -0.141303
v 22.990616 0.787674 15.328598
vn 1.122589 -1.789554 -2.131938
v 23.093931 0.485394 15.463511
vn 1.708362 -1.750712 -2.258205
v 22.986883 0.552484 15.343500
vn 1.531057 -1.502880 -2.001217
v 22.996656 0.564678 15.341543
vn 2.396733 -0.445844 -2.387145
v 22.885174 0.594815 15.221380
vn 1.026345 -2.249611 -0.242054
v 22.758078 0.575013 15.131746
vn 0.529313 -1.844176 0.069458
v 22.735649 0.570453 15.161661
vn -1.329656 -1.904688 2.536994
v 22.525778 0.426520 14.948424
vn 1.642056 0.315823 -0.420221
v 22.448679 0.233251 14.694732
vn 2.161794 0.901572 -0.798973
v 22.436434 0.262122 14.670033
vn 1.843507 -0.520307 -0.367036
v 22.463821 0.328563 14.819647
vn 3.037370 0.618397 0.298400
v 22.467880 0.136109 14.566027
vn 3.814494 1.387858 -0.048905
v 22.466473 0.146121 14.559600
vn 1.756623 1.807817 -1.002329
v 22.602245 -0.111871 14.130060
vn 0.763319 2.490033 -1.383581
v 22.526224 0.004719 14.260194
vn -0.415766 -1.559224 -0.913556
v 22.932144 0.265470 0.948637
vn -0.443067 -2.268249 0.253992
v 22.561163 -0.362533 13.865451
vn -1.006867 1.755672 -2.024978
v 22.399937 -0.249054 14.032160
vn -1.417487 1.739592 -2.058751
v 22.363432 -0.145433 14.144048
vn -1.177860 1.275296 -2.001379
v 22.482693 -0.341658 13.914989
vn 0.715955 0.630472 -0.936271
v 22.561163 -0.362533 13.865451
vn -1.389821 1.714989 -1.848056
v 22.266289 0.242829 14.539656
vn -1.589260 1.649605 -2.027352
v 22.296082 0.102256 14.401416
vn -1.958067 1.572882 -2.011749
v 22.339905 -0.028945 14.263017
vn -1.861162 1.527722 -1.959393
v 22.352314 -0.018548 14.259068
vn 1.542851 1.495744 -2.562571
v 22.582417 0.712008 14.988996
vn 0.983238 0.330112 -1.333254
v 22.713913 0.755784 15.102269
vn 1.003484 1.224841 -0.667044
v 21.876875 0.864839 1.238809
vn 2.018739 -0.376344 -2.008329
v 22.887320 0.608653 15.220944
vn 0.892107 -1.493194 -0.362069
v 22.774443 0.594023 15.102839
vn 1.644467 -2.122652 -0.331415
v 22.640606 0.516769 15.020540
vn 0.870807 -1.514443 0.020817
v 22.617109 0.504679 15.050571
vn 1.244761 -1.253784 -0.064691
v 22.518303 0.419790 14.938886
vn 1.954108 -1.595565 -0.378393
v 22.536106 0.436242 14.909854
vn 2.179117 -0.354953 -0.647835
v 22.466822 0.351716 14.792665
vn 0.327857 0.346805 -0.143873
v 22.456341 0.090856 14.391797
vn -0.280816 -1.109174 -0.621819
v 22.923834 0.251579 0.977168
vn -0.510945 1.145543 -0.536767
v 22.612877 0.846065 1.226063
vn -1.398449 1.994999 -1.431478
v 23.014542 1.100323 1.188195
vn -0.585626 1.114369 -0.543779
v 23.153477 1.182372 1.175301
vn 0.049288 1.323566 -0.535900
v 22.321739 0.765068 1.247278
vn -1.510256 1.569648 -2.803840
v 22.500162 -0.333033 13.910204
vn -0.068558 0.063713 -0.135447
v 22.561163 -0.362533 13.865451
vn -1.539187 1.953537 -2.315821
v 22.383583 -0.157698 14.119987
vn 0.134164 0.129808 -0.125223
v 22.581493 -0.249667 13.958243
vn -1.763884 1.915565 -2.229987
v 22.280518 0.238798 14.524925
vn 1.996075 -0.141106 -2.419913
v 22.851364 0.771647 15.216332
vn 1.808538 0.855838 -2.040426
v 22.768690 0.608613 15.104008
vn 2.165765 1.045684 -2.392542
v 22.774443 0.594023 15.102839
vn 1.205037 -1.169745 -0.435186
v 22.653671 0.542269 14.991693
vn 1.244369 1.094810 -0.474939
v 22.415751 0.187037 14.522880
vn 1.430354 0.850882 -0.685965
v 22.409843 0.285438 14.648486
vn 0.839911 1.056241 -0.935240
v 22.565321 -0.097840 14.111958
vn 0.821842 2.697924 -1.484546
v 22.514345 0.005999 14.255944
vn -0.272310 -1.588664 -0.905246
v 23.086363 0.220770 0.958725
vn -0.222911 1.267834 -0.585706
v 22.471630 0.788419 1.236946
vn -0.673621 1.071612 -0.488574
v 22.748335 0.924979 1.214334
vn 0.280014 1.280727 -0.472690
v 22.169312 0.772753 1.256203
vn 2.509951 0.359901 -0.987671
v 22.561060 -0.350983 13.869398
vn 0.654962 1.501092 -0.637801
v 22.014725 0.798081 1.233253
vn 1.573057 1.407975 -2.536379
v 22.653671 0.542269 14.991693
vn 1.547698 -0.918834 -0.519415
v 22.541328 0.462324 14.882023
vn 0.234798 -1.115188 -0.503322
v 23.399185 0.167439 1.009928
vn 1.824011 -0.052196 -0.733045
v 22.455879 0.376956 14.767909
vn -1.808189 2.047742 -1.903458
v 22.415751 0.187037 14.522880
vn -1.924544 1.790710 -1.938971
v 22.456341 0.090856 14.391797
vn -1.613924 1.791157 -1.687702
v 22.402092 0.177557 14.525812
vn -1.783711 1.646798 -1.789299
v 22.443634 0.079608 14.394082
vn -1.864036 1.597517 -1.808252
v 22.514345 0.005999 14.255944
vn -0.179829 -1.112083 -0.634897
v 23.078770 0.205820 0.987062
vn -0.316248 1.533885 -0.709751
v 22.473289 0.775155 1.207603
vn -0.687027 1.476301 -0.689772
v 22.615702 0.833528 1.196618
vn -0.840447 1.328361 -0.625267
v 22.751814 0.913666 1.184724
vn -0.775565 1.426406 -0.730005
v 23.157305 1.170012 1.145849
vn 0.317916 1.610977 -0.601350
v 22.166330 0.762440 1.226494
vn 0.019181 1.584468 -0.652207
v 22.321341 0.753128 1.217752
vn -0.740391 2.346687 -2.338288
v 22.578243 -0.248574 13.960369
vn -0.688967 1.964220 -2.027150
v 22.581493 -0.249667 13.958243
vn -0.006288 0.017657 -0.018689
v 22.561060 -0.350983 13.869398
vn -1.671757 1.589965 -1.734896
v 22.565321 -0.097840 14.111958
vn -1.939553 1.858366 -2.024066
v 22.554354 -0.105797 14.115200
vn 1.393276 1.286086 -2.279838
v 22.643520 0.555855 14.993045
vn 1.196831 1.821151 -2.450049
v 22.541328 0.462324 14.882023
vn 1.479641 -1.967969 -0.997396
v 23.852991 0.327857 1.053753
vn 0.433924 -1.043844 -0.508512
v 23.558323 0.193449 1.023272
vn -0.012643 -1.130947 -0.575199
v 23.238274 0.174668 0.997921
vn -1.372852 2.609629 -1.758876
v 22.409843 0.285438 14.648486
vn -1.112559 2.119156 -1.500530
v 22.395489 0.280146 14.651838
vn 0.054186 2.588327 -2.180956
v 22.455879 0.376956 14.767909
vn -1.965770 1.684771 -1.907455
v 22.501938 -0.005623 14.258496
vn -0.044120 -1.663495 -0.856618
v 23.244534 0.189146 0.969317
vn -0.146697 0.325886 -0.119027
v 23.301712 1.240430 1.134637
vn 1.058189 1.693900 -2.219138
v 22.528923 0.472157 14.883375
vn 0.162529 -0.318075 -0.157179
v 23.711233 0.263855 1.009228
vn 0.635243 -1.613549 -0.779847
v 23.560482 0.208358 0.994510
vn 0.318886 -1.699083 -0.776888
v 23.403595 0.181407 0.981037
vn 0.048768 2.215912 -1.866730
v 22.442005 0.379300 14.770329
vn -0.417236 1.105764 -0.272766
v 23.457310 1.304360 1.155792
vn 1.002569 -0.577937 -0.320327
v 23.972399 0.434348 1.069615
vn 1.832989 -2.343680 -1.190519
v 23.851881 0.341752 1.024690
vn -0.639659 1.765072 -0.409550
v 23.453091 1.295480 1.126247
vn -0.247494 1.101857 -0.106740
v 23.618921 1.334890 1.148566
vn 1.124315 -0.323179 -0.337255
v 24.057793 0.570263 1.084254
vn 1.587009 -0.973569 -0.534429
v 23.969675 0.445976 1.040110
vn 1.762302 -0.552080 -0.531707
v 24.051859 0.580453 1.054707
vn -0.409556 1.957730 -0.177910
v 23.610312 1.330066 1.118730
vn -0.069655 1.212528 -0.038607
v 23.779222 1.340462 1.140490
vn 0.355087 -0.065433 -0.078296
v 24.100138 0.733536 1.068962
vn 2.671655 0.085262 -0.364869
v 24.120396 0.891247 1.113471
vn -0.050114 1.935989 -0.058951
v 23.772251 1.339095 1.110134
vn 3.139698 0.100364 -0.428777
v 24.116209 0.893580 1.083358
vn 0.329401 1.280931 -0.023031
v 23.920921 1.301287 1.133696
vn 1.325639 0.616803 -0.055687
v 24.094086 1.053009 1.125276
vn 1.531178 0.654627 -0.080049
v 24.093731 1.051003 1.094606
vn 0.544478 1.713021 -0.036279
v 23.917927 1.301503 1.102888
vn 0.981967 1.013280 -0.056237
v 24.026735 1.197580 1.130322
vn 1.235035 1.175863 -0.068075
v 24.026363 1.196225 1.099412
# 1539 vertices, 0 vertices normals


usemtl material_0
vt 0.618036 0.871214
vt 0.618215 0.870445
vt 0.624699 0.869745
f 3/1/3 2/2/2 1/3/1
vt 0.624699 0.869726
vt 0.617386 0.861512
vt 0.618036 0.871194
f 1/4/1 4/5/4 6/6/6
vt 0.618036 0.871226
vt 0.613307 0.874783
vt 0.612857 0.873515
f 3/7/3 7/8/7 5/9/5
vt 0.607030 0.874576
vt 0.612857 0.873522
vt 0.613307 0.874790
f 10/10/10 5/11/5 7/12/7
vt 0.616031 0.871842
vt 0.613307 0.874756
vt 0.618036 0.871199
f 11/13/11 12/14/12 6/15/6
vt 0.607386 0.875083
vt 0.607030 0.874544
vt 0.613307 0.874758
f 13/16/13 14/17/14 15/18/15
vt 0.616031 0.871853
vt 0.613718 0.875324
vt 0.613307 0.874766
f 11/19/11 16/20/16 15/21/15
vt 0.599955 0.872122
vt 0.606559 0.873124
f 18/22/18 9/23/9 10/10/10
vt 0.600171 0.872505
vt 0.607030 0.874546
vt 0.607386 0.875084
f 19/24/19 14/25/14 13/26/13
vt 0.613307 0.874767
vt 0.613718 0.875325
vt 0.607386 0.875091
f 15/27/15 16/28/16 13/29/13
vt 0.616031 0.871859
vt 0.616414 0.872343
vt 0.613718 0.875331
f 11/30/11 20/31/20 16/32/16
vt 0.605445 0.854829
vt 0.605605 0.856606
vt 0.612449 0.864919
f 8/33/8 21/34/21 17/35/17
vt 0.599955 0.872092
f 19/24/19 22/36/22 14/25/14
vt 0.612449 0.864924
vt 0.612722 0.865252
vt 0.616414 0.872338
f 17/37/17 24/38/24 20/39/20
vt 0.605605 0.856612
vt 0.612722 0.865253
f 25/40/25 24/41/24 17/37/17
vt 0.592883 0.868835
vt 0.599955 0.872093
vt 0.600171 0.872506
f 28/42/28 22/43/22 19/44/19
vt 0.592824 0.868593
vt 0.599586 0.870660
vt 0.599955 0.872112
f 29/45/29 23/46/23 18/47/18
vt 0.605749 0.856779
f 25/40/25 30/48/30 24/41/24
vt 0.598493 0.847978
vt 0.598545 0.849549
vt 0.605605 0.856613
f 26/49/26 31/50/31 21/51/21
vt 0.592883 0.868836
vt 0.592824 0.868576
vt 0.599955 0.872094
f 28/52/28 35/53/35 22/54/22
vt 0.598607 0.849625
f 25/40/25 36/55/36 30/48/30
vt 0.598545 0.849548
f 37/56/37 36/55/36 25/40/25
vt 0.586333 0.865327
vt 0.592824 0.868575
f 42/57/42 35/58/35 28/52/28
vt 0.591598 0.843151
f 43/59/43 36/55/36 37/56/37
vt 0.584915 0.835348
vt 0.585000 0.836683
vt 0.598545 0.849552
f 32/60/32 44/61/44 31/62/31
vt 0.569447 0.858294
vt 0.572734 0.858242
vt 0.580006 0.862054
f 51/63/51 34/64/34 41/65/41
vt 0.580006 0.862056
vt 0.586072 0.863903
vt 0.586378 0.865167
f 41/66/41 27/67/27 50/68/50
vt 0.586378 0.865169
vt 0.586072 0.863905
vt 0.592824 0.868579
f 50/69/50 27/70/27 29/71/29
vt 0.586333 0.865328
vt 0.586378 0.865166
f 42/72/42 52/73/52 35/53/35
vt 0.585000 0.836680
vt 0.591598 0.843153
f 53/74/53 43/75/43 37/50/37
vt 0.491485 0.849074
vt 0.499948 0.848255
vt 0.499731 0.849551
f 54/76/54 38/77/38 47/78/47
vt 0.516066 0.849931
vt 0.516191 0.851255
f 47/78/47 33/79/33 56/80/56
vt 0.532398 0.853546
f 56/80/56 33/79/33 48/81/48
vt 0.532178 0.852221
vt 0.557547 0.856226
f 48/81/48 39/82/39 49/83/49
vt 0.557547 0.856225
vt 0.565291 0.856223
f 49/84/49 40/85/40 51/63/51
vt 0.572984 0.859528
vt 0.573099 0.859432
vt 0.580006 0.862055
f 57/86/57 58/87/58 59/88/59
vt 0.579905 0.862165
f 60/89/60 59/88/59 52/68/52
vt 0.579905 0.862164
f 60/90/60 52/73/52 42/72/42
vt 0.585000 0.836681
vt 0.578496 0.830803
f 53/91/53 61/92/61 43/75/43
vt 0.578294 0.829511
vt 0.578435 0.830750
vt 0.585000 0.836682
f 45/93/45 62/94/62 44/95/44
vt 0.483181 0.848933
vt 0.483650 0.847679
vt 0.491485 0.849073
f 64/96/64 46/97/46 54/98/54
vt 0.499640 0.849664
f 66/99/66 67/76/67 68/78/68
vt 0.507894 0.850408
vt 0.499731 0.849555
vt 0.516191 0.851259
f 69/100/69 68/101/68 70/102/70
vt 0.532304 0.853658
f 71/81/71 72/103/72 70/80/70
vt 0.516095 0.851367
f 73/104/73 70/80/70 72/103/72
f 72/103/72 71/81/71 74/83/74
vt 0.565517 0.857544
vt 0.565623 0.857441
f 75/105/75 74/83/74 76/106/76
f 57/86/57 75/105/75 58/87/58
f 60/90/60 57/86/57 59/88/59
f 75/105/75 76/106/76 58/87/58
vt 0.578435 0.830746
vt 0.578496 0.830801
vt 0.585000 0.836678
f 77/107/77 61/108/61 53/109/53
vt 0.483098 0.849047
vt 0.483181 0.848934
f 78/110/78 79/111/79 67/76/67
vt 0.483650 0.847678
vt 0.457822 0.849817
f 46/112/46 64/96/64 65/113/65
vt 0.450610 0.849240
vt 0.449963 0.850366
f 55/114/55 65/113/65 80/115/80
vt 0.483098 0.849041
vt 0.491485 0.849069
vt 0.499640 0.849658
f 78/116/78 67/117/67 66/118/66
vt 0.507894 0.850404
f 66/99/66 68/78/68 69/119/69
f 73/104/73 69/119/69 70/80/70
vt 0.557449 0.856334
f 82/120/82 72/103/72 74/83/74
vt 0.565517 0.857543
f 82/120/82 74/83/74 75/121/75
vt 0.571606 0.825887
vt 0.578435 0.830747
f 83/122/83 61/108/61 77/123/77
vt 0.571381 0.824564
vt 0.571497 0.825813
f 63/124/63 84/125/84 62/94/62
vt 0.457822 0.849819
f 78/110/78 85/126/85 79/111/79
vt 0.449923 0.850462
vt 0.449963 0.850369
vt 0.457822 0.849820
f 86/127/86 87/128/87 85/129/85
vt 0.450610 0.849239
vt 0.443256 0.851729
f 55/130/55 80/115/80 88/131/88
vt 0.571497 0.825810
f 89/132/89 83/122/83 77/107/77
vt 0.457758 0.849924
f 91/133/91 85/126/85 78/110/78
vt 0.443253 0.851804
f 92/134/92 87/128/87 86/127/86
vt 0.449923 0.850461
f 86/135/86 85/126/85 91/133/91
vt 0.443253 0.851805
vt 0.443256 0.851734
vt 0.449963 0.850370
f 92/136/92 93/137/93 87/138/87
vt 0.436562 0.852614
vt 0.443256 0.851728
vt 0.437188 0.853932
f 81/139/81 88/140/88 97/141/97
vt 0.558137 0.817537
f 89/132/89 95/142/95 83/122/83
vt 0.437210 0.853996
f 96/143/96 93/137/93 92/136/92
vt 0.437188 0.853937
f 96/143/96 98/144/98 93/137/93
vt 0.558052 0.816261
vt 0.558137 0.817545
vt 0.571497 0.825817
f 90/145/90 95/146/95 84/147/84
vt 0.558264 0.817630
f 95/142/95 99/148/99 83/122/83
vt 0.430194 0.856360
vt 0.431248 0.856996
vt 0.425500 0.860625
f 94/149/94 97/150/97 100/151/100
vt 0.431257 0.857077
f 102/152/102 98/144/98 96/143/96
vt 0.431248 0.857005
f 102/152/102 103/153/103 98/144/98
vt 0.425500 0.860633
f 109/154/109 103/153/103 102/152/102
vt 0.551671 0.813887
vt 0.551762 0.813969
f 104/155/104 110/156/110 99/148/99
vt 0.701160 0.809971
vt 0.703986 0.815343
vt 0.703331 0.818792
f 112/157/112 108/158/108 105/159/105
vt 0.425455 0.860751
f 113/160/113 109/154/109 102/152/102
vt 0.424826 0.859825
vt 0.425500 0.860627
vt 0.420010 0.864512
f 101/161/101 100/162/100 114/163/114
vt 0.544802 0.810674
f 104/155/104 116/164/116 110/156/110
vt 0.701071 0.812794
vt 0.701160 0.809985
vt 0.703331 0.818806
f 106/165/106 118/166/118 105/167/105
vt 0.719371 0.834116
vt 0.724223 0.833038
vt 0.722289 0.837829
f 111/168/111 120/169/120 107/170/107
vt 0.703986 0.815347
vt 0.701160 0.809974
vt 0.704063 0.811493
f 108/171/108 121/172/121 122/173/122
vt 0.419867 0.864719
f 123/174/123 109/154/109 113/160/113
vt 0.419867 0.864718
vt 0.420010 0.864517
vt 0.425500 0.860632
f 123/175/123 124/176/124 109/177/109
vt 0.721472 0.836434
vt 0.722289 0.837797
vt 0.724223 0.833006
f 119/178/119 107/179/107 126/180/126
vt 0.414203 0.868599
f 123/175/123 128/181/128 124/176/124
vt 0.419686 0.863447
vt 0.420010 0.864513
vt 0.414467 0.868280
f 115/182/115 114/183/114 129/184/129
vt 0.537307 0.807827
vt 0.537267 0.807761
f 130/185/130 116/164/116 125/186/125
vt 0.528841 0.804225
vt 0.529142 0.805456
vt 0.537267 0.807775
f 117/187/117 131/188/131 125/189/125
vt 0.699973 0.801148
vt 0.701535 0.806442
vt 0.701160 0.809969
f 136/190/136 127/191/127 121/192/121
vt 0.414203 0.868598
vt 0.414467 0.868283
vt 0.420010 0.864516
f 128/193/128 137/194/137 124/195/124
vt 0.529198 0.805509
f 139/196/139 130/185/130 125/186/125
vt 0.529142 0.805443
f 140/197/140 139/196/139 125/186/125
vt 0.699523 0.804059
vt 0.699973 0.801167
vt 0.701160 0.809988
f 134/198/134 143/199/143 118/200/118
vt 0.723365 0.824726
vt 0.726167 0.828312
vt 0.724223 0.833033
f 135/201/135 146/202/146 120/203/120
vt 0.414203 0.868597
vt 0.408172 0.872008
f 128/204/128 148/205/148 137/194/137
vt 0.414429 0.866988
vt 0.408561 0.871558
f 138/206/138 129/194/129 149/207/149
vt 0.512606 0.801704
f 151/208/151 139/196/139 140/197/140
vt 0.512265 0.800488
vt 0.512521 0.801643
vt 0.529142 0.805457
f 132/209/132 152/210/152 131/211/131
vt 0.504768 0.800629
f 132/209/132 141/212/141 152/210/152
vt 0.504768 0.800630
vt 0.497936 0.799975
vt 0.496070 0.801408
f 141/213/141 133/214/133 153/215/153
vt 0.723259 0.827126
vt 0.724223 0.832998
vt 0.726167 0.828277
f 145/216/145 126/217/126 156/218/156
vt 0.699252 0.792779
vt 0.700349 0.797810
f 158/219/158 147/220/147 136/190/136
vt 0.408172 0.872006
vt 0.408561 0.871555
f 148/221/148 159/222/159 137/184/137
vt 0.512521 0.801629
f 161/223/161 151/208/151 140/197/140
vt 0.504768 0.800615
vt 0.504856 0.800692
vt 0.512521 0.801630
f 162/224/162 163/225/163 161/226/161
vt 0.485090 0.802133
vt 0.485046 0.803184
f 153/215/153 142/227/142 164/228/164
vt 0.497853 0.801083
vt 0.504856 0.800693
f 162/224/162 165/229/165 163/230/163
vt 0.698783 0.795485
vt 0.699252 0.792797
f 144/231/144 154/232/154 143/199/143
vt 0.725328 0.820156
vt 0.729828 0.818906
vt 0.726167 0.828306
f 157/233/157 167/234/167 146/235/146
vt 0.408172 0.872004
vt 0.402130 0.873998
vt 0.408561 0.871553
f 148/236/148 168/237/168 159/238/159
vt 0.408710 0.870211
vt 0.408561 0.871563
vt 0.402583 0.873463
f 150/239/150 149/240/149 169/241/169
vt 0.512606 0.801705
f 161/223/161 163/225/163 151/242/151
vt 0.497853 0.801084
vt 0.491402 0.802209
vt 0.497960 0.801158
f 165/243/165 171/244/171 172/245/172
vt 0.485046 0.803169
vt 0.485201 0.803240
f 164/246/164 173/247/173 171/244/171
vt 0.497960 0.801157
f 165/229/165 172/248/172 163/230/163
vt 0.697856 0.787029
vt 0.698548 0.784308
vt 0.699252 0.792799
f 155/249/155 175/250/175 154/251/154
vt 0.729828 0.818878
vt 0.724391 0.822559
vt 0.726167 0.828278
f 177/252/177 166/253/166 156/254/156
vt 0.402130 0.873995
vt 0.402583 0.873450
vt 0.408561 0.871550
f 168/255/168 180/256/180 159/257/159
vt 0.402583 0.873468
vt 0.396823 0.873110
vt 0.402807 0.872298
f 169/258/169 181/259/181 160/260/160
vt 0.491402 0.802207
vt 0.485201 0.803237
vt 0.497960 0.801155
f 171/261/171 173/262/173 172/263/172
vt 0.478422 0.804939
vt 0.485201 0.803241
f 164/246/164 183/264/183 173/265/173
vt 0.699252 0.792786
vt 0.698548 0.784295
vt 0.699295 0.789449
f 158/266/158 185/267/185 179/268/179
vt 0.727031 0.815658
vt 0.731449 0.814218
vt 0.729828 0.818910
f 178/269/178 187/270/187 167/271/167
vt 0.402130 0.873992
vt 0.396823 0.873089
vt 0.402583 0.873448
f 168/272/168 181/273/181 180/274/180
vt 0.697448 0.778729
vt 0.698444 0.776166
vt 0.698548 0.784307
f 176/275/176 191/276/191 175/277/175
vt 0.731449 0.814190
vt 0.725796 0.817935
vt 0.729828 0.818881
f 221/278/221 186/279/186 177/280/177
vt 0.396433 0.873623
vt 0.396823 0.873093
vt 0.402130 0.873996
f 194/281/194 181/282/181 168/283/168
vt 0.396823 0.873105
vt 0.394235 0.869999
vt 0.396997 0.872425
f 181/284/181 195/285/195 182/286/182
vt 0.385411 0.868067
vt 0.391064 0.871375
vt 0.392110 0.869470
f 188/287/188 170/288/170 189/289/189
vt 0.394235 0.869991
vt 0.392110 0.869471
vt 0.396997 0.872417
f 196/290/196 189/291/189 182/292/182
vt 0.470537 0.808196
vt 0.467481 0.809823
vt 0.478422 0.804940
f 174/293/174 197/294/197 183/295/183
vt 0.462296 0.812196
vt 0.454079 0.815970
f 184/296/184 198/297/198 197/294/197
vt 0.698444 0.776153
vt 0.698803 0.781129
vt 0.698548 0.784294
f 200/298/200 192/299/192 185/300/185
vt 0.396433 0.873624
vt 0.393977 0.870425
f 194/301/194 202/302/202 181/282/181
vt 0.392812 0.859352
vt 0.385411 0.868065
vt 0.392110 0.869468
f 203/303/203 188/304/188 204/305/204
vt 0.397773 0.863647
vt 0.392110 0.869469
vt 0.394235 0.869990
f 205/306/205 204/307/204 206/308/206
vt 0.445857 0.819788
vt 0.445975 0.819855
f 190/309/190 208/310/208 198/297/198
vt 0.445975 0.819856
vt 0.438348 0.824424
f 208/311/208 190/309/190 209/312/209
vt 0.697134 0.770628
vt 0.698080 0.767979
f 193/313/193 210/314/210 191/276/191
vt 0.730253 0.806864
vt 0.732886 0.809578
vt 0.731449 0.814225
f 201/315/201 212/316/212 187/317/187
vt 0.393977 0.870435
vt 0.397655 0.863950
vt 0.394235 0.869998
f 202/318/202 213/319/213 195/320/195
vt 0.397655 0.863951
vt 0.397773 0.863656
f 213/321/213 215/322/215 195/285/195
vt 0.431319 0.829506
vt 0.431420 0.829584
vt 0.438348 0.824425
f 199/323/199 216/324/216 209/325/209
vt 0.698444 0.776159
vt 0.698080 0.767972
vt 0.698311 0.772927
f 200/326/200 220/327/220 219/328/219
vt 0.397655 0.863954
vt 0.404649 0.856023
vt 0.397773 0.863659
f 213/329/213 223/330/223 215/331/215
vt 0.404653 0.855861
vt 0.398158 0.861392
vt 0.397773 0.863664
f 224/332/224 214/333/214 205/334/205
vt 0.425414 0.835239
f 199/323/199 217/335/217 216/324/216
vt 0.697073 0.762641
vt 0.698314 0.760164
vt 0.698080 0.767978
f 211/336/211 225/337/225 210/338/210
vt 0.698080 0.767961
vt 0.698314 0.760148
vt 0.698311 0.772917
f 220/339/220 226/340/226 219/341/219
vt 0.735717 0.800273
vt 0.732886 0.809576
vt 0.731971 0.802480
f 229/342/229 212/343/212 222/344/222
vt 0.404649 0.856022
vt 0.404653 0.855856
f 223/345/223 230/346/230 215/331/215
vt 0.419261 0.841412
vt 0.404948 0.854047
vt 0.404653 0.855866
f 218/347/218 207/348/207 224/349/224
vt 0.419261 0.841402
vt 0.419321 0.841502
f 218/350/218 233/351/233 217/335/217
vt 0.735717 0.800242
vt 0.729714 0.804196
vt 0.732024 0.812371
f 245/352/245 228/353/228 221/354/221
vt 0.412135 0.848485
f 230/346/230 223/330/223 235/355/235
vt 0.404653 0.855853
vt 0.412135 0.848481
vt 0.419261 0.841399
f 230/356/230 235/357/235 218/358/218
vt 0.419321 0.841503
f 235/355/235 233/359/233 218/350/218
vt 0.697022 0.754761
vt 0.698327 0.752258
vt 0.698314 0.760162
f 227/360/227 236/361/236 225/362/225
vt 0.737190 0.795602
vt 0.735717 0.800270
vt 0.733826 0.797995
f 238/363/238 229/364/229 234/365/234
vt 0.319320 0.800498
vt 0.323423 0.795364
vt 0.318431 0.807037
f 240/366/240 231/367/231 232/368/232
vt 0.698314 0.760163
vt 0.698327 0.752260
vt 0.698011 0.757117
f 226/369/226 243/370/243 244/371/244
vt 0.320083 0.787089
vt 0.323423 0.795366
vt 0.319320 0.800501
f 239/372/239 231/373/231 240/374/240
vt 0.318431 0.807033
vt 0.319084 0.798686
vt 0.319320 0.800494
f 232/375/232 241/376/241 249/377/249
vt 0.697597 0.747017
vt 0.699316 0.744654
f 237/378/237 250/379/250 236/361/236
vt 0.319487 0.792110
vt 0.320083 0.787083
f 249/377/249 254/380/254 239/381/239
vt 0.698327 0.752261
vt 0.699316 0.744657
vt 0.698395 0.749339
f 243/382/243 257/383/257 251/384/251
vt 0.738634 0.790927
vt 0.732565 0.795030
vt 0.736402 0.798077
f 259/385/259 252/386/252 245/387/245
vt 0.738634 0.790948
vt 0.737190 0.795595
vt 0.737664 0.788963
f 260/388/260 238/389/238 253/390/253
vt 0.679370 0.706685
vt 0.677899 0.714075
vt 0.686720 0.724033
f 261/391/261 247/392/247 248/393/248
vt 0.675255 0.694761
vt 0.671473 0.695957
vt 0.677341 0.700735
f 256/394/256 242/395/242 255/396/255
vt 0.679370 0.706687
vt 0.677341 0.700729
vt 0.675716 0.708078
f 261/397/261 255/398/255 246/399/246
vt 0.698436 0.739447
vt 0.699967 0.736989
vt 0.699316 0.744650
f 258/400/258 262/401/262 250/402/250
vt 0.679370 0.706690
vt 0.686720 0.724038
vt 0.682695 0.711293
f 266/403/266 248/404/248 267/405/267
vt 0.677811 0.693542
vt 0.675255 0.694754
vt 0.677341 0.700728
f 268/406/268 256/407/256 269/408/269
vt 0.677341 0.700730
vt 0.679370 0.706688
vt 0.680734 0.705451
f 269/409/269 266/410/266 270/411/270
vt 0.699316 0.744663
vt 0.699967 0.737002
vt 0.698672 0.741647
f 257/412/257 273/413/273 271/414/271
vt 0.742683 0.777248
vt 0.736736 0.781101
vt 0.738634 0.790928
f 290/415/290 264/416/264 259/417/259
vt 0.742683 0.777264
vt 0.738634 0.790944
vt 0.739500 0.784379
f 275/418/275 260/419/260 265/420/265
vt 0.700116 0.731956
vt 0.702641 0.729523
vt 0.699967 0.736986
f 272/421/272 276/422/276 262/423/262
vt 0.699967 0.737005
vt 0.702641 0.729542
vt 0.700254 0.734031
f 273/424/273 287/425/287 277/426/277
vt 0.601035 0.161017
vt 0.607185 0.161393
vt 0.607123 0.162525
f 279/427/279 288/428/288 263/429/263
vt 0.613024 0.161728
vt 0.618293 0.161955
vt 0.613070 0.162864
f 280/430/280 289/431/289 274/432/274
vt 0.607185 0.161398
vt 0.613024 0.161723
vt 0.607123 0.162530
f 288/433/288 280/434/280 263/435/263
vt 0.594832 0.160633
vt 0.601035 0.161013
vt 0.594650 0.161761
f 299/436/299 279/437/279 282/438/282
vt 0.622814 0.162138
vt 0.618451 0.163084
f 289/431/289 298/439/298 278/440/278
vt 0.744408 0.772711
vt 0.739616 0.772614
vt 0.738827 0.774427
f 290/441/290 300/442/300 283/443/283
vt 0.744408 0.772734
vt 0.742683 0.777263
vt 0.744008 0.771391
f 301/444/301 275/445/275 291/446/291
vt 0.305634 0.812056
vt 0.303776 0.818173
vt 0.305784 0.821737
f 303/447/303 292/448/292 284/449/284
vt 0.702500 0.724375
vt 0.704769 0.721720
vt 0.702641 0.729519
f 296/450/296 309/451/309 276/452/276
vt 0.588916 0.160227
vt 0.594832 0.160630
vt 0.588707 0.161361
f 311/453/311 299/454/299 281/455/281
vt 0.739616 0.772628
vt 0.732701 0.771035
vt 0.738827 0.774441
f 300/456/300 313/457/313 283/458/283
vt 0.739824 0.772713
vt 0.739616 0.772634
vt 0.744408 0.772731
f 314/459/314 315/460/315 316/461/316
vt 0.744341 0.770945
vt 0.744408 0.772736
vt 0.744008 0.771394
f 317/462/317 301/463/301 291/464/291
vt 0.307423 0.815400
vt 0.305634 0.812058
vt 0.305784 0.821739
f 302/465/302 318/466/318 284/467/284
vt 0.674193 0.668778
vt 0.673192 0.662918
vt 0.671396 0.669734
f 307/468/307 306/469/306 285/470/285
vt 0.671841 0.657151
vt 0.668338 0.657987
vt 0.673192 0.662921
f 308/471/308 286/472/286 306/473/306
vt 0.668767 0.645987
vt 0.666737 0.652250
vt 0.671841 0.657154
f 322/474/322 295/475/295 308/476/308
vt 0.702641 0.729538
vt 0.704769 0.721739
vt 0.702900 0.726342
f 287/477/287 324/478/324 310/479/310
vt 0.583627 0.159784
vt 0.588916 0.160225
vt 0.583367 0.160915
f 325/480/325 311/481/311 297/482/297
vt 0.626409 0.162329
vt 0.626684 0.163452
vt 0.622814 0.162136
f 327/483/327 312/484/312 298/485/298
vt 0.732746 0.771096
vt 0.732701 0.771040
vt 0.739616 0.772632
f 330/486/330 331/487/331 315/488/315
vt 0.732746 0.771095
vt 0.739824 0.772711
f 330/489/330 315/488/315 314/490/314
vt 0.739824 0.772714
vt 0.744408 0.772732
vt 0.744794 0.772824
f 314/491/314 316/492/316 371/493/371
vt 0.744341 0.770944
vt 0.744782 0.771040
f 316/463/316 317/494/317 332/495/332
vt 0.665105 0.625000
vt 0.664558 0.619931
vt 0.662562 0.625226
f 335/496/335 319/497/319 304/498/304
vt 0.666589 0.635321
vt 0.663677 0.635685
vt 0.667448 0.640610
f 321/499/321 293/500/293 320/501/320
vt 0.662998 0.630406
vt 0.666589 0.635323
f 335/496/335 305/502/305 321/503/321
vt 0.668767 0.645991
vt 0.667448 0.640600
vt 0.665514 0.646608
f 322/504/322 320/505/320 294/506/294
vt 0.673192 0.662931
vt 0.674193 0.668791
vt 0.673820 0.668050
f 336/507/336 307/508/307 337/509/337
vt 0.671841 0.657156
vt 0.673192 0.662925
vt 0.672623 0.656388
f 338/510/338 336/511/336 339/512/339
vt 0.668767 0.645986
vt 0.671841 0.657153
vt 0.671652 0.650721
f 340/513/340 338/514/338 341/515/341
vt 0.704837 0.716730
vt 0.707418 0.714063
vt 0.704769 0.721716
f 323/516/323 342/517/342 309/518/309
vt 0.626409 0.162327
vt 0.629156 0.162511
vt 0.626684 0.163450
f 327/519/327 345/520/345 312/521/312
vt 0.726405 0.768348
vt 0.725624 0.770113
vt 0.732701 0.771043
f 347/522/347 329/523/329 313/524/313
vt 0.726433 0.768367
vt 0.732701 0.771039
f 348/525/348 331/526/331 330/489/330
vt 0.305207 0.802940
vt 0.303837 0.808674
vt 0.305634 0.812051
f 355/527/355 334/528/334 303/529/303
vt 0.668903 0.624771
vt 0.664558 0.619919
vt 0.665105 0.624988
f 356/530/356 319/531/319 357/532/357
vt 0.669087 0.634823
vt 0.666589 0.635302
vt 0.667448 0.640592
f 358/533/358 359/534/359 360/535/360
vt 0.669337 0.629792
vt 0.665105 0.624984
vt 0.666589 0.635307
f 361/536/361 357/537/357 359/538/359
vt 0.667448 0.640594
vt 0.668767 0.645985
vt 0.670194 0.645245
f 360/539/360 340/540/340 362/541/362
vt 0.704769 0.721737
vt 0.707418 0.714084
vt 0.705341 0.718531
f 324/542/324 364/543/364 343/544/343
vt 0.578682 0.159334
vt 0.583627 0.159783
vt 0.578380 0.160464
f 365/545/365 325/546/325 326/547/326
vt 0.726433 0.768366
vt 0.726405 0.768344
vt 0.732701 0.771038
f 348/548/348 370/549/370 331/550/331
vt 0.741048 0.768035
vt 0.741434 0.768127
vt 0.744782 0.771036
f 349/551/349 372/552/372 332/553/332
vt 0.725407 0.757700
vt 0.721148 0.753123
vt 0.725484 0.757266
f 333/554/333 353/555/353 375/556/375
vt 0.306883 0.806163
vt 0.305207 0.802942
vt 0.305634 0.812054
f 354/557/354 376/558/376 318/559/318
vt 0.563738 0.159262
vt 0.563999 0.158115
f 344/560/344 381/561/381 365/545/365
vt 0.629156 0.162509
vt 0.631136 0.162669
vt 0.629443 0.163637
f 345/562/345 367/563/367 328/564/328
vt 0.720930 0.764875
vt 0.720142 0.766648
vt 0.726405 0.768349
f 385/565/385 346/566/346 347/567/347
vt 0.721059 0.764853
vt 0.726405 0.768343
f 348/548/348 386/568/386 370/569/370
vt 0.741434 0.768145
vt 0.741683 0.767851
vt 0.744782 0.771055
f 388/570/388 389/571/389 332/572/332
vt 0.736163 0.764794
f 349/551/349 390/573/390 372/552/372
vt 0.735891 0.765266
vt 0.736163 0.764814
vt 0.741048 0.768055
f 350/574/350 391/575/391 349/576/349
vt 0.718053 0.750631
vt 0.718141 0.748912
vt 0.721148 0.753120
f 351/577/351 392/578/392 353/579/353
vt 0.715511 0.744685
f 392/578/392 351/577/351 393/580/393
vt 0.721148 0.753119
vt 0.720747 0.753197
vt 0.725484 0.757262
f 395/581/395 396/582/396 375/583/375
vt 0.304864 0.794172
vt 0.303657 0.799626
f 398/584/398 377/585/377 355/558/355
vt 0.706787 0.709086
vt 0.708795 0.706096
vt 0.707418 0.714059
f 363/586/363 404/587/404 342/588/342
vt 0.634528 0.162971
vt 0.634913 0.164081
vt 0.631136 0.162667
f 408/589/408 366/590/366 367/591/367
vt 0.716481 0.760925
vt 0.713273 0.756747
vt 0.715879 0.762683
f 384/592/384 411/593/411 369/594/369
vt 0.720930 0.764862
vt 0.716481 0.760930
vt 0.720142 0.766635
f 385/595/385 384/596/384 346/597/346
vt 0.721059 0.764851
vt 0.720930 0.764867
vt 0.726405 0.768341
f 386/598/386 412/599/412 370/600/370
vt 0.745807 0.770308
vt 0.745070 0.772544
vt 0.745769 0.768820
f 439/601/439 371/602/371 387/603/387
vt 0.736395 0.764894
vt 0.741683 0.767852
vt 0.741434 0.768147
f 413/604/413 389/605/389 388/606/388
vt 0.736163 0.764791
vt 0.736395 0.764871
vt 0.741434 0.768124
f 390/607/390 414/608/414 372/609/372
vt 0.730654 0.761222
vt 0.736163 0.764808
vt 0.735891 0.765260
f 374/610/374 391/611/391 350/612/350
vt 0.718141 0.748911
f 416/613/416 396/582/396 395/581/395
vt 0.715511 0.744682
vt 0.717645 0.748982
vt 0.718141 0.748909
f 417/614/417 418/615/418 416/616/416
vt 0.712355 0.740901
vt 0.712306 0.740488
vt 0.715511 0.744687
f 352/617/352 394/618/394 393/619/393
vt 0.708576 0.736745
vt 0.708601 0.736326
vt 0.712306 0.740487
f 373/620/373 415/621/415 394/622/394
vt 0.720747 0.753200
vt 0.725274 0.757339
vt 0.725484 0.757265
f 396/623/396 420/624/420 375/625/375
vt 0.305207 0.802945
vt 0.306397 0.797327
vt 0.304864 0.794175
f 376/626/376 397/627/397 421/628/421
vt 0.708795 0.706120
vt 0.707361 0.710658
f 364/543/364 426/629/426 405/630/405
vt 0.553671 0.157556
vt 0.558692 0.158934
f 430/631/430 381/561/381 380/632/380
vt 0.634528 0.162973
vt 0.636859 0.163115
vt 0.634913 0.164084
f 408/633/408 432/634/432 366/635/366
vt 0.715712 0.739614
vt 0.715770 0.740031
vt 0.712924 0.743997
f 434/636/434 368/637/368 410/638/410
vt 0.712924 0.743989
vt 0.711268 0.749945
vt 0.711357 0.748295
f 410/639/410 383/640/383 435/641/435
vt 0.713273 0.756754
vt 0.716481 0.760932
vt 0.716797 0.760876
f 436/642/436 437/643/437 438/644/438
vt 0.720930 0.764864
f 438/644/438 437/643/437 412/645/412
vt 0.716797 0.760880
vt 0.720930 0.764868
f 438/646/438 412/647/412 386/598/386
vt 0.730654 0.761206
f 390/607/390 374/648/374 414/608/414
vt 0.704412 0.732633
vt 0.700586 0.728096
vt 0.708601 0.736321
f 379/649/379 427/650/427 415/651/415
vt 0.720747 0.753195
f 416/616/416 418/615/418 396/652/396
vt 0.714996 0.744739
f 417/614/417 442/653/442 418/615/418
vt 0.712306 0.740482
f 443/654/443 442/653/442 417/614/417
vt 0.708601 0.736323
vt 0.711829 0.740515
vt 0.712306 0.740484
f 444/655/444 479/656/479 443/657/443
vt 0.730654 0.761203
vt 0.730673 0.761274
vt 0.736395 0.764868
f 374/658/374 419/659/419 414/660/414
vt 0.730673 0.761272
f 375/625/375 420/624/420 419/661/419
vt 0.721086 0.751072
vt 0.725274 0.757340
f 445/623/445 446/662/446 447/663/447
vt 0.606940 0.145700
vt 0.602877 0.145488
vt 0.607183 0.146827
f 423/664/423 452/665/452 400/666/400
vt 0.611536 0.145909
vt 0.606940 0.145701
vt 0.611697 0.147041
f 454/667/454 423/668/423 378/669/378
vt 0.708346 0.701263
vt 0.710947 0.698795
vt 0.708795 0.706095
f 402/670/402 456/671/456 404/672/404
vt 0.636859 0.163118
vt 0.640257 0.163233
vt 0.637247 0.164221
f 432/673/432 464/674/464 407/675/407
vt 0.711519 0.752539
vt 0.711260 0.754224
vt 0.713273 0.756752
f 433/676/433 382/677/382 411/678/411
vt 0.711357 0.748289
vt 0.711268 0.749938
vt 0.711519 0.752544
f 435/679/435 383/680/383 433/681/433
vt 0.726479 0.726038
vt 0.719316 0.735547
vt 0.715712 0.739617
f 466/682/466 409/683/409 434/684/434
vt 0.715712 0.739584
vt 0.712924 0.743966
vt 0.713443 0.743945
f 467/685/467 468/686/468 469/687/469
vt 0.711357 0.748272
f 470/688/470 469/687/469 468/686/468
vt 0.713768 0.756675
vt 0.713273 0.756750
vt 0.716797 0.760872
f 502/689/502 436/690/436 438/691/438
vt 0.745712 0.768464
vt 0.745769 0.768826
vt 0.742292 0.765502
f 439/692/439 387/693/387 440/694/440
vt 0.737300 0.762260
vt 0.742292 0.765514
vt 0.741683 0.767849
f 471/695/471 440/696/440 389/697/389
vt 0.730673 0.761293
vt 0.736592 0.764588
vt 0.736395 0.764887
f 472/698/472 441/699/441 413/700/413
vt 0.700586 0.728099
vt 0.700146 0.728079
vt 0.708601 0.736324
f 473/701/473 474/702/474 444/703/444
vt 0.717645 0.748985
vt 0.717837 0.746904
vt 0.720747 0.753198
f 475/704/475 476/705/476 445/706/445
vt 0.714996 0.744742
vt 0.715207 0.742688
vt 0.717645 0.748984
f 477/707/477 478/708/478 475/709/475
vt 0.714996 0.744741
f 443/657/443 479/656/479 442/710/442
vt 0.725274 0.757348
vt 0.730793 0.760983
vt 0.730673 0.761281
f 447/711/447 480/712/480 472/713/472
vt 0.304803 0.785484
vt 0.303550 0.790817
vt 0.304864 0.794169
f 483/714/483 448/715/448 398/716/398
vt 0.599576 0.145284
vt 0.603191 0.146609
f 486/717/486 422/718/422 452/665/452
vt 0.616437 0.146102
vt 0.611536 0.145911
vt 0.616548 0.147232
f 488/719/488 454/720/454 401/721/401
vt 0.708795 0.706114
vt 0.710947 0.698815
vt 0.709454 0.703244
f 426/722/426 456/723/456 460/724/460
vt 0.686905 0.642886
vt 0.687965 0.648779
vt 0.687952 0.642707
f 490/725/490 403/726/403 457/727/457
vt 0.691985 0.640360
vt 0.687952 0.642700
vt 0.688516 0.645372
f 491/728/491 457/729/457 424/730/424
vt 0.694855 0.637433
vt 0.691985 0.640368
vt 0.691469 0.641666
f 459/731/459 491/732/491 425/733/425
vt 0.697699 0.724339
vt 0.697636 0.723925
vt 0.700586 0.728101
f 428/734/428 493/735/493 427/736/427
vt 0.548130 0.157382
vt 0.547890 0.158516
f 496/737/496 430/631/430 462/738/462
vt 0.644503 0.163311
vt 0.649375 0.163341
vt 0.644732 0.164425
f 463/739/463 498/740/498 406/741/406
vt 0.640257 0.163234
vt 0.644503 0.163312
vt 0.640577 0.164341
f 464/742/464 463/743/463 431/744/431
vt 0.711934 0.748260
vt 0.711519 0.752532
vt 0.712095 0.752485
f 500/745/500 501/746/501 502/747/502
vt 0.713273 0.756745
f 436/748/436 502/747/502 501/746/501
vt 0.711357 0.748274
vt 0.711519 0.752530
vt 0.711934 0.748258
f 470/749/470 501/750/501 500/751/500
vt 0.715712 0.739585
vt 0.723361 0.730542
vt 0.726479 0.726006
f 467/752/467 503/753/503 504/754/504
vt 0.713443 0.743946
vt 0.716159 0.739550
f 467/685/467 469/755/469 505/756/505
vt 0.713443 0.743947
f 470/749/470 500/751/500 469/757/469
vt 0.731598 0.758698
vt 0.737300 0.762255
vt 0.736592 0.764586
f 506/758/506 471/759/471 441/760/441
vt 0.709463 0.737775
f 474/702/474 479/761/479 444/703/444
vt 0.697636 0.723923
f 507/762/507 474/702/474 473/701/473
vt 0.711829 0.740514
vt 0.712293 0.738455
vt 0.714996 0.744740
f 509/763/509 508/764/508 477/765/477
vt 0.708173 0.736331
vt 0.708142 0.736036
vt 0.711829 0.740520
f 510/766/510 511/767/511 509/768/509
vt 0.306433 0.788663
vt 0.304803 0.785489
f 482/769/482 514/770/514 421/628/421
vt 0.583586 0.144311
vt 0.587988 0.145591
vt 0.587648 0.144474
f 518/771/518 450/772/450 484/773/484
vt 0.591372 0.145794
vt 0.591034 0.144671
f 484/773/484 399/774/399 485/775/485
vt 0.597039 0.146208
f 485/775/485 451/776/451 486/717/486
vt 0.621617 0.146298
vt 0.616437 0.146104
vt 0.621687 0.147426
f 521/777/521 488/778/488 455/779/455
vt 0.681414 0.640521
vt 0.686905 0.642895
vt 0.687952 0.642716
f 524/780/524 490/781/490 525/782/525
vt 0.685628 0.641265
vt 0.687952 0.642726
vt 0.691985 0.640387
f 526/783/526 525/784/525 527/785/527
vt 0.694308 0.632164
vt 0.694855 0.637432
vt 0.695150 0.633559
f 528/786/528 459/787/459 458/788/458
vt 0.694855 0.637453
vt 0.690084 0.639187
vt 0.691985 0.640389
f 529/789/529 530/790/530 527/791/527
vt 0.696163 0.720153
vt 0.695997 0.719746
vt 0.697636 0.723928
f 429/792/429 533/793/533 493/794/493
vt 0.696163 0.720156
vt 0.696049 0.715616
vt 0.695997 0.719750
f 429/795/429 495/796/495 533/797/533
vt 0.729587 0.721548
vt 0.726521 0.726441
vt 0.726479 0.726036
f 536/798/536 465/799/465 466/800/466
vt 0.726479 0.726005
vt 0.723361 0.730541
vt 0.726920 0.726004
f 504/801/504 503/802/503 537/803/537
f 467/752/467 505/756/505 503/802/503
vt 0.708173 0.736332
vt 0.700146 0.728083
vt 0.708142 0.736037
f 510/804/510 538/805/538 511/806/511
vt 0.697636 0.723920
vt 0.697128 0.723915
vt 0.700146 0.728076
f 507/807/507 539/808/539 474/809/474
vt 0.721086 0.751067
vt 0.721317 0.750734
vt 0.726047 0.754804
f 446/810/446 512/811/512 513/812/513
vt 0.717837 0.746895
vt 0.718082 0.746569
vt 0.721317 0.750727
f 476/813/476 540/814/540 512/815/512
vt 0.725856 0.755152
vt 0.726047 0.754813
vt 0.731598 0.758683
f 481/816/481 513/817/513 506/818/506
vt 0.304570 0.777021
vt 0.303297 0.782207
vt 0.304803 0.785486
f 543/819/543 515/820/515 483/821/483
vt 0.583586 0.144312
vt 0.578628 0.144208
vt 0.583899 0.145426
f 518/822/518 547/823/547 449/824/449
vt 0.632620 0.146736
vt 0.627052 0.146523
vt 0.632585 0.147871
f 519/825/519 520/826/520 453/827/453
vt 0.627052 0.146520
vt 0.621617 0.146302
vt 0.627068 0.147651
f 520/828/520 521/829/521 487/830/487
vt 0.694308 0.632159
vt 0.693006 0.635949
vt 0.694855 0.637428
f 528/831/528 552/832/552 553/833/553
vt 0.690084 0.639161
f 553/833/553 552/832/552 530/834/530
vt 0.695997 0.719735
vt 0.695424 0.719737
vt 0.697636 0.723917
f 557/835/557 558/836/558 507/837/507
vt 0.698076 0.713175
vt 0.697636 0.711569
vt 0.696049 0.715621
f 494/838/494 534/839/534 495/840/495
vt 0.696049 0.715601
f 560/841/560 558/836/558 557/835/557
vt 0.700901 0.708033
vt 0.700601 0.707631
vt 0.697636 0.711568
f 461/842/461 559/843/559 534/844/534
vt 0.542256 0.157211
vt 0.548130 0.157383
vt 0.542037 0.158343
f 561/845/561 496/846/496 497/847/497
vt 0.649375 0.163339
vt 0.654656 0.163340
vt 0.649536 0.164454
f 498/848/498 563/849/563 499/850/499
vt 0.729587 0.721516
vt 0.730083 0.721522
f 564/851/564 504/801/504 565/852/565
vt 0.726920 0.726005
vt 0.730083 0.721523
f 504/801/504 537/853/537 565/854/565
vt 0.700146 0.728081
vt 0.697128 0.723919
vt 0.700119 0.727779
f 538/855/538 566/856/566 567/857/567
vt 0.695424 0.719741
f 558/858/558 539/808/539 507/807/507
vt 0.715207 0.742684
vt 0.712565 0.738146
vt 0.718082 0.746575
f 478/859/478 541/860/541 540/861/540
vt 0.306450 0.780141
vt 0.304570 0.777027
vt 0.304803 0.785492
f 542/862/542 569/863/569 514/864/514
vt 0.578628 0.144209
vt 0.572873 0.144093
vt 0.578863 0.145332
f 547/865/547 574/866/574 517/867/517
vt 0.655012 0.147422
vt 0.632620 0.146738
vt 0.649302 0.148368
f 575/868/575 519/869/519 548/870/548
vt 0.686905 0.642889
vt 0.682193 0.639230
vt 0.687184 0.642343
f 490/871/490 551/872/551 549/873/549
vt 0.689051 0.647247
vt 0.688767 0.647439
vt 0.687184 0.642356
f 578/874/578 489/875/489 549/876/549
vt 0.690149 0.653264
vt 0.692831 0.659755
vt 0.689175 0.653964
f 550/877/550 555/878/555 523/879/523
vt 0.689051 0.647250
vt 0.690149 0.653268
vt 0.688767 0.647442
f 578/880/578 550/881/550 489/882/489
vt 0.691676 0.660520
vt 0.692831 0.659754
vt 0.696223 0.666098
f 492/883/492 555/884/555 554/885/554
vt 0.696223 0.666095
vt 0.699452 0.671672
vt 0.698098 0.672644
f 554/886/554 581/887/581 531/888/531
vt 0.697078 0.711506
vt 0.696049 0.715597
vt 0.697636 0.711545
f 584/889/584 560/890/560 585/891/585
vt 0.695462 0.715578
vt 0.695424 0.719735
vt 0.696049 0.715599
f 586/892/586 558/893/558 560/894/560
vt 0.700601 0.707608
f 584/889/584 585/891/585 559/895/559
vt 0.529828 0.156989
vt 0.535934 0.158202
f 587/896/587 561/845/561 535/897/535
vt 0.729587 0.721517
vt 0.732636 0.717161
f 564/898/564 565/854/565 590/899/590
vt 0.697128 0.723922
vt 0.695424 0.719748
vt 0.697026 0.723626
f 566/900/566 592/901/592 591/902/591
vt 0.708927 0.734244
vt 0.709220 0.733947
vt 0.712565 0.738140
f 568/903/568 593/904/593 541/905/541
vt 0.671943 0.651973
vt 0.669748 0.647149
vt 0.670063 0.653320
f 572/906/572 571/907/571 516/908/516
vt 0.671943 0.651982
vt 0.672621 0.658552
vt 0.679661 0.661858
f 572/909/572 545/910/545 573/911/573
vt 0.572873 0.144097
vt 0.566415 0.143899
vt 0.573002 0.145231
f 574/912/574 601/913/601 546/914/546
vt 0.710780 0.692396
vt 0.709226 0.686361
vt 0.710947 0.691076
f 522/915/522 576/916/576 577/917/577
vt 0.704843 0.682778
vt 0.706231 0.681614
f 532/918/532 582/919/582 576/916/576
vt 0.682193 0.639237
vt 0.687584 0.642113
vt 0.687184 0.642350
f 604/920/604 605/921/605 606/922/606
vt 0.687184 0.642348
vt 0.689568 0.647073
vt 0.689051 0.647239
f 606/923/606 607/924/607 608/925/608
vt 0.690149 0.653252
vt 0.693279 0.659626
vt 0.692831 0.659744
f 609/926/609 610/927/610 611/928/611
vt 0.689051 0.647234
vt 0.690647 0.653139
f 608/929/608 612/930/612 609/926/609
vt 0.696578 0.665949
vt 0.696223 0.666089
f 611/928/611 614/931/614 615/932/615
vt 0.699452 0.671666
vt 0.702721 0.676752
vt 0.701306 0.677849
f 581/933/581 616/934/616 556/935/556
vt 0.699655 0.671525
f 617/933/617 615/932/615 618/936/618
vt 0.701306 0.677844
vt 0.702721 0.676747
vt 0.706231 0.681618
f 556/937/556 616/938/616 582/939/582
vt 0.697078 0.711508
f 586/892/586 560/894/560 584/940/584
vt 0.695462 0.715596
vt 0.695244 0.715297
vt 0.695424 0.719752
f 620/941/620 621/942/621 592/943/592
vt 0.700109 0.707591
f 619/944/619 584/889/584 559/895/559
vt 0.654656 0.163337
vt 0.660126 0.163327
vt 0.654758 0.164452
f 563/945/563 622/946/622 562/947/562
vt 0.732095 0.717200
vt 0.732390 0.718825
vt 0.729587 0.721547
f 625/948/625 589/949/589 536/950/536
vt 0.732095 0.717170
f 712/951/712 564/898/564 590/899/590
vt 0.701248 0.725713
vt 0.709220 0.733948
vt 0.708927 0.734245
f 626/952/626 593/953/593 568/954/568
vt 0.304801 0.768648
vt 0.303218 0.773791
vt 0.304570 0.777018
f 633/955/633 596/956/596 543/957/543
vt 0.670807 0.642444
vt 0.669086 0.642690
vt 0.669748 0.647139
f 599/958/599 544/959/544 571/960/571
vt 0.673976 0.650405
vt 0.669748 0.647159
vt 0.671943 0.651983
f 642/961/642 643/962/643 644/963/644
vt 0.678333 0.655206
vt 0.671943 0.651981
f 645/964/645 644/965/644 573/911/573
vt 0.709226 0.686368
vt 0.710636 0.691026
vt 0.710947 0.691082
f 647/966/647 648/967/648 577/968/577
vt 0.709226 0.686373
vt 0.706231 0.681626
vt 0.709058 0.686242
f 647/969/647 649/970/649 650/971/650
vt 0.687184 0.642349
vt 0.689568 0.647075
f 606/972/606 605/921/605 607/973/607
vt 0.682193 0.639238
vt 0.682232 0.638951
vt 0.687584 0.642114
f 604/974/604 692/975/692 605/976/605
vt 0.689051 0.647237
vt 0.689568 0.647072
vt 0.690647 0.653142
f 608/977/608 607/978/607 612/979/612
f 611/928/611 610/927/610 614/931/614
vt 0.690149 0.653253
vt 0.690647 0.653140
vt 0.693279 0.659627
f 609/980/609 612/981/612 610/982/610
vt 0.675818 0.642656
vt 0.677335 0.640787
vt 0.679726 0.641636
f 651/983/651 613/984/613 579/985/579
vt 0.678021 0.639817
vt 0.678126 0.639167
vt 0.682193 0.639224
f 613/986/613 653/987/653 551/988/551
vt 0.678941 0.644024
vt 0.678021 0.639833
vt 0.677335 0.640805
f 654/989/654 655/990/655 656/991/656
vt 0.696223 0.666088
vt 0.696578 0.665947
vt 0.699655 0.671524
f 615/992/615 614/993/614 618/994/618
vt 0.702721 0.676751
f 617/933/617 618/936/618 657/995/657
vt 0.706231 0.681625
vt 0.702721 0.676754
vt 0.706167 0.681479
f 649/996/649 657/997/657 706/998/706
vt 0.707704 0.699788
vt 0.700109 0.707593
vt 0.708143 0.699750
f 658/999/658 619/1000/619 583/1001/583
vt 0.695462 0.715599
vt 0.697078 0.711529
vt 0.695244 0.715301
f 620/1002/620 659/1003/659 621/1004/621
vt 0.697078 0.711531
vt 0.700109 0.707616
vt 0.696838 0.711226
f 659/1005/659 660/1006/660 661/1007/661
vt 0.660126 0.163324
vt 0.665645 0.163273
vt 0.660164 0.164443
f 622/1008/622 663/1009/663 588/1010/588
vt 0.734060 0.712871
f 712/951/712 590/899/590 664/1011/664
vt 0.697843 0.721562
vt 0.701248 0.725714
vt 0.700119 0.727769
f 627/1012/627 626/1013/626 567/1014/567
vt 0.523335 0.156932
vt 0.529828 0.156990
vt 0.523171 0.158044
f 629/1015/629 587/1016/587 594/1017/594
vt 0.516631 0.156864
vt 0.523335 0.156934
vt 0.516496 0.157982
f 669/1018/669 629/1019/629 595/1020/595
vt 0.306650 0.771756
vt 0.304801 0.768654
vt 0.304570 0.777024
f 632/1021/632 671/1022/671 569/1023/569
vt 0.472358 0.142473
vt 0.465546 0.142618
vt 0.472475 0.143588
f 636/1024/636 675/1025/675 570/1026/570
vt 0.479452 0.142342
vt 0.472358 0.142474
vt 0.479532 0.143464
f 676/1027/676 636/1028/636 597/1029/597
vt 0.673835 0.642627
vt 0.670807 0.642459
vt 0.669748 0.647155
f 682/1030/682 599/1031/599 683/1032/683
vt 0.566415 0.143903
vt 0.559532 0.143696
vt 0.566439 0.145039
f 601/1033/601 680/1034/680 600/1035/600
vt 0.660658 0.147615
vt 0.655012 0.147421
vt 0.660591 0.148725
f 685/1036/685 575/1037/575 646/1038/646
vt 0.709226 0.686375
vt 0.709058 0.686244
vt 0.710636 0.691033
f 647/1039/647 650/1040/650 648/1041/648
vt 0.710789 0.695587
vt 0.710636 0.691013
vt 0.710365 0.695607
f 603/1042/603 648/1043/648 686/1044/686
vt 0.709058 0.686241
f 649/996/649 706/998/706 650/1045/650
vt 0.687805 0.641588
vt 0.689568 0.647076
f 688/1046/688 689/1047/689 690/921/690
vt 0.687584 0.642106
vt 0.682232 0.638943
vt 0.687805 0.641581
f 690/1048/690 691/1049/691 688/1050/688
vt 0.690093 0.646529
vt 0.690647 0.653151
vt 0.689568 0.647080
f 693/1051/693 694/1052/694 689/1053/689
vt 0.693279 0.659636
vt 0.694270 0.658970
vt 0.696578 0.665958
f 695/1054/695 696/1055/696 697/1056/697
vt 0.691485 0.652541
vt 0.693279 0.659638
f 698/1057/698 695/1058/695 694/1052/694
vt 0.677346 0.646632
vt 0.677335 0.640806
vt 0.675818 0.642676
f 699/1059/699 656/1060/656 765/1061/765
vt 0.673835 0.642633
vt 0.677147 0.642576
vt 0.682475 0.640740
f 700/1062/700 652/1063/652 580/1064/580
vt 0.678126 0.639184
vt 0.677791 0.638929
vt 0.682193 0.639241
f 701/1065/701 692/1066/692 604/1067/604
vt 0.679029 0.643454
vt 0.678126 0.639179
vt 0.678021 0.639829
f 702/1068/702 703/1069/703 655/1070/655
vt 0.696578 0.665956
vt 0.697639 0.665221
vt 0.699655 0.671533
f 697/1071/697 704/1072/704 705/1073/705
vt 0.702721 0.676753
vt 0.699655 0.671527
vt 0.702766 0.676616
f 657/1074/657 618/1075/618 706/1076/706
vt 0.707704 0.699800
vt 0.707378 0.699507
vt 0.700109 0.707605
f 658/1077/658 707/1078/707 660/1079/660
vt 0.733499 0.712911
vt 0.733549 0.714532
vt 0.732095 0.717194
f 711/1080/711 624/1081/624 625/1082/625
vt 0.731735 0.704264
vt 0.732794 0.710183
vt 0.733293 0.708596
f 666/1083/666 623/1084/623 710/1085/710
vt 0.695448 0.717686
vt 0.695698 0.717396
vt 0.697843 0.721560
f 628/1086/628 714/1087/714 627/1088/627
vt 0.502892 0.156858
vt 0.516631 0.156865
vt 0.509688 0.157954
f 670/1089/670 669/1090/669 630/1091/630
vt 0.488936 0.156951
vt 0.502892 0.156860
vt 0.495885 0.158047
f 717/1092/717 670/1093/670 631/1094/631
vt 0.304895 0.760460
vt 0.303237 0.765529
vt 0.304801 0.768650
f 720/1095/720 673/1096/673 633/1097/633
vt 0.465546 0.142617
vt 0.446526 0.143083
vt 0.465691 0.143726
f 675/1098/675 723/1099/723 635/1100/635
vt 0.486892 0.142261
vt 0.479452 0.142343
vt 0.486920 0.143376
f 724/1101/724 676/1102/676 637/1103/637
vt 0.440443 0.143308
vt 0.434076 0.143516
vt 0.440546 0.144436
f 677/1104/677 726/1105/726 638/1106/638
vt 0.440443 0.143307
vt 0.446669 0.144210
f 723/1099/723 677/1107/677 598/1108/598
vt 0.545767 0.143386
vt 0.539776 0.143083
vt 0.545645 0.144521
f 727/1109/727 679/1110/679 639/1111/639
vt 0.559532 0.143699
vt 0.552500 0.143556
vt 0.552406 0.144690
f 680/1112/680 728/1113/728 640/1114/640
vt 0.671601 0.646126
vt 0.673835 0.642639
vt 0.669748 0.647166
f 684/1115/684 700/1116/700 643/1117/643
vt 0.666299 0.147826
vt 0.660658 0.147614
vt 0.666254 0.148931
f 731/1118/731 685/1119/685 602/1120/602
vt 0.709058 0.686227
vt 0.709985 0.685113
vt 0.710636 0.691016
f 734/1121/734 735/1122/735 736/1123/736
vt 0.706167 0.681468
vt 0.707351 0.680434
vt 0.709058 0.686230
f 737/1124/737 738/1125/738 734/1126/734
vt 0.682232 0.638944
vt 0.682402 0.638115
vt 0.687805 0.641582
f 691/1127/691 739/1128/739 688/1129/688
vt 0.673798 0.644682
vt 0.675818 0.642662
vt 0.677147 0.642562
f 740/1130/740 651/1131/651 652/1132/652
vt 0.682475 0.640744
vt 0.677973 0.639296
vt 0.673835 0.642637
f 580/1133/580 681/1134/681 682/1135/682
vt 0.679029 0.643460
f 692/1066/692 701/1065/701 741/1136/741
vt 0.700777 0.670691
vt 0.702766 0.676617
f 705/1075/705 743/1137/743 744/1138/744
vt 0.702766 0.676610
vt 0.703932 0.675666
vt 0.706167 0.681472
f 744/1139/744 745/1140/745 737/1141/737
vt 0.696838 0.709202
vt 0.695481 0.713269
f 621/942/621 747/1142/747 708/1143/708
vt 0.695448 0.717688
vt 0.695481 0.713252
vt 0.695698 0.717398
f 628/1144/628 708/1145/708 714/1146/714
vt 0.665645 0.163270
vt 0.671073 0.163152
vt 0.665603 0.164388
f 663/1147/663 749/1148/749 662/1149/662
vt 0.733293 0.708606
vt 0.733549 0.714526
vt 0.733499 0.712905
f 710/1150/710 624/1151/624 711/1152/711
vt 0.733293 0.708589
vt 0.733260 0.713680
f 750/1153/750 712/1154/712 664/1011/664
vt 0.729087 0.699873
vt 0.727835 0.701370
vt 0.731735 0.704257
f 751/1155/751 665/1156/665 666/1157/666
vt 0.732226 0.704316
vt 0.731735 0.704269
vt 0.733293 0.708601
f 752/1158/752 753/1159/753 750/1160/750
vt 0.306999 0.763458
vt 0.304895 0.760467
vt 0.304801 0.768657
f 718/1161/718 757/1162/757 671/1163/671
vt 0.291115 0.780046
vt 0.292863 0.767602
vt 0.290700 0.775536
f 672/1164/672 759/1165/759 719/1166/719
vt 0.509360 0.142124
vt 0.502028 0.142138
vt 0.509219 0.143250
f 722/1167/722 761/1168/761 634/1169/634
vt 0.516311 0.142223
vt 0.509360 0.142125
vt 0.516107 0.143341
f 762/1170/762 722/1171/722 641/1172/641
vt 0.494483 0.142201
vt 0.486892 0.142262
vt 0.494452 0.143311
f 763/1173/763 724/1174/724 674/1175/674
vt 0.533944 0.143903
vt 0.522768 0.142381
f 678/1176/678 679/1110/679 764/1177/764
vt 0.552500 0.143559
vt 0.545767 0.143384
vt 0.552406 0.144692
f 728/1178/728 727/1179/727 640/1180/640
vt 0.675873 0.648614
vt 0.673798 0.644693
vt 0.671601 0.646117
f 730/1181/730 765/1182/765 684/1183/684
vt 0.682402 0.638116
vt 0.687651 0.641323
vt 0.687805 0.641584
f 739/1184/739 770/1185/770 688/1186/688
vt 0.671601 0.646110
vt 0.673798 0.644686
vt 0.677147 0.642566
f 684/1187/684 740/1188/740 652/1189/652
vt 0.678538 0.643381
f 774/1190/774 692/1066/692 741/1136/741
vt 0.682484 0.649659
vt 0.685760 0.654992
vt 0.679029 0.643455
f 742/1191/742 775/1192/775 702/1193/702
vt 0.710365 0.695637
vt 0.709737 0.694412
vt 0.707378 0.699521
f 686/1194/686 769/1195/769 707/1196/707
vt 0.699313 0.705563
vt 0.699411 0.705277
vt 0.696838 0.709204
f 709/1197/709 778/1198/778 747/1199/747
vt 0.733834 0.708611
vt 0.733293 0.708595
vt 0.734060 0.712877
f 780/1200/780 750/1201/750 664/1202/664
vt 0.725563 0.695462
vt 0.724261 0.696913
vt 0.729087 0.699875
f 781/1203/781 713/1204/713 751/1205/751
vt 0.729504 0.699922
vt 0.729087 0.699887
vt 0.731735 0.704271
f 782/1206/782 783/1207/783 753/1208/753
vt 0.729504 0.699920
vt 0.731735 0.704268
f 782/1209/782 753/1210/753 752/1158/752
vt 0.732226 0.704310
f 752/1211/752 750/1201/750 780/1200/780
vt 0.721377 0.691055
vt 0.716828 0.686619
vt 0.720034 0.692442
f 755/1212/755 754/1213/754 667/1214/667
vt 0.725563 0.695469
vt 0.721377 0.691050
vt 0.724261 0.696920
f 781/1215/781 755/1216/755 713/1217/713
vt 0.474926 0.157103
vt 0.488936 0.156952
vt 0.481921 0.158147
f 756/1218/756 717/1219/717 668/1220/668
vt 0.467977 0.157233
vt 0.468030 0.158368
f 785/1221/785 756/1218/756 716/1222/716
vt 0.288046 0.769993
vt 0.292863 0.767600
vt 0.291115 0.780043
f 787/1223/787 789/1224/789 672/1225/672
vt 0.502028 0.142136
vt 0.494483 0.142204
vt 0.501943 0.143255
f 761/1226/761 763/1227/763 721/1228/721
vt 0.434076 0.143517
vt 0.427638 0.143742
vt 0.434162 0.144643
f 726/1229/726 792/1230/792 725/1231/725
vt 0.522516 0.143493
f 764/1177/764 762/1170/762 729/1232/729
vt 0.683008 0.148505
vt 0.666299 0.147823
vt 0.677475 0.149366
f 767/1233/767 731/1234/731 766/1235/766
vt 0.688462 0.148746
vt 0.683008 0.148503
vt 0.688506 0.149826
f 853/1236/853 767/1237/767 732/1238/732
vt 0.709985 0.685115
vt 0.711084 0.684136
vt 0.710783 0.689833
f 735/1239/735 797/1240/797 798/1241/798
vt 0.710783 0.689838
vt 0.711242 0.688710
vt 0.709737 0.694393
f 798/1242/798 799/1243/799 769/1244/769
vt 0.687651 0.641325
vt 0.690119 0.646157
vt 0.690093 0.646522
f 770/1245/770 771/1246/771 693/1247/693
vt 0.690119 0.646161
vt 0.691833 0.652050
vt 0.691485 0.652537
f 771/1248/771 772/1249/772 698/1250/698
vt 0.691833 0.652051
vt 0.694819 0.658429
vt 0.694270 0.658969
f 772/1251/772 773/1252/773 696/1253/696
vt 0.694819 0.658428
vt 0.698352 0.664636
f 773/1254/773 776/1255/776 704/1072/704
vt 0.681901 0.649666
f 774/1190/774 741/1136/741 801/1256/801
vt 0.679029 0.643461
vt 0.685760 0.654998
f 801/1256/801 741/1257/741 802/1258/802
vt 0.698352 0.664632
vt 0.701706 0.670007
vt 0.700777 0.670694
f 776/1259/776 804/1260/804 743/1261/743
vt 0.702729 0.701679
vt 0.702754 0.701374
vt 0.699411 0.705284
f 746/1262/746 805/1263/805 778/1264/778
vt 0.671073 0.163147
vt 0.675941 0.162952
vt 0.670920 0.164248
f 749/1265/749 806/1266/806 748/1267/748
vt 0.725563 0.695473
f 807/1268/807 783/1207/783 782/1206/782
vt 0.712215 0.682158
vt 0.710851 0.683440
vt 0.716828 0.686622
f 784/1269/784 715/1270/715 754/1271/754
vt 0.716831 0.686664
vt 0.716828 0.686621
vt 0.721377 0.691057
f 810/1272/810 811/1273/811 812/1274/812
vt 0.721528 0.691085
vt 0.721377 0.691056
vt 0.725563 0.695476
f 813/1275/813 812/1276/812 807/1277/807
vt 0.305351 0.752460
vt 0.303355 0.757499
vt 0.304895 0.760457
f 817/1278/817 758/1279/758 720/1280/720
vt 0.684058 0.163011
vt 0.684464 0.161906
vt 0.685514 0.161447
f 768/1281/768 795/1282/795 825/1283/825
vt 0.682270 0.163426
vt 0.682611 0.162320
vt 0.684464 0.161903
f 733/1284/733 824/1285/824 795/1286/795
vt 0.705063 0.674866
vt 0.708606 0.679553
vt 0.707351 0.680437
f 800/1287/800 796/1288/796 738/1289/738
vt 0.708606 0.679549
vt 0.709985 0.685116
f 796/1290/796 797/1240/797 735/1291/735
vt 0.710783 0.689832
vt 0.711084 0.684135
vt 0.711242 0.688704
f 798/1292/798 797/1293/797 799/1294/799
vt 0.709737 0.694411
vt 0.711242 0.688729
vt 0.709535 0.693166
f 769/1295/769 799/1296/799 826/1297/826
vt 0.701706 0.670002
vt 0.705063 0.674870
vt 0.703932 0.675670
f 804/1298/804 800/1299/800 745/1300/745
vt 0.681901 0.649663
vt 0.685760 0.654994
vt 0.685311 0.655142
f 801/1301/801 802/1302/802 827/1303/827
vt 0.689462 0.659888
vt 0.685760 0.654990
vt 0.685743 0.655100
f 828/1304/828 775/1305/775 803/1306/803
vt 0.706411 0.697683
vt 0.706417 0.697361
vt 0.702754 0.701377
f 777/1307/777 829/1308/829 805/1309/805
vt 0.675941 0.162948
vt 0.679778 0.162670
vt 0.675686 0.164035
f 806/1310/806 830/1311/830 779/1312/779
vt 0.725871 0.695492
vt 0.725563 0.695475
vt 0.729504 0.699924
f 831/1313/831 807/1314/807 782/1315/782
vt 0.712136 0.682192
vt 0.712215 0.682157
f 834/1316/834 835/1317/835 811/1273/811
vt 0.707617 0.677678
vt 0.707303 0.677987
vt 0.712215 0.682159
f 836/1318/836 809/1319/809 784/1320/784
vt 0.712136 0.682191
f 810/1272/810 834/1321/834 811/1273/811
f 810/1272/810 812/1276/812 813/1275/813
vt 0.721528 0.691084
f 813/1322/813 807/1314/807 831/1313/831
vt 0.461098 0.157369
vt 0.467977 0.157234
vt 0.461177 0.158508
f 837/1323/837 785/1324/785 786/1325/786
vt 0.307492 0.755316
vt 0.305351 0.752466
vt 0.304895 0.760463
f 816/1326/816 840/1327/840 757/1328/757
vt 0.291479 0.767616
vt 0.291335 0.767148
vt 0.286404 0.766162
f 788/1329/788 819/1330/819 843/1331/843
vt 0.292739 0.767127
vt 0.291335 0.767151
f 759/1224/759 844/1332/844 819/1333/819
vt 0.288780 0.765634
vt 0.292739 0.767133
vt 0.292863 0.767606
f 820/1334/820 845/1335/845 789/1336/789
vt 0.409492 0.144600
vt 0.404142 0.144902
vt 0.409366 0.145723
f 823/1337/823 848/1338/848 760/1339/760
vt 0.415266 0.144313
vt 0.409492 0.144599
vt 0.415207 0.145444
f 849/1340/849 823/1341/823 790/1342/790
vt 0.427638 0.143743
vt 0.421341 0.144017
vt 0.421351 0.145145
f 792/1343/792 850/1344/850 791/1345/791
vt 0.679475 0.163764
vt 0.682611 0.162318
f 794/1346/794 830/1311/830 824/1347/824
vt 0.689462 0.659892
f 827/1303/827 802/1302/802 854/1348/854
vt 0.706411 0.697681
vt 0.709535 0.693167
vt 0.706417 0.697359
f 777/1349/777 826/1350/826 829/1351/829
vt 0.693883 0.664396
vt 0.692677 0.665371
vt 0.698581 0.668749
f 855/1352/855 808/1353/808 832/1354/832
vt 0.707617 0.677680
vt 0.698581 0.668751
vt 0.707303 0.677990
f 836/1355/836 832/1356/832 809/1357/809
vt 0.707509 0.677689
f 834/1316/834 856/1358/856 835/1317/835
vt 0.707617 0.677675
f 856/1358/856 857/1359/857 835/1317/835
vt 0.454323 0.157536
vt 0.461098 0.157370
vt 0.454430 0.158679
f 858/1360/858 837/1361/837 814/1362/814
vt 0.305624 0.744635
vt 0.303557 0.749594
vt 0.305351 0.752463
f 842/1363/842 818/1364/818 817/1365/817
vt 0.290857 0.767138
vt 0.286404 0.766169
vt 0.291335 0.767155
f 864/1366/864 865/1367/865 866/1368/866
vt 0.290857 0.767134
f 864/1369/864 866/1333/866 867/1332/867
vt 0.288780 0.765620
vt 0.292214 0.767076
vt 0.292739 0.767120
f 868/1370/868 869/1371/869 867/1372/867
vt 0.286404 0.766157
vt 0.279783 0.764626
vt 0.286545 0.766616
f 843/1373/843 872/1374/872 821/1375/821
vt 0.404142 0.144901
vt 0.399337 0.145242
vt 0.403964 0.146017
f 848/1376/848 876/1377/876 822/1378/822
vt 0.421341 0.144018
vt 0.415266 0.144312
vt 0.421351 0.145147
f 850/1379/850 849/1380/849 791/1381/791
vt 0.699004 0.149358
vt 0.693796 0.149031
vt 0.693875 0.150101
f 852/1382/852 853/1383/853 793/1384/793
vt 0.689116 0.660002
vt 0.685311 0.655140
vt 0.689462 0.659890
f 880/1385/880 827/1386/827 854/1387/854
vt 0.693883 0.664394
vt 0.688553 0.660662
f 855/1388/855 828/1387/828 833/1389/833
vt 0.693665 0.664439
vt 0.698581 0.668747
f 881/1390/881 882/1388/882 883/1391/883
vt 0.698581 0.668746
f 856/1358/856 883/1392/883 857/1359/857
vt 0.447683 0.157758
vt 0.447821 0.158897
f 884/1393/884 858/1360/858 815/1394/815
vt 0.424499 0.158964
vt 0.435290 0.158309
vt 0.429879 0.159758
f 860/1395/860 886/1396/886 838/1397/838
vt 0.419699 0.159331
vt 0.424499 0.158963
vt 0.419946 0.160464
f 887/1398/887 860/1399/860 839/1400/839
vt 0.308033 0.747420
vt 0.305624 0.744642
vt 0.305351 0.752470
f 861/1401/861 842/1402/842 840/1403/840
vt 0.286011 0.766184
f 890/1404/890 865/1367/865 864/1366/864
vt 0.292214 0.767082
vt 0.290857 0.767133
vt 0.292739 0.767126
f 869/1405/869 864/1406/864 867/1407/867
vt 0.288780 0.765623
vt 0.288333 0.765561
vt 0.292214 0.767079
f 868/1408/868 891/1409/891 869/1410/869
vt 0.282445 0.765011
vt 0.282712 0.763180
vt 0.288780 0.765631
f 870/1411/870 892/1412/892 820/1413/820
vt 0.279427 0.764688
vt 0.279783 0.764640
vt 0.286404 0.766172
f 895/1414/895 896/1415/896 865/1416/865
vt 0.704080 0.149716
vt 0.699004 0.149357
vt 0.704217 0.150786
f 903/1417/903 852/1418/852 851/1419/851
vt 0.685767 0.161566
vt 0.685514 0.161450
vt 0.686852 0.159920
f 879/1420/879 825/1421/825 905/1422/905
vt 0.689116 0.660003
vt 0.693883 0.664395
f 880/1423/880 854/1387/854 882/1424/882
vt 0.689116 0.660001
vt 0.693883 0.664393
f 881/1390/881 880/1425/880 882/1426/882
vt 0.698463 0.668736
vt 0.693665 0.664438
f 906/1427/906 881/1428/881 883/1392/883
f 906/1427/906 883/1392/883 856/1358/856
vt 0.441299 0.158021
vt 0.447683 0.157759
vt 0.441465 0.159154
f 907/1429/907 884/1430/884 859/1431/859
vt 0.335621 0.688827
vt 0.337599 0.683852
vt 0.338385 0.690449
f 889/1432/889 862/1433/862 841/1434/841
vt 0.335967 0.677094
vt 0.338854 0.678478
vt 0.337599 0.683860
f 908/1435/908 863/1436/863 862/1437/862
vt 0.286011 0.766186
vt 0.279427 0.764687
vt 0.286404 0.766171
f 890/1438/890 895/1439/895 865/1440/865
vt 0.290857 0.767129
vt 0.290712 0.766800
vt 0.286011 0.766175
f 910/1441/910 911/1442/911 912/1443/912
vt 0.292214 0.767081
vt 0.290712 0.766803
vt 0.290857 0.767132
f 913/1444/913 911/1445/911 910/1446/910
vt 0.292214 0.767091
vt 0.288333 0.765574
vt 0.292072 0.766754
f 913/1447/913 914/1448/914 915/1449/915
vt 0.282712 0.763172
vt 0.288333 0.765560
vt 0.288780 0.765622
f 916/1450/916 891/1451/891 868/1452/868
vt 0.277791 0.760301
vt 0.282712 0.763178
vt 0.282445 0.765009
f 917/1453/917 892/1454/892 870/1455/870
vt 0.273330 0.762665
vt 0.273490 0.763101
vt 0.279783 0.764623
f 919/1456/919 871/1457/871 872/1458/872
vt 0.319018 0.648808
vt 0.316077 0.648583
vt 0.314502 0.653962
f 846/1459/846 898/1460/898 897/1461/897
vt 0.320007 0.643213
vt 0.317297 0.643154
vt 0.316077 0.648587
f 873/1462/873 921/1463/921 898/1464/898
vt 0.322237 0.627293
vt 0.318801 0.627470
vt 0.318163 0.632562
f 874/1465/874 922/1466/922 899/1467/899
vt 0.320617 0.637760
vt 0.318163 0.632559
vt 0.317827 0.637803
f 847/1468/847 899/1469/899 900/1470/900
vt 0.317827 0.637801
vt 0.317297 0.643158
vt 0.320007 0.643217
f 900/1471/900 921/1472/921 873/1473/873
vt 0.399135 0.146358
vt 0.394966 0.145603
f 875/1474/875 876/1377/876 902/1475/902
vt 0.386781 0.147439
vt 0.382936 0.146649
f 877/1476/877 902/1475/902 924/1477/924
vt 0.708840 0.150121
vt 0.704080 0.149714
vt 0.709007 0.151199
f 925/1478/925 903/1479/903 878/1480/878
vt 0.435290 0.158308
vt 0.441299 0.158022
vt 0.435472 0.159442
f 886/1481/886 907/1482/907 885/1483/885
vt 0.415510 0.160853
vt 0.403164 0.160875
f 887/1398/887 888/1484/888 928/1485/928
vt 0.337599 0.683864
vt 0.335621 0.688838
vt 0.334029 0.686857
f 929/1486/929 889/1487/889 930/1488/930
vt 0.335967 0.677092
vt 0.337599 0.683859
vt 0.335700 0.682103
f 908/1489/908 929/1490/929 931/1491/931
vt 0.279292 0.764362
vt 0.279427 0.764669
vt 0.286011 0.766168
f 937/1492/937 895/1493/895 912/1494/912
vt 0.282712 0.763173
vt 0.282335 0.763123
f 916/1495/916 940/1496/940 891/1409/891
vt 0.277791 0.760294
vt 0.282335 0.763122
vt 0.282712 0.763171
f 941/1497/941 940/1498/940 916/1499/916
vt 0.277870 0.762089
vt 0.274845 0.757050
vt 0.277791 0.760302
f 893/1500/893 942/1501/942 917/1502/917
vt 0.269133 0.760840
vt 0.268905 0.760408
vt 0.267028 0.757707
f 894/1503/894 918/1504/918 943/1505/943
vt 0.273490 0.763106
vt 0.273330 0.762670
vt 0.268905 0.760403
f 871/1506/871 919/1507/919 918/1508/918
vt 0.272951 0.762757
vt 0.273330 0.762685
vt 0.279783 0.764643
f 920/1509/920 944/1510/944 896/1511/896
vt 0.314502 0.653967
vt 0.316728 0.648473
f 897/1512/897 945/1464/945 946/1513/946
vt 0.316077 0.648585
vt 0.317297 0.643152
vt 0.318576 0.643488
f 945/1514/945 947/1515/947 948/1516/948
vt 0.318163 0.632557
vt 0.318801 0.627466
vt 0.318005 0.628267
f 949/1517/949 950/1518/950 951/1519/951
vt 0.317827 0.637798
vt 0.318163 0.632554
vt 0.318782 0.638387
f 952/1520/952 949/1521/949 953/1522/953
vt 0.317297 0.643155
vt 0.317827 0.637797
vt 0.318576 0.643490
f 947/1523/947 952/1524/952 948/1525/948
vt 0.323292 0.622233
vt 0.320198 0.617486
vt 0.318801 0.627471
f 901/1526/901 923/1527/923 922/1528/922
vt 0.686462 0.161028
vt 0.686852 0.159917
vt 0.688248 0.159354
f 904/1529/904 905/1530/905 956/1531/956
vt 0.292072 0.766749
vt 0.292643 0.764521
vt 0.290712 0.766808
f 915/1532/915 962/1533/962 911/1534/911
vt 0.282335 0.763138
vt 0.288245 0.765234
vt 0.288333 0.765576
f 964/1535/964 939/1536/939 914/1537/914
vt 0.277791 0.760291
vt 0.277345 0.760306
vt 0.282335 0.763118
f 941/1538/941 965/1539/965 940/1540/940
vt 0.274845 0.757034
vt 0.274307 0.757109
vt 0.277791 0.760286
f 966/1541/966 967/1542/967 941/1543/941
vt 0.266490 0.757807
vt 0.267028 0.757721
vt 0.268905 0.760422
f 968/1544/968 943/1545/943 969/1546/969
vt 0.268434 0.760502
vt 0.268905 0.760421
vt 0.273330 0.762688
f 970/1547/970 969/1548/969 944/1549/944
vt 0.318801 0.627468
vt 0.320198 0.617482
vt 0.318051 0.623310
f 950/1550/950 923/1551/923 971/1552/971
vt 0.378547 0.146965
vt 0.382748 0.147761
f 924/1477/924 972/1553/972 954/1554/954
vt 0.713098 0.150590
vt 0.708840 0.150120
vt 0.713326 0.151663
f 973/1555/973 925/1556/925 926/1557/926
vt 0.687931 0.160471
vt 0.688248 0.159350
vt 0.690833 0.158792
f 927/1558/927 956/1559/956 976/1560/976
vt 0.271470 0.750772
vt 0.275776 0.746780
vt 0.271855 0.751173
f 957/1561/957 958/1562/958 909/1563/909
vt 0.268218 0.754459
vt 0.271470 0.750768
vt 0.268582 0.754873
f 978/1564/978 957/1565/957 932/1566/932
vt 0.280565 0.742551
vt 0.281665 0.744196
vt 0.275776 0.746777
f 980/1567/980 935/1568/935 958/1569/958
vt 0.291110 0.764554
f 911/1534/911 962/1533/962 961/1570/961
vt 0.286119 0.763595
vt 0.285971 0.763926
vt 0.291110 0.764566
f 986/1571/986 938/1572/938 961/1573/961
vt 0.288971 0.763006
vt 0.292643 0.764515
vt 0.292072 0.766743
f 963/1574/963 987/1575/987 915/1576/915
vt 0.282981 0.760590
vt 0.282275 0.762789
f 989/1577/989 963/1574/963 988/1578/988
vt 0.282335 0.763135
vt 0.277345 0.760323
vt 0.282275 0.762800
f 964/1579/964 990/1580/990 988/1581/988
vt 0.274307 0.757112
vt 0.277345 0.760305
vt 0.277791 0.760289
f 967/1582/967 965/1583/965 941/1584/941
vt 0.274704 0.753458
vt 0.274307 0.757108
f 991/1585/991 967/1586/967 966/1541/966
vt 0.713326 0.151662
vt 0.716883 0.151112
f 973/1555/973 926/1587/926 974/1588/974
vt 0.720513 0.152757
vt 0.720223 0.151675
f 974/1588/974 955/1589/955 995/1590/995
vt 0.398771 0.161232
vt 0.399046 0.162366
f 998/1591/998 928/1485/928 977/1592/977
vt 0.271470 0.750760
vt 0.275549 0.746835
vt 0.275776 0.746768
f 999/1593/999 1000/1594/1000 1001/1595/1001
vt 0.268218 0.754454
vt 0.271106 0.750862
vt 0.271470 0.750763
f 978/1596/978 1002/1597/1002 999/1598/999
vt 0.292384 0.729122
vt 0.289424 0.734035
vt 0.289366 0.733654
f 981/1599/981 933/1600/933 979/1601/979
vt 0.289366 0.733659
vt 0.285434 0.738546
vt 0.285260 0.738154
f 979/1602/979 934/1603/934 1003/1604/1003
vt 0.285260 0.738159
vt 0.285434 0.738551
vt 0.280565 0.742553
f 1003/1605/1003 934/1606/934 980/1607/980
vt 0.280565 0.742542
f 1001/1595/1001 1000/1594/1000 1004/1608/1004
vt 0.294329 0.724590
vt 0.292373 0.729503
vt 0.292384 0.729119
f 982/1609/982 936/1610/936 981/1611/981
vt 0.275557 0.755176
vt 0.274704 0.753470
vt 0.274845 0.757046
f 984/1612/984 1009/1613/1009 942/1614/942
vt 0.291554 0.764565
vt 0.291110 0.764550
vt 0.292643 0.764518
f 1011/1615/1011 1012/1616/1012 1013/1617/1013
vt 0.286119 0.763597
vt 0.279411 0.762097
vt 0.285971 0.763928
f 986/1618/986 1010/1619/1010 938/1620/938
vt 0.286119 0.763584
vt 0.291110 0.764555
vt 0.291554 0.764570
f 1014/1621/1014 1012/1622/1012 1011/1623/1011
vt 0.288971 0.763005
vt 0.289417 0.763066
vt 0.292643 0.764514
f 1015/1624/1015 1016/1625/1016 1013/1626/1013
vt 0.288971 0.763004
vt 0.282981 0.760588
vt 0.289417 0.763065
f 1015/1627/1015 1017/1628/1017 1016/1629/1016
vt 0.277554 0.757835
vt 0.282981 0.760589
vt 0.282275 0.762788
f 1018/1630/1018 989/1631/989 988/1632/988
vt 0.274307 0.757126
vt 0.273780 0.755040
vt 0.277345 0.760319
f 1019/1633/1019 1020/1634/1020 990/1635/990
vt 0.274169 0.753530
f 991/1585/991 1021/1636/1021 967/1542/967
vt 0.266490 0.757805
vt 0.267733 0.754557
vt 0.268218 0.754458
f 968/1637/968 1022/1638/1022 978/1639/978
vt 0.373558 0.147287
vt 0.378389 0.148076
f 972/1553/972 1026/1640/1026 993/1641/993
vt 0.690560 0.159910
vt 0.690833 0.158791
vt 0.694404 0.158270
f 975/1642/975 976/1643/976 1028/1644/1028
vt 0.271106 0.750866
f 978/1564/978 1022/1638/1022 1002/1645/1002
vt 0.292384 0.729104
vt 0.289366 0.733637
vt 0.292868 0.729110
f 1031/1646/1031 1032/1647/1032 1033/1648/1033
vt 0.289366 0.733639
vt 0.285260 0.738134
vt 0.289731 0.733671
f 1032/1649/1032 1034/1650/1034 1035/1651/1035
vt 0.285260 0.738138
vt 0.280565 0.742531
vt 0.285422 0.738171
f 1034/1652/1034 1004/1653/1004 1036/1654/1036
vt 0.275549 0.746831
vt 0.280506 0.742573
vt 0.280565 0.742538
f 1000/1655/1000 1037/1656/1037 1004/1657/1004
vt 0.295895 0.715694
vt 0.295766 0.716074
vt 0.294329 0.724586
f 1039/1658/1039 959/1659/959 982/1660/982
vt 0.294329 0.724575
vt 0.294874 0.724554
f 1040/1661/1040 1031/1646/1031 1041/1662/1041
vt 0.295958 0.726981
vt 0.293095 0.731620
vt 0.295964 0.727359
f 1006/1663/1006 1042/1664/1042 983/1665/983
vt 0.298032 0.722368
vt 0.295958 0.726984
vt 0.297934 0.722739
f 1043/1666/1043 1006/1667/1006 960/1668/960
vt 0.272804 0.760170
vt 0.272669 0.760519
vt 0.279411 0.762093
f 1046/1669/1046 985/1670/985 1010/1671/1010
vt 0.292643 0.764517
vt 0.293156 0.764560
f 1011/1615/1011 1013/1672/1013 1047/1673/1047
vt 0.279763 0.762040
vt 0.279411 0.762086
vt 0.286119 0.763587
f 1048/1674/1048 1049/1675/1049 1014/1676/1014
vt 0.286469 0.763568
vt 0.291554 0.764569
f 1050/1677/1050 1014/1621/1014 1011/1678/1011
vt 0.292643 0.764511
vt 0.289417 0.763063
vt 0.293156 0.764553
f 1013/1679/1013 1016/1680/1016 1047/1681/1047
vt 0.283358 0.760639
f 1017/1631/1017 1051/1682/1051 1016/1625/1016
vt 0.277554 0.757833
vt 0.283358 0.760638
f 1017/1628/1017 1052/1683/1052 1051/1684/1051
vt 0.274169 0.753537
vt 0.273869 0.753267
vt 0.274307 0.757116
f 1054/1685/1054 1053/1686/1053 1019/1687/1019
vt 0.274169 0.753529
vt 0.276741 0.749554
f 1021/1688/1021 991/1585/991 1055/1689/1055
vt 0.266490 0.757801
vt 0.266215 0.757515
vt 0.267733 0.754553
f 968/1690/968 1023/1691/1023 1056/1692/1056
vt 0.272804 0.760168
vt 0.268114 0.757928
vt 0.272669 0.760518
f 1046/1693/1046 1024/1694/1024 985/1695/985
vt 0.720223 0.151676
vt 0.723049 0.153368
vt 0.722743 0.152273
f 995/1696/995 994/1697/994 1058/1698/1058
vt 0.394023 0.161576
vt 0.398771 0.161233
vt 0.394282 0.162707
f 1061/1699/1061 998/1700/998 997/1701/997
vt 0.275278 0.746571
vt 0.280506 0.742590
vt 0.275549 0.746849
f 1030/1702/1030 1066/1703/1066 1000/1704/1000
vt 0.267006 0.753354
vt 0.271106 0.750863
f 1068/1705/1068 1002/1706/1002 1056/1692/1056
vt 0.294874 0.724555
f 1031/1646/1031 1033/1648/1033 1041/1707/1041
vt 0.289366 0.733638
vt 0.292868 0.729112
f 1032/1708/1032 1035/1651/1035 1033/1709/1033
vt 0.289731 0.733676
f 1034/1652/1034 1036/1654/1036 1035/1710/1035
vt 0.285422 0.738178
f 1004/1657/1004 1037/1656/1037 1036/1711/1036
vt 0.297213 0.711397
f 1038/1712/1038 959/1659/959 1039/1658/1039
vt 0.297766 0.711402
vt 0.295895 0.715681
vt 0.296475 0.715676
f 1070/1713/1070 1071/1714/1071 1072/1715/1072
vt 0.294329 0.724574
f 1040/1716/1040 1072/1715/1072 1071/1714/1071
vt 0.296475 0.715677
f 1040/1661/1040 1041/1662/1041 1072/1717/1072
vt 0.293958 0.733142
vt 0.293095 0.731619
vt 0.289162 0.736269
f 1005/1718/1005 1042/1719/1042 1073/1720/1073
vt 0.293450 0.731642
vt 0.293095 0.731635
vt 0.295958 0.726996
f 1074/1721/1074 1075/1722/1075 1076/1723/1076
vt 0.295958 0.727001
vt 0.298032 0.722386
vt 0.298578 0.722409
f 1076/1724/1076 1077/1725/1077 1078/1726/1078
vt 0.298032 0.722369
vt 0.297934 0.722740
vt 0.301090 0.713201
f 1043/1727/1043 960/1728/960 1044/1729/1044
vt 0.277788 0.751227
vt 0.276741 0.749564
vt 0.274704 0.753468
f 1008/1730/1008 1080/1731/1080 1009/1732/1009
vt 0.273218 0.760099
vt 0.272804 0.760166
vt 0.279411 0.762090
f 1081/1733/1081 1082/1734/1082 1049/1735/1049
vt 0.273218 0.760096
vt 0.279411 0.762087
vt 0.279763 0.762041
f 1081/1736/1081 1049/1737/1049 1048/1738/1048
vt 0.279763 0.762039
vt 0.286119 0.763586
vt 0.286469 0.763569
f 1048/1739/1048 1014/1740/1014 1050/1741/1050
vt 0.277554 0.757829
vt 0.278003 0.757818
vt 0.283358 0.760634
f 1052/1742/1052 1083/1743/1083 1051/1744/1051
vt 0.274169 0.753536
vt 0.276315 0.749613
vt 0.273869 0.753266
f 1054/1745/1054 1085/1746/1085 1053/1747/1053
vt 0.276315 0.749609
vt 0.274169 0.753532
vt 0.276741 0.749557
f 1086/1748/1086 1021/1749/1021 1055/1750/1055
vt 0.268114 0.757915
vt 0.265909 0.755251
vt 0.266215 0.757505
f 1024/1751/1024 1087/1752/1087 1023/1753/1023
vt 0.268615 0.757857
f 1088/1754/1088 1089/1694/1089 1082/1693/1082
vt 0.368209 0.147594
vt 0.362740 0.147869
vt 0.368228 0.148720
f 1057/1755/1057 1090/1756/1090 1025/1757/1025
vt 0.368209 0.147595
vt 0.373479 0.148405
f 1026/1640/1026 1057/1758/1057 992/1759/992
vt 0.694404 0.158271
vt 0.698760 0.157821
vt 0.694240 0.159384
f 1028/1760/1028 1092/1761/1092 1027/1762/1027
vt 0.388970 0.161910
vt 0.394023 0.161577
vt 0.389150 0.163046
f 1093/1763/1093 1061/1764/1061 996/1765/996
vt 0.331807 0.650926
vt 0.331846 0.646312
vt 0.337063 0.648270
f 1064/1766/1064 1095/1767/1095 1029/1768/1029
vt 0.294974 0.724281
vt 0.294874 0.724567
vt 0.292868 0.729123
f 1099/1769/1099 1100/1770/1100 1101/1771/1101
vt 0.292868 0.729128
vt 0.289731 0.733687
vt 0.289360 0.732539
f 1101/1772/1101 1102/1773/1102 1103/1774/1103
vt 0.284849 0.737014
vt 0.289731 0.733690
vt 0.285422 0.738185
f 1104/1775/1104 1102/1776/1102 1105/1777/1105
vt 0.279743 0.741395
vt 0.285422 0.738187
vt 0.280506 0.742582
f 1097/1778/1097 1105/1779/1105 1066/1780/1066
vt 0.299461 0.707153
vt 0.299811 0.708567
vt 0.297213 0.711401
f 1106/1781/1106 1069/1782/1069 1038/1783/1038
vt 0.297213 0.711384
vt 0.297766 0.711403
f 1107/1784/1107 1071/1714/1071 1070/1785/1070
vt 0.297766 0.711417
vt 0.296475 0.715691
vt 0.296237 0.713777
f 1108/1786/1108 1109/1787/1109 1110/1788/1110
vt 0.296475 0.715689
vt 0.294874 0.724566
vt 0.294974 0.724280
f 1109/1789/1109 1100/1790/1100 1099/1791/1099
vt 0.289391 0.736321
vt 0.289162 0.736282
vt 0.293095 0.731632
f 1111/1792/1111 1151/1793/1151 1075/1794/1075
vt 0.289391 0.736324
f 1111/1795/1111 1075/1722/1075 1074/1721/1074
vt 0.293450 0.731646
vt 0.295958 0.727000
vt 0.296424 0.727009
f 1074/1796/1074 1076/1797/1076 1112/1798/1112
vt 0.298578 0.722407
f 1112/1798/1112 1076/1797/1076 1078/1799/1078
vt 0.301090 0.713218
f 1078/1726/1078 1077/1725/1077 1113/1800/1113
vt 0.302920 0.708558
vt 0.302805 0.708905
f 1114/1801/1114 1044/1729/1044 1045/1802/1045
vt 0.289162 0.736265
vt 0.284719 0.740857
vt 0.285000 0.741217
f 1073/1803/1073 1115/1804/1115 1007/1805/1007
vt 0.285000 0.741214
vt 0.284719 0.740853
vt 0.280329 0.745319
f 1007/1806/1007 1115/1807/1115 1079/1808/1079
vt 0.280329 0.745332
vt 0.276741 0.749569
vt 0.277788 0.751231
f 1079/1809/1079 1080/1810/1080 1008/1811/1008
vt 0.268615 0.757854
f 1088/1812/1088 1082/1734/1082 1081/1733/1081
vt 0.277554 0.757828
vt 0.273937 0.754699
f 1052/1813/1052 1116/1814/1116 1083/1743/1083
vt 0.273780 0.755034
vt 0.273937 0.754707
vt 0.277554 0.757836
f 1020/1815/1020 1117/1816/1117 1018/1817/1018
vt 0.273869 0.753274
vt 0.275178 0.747291
vt 0.273375 0.751172
f 1053/1818/1053 1118/1819/1118 1084/1820/1084
vt 0.273375 0.751167
f 1020/1815/1020 1084/1821/1084 1117/1816/1117
vt 0.276315 0.749608
vt 0.276741 0.749556
f 1086/1822/1086 1055/1823/1055 1120/1808/1120
vt 0.266452 0.755192
vt 0.265909 0.755265
vt 0.268114 0.757930
f 1121/1824/1121 1122/1825/1122 1089/1826/1089
vt 0.266452 0.755191
vt 0.268114 0.757929
f 1121/1827/1121 1089/1828/1089 1088/1754/1088
vt 0.722743 0.152277
vt 0.724447 0.153996
vt 0.724071 0.152901
f 1058/1829/1058 1059/1830/1059 1124/1831/1124
vt 0.698760 0.157824
vt 0.703741 0.157351
vt 0.698859 0.158937
f 1092/1832/1092 1126/1833/1126 1060/1834/1060
vt 0.383645 0.162184
vt 0.383715 0.163326
f 1127/1835/1127 1093/1763/1093 1062/1836/1062
vt 0.331846 0.646315
vt 0.329527 0.644762
vt 0.336152 0.643382
f 1095/1837/1095 1128/1838/1128 1063/1839/1063
vt 0.330760 0.645679
vt 0.331846 0.646323
vt 0.331807 0.650937
f 1130/1840/1130 1131/1841/1131 1064/1842/1064
vt 0.269805 0.748746
vt 0.269765 0.748408
vt 0.274049 0.744407
f 1067/1843/1067 1135/1844/1135 1098/1845/1098
vt 0.302933 0.702901
vt 0.299811 0.708572
vt 0.299461 0.707159
f 1137/1846/1137 1069/1847/1069 1106/1848/1106
vt 0.299461 0.707137
vt 0.297213 0.711385
vt 0.299916 0.707163
f 1138/1849/1138 1107/1850/1107 1139/1851/1139
vt 0.299916 0.707162
f 1107/1784/1107 1070/1785/1070 1139/1852/1139
vt 0.284776 0.740944
f 1141/1853/1141 1151/1793/1151 1111/1792/1111
vt 0.293400 0.731353
vt 0.289391 0.736306
vt 0.293450 0.731624
f 1142/1854/1142 1143/1855/1143 1144/1856/1144
vt 0.293400 0.731357
vt 0.293450 0.731627
vt 0.296424 0.726990
f 1142/1857/1142 1144/1858/1144 1145/1859/1145
vt 0.298242 0.720482
vt 0.296424 0.726992
vt 0.298578 0.722390
f 1146/1860/1146 1145/1861/1145 1147/1862/1147
vt 0.301090 0.713219
vt 0.301666 0.713245
f 1078/1726/1078 1113/1863/1113 1148/1864/1148
vt 0.302920 0.708575
f 1148/1864/1148 1113/1863/1113 1149/1865/1149
vt 0.302920 0.708557
vt 0.302805 0.708904
vt 0.305182 0.703904
f 1114/1866/1114 1045/1867/1045 1150/1868/1150
vt 0.284719 0.740869
vt 0.284776 0.740940
vt 0.280329 0.745335
f 1151/1869/1151 1141/1870/1141 1120/1871/1120
vt 0.273937 0.754695
vt 0.274478 0.754629
vt 0.278003 0.757814
f 1116/1872/1116 1152/1873/1152 1083/1874/1083
vt 0.273908 0.751095
vt 0.273375 0.751157
vt 0.275178 0.747276
f 1189/1875/1189 1153/1876/1153 1154/1877/1154
vt 0.273937 0.754696
f 1116/1878/1116 1153/1876/1153 1152/1873/1152
vt 0.280134 0.745387
vt 0.276014 0.749340
vt 0.276315 0.749612
f 1155/1879/1155 1119/1880/1119 1085/1881/1085
vt 0.280134 0.745390
vt 0.276315 0.749616
vt 0.280329 0.745327
f 1156/1882/1156 1086/1883/1086 1120/1884/1120
vt 0.265909 0.755252
vt 0.266756 0.752056
vt 0.267006 0.753346
f 1087/1885/1087 1134/1886/1134 1068/1887/1068
vt 0.265909 0.755266
vt 0.266452 0.755193
vt 0.267226 0.751984
f 1122/1888/1122 1121/1889/1121 1157/1890/1157
vt 0.362740 0.147868
vt 0.357328 0.148129
vt 0.362843 0.148991
f 1090/1891/1090 1158/1892/1158 1123/1893/1123
vt 0.724071 0.152905
vt 0.724447 0.154000
vt 0.724320 0.153583
f 1124/1894/1124 1059/1895/1059 1125/1896/1125
vt 0.703741 0.157357
vt 0.709191 0.156767
vt 0.704064 0.158476
f 1126/1897/1126 1161/1898/1161 1091/1899/1091
vt 0.378080 0.162352
vt 0.383645 0.162182
vt 0.378042 0.163488
f 1162/1900/1162 1127/1901/1127 1094/1902/1094
vt 0.326236 0.642114
vt 0.329527 0.644772
vt 0.331846 0.646325
f 1163/1903/1163 1128/1904/1128 1131/1905/1131
vt 0.330760 0.645680
vt 0.331807 0.650938
vt 0.331274 0.649782
f 1130/1906/1130 1064/1907/1064 1129/1908/1129
vt 0.326236 0.642112
f 1130/1840/1130 1163/1909/1163 1131/1841/1131
vt 0.279022 0.740176
vt 0.279743 0.741390
vt 0.274049 0.744416
f 1169/1910/1169 1097/1911/1097 1098/1912/1098
vt 0.266756 0.752053
vt 0.269765 0.748411
vt 0.269805 0.748749
f 1134/1913/1134 1135/1914/1135 1067/1915/1067
vt 0.269765 0.748420
vt 0.270102 0.748335
vt 0.274049 0.744419
f 1170/1916/1170 1171/1917/1171 1172/1918/1172
vt 0.302933 0.702885
vt 0.299461 0.707142
vt 0.303173 0.702875
f 1176/1919/1176 1138/1920/1138 1177/1921/1177
vt 0.299461 0.707138
vt 0.303173 0.702870
f 1138/1922/1138 1139/1851/1139 1177/1923/1177
vt 0.299916 0.707179
vt 0.297766 0.711419
vt 0.297446 0.709519
f 1178/1924/1178 1108/1925/1108 1140/1926/1140
vt 0.289391 0.736308
vt 0.287998 0.734416
vt 0.284776 0.740930
f 1143/1927/1143 1181/1928/1181 1182/1929/1182
vt 0.301824 0.712974
vt 0.298578 0.722394
vt 0.301666 0.713230
f 1184/1930/1184 1147/1931/1147 1185/1932/1185
vt 0.303484 0.708606
f 1148/1864/1148 1149/1865/1149 1186/1933/1186
vt 0.305182 0.703922
f 1186/1933/1186 1149/1865/1149 1187/1934/1187
vt 0.284776 0.740932
f 1156/1882/1156 1120/1884/1120 1141/1935/1141
f 1153/1876/1153 1189/1875/1189 1152/1873/1152
vt 0.276014 0.749351
vt 0.278658 0.743137
vt 0.275178 0.747293
f 1119/1936/1119 1190/1937/1190 1118/1938/1118
vt 0.266756 0.752067
vt 0.265909 0.755264
vt 0.267226 0.751982
f 1191/1939/1191 1122/1940/1122 1157/1941/1157
vt 0.724320 0.153587
vt 0.723852 0.155474
vt 0.723605 0.154346
f 1125/1942/1125 1159/1943/1159 1193/1944/1193
vt 0.372687 0.162459
vt 0.378080 0.162349
vt 0.378042 0.163486
f 1194/1945/1194 1162/1946/1162 1094/1947/1094
vt 0.331610 0.644828
vt 0.330760 0.645675
vt 0.331274 0.649777
f 1196/1948/1196 1197/1949/1197 1129/1950/1129
vt 0.327532 0.641214
vt 0.330760 0.645681
f 1199/1951/1199 1163/1903/1163 1197/1952/1197
vt 0.334769 0.663854
vt 0.334268 0.669496
vt 0.334737 0.668516
f 1165/1953/1165 1065/1954/1065 1164/1955/1164
vt 0.334737 0.668520
vt 0.333344 0.673947
vt 0.333238 0.672840
f 1164/1956/1164 1132/1957/1132 1201/1958/1201
vt 0.307218 0.698619
vt 0.307487 0.698975
vt 0.302933 0.702903
f 1204/1959/1204 1096/1960/1096 1137/1961/1137
vt 0.274049 0.744412
vt 0.279049 0.740151
vt 0.279022 0.740171
f 1172/1962/1172 1208/1963/1208 1207/1964/1207
vt 0.266756 0.752062
f 1170/1916/1170 1191/1965/1191 1171/1917/1171
vt 0.270102 0.748331
vt 0.275107 0.743603
f 1172/1912/1172 1171/1966/1171 1208/1967/1208
vt 0.291891 0.726844
vt 0.294035 0.722332
vt 0.292198 0.727127
f 1209/1968/1209 1173/1969/1173 1136/1970/1136
vt 0.284101 0.735816
vt 0.284849 0.737013
vt 0.279022 0.740178
f 1174/1971/1174 1104/1972/1104 1169/1973/1169
vt 0.288615 0.731366
vt 0.289360 0.732540
vt 0.284101 0.735817
f 1175/1974/1175 1103/1975/1103 1174/1976/1174
vt 0.291891 0.726846
vt 0.292198 0.727130
vt 0.288615 0.731355
f 1209/1977/1209 1136/1978/1136 1175/1979/1175
vt 0.307218 0.698602
f 1176/1919/1176 1177/1921/1177 1210/1980/1210
vt 0.303173 0.702891
vt 0.299916 0.707184
vt 0.299703 0.706109
f 1211/1981/1211 1178/1982/1178 1212/1983/1212
vt 0.297163 0.709231
vt 0.296237 0.713771
vt 0.295954 0.713498
f 1180/1984/1180 1110/1985/1110 1179/1986/1179
vt 0.299033 0.704998
vt 0.297446 0.709512
vt 0.297163 0.709232
f 1213/1987/1213 1140/1988/1140 1180/1989/1180
vt 0.301824 0.712973
vt 0.303484 0.708591
f 1184/1990/1184 1185/1932/1185 1218/1991/1218
vt 0.305719 0.703966
f 1186/1933/1186 1187/1934/1187 1219/1992/1219
vt 0.307966 0.699283
vt 0.305182 0.703902
vt 0.308252 0.700616
f 1220/1993/1220 1150/1994/1150 1188/1995/1188
vt 0.284776 0.740928
vt 0.283314 0.739030
f 1182/1996/1182 1214/1997/1214 1155/1879/1155
vt 0.275301 0.747887
vt 0.275178 0.747278
vt 0.278840 0.743068
f 1189/1998/1189 1154/1999/1154 1221/2000/1221
vt 0.275178 0.747286
vt 0.278658 0.743131
vt 0.278840 0.743075
f 1154/2001/1154 1222/2002/1222 1221/2003/1221
vt 0.270102 0.748339
f 1191/1939/1191 1157/1941/1157 1171/2004/1171
vt 0.357328 0.148127
vt 0.352149 0.148392
vt 0.357497 0.149247
f 1158/2005/1158 1225/2006/1225 1192/2007/1192
vt 0.709191 0.156777
vt 0.714396 0.156168
vt 0.709501 0.157911
f 1161/2008/1161 1227/2009/1227 1160/2010/1160
vt 0.331610 0.644826
vt 0.331274 0.649776
vt 0.332320 0.648977
f 1196/2011/1196 1129/2012/1129 1198/2013/1198
vt 0.334769 0.663848
vt 0.334737 0.668509
vt 0.335282 0.663975
f 1229/2014/1229 1230/2015/1230 1231/2016/1231
vt 0.332019 0.674447
vt 0.333752 0.672870
vt 0.334737 0.668505
f 1271/2017/1271 1232/2018/1232 1230/2019/1230
vt 0.333238 0.672844
vt 0.333344 0.673951
vt 0.329997 0.677107
f 1201/2020/1201 1132/2021/1132 1202/2022/1202
vt 0.307218 0.698622
vt 0.316714 0.689960
vt 0.307487 0.698978
f 1204/2023/1204 1205/2024/1205 1096/2025/1096
vt 0.316714 0.689957
vt 0.321343 0.685645
vt 0.317004 0.690298
f 1205/2026/1205 1206/2027/1206 1168/2028/1168
vt 0.325777 0.681363
vt 0.325855 0.681652
vt 0.321343 0.685646
f 1236/2029/1236 1133/2030/1133 1206/2031/1206
vt 0.283913 0.735791
f 1207/1964/1207 1208/1963/1208 1237/2032/1237
vt 0.291891 0.726837
vt 0.293485 0.722351
vt 0.294035 0.722326
f 1238/2033/1238 1279/2034/1279 1173/2035/1173
vt 0.279022 0.740165
vt 0.283913 0.735784
vt 0.284101 0.735803
f 1207/2036/1207 1237/2037/1237 1239/2038/1239
vt 0.284101 0.735799
vt 0.288230 0.731328
vt 0.288615 0.731348
f 1239/2039/1239 1240/2040/1240 1241/2041/1241
vt 0.291891 0.726839
f 1241/2041/1241 1240/2040/1240 1238/2042/1238
vt 0.307249 0.698556
vt 0.307218 0.698610
vt 0.303173 0.702883
f 1242/2043/1242 1210/2044/1210 1177/2045/1177
vt 0.295954 0.713490
vt 0.296610 0.709200
vt 0.297163 0.709222
f 1179/2046/1179 1244/2047/1244 1245/2048/1245
vt 0.297163 0.709223
vt 0.298577 0.704965
vt 0.299033 0.704989
f 1245/2049/1245 1247/2050/1247 1248/2051/1248
vt 0.291981 0.729463
vt 0.287697 0.734149
vt 0.287998 0.734434
f 1215/2052/1215 1250/2053/1250 1181/2054/1181
vt 0.295696 0.725089
vt 0.295391 0.724812
vt 0.291981 0.729459
f 1183/2055/1183 1217/2056/1217 1215/2057/1215
vt 0.298242 0.720490
vt 0.297960 0.720207
vt 0.295391 0.724809
f 1146/2058/1146 1216/2059/1216 1217/2060/1217
vt 0.305833 0.703707
vt 0.303484 0.708589
vt 0.305719 0.703950
f 1253/2061/1253 1218/2062/1218 1254/2063/1254
vt 0.307966 0.699303
f 1219/1992/1219 1187/1934/1187 1255/2064/1255
vt 0.283076 0.738735
f 1221/2003/1221 1222/2002/1222 1257/2065/1257
vt 0.721766 0.155072
vt 0.723605 0.154351
vt 0.721862 0.156228
f 1262/2066/1262 1193/2067/1193 1226/2068/1226
vt 0.367882 0.162551
vt 0.372687 0.162457
vt 0.367715 0.163685
f 1235/2069/1235 1194/2070/1194 1167/2071/1167
vt 0.329997 0.677110
vt 0.325855 0.681650
vt 0.325777 0.681361
f 1202/2072/1202 1133/2073/1133 1236/2074/1236
vt 0.322495 0.640423
vt 0.319857 0.642322
vt 0.324217 0.643308
f 1228/2075/1228 1297/2076/1297 1195/2077/1195
vt 0.328535 0.640339
vt 0.327532 0.641212
vt 0.331610 0.644831
f 1265/2078/1265 1199/2079/1199 1196/2080/1196
vt 0.332057 0.644766
vt 0.331610 0.644822
vt 0.332320 0.648973
f 1266/2081/1266 1267/2082/1267 1198/2083/1198
vt 0.332405 0.653358
vt 0.331967 0.653512
vt 0.334769 0.663845
f 1268/2084/1268 1200/2085/1200 1165/2086/1165
vt 0.332866 0.653511
vt 0.335282 0.663974
f 1269/2087/1269 1229/2014/1229 1231/2088/1231
vt 0.334737 0.668506
vt 0.333752 0.672871
vt 0.335267 0.668586
f 1230/2089/1230 1232/2090/1232 1270/2091/1270
vt 0.364102 0.162580
vt 0.367882 0.162549
vt 0.363891 0.163718
f 1233/2092/1233 1235/2093/1235 1203/2094/1203
vt 0.361489 0.163633
vt 0.361385 0.162479
vt 0.364102 0.162579
f 1166/2095/1166 1338/2096/1338 1233/2097/1233
vt 0.316714 0.689948
f 1210/2044/1210 1242/2043/1242 1274/2098/1274
vt 0.316714 0.689950
vt 0.316698 0.689892
vt 0.321343 0.685638
f 1274/2099/1274 1275/2100/1275 1276/2101/1276
vt 0.325777 0.681342
vt 0.321343 0.685626
vt 0.326111 0.681388
f 1277/2102/1277 1276/2103/1276 1278/2104/1278
vt 0.295375 0.713491
f 1173/2035/1173 1279/2034/1279 1246/2105/1246
vt 0.288230 0.731332
f 1239/2038/1239 1237/2037/1237 1240/2106/1240
vt 0.288230 0.731326
vt 0.291771 0.726053
f 1240/2107/1240 1279/2108/1279 1238/2033/1238
vt 0.307040 0.698280
vt 0.307249 0.698566
vt 0.303173 0.702894
f 1280/2109/1280 1281/2110/1281 1211/2111/1211
vt 0.298577 0.704964
f 1245/2048/1245 1244/2047/1244 1247/2112/1247
vt 0.295954 0.713489
vt 0.295375 0.713490
f 1179/2113/1179 1246/2114/1246 1244/2047/1244
vt 0.299033 0.704990
vt 0.301824 0.700715
f 1248/2115/1248 1247/2050/1247 1282/2116/1282
vt 0.283314 0.739043
vt 0.283076 0.738744
vt 0.278658 0.743140
f 1214/2117/1214 1249/2118/1249 1190/2119/1190
vt 0.287998 0.734430
vt 0.287697 0.734145
vt 0.283076 0.738748
f 1181/2120/1181 1250/2121/1250 1249/2122/1249
vt 0.287457 0.734112
f 1283/2123/1283 1284/2121/1284 1285/2057/1285
vt 0.294923 0.724810
vt 0.291981 0.729465
vt 0.295391 0.724818
f 1286/2124/1286 1285/2125/1285 1287/2126/1287
vt 0.297960 0.720215
f 1286/2124/1286 1287/2126/1287 1288/2127/1288
vt 0.297960 0.720203
vt 0.301471 0.711376
vt 0.302919 0.706493
f 1216/2128/1216 1251/2129/1251 1289/2130/1289
vt 0.305833 0.703706
vt 0.305719 0.703949
vt 0.308458 0.699358
f 1253/2131/1253 1254/2132/1254 1290/2133/1290
vt 0.307966 0.699302
vt 0.308458 0.699374
f 1219/1992/1219 1255/2134/1255 1291/2135/1291
vt 0.311316 0.694715
vt 0.307966 0.699281
vt 0.311754 0.696023
f 1292/2136/1292 1220/2137/1220 1256/2138/1256
vt 0.283076 0.738743
vt 0.283006 0.738680
vt 0.278840 0.743083
f 1257/2139/1257 1293/2140/1293 1221/2141/1221
vt 0.316817 0.644445
vt 0.313870 0.646246
vt 0.321556 0.644205
f 1297/2142/1297 1223/2143/1223 1260/2144/1260
vt 0.313870 0.646231
vt 0.317791 0.643763
vt 0.315633 0.648212
f 1223/2145/1223 1302/2146/1302 1261/2147/1261
vt 0.714396 0.156175
vt 0.718642 0.155647
vt 0.714586 0.157326
f 1227/2148/1227 1300/2149/1300 1264/2150/1264
vt 0.329997 0.677089
vt 0.325777 0.681340
vt 0.330450 0.677137
f 1271/2151/1271 1277/2152/1277 1301/2153/1301
vt 0.328535 0.640331
vt 0.331610 0.644823
f 1266/2081/1266 1265/2154/1265 1267/2155/1267
vt 0.332057 0.644768
vt 0.332320 0.648976
vt 0.332821 0.649050
f 1266/2156/1266 1198/2157/1198 1303/2158/1303
vt 0.328535 0.640350
vt 0.325363 0.638266
vt 0.322495 0.640417
f 1265/2159/1265 1333/2160/1333 1228/2161/1228
vt 0.332866 0.653514
vt 0.332405 0.653364
vt 0.334769 0.663850
f 1269/2162/1269 1268/2163/1268 1229/2164/1229
vt 0.335647 0.663824
vt 0.332866 0.653510
vt 0.335282 0.663973
f 1304/2165/1304 1305/2166/1305 1231/2167/1231
vt 0.335267 0.668600
vt 0.333752 0.672885
vt 0.333691 0.671964
f 1270/2168/1270 1306/2169/1306 1307/2170/1307
f 1271/2151/1271 1301/2153/1301 1232/2090/1232
vt 0.307249 0.698557
f 1274/2099/1274 1242/2171/1242 1275/2100/1275
vt 0.321343 0.685632
vt 0.316698 0.689886
vt 0.321489 0.685628
f 1276/2172/1276 1275/2173/1275 1309/2174/1309
vt 0.330450 0.677139
f 1277/2102/1277 1278/2104/1278 1301/2175/1301
vt 0.326111 0.681394
f 1276/2172/1276 1309/2174/1309 1278/2176/1278
vt 0.307040 0.698283
vt 0.316698 0.689904
vt 0.307249 0.698569
f 1280/2177/1280 1310/2178/1310 1281/2179/1281
vt 0.301824 0.700725
vt 0.302620 0.701796
vt 0.299033 0.704999
f 1312/2180/1312 1243/2181/1243 1213/2182/1213
vt 0.298577 0.704970
vt 0.301577 0.700735
vt 0.301824 0.700720
f 1247/2183/1247 1313/2184/1313 1282/2185/1282
vt 0.287697 0.734141
f 1293/2140/1293 1257/2139/1257 1284/2186/1284
vt 0.283006 0.738684
f 1283/2123/1283 1293/2187/1293 1284/2121/1284
vt 0.294923 0.724806
vt 0.291620 0.729459
vt 0.291981 0.729461
f 1286/2188/1286 1314/2189/1314 1285/2190/1285
vt 0.287457 0.734115
f 1283/2191/1283 1285/2190/1285 1314/2189/1314
vt 0.297415 0.720192
vt 0.294923 0.724811
vt 0.297960 0.720217
f 1315/2192/1315 1286/2193/1286 1288/2194/1288
vt 0.299145 0.715637
vt 0.302919 0.706508
f 1316/2195/1316 1288/2194/1288 1317/2196/1317
vt 0.308458 0.699375
vt 0.311316 0.694736
f 1291/2197/1291 1255/2134/1255 1320/2198/1320
vt 0.315280 0.690216
vt 0.311316 0.694712
vt 0.311754 0.696019
f 1322/2199/1322 1292/2200/1292 1256/2201/1256
vt 0.328976 0.658757
vt 0.327178 0.653369
vt 0.329072 0.658492
f 1259/2202/1259 1295/2203/1295 1327/2204/1327
vt 0.352149 0.148391
vt 0.342250 0.148880
vt 0.347384 0.149773
f 1225/2205/1225 1299/2206/1299 1224/2207/1224
vt 0.721766 0.155077
vt 0.718740 0.156804
vt 0.718642 0.155643
f 1262/2208/1262 1263/2209/1263 1300/2210/1300
vt 0.333191 0.648881
vt 0.332821 0.649047
f 1330/2211/1330 1266/2081/1266 1331/2212/1331
vt 0.332821 0.649052
f 1269/2162/1269 1303/2213/1303 1268/2163/1268
vt 0.322495 0.640401
vt 0.325432 0.638400
vt 0.324639 0.641926
f 1302/2214/1302 1332/2215/1332 1328/2216/1328
vt 0.333752 0.672889
vt 0.330450 0.677155
vt 0.330105 0.676194
f 1306/2217/1306 1337/2218/1337 1336/2219/1336
vt 0.356863 0.163054
vt 0.357226 0.161929
vt 0.358632 0.162072
f 1234/2220/1234 1308/2221/1308 1339/2222/1339
vt 0.354853 0.162904
vt 0.355178 0.161778
f 1273/2223/1273 1340/2224/1340 1308/2221/1308
vt 0.315760 0.688839
vt 0.321489 0.685636
vt 0.316698 0.689893
f 1342/2225/1342 1343/2226/1343 1310/2227/1310
vt 0.330450 0.677158
vt 0.326111 0.681407
vt 0.325578 0.680427
f 1337/2228/1337 1344/2229/1344 1345/2230/1345
vt 0.320729 0.684623
vt 0.326111 0.681405
vt 0.321489 0.685639
f 1346/2231/1346 1344/2232/1344 1343/2233/1343
vt 0.305440 0.696480
f 1282/2185/1282 1313/2184/1313 1347/2234/1347
f 1315/2192/1315 1288/2194/1288 1316/2195/1316
vt 0.302357 0.706474
f 1348/2235/1348 1316/2195/1316 1317/2196/1317
vt 0.305022 0.701876
vt 0.302919 0.706497
vt 0.303200 0.706772
f 1318/2236/1318 1289/2237/1289 1252/2238/1252
vt 0.308458 0.699373
vt 0.311316 0.694734
vt 0.311684 0.694812
f 1291/2239/1291 1320/2240/1320 1350/2241/1350
vt 0.315378 0.690253
vt 0.311316 0.694725
vt 0.315280 0.690230
f 1351/2242/1351 1320/2243/1320 1352/2244/1352
vt 0.330338 0.663784
vt 0.330406 0.663500
vt 0.330839 0.668357
f 1258/2245/1258 1326/2246/1326 1325/2247/1325
vt 0.328976 0.658756
vt 0.329072 0.658491
f 1259/2248/1259 1327/2249/1327 1326/2246/1326
vt 0.325328 0.648183
vt 0.325455 0.647920
vt 0.327178 0.653368
f 1296/2250/1296 1355/2251/1355 1295/2252/1295
vt 0.327178 0.653363
vt 0.326721 0.653282
vt 0.329072 0.658485
f 1356/2253/1356 1357/2254/1357 1358/2255/1358
vt 0.324639 0.641933
vt 0.325455 0.647919
f 1296/2250/1296 1328/2256/1328 1355/2257/1355
vt 0.342250 0.148879
vt 0.323297 0.149852
vt 0.337757 0.150222
f 1299/2258/1299 1359/2259/1359 1298/2260/1298
vt 0.333191 0.648880
vt 0.332866 0.653509
f 1330/2261/1330 1331/2212/1331 1305/2262/1305
vt 0.325432 0.638407
vt 0.325240 0.638071
vt 0.324276 0.641673
f 1361/2263/1361 1363/2264/1363 1362/2265/1362
vt 0.360053 0.163488
f 1339/2222/1339 1338/2096/1338 1272/2266/1272
vt 0.305478 0.696423
vt 0.306380 0.697458
vt 0.301824 0.700721
f 1368/2267/1368 1311/2268/1311 1312/2269/1312
vt 0.305440 0.696488
vt 0.305478 0.696429
vt 0.301824 0.700728
f 1347/2270/1347 1368/2271/1368 1282/2272/1282
vt 0.305022 0.701886
f 1348/2235/1348 1317/2196/1317 1369/2273/1369
vt 0.307932 0.697564
vt 0.307645 0.697276
f 1319/2274/1319 1370/2275/1370 1318/2236/1318
vt 0.311385 0.693769
vt 0.308458 0.699353
vt 0.311684 0.694793
f 1349/2276/1349 1290/2277/1290 1372/2278/1372
vt 0.315378 0.690262
vt 0.311684 0.694811
f 1351/2279/1351 1350/2280/1350 1320/2240/1320
vt 0.319614 0.685854
vt 0.315280 0.690220
vt 0.316006 0.691561
f 1353/2281/1353 1322/2282/1322 1321/2283/1321
vt 0.319614 0.685864
f 1373/2284/1373 1351/2242/1351 1352/2244/1352
vt 0.325115 0.683066
vt 0.324079 0.681687
vt 0.319614 0.685865
f 1294/2285/1294 1354/2286/1354 1353/2287/1353
vt 0.328627 0.678810
vt 0.327832 0.677481
f 1324/2288/1324 1375/2289/1375 1354/2286/1354
vt 0.330197 0.674251
vt 0.330839 0.668359
vt 0.330034 0.673026
f 1323/2290/1323 1325/2291/1325 1374/2292/1374
vt 0.330406 0.663492
vt 0.330323 0.668235
vt 0.330839 0.668349
f 1376/2293/1376 1377/2294/1377 1378/2295/1378
vt 0.329905 0.663390
vt 0.330406 0.663494
f 1358/2255/1358 1379/2296/1379 1376/2297/1376
vt 0.325455 0.647915
f 1356/2253/1356 1380/2298/1380 1357/2254/1357
vt 0.328602 0.658405
f 1358/2255/1358 1357/2254/1357 1381/2299/1381
vt 0.324639 0.641929
vt 0.325025 0.647783
f 1380/2298/1380 1361/2300/1361 1382/2301/1382
vt 0.326555 0.637433
vt 0.325240 0.638073
vt 0.329768 0.639420
f 1383/2302/1383 1333/2303/1333 1329/2304/1329
vt 0.324639 0.641930
vt 0.324276 0.641670
vt 0.325025 0.647784
f 1361/2305/1361 1362/2306/1362 1382/2307/1382
vt 0.329318 0.675177
vt 0.330105 0.676195
vt 0.324723 0.679391
f 1366/2308/1366 1336/2309/1336 1391/2310/1391
vt 0.333123 0.670992
vt 0.333691 0.671968
vt 0.329318 0.675175
f 1367/2311/1367 1307/2312/1307 1366/2313/1366
vt 0.335639 0.666868
vt 0.335716 0.667781
vt 0.333123 0.670989
f 1390/2314/1390 1335/2315/1335 1367/2316/1367
vt 0.352020 0.162724
vt 0.352338 0.161606
f 1341/2317/1341 1392/2318/1392 1340/2224/1340
vt 0.314843 0.687831
vt 0.315760 0.688832
vt 0.306380 0.697460
f 1393/2319/1393 1342/2320/1342 1311/2321/1311
vt 0.315065 0.688070
vt 0.320729 0.684614
vt 0.315760 0.688833
f 1394/2322/1394 1346/2323/1346 1342/2324/1342
vt 0.309994 0.692193
f 1368/2271/1368 1347/2270/1347 1423/2325/1423
vt 0.304487 0.701839
f 1396/2326/1396 1348/2235/1348 1369/2273/1369
vt 0.307645 0.697286
f 1396/2326/1396 1369/2273/1369 1397/2327/1397
vt 0.310714 0.692681
vt 0.307645 0.697275
vt 0.307932 0.697563
f 1371/2328/1371 1370/2329/1370 1319/2330/1319
vt 0.314153 0.688073
vt 0.310714 0.692674
vt 0.311385 0.693772
f 1398/2331/1398 1371/2332/1371 1349/2333/1349
vt 0.315378 0.690246
vt 0.314818 0.689169
vt 0.311684 0.694794
f 1400/2334/1400 1399/2335/1399 1372/2336/1372
vt 0.319434 0.685820
vt 0.315378 0.690243
vt 0.319614 0.685853
f 1401/2337/1401 1351/2338/1351 1373/2339/1373
vt 0.328627 0.678806
vt 0.330034 0.673027
vt 0.327832 0.677477
f 1324/2340/1324 1374/2341/1374 1375/2342/1375
vt 0.324079 0.681675
f 1401/2337/1401 1373/2339/1373 1402/2343/1402
vt 0.323741 0.681633
vt 0.324079 0.681671
vt 0.327832 0.677465
f 1430/2344/1430 1402/2345/1402 1403/2346/1403
vt 0.330839 0.668346
vt 0.329547 0.672935
vt 0.330034 0.673013
f 1378/2347/1378 1404/2348/1404 1405/2349/1405
vt 0.330839 0.668350
vt 0.330323 0.668236
vt 0.329547 0.672940
f 1378/2350/1378 1377/2351/1377 1404/2352/1404
vt 0.329905 0.663391
vt 0.330323 0.668237
f 1376/2297/1376 1379/2353/1379 1377/2354/1377
f 1358/2255/1358 1381/2299/1381 1379/2353/1379
f 1380/2298/1380 1382/2301/1382 1357/2254/1357
vt 0.328602 0.658412
vt 0.326721 0.653288
vt 0.328653 0.658184
f 1406/2355/1406 1407/2356/1407 1408/2357/1408
vt 0.333276 0.643293
vt 0.332899 0.644015
vt 0.334280 0.647506
f 1384/2358/1384 1360/2359/1360 1385/2360/1385
vt 0.330628 0.638879
vt 0.329768 0.639415
vt 0.333276 0.643290
f 1410/2361/1410 1329/2362/1329 1384/2363/1384
vt 0.324276 0.641665
vt 0.325408 0.640953
vt 0.325025 0.647779
f 1386/2364/1386 1411/2365/1411 1412/2366/1412
vt 0.325408 0.640954
vt 0.324276 0.641666
vt 0.326555 0.637424
f 1411/2367/1411 1386/2368/1386 1387/2369/1387
vt 0.336662 0.662401
vt 0.336228 0.663261
vt 0.335639 0.666862
f 1388/2370/1388 1364/2371/1364 1390/2372/1390
vt 0.335988 0.657197
vt 0.335929 0.657451
vt 0.336662 0.662402
f 1413/2373/1413 1334/2374/1334 1388/2375/1388
vt 0.334730 0.652233
vt 0.334799 0.651986
f 1385/2360/1385 1365/2376/1365 1389/2377/1389
f 1389/2377/1389 1334/2374/1334 1413/2373/1413
vt 0.324723 0.679372
vt 0.328887 0.675090
vt 0.329318 0.675157
f 1414/2378/1414 1415/2379/1415 1416/2380/1416
vt 0.329318 0.675156
vt 0.332624 0.670906
vt 0.333123 0.670973
f 1416/2381/1416 1417/2382/1417 1418/2383/1418
vt 0.335117 0.666747
vt 0.335639 0.666852
f 1418/2383/1418 1419/2384/1419 1420/2385/1420
vt 0.324723 0.679392
vt 0.325578 0.680426
vt 0.319835 0.683605
f 1391/2386/1391 1345/2387/1345 1395/2388/1395
vt 0.307152 0.697213
vt 0.307645 0.697285
f 1424/2389/1424 1396/2326/1396 1397/2390/1397
vt 0.310714 0.692692
f 1424/2389/1424 1397/2390/1397 1425/2391/1425
vt 0.310341 0.692615
vt 0.310714 0.692689
vt 0.314153 0.688089
f 1426/2392/1426 1425/2393/1425 1427/2394/1427
vt 0.319434 0.685830
vt 0.318639 0.684703
vt 0.315378 0.690252
f 1429/2395/1429 1428/2396/1428 1400/2397/1400
vt 0.327832 0.677463
f 1405/2349/1405 1404/2348/1404 1403/2398/1403
vt 0.319434 0.685816
f 1430/2344/1430 1401/2399/1401 1402/2345/1402
vt 0.330323 0.668242
vt 0.330675 0.667312
vt 0.329547 0.672946
f 1431/2400/1431 1432/2401/1432 1433/2402/1433
vt 0.329905 0.663397
vt 0.329928 0.663155
vt 0.330323 0.668243
f 1434/2403/1434 1435/2404/1435 1431/2405/1431
vt 0.328602 0.658411
f 1434/2403/1434 1406/2406/1406 1435/2404/1435
vt 0.325025 0.647785
vt 0.325860 0.646977
vt 0.326721 0.653284
f 1412/2407/1412 1436/2408/1436 1407/2409/1407
vt 0.323297 0.149853
vt 0.313369 0.150497
vt 0.318776 0.151238
f 1359/2410/1359 1438/2411/1438 1409/2412/1409
vt 0.327944 0.637015
vt 0.326555 0.637431
vt 0.330628 0.638881
f 1439/2413/1439 1383/2414/1383 1410/2415/1410
vt 0.332792 0.643309
vt 0.333276 0.643285
vt 0.334280 0.647498
f 1466/2416/1466 1440/2417/1440 1441/2418/1441
vt 0.330334 0.638978
vt 0.330628 0.638875
vt 0.333276 0.643287
f 1464/2419/1464 1442/2420/1442 1440/2421/1440
vt 0.325408 0.640951
vt 0.325592 0.637839
vt 0.327944 0.637006
f 1411/2422/1411 1387/2423/1387 1443/2424/1443
vt 0.336662 0.662390
f 1420/2385/1420 1419/2384/1419 1444/2425/1444
vt 0.335510 0.657021
vt 0.335988 0.657191
vt 0.336662 0.662396
f 1468/2426/1468 1445/2427/1445 1444/2428/1444
vt 0.334280 0.647502
vt 0.334799 0.651981
vt 0.334339 0.651832
f 1441/2429/1441 1446/2430/1446 1447/2431/1447
vt 0.334799 0.651980
f 1447/2431/1447 1446/2432/1446 1445/2427/1445
vt 0.332624 0.670907
f 1416/2380/1416 1415/2379/1415 1417/2433/1417
vt 0.324723 0.679374
vt 0.324413 0.679311
vt 0.328887 0.675092
f 1414/2434/1414 1448/2435/1448 1415/2436/1415
f 1418/2383/1418 1417/2382/1417 1419/2384/1419
vt 0.319835 0.683593
vt 0.319711 0.683582
vt 0.324723 0.679380
f 1395/2437/1395 1449/2438/1449 1414/2439/1414
vt 0.348636 0.161415
vt 0.352338 0.161607
vt 0.348336 0.162526
f 1450/2440/1450 1392/2441/1392 1421/2442/1421
vt 0.314843 0.687824
vt 0.319835 0.683586
vt 0.315065 0.688062
f 1393/2443/1393 1395/2444/1395 1394/2445/1394
vt 0.310341 0.692616
vt 0.307152 0.697211
vt 0.310714 0.692690
f 1426/2446/1426 1424/2447/1424 1425/2448/1425
vt 0.310341 0.692606
vt 0.314153 0.688080
vt 0.314042 0.688063
f 1426/2449/1426 1427/2450/1427 1451/2451/1451
vt 0.318019 0.683615
vt 0.314818 0.689177
f 1452/2452/1452 1398/2450/1398 1399/2453/1399
vt 0.327409 0.677426
f 1430/2454/1430 1403/2398/1403 1404/2348/1404
vt 0.323741 0.681647
vt 0.322890 0.680516
vt 0.319434 0.685831
f 1454/2455/1454 1453/2456/1453 1429/2457/1429
vt 0.327409 0.677442
vt 0.326745 0.676349
vt 0.323741 0.681648
f 1455/2458/1455 1456/2459/1456 1454/2460/1454
vt 0.327918 0.637160
vt 0.327944 0.637011
vt 0.330628 0.638877
f 1464/2461/1464 1465/2462/1465 1442/2463/1442
vt 0.330334 0.638976
f 1466/2416/1466 1464/2464/1464 1440/2417/1440
vt 0.335117 0.666751
vt 0.336056 0.661177
vt 0.336662 0.662394
f 1419/2465/1419 1468/2466/1468 1444/2467/1444
vt 0.334339 0.651831
f 1468/2426/1468 1447/2468/1447 1445/2427/1445
vt 0.333510 0.646216
vt 0.334280 0.647499
vt 0.334339 0.651830
f 1466/2469/1466 1441/2470/1441 1447/2471/1447
vt 0.319711 0.683577
f 1449/2472/1449 1448/2435/1448 1414/2434/1414
vt 0.309994 0.692194
vt 0.314874 0.687885
vt 0.314843 0.687837
f 1423/2473/1423 1469/2474/1469 1393/2475/1393
vt 0.318182 0.683659
f 1451/2451/1451 1427/2450/1427 1470/2476/1470
vt 0.314153 0.688069
vt 0.318019 0.683604
vt 0.318182 0.683648
f 1427/2477/1427 1471/2478/1471 1470/2479/1470
vt 0.322367 0.679435
vt 0.318019 0.683620
vt 0.318639 0.684709
f 1472/2480/1472 1452/2481/1452 1428/2482/1428
vt 0.329547 0.672952
vt 0.329382 0.671935
f 1433/2483/1433 1457/2484/1457 1455/2458/1455
vt 0.329928 0.663150
vt 0.330425 0.656830
vt 0.331592 0.661766
f 1435/2485/1435 1458/2486/1458 1473/2487/1473
vt 0.328210 0.651871
vt 0.328621 0.651711
vt 0.330425 0.656826
f 1437/2488/1437 1476/2489/1476 1458/2490/1458
vt 0.313369 0.150498
vt 0.308103 0.150879
vt 0.313695 0.151573
f 1438/2491/1438 1477/2492/1477 1459/2493/1459
vt 0.327944 0.637016
vt 0.327918 0.637165
vt 0.326942 0.640510
f 1443/2494/1443 1481/2495/1481 1467/2496/1467
vt 0.326942 0.640501
vt 0.327112 0.646288
vt 0.325860 0.646971
f 1467/2497/1467 1475/2498/1475 1436/2499/1436
vt 0.319711 0.683589
f 1393/2475/1393 1469/2474/1469 1449/2500/1449
vt 0.343999 0.161208
vt 0.348636 0.161417
vt 0.343773 0.162324
f 1482/2501/1482 1450/2502/1450 1422/2503/1422
vt 0.322367 0.679419
f 1470/2479/1470 1471/2478/1471 1483/2504/1483
vt 0.322890 0.680521
vt 0.326495 0.675304
vt 0.322367 0.679434
f 1453/2505/1453 1484/2506/1484 1472/2507/1472
vt 0.330675 0.667307
vt 0.331592 0.661765
vt 0.331542 0.666495
f 1432/2508/1432 1473/2509/1473 1474/2510/1474
vt 0.329382 0.671931
vt 0.331542 0.666502
vt 0.329699 0.670999
f 1457/2511/1457 1474/2512/1474 1486/2513/1486
vt 0.328621 0.651710
vt 0.328210 0.651870
f 1475/2498/1475 1476/2514/1476 1437/2515/1437
vt 0.331592 0.661764
vt 0.330425 0.656828
vt 0.332093 0.661875
f 1487/2516/1487 1488/2517/1488 1489/2518/1489
vt 0.330425 0.656829
vt 0.330898 0.656915
f 1489/2518/1489 1488/2519/1488 1490/2520/1490
vt 0.328621 0.651713
f 1491/2521/1491 1490/2520/1490 1488/2519/1488
vt 0.327052 0.640580
vt 0.326942 0.640500
vt 0.327918 0.637155
f 1499/2522/1499 1500/2523/1500 1501/2524/1501
vt 0.327112 0.646291
vt 0.326942 0.640504
vt 0.327515 0.646414
f 1502/2525/1502 1500/2526/1500 1503/2527/1503
vt 0.318182 0.683645
vt 0.322367 0.679415
vt 0.322686 0.679466
f 1470/2528/1470 1483/2529/1483 1504/2530/1504
vt 0.326495 0.675285
f 1504/2530/1504 1483/2529/1483 1505/2531/1505
vt 0.326745 0.676351
vt 0.329699 0.671005
vt 0.326495 0.675302
f 1456/2532/1456 1486/2533/1486 1484/2534/1484
vt 0.331542 0.666493
vt 0.331592 0.661763
vt 0.332057 0.666619
f 1509/2535/1509 1487/2536/1487 1510/2537/1510
vt 0.332057 0.666621
vt 0.329699 0.670992
f 1509/2510/1509 1510/2538/1510 1511/2539/1511
vt 0.327112 0.646292
vt 0.329084 0.651810
vt 0.328621 0.651714
f 1502/2540/1502 1512/2541/1512 1491/2542/1491
vt 0.332093 0.661876
f 1487/2509/1487 1489/2543/1489 1510/2538/1510
vt 0.330898 0.656916
f 1491/2542/1491 1512/2541/1512 1490/2544/1490
vt 0.302666 0.151279
vt 0.308407 0.151947
f 1477/2492/1477 1513/2545/1513 1492/2546/1492
vt 0.328057 0.160247
vt 0.333417 0.160629
vt 0.328081 0.161352
f 1493/2547/1493 1498/2548/1498 1478/2549/1478
vt 0.322936 0.159833
vt 0.323002 0.160942
f 1494/2550/1494 1493/2547/1493 1460/2551/1460
vt 0.317979 0.159384
vt 0.318071 0.160499
f 1495/2552/1495 1494/2550/1494 1479/2553/1479
vt 0.303164 0.157916
vt 0.317979 0.159383
vt 0.308326 0.159512
f 1496/2554/1496 1495/2555/1495 1461/2556/1461
vt 0.297942 0.157493
vt 0.303164 0.157917
vt 0.303265 0.159026
f 1514/2557/1514 1496/2558/1496 1462/2559/1462
vt 0.338801 0.160956
vt 0.343999 0.161210
vt 0.338671 0.162075
f 1497/2560/1497 1482/2561/1482 1480/2562/1480
vt 0.333417 0.160628
vt 0.338801 0.160957
vt 0.333372 0.161740
f 1498/2563/1498 1497/2564/1497 1463/2565/1463
vt 0.327515 0.646410
f 1500/2523/1500 1499/2522/1499 1503/2566/1503
f 1502/2525/1502 1503/2527/1503 1512/2541/1512
vt 0.322686 0.679464
vt 0.326495 0.675283
vt 0.326903 0.675334
f 1504/2567/1504 1505/2568/1505 1515/2569/1515
vt 0.329699 0.670986
f 1515/2569/1515 1505/2568/1505 1511/2570/1511
vt 0.332057 0.666615
vt 0.330177 0.671077
f 1511/2570/1511 1510/2571/1510 1519/2572/1519
vt 0.286187 0.152783
vt 0.281077 0.153365
vt 0.281074 0.154460
f 1516/2573/1516 1522/2574/1522 1506/2575/1506
vt 0.291591 0.152230
vt 0.291705 0.153313
f 1517/2576/1517 1516/2573/1516 1507/2577/1507
vt 0.297136 0.151722
vt 0.291591 0.152229
vt 0.297326 0.152810
f 1518/2578/1518 1517/2579/1517 1485/2580/1485
vt 0.297136 0.151721
vt 0.302922 0.152357
f 1513/2545/1513 1518/2581/1518 1508/2582/1508
vt 0.326903 0.675333
f 1511/2570/1511 1519/2572/1519 1515/2583/1515
vt 0.292517 0.157177
vt 0.297942 0.157494
vt 0.292346 0.158290
f 1523/2584/1523 1514/2585/1514 1520/2586/1520
vt 0.281077 0.153364
vt 0.276696 0.153944
vt 0.281074 0.154459
f 1522/2587/1522 1526/2588/1526 1506/2589/1506
vt 0.276631 0.155054
vt 0.276696 0.153943
vt 0.273479 0.154491
f 1521/2590/1521 1526/2591/1526 1527/2592/1527
vt 0.286941 0.156894
vt 0.286628 0.158018
f 1528/2593/1528 1523/2584/1523 1524/2594/1524
vt 0.273299 0.155603
vt 0.273479 0.154490
vt 0.271397 0.155024
f 1525/2595/1525 1527/2596/1527 1530/2597/1530
vt 0.281267 0.156570
vt 0.281020 0.157713
f 1532/2598/1532 1528/2593/1528 1529/2599/1529
vt 0.270281 0.156698
vt 0.270421 0.155564
f 1531/2600/1531 1530/2597/1530 1533/2601/1533
vt 0.270281 0.156697
vt 0.270421 0.155563
vt 0.270797 0.155984
f 1531/2602/1531 1533/2603/1533 1536/2604/1536
vt 0.276281 0.156296
vt 0.281267 0.156569
vt 0.276177 0.157457
f 1537/2605/1537 1532/2606/1532 1534/2607/1534
vt 0.270779 0.157139
vt 0.272770 0.156163
f 1535/2608/1535 1536/2604/1536 1539/2609/1539
vt 0.272770 0.156164
vt 0.276281 0.156293
vt 0.272754 0.157329
f 1539/2610/1539 1537/2611/1537 1538/2612/1538
# 1045 faces, 2612 coords texture

# End of File
